prefill_chunk,kv_prefill,n_decode,kv_decode,time_us
0,0,1,16,8.35233
0,0,1,32,8.45867
0,0,1,64,8.437
0,0,1,128,11.936
0,0,1,256,12.2347
0,0,1,512,12.6507
0,0,1,768,13.3013
0,0,1,1024,14.592
0,0,1,1152,14.3893
0,0,1,1728,16.768
0,0,1,2048,18.795
0,0,1,2592,20.192
0,0,1,3888,25.8027
0,0,1,4096,27.157
0,0,1,5832,33.1093
0,0,1,8192,37.9733
0,0,1,8748,39.3707
0,0,1,13122,50.975
0,0,1,16384,62.3787
0,0,2,16,12.5653
0,0,2,32,12.704
0,0,2,64,12.8633
0,0,2,128,15.3923
0,0,2,256,15.8513
0,0,2,512,16.7577
0,0,2,768,18.4103
0,0,2,1024,20.6177
0,0,2,1152,20.8003
0,0,2,1728,24.982
0,0,2,2048,27.5193
0,0,2,2592,30.496
0,0,2,3888,37.12
0,0,2,4096,38.806
0,0,2,5832,49.2477
0,0,2,8192,62.3257
0,0,2,8748,65.6533
0,0,2,13122,88.0427
0,0,2,16384,106.677
0,0,4,16,12.8527
0,0,4,32,13.046
0,0,4,64,12.9597
0,0,4,128,15.8827
0,0,4,256,17.067
0,0,4,512,19.4673
0,0,4,768,22.848
0,0,4,1024,26.304
0,0,4,1152,27.4783
0,0,4,1728,34.3363
0,0,4,2048,37.7173
0,0,4,2592,42.8477
0,0,4,3888,56.64
0,0,4,4096,59.4563
0,0,4,5832,79.6053
0,0,4,8192,106.795
0,0,4,8748,111.659
0,0,4,13122,159.807
0,0,4,16384,194.699
0,0,8,16,13.205
0,0,8,32,13.2383
0,0,8,64,13.643
0,0,8,128,16.608
0,0,8,256,20.5443
0,0,8,512,25.206
0,0,8,768,32.1493
0,0,8,1024,36.9283
0,0,8,1152,39.2213
0,0,8,1728,51.573
0,0,8,2048,60.4047
0,0,8,2592,70.763
0,0,8,3888,102.699
0,0,8,4096,108.16
0,0,8,5832,144.736
0,0,8,8192,196.268
0,0,8,8748,208.117
0,0,8,13122,303.692
0,0,8,16384,373.653
0,0,16,16,13.1517
0,0,16,32,13.632
0,0,16,64,14.3467
0,0,16,128,20.0743
0,0,16,256,26.027
0,0,16,512,36.1707
0,0,16,768,48.2987
0,0,16,1024,60.288
0,0,16,1152,67.1577
0,0,16,1728,96.5863
0,0,16,2048,110.304
0,0,16,2592,135.521
0,0,16,3888,193.728
0,0,16,4096,205.037
0,0,16,5832,280.598
0,0,16,8192,379.735
0,0,16,8748,403.628
0,0,16,13122,589.367
0,0,16,16384,729.303
0,0,32,16,17.888
0,0,32,32,18.208
0,0,32,64,19.7977
0,0,32,128,26.1327
0,0,32,256,37.291
0,0,32,512,63.19
0,0,32,768,92.6077
0,0,32,1024,119.286
0,0,32,1152,131.009
0,0,32,1728,182.689
0,0,32,2048,212.277
0,0,32,2592,258.561
0,0,32,3888,369.355
0,0,32,4096,390.336
0,0,32,5832,537.974
0,0,32,8192,742.958
0,0,32,8748,790.284
0,0,32,13122,1157.92
0,0,32,16384,1441.75
0,0,64,16,22.8047
0,0,64,32,23.7437
0,0,64,64,26.5497
0,0,64,128,39.093
0,0,64,256,68.5337
0,0,64,512,127.446
0,0,64,768,176.544
0,0,64,1024,221.237
0,0,64,1152,243.542
0,0,64,1728,340.406
0,0,64,2048,397.729
0,0,64,2592,489.889
0,0,64,3888,711.117
0,0,64,4096,753.506
0,0,64,5832,1050.94
0,0,64,8192,1458.02
0,0,64,8748,1552.1
0,0,64,13122,2301.34
0,0,64,16384,2855.09
0,0,128,16,35.798
0,0,128,32,37.0237
0,0,128,64,44.2347
0,0,128,128,74.3043
0,0,128,256,134.774
0,0,128,512,229.077
0,0,128,768,316.855
0,0,128,1024,404.865
0,0,128,1152,449.869
0,0,128,1728,647.159
0,0,128,2048,760.119
0,0,128,2592,943.95
0,0,128,3888,1393.25
0,0,128,4096,1461.14
0,0,128,5832,2051.37
0,0,128,8192,2854.95
0,0,128,8748,3046.12
0,0,128,13122,4538.1
0,0,128,16384,5654.07
0,0,256,16,62.262
0,0,256,32,64.4903
0,0,256,64,76.2137
0,0,256,128,125.036
0,0,256,256,220.705
0,0,256,512,397.324
0,0,256,768,573.036
0,0,256,1024,754.755
0,0,256,1152,837.251
0,0,256,1728,1227.19
0,0,256,2048,1452.78
0,0,256,2592,1823.83
0,0,256,3888,2713.08
0,0,256,4096,2856.19
0,0,256,5832,4033.25
0,0,256,8192,5645.5
0,0,256,8748,6017.58
0,0,256,13122,9015.48
0,0,256,16384,11238.9
16,0,0,0,15.5307
16,0,1,16,15.872
16,0,1,32,15.8507
16,0,1,64,15.936
16,0,1,128,19.4547
16,0,1,256,24.5974
16,0,1,512,34.518
16,0,1,768,44.7146
16,0,1,1024,56.2774
16,0,1,1152,61.248
16,0,1,1728,84.4166
16,0,1,2048,100.864
16,0,1,2592,123.499
16,0,1,3888,177.751
16,0,1,4096,189.59
16,0,1,5832,262.934
16,0,1,8192,369.92
16,0,1,8748,392.278
16,0,1,13122,580.564
16,0,1,16384,727.786
16,0,2,16,15.4447
16,0,2,32,15.4867
16,0,2,64,15.488
16,0,2,128,19.414
16,0,2,256,24.7466
16,0,2,512,34.774
16,0,2,768,45.504
16,0,2,1024,56.4066
16,0,2,1152,61.3546
16,0,2,1728,84.5226
16,0,2,2048,100.843
16,0,2,2592,123.393
16,0,2,3888,177.791
16,0,2,4096,190.016
16,0,2,5832,262.998
16,0,2,8192,371.628
16,0,2,8748,391.468
16,0,2,13122,578.71
16,0,2,16384,724.46
16,0,4,16,15.6587
16,0,4,32,15.638
16,0,4,64,15.7867
16,0,4,128,19.776
16,0,4,256,25.068
16,0,4,512,35.4126
16,0,4,768,46.0374
16,0,4,1024,58.3034
16,0,4,1152,63.1234
16,0,4,1728,86.8914
16,0,4,2048,103.51
16,0,4,2592,126.891
16,0,4,3888,181.569
16,0,4,4096,194.709
16,0,4,5832,267.606
16,0,4,8192,377.942
16,0,4,8748,396.864
16,0,4,13122,589.332
16,0,4,16384,734.06
16,0,8,16,24.8114
16,0,8,32,24.448
16,0,8,64,24.8314
16,0,8,128,33.3654
16,0,8,256,44.3306
16,0,8,512,65.4506
16,0,8,768,87.4034
16,0,8,1024,110.507
16,0,8,1152,121.407
16,0,8,1728,166.657
16,0,8,2048,199.701
16,0,8,2592,243.072
16,0,8,3888,355.136
16,0,8,4096,378.112
16,0,8,5832,521.218
16,0,8,8192,745.218
16,0,8,8748,785.578
16,0,8,13122,1178.52
16,0,8,16384,1467.14
16,0,16,16,32.81
16,0,16,32,33.1526
16,0,16,64,33.5346
16,0,16,128,48.2566
16,0,16,256,64.5114
16,0,16,512,97.4286
16,0,16,768,130.495
16,0,16,1024,164.821
16,0,16,1152,180.566
16,0,16,1728,249.024
16,0,16,2048,297.536
16,0,16,2592,362.86
16,0,16,3888,528.236
16,0,16,4096,561.366
16,0,16,5832,784.726
16,0,16,8192,1124.69
16,0,16,8748,1181.85
16,0,16,13122,1764.95
16,0,16,16384,2200.9
16,0,32,16,57.7706
16,0,32,32,57.984
16,0,32,64,58.9866
16,0,32,128,88.4486
16,0,32,256,122.71
16,0,32,512,189.739
16,0,32,768,261.548
16,0,32,1024,331.328
16,0,32,1152,364.288
16,0,32,1728,489.772
16,0,32,2048,589.548
16,0,32,2592,725.996
16,0,32,3888,1070.23
16,0,32,4096,1150.17
16,0,32,5832,1669.66
16,0,32,8192,2362.68
16,0,32,8748,2489.88
16,0,32,13122,3701.18
16,0,32,16384,4616.12
16,0,64,16,104.981
16,0,64,32,105.665
16,0,64,64,108.331
16,0,64,128,165.056
16,0,64,256,231.852
16,0,64,512,362.498
16,0,64,768,489.9
16,0,64,1024,620.992
16,0,64,1152,683.736
16,0,64,1728,933.742
16,0,64,2048,1106.86
16,0,64,2592,1438.17
16,0,64,3888,2692.2
16,0,64,4096,2872.54
16,0,64,5832,4168.74
16,0,64,8192,5817.22
16,0,64,8748,6215.94
16,0,64,13122,9310.9
16,0,64,16384,11779.1
16,0,128,16,192.171
16,0,128,32,194.56
16,0,128,64,202.838
16,0,128,128,326.614
16,0,128,256,482.668
16,0,128,512,776.366
16,0,128,768,1062.43
16,0,128,1024,1343.34
16,0,128,1152,1477
16,0,128,1728,2224.78
16,0,128,2048,3082.7
16,0,128,2592,4695.36
16,0,128,3888,8174.1
16,0,128,4096,8598.72
16,0,128,5832,12211.6
16,0,128,8192,17445.5
16,0,128,8748,18324.7
16,0,128,13122,32836.4
16,0,128,16384,42122.2
16,16,0,0,16.384
16,16,1,16,16.064
16,16,1,32,16.3413
16,16,1,64,16.2987
16,16,1,128,19.4987
16,16,1,256,24.81
16,16,1,512,34.7094
16,16,1,1024,56.4694
16,16,1,2048,101.483
16,16,1,4096,190.806
16,16,1,8192,371.308
16,16,1,16384,730.97
16,16,2,16,16.0213
16,16,2,32,16.1707
16,16,2,64,16.0853
16,16,2,128,19.648
16,16,2,256,24.7686
16,16,2,512,35.0934
16,16,2,1024,56.3854
16,16,2,2048,100.928
16,16,2,4096,190.423
16,16,2,8192,371.416
16,16,2,16384,727.62
16,16,4,16,16.236
16,16,4,32,16.1073
16,16,4,64,16.3833
16,16,4,128,19.9247
16,16,4,256,25.302
16,16,4,512,36.0106
16,16,4,1024,58.688
16,16,4,2048,103.789
16,16,4,4096,194.539
16,16,4,8192,376.322
16,16,4,16384,732.334
16,16,8,16,24.556
16,16,8,32,24.9166
16,16,8,64,25.728
16,16,8,128,33.4734
16,16,8,256,44.16
16,16,8,512,65.622
16,16,8,1024,111.019
16,16,8,2048,199.275
16,16,8,4096,378.774
16,16,8,8192,746.178
16,16,8,16384,1474.25
16,16,16,16,33.494
16,16,16,32,33.6206
16,16,16,64,34.262
16,16,16,128,47.9146
16,16,16,256,64.8326
16,16,16,512,98.1974
16,16,16,1024,165.205
16,16,16,2048,297.282
16,16,16,4096,563.052
16,16,16,8192,1126.19
16,16,16,16384,2211.42
16,16,32,16,57.9414
16,16,32,32,58.1126
16,16,32,64,59.6694
16,16,32,128,88.746
16,16,32,256,122.391
16,16,32,512,190.807
16,16,32,1024,332.098
16,16,32,2048,589.208
16,16,32,4096,1148.51
16,16,32,8192,2357.26
16,16,32,16384,4617.52
16,16,64,16,105.003
16,16,64,32,105.792
16,16,64,64,108.545
16,16,64,128,164.844
16,16,64,256,233.386
16,16,64,512,364.438
16,16,64,1024,621.122
16,16,64,2048,1107.63
16,16,64,4096,2875.04
16,16,64,8192,5816.62
16,16,64,16384,11739.4
16,16,128,16,191.873
16,16,128,32,194.645
16,16,128,64,203.286
16,16,128,128,327.168
16,16,128,256,482.028
16,16,128,512,779.478
16,16,128,1024,1345.52
16,16,128,2048,3100.86
16,16,128,4096,8598.32
16,16,128,8192,17223.7
16,16,128,16384,42775.2
16,32,0,0,16.5547
16,32,1,16,16.3407
16,32,1,32,16.342
16,32,1,64,16.4913
16,32,1,128,19.6053
16,32,1,256,24.7034
16,32,1,512,34.7306
16,32,1,1024,56.2994
16,32,1,2048,101.439
16,32,1,4096,189.227
16,32,1,8192,370.176
16,32,1,16384,730.518
16,32,2,16,16.128
16,32,2,32,16.064
16,32,2,64,16.512
16,32,2,128,19.584
16,32,2,256,24.812
16,32,2,512,35.0506
16,32,2,1024,56.8334
16,32,2,2048,100.907
16,32,2,4096,189.589
16,32,2,8192,370.412
16,32,2,16384,727.872
16,32,4,16,16.0853
16,32,4,32,16.1913
16,32,4,64,16.4473
16,32,4,128,20.0966
16,32,4,256,25.4506
16,32,4,512,35.84
16,32,4,1024,58.434
16,32,4,2048,103.851
16,32,4,4096,194.496
16,32,4,8192,376.364
16,32,4,16384,737.176
16,32,8,16,24.7046
16,32,8,32,25.1946
16,32,8,64,25.5774
16,32,8,128,33.3654
16,32,8,256,43.8826
16,32,8,512,65.7066
16,32,8,1024,110.613
16,32,8,2048,199.381
16,32,8,4096,379.564
16,32,8,8192,746.284
16,32,8,16384,1473.33
16,32,16,16,33.5794
16,32,16,32,33.706
16,32,16,64,34.56
16,32,16,128,47.6794
16,32,16,256,64.4274
16,32,16,512,97.5374
16,32,16,1024,165.568
16,32,16,2048,296.428
16,32,16,4096,561.9
16,32,16,8192,1124.87
16,32,16,16384,2205.58
16,32,32,16,58.0486
16,32,32,32,58.1334
16,32,32,64,59.84
16,32,32,128,88.4486
16,32,32,256,122.581
16,32,32,512,190.72
16,32,32,1024,331.606
16,32,32,2048,589.59
16,32,32,4096,1153.35
16,32,32,8192,2358.28
16,32,32,16384,4633.24
16,32,64,16,105.216
16,32,64,32,105.749
16,32,64,64,108.458
16,32,64,128,165.079
16,32,64,256,233.602
16,32,64,512,363.286
16,32,64,1024,619.372
16,32,64,2048,1109.66
16,32,64,4096,2869.64
16,32,64,8192,5818.84
16,32,64,16384,11730.3
16,32,128,16,192.236
16,32,128,32,194.754
16,32,128,64,202.838
16,32,128,128,327.916
16,32,128,256,482.072
16,32,128,512,777.966
16,32,128,1024,1343.62
16,32,128,2048,3073.06
16,32,128,4096,8600.46
16,32,128,8192,17273.7
16,32,128,16384,42601.8
16,64,0,0,16.79
16,64,1,16,16.256
16,64,1,32,16.576
16,64,1,64,16.3207
16,64,1,128,19.6907
16,64,1,256,24.854
16,64,1,512,34.752
16,64,1,1024,56.148
16,64,1,2048,101.013
16,64,1,4096,189.76
16,64,1,8192,370.24
16,64,1,16384,731.606
16,64,2,16,16.0213
16,64,2,32,16.064
16,64,2,64,16.4693
16,64,2,128,19.52
16,64,2,256,24.8534
16,64,2,512,34.8586
16,64,2,1024,56.4486
16,64,2,2048,101.377
16,64,2,4096,190.167
16,64,2,8192,370.176
16,64,2,16384,727.02
16,64,4,16,16.2773
16,64,4,32,16.2347
16,64,4,64,16.7473
16,64,4,128,19.9893
16,64,4,256,25.494
16,64,4,512,35.904
16,64,4,1024,57.9406
16,64,4,2048,104.063
16,64,4,4096,195.115
16,64,4,8192,376.13
16,64,4,16384,737.344
16,64,8,16,25.0666
16,64,8,32,24.982
16,64,8,64,25.8766
16,64,8,128,33.28
16,64,8,256,44.416
16,64,8,512,65.7286
16,64,8,1024,110.891
16,64,8,2048,198.912
16,64,8,4096,378.624
16,64,8,8192,746.154
16,64,8,16384,1473.84
16,64,16,16,33.516
16,64,16,32,33.4934
16,64,16,64,34.9666
16,64,16,128,47.7646
16,64,16,256,64.7254
16,64,16,512,97.536
16,64,16,1024,165.503
16,64,16,2048,297.344
16,64,16,4096,561.002
16,64,16,8192,1126.87
16,64,16,16384,2210.54
16,64,32,16,57.8986
16,64,32,32,58.4954
16,64,32,64,59.99
16,64,32,128,88.49
16,64,32,256,122.71
16,64,32,512,190.912
16,64,32,1024,331.542
16,64,32,2048,589.506
16,64,32,4096,1151.81
16,64,32,8192,2359.74
16,64,32,16384,4628.2
16,64,64,16,105.302
16,64,64,32,105.685
16,64,64,64,108.459
16,64,64,128,165.398
16,64,64,256,233.344
16,64,64,512,364.224
16,64,64,1024,621.44
16,64,64,2048,1107.99
16,64,64,4096,2878.76
16,64,64,8192,5817.78
16,64,64,16384,11702.8
16,64,128,16,192.641
16,64,128,32,194.262
16,64,128,64,203.67
16,64,128,128,328.066
16,64,128,256,479.276
16,64,128,512,778.37
16,64,128,1024,1346.41
16,64,128,2048,3079.34
16,64,128,4096,8598.88
16,64,128,8192,17288
16,64,128,16384,43077
16,128,0,0,20.8014
16,128,1,16,19.562
16,128,1,32,19.7553
16,128,1,64,19.7127
16,128,1,128,20.5006
16,128,1,256,24.3626
16,128,1,512,34.3034
16,128,1,1024,55.9566
16,128,1,2048,100.545
16,128,1,4096,189.269
16,128,1,8192,369.514
16,128,1,16384,728.618
16,128,2,16,19.392
16,128,2,32,19.3707
16,128,2,64,19.542
16,128,2,128,20.3746
16,128,2,256,24.3626
16,128,2,512,34.6246
16,128,2,1024,56.298
16,128,2,2048,100.268
16,128,2,4096,189.633
16,128,2,8192,369.45
16,128,2,16384,723.522
16,128,4,16,19.392
16,128,4,32,19.6053
16,128,4,64,19.5627
16,128,4,128,20.6494
16,128,4,256,24.7886
16,128,4,512,35.542
16,128,4,1024,58.176
16,128,4,2048,103.701
16,128,4,4096,195.136
16,128,4,8192,373.718
16,128,4,16384,733.888
16,128,8,16,29.3766
16,128,8,32,29.2914
16,128,8,64,29.952
16,128,8,128,34.5174
16,128,8,256,44.48
16,128,8,512,65.1306
16,128,8,1024,110.336
16,128,8,2048,198.89
16,128,8,4096,376.768
16,128,8,8192,744.77
16,128,8,16384,1468.76
16,128,16,16,38.2506
16,128,16,32,38.464
16,128,16,64,39.4034
16,128,16,128,48.6626
16,128,16,256,63.9794
16,128,16,512,97.2174
16,128,16,1024,164.737
16,128,16,2048,296.684
16,128,16,4096,560.598
16,128,16,8192,1120.86
16,128,16,16384,2202.44
16,128,32,16,62.4854
16,128,32,32,62.656
16,128,32,64,64.4486
16,128,32,128,89.2594
16,128,32,256,121.856
16,128,32,512,189.057
16,128,32,1024,330.026
16,128,32,2048,587.776
16,128,32,4096,1146.54
16,128,32,8192,2354.76
16,128,32,16384,4616.84
16,128,64,16,105.088
16,128,64,32,105.984
16,128,64,64,108.459
16,128,64,128,166.656
16,128,64,256,234.646
16,128,64,512,366.592
16,128,64,1024,619.5
16,128,64,2048,1107.97
16,128,64,4096,2886.42
16,128,64,8192,5835.5
16,128,64,16384,11733
16,128,128,16,193.067
16,128,128,32,194.987
16,128,128,64,203.328
16,128,128,128,330.112
16,128,128,256,483.99
16,128,128,512,779.63
16,128,128,1024,1345.8
16,128,128,2048,3085.88
16,128,128,4096,8595.48
16,128,128,8192,17312.6
16,128,128,16384,43055.4
16,256,0,0,26.1334
16,256,1,16,24.9606
16,256,1,32,24.8746
16,256,1,64,25.1734
16,256,1,128,24.7674
16,256,1,256,25.622
16,256,1,512,34.5386
16,256,1,1024,56.3194
16,256,1,2048,100.928
16,256,1,4096,189.546
16,256,1,8192,370.048
16,256,1,16384,729.858
16,256,2,16,24.9386
16,256,2,32,24.7894
16,256,2,64,24.8534
16,256,2,128,24.618
16,256,2,256,25.258
16,256,2,512,34.774
16,256,2,1024,56.6194
16,256,2,2048,100.544
16,256,2,4096,189.846
16,256,2,8192,368.79
16,256,2,16384,727.278
16,256,4,16,24.832
16,256,4,32,25.044
16,256,4,64,25.0446
16,256,4,128,25.152
16,256,4,256,25.984
16,256,4,512,36.054
16,256,4,1024,58.5386
16,256,4,2048,104.065
16,256,4,4096,194.645
16,256,4,8192,378.922
16,256,4,16384,735.852
16,256,8,16,34.7526
16,256,8,32,35.0294
16,256,8,64,35.328
16,256,8,128,39.6366
16,256,8,256,45.8026
16,256,8,512,65.7506
16,256,8,1024,110.505
16,256,8,2048,199.893
16,256,8,4096,378.624
16,256,8,8192,745.58
16,256,8,16384,1473.45
16,256,16,16,43.776
16,256,16,32,43.9254
16,256,16,64,44.7786
16,256,16,128,54.5074
16,256,16,256,66.3886
16,256,16,512,98.09
16,256,16,1024,165.824
16,256,16,2048,296.79
16,256,16,4096,561.71
16,256,16,8192,1123.8
16,256,16,16384,2211
16,256,32,16,68.4806
16,256,32,32,68.4794
16,256,32,64,70.6774
16,256,32,128,94.5714
16,256,32,256,123.798
16,256,32,512,188.971
16,256,32,1024,331.948
16,256,32,2048,589.718
16,256,32,4096,1149.34
16,256,32,8192,2365.14
16,256,32,16384,4622.22
16,256,64,16,110.912
16,256,64,32,112.555
16,256,64,64,114.517
16,256,64,128,168.727
16,256,64,256,237.612
16,256,64,512,366.53
16,256,64,1024,622.85
16,256,64,2048,1112.47
16,256,64,4096,2896.4
16,256,64,8192,5818.48
16,256,64,16384,11703.6
16,256,128,16,199.062
16,256,128,32,201.238
16,256,128,64,209.088
16,256,128,128,331.328
16,256,128,256,488.384
16,256,128,512,781.678
16,256,128,1024,1345.46
16,256,128,2048,3096.82
16,256,128,4096,8609.12
16,256,128,8192,17220.4
16,256,128,16384,42924.2
16,512,0,0,35.6474
16,512,1,16,35.1786
16,512,1,32,35.1146
16,512,1,64,35.2426
16,512,1,128,34.8154
16,512,1,256,35.05
16,512,1,512,35.2646
16,512,1,768,44.8214
16,512,1,1024,56.4046
16,512,1,1152,61.46
16,512,1,1728,84.7146
16,512,1,2048,100.885
16,512,1,2592,123.669
16,512,1,3888,178.709
16,512,1,4096,189.953
16,512,1,5832,263.084
16,512,1,8192,369.43
16,512,1,8748,393.494
16,512,1,13122,581.994
16,512,1,16384,728.554
16,512,2,16,35.0926
16,512,2,32,35.1574
16,512,2,64,34.9446
16,512,2,128,34.7094
16,512,2,256,34.8374
16,512,2,512,35.37
16,512,2,768,45.6746
16,512,2,1024,56.4694
16,512,2,1152,62.25
16,512,2,1728,85.312
16,512,2,2048,101.119
16,512,2,2592,124.224
16,512,2,3888,178.731
16,512,2,4096,190.485
16,512,2,5832,262.506
16,512,2,8192,369.578
16,512,2,8748,392.298
16,512,2,13122,582.188
16,512,2,16384,727.914
16,512,4,16,35.1374
16,512,4,32,35.2426
16,512,4,64,35.3706
16,512,4,128,35.5206
16,512,4,256,35.968
16,512,4,512,36.5014
16,512,4,768,46.8486
16,512,4,1024,58.282
16,512,4,1152,64.1286
16,512,4,1728,87.8506
16,512,4,2048,104.319
16,512,4,2592,128.064
16,512,4,3888,182.593
16,512,4,4096,195.627
16,512,4,5832,270.42
16,512,4,8192,378.752
16,512,4,8748,400.406
16,512,4,13122,591.382
16,512,4,16384,735.106
16,512,8,16,45.4826
16,512,8,32,45.4606
16,512,8,64,46.038
16,512,8,128,50.4746
16,512,8,256,56.4054
16,512,8,512,66.8166
16,512,8,768,88.128
16,512,8,1024,111.745
16,512,8,1152,122.474
16,512,8,1728,167.169
16,512,8,2048,199.786
16,512,8,2592,245.504
16,512,8,3888,356.65
16,512,8,4096,379.03
16,512,8,5832,523.906
16,512,8,8192,743.64
16,512,8,8748,784.534
16,512,8,13122,1180.95
16,512,8,16384,1472.17
16,512,16,16,54.528
16,512,16,32,54.6354
16,512,16,64,55.6806
16,512,16,128,65.152
16,512,16,256,76.1814
16,512,16,512,98.9654
16,512,16,768,131.52
16,512,16,1024,165.568
16,512,16,1152,181.825
16,512,16,1728,250.986
16,512,16,2048,298.156
16,512,16,2592,366.146
16,512,16,3888,531.564
16,512,16,4096,566.208
16,512,16,5832,785.644
16,512,16,8192,1126.32
16,512,16,8748,1194.11
16,512,16,13122,1767.4
16,512,16,16384,2210.78
16,512,32,16,79.04
16,512,32,32,79.722
16,512,32,64,81.216
16,512,32,128,105.259
16,512,32,256,133.675
16,512,32,512,190.443
16,512,32,768,260.074
16,512,32,1024,332.31
16,512,32,1152,365.718
16,512,32,1728,493.526
16,512,32,2048,591.19
16,512,32,2592,729.24
16,512,32,3888,1072.15
16,512,32,4096,1151.32
16,512,32,5832,1680.69
16,512,32,8192,2363.22
16,512,32,8748,2507.24
16,512,32,13122,3709.14
16,512,32,16384,4629.82
16,512,64,16,125.248
16,512,64,32,125.995
16,512,64,64,128.619
16,512,64,128,176.79
16,512,64,256,240.576
16,512,64,512,368.066
16,512,64,768,494.358
16,512,64,1024,626.476
16,512,64,1152,689.26
16,512,64,1728,939.438
16,512,64,2048,1111.92
16,512,64,2592,1445.49
16,512,64,3888,2692.74
16,512,64,4096,2894.22
16,512,64,5832,4169.5
16,512,64,8192,5828.12
16,512,64,8748,6201.04
16,512,64,13122,9306.66
16,512,64,16384,11659.1
16,512,128,16,210.134
16,512,128,32,211.926
16,512,128,64,220.482
16,512,128,128,335.616
16,512,128,256,488.662
16,512,128,512,782.146
16,512,128,768,1065.11
16,512,128,1024,1350
16,512,128,1152,1480.41
16,512,128,1728,2254.36
16,512,128,2048,3082.2
16,512,128,2592,4654.04
16,512,128,3888,8172.26
16,512,128,4096,8608.18
16,512,128,5832,12214.5
16,512,128,8192,17398.6
16,512,128,8748,18345.4
16,512,128,13122,33502.8
16,512,128,16384,43295.4
16,768,0,0,45.8446
16,768,1,512,45.2686
16,768,1,768,45.568
16,768,1,1152,61.6534
16,768,1,1728,84.6926
16,768,1,2592,123.989
16,768,1,3888,178.176
16,768,1,5832,262.634
16,768,1,8748,393.238
16,768,1,13122,582.356
16,768,1,16384,729.898
16,768,2,512,45.3334
16,768,2,768,45.7174
16,768,2,1152,61.8454
16,768,2,1728,85.29
16,768,2,2592,124.737
16,768,2,3888,179.499
16,768,2,5832,263.702
16,768,2,8748,393.964
16,768,2,13122,580.822
16,768,2,16384,726.828
16,768,4,512,46.3354
16,768,4,768,47.4666
16,768,4,1152,63.8086
16,768,4,1728,88.278
16,768,4,2592,128.32
16,768,4,3888,184.364
16,768,4,5832,272.448
16,768,4,8748,400.982
16,768,4,13122,592.3
16,768,4,16384,737.004
16,768,8,512,77.3546
16,768,8,768,89.3646
16,768,8,1152,122.476
16,768,8,1728,168.405
16,768,8,2592,244.16
16,768,8,3888,357.376
16,768,8,5832,523.072
16,768,8,8748,784.834
16,768,8,13122,1180.5
16,768,8,16384,1469.83
16,768,16,512,109.375
16,768,16,768,132.267
16,768,16,1152,181.504
16,768,16,1728,252.332
16,768,16,2592,365.846
16,768,16,3888,530.838
16,768,16,5832,784.09
16,768,16,8748,1191.64
16,768,16,13122,1770.95
16,768,16,16384,2208.86
16,768,32,512,199.553
16,768,32,768,261.354
16,768,32,1152,366.358
16,768,32,1728,493.272
16,768,32,2592,729.706
16,768,32,3888,1077.06
16,768,32,5832,1678.32
16,768,32,8748,2497.64
16,768,32,13122,3702.86
16,768,32,16384,4621
16,768,64,512,370.648
16,768,64,768,496.704
16,768,64,1152,691.18
16,768,64,1728,943.982
16,768,64,2592,1437.44
16,768,64,3888,2699.42
16,768,64,5832,4181.58
16,768,64,8748,6209.94
16,768,64,13122,9342.52
16,768,64,16384,11729.3
16,768,128,512,784.386
16,768,128,768,1069.76
16,768,128,1152,1481.73
16,768,128,1728,2252.7
16,768,128,2592,4731.48
16,768,128,3888,8181.22
16,768,128,5832,12206.6
16,768,128,8748,18420.4
16,768,128,13122,30586
16,768,128,16384,42840
16,1024,0,0,57.7714
16,1024,1,16,56.4054
16,1024,1,32,56.5974
16,1024,1,64,56.512
16,1024,1,128,56.3834
16,1024,1,256,56.5754
16,1024,1,512,56.2986
16,1024,1,1024,57.1726
16,1024,1,2048,100.8
16,1024,1,4096,189.034
16,1024,1,8192,369.6
16,1024,1,16384,728.468
16,1024,2,16,56.128
16,1024,2,32,56.17
16,1024,2,64,56.3414
16,1024,2,128,56.1494
16,1024,2,256,56.47
16,1024,2,512,56.5334
16,1024,2,1024,57.0454
16,1024,2,2048,100.394
16,1024,2,4096,190.316
16,1024,2,8192,368.916
16,1024,2,16384,725.954
16,1024,4,16,56.2766
16,1024,4,32,56.576
16,1024,4,64,56.4706
16,1024,4,128,56.7034
16,1024,4,256,57.088
16,1024,4,512,58.0046
16,1024,4,1024,59.264
16,1024,4,2048,104.363
16,1024,4,4096,196.672
16,1024,4,8192,379.178
16,1024,4,16384,736.322
16,1024,8,16,66.3046
16,1024,8,32,66.198
16,1024,8,64,66.1126
16,1024,8,128,71.4034
16,1024,8,256,76.992
16,1024,8,512,88.384
16,1024,8,1024,112.533
16,1024,8,2048,201.216
16,1024,8,4096,379.734
16,1024,8,8192,738.946
16,1024,8,16384,1471.83
16,1024,16,16,75.2426
16,1024,16,32,75.712
16,1024,16,64,76.416
16,1024,16,128,86.0586
16,1024,16,256,98.3886
16,1024,16,512,119.915
16,1024,16,1024,166.293
16,1024,16,2048,299.564
16,1024,16,4096,564.118
16,1024,16,8192,1123.29
16,1024,16,16384,2198.96
16,1024,32,16,99.4994
16,1024,32,32,100.395
16,1024,32,64,101.611
16,1024,32,128,126.271
16,1024,32,256,154.089
16,1024,32,512,208.386
16,1024,32,1024,332.138
16,1024,32,2048,588.374
16,1024,32,4096,1155.99
16,1024,32,8192,2363.4
16,1024,32,16384,4619.68
16,1024,64,16,147.776
16,1024,64,32,149.077
16,1024,64,64,151.51
16,1024,64,128,204.034
16,1024,64,256,265.942
16,1024,64,512,382.146
16,1024,64,1024,631.066
16,1024,64,2048,1128.3
16,1024,64,4096,2882.4
16,1024,64,8192,5836.9
16,1024,64,16384,11805.8
16,1024,128,16,233.494
16,1024,128,32,237.142
16,1024,128,64,245.354
16,1024,128,128,360.002
16,1024,128,256,505.858
16,1024,128,512,787.18
16,1024,128,1024,1353.41
16,1024,128,2048,3058.64
16,1024,128,4096,8624.08
16,1024,128,8192,17377.3
16,1024,128,16384,43039.2
16,1152,0,0,63.3606
16,1152,1,512,61.91
16,1152,1,768,61.8034
16,1152,1,1152,62.6134
16,1152,1,1728,84.8
16,1152,1,2592,124.161
16,1152,1,3888,178.345
16,1152,1,5832,262.55
16,1152,1,8748,392.768
16,1152,1,13122,583.51
16,1152,1,16384,730.882
16,1152,2,512,62.1654
16,1152,2,768,62.1866
16,1152,2,1152,62.5494
16,1152,2,1728,85.2474
16,1152,2,2592,124.779
16,1152,2,3888,180.587
16,1152,2,5832,263.872
16,1152,2,8748,393.666
16,1152,2,13122,581.804
16,1152,2,16384,728.302
16,1152,4,512,63.04
16,1152,4,768,63.8934
16,1152,4,1152,64.5974
16,1152,4,1728,88.2986
16,1152,4,2592,128.875
16,1152,4,3888,185.43
16,1152,4,5832,271.126
16,1152,4,8748,401.92
16,1152,4,13122,591.66
16,1152,4,16384,739.288
16,1152,8,512,94.0366
16,1152,8,768,105.301
16,1152,8,1152,123.051
16,1152,8,1728,168.427
16,1152,8,2592,245.868
16,1152,8,3888,358.208
16,1152,8,5832,522.796
16,1152,8,8748,784.836
16,1152,8,13122,1181.95
16,1152,8,16384,1476.36
16,1152,16,512,125.568
16,1152,16,768,147.563
16,1152,16,1152,182.955
16,1152,16,1728,252.268
16,1152,16,2592,366.616
16,1152,16,3888,533.292
16,1152,16,5832,785.986
16,1152,16,8748,1194.29
16,1152,16,13122,1758.47
16,1152,16,16384,2208.8
16,1152,32,512,214.144
16,1152,32,768,272.662
16,1152,32,1152,369.302
16,1152,32,1728,493.612
16,1152,32,2592,730.156
16,1152,32,3888,1078.1
16,1152,32,5832,1682.76
16,1152,32,8748,2507.4
16,1152,32,13122,3729
16,1152,32,16384,4642.08
16,1152,64,512,386.112
16,1152,64,768,500.268
16,1152,64,1152,695.022
16,1152,64,1728,954.946
16,1152,64,2592,1441.69
16,1152,64,3888,2698.16
16,1152,64,5832,4175.82
16,1152,64,8748,6216.9
16,1152,64,13122,9351.24
16,1152,64,16384,12078
16,1152,128,512,789.272
16,1152,128,768,1073.26
16,1152,128,1152,1490.31
16,1152,128,1728,2245.92
16,1152,128,2592,4684.64
16,1152,128,3888,8185.8
16,1152,128,5832,12230.9
16,1152,128,8748,18372.8
16,1152,128,13122,34594.2
16,1152,128,16384,42414.4
16,1728,0,0,86.698
16,1728,1,512,84.63
16,1728,1,768,85.248
16,1728,1,1152,85.4194
16,1728,1,1728,86.3146
16,1728,1,2592,124.224
16,1728,1,3888,179.285
16,1728,1,5832,263.402
16,1728,1,8748,393.494
16,1728,1,13122,582.442
16,1728,1,16384,731.244
16,1728,2,512,84.5654
16,1728,2,768,85.44
16,1728,2,1152,85.4406
16,1728,2,1728,86.4426
16,1728,2,2592,125.099
16,1728,2,3888,180.353
16,1728,2,5832,264.47
16,1728,2,8748,394.75
16,1728,2,13122,583.338
16,1728,2,16384,727.34
16,1728,4,512,86.188
16,1728,4,768,86.336
16,1728,4,1152,87.4666
16,1728,4,1728,88.5986
16,1728,4,2592,129.11
16,1728,4,3888,185.92
16,1728,4,5832,271.874
16,1728,4,8748,403.22
16,1728,4,13122,592.66
16,1728,4,16384,738.372
16,1728,8,512,115.029
16,1728,8,768,125.909
16,1728,8,1152,144.725
16,1728,8,1728,169.941
16,1728,8,2592,245.718
16,1728,8,3888,356.566
16,1728,8,5832,523.904
16,1728,8,8748,783.316
16,1728,8,13122,1180.23
16,1728,8,16384,1470.13
16,1728,16,512,147.435
16,1728,16,768,168.512
16,1728,16,1152,203.434
16,1728,16,1728,254.592
16,1728,16,2592,366.57
16,1728,16,3888,531.01
16,1728,16,5832,788.268
16,1728,16,8748,1193.11
16,1728,16,13122,1769.11
16,1728,16,16384,2211.04
16,1728,32,512,236.672
16,1728,32,768,292.908
16,1728,32,1152,385.132
16,1728,32,1728,496.96
16,1728,32,2592,730.412
16,1728,32,3888,1074.71
16,1728,32,5832,1682.12
16,1728,32,8748,2513.38
16,1728,32,13122,3713.3
16,1728,32,16384,4620.2
16,1728,64,512,411.434
16,1728,64,768,527.704
16,1728,64,1152,698.456
16,1728,64,1728,961.454
16,1728,64,2592,1468.31
16,1728,64,3888,2669.86
16,1728,64,5832,4183.3
16,1728,64,8748,6222.62
16,1728,64,13122,9418.94
16,1728,64,16384,11817.4
16,1728,128,512,811.588
16,1728,128,768,1083.59
16,1728,128,1152,1491.18
16,1728,128,1728,2262.32
16,1728,128,2592,4737.64
16,1728,128,3888,8181.82
16,1728,128,5832,12251.7
16,1728,128,8748,18670.5
16,1728,128,13122,30228.2
16,1728,128,16384,43255
16,2048,0,0,102.487
16,2048,1,16,100.971
16,2048,1,32,100.97
16,2048,1,64,100.801
16,2048,1,128,100.929
16,2048,1,256,100.907
16,2048,1,512,101.056
16,2048,1,1024,101.077
16,2048,1,2048,102.229
16,2048,1,4096,189.589
16,2048,1,8192,370.134
16,2048,1,16384,726.528
16,2048,2,16,100.501
16,2048,2,32,100.459
16,2048,2,64,100.544
16,2048,2,128,100.865
16,2048,2,256,100.757
16,2048,2,512,101.632
16,2048,2,1024,101.761
16,2048,2,2048,102.464
16,2048,2,4096,190.549
16,2048,2,8192,371.306
16,2048,2,16384,728.96
16,2048,4,16,101.035
16,2048,4,32,101.249
16,2048,4,64,101.099
16,2048,4,128,101.056
16,2048,4,256,101.868
16,2048,4,512,102.72
16,2048,4,1024,104.299
16,2048,4,2048,106.816
16,2048,4,4096,198.443
16,2048,4,8192,379.37
16,2048,4,16384,737.858
16,2048,8,16,107.413
16,2048,8,32,107.563
16,2048,8,64,108.479
16,2048,8,128,112.833
16,2048,8,256,119.338
16,2048,8,512,130.219
16,2048,8,1024,153.856
16,2048,8,2048,203.286
16,2048,8,4096,380.608
16,2048,8,8192,735.702
16,2048,8,16384,1477.98
16,2048,16,16,117.228
16,2048,16,32,116.929
16,2048,16,64,117.931
16,2048,16,128,128.277
16,2048,16,256,140.032
16,2048,16,512,162.795
16,2048,16,1024,208.406
16,2048,16,2048,300.694
16,2048,16,4096,563.522
16,2048,16,8192,1115.24
16,2048,16,16384,2209.48
16,2048,32,16,141.824
16,2048,32,32,142.657
16,2048,32,64,144.427
16,2048,32,128,168.939
16,2048,32,256,197.973
16,2048,32,512,252.076
16,2048,32,1024,365.654
16,2048,32,2048,596.588
16,2048,32,4096,1144.75
16,2048,32,8192,2370.14
16,2048,32,16384,4649.98
16,2048,64,16,191.447
16,2048,64,32,192.47
16,2048,64,64,195.093
16,2048,64,128,249.772
16,2048,64,256,313.132
16,2048,64,512,427.778
16,2048,64,1024,659.862
16,2048,64,2048,1156.57
16,2048,64,4096,2837.7
16,2048,64,8192,5856.54
16,2048,64,16384,11809.9
16,2048,128,16,279.702
16,2048,128,32,283.862
16,2048,128,64,290.134
16,2048,128,128,403.586
16,2048,128,256,549.272
16,2048,128,512,825.196
16,2048,128,1024,1367.62
16,2048,128,2048,3086.9
16,2048,128,4096,8666.82
16,2048,128,8192,17710.6
16,2048,128,16384,43219.8
16,2592,0,0,125.973
16,2592,1,512,124.331
16,2592,1,768,124.054
16,2592,1,1152,123.968
16,2592,1,1728,124.373
16,2592,1,2592,125.483
16,2592,1,3888,178.455
16,2592,1,5832,263.382
16,2592,1,8748,393.28
16,2592,1,13122,582.378
16,2592,1,16384,730.712
16,2592,2,512,123.797
16,2592,2,768,124.609
16,2592,2,1152,124.544
16,2592,2,1728,124.758
16,2592,2,2592,125.525
16,2592,2,3888,179.349
16,2592,2,5832,263.892
16,2592,2,8748,393.216
16,2592,2,13122,581.504
16,2592,2,16384,728.192
16,2592,4,512,126.335
16,2592,4,768,126.037
16,2592,4,1152,127.637
16,2592,4,1728,128.725
16,2592,4,2592,130.453
16,2592,4,3888,185.857
16,2592,4,5832,272.106
16,2592,4,8748,401.686
16,2592,4,13122,592.258
16,2592,4,16384,740.502
16,2592,8,512,151.231
16,2592,8,768,162.495
16,2592,8,1152,179.947
16,2592,8,1728,204.994
16,2592,8,2592,247.83
16,2592,8,3888,357.632
16,2592,8,5832,523.264
16,2592,8,8748,777.496
16,2592,8,13122,1172.25
16,2592,8,16384,1471.58
16,2592,16,512,182.955
16,2592,16,768,206.166
16,2592,16,1152,242.134
16,2592,16,1728,291.776
16,2592,16,2592,369.772
16,2592,16,3888,532.994
16,2592,16,5832,789.91
16,2592,16,8748,1188.93
16,2592,16,13122,1770.9
16,2592,16,16384,2206.84
16,2592,32,512,273.108
16,2592,32,768,332.716
16,2592,32,1152,419.842
16,2592,32,1728,527.916
16,2592,32,2592,734.914
16,2592,32,3888,1078.1
16,2592,32,5832,1666.07
16,2592,32,8748,2530.72
16,2592,32,13122,3725.32
16,2592,32,16384,4673.68
16,2592,64,512,452.95
16,2592,64,768,570.05
16,2592,64,1152,737.986
16,2592,64,1728,968.472
16,2592,64,2592,1497.88
16,2592,64,3888,2637.14
16,2592,64,5832,4221.64
16,2592,64,8748,6280.62
16,2592,64,13122,9495.26
16,2592,64,16384,11832.6
16,2592,128,512,845.956
16,2592,128,768,1121.03
16,2592,128,1152,1518.55
16,2592,128,1728,2285
16,2592,128,2592,4828.64
16,2592,128,3888,8270.22
16,2592,128,5832,12671.9
16,2592,128,8748,20805.4
16,2592,128,13122,33186.4
16,2592,128,16384,43279
16,3888,0,0,181.462
16,3888,1,512,179.734
16,3888,1,768,179.649
16,3888,1,1152,179.029
16,3888,1,1728,180.075
16,3888,1,2592,179.414
16,3888,1,3888,180.373
16,3888,1,5832,264.682
16,3888,1,8748,393.002
16,3888,1,13122,584.62
16,3888,1,16384,731.67
16,3888,2,512,178.816
16,3888,2,768,178.539
16,3888,2,1152,178.816
16,3888,2,1728,179.519
16,3888,2,2592,179.327
16,3888,2,3888,180.053
16,3888,2,5832,264.192
16,3888,2,8748,394.006
16,3888,2,13122,584.108
16,3888,2,16384,728.662
16,3888,4,512,180.437
16,3888,4,768,180.779
16,3888,4,1152,181.695
16,3888,4,1728,181.867
16,3888,4,2592,183.575
16,3888,4,3888,186.561
16,3888,4,5832,274.986
16,3888,4,8748,404.052
16,3888,4,13122,595.712
16,3888,4,16384,739.736
16,3888,8,512,202.858
16,3888,8,768,213.868
16,3888,8,1152,231.98
16,3888,8,1728,256.598
16,3888,8,2592,299.306
16,3888,8,3888,358.548
16,3888,8,5832,524.822
16,3888,8,8748,777.9
16,3888,8,13122,1169.73
16,3888,8,16384,1474.75
16,3888,16,512,234.816
16,3888,16,768,257.26
16,3888,16,1152,292.992
16,3888,16,1728,344.47
16,3888,16,2592,420.352
16,3888,16,3888,535.426
16,3888,16,5832,796.078
16,3888,16,8748,1179.22
16,3888,16,13122,1777.54
16,3888,16,16384,2213.8
16,3888,32,512,325.804
16,3888,32,768,387.542
16,3888,32,1152,471.168
16,3888,32,1728,579.906
16,3888,32,2592,782.464
16,3888,32,3888,1104.45
16,3888,32,5832,1708.19
16,3888,32,8748,2682.58
16,3888,32,13122,3934.32
16,3888,32,16384,4949.86
16,3888,64,512,514.668
16,3888,64,768,628.566
16,3888,64,1152,801.88
16,3888,64,1728,1029.23
16,3888,64,2592,1498.52
16,3888,64,3888,2766.58
16,3888,64,5832,4390.48
16,3888,64,8748,6814.28
16,3888,64,13122,10498.9
16,3888,64,16384,13592.9
16,3888,128,512,911.468
16,3888,128,768,1174.21
16,3888,128,1152,1570.82
16,3888,128,1728,2316.9
16,3888,128,2592,4853.18
16,3888,128,3888,8269.4
16,3888,128,5832,12429.3
16,3888,128,8748,20347.6
16,3888,128,13122,34368.2
16,3888,128,16384,43363.2
16,4096,0,0,193.473
16,4096,1,16,191.937
16,4096,1,32,192.511
16,4096,1,64,192.042
16,4096,1,128,192.343
16,4096,1,256,192.087
16,4096,1,512,191.573
16,4096,1,1024,191.446
16,4096,1,2048,191.787
16,4096,1,4096,191.639
16,4096,1,8192,369.73
16,4096,1,16384,730.838
16,4096,2,16,189.697
16,4096,2,32,190.037
16,4096,2,64,189.802
16,4096,2,128,189.761
16,4096,2,256,189.931
16,4096,2,512,190.251
16,4096,2,1024,191.084
16,4096,2,2048,190.828
16,4096,2,4096,191.659
16,4096,2,8192,369.77
16,4096,2,16384,728.192
16,4096,4,16,189.589
16,4096,4,32,189.995
16,4096,4,64,189.611
16,4096,4,128,190.251
16,4096,4,256,190.955
16,4096,4,512,191.957
16,4096,4,1024,193.216
16,4096,4,2048,194.966
16,4096,4,4096,200.236
16,4096,4,8192,381.164
16,4096,4,16384,740.844
16,4096,8,16,190.912
16,4096,8,32,190.954
16,4096,8,64,190.677
16,4096,8,128,195.925
16,4096,8,256,201.364
16,4096,8,512,212.31
16,4096,8,1024,238.55
16,4096,8,2048,285.74
16,4096,8,4096,382.892
16,4096,8,8192,735.81
16,4096,8,16384,1472
16,4096,16,16,200.448
16,4096,16,32,200.492
16,4096,16,64,200.62
16,4096,16,128,210.794
16,4096,16,256,223.936
16,4096,16,512,246.678
16,4096,16,1024,291.306
16,4096,16,2048,385.664
16,4096,16,4096,568.62
16,4096,16,8192,1114.69
16,4096,16,16384,2220.3
16,4096,32,16,225.044
16,4096,32,32,225.11
16,4096,32,64,226.838
16,4096,32,128,251.97
16,4096,32,256,280.192
16,4096,32,512,337.154
16,4096,32,1024,450.944
16,4096,32,2048,672.534
16,4096,32,4096,1189.19
16,4096,32,8192,2446.2
16,4096,32,16384,5013.08
16,4096,64,16,273.878
16,4096,64,32,274.39
16,4096,64,64,277.548
16,4096,64,128,335.488
16,4096,64,256,406.018
16,4096,64,512,525.206
16,4096,64,1024,756.418
16,4096,64,2048,1199.11
16,4096,64,4096,3006.02
16,4096,64,8192,6338.82
16,4096,64,16384,14201.2
16,4096,128,16,369.004
16,4096,128,32,372.182
16,4096,128,64,380.972
16,4096,128,128,497.9
16,4096,128,256,636.782
16,4096,128,512,924.12
16,4096,128,1024,1459.03
16,4096,128,2048,3110.56
16,4096,128,4096,8689.54
16,4096,128,8192,18779.1
16,4096,128,16384,43500.6
16,5832,0,0,267.178
16,5832,1,512,262.124
16,5832,1,768,262.678
16,5832,1,1152,262.378
16,5832,1,1728,263.382
16,5832,1,2592,262.72
16,5832,1,3888,263.53
16,5832,1,5832,264.108
16,5832,1,8748,391.424
16,5832,1,13122,582.7
16,5832,1,16384,728.47
16,5832,2,512,262.23
16,5832,2,768,262.272
16,5832,2,1152,262.358
16,5832,2,1728,262.914
16,5832,2,2592,263.146
16,5832,2,3888,263.126
16,5832,2,5832,264.256
16,5832,2,8748,394.58
16,5832,2,13122,580.884
16,5832,2,16384,727.488
16,5832,4,512,263.596
16,5832,4,768,263.722
16,5832,4,1152,264.64
16,5832,4,1728,265.622
16,5832,4,2592,267.456
16,5832,4,3888,271.276
16,5832,4,5832,275.564
16,5832,4,8748,405.93
16,5832,4,13122,594.07
16,5832,4,16384,738.858
16,5832,8,512,279.168
16,5832,8,768,290.666
16,5832,8,1152,308.588
16,5832,8,1728,334.978
16,5832,8,2592,374.762
16,5832,8,3888,437.44
16,5832,8,5832,529.238
16,5832,8,8748,776.044
16,5832,8,13122,1159.43
16,5832,8,16384,1464
16,5832,16,512,311.53
16,5832,16,768,334.358
16,5832,16,1152,369.002
16,5832,16,1728,422.358
16,5832,16,2592,497.472
16,5832,16,3888,616.15
16,5832,16,5832,812.994
16,5832,16,8748,1199.47
16,5832,16,13122,1798.43
16,5832,16,16384,2255.2
16,5832,32,512,402.518
16,5832,32,768,463.744
16,5832,32,1152,547.03
16,5832,32,1728,658.218
16,5832,32,2592,859.094
16,5832,32,3888,1172.01
16,5832,32,5832,1747.87
16,5832,32,8748,2582.86
16,5832,32,13122,4104.14
16,5832,32,16384,5157.32
16,5832,64,512,595.842
16,5832,64,768,714.988
16,5832,64,1152,888.75
16,5832,64,1728,1127.77
16,5832,64,2592,1572.33
16,5832,64,3888,2798.68
16,5832,64,5832,4418.8
16,5832,64,8748,6628.3
16,5832,64,13122,10660.1
16,5832,64,16384,14333.3
16,5832,128,512,986.5
16,5832,128,768,1265.48
16,5832,128,1152,1661.49
16,5832,128,1728,2391.74
16,5832,128,2592,4920.5
16,5832,128,3888,8335.18
16,5832,128,5832,12319.4
16,5832,128,8748,19195
16,5832,128,13122,34707
16,5832,128,16384,42876.4
16,8192,0,0,374.722
16,8192,1,16,373.29
16,8192,1,32,373.056
16,8192,1,64,373.078
16,8192,1,128,372.65
16,8192,1,256,373.334
16,8192,1,512,372.78
16,8192,1,1024,373.29
16,8192,1,2048,373.504
16,8192,1,4096,371.756
16,8192,1,8192,373.12
16,8192,1,16384,731.756
16,8192,2,16,369.728
16,8192,2,32,369.942
16,8192,2,64,369.452
16,8192,2,128,370.112
16,8192,2,256,370.838
16,8192,2,512,370.2
16,8192,2,1024,370.028
16,8192,2,2048,370.262
16,8192,2,4096,370.454
16,8192,2,8192,370.794
16,8192,2,16384,727.958
16,8192,4,16,369.836
16,8192,4,32,369.986
16,8192,4,64,370.262
16,8192,4,128,370.69
16,8192,4,256,371.136
16,8192,4,512,370.626
16,8192,4,1024,372.502
16,8192,4,2048,373.72
16,8192,4,4096,380.012
16,8192,4,8192,385.814
16,8192,4,16384,744.876
16,8192,8,16,368.514
16,8192,8,32,369.068
16,8192,8,64,368.468
16,8192,8,128,369.708
16,8192,8,256,369.878
16,8192,8,512,377.366
16,8192,8,1024,401.9
16,8192,8,2048,448.96
16,8192,8,4096,548.288
16,8192,8,8192,756.888
16,8192,8,16384,1460.97
16,8192,16,16,368.362
16,8192,16,32,368.682
16,8192,16,64,367.68
16,8192,16,128,376.492
16,8192,16,256,388.354
16,8192,16,512,410.496
16,8192,16,1024,457.024
16,8192,16,2048,549.292
16,8192,16,4096,736.11
16,8192,16,8192,1155.25
16,8192,16,16384,2260.56
16,8192,32,16,390.464
16,8192,32,32,389.888
16,8192,32,64,392.088
16,8192,32,128,417.11
16,8192,32,256,446.934
16,8192,32,512,501.312
16,8192,32,1024,618.86
16,8192,32,2048,841.75
16,8192,32,4096,1339.01
16,8192,32,8192,2462.3
16,8192,32,16384,5146.28
16,8192,64,16,439.02
16,8192,64,32,440.128
16,8192,64,64,442.86
16,8192,64,128,499.65
16,8192,64,256,568.044
16,8192,64,512,700.994
16,8192,64,1024,946.242
16,8192,64,2048,1402.97
16,8192,64,4096,3083.58
16,8192,64,8192,6187.44
16,8192,64,16384,14250.8
16,8192,128,16,533.208
16,8192,128,32,536.514
16,8192,128,64,544.448
16,8192,128,128,669.186
16,8192,128,256,832.75
16,8192,128,512,1111.51
16,8192,128,1024,1644.49
16,8192,128,2048,3311.06
16,8192,128,4096,8933.5
16,8192,128,8192,17354.7
16,8192,128,16384,43521
16,8748,0,0,398.552
16,8748,1,512,396.288
16,8748,1,768,396.672
16,8748,1,1152,396.032
16,8748,1,1728,395.628
16,8748,1,2592,396.844
16,8748,1,3888,393.004
16,8748,1,5832,394.41
16,8748,1,8748,397.27
16,8748,1,13122,585.156
16,8748,1,16384,731.244
16,8748,2,512,393.686
16,8748,2,768,393.408
16,8748,2,1152,393.92
16,8748,2,1728,392.662
16,8748,2,2592,392.448
16,8748,2,3888,394.218
16,8748,2,5832,393.452
16,8748,2,8748,395.862
16,8748,2,13122,582.36
16,8748,2,16384,728.898
16,8748,4,512,394.624
16,8748,4,768,394.24
16,8748,4,1152,394.37
16,8748,4,1728,394.624
16,8748,4,2592,397.12
16,8748,4,3888,401.282
16,8748,4,5832,404.054
16,8748,4,8748,408.918
16,8748,4,13122,597.058
16,8748,4,16384,746.114
16,8748,8,512,398.998
16,8748,8,768,411.626
16,8748,8,1152,429.398
16,8748,8,1728,452.822
16,8748,8,2592,495.234
16,8748,8,3888,556.032
16,8748,8,5832,650.562
16,8748,8,8748,803.264
16,8748,8,13122,1152.77
16,8748,8,16384,1458.12
16,8748,16,512,431.914
16,8748,16,768,456.426
16,8748,16,1152,489.9
16,8748,16,1728,542.658
16,8748,16,2592,620.118
16,8748,16,3888,734.122
16,8748,16,5832,945.602
16,8748,16,8748,1225.99
16,8748,16,13122,1785.18
16,8748,16,16384,2253.16
16,8748,32,512,521.452
16,8748,32,768,585.474
16,8748,32,1152,666.668
16,8748,32,1728,778.904
16,8748,32,2592,980.632
16,8748,32,3888,1289.03
16,8748,32,5832,1799.07
16,8748,32,8748,2621.5
16,8748,32,13122,3880.8
16,8748,32,16384,5113
16,8748,64,512,719.084
16,8748,64,768,844.226
16,8748,64,1152,1028.01
16,8748,64,1728,1257.01
16,8748,64,2592,1738.97
16,8748,64,3888,2934.52
16,8748,64,5832,4378.84
16,8748,64,8748,6587.8
16,8748,64,13122,10315.5
16,8748,64,16384,14092.9
16,8748,128,512,1144.94
16,8748,128,768,1393.67
16,8748,128,1152,1798.3
16,8748,128,1728,2564.78
16,8748,128,2592,5143.52
16,8748,128,3888,8557.8
16,8748,128,5832,12786.3
16,8748,128,8748,18533.1
16,8748,128,13122,34380.6
16,8748,128,16384,43311.2
16,13122,0,0,589.312
16,13122,1,512,587.202
16,13122,1,768,587.968
16,13122,1,1152,588.096
16,13122,1,1728,587.714
16,13122,1,2592,587.842
16,13122,1,3888,588.076
16,13122,1,5832,588.204
16,13122,1,8748,588.33
16,13122,1,13122,586.006
16,13122,1,16384,730.198
16,13122,2,512,584.79
16,13122,2,768,582.998
16,13122,2,1152,582.934
16,13122,2,1728,587.22
16,13122,2,2592,585.322
16,13122,2,3888,584
16,13122,2,5832,585.258
16,13122,2,8748,583.81
16,13122,2,13122,584.81
16,13122,2,16384,730.432
16,13122,4,512,582.87
16,13122,4,768,585.794
16,13122,4,1152,586.368
16,13122,4,1728,586.282
16,13122,4,2592,588.992
16,13122,4,3888,592.534
16,13122,4,5832,593.836
16,13122,4,8748,595.926
16,13122,4,13122,602.86
16,13122,4,16384,746.326
16,13122,8,512,584.364
16,13122,8,768,586.006
16,13122,8,1152,604.844
16,13122,8,1728,629.25
16,13122,8,2592,671.938
16,13122,8,3888,734.998
16,13122,8,5832,831.746
16,13122,8,8748,978.178
16,13122,8,13122,1189.38
16,13122,8,16384,1444.87
16,13122,16,512,606.7
16,13122,16,768,629.718
16,13122,16,1152,667.052
16,13122,16,1728,717.782
16,13122,16,2592,794.69
16,13122,16,3888,913.878
16,13122,16,5832,1131.82
16,13122,16,8748,1440.54
16,13122,16,13122,1817.01
16,13122,16,16384,2229.04
16,13122,32,512,700.118
16,13122,32,768,760.428
16,13122,32,1152,845.848
16,13122,32,1728,956.866
16,13122,32,2592,1160.45
16,13122,32,3888,1465.99
16,13122,32,5832,2005.7
16,13122,32,8748,2708.62
16,13122,32,13122,3881.76
16,13122,32,16384,4806.94
16,13122,64,512,893.292
16,13122,64,768,1023.34
16,13122,64,1152,1211.86
16,13122,64,1728,1461.04
16,13122,64,2592,1940.66
16,13122,64,3888,3061.78
16,13122,64,5832,4472.32
16,13122,64,8748,6652.28
16,13122,64,13122,9919.42
16,13122,64,16384,12816.8
16,13122,128,512,1347.29
16,13122,128,768,1642.31
16,13122,128,1152,1986.16
16,13122,128,1728,2767.56
16,13122,128,2592,5379.08
16,13122,128,3888,8735.78
16,13122,128,5832,13018.2
16,13122,128,8748,20089.6
16,13122,128,13122,34078.2
16,13122,128,16384,43403.2
16,16384,0,0,738.794
16,16384,1,16,726.018
16,16384,1,32,728.216
16,16384,1,64,725.738
16,16384,1,128,726.786
16,16384,1,256,726.786
16,16384,1,512,737.624
16,16384,1,768,736
16,16384,1,1024,727.68
16,16384,1,1152,736.428
16,16384,1,1728,737.066
16,16384,1,2048,727.808
16,16384,1,2592,735.616
16,16384,1,3888,735.638
16,16384,1,4096,729.6
16,16384,1,5832,736.15
16,16384,1,8192,729.728
16,16384,1,8748,736
16,16384,1,13122,731.458
16,16384,1,16384,731.906
16,16384,2,16,724.844
16,16384,2,32,725.036
16,16384,2,64,723.5
16,16384,2,128,725.654
16,16384,2,256,731.434
16,16384,2,512,732.096
16,16384,2,768,729.602
16,16384,2,1024,732.228
16,16384,2,1152,732.032
16,16384,2,1728,731.372
16,16384,2,2048,731.904
16,16384,2,2592,729.066
16,16384,2,3888,730.262
16,16384,2,4096,730.05
16,16384,2,5832,731.67
16,16384,2,8192,731.374
16,16384,2,8748,730.606
16,16384,2,13122,728.834
16,16384,2,16384,731.692
16,16384,4,16,728.15
16,16384,4,32,729.11
16,16384,4,64,728.854
16,16384,4,128,731.82
16,16384,4,256,731.052
16,16384,4,512,731.924
16,16384,4,768,731.756
16,16384,4,1024,730.432
16,16384,4,1152,732.758
16,16384,4,1728,732.802
16,16384,4,2048,733.44
16,16384,4,2592,734.614
16,16384,4,3888,735.638
16,16384,4,4096,739.65
16,16384,4,5832,737.856
16,16384,4,8192,742.016
16,16384,4,8748,742.892
16,16384,4,13122,747.032
16,16384,4,16384,754.22
16,16384,8,16,724.714
16,16384,8,32,726.658
16,16384,8,64,728.344
16,16384,8,128,728.514
16,16384,8,256,731.778
16,16384,8,512,728.556
16,16384,8,768,730.05
16,16384,8,1024,732.676
16,16384,8,1152,737.624
16,16384,8,1728,762.626
16,16384,8,2048,779.332
16,16384,8,2592,804.63
16,16384,8,3888,866.264
16,16384,8,4096,879.556
16,16384,8,5832,957.058
16,16384,8,8192,1092.2
16,16384,8,8748,1112.47
16,16384,8,13122,1331.16
16,16384,8,16384,1484.53
16,16384,16,16,727.874
16,16384,16,32,726.038
16,16384,16,64,728
16,16384,16,128,730.498
16,16384,16,256,729.346
16,16384,16,512,740.95
16,16384,16,768,765.016
16,16384,16,1024,788.97
16,16384,16,1152,800.512
16,16384,16,1728,850.326
16,16384,16,2048,880.28
16,16384,16,2592,928.364
16,16384,16,3888,1042.54
16,16384,16,4096,1069.49
16,16384,16,5832,1264.96
16,16384,16,8192,1499.14
16,16384,16,8748,1559.36
16,16384,16,13122,1986.65
16,16384,16,16384,2265.3
16,16384,32,16,727.852
16,16384,32,32,726.742
16,16384,32,64,726.272
16,16384,32,128,746.604
16,16384,32,256,773.848
16,16384,32,512,832.216
16,16384,32,768,891.78
16,16384,32,1024,949.078
16,16384,32,1152,977.75
16,16384,32,1728,1088.47
16,16384,32,2048,1171.61
16,16384,32,2592,1291.8
16,16384,32,3888,1598.13
16,16384,32,4096,1670.49
16,16384,32,5832,2144.04
16,16384,32,8192,2726.82
16,16384,32,8748,2848.8
16,16384,32,13122,4039.26
16,16384,32,16384,4851.3
16,16384,64,16,767.298
16,16384,64,32,771.032
16,16384,64,64,772.418
16,16384,64,128,828.482
16,16384,64,256,899.074
16,16384,64,512,1027.78
16,16384,64,768,1156.42
16,16384,64,1024,1282.18
16,16384,64,1152,1344.34
16,16384,64,1728,1601.22
16,16384,64,2048,1775.58
16,16384,64,2592,2109.12
16,16384,64,3888,3347.74
16,16384,64,4096,3585
16,16384,64,5832,4704.02
16,16384,64,8192,6161.86
16,16384,64,8748,6563.56
16,16384,64,13122,10677.6
16,16384,64,16384,12512.7
16,16384,128,16,865.816
16,16384,128,32,865.582
16,16384,128,64,873.56
16,16384,128,128,996.398
16,16384,128,256,1161.16
16,16384,128,512,1481.5
16,16384,128,768,1791.6
16,16384,128,1024,2058.26
16,16384,128,1152,2182.36
16,16384,128,1728,2896.08
16,16384,128,2048,3760.34
16,16384,128,2592,5669.16
16,16384,128,3888,8952.74
16,16384,128,4096,9327.52
16,16384,128,5832,12992.5
16,16384,128,8192,18272.9
16,16384,128,8748,19086.2
16,16384,128,13122,34124
16,16384,128,16384,43458.2
24,0,0,0,15.9147
24,0,1,512,34.4746
24,0,1,768,44.8646
24,0,1,1152,61.418
24,0,1,1728,84.65
24,0,1,2592,124.223
24,0,1,3888,179.221
24,0,1,5832,264.62
24,0,1,8748,394.198
24,0,1,13122,583.702
24,0,1,16384,731.758
24,0,2,512,35.114
24,0,2,768,45.8666
24,0,2,1152,61.824
24,0,2,1728,85.2274
24,0,2,2592,124.672
24,0,2,3888,178.688
24,0,2,5832,263.446
24,0,2,8748,394.048
24,0,2,13122,584.6
24,0,2,16384,729.216
24,0,4,512,35.904
24,0,4,768,46.8266
24,0,4,1152,63.722
24,0,4,1728,86.954
24,0,4,2592,127.573
24,0,4,3888,181.973
24,0,4,5832,270.828
24,0,4,8748,401.836
24,0,4,13122,592
24,0,4,16384,738.412
24,0,8,512,65.9214
24,0,8,768,87.894
24,0,8,1152,121.771
24,0,8,1728,167.893
24,0,8,2592,244.544
24,0,8,3888,357.186
24,0,8,5832,523.2
24,0,8,8748,788.438
24,0,8,13122,1180.16
24,0,8,16384,1478.81
24,0,16,512,98.0494
24,0,16,768,131.371
24,0,16,1152,181.355
24,0,16,1728,250.816
24,0,16,2592,366.08
24,0,16,3888,533.78
24,0,16,5832,784.108
24,0,16,8748,1192.26
24,0,16,13122,1769.37
24,0,16,16384,2196.64
24,0,32,512,190.998
24,0,32,768,262.466
24,0,32,1152,366.656
24,0,32,1728,493.228
24,0,32,2592,728.664
24,0,32,3888,1071.47
24,0,32,5832,1676.78
24,0,32,8748,2505.04
24,0,32,13122,3706.48
24,0,32,16384,4628.3
24,0,64,512,364.054
24,0,64,768,491.35
24,0,64,1152,684.14
24,0,64,1728,932.824
24,0,64,2592,1436.87
24,0,64,3888,2691.74
24,0,64,5832,4165.28
24,0,64,8748,6204.1
24,0,64,13122,9416.98
24,0,64,16384,11914.5
24,0,128,512,777.346
24,0,128,768,1063.7
24,0,128,1152,1479.88
24,0,128,1728,2214.06
24,0,128,2592,4713.44
24,0,128,3888,8173.34
24,0,128,5832,12207.5
24,0,128,8748,18327.6
24,0,128,13122,33879.4
24,0,128,16384,42541.4
24,512,0,0,35.8826
24,512,1,512,35.392
24,512,1,768,44.7774
24,512,1,1152,61.5046
24,512,1,1728,84.4806
24,512,1,2592,123.478
24,512,1,3888,178.901
24,512,1,5832,263.382
24,512,1,8748,395.392
24,512,1,13122,583.126
24,512,1,16384,729.708
24,512,2,512,35.0934
24,512,2,768,45.7386
24,512,2,1152,61.9526
24,512,2,1728,85.3334
24,512,2,2592,124.695
24,512,2,3888,179.286
24,512,2,5832,262.998
24,512,2,8748,393.258
24,512,2,13122,585.278
24,512,2,16384,727.552
24,512,4,512,36.4374
24,512,4,768,47.552
24,512,4,1152,63.9146
24,512,4,1728,88.1714
24,512,4,2592,128.128
24,512,4,3888,182.293
24,512,4,5832,272.15
24,512,4,8748,399.83
24,512,4,13122,591.084
24,512,4,16384,738.86
24,512,8,512,67.6494
24,512,8,768,88.2986
24,512,8,1152,122.411
24,512,8,1728,167.979
24,512,8,2592,245.12
24,512,8,3888,357.334
24,512,8,5832,523.03
24,512,8,8748,784.492
24,512,8,13122,1182.44
24,512,8,16384,1477.98
24,512,16,512,99.2
24,512,16,768,131.711
24,512,16,1152,182.058
24,512,16,1728,251.308
24,512,16,2592,366.06
24,512,16,3888,533.848
24,512,16,5832,788.14
24,512,16,8748,1192.64
24,512,16,13122,1762.1
24,512,16,16384,2207.44
24,512,32,512,191.169
24,512,32,768,259.05
24,512,32,1152,367.426
24,512,32,1728,494.358
24,512,32,2592,729.942
24,512,32,3888,1075.52
24,512,32,5832,1674.59
24,512,32,8748,2504.72
24,512,32,13122,3716.4
24,512,32,16384,4629.66
24,512,64,512,367.064
24,512,64,768,495.276
24,512,64,1152,688.962
24,512,64,1728,940.974
24,512,64,2592,1442.39
24,512,64,3888,2687.2
24,512,64,5832,4169.38
24,512,64,8748,6210.36
24,512,64,13122,9438.96
24,512,64,16384,11733.6
24,512,128,512,784.622
24,512,128,768,1066.61
24,512,128,1152,1483.44
24,512,128,1728,2258.56
24,512,128,2592,4656.46
24,512,128,3888,8172.44
24,512,128,5832,12211.7
24,512,128,8748,18427.7
24,512,128,13122,30149.8
24,512,128,16384,42813.2
24,768,0,0,45.7386
24,768,1,512,45.0986
24,768,1,768,45.3554
24,768,1,1152,61.142
24,768,1,1728,84.2674
24,768,1,2592,123.606
24,768,1,3888,178.091
24,768,1,5832,262.912
24,768,1,8748,392.32
24,768,1,13122,580.608
24,768,1,16384,729.536
24,768,2,512,45.12
24,768,2,768,45.3766
24,768,2,1152,61.846
24,768,2,1728,85.5674
24,768,2,2592,124.225
24,768,2,3888,179.841
24,768,2,5832,263.702
24,768,2,8748,394.454
24,768,2,13122,582.614
24,768,2,16384,727.894
24,768,4,512,46.5066
24,768,4,768,47.958
24,768,4,1152,63.8506
24,768,4,1728,88.32
24,768,4,2592,129.259
24,768,4,3888,184.469
24,768,4,5832,270.146
24,768,4,8748,402.262
24,768,4,13122,592.002
24,768,4,16384,739.562
24,768,8,512,77.7386
24,768,8,768,89.2594
24,768,8,1152,122.049
24,768,8,1728,167.787
24,768,8,2592,245.036
24,768,8,3888,356.544
24,768,8,5832,521.686
24,768,8,8748,783.064
24,768,8,13122,1179.89
24,768,8,16384,1477.74
24,768,16,512,109.653
24,768,16,768,131.989
24,768,16,1152,181.739
24,768,16,1728,251.84
24,768,16,2592,365.078
24,768,16,3888,534.23
24,768,16,5832,786.52
24,768,16,8748,1192.52
24,768,16,13122,1771.65
24,768,16,16384,2202.22
24,768,32,512,199.253
24,768,32,768,261.29
24,768,32,1152,366.168
24,768,32,1728,494.084
24,768,32,2592,731.094
24,768,32,3888,1081.35
24,768,32,5832,1681.09
24,768,32,8748,2504.62
24,768,32,13122,3713.74
24,768,32,16384,4636.48
24,768,64,512,370.71
24,768,64,768,497.09
24,768,64,1152,689.794
24,768,64,1728,941.912
24,768,64,2592,1440.62
24,768,64,3888,2692.34
24,768,64,5832,4182.94
24,768,64,8748,6212.98
24,768,64,13122,9379.42
24,768,64,16384,11681.7
24,768,128,512,785.496
24,768,128,768,1071.34
24,768,128,1152,1485.32
24,768,128,1728,2249.56
24,768,128,2592,4722.78
24,768,128,3888,8176.04
24,768,128,5832,12216.2
24,768,128,8748,18422.4
24,768,128,13122,31981.2
24,768,128,16384,43197.2
24,1152,0,0,63.4666
24,1152,1,512,61.846
24,1152,1,768,61.676
24,1152,1,1152,62.9546
24,1152,1,1728,85.418
24,1152,1,2592,123.861
24,1152,1,3888,179.051
24,1152,1,5832,263.594
24,1152,1,8748,393.858
24,1152,1,13122,584.256
24,1152,1,16384,732.352
24,1152,2,512,61.9306
24,1152,2,768,62.1006
24,1152,2,1152,62.7634
24,1152,2,1728,85.312
24,1152,2,2592,124.885
24,1152,2,3888,179.903
24,1152,2,5832,263.104
24,1152,2,8748,394.518
24,1152,2,13122,584.426
24,1152,2,16384,728.706
24,1152,4,512,62.976
24,1152,4,768,63.5946
24,1152,4,1152,64.6826
24,1152,4,1728,88.598
24,1152,4,2592,128.96
24,1152,4,3888,185.665
24,1152,4,5832,272.384
24,1152,4,8748,402.944
24,1152,4,13122,591.914
24,1152,4,16384,738.626
24,1152,8,512,94.1234
24,1152,8,768,105.385
24,1152,8,1152,123.392
24,1152,8,1728,169.045
24,1152,8,2592,245.1
24,1152,8,3888,357.334
24,1152,8,5832,522.796
24,1152,8,8748,785.196
24,1152,8,13122,1184.28
24,1152,8,16384,1473.65
24,1152,16,512,125.995
24,1152,16,768,148.075
24,1152,16,1152,183.679
24,1152,16,1728,252.182
24,1152,16,2592,367.468
24,1152,16,3888,534.806
24,1152,16,5832,786.968
24,1152,16,8748,1194.54
24,1152,16,13122,1770.5
24,1152,16,16384,2205.36
24,1152,32,512,215.126
24,1152,32,768,273.922
24,1152,32,1152,368.534
24,1152,32,1728,494.722
24,1152,32,2592,730.328
24,1152,32,3888,1084.1
24,1152,32,5832,1683.36
24,1152,32,8748,2504.22
24,1152,32,13122,3717.88
24,1152,32,16384,4633.76
24,1152,64,512,388.886
24,1152,64,768,503.832
24,1152,64,1152,694.102
24,1152,64,1728,952.322
24,1152,64,2592,1446.98
24,1152,64,3888,2675.86
24,1152,64,5832,4174.92
24,1152,64,8748,6216.82
24,1152,64,13122,9411.1
24,1152,64,16384,12089.5
24,1152,128,512,793.496
24,1152,128,768,1075.74
24,1152,128,1152,1488.43
24,1152,128,1728,2251.26
24,1152,128,2592,4706.56
24,1152,128,3888,8182.24
24,1152,128,5832,12242.4
24,1152,128,8748,18514.4
24,1152,128,13122,32277.8
24,1152,128,16384,42239.2
24,1728,0,0,86.4846
24,1728,1,512,84.9714
24,1728,1,768,84.8214
24,1728,1,1152,85.034
24,1728,1,1728,86.3354
24,1728,1,2592,124.267
24,1728,1,3888,179.285
24,1728,1,5832,263.104
24,1728,1,8748,394.452
24,1728,1,13122,584.384
24,1728,1,16384,731.5
24,1728,2,512,84.6074
24,1728,2,768,84.9066
24,1728,2,1152,85.738
24,1728,2,1728,86.4854
24,1728,2,2592,125.184
24,1728,2,3888,179.754
24,1728,2,5832,265.068
24,1728,2,8748,394.068
24,1728,2,13122,582.124
24,1728,2,16384,729.366
24,1728,4,512,85.9094
24,1728,4,768,86.5706
24,1728,4,1152,87.7234
24,1728,4,1728,88.7466
24,1728,4,2592,129.92
24,1728,4,3888,186.689
24,1728,4,5832,273.536
24,1728,4,8748,402.688
24,1728,4,13122,593.858
24,1728,4,16384,739.968
24,1728,8,512,115.413
24,1728,8,768,126.764
24,1728,8,1152,144.491
24,1728,8,1728,169.388
24,1728,8,2592,245.866
24,1728,8,3888,358.912
24,1728,8,5832,521.856
24,1728,8,8748,787.65
24,1728,8,13122,1179.82
24,1728,8,16384,1472
24,1728,16,512,147.777
24,1728,16,768,169.877
24,1728,16,1152,204.736
24,1728,16,1728,254.016
24,1728,16,2592,369.728
24,1728,16,3888,534.7
24,1728,16,5832,786.818
24,1728,16,8748,1194.03
24,1728,16,13122,1767.62
24,1728,16,16384,2212.76
24,1728,32,512,236.802
24,1728,32,768,293.932
24,1728,32,1152,385.302
24,1728,32,1728,497.9
24,1728,32,2592,731.01
24,1728,32,3888,1078.38
24,1728,32,5832,1681.01
24,1728,32,8748,2514.08
24,1728,32,13122,3719.82
24,1728,32,16384,4637.48
24,1728,64,512,413.164
24,1728,64,768,527.81
24,1728,64,1152,698.542
24,1728,64,1728,961.944
24,1728,64,2592,1471.13
24,1728,64,3888,2659.98
24,1728,64,5832,4182.64
24,1728,64,8748,6222.3
24,1728,64,13122,9489.94
24,1728,64,16384,11900.2
24,1728,128,512,811.886
24,1728,128,768,1087.3
24,1728,128,1152,1494.49
24,1728,128,1728,2264.4
24,1728,128,2592,4745.36
24,1728,128,3888,8194.98
24,1728,128,5832,12285
24,1728,128,8748,18645.1
24,1728,128,13122,33028.6
24,1728,128,16384,42586.2
24,2592,0,0,126.614
24,2592,1,512,124.309
24,2592,1,768,124.203
24,2592,1,1152,124.16
24,2592,1,1728,124.267
24,2592,1,2592,125.248
24,2592,1,3888,178.879
24,2592,1,5832,264.3
24,2592,1,8748,393.644
24,2592,1,13122,583.786
24,2592,1,16384,730.498
24,2592,2,512,123.904
24,2592,2,768,124.545
24,2592,2,1152,124.331
24,2592,2,1728,124.949
24,2592,2,2592,125.781
24,2592,2,3888,179.669
24,2592,2,5832,264.298
24,2592,2,8748,393.878
24,2592,2,13122,584.45
24,2592,2,16384,728.812
24,2592,4,512,125.591
24,2592,4,768,126.251
24,2592,4,1152,127.915
24,2592,4,1728,130.005
24,2592,4,2592,131.968
24,2592,4,3888,185.429
24,2592,4,5832,274.07
24,2592,4,8748,402.902
24,2592,4,13122,594.666
24,2592,4,16384,738.348
24,2592,8,512,150.4
24,2592,8,768,162.283
24,2592,8,1152,180.715
24,2592,8,1728,205.696
24,2592,8,2592,247.616
24,2592,8,3888,357.718
24,2592,8,5832,523.586
24,2592,8,8748,779.712
24,2592,8,13122,1173.48
24,2592,8,16384,1473.01
24,2592,16,512,182.934
24,2592,16,768,206.848
24,2592,16,1152,242.262
24,2592,16,1728,292.076
24,2592,16,2592,369.814
24,2592,16,3888,533.44
24,2592,16,5832,789.91
24,2592,16,8748,1194.18
24,2592,16,13122,1770.31
24,2592,16,16384,2206.52
24,2592,32,512,273.516
24,2592,32,768,332.204
24,2592,32,1152,418.774
24,2592,32,1728,531.242
24,2592,32,2592,735.894
24,2592,32,3888,1078.59
24,2592,32,5832,1672.79
24,2592,32,8748,2516.1
24,2592,32,13122,3726.2
24,2592,32,16384,4657.8
24,2592,64,512,451.586
24,2592,64,768,569.942
24,2592,64,1152,737.75
24,2592,64,1728,968.792
24,2592,64,2592,1503.98
24,2592,64,3888,2664.7
24,2592,64,5832,4232.4
24,2592,64,8748,6284.58
24,2592,64,13122,9592.76
24,2592,64,16384,12030.7
24,2592,128,512,848.258
24,2592,128,768,1125.47
24,2592,128,1152,1522.14
24,2592,128,1728,2295.76
24,2592,128,2592,4778.22
24,2592,128,3888,8267.54
24,2592,128,5832,12630.5
24,2592,128,8748,20002
24,2592,128,13122,34792.4
24,2592,128,16384,42790.8
24,3888,0,0,181.995
24,3888,1,512,180.63
24,3888,1,768,179.733
24,3888,1,1152,179.649
24,3888,1,1728,180.223
24,3888,1,2592,179.989
24,3888,1,3888,181.611
24,3888,1,5832,263.958
24,3888,1,8748,392.448
24,3888,1,13122,583.682
24,3888,1,16384,729.772
24,3888,2,512,178.796
24,3888,2,768,179.095
24,3888,2,1152,179.585
24,3888,2,1728,179.413
24,3888,2,2592,180.394
24,3888,2,3888,180.267
24,3888,2,5832,263.872
24,3888,2,8748,393.302
24,3888,2,13122,583.914
24,3888,2,16384,729.194
24,3888,4,512,180.565
24,3888,4,768,180.054
24,3888,4,1152,182.189
24,3888,4,1728,181.783
24,3888,4,2592,183.275
24,3888,4,3888,188.011
24,3888,4,5832,275.308
24,3888,4,8748,405.738
24,3888,4,13122,596.226
24,3888,4,16384,739.478
24,3888,8,512,203.072
24,3888,8,768,214.08
24,3888,8,1152,232.064
24,3888,8,1728,257.024
24,3888,8,2592,299.692
24,3888,8,3888,361.43
24,3888,8,5832,524.524
24,3888,8,8748,777.516
24,3888,8,13122,1169.09
24,3888,8,16384,1474.9
24,3888,16,512,236.458
24,3888,16,768,257.174
24,3888,16,1152,293.824
24,3888,16,1728,345.986
24,3888,16,2592,420.908
24,3888,16,3888,537.986
24,3888,16,5832,794.776
24,3888,16,8748,1180.93
24,3888,16,13122,1772.42
24,3888,16,16384,2212.96
24,3888,32,512,326.72
24,3888,32,768,387.884
24,3888,32,1152,470.614
24,3888,32,1728,581.078
24,3888,32,2592,782.572
24,3888,32,3888,1105.75
24,3888,32,5832,1706.99
24,3888,32,8748,2647.36
24,3888,32,13122,3933.74
24,3888,32,16384,4880.46
24,3888,64,512,517.122
24,3888,64,768,629.27
24,3888,64,1152,803.61
24,3888,64,1728,1030.66
24,3888,64,2592,1500.36
24,3888,64,3888,2757.74
24,3888,64,5832,4390.9
24,3888,64,8748,6831.24
24,3888,64,13122,10245.1
24,3888,64,16384,13468.8
24,3888,128,512,908.59
24,3888,128,768,1178.35
24,3888,128,1152,1577.77
24,3888,128,1728,2322.5
24,3888,128,2592,4870.32
24,3888,128,3888,8262.54
24,3888,128,5832,12397.1
24,3888,128,8748,21112.2
24,3888,128,13122,34208
24,3888,128,16384,43300.2
24,5832,0,0,267.8
24,5832,1,512,270.828
24,5832,1,768,272.47
24,5832,1,1152,272.916
24,5832,1,1728,269.738
24,5832,1,2592,271.616
24,5832,1,3888,273.814
24,5832,1,5832,272.492
24,5832,1,8748,405.826
24,5832,1,13122,582.422
24,5832,1,16384,728.32
24,5832,2,512,274.112
24,5832,2,768,270.464
24,5832,2,1152,274.092
24,5832,2,1728,269.974
24,5832,2,2592,271.636
24,5832,2,3888,273.004
24,5832,2,5832,274.028
24,5832,2,8748,408.106
24,5832,2,13122,601.986
24,5832,2,16384,756.01
24,5832,4,512,273.73
24,5832,4,768,275.476
24,5832,4,1152,277.162
24,5832,4,1728,277.524
24,5832,4,2592,278.25
24,5832,4,3888,282.198
24,5832,4,5832,283.67
24,5832,4,8748,405.162
24,5832,4,13122,593.472
24,5832,4,16384,739.798
24,5832,8,512,278.848
24,5832,8,768,290.262
24,5832,8,1152,309.056
24,5832,8,1728,333.016
24,5832,8,2592,375.232
24,5832,8,3888,439.298
24,5832,8,5832,532.822
24,5832,8,8748,779.5
24,5832,8,13122,1159.89
24,5832,8,16384,1466.2
24,5832,16,512,312.81
24,5832,16,768,334.144
24,5832,16,1152,369.944
24,5832,16,1728,422.87
24,5832,16,2592,499.756
24,5832,16,3888,616.62
24,5832,16,5832,817.708
24,5832,16,8748,1207.19
24,5832,16,13122,1805.51
24,5832,16,16384,2260.66
24,5832,32,512,403.818
24,5832,32,768,465.856
24,5832,32,1152,549.056
24,5832,32,1728,660.248
24,5832,32,2592,861.87
24,5832,32,3888,1177.48
24,5832,32,5832,1753.14
24,5832,32,8748,2586.2
24,5832,32,13122,4093.1
24,5832,32,16384,5153.74
24,5832,64,512,592.748
24,5832,64,768,719.682
24,5832,64,1152,889.068
24,5832,64,1728,1125.44
24,5832,64,2592,1569.46
24,5832,64,3888,2793.98
24,5832,64,5832,4421.24
24,5832,64,8748,6605.28
24,5832,64,13122,10869.4
24,5832,64,16384,14653.4
24,5832,128,512,989.06
24,5832,128,768,1311.58
24,5832,128,1152,1665.41
24,5832,128,1728,2392.56
24,5832,128,2592,4961.26
24,5832,128,3888,8342.44
24,5832,128,5832,12319
24,5832,128,8748,19190.1
24,5832,128,13122,33832.8
24,5832,128,16384,43560
24,8748,0,0,398.358
24,8748,1,512,391.34
24,8748,1,768,392.278
24,8748,1,1152,392.534
24,8748,1,1728,391.872
24,8748,1,2592,391.126
24,8748,1,3888,394.434
24,8748,1,5832,394.688
24,8748,1,8748,397.654
24,8748,1,13122,584.684
24,8748,1,16384,730.006
24,8748,2,512,393.708
24,8748,2,768,392.896
24,8748,2,1152,393.344
24,8748,2,1728,392.748
24,8748,2,2592,393.366
24,8748,2,3888,394.412
24,8748,2,5832,394.816
24,8748,2,8748,395.97
24,8748,2,13122,582.316
24,8748,2,16384,728.022
24,8748,4,512,392.832
24,8748,4,768,394.646
24,8748,4,1152,394.174
24,8748,4,1728,396.502
24,8748,4,2592,399.66
24,8748,4,3888,402.518
24,8748,4,5832,405.824
24,8748,4,8748,409.878
24,8748,4,13122,598.252
24,8748,4,16384,744.384
24,8748,8,512,399.104
24,8748,8,768,410.412
24,8748,8,1152,428.332
24,8748,8,1728,453.996
24,8748,8,2592,496.512
24,8748,8,3888,557.568
24,8748,8,5832,652.012
24,8748,8,8748,805.824
24,8748,8,13122,1157.74
24,8748,8,16384,1455.58
24,8748,16,512,432.62
24,8748,16,768,453.868
24,8748,16,1152,490.37
24,8748,16,1728,540.46
24,8748,16,2592,618.966
24,8748,16,3888,735.192
24,8748,16,5832,948.31
24,8748,16,8748,1222.44
24,8748,16,13122,1785.03
24,8748,16,16384,2255.04
24,8748,32,512,523.266
24,8748,32,768,584.384
24,8748,32,1152,668.546
24,8748,32,1728,781.166
24,8748,32,2592,981.334
24,8748,32,3888,1289.35
24,8748,32,5832,1804.01
24,8748,32,8748,2614.8
24,8748,32,13122,3892.7
24,8748,32,16384,5104.54
24,8748,64,512,719.042
24,8748,64,768,843.052
24,8748,64,1152,1027.29
24,8748,64,1728,1262.87
24,8748,64,2592,1726.17
24,8748,64,3888,2914.86
24,8748,64,5832,4396.54
24,8748,64,8748,6603.34
24,8748,64,13122,10309
24,8748,64,16384,14481.7
24,8748,128,512,1147.55
24,8748,128,768,1394.46
24,8748,128,1152,1842.42
24,8748,128,1728,2670.52
24,8748,128,2592,5103.26
24,8748,128,3888,8547.14
24,8748,128,5832,12797.9
24,8748,128,8748,18566.6
24,8748,128,13122,34443.6
24,8748,128,16384,43237.8
24,13122,0,0,588.672
24,13122,1,512,580.31
24,13122,1,768,581.548
24,13122,1,1152,580.824
24,13122,1,1728,588.204
24,13122,1,2592,587.946
24,13122,1,3888,588.78
24,13122,1,5832,587.52
24,13122,1,8748,585.728
24,13122,1,13122,589.952
24,13122,1,16384,728.682
24,13122,2,512,582.23
24,13122,2,768,581.846
24,13122,2,1152,583.576
24,13122,2,1728,585.11
24,13122,2,2592,584.854
24,13122,2,3888,586.006
24,13122,2,5832,585.578
24,13122,2,8748,584.834
24,13122,2,13122,584.086
24,13122,2,16384,730.368
24,13122,4,512,585.644
24,13122,4,768,585.984
24,13122,4,1152,586.178
24,13122,4,1728,586.284
24,13122,4,2592,589.184
24,13122,4,3888,592.192
24,13122,4,5832,592.47
24,13122,4,8748,597.228
24,13122,4,13122,602.538
24,13122,4,16384,750.38
24,13122,8,512,583.682
24,13122,8,768,586.818
24,13122,8,1152,606.336
24,13122,8,1728,627.862
24,13122,8,2592,672
24,13122,8,3888,734.316
24,13122,8,5832,830.742
24,13122,8,8748,978.22
24,13122,8,13122,1190.77
24,13122,8,16384,1445.74
24,13122,16,512,607.83
24,13122,16,768,631.554
24,13122,16,1152,667.436
24,13122,16,1728,717.23
24,13122,16,2592,795.948
24,13122,16,3888,913.878
24,13122,16,5832,1134.02
24,13122,16,8748,1437.57
24,13122,16,13122,1814.3
24,13122,16,16384,2221.3
24,13122,32,512,699.436
24,13122,32,768,762.264
24,13122,32,1152,846.018
24,13122,32,1728,958.892
24,13122,32,2592,1160.49
24,13122,32,3888,1465.18
24,13122,32,5832,2004.02
24,13122,32,8748,2742.66
24,13122,32,13122,3881.94
24,13122,32,16384,4810.46
24,13122,64,512,893.698
24,13122,64,768,1021.1
24,13122,64,1152,1214.64
24,13122,64,1728,1461.94
24,13122,64,2592,1955.14
24,13122,64,3888,3104.22
24,13122,64,5832,4471.98
24,13122,64,8748,6670.26
24,13122,64,13122,9942.3
24,13122,64,16384,12826.1
24,13122,128,512,1348.31
24,13122,128,768,1643.63
24,13122,128,1152,1983.86
24,13122,128,1728,2766.94
24,13122,128,2592,5413.88
24,13122,128,3888,8738.3
24,13122,128,5832,12984.9
24,13122,128,8748,20530.8
24,13122,128,13122,33557.6
24,13122,128,16384,43273
24,16384,0,0,739.328
24,16384,1,512,737.112
24,16384,1,768,735.742
24,16384,1,1152,736.45
24,16384,1,1728,736.364
24,16384,1,2592,736.13
24,16384,1,3888,736.834
24,16384,1,5832,734.614
24,16384,1,8748,736.236
24,16384,1,13122,732.524
24,16384,1,16384,734.08
24,16384,2,512,730.41
24,16384,2,768,731.542
24,16384,2,1152,731.692
24,16384,2,1728,730.092
24,16384,2,2592,730.304
24,16384,2,3888,731.458
24,16384,2,5832,730.262
24,16384,2,8748,730.112
24,16384,2,13122,730.69
24,16384,2,16384,730.902
24,16384,4,512,730.86
24,16384,4,768,731.372
24,16384,4,1152,731.926
24,16384,4,1728,731.18
24,16384,4,2592,734.146
24,16384,4,3888,738.476
24,16384,4,5832,738.668
24,16384,4,8748,744.298
24,16384,4,13122,746.242
24,16384,4,16384,753.494
24,16384,8,512,730.07
24,16384,8,768,731.584
24,16384,8,1152,737.302
24,16384,8,1728,762.796
24,16384,8,2592,805.93
24,16384,8,3888,869.954
24,16384,8,5832,960.514
24,16384,8,8748,1116.57
24,16384,8,13122,1332.89
24,16384,8,16384,1489.26
24,16384,16,512,745.75
24,16384,16,768,762.69
24,16384,16,1152,799.19
24,16384,16,1728,850.474
24,16384,16,2592,929.898
24,16384,16,3888,1046.87
24,16384,16,5832,1259.48
24,16384,16,8748,1554.46
24,16384,16,13122,1987.23
24,16384,16,16384,2264.12
24,16384,32,512,835.628
24,16384,32,768,896.45
24,16384,32,1152,977.472
24,16384,32,1728,1088.11
24,16384,32,2592,1292.89
24,16384,32,3888,1598.32
24,16384,32,5832,2149.88
24,16384,32,8748,2850.04
24,16384,32,13122,4048
24,16384,32,16384,4843.68
24,16384,64,512,1026.05
24,16384,64,768,1156.76
24,16384,64,1152,1345.73
24,16384,64,1728,1600.62
24,16384,64,2592,2100.76
24,16384,64,3888,3344.98
24,16384,64,5832,4667.8
24,16384,64,8748,6556.46
24,16384,64,13122,10592.4
24,16384,64,16384,12755.7
24,16384,128,512,1480.52
24,16384,128,768,1789.42
24,16384,128,1152,2183.84
24,16384,128,1728,2891.36
24,16384,128,2592,5587.2
24,16384,128,3888,8920.66
24,16384,128,5832,12990.4
24,16384,128,8748,19057.1
24,16384,128,13122,32838.8
24,16384,128,16384,43524.4
32,0,0,0,16.15
32,0,1,16,15.808
32,0,1,32,15.9793
32,0,1,64,16.022
32,0,1,128,19.4347
32,0,1,256,24.8314
32,0,1,512,34.5826
32,0,1,1024,56.362
32,0,1,2048,101.163
32,0,1,4096,190.464
32,0,1,8192,372.074
32,0,1,16384,728.856
32,0,2,16,15.786
32,0,2,32,15.7447
32,0,2,64,15.744
32,0,2,128,19.6693
32,0,2,256,24.6406
32,0,2,512,35.0086
32,0,2,1024,56.6186
32,0,2,2048,101.163
32,0,2,4096,189.781
32,0,2,8192,368.768
32,0,2,16384,728.256
32,0,4,16,15.8293
32,0,4,32,16.1707
32,0,4,64,15.8713
32,0,4,128,19.9893
32,0,4,256,25.1726
32,0,4,512,35.4774
32,0,4,1024,58.0054
32,0,4,2048,104.234
32,0,4,4096,196.096
32,0,4,8192,376.94
32,0,4,16384,735.126
32,0,8,16,24.4694
32,0,8,32,24.512
32,0,8,64,24.6826
32,0,8,128,33.152
32,0,8,256,44.33
32,0,8,512,65.6854
32,0,8,1024,111.019
32,0,8,2048,199.167
32,0,8,4096,378.838
32,0,8,8192,747.288
32,0,8,16384,1473.09
32,0,16,16,33.236
32,0,16,32,33.366
32,0,16,64,33.9206
32,0,16,128,48.0434
32,0,16,256,64.8754
32,0,16,512,97.9854
32,0,16,1024,165.44
32,0,16,2048,297.11
32,0,16,4096,564.694
32,0,16,8192,1124.42
32,0,16,16384,2206.44
32,0,32,16,57.9846
32,0,32,32,58.048
32,0,32,64,59.0074
32,0,32,128,88.4486
32,0,32,256,122.497
32,0,32,512,190.465
32,0,32,1024,331.798
32,0,32,2048,592.596
32,0,32,4096,1155.44
32,0,32,8192,2359.26
32,0,32,16384,4626.16
32,0,64,16,104.852
32,0,64,32,105.943
32,0,64,64,108.479
32,0,64,128,165.057
32,0,64,256,232.918
32,0,64,512,363.99
32,0,64,1024,621.378
32,0,64,2048,1108.89
32,0,64,4096,2868.54
32,0,64,8192,5819.12
32,0,64,16384,11845.8
32,0,128,16,190.763
32,0,128,32,193.665
32,0,128,64,202.028
32,0,128,128,326.892
32,0,128,256,481.686
32,0,128,512,778.262
32,0,128,1024,1343.85
32,0,128,2048,3090.72
32,0,128,4096,8600.6
32,0,128,8192,17245.8
32,0,128,16384,42426
32,16,0,0,16.4267
32,16,1,16,16.0427
32,16,1,32,16.0213
32,16,1,64,16.2353
32,16,1,128,19.1153
32,16,1,256,24.4906
32,16,1,512,34.602
32,16,1,1024,55.9354
32,16,1,2048,100.587
32,16,1,4096,189.078
32,16,1,8192,369.728
32,16,1,16384,725.95
32,16,2,16,16.4047
32,16,2,32,16.0427
32,16,2,64,16.1913
32,16,2,128,19.4987
32,16,2,256,24.8534
32,16,2,512,35.03
32,16,2,1024,56.384
32,16,2,2048,100.843
32,16,2,4096,189.568
32,16,2,8192,368.258
32,16,2,16384,727.276
32,16,4,16,16.0227
32,16,4,32,16.1913
32,16,4,64,16.3847
32,16,4,128,19.904
32,16,4,256,25.3454
32,16,4,512,36.0314
32,16,4,1024,58.7526
32,16,4,2048,103.851
32,16,4,4096,195.563
32,16,4,8192,376.17
32,16,4,16384,735.064
32,16,8,16,24.64
32,16,8,32,24.832
32,16,8,64,25.4934
32,16,8,128,33.408
32,16,8,256,44.352
32,16,8,512,65.4506
32,16,8,1024,110.359
32,16,8,2048,199.254
32,16,8,4096,378.882
32,16,8,8192,746.37
32,16,8,16384,1473.69
32,16,16,16,33.6626
32,16,16,32,33.6426
32,16,16,64,34.5174
32,16,16,128,47.83
32,16,16,256,64.704
32,16,16,512,97.6434
32,16,16,1024,165.738
32,16,16,2048,296.662
32,16,16,4096,562.52
32,16,16,8192,1118.96
32,16,16,16384,2206.28
32,16,32,16,57.856
32,16,32,32,58.3254
32,16,32,64,59.8614
32,16,32,128,88.342
32,16,32,256,123.477
32,16,32,512,190.657
32,16,32,1024,331.968
32,16,32,2048,590.976
32,16,32,4096,1149.89
32,16,32,8192,2361.52
32,16,32,16384,4630.5
32,16,64,16,105.195
32,16,64,32,106.176
32,16,64,64,108.694
32,16,64,128,165.206
32,16,64,256,232.812
32,16,64,512,362.922
32,16,64,1024,620.27
32,16,64,2048,1109.31
32,16,64,4096,2893.32
32,16,64,8192,5829.66
32,16,64,16384,11737.1
32,16,128,16,191.147
32,16,128,32,194.027
32,16,128,64,201.856
32,16,128,128,326.828
32,16,128,256,479.766
32,16,128,512,779.118
32,16,128,1024,1344.28
32,16,128,2048,3088.24
32,16,128,4096,8595.96
32,16,128,8192,17228.3
32,16,128,16384,43241.6
32,32,0,0,16.7253
32,32,1,16,16.3627
32,32,1,32,16.2993
32,32,1,64,16.406
32,32,1,128,19.456
32,32,1,256,24.9386
32,32,1,512,35.05
32,32,1,1024,56.3206
32,32,1,2048,100.822
32,32,1,4096,190.293
32,32,1,8192,370.88
32,32,1,16384,730.176
32,32,2,16,15.9993
32,32,2,32,16.192
32,32,2,64,16.2553
32,32,2,128,19.6053
32,32,2,256,24.7034
32,32,2,512,35.2206
32,32,2,1024,56.5754
32,32,2,2048,101.44
32,32,2,4096,190.165
32,32,2,8192,369.794
32,32,2,16384,727.724
32,32,4,16,16.1713
32,32,4,32,16.576
32,32,4,64,16.4913
32,32,4,128,20.1594
32,32,4,256,25.408
32,32,4,512,35.7546
32,32,4,1024,58.5814
32,32,4,2048,103.21
32,32,4,4096,195.563
32,32,4,8192,376.34
32,32,4,16384,736.15
32,32,8,16,24.7906
32,32,8,32,24.8754
32,32,8,64,25.5146
32,32,8,128,33.2806
32,32,8,256,44.544
32,32,8,512,65.7066
32,32,8,1024,110.293
32,32,8,2048,199.787
32,32,8,4096,378.818
32,32,8,8192,747.35
32,32,8,16384,1474.03
32,32,16,16,34.0906
32,32,16,32,33.75
32,32,16,64,35.0934
32,32,16,128,47.9366
32,32,16,256,64.662
32,32,16,512,98.1554
32,32,16,1024,166.123
32,32,16,2048,297.494
32,32,16,4096,563.372
32,32,16,8192,1125.12
32,32,16,16384,2210.18
32,32,32,16,58.1986
32,32,32,32,58.2186
32,32,32,64,59.926
32,32,32,128,88.2134
32,32,32,256,122.731
32,32,32,512,190.743
32,32,32,1024,331.926
32,32,32,2048,590.678
32,32,32,4096,1153.18
32,32,32,8192,2360.74
32,32,32,16384,4621
32,32,64,16,105.087
32,32,64,32,106.048
32,32,64,64,108.8
32,32,64,128,165.355
32,32,64,256,233.386
32,32,64,512,363.178
32,32,64,1024,620.632
32,32,64,2048,1110.91
32,32,64,4096,2892.62
32,32,64,8192,5822.94
32,32,64,16384,11920.5
32,32,128,16,191.509
32,32,128,32,194.177
32,32,128,64,203.436
32,32,128,128,328.322
32,32,128,256,482.966
32,32,128,512,779.436
32,32,128,1024,1346.35
32,32,128,2048,3098.76
32,32,128,4096,8601.48
32,32,128,8192,17243
32,32,128,16384,43277
32,64,0,0,16.576
32,64,1,16,15.9787
32,64,1,32,16.1287
32,64,1,64,16.3627
32,64,1,128,19.4987
32,64,1,256,24.404
32,64,1,512,34.6454
32,64,1,1024,56
32,64,1,2048,100.331
32,64,1,4096,189.612
32,64,1,8192,370.432
32,64,1,16384,728.684
32,64,2,16,15.9573
32,64,2,32,16.0007
32,64,2,64,16.2347
32,64,2,128,19.5193
32,64,2,256,24.618
32,64,2,512,34.9014
32,64,2,1024,56.3206
32,64,2,2048,100.735
32,64,2,4096,189.397
32,64,2,8192,368.428
32,64,2,16384,727.21
32,64,4,16,15.8293
32,64,4,32,15.8927
32,64,4,64,16.4067
32,64,4,128,19.8607
32,64,4,256,25.0666
32,64,4,512,35.8394
32,64,4,1024,58.0274
32,64,4,2048,103.211
32,64,4,4096,195.221
32,64,4,8192,375.168
32,64,4,16384,732.608
32,64,8,16,24.5966
32,64,8,32,24.8326
32,64,8,64,25.728
32,64,8,128,32.9386
32,64,8,256,43.8394
32,64,8,512,65.0034
32,64,8,1024,110.145
32,64,8,2048,198.656
32,64,8,4096,378.198
32,64,8,8192,744.662
32,64,8,16384,1473
32,64,16,16,33.4714
32,64,16,32,33.7706
32,64,16,64,34.39
32,64,16,128,47.872
32,64,16,256,64.406
32,64,16,512,97.046
32,64,16,1024,164.5
32,64,16,2048,296.512
32,64,16,4096,560.79
32,64,16,8192,1121.9
32,64,16,16384,2202.06
32,64,32,16,57.6646
32,64,32,32,58.1554
32,64,32,64,59.3914
32,64,32,128,88.1274
32,64,32,256,121.794
32,64,32,512,190.016
32,64,32,1024,330.688
32,64,32,2048,590.104
32,64,32,4096,1148.61
32,64,32,8192,2352.18
32,64,32,16384,4622.52
32,64,64,16,104.491
32,64,64,32,105.493
32,64,64,64,108.075
32,64,64,128,164.523
32,64,64,256,232.898
32,64,64,512,362.902
32,64,64,1024,618.754
32,64,64,2048,1107.67
32,64,64,4096,2885.6
32,64,64,8192,5814.5
32,64,64,16384,11771.4
32,64,128,16,191.637
32,64,128,32,194.859
32,64,128,64,203.756
32,64,128,128,328.194
32,64,128,256,480.898
32,64,128,512,780.908
32,64,128,1024,1345.56
32,64,128,2048,3082.38
32,64,128,4096,8604.82
32,64,128,8192,17264
32,64,128,16384,40039.2
32,128,0,0,21.4186
32,128,1,16,19.9887
32,128,1,32,20.2026
32,128,1,64,20.0974
32,128,1,128,20.8846
32,128,1,256,24.662
32,128,1,512,34.368
32,128,1,1024,56.4266
32,128,1,2048,101.077
32,128,1,4096,190.102
32,128,1,8192,371.114
32,128,1,16384,730.026
32,128,2,16,19.8193
32,128,2,32,19.7973
32,128,2,64,19.9047
32,128,2,128,20.6926
32,128,2,256,24.5974
32,128,2,512,34.9226
32,128,2,1024,56.7466
32,128,2,2048,101.61
32,128,2,4096,190.677
32,128,2,8192,370.774
32,128,2,16384,727.85
32,128,4,16,19.8407
32,128,4,32,19.7967
32,128,4,64,19.9253
32,128,4,128,20.8434
32,128,4,256,25.196
32,128,4,512,35.4346
32,128,4,1024,58.3894
32,128,4,2048,103.915
32,128,4,4096,196.566
32,128,4,8192,376.768
32,128,4,16384,736.086
32,128,8,16,30.144
32,128,8,32,30.08
32,128,8,64,30.5066
32,128,8,128,35.008
32,128,8,256,44.3306
32,128,8,512,65.6206
32,128,8,1024,110.102
32,128,8,2048,199.829
32,128,8,4096,378.54
32,128,8,8192,746.178
32,128,8,16384,1474.9
32,128,16,16,38.7846
32,128,16,32,38.8694
32,128,16,64,39.616
32,128,16,128,49.0674
32,128,16,256,64.7254
32,128,16,512,98.198
32,128,16,1024,166.229
32,128,16,2048,298.006
32,128,16,4096,563.394
32,128,16,8192,1119.83
32,128,16,16384,2203
32,128,32,16,62.7206
32,128,32,32,63.6374
32,128,32,64,64.896
32,128,32,128,89.686
32,128,32,256,122.795
32,128,32,512,189.61
32,128,32,1024,331.862
32,128,32,2048,590.7
32,128,32,4096,1143.73
32,128,32,8192,2357.26
32,128,32,16384,4627.28
32,128,64,16,105.749
32,128,64,32,106.923
32,128,64,64,109.675
32,128,64,128,167.851
32,128,64,256,235.264
32,128,64,512,364.31
32,128,64,1024,620.056
32,128,64,2048,1112.62
32,128,64,4096,2899.64
32,128,64,8192,5812.26
32,128,64,16384,12251.3
32,128,128,16,193.322
32,128,128,32,195.564
32,128,128,64,203.052
32,128,128,128,329.196
32,128,128,256,485.336
32,128,128,512,778.926
32,128,128,1024,1345.48
32,128,128,2048,3077.9
32,128,128,4096,8604.54
32,128,128,8192,17287.1
32,128,128,16384,42869.4
32,256,0,0,26.0266
32,256,1,16,25.0666
32,256,1,32,24.94
32,256,1,64,25.0246
32,256,1,128,24.7254
32,256,1,256,25.3646
32,256,1,512,34.304
32,256,1,1024,56.256
32,256,1,2048,100.672
32,256,1,4096,189.248
32,256,1,8192,369.642
32,256,1,16384,728.874
32,256,2,16,24.8746
32,256,2,32,24.8966
32,256,2,64,25.0246
32,256,2,128,24.64
32,256,2,256,25.386
32,256,2,512,34.6666
32,256,2,1024,56.2554
32,256,2,2048,100.331
32,256,2,4096,189.846
32,256,2,8192,368.042
32,256,2,16384,728.214
32,256,4,16,24.8326
32,256,4,32,24.8746
32,256,4,64,24.9386
32,256,4,128,25.1946
32,256,4,256,25.4294
32,256,4,512,35.5414
32,256,4,1024,58.2834
32,256,4,2048,104.705
32,256,4,4096,195.713
32,256,4,8192,377.238
32,256,4,16384,737.77
32,256,8,16,35.1154
32,256,8,32,35.2426
32,256,8,64,35.9886
32,256,8,128,40.4914
32,256,8,256,46.0374
32,256,8,512,65.6854
32,256,8,1024,110.741
32,256,8,2048,200.172
32,256,8,4096,378.54
32,256,8,8192,746.134
32,256,8,16384,1475.12
32,256,16,16,44.5874
32,256,16,32,44.0534
32,256,16,64,45.0986
32,256,16,128,54.016
32,256,16,256,65.5354
32,256,16,512,97.366
32,256,16,1024,164.949
32,256,16,2048,296.278
32,256,16,4096,562.884
32,256,16,8192,1122.26
32,256,16,16384,2200.24
32,256,32,16,67.9466
32,256,32,32,69.1626
32,256,32,64,70.464
32,256,32,128,95.2746
32,256,32,256,124.139
32,256,32,512,188.864
32,256,32,1024,331.734
32,256,32,2048,590.7
32,256,32,4096,1150.42
32,256,32,8192,2360.62
32,256,32,16384,4638.74
32,256,64,16,111.659
32,256,64,32,112.448
32,256,64,64,114.752
32,256,64,128,168.684
32,256,64,256,237.526
32,256,64,512,366.166
32,256,64,1024,621.656
32,256,64,2048,1115.23
32,256,64,4096,2899.14
32,256,64,8192,5828.56
32,256,64,16384,11666.6
32,256,128,16,199.019
32,256,128,32,200.854
32,256,128,64,207.402
32,256,128,128,330.07
32,256,128,256,486.978
32,256,128,512,779.778
32,256,128,1024,1346.54
32,256,128,2048,3093.92
32,256,128,4096,8609.88
32,256,128,8192,17220.2
32,256,128,16384,42599.8
32,512,0,0,35.8186
32,512,1,16,35.328
32,512,1,32,35.4126
32,512,1,64,35.3494
32,512,1,128,35.0506
32,512,1,256,35.0294
32,512,1,512,35.37
32,512,1,1024,56.2994
32,512,1,2048,100.885
32,512,1,4096,192.065
32,512,1,8192,370.794
32,512,1,16384,730.816
32,512,2,16,35.0934
32,512,2,32,35.0946
32,512,2,64,35.1126
32,512,2,128,35.1154
32,512,2,256,35.0306
32,512,2,512,35.3074
32,512,2,1024,56.448
32,512,2,2048,100.693
32,512,2,4096,191.276
32,512,2,8192,371.158
32,512,2,16384,728.044
32,512,4,16,35.264
32,512,4,32,35.35
32,512,4,64,35.3486
32,512,4,128,35.3714
32,512,4,256,35.5634
32,512,4,512,36.246
32,512,4,1024,58.816
32,512,4,2048,104.491
32,512,4,4096,196.565
32,512,4,8192,377.346
32,512,4,16384,737.216
32,512,8,16,45.3546
32,512,8,32,45.5886
32,512,8,64,45.6746
32,512,8,128,50.9006
32,512,8,256,56.0854
32,512,8,512,67.2654
32,512,8,1024,111.531
32,512,8,2048,199.765
32,512,8,4096,379.648
32,512,8,8192,744.598
32,512,8,16384,1472.49
32,512,16,16,55.1666
32,512,16,32,55.04
32,512,16,64,56.0846
32,512,16,128,65.0246
32,512,16,256,76.8
32,512,16,512,99.3286
32,512,16,1024,166.145
32,512,16,2048,298.774
32,512,16,4096,561.772
32,512,16,8192,1124.2
32,512,16,16384,2206.96
32,512,32,16,79.1894
32,512,32,32,80.4494
32,512,32,64,81.8346
32,512,32,128,105.622
32,512,32,256,133.653
32,512,32,512,190.571
32,512,32,1024,332.504
32,512,32,2048,591
32,512,32,4096,1147.8
32,512,32,8192,2360.26
32,512,32,16384,4641.48
32,512,64,16,126.272
32,512,64,32,127.02
32,512,64,64,129.451
32,512,64,128,176
32,512,64,256,240.706
32,512,64,512,370.008
32,512,64,1024,626.326
32,512,64,2048,1111.88
32,512,64,4096,2890.76
32,512,64,8192,5824.86
32,512,64,16384,11950.8
32,512,128,16,209.046
32,512,128,32,212.268
32,512,128,64,219.714
32,512,128,128,336.662
32,512,128,256,488.236
32,512,128,512,785.476
32,512,128,1024,1348.23
32,512,128,2048,3089.52
32,512,128,4096,8611.06
32,512,128,8192,17181.7
32,512,128,16384,42942.2
32,1024,0,0,58.432
32,1024,1,16,56.9166
32,1024,1,32,57.152
32,1024,1,64,57.216
32,1024,1,128,57.2586
32,1024,1,256,56.768
32,1024,1,512,56.9394
32,1024,1,1024,57.536
32,1024,1,2048,101.227
32,1024,1,4096,190.293
32,1024,1,8192,370.604
32,1024,1,16384,731.82
32,1024,2,16,56.7466
32,1024,2,32,56.6814
32,1024,2,64,56.832
32,1024,2,128,56.7686
32,1024,2,256,56.896
32,1024,2,512,57.024
32,1024,2,1024,57.472
32,1024,2,2048,101.654
32,1024,2,4096,190.741
32,1024,2,8192,371.136
32,1024,2,16384,727.02
32,1024,4,16,56.6394
32,1024,4,32,56.9386
32,1024,4,64,56.768
32,1024,4,128,57.0454
32,1024,4,256,57.7486
32,1024,4,512,58.0054
32,1024,4,1024,59.7974
32,1024,4,2048,105.003
32,1024,4,4096,196.097
32,1024,4,8192,378.43
32,1024,4,16384,738.286
32,1024,8,16,66.24
32,1024,8,32,66.4746
32,1024,8,64,66.8374
32,1024,8,128,71.6146
32,1024,8,256,77.7806
32,1024,8,512,88.534
32,1024,8,1024,112.532
32,1024,8,2048,201.13
32,1024,8,4096,381.036
32,1024,8,8192,740.738
32,1024,8,16384,1473.96
32,1024,16,16,75.5414
32,1024,16,32,75.9046
32,1024,16,64,76.3946
32,1024,16,128,86.3366
32,1024,16,256,98.0486
32,1024,16,512,120.939
32,1024,16,1024,166.507
32,1024,16,2048,299.264
32,1024,16,4096,563.882
32,1024,16,8192,1119.17
32,1024,16,16384,2208.12
32,1024,32,16,100.992
32,1024,32,32,101.291
32,1024,32,64,102.485
32,1024,32,128,127.274
32,1024,32,256,154.945
32,1024,32,512,210.048
32,1024,32,1024,334.89
32,1024,32,2048,590.7
32,1024,32,4096,1157.19
32,1024,32,8192,2366.94
32,1024,32,16384,4649.3
32,1024,64,16,147.797
32,1024,64,32,149.739
32,1024,64,64,152.363
32,1024,64,128,204.524
32,1024,64,256,265.366
32,1024,64,512,383.042
32,1024,64,1024,631.744
32,1024,64,2048,1126.19
32,1024,64,4096,2897.34
32,1024,64,8192,5842.28
32,1024,64,16384,11882.5
32,1024,128,16,234.71
32,1024,128,32,236.012
32,1024,128,64,244.118
32,1024,128,128,359.34
32,1024,128,256,505.496
32,1024,128,512,786.84
32,1024,128,1024,1353.54
32,1024,128,2048,3063.2
32,1024,128,4096,8614.14
32,1024,128,8192,17333.5
32,1024,128,16384,43319.4
32,2048,0,0,103.361
32,2048,1,16,101.441
32,2048,1,32,101.633
32,2048,1,64,102.209
32,2048,1,128,101.547
32,2048,1,256,101.611
32,2048,1,512,102.058
32,2048,1,1024,101.184
32,2048,1,2048,101.782
32,2048,1,4096,190.72
32,2048,1,8192,369.792
32,2048,1,16384,730.22
32,2048,2,16,100.886
32,2048,2,32,101.035
32,2048,2,64,101.056
32,2048,2,128,101.632
32,2048,2,256,101.335
32,2048,2,512,101.376
32,2048,2,1024,101.824
32,2048,2,2048,102.358
32,2048,2,4096,190.527
32,2048,2,8192,370.56
32,2048,2,16384,728.898
32,2048,4,16,101.097
32,2048,4,32,101.226
32,2048,4,64,101.526
32,2048,4,128,101.696
32,2048,4,256,102.528
32,2048,4,512,102.935
32,2048,4,1024,104.384
32,2048,4,2048,106.709
32,2048,4,4096,198.057
32,2048,4,8192,378.966
32,2048,4,16384,738.304
32,2048,8,16,107.669
32,2048,8,32,107.925
32,2048,8,64,108.395
32,2048,8,128,113.407
32,2048,8,256,119.081
32,2048,8,512,130.176
32,2048,8,1024,154.091
32,2048,8,2048,202.24
32,2048,8,4096,381.036
32,2048,8,8192,734.146
32,2048,8,16384,1477.1
32,2048,16,16,117.397
32,2048,16,32,117.867
32,2048,16,64,117.867
32,2048,16,128,127.359
32,2048,16,256,140.202
32,2048,16,512,162.753
32,2048,16,1024,208.62
32,2048,16,2048,299.562
32,2048,16,4096,565.484
32,2048,16,8192,1116.87
32,2048,16,16384,2207.78
32,2048,32,16,142.081
32,2048,32,32,142.529
32,2048,32,64,144.043
32,2048,32,128,169.215
32,2048,32,256,197.931
32,2048,32,512,252.48
32,2048,32,1024,367.978
32,2048,32,2048,597.932
32,2048,32,4096,1150.81
32,2048,32,8192,2370.62
32,2048,32,16384,4626.4
32,2048,64,16,191.04
32,2048,64,32,192.277
32,2048,64,64,195.84
32,2048,64,128,250.048
32,2048,64,256,314.774
32,2048,64,512,428.226
32,2048,64,1024,661.272
32,2048,64,2048,1157.4
32,2048,64,4096,2838.46
32,2048,64,8192,5853.34
32,2048,64,16384,12411.1
32,2048,128,16,280.042
32,2048,128,32,280.918
32,2048,128,64,290.326
32,2048,128,128,403.116
32,2048,128,256,550.956
32,2048,128,512,829.058
32,2048,128,1024,1368.47
32,2048,128,2048,3108.54
32,2048,128,4096,8677.98
32,2048,128,8192,17854.2
32,2048,128,16384,42896
32,4096,0,0,193.322
32,4096,1,16,190.122
32,4096,1,32,190.421
32,4096,1,64,189.803
32,4096,1,128,189.953
32,4096,1,256,189.675
32,4096,1,512,189.995
32,4096,1,1024,189.867
32,4096,1,2048,190.251
32,4096,1,4096,192.641
32,4096,1,8192,370.518
32,4096,1,16384,731.758
32,4096,2,16,189.974
32,4096,2,32,190.337
32,4096,2,64,190.229
32,4096,2,128,190.783
32,4096,2,256,190.316
32,4096,2,512,189.973
32,4096,2,1024,190.848
32,4096,2,2048,190.806
32,4096,2,4096,191.167
32,4096,2,8192,371.158
32,4096,2,16384,729.9
32,4096,4,16,190.869
32,4096,4,32,190.164
32,4096,4,64,190.294
32,4096,4,128,190.123
32,4096,4,256,191.253
32,4096,4,512,191.531
32,4096,4,1024,193.493
32,4096,4,2048,195.99
32,4096,4,4096,200.982
32,4096,4,8192,380.95
32,4096,4,16384,739.18
32,4096,8,16,191.168
32,4096,8,32,190.678
32,4096,8,64,191.189
32,4096,8,128,196.373
32,4096,8,256,202.262
32,4096,8,512,212.822
32,4096,8,1024,236.758
32,4096,8,2048,284.524
32,4096,8,4096,382.742
32,4096,8,8192,731.052
32,4096,8,16384,1474.07
32,4096,16,16,199.701
32,4096,16,32,199.595
32,4096,16,64,200.426
32,4096,16,128,211.734
32,4096,16,256,223.126
32,4096,16,512,246.294
32,4096,16,1024,291.668
32,4096,16,2048,385.942
32,4096,16,4096,571.756
32,4096,16,8192,1111.62
32,4096,16,16384,2214.6
32,4096,32,16,224.47
32,4096,32,32,225.26
32,4096,32,64,226.902
32,4096,32,128,252.14
32,4096,32,256,280.684
32,4096,32,512,336.384
32,4096,32,1024,452.268
32,4096,32,2048,672.428
32,4096,32,4096,1196.14
32,4096,32,8192,2438.96
32,4096,32,16384,5008.32
32,4096,64,16,273.174
32,4096,64,32,275.136
32,4096,64,64,278.592
32,4096,64,128,335.766
32,4096,64,256,401.324
32,4096,64,512,527.318
32,4096,64,1024,753.944
32,4096,64,2048,1200.41
32,4096,64,4096,2996.72
32,4096,64,8192,6331.88
32,4096,64,16384,13494.7
32,4096,128,16,367.916
32,4096,128,32,371.264
32,4096,128,64,379.328
32,4096,128,128,495.534
32,4096,128,256,635.48
32,4096,128,512,920.002
32,4096,128,1024,1459.38
32,4096,128,2048,3167.84
32,4096,128,4096,8676.32
32,4096,128,8192,18440.4
32,4096,128,16384,43389
32,8192,0,0,374.848
32,8192,1,16,373.034
32,8192,1,32,373.548
32,8192,1,64,373.396
32,8192,1,128,374.144
32,8192,1,256,372.714
32,8192,1,512,372.374
32,8192,1,1024,373.292
32,8192,1,2048,372.31
32,8192,1,4096,371.82
32,8192,1,8192,373.058
32,8192,1,16384,731.862
32,8192,2,16,370.304
32,8192,2,32,369.834
32,8192,2,64,370.432
32,8192,2,128,370.496
32,8192,2,256,370.582
32,8192,2,512,370.582
32,8192,2,1024,370.304
32,8192,2,2048,371.03
32,8192,2,4096,371.286
32,8192,2,8192,373.206
32,8192,2,16384,729.45
32,8192,4,16,370.732
32,8192,4,32,370.326
32,8192,4,64,370.858
32,8192,4,128,371.05
32,8192,4,256,370.774
32,8192,4,512,371.2
32,8192,4,1024,373.462
32,8192,4,2048,373.546
32,8192,4,4096,379.286
32,8192,4,8192,385.622
32,8192,4,16384,743.362
32,8192,8,16,369.344
32,8192,8,32,367.574
32,8192,8,64,368.278
32,8192,8,128,369.494
32,8192,8,256,370.666
32,8192,8,512,377.536
32,8192,8,1024,403.864
32,8192,8,2048,451.306
32,8192,8,4096,549.972
32,8192,8,8192,757.676
32,8192,8,16384,1459.44
32,8192,16,16,368.192
32,8192,16,32,368.618
32,8192,16,64,369.302
32,8192,16,128,377.28
32,8192,16,256,389.482
32,8192,16,512,412.012
32,8192,16,1024,457.386
32,8192,16,2048,551.852
32,8192,16,4096,736.92
32,8192,16,8192,1152.54
32,8192,16,16384,2255.66
32,8192,32,16,390.4
32,8192,32,32,390.38
32,8192,32,64,393.622
32,8192,32,128,417.004
32,8192,32,256,445.676
32,8192,32,512,501.228
32,8192,32,1024,618.178
32,8192,32,2048,842.52
32,8192,32,4096,1342.36
32,8192,32,8192,2463.76
32,8192,32,16384,5108.76
32,8192,64,16,439.042
32,8192,64,32,439.296
32,8192,64,64,442.07
32,8192,64,128,499.564
32,8192,64,256,569.836
32,8192,64,512,701.87
32,8192,64,1024,945.668
32,8192,64,2048,1412.59
32,8192,64,4096,3083.16
32,8192,64,8192,6197.64
32,8192,64,16384,14006.6
32,8192,128,16,532.482
32,8192,128,32,536.62
32,8192,128,64,546.008
32,8192,128,128,668.226
32,8192,128,256,832.066
32,8192,128,512,1114.46
32,8192,128,1024,1644.83
32,8192,128,2048,3316.42
32,8192,128,4096,8951.6
32,8192,128,8192,17461.8
32,8192,128,16384,43601
32,16384,0,0,738.05
32,16384,1,16,734.912
32,16384,1,32,735.68
32,16384,1,64,734.808
32,16384,1,128,735.514
32,16384,1,256,735.638
32,16384,1,512,737.002
32,16384,1,1024,737.6
32,16384,1,2048,737.474
32,16384,1,4096,737.536
32,16384,1,8192,736.128
32,16384,1,16384,733.974
32,16384,2,16,730.412
32,16384,2,32,731.222
32,16384,2,64,732.544
32,16384,2,128,730.454
32,16384,2,256,730.836
32,16384,2,512,732.288
32,16384,2,1024,733.184
32,16384,2,2048,729.898
32,16384,2,4096,731.094
32,16384,2,8192,731.69
32,16384,2,16384,730.2
32,16384,4,16,729.068
32,16384,4,32,728.384
32,16384,4,64,731.33
32,16384,4,128,732.078
32,16384,4,256,731.308
32,16384,4,512,732.566
32,16384,4,1024,734.698
32,16384,4,2048,735.68
32,16384,4,4096,738.754
32,16384,4,8192,743.468
32,16384,4,16384,752.576
32,16384,8,16,726.87
32,16384,8,32,726.678
32,16384,8,64,726.21
32,16384,8,128,728.128
32,16384,8,256,729.322
32,16384,8,512,730.07
32,16384,8,1024,731.948
32,16384,8,2048,781.824
32,16384,8,4096,878.36
32,16384,8,8192,1096.45
32,16384,8,16384,1485.89
32,16384,16,16,728.064
32,16384,16,32,726.464
32,16384,16,64,727.98
32,16384,16,128,730.156
32,16384,16,256,731.116
32,16384,16,512,741.508
32,16384,16,1024,789.228
32,16384,16,2048,882.134
32,16384,16,4096,1068.63
32,16384,16,8192,1497.8
32,16384,16,16384,2267.36
32,16384,32,16,727.576
32,16384,32,32,727.234
32,16384,32,64,728.792
32,16384,32,128,746.008
32,16384,32,256,776.812
32,16384,32,512,832.384
32,16384,32,1024,949.614
32,16384,32,2048,1172.7
32,16384,32,4096,1668.01
32,16384,32,8192,2722.7
32,16384,32,16384,4866.16
32,16384,64,16,767.916
32,16384,64,32,771.798
32,16384,64,64,773.292
32,16384,64,128,829.912
32,16384,64,256,899.116
32,16384,64,512,1028.4
32,16384,64,1024,1282.44
32,16384,64,2048,1764.42
32,16384,64,4096,3553.52
32,16384,64,8192,6178.32
32,16384,64,16384,12543.1
32,16384,128,16,861.74
32,16384,128,32,864.046
32,16384,128,64,873.026
32,16384,128,128,997.336
32,16384,128,256,1160.05
32,16384,128,512,1484.89
32,16384,128,1024,2045.74
32,16384,128,2048,3793.56
32,16384,128,4096,9320.44
32,16384,128,8192,18132.8
32,16384,128,16384,43090
36,0,0,0,16.2567
36,0,1,512,34.7726
36,0,1,768,45.0554
36,0,1,1152,61.3974
36,0,1,1728,84.6294
36,0,1,2592,123.882
36,0,1,3888,179.479
36,0,1,5832,264.108
36,0,1,8748,393.13
36,0,1,13122,581.654
36,0,1,16384,729.6
36,0,2,512,34.9234
36,0,2,768,45.952
36,0,2,1152,61.6966
36,0,2,1728,84.822
36,0,2,2592,123.904
36,0,2,3888,179.265
36,0,2,5832,262.85
36,0,2,8748,393.984
36,0,2,13122,582.208
36,0,2,16384,728.256
36,0,4,512,35.6486
36,0,4,768,46.656
36,0,4,1152,63.7226
36,0,4,1728,87.318
36,0,4,2592,127.296
36,0,4,3888,182.869
36,0,4,5832,269.526
36,0,4,8748,400.15
36,0,4,13122,588.372
36,0,4,16384,737.238
36,0,8,512,65.7066
36,0,8,768,87.68
36,0,8,1152,121.664
36,0,8,1728,167.339
36,0,8,2592,244.286
36,0,8,3888,357.824
36,0,8,5832,523.67
36,0,8,8748,789.764
36,0,8,13122,1180.25
36,0,8,16384,1476.95
36,0,16,512,97.962
36,0,16,768,131.371
36,0,16,1152,182.295
36,0,16,1728,250.922
36,0,16,2592,367.146
36,0,16,3888,529.92
36,0,16,5832,784.002
36,0,16,8748,1194.63
36,0,16,13122,1769.6
36,0,16,16384,2210.84
36,0,32,512,190.721
36,0,32,768,263.36
36,0,32,1152,367.958
36,0,32,1728,496.022
36,0,32,2592,734.488
36,0,32,3888,1075.31
36,0,32,5832,1678.58
36,0,32,8748,2509.94
36,0,32,13122,3724.66
36,0,32,16384,4628.68
36,0,64,512,363.97
36,0,64,768,491.564
36,0,64,1152,684.034
36,0,64,1728,936.174
36,0,64,2592,1442.07
36,0,64,3888,2698.38
36,0,64,5832,4172.36
36,0,64,8748,6206.92
36,0,64,13122,9471.4
36,0,64,16384,11809.3
36,0,128,512,777.858
36,0,128,768,1064.79
36,0,128,1152,1479.17
36,0,128,1728,2232.58
36,0,128,2592,4700.68
36,0,128,3888,8161.46
36,0,128,5832,12200.6
36,0,128,8748,18335.3
36,0,128,13122,29317.6
36,0,128,16384,41605.4
36,512,0,0,36.2226
36,512,1,512,35.4346
36,512,1,768,44.97
36,512,1,1152,61.7174
36,512,1,1728,84.4586
36,512,1,2592,124.416
36,512,1,3888,178.581
36,512,1,5832,264.342
36,512,1,8748,394.006
36,512,1,13122,581.42
36,512,1,16384,732.82
36,512,2,512,35.8194
36,512,2,768,45.4826
36,512,2,1152,62.0594
36,512,2,1728,85.376
36,512,2,2592,124.267
36,512,2,3888,179.713
36,512,2,5832,262.914
36,512,2,8748,394.176
36,512,2,13122,582.188
36,512,2,16384,726.124
36,512,4,512,36.3306
36,512,4,768,46.7426
36,512,4,1152,64.2986
36,512,4,1728,87.8514
36,512,4,2592,127.659
36,512,4,3888,183.935
36,512,4,5832,270.636
36,512,4,8748,401.216
36,512,4,13122,589.718
36,512,4,16384,737.624
36,512,8,512,67.3066
36,512,8,768,87.9354
36,512,8,1152,122.325
36,512,8,1728,168.065
36,512,8,2592,244.652
36,512,8,3888,357.888
36,512,8,5832,522.922
36,512,8,8748,785.282
36,512,8,13122,1180.23
36,512,8,16384,1475.1
36,512,16,512,99.072
36,512,16,768,131.777
36,512,16,1152,182.486
36,512,16,1728,251.308
36,512,16,2592,366.442
36,512,16,3888,531.884
36,512,16,5832,786.646
36,512,16,8748,1194.48
36,512,16,13122,1769.35
36,512,16,16384,2210.36
36,512,32,512,191.597
36,512,32,768,260.268
36,512,32,1152,367.936
36,512,32,1728,498.306
36,512,32,2592,732.332
36,512,32,3888,1079.53
36,512,32,5832,1681.41
36,512,32,8748,2501.5
36,512,32,13122,3713.16
36,512,32,16384,4642.94
36,512,64,512,367.574
36,512,64,768,496.342
36,512,64,1152,688.77
36,512,64,1728,943.32
36,512,64,2592,1441.05
36,512,64,3888,2703.44
36,512,64,5832,4170.28
36,512,64,8748,6206.82
36,512,64,13122,9353.46
36,512,64,16384,11738.9
36,512,128,512,784.342
36,512,128,768,1066.65
36,512,128,1152,1481.48
36,512,128,1728,2255.42
36,512,128,2592,4645.3
36,512,128,3888,8194.1
36,512,128,5832,12227.8
36,512,128,8748,18354
36,512,128,13122,28697
36,512,128,16384,43208.2
36,768,0,0,46.378
36,768,1,512,45.7166
36,768,1,768,45.6966
36,768,1,1152,61.5686
36,768,1,1728,84.608
36,768,1,2592,124.012
36,768,1,3888,178.815
36,768,1,5832,264.384
36,768,1,8748,393.238
36,768,1,13122,582.506
36,768,1,16384,729.666
36,768,2,512,45.6966
36,768,2,768,45.9954
36,768,2,1152,61.9714
36,768,2,1728,84.7574
36,768,2,2592,124.181
36,768,2,3888,179.285
36,768,2,5832,262.826
36,768,2,8748,394.496
36,768,2,13122,582.124
36,768,2,16384,727.936
36,768,4,512,47.1686
36,768,4,768,47.6154
36,768,4,1152,64.042
36,768,4,1728,88.0214
36,768,4,2592,128.64
36,768,4,3888,185.409
36,768,4,5832,271.382
36,768,4,8748,402.346
36,768,4,13122,591.36
36,768,4,16384,736.278
36,768,8,512,77.76
36,768,8,768,89.4714
36,768,8,1152,122.091
36,768,8,1728,168.127
36,768,8,2592,245.824
36,768,8,3888,357.93
36,768,8,5832,524.394
36,768,8,8748,782.124
36,768,8,13122,1180.25
36,768,8,16384,1473.09
36,768,16,512,109.377
36,768,16,768,132.821
36,768,16,1152,182.464
36,768,16,1728,252.01
36,768,16,2592,366.614
36,768,16,3888,532.268
36,768,16,5832,785.216
36,768,16,8748,1196.27
36,768,16,13122,1768.77
36,768,16,16384,2209.52
36,768,32,512,200.684
36,768,32,768,262.87
36,768,32,1152,367.51
36,768,32,1728,498.476
36,768,32,2592,732.458
36,768,32,3888,1077.4
36,768,32,5832,1685.64
36,768,32,8748,2505.52
36,768,32,13122,3716.4
36,768,32,16384,4651.74
36,768,64,512,369.558
36,768,64,768,498.668
36,768,64,1152,690.092
36,768,64,1728,941.804
36,768,64,2592,1439.9
36,768,64,3888,2698.72
36,768,64,5832,4176.52
36,768,64,8748,6217.58
36,768,64,13122,9334.18
36,768,64,16384,11749.9
36,768,128,512,784.366
36,768,128,768,1074.16
36,768,128,1152,1484.27
36,768,128,1728,2250.7
36,768,128,2592,4710.02
36,768,128,3888,8177.04
36,768,128,5832,12235.3
36,768,128,8748,18443.5
36,768,128,13122,31348.2
36,768,128,16384,42929.2
36,1152,0,0,63.7446
36,1152,1,512,62.2934
36,1152,1,768,62.102
36,1152,1,1152,62.784
36,1152,1,1728,84.7786
36,1152,1,2592,124.224
36,1152,1,3888,178.709
36,1152,1,5832,264.192
36,1152,1,8748,393.408
36,1152,1,13122,583.128
36,1152,1,16384,729.876
36,1152,2,512,62.272
36,1152,2,768,62.1014
36,1152,2,1152,62.592
36,1152,2,1728,84.9274
36,1152,2,2592,125.249
36,1152,2,3888,179.52
36,1152,2,5832,264.044
36,1152,2,8748,393.28
36,1152,2,13122,583.02
36,1152,2,16384,728
36,1152,4,512,63.4674
36,1152,4,768,64.0854
36,1152,4,1152,65.1514
36,1152,4,1728,88.7466
36,1152,4,2592,128.789
36,1152,4,3888,186.304
36,1152,4,5832,272.704
36,1152,4,8748,402.028
36,1152,4,13122,592.108
36,1152,4,16384,738.348
36,1152,8,512,94.1866
36,1152,8,768,105.215
36,1152,8,1152,123.115
36,1152,8,1728,169.92
36,1152,8,2592,246.08
36,1152,8,3888,358.55
36,1152,8,5832,521.964
36,1152,8,8748,783.234
36,1152,8,13122,1182.91
36,1152,8,16384,1472.97
36,1152,16,512,126.869
36,1152,16,768,148.672
36,1152,16,1152,183.551
36,1152,16,1728,251.904
36,1152,16,2592,366.316
36,1152,16,3888,532.972
36,1152,16,5832,786.668
36,1152,16,8748,1193.96
36,1152,16,13122,1770.35
36,1152,16,16384,2206.96
36,1152,32,512,215.682
36,1152,32,768,275.458
36,1152,32,1152,368.47
36,1152,32,1728,497.834
36,1152,32,2592,733.632
36,1152,32,3888,1085.85
36,1152,32,5832,1679.86
36,1152,32,8748,2523.42
36,1152,32,13122,3742.24
36,1152,32,16384,4649.32
36,1152,64,512,389.356
36,1152,64,768,502.786
36,1152,64,1152,696.172
36,1152,64,1728,955.394
36,1152,64,2592,1449.86
36,1152,64,3888,2682.44
36,1152,64,5832,4181.88
36,1152,64,8748,6219.76
36,1152,64,13122,9432.64
36,1152,64,16384,12217.4
36,1152,128,512,790.466
36,1152,128,768,1075.52
36,1152,128,1152,1489.97
36,1152,128,1728,2248.3
36,1152,128,2592,4723.7
36,1152,128,3888,8192.5
36,1152,128,5832,12252.4
36,1152,128,8748,18397.2
36,1152,128,13122,32362.8
36,1152,128,16384,43259.8
36,1728,0,0,86.912
36,1728,1,512,85.12
36,1728,1,768,84.736
36,1728,1,1152,85.3546
36,1728,1,1728,86.0146
36,1728,1,2592,124.843
36,1728,1,3888,178.901
36,1728,1,5832,263.04
36,1728,1,8748,393.9
36,1728,1,13122,583.254
36,1728,1,16384,731.542
36,1728,2,512,84.736
36,1728,2,768,85.2266
36,1728,2,1152,85.4826
36,1728,2,1728,86.1014
36,1728,2,2592,125.078
36,1728,2,3888,179.819
36,1728,2,5832,263.702
36,1728,2,8748,394.732
36,1728,2,13122,584.684
36,1728,2,16384,728.108
36,1728,4,512,86.1434
36,1728,4,768,86.8486
36,1728,4,1152,87.8514
36,1728,4,1728,88.704
36,1728,4,2592,130.88
36,1728,4,3888,186.411
36,1728,4,5832,272.32
36,1728,4,8748,402.346
36,1728,4,13122,594.05
36,1728,4,16384,739.096
36,1728,8,512,115.284
36,1728,8,768,126.805
36,1728,8,1152,144.789
36,1728,8,1728,170.731
36,1728,8,2592,246.23
36,1728,8,3888,359.446
36,1728,8,5832,523.008
36,1728,8,8748,784.064
36,1728,8,13122,1178.61
36,1728,8,16384,1473.26
36,1728,16,512,148.268
36,1728,16,768,169.941
36,1728,16,1152,205.546
36,1728,16,1728,254.676
36,1728,16,2592,369.686
36,1728,16,3888,533.078
36,1728,16,5832,786.156
36,1728,16,8748,1193.22
36,1728,16,13122,1773.89
36,1728,16,16384,2211.46
36,1728,32,512,237.868
36,1728,32,768,295.896
36,1728,32,1152,387.436
36,1728,32,1728,501.528
36,1728,32,2592,734.766
36,1728,32,3888,1078.78
36,1728,32,5832,1686.17
36,1728,32,8748,2522.72
36,1728,32,13122,3721.44
36,1728,32,16384,4641.5
36,1728,64,512,411.99
36,1728,64,768,529.538
36,1728,64,1152,700.46
36,1728,64,1728,963.266
36,1728,64,2592,1468.57
36,1728,64,3888,2673.66
36,1728,64,5832,4191.46
36,1728,64,8748,6232
36,1728,64,13122,9499.4
36,1728,64,16384,12292.4
36,1728,128,512,810.286
36,1728,128,768,1088.88
36,1728,128,1152,1491.46
36,1728,128,1728,2261
36,1728,128,2592,4728.18
36,1728,128,3888,8188.06
36,1728,128,5832,12277
36,1728,128,8748,18518.5
36,1728,128,13122,30782.6
36,1728,128,16384,43421.8
36,2592,0,0,126.251
36,2592,1,512,124.715
36,2592,1,768,124.438
36,2592,1,1152,125.141
36,2592,1,1728,124.374
36,2592,1,2592,125.184
36,2592,1,3888,178.859
36,2592,1,5832,263.936
36,2592,1,8748,394.156
36,2592,1,13122,581.612
36,2592,1,16384,727.704
36,2592,2,512,124.224
36,2592,2,768,124.223
36,2592,2,1152,124.416
36,2592,2,1728,125.482
36,2592,2,2592,125.632
36,2592,2,3888,179.52
36,2592,2,5832,263.062
36,2592,2,8748,393.408
36,2592,2,13122,582.208
36,2592,2,16384,727.532
36,2592,4,512,125.611
36,2592,4,768,126.421
36,2592,4,1152,128.405
36,2592,4,1728,129.664
36,2592,4,2592,130.261
36,2592,4,3888,185.301
36,2592,4,5832,272.47
36,2592,4,8748,403.028
36,2592,4,13122,593.494
36,2592,4,16384,739.35
36,2592,8,512,150.934
36,2592,8,768,162.987
36,2592,8,1152,180.885
36,2592,8,1728,205.654
36,2592,8,2592,247.722
36,2592,8,3888,358.678
36,2592,8,5832,524.482
36,2592,8,8748,780.886
36,2592,8,13122,1178.75
36,2592,8,16384,1471.02
36,2592,16,512,183.999
36,2592,16,768,206.4
36,2592,16,1152,243.116
36,2592,16,1728,291.948
36,2592,16,2592,369.538
36,2592,16,3888,533.014
36,2592,16,5832,788.312
36,2592,16,8748,1192.49
36,2592,16,13122,1774
36,2592,16,16384,2209.92
36,2592,32,512,275.882
36,2592,32,768,333.974
36,2592,32,1152,418.262
36,2592,32,1728,533.334
36,2592,32,2592,740.672
36,2592,32,3888,1082.67
36,2592,32,5832,1670.98
36,2592,32,8748,2533.82
36,2592,32,13122,3744.88
36,2592,32,16384,4645.92
36,2592,64,512,452.928
36,2592,64,768,571.01
36,2592,64,1152,740.332
36,2592,64,1728,970.308
36,2592,64,2592,1505.86
36,2592,64,3888,2653
36,2592,64,5832,4220.86
36,2592,64,8748,6287.08
36,2592,64,13122,9553.58
36,2592,64,16384,12031.9
36,2592,128,512,848.706
36,2592,128,768,1119.7
36,2592,128,1152,1517.15
36,2592,128,1728,2297.82
36,2592,128,2592,4746.16
36,2592,128,3888,8244.14
36,2592,128,5832,12727.6
36,2592,128,8748,20568.2
36,2592,128,13122,31848.4
36,2592,128,16384,43429.8
36,3888,0,0,181.611
36,3888,1,512,178.518
36,3888,1,768,178.113
36,3888,1,1152,179.115
36,3888,1,1728,178.325
36,3888,1,2592,178.304
36,3888,1,3888,179.457
36,3888,1,5832,262.764
36,3888,1,8748,391.808
36,3888,1,13122,582.082
36,3888,1,16384,728.554
36,3888,2,512,178.645
36,3888,2,768,178.261
36,3888,2,1152,178.753
36,3888,2,1728,178.752
36,3888,2,2592,178.261
36,3888,2,3888,179.349
36,3888,2,5832,262.592
36,3888,2,8748,393.43
36,3888,2,13122,581.546
36,3888,2,16384,725.27
36,3888,4,512,179.798
36,3888,4,768,180.16
36,3888,4,1152,180.929
36,3888,4,1728,180.565
36,3888,4,2592,183.211
36,3888,4,3888,186.198
36,3888,4,5832,273.152
36,3888,4,8748,402.412
36,3888,4,13122,591.618
36,3888,4,16384,739.458
36,3888,8,512,202.966
36,3888,8,768,213.14
36,3888,8,1152,232
36,3888,8,1728,255.596
36,3888,8,2592,299.306
36,3888,8,3888,360.13
36,3888,8,5832,523.928
36,3888,8,8748,775.084
36,3888,8,13122,1165.44
36,3888,8,16384,1466.09
36,3888,16,512,234.602
36,3888,16,768,256.576
36,3888,16,1152,292.288
36,3888,16,1728,344.682
36,3888,16,2592,420.376
36,3888,16,3888,538.348
36,3888,16,5832,791.916
36,3888,16,8748,1175.24
36,3888,16,13122,1772.48
36,3888,16,16384,2208.54
36,3888,32,512,326.016
36,3888,32,768,387.884
36,3888,32,1152,469.74
36,3888,32,1728,582.85
36,3888,32,2592,783.02
36,3888,32,3888,1110.94
36,3888,32,5832,1718.58
36,3888,32,8748,2677.82
36,3888,32,13122,3944.16
36,3888,32,16384,4877.2
36,3888,64,512,512.556
36,3888,64,768,623
36,3888,64,1152,798.466
36,3888,64,1728,1032.66
36,3888,64,2592,1502.62
36,3888,64,3888,2759.64
36,3888,64,5832,4388.32
36,3888,64,8748,6784.16
36,3888,64,13122,10251.8
36,3888,64,16384,13428.8
36,3888,128,512,910.894
36,3888,128,768,1175.39
36,3888,128,1152,1575.07
36,3888,128,1728,2310.42
36,3888,128,2592,4810.88
36,3888,128,3888,8255.8
36,3888,128,5832,12407.4
36,3888,128,8748,20414.4
36,3888,128,13122,34369.8
36,3888,128,16384,43083.6
36,5832,0,0,267.222
36,5832,1,512,262.89
36,5832,1,768,262.528
36,5832,1,1152,262.89
36,5832,1,1728,262.678
36,5832,1,2592,263.19
36,5832,1,3888,262.87
36,5832,1,5832,263.254
36,5832,1,8748,394.134
36,5832,1,13122,580.65
36,5832,1,16384,727.126
36,5832,2,512,261.93
36,5832,2,768,262.316
36,5832,2,1152,263.468
36,5832,2,1728,263.02
36,5832,2,2592,263.402
36,5832,2,3888,263.318
36,5832,2,5832,264.534
36,5832,2,8748,392.576
36,5832,2,13122,580.182
36,5832,2,16384,727.106
36,5832,4,512,264.342
36,5832,4,768,264.704
36,5832,4,1152,265.514
36,5832,4,1728,268.096
36,5832,4,2592,270.102
36,5832,4,3888,273.686
36,5832,4,5832,275.564
36,5832,4,8748,407.254
36,5832,4,13122,595.776
36,5832,4,16384,743.702
36,5832,8,512,280.276
36,5832,8,768,292.758
36,5832,8,1152,310.016
36,5832,8,1728,336.45
36,5832,8,2592,376.234
36,5832,8,3888,440.064
36,5832,8,5832,531.372
36,5832,8,8748,779.138
36,5832,8,13122,1160.96
36,5832,8,16384,1471.15
36,5832,16,512,314.242
36,5832,16,768,336.042
36,5832,16,1152,370.732
36,5832,16,1728,423.21
36,5832,16,2592,501.824
36,5832,16,3888,614.678
36,5832,16,5832,816.856
36,5832,16,8748,1201.41
36,5832,16,13122,1804.25
36,5832,16,16384,2255.66
36,5832,32,512,403.136
36,5832,32,768,465.024
36,5832,32,1152,546.218
36,5832,32,1728,660.118
36,5832,32,2592,860.14
36,5832,32,3888,1174.47
36,5832,32,5832,1763.5
36,5832,32,8748,2584.58
36,5832,32,13122,4102.2
36,5832,32,16384,5149.2
36,5832,64,512,597.378
36,5832,64,768,718.146
36,5832,64,1152,888.622
36,5832,64,1728,1130.12
36,5832,64,2592,1584.15
36,5832,64,3888,2794.46
36,5832,64,5832,4420.26
36,5832,64,8748,6609.88
36,5832,64,13122,10820.9
36,5832,64,16384,14510.9
36,5832,128,512,988.696
36,5832,128,768,1262.75
36,5832,128,1152,1658.84
36,5832,128,1728,2404.68
36,5832,128,2592,4871.9
36,5832,128,3888,8406.46
36,5832,128,5832,12334.7
36,5832,128,8748,19207.3
36,5832,128,13122,33190.8
36,5832,128,16384,43529.6
36,8748,0,0,398.016
36,8748,1,512,396.908
36,8748,1,768,395.648
36,8748,1,1152,396.054
36,8748,1,1728,395.65
36,8748,1,2592,395.03
36,8748,1,3888,395.092
36,8748,1,5832,395.18
36,8748,1,8748,397.974
36,8748,1,13122,583.532
36,8748,1,16384,729.09
36,8748,2,512,393.132
36,8748,2,768,394.006
36,8748,2,1152,393.708
36,8748,2,1728,393.728
36,8748,2,2592,392.748
36,8748,2,3888,393.558
36,8748,2,5832,394.39
36,8748,2,8748,395.968
36,8748,2,13122,582.016
36,8748,2,16384,728.32
36,8748,4,512,393.108
36,8748,4,768,394.026
36,8748,4,1152,395.01
36,8748,4,1728,396.778
36,8748,4,2592,400.108
36,8748,4,3888,401.388
36,8748,4,5832,403.242
36,8748,4,8748,408.788
36,8748,4,13122,598.806
36,8748,4,16384,745.046
36,8748,8,512,399.168
36,8748,8,768,411.094
36,8748,8,1152,428.416
36,8748,8,1728,453.696
36,8748,8,2592,496.62
36,8748,8,3888,556.054
36,8748,8,5832,651.18
36,8748,8,8748,803.692
36,8748,8,13122,1154.07
36,8748,8,16384,1455.68
36,8748,16,512,433.964
36,8748,16,768,454.976
36,8748,16,1152,490.476
36,8748,16,1728,540.546
36,8748,16,2592,620.056
36,8748,16,3888,733.548
36,8748,16,5832,945.9
36,8748,16,8748,1222.79
36,8748,16,13122,1785.86
36,8748,16,16384,2253.48
36,8748,32,512,524.138
36,8748,32,768,586.262
36,8748,32,1152,667.436
36,8748,32,1728,783.704
36,8748,32,2592,982.188
36,8748,32,3888,1293.55
36,8748,32,5832,1805.51
36,8748,32,8748,2616.96
36,8748,32,13122,3881.96
36,8748,32,16384,5092.7
36,8748,64,512,716.61
36,8748,64,768,842.476
36,8748,64,1152,1022.32
36,8748,64,1728,1256.6
36,8748,64,2592,1727.45
36,8748,64,3888,2937.46
36,8748,64,5832,4379.72
36,8748,64,8748,6606.24
36,8748,64,13122,10177.2
36,8748,64,16384,14566.5
36,8748,128,512,1146.95
36,8748,128,768,1393.13
36,8748,128,1152,1784.41
36,8748,128,1728,2593.02
36,8748,128,2592,5128.78
36,8748,128,3888,8556.18
36,8748,128,5832,12751.6
36,8748,128,8748,18577.1
36,8748,128,13122,34825.6
36,8748,128,16384,43308.8
36,13122,0,0,589.716
36,13122,1,512,580.97
36,13122,1,768,581.59
36,13122,1,1152,580.46
36,13122,1,1728,582.038
36,13122,1,2592,581.356
36,13122,1,3888,581.738
36,13122,1,5832,582.294
36,13122,1,8748,582.23
36,13122,1,13122,581.74
36,13122,1,16384,727.788
36,13122,2,512,578.668
36,13122,2,768,578.794
36,13122,2,1152,579.8
36,13122,2,1728,580.694
36,13122,2,2592,582.38
36,13122,2,3888,581.1
36,13122,2,5832,581.93
36,13122,2,8748,581.056
36,13122,2,13122,581.888
36,13122,2,16384,725.1
36,13122,4,512,580.396
36,13122,4,768,582.144
36,13122,4,1152,584.706
36,13122,4,1728,583.616
36,13122,4,2592,584.812
36,13122,4,3888,589.696
36,13122,4,5832,589.378
36,13122,4,8748,592.28
36,13122,4,13122,599.744
36,13122,4,16384,742.338
36,13122,8,512,581.548
36,13122,8,768,584.492
36,13122,8,1152,604.864
36,13122,8,1728,627.796
36,13122,8,2592,669.484
36,13122,8,3888,733.398
36,13122,8,5832,829.186
36,13122,8,8748,974.124
36,13122,8,13122,1185.5
36,13122,8,16384,1438.15
36,13122,16,512,609.236
36,13122,16,768,627.798
36,13122,16,1152,665.92
36,13122,16,1728,716.716
36,13122,16,2592,794.582
36,13122,16,3888,907.864
36,13122,16,5832,1125.04
36,13122,16,8748,1436.97
36,13122,16,13122,1815.81
36,13122,16,16384,2228.58
36,13122,32,512,698.154
36,13122,32,768,761.474
36,13122,32,1152,841.9
36,13122,32,1728,955.99
36,13122,32,2592,1157.89
36,13122,32,3888,1463.32
36,13122,32,5832,2005.08
36,13122,32,8748,2723.28
36,13122,32,13122,3893.76
36,13122,32,16384,4798.9
36,13122,64,512,892.78
36,13122,64,768,1021.19
36,13122,64,1152,1212.91
36,13122,64,1728,1458.05
36,13122,64,2592,1961.54
36,13122,64,3888,3105.92
36,13122,64,5832,4493.8
36,13122,64,8748,6646.54
36,13122,64,13122,9937.86
36,13122,64,16384,12855.1
36,13122,128,512,1345.67
36,13122,128,768,1641.69
36,13122,128,1152,1980.1
36,13122,128,1728,2758.54
36,13122,128,2592,5435.24
36,13122,128,3888,8802.96
36,13122,128,5832,12979.7
36,13122,128,8748,20600.8
36,13122,128,13122,32756.2
36,13122,128,16384,43595.8
36,16384,0,0,739.286
36,16384,1,512,736.128
36,16384,1,768,736.706
36,16384,1,1152,736.364
36,16384,1,1728,735.916
36,16384,1,2592,736.236
36,16384,1,3888,737.408
36,16384,1,5832,736.15
36,16384,1,8748,735.958
36,16384,1,13122,733.098
36,16384,1,16384,733.078
36,16384,2,512,732.33
36,16384,2,768,730.304
36,16384,2,1152,730.518
36,16384,2,1728,731.138
36,16384,2,2592,730.968
36,16384,2,3888,731.712
36,16384,2,5832,730.496
36,16384,2,8748,730.688
36,16384,2,13122,728.748
36,16384,2,16384,730.218
36,16384,4,512,730.882
36,16384,4,768,730.902
36,16384,4,1152,733.358
36,16384,4,1728,733.398
36,16384,4,2592,734.936
36,16384,4,3888,737.388
36,16384,4,5832,740.268
36,16384,4,8748,742.294
36,16384,4,13122,746.114
36,16384,4,16384,752.812
36,16384,8,512,729.496
36,16384,8,768,730.924
36,16384,8,1152,739.266
36,16384,8,1728,764.118
36,16384,8,2592,805.164
36,16384,8,3888,868.952
36,16384,8,5832,959.362
36,16384,8,8748,1116.59
36,16384,8,13122,1332.95
36,16384,8,16384,1488.19
36,16384,16,512,741.1
36,16384,16,768,763.584
36,16384,16,1152,799.596
36,16384,16,1728,850.092
36,16384,16,2592,929.388
36,16384,16,3888,1044.91
36,16384,16,5832,1260.33
36,16384,16,8748,1557.38
36,16384,16,13122,1984.13
36,16384,16,16384,2263.54
36,16384,32,512,835.478
36,16384,32,768,894.892
36,16384,32,1152,977.09
36,16384,32,1728,1091.67
36,16384,32,2592,1295.26
36,16384,32,3888,1603.7
36,16384,32,5832,2156.5
36,16384,32,8748,2848.92
36,16384,32,13122,4049.16
36,16384,32,16384,4849.62
36,16384,64,512,1025.26
36,16384,64,768,1154.93
36,16384,64,1152,1343
36,16384,64,1728,1599.6
36,16384,64,2592,2108.54
36,16384,64,3888,3380.8
36,16384,64,5832,4786.92
36,16384,64,8748,6555.3
36,16384,64,13122,10755.3
36,16384,64,16384,12807.2
36,16384,128,512,1479.98
36,16384,128,768,1786.37
36,16384,128,1152,2177.62
36,16384,128,1728,2895.78
36,16384,128,2592,5520.14
36,16384,128,3888,8960.12
36,16384,128,5832,13018.7
36,16384,128,8748,19047.9
36,16384,128,13122,35048.8
36,16384,128,16384,43648
54,0,0,0,16.576
54,0,1,512,34.6674
54,0,1,768,44.758
54,0,1,1152,61.3974
54,0,1,1728,84.394
54,0,1,2592,124.224
54,0,1,3888,178.432
54,0,1,5832,262.208
54,0,1,8748,393.474
54,0,1,13122,582.038
54,0,1,16384,730.518
54,0,2,512,35.0934
54,0,2,768,45.3334
54,0,2,1152,61.29
54,0,2,1728,84.714
54,0,2,2592,123.349
54,0,2,3888,178.775
54,0,2,5832,261.846
54,0,2,8748,392.108
54,0,2,13122,580.054
54,0,2,16384,725.46
54,0,4,512,35.8186
54,0,4,768,46.3154
54,0,4,1152,63.1894
54,0,4,1728,87.0614
54,0,4,2592,127.276
54,0,4,3888,182.123
54,0,4,5832,268.822
54,0,4,8748,398.698
54,0,4,13122,588.844
54,0,4,16384,734.978
54,0,8,512,65.6634
54,0,8,768,87.4674
54,0,8,1152,121.259
54,0,8,1728,166.786
54,0,8,2592,244.138
54,0,8,3888,356.438
54,0,8,5832,523.372
54,0,8,8748,785.964
54,0,8,13122,1177.18
54,0,8,16384,1470.08
54,0,16,512,97.4506
54,0,16,768,130.561
54,0,16,1152,181.761
54,0,16,1728,251.562
54,0,16,2592,365.228
54,0,16,3888,528.128
54,0,16,5832,785.174
54,0,16,8748,1192.9
54,0,16,13122,1765.83
54,0,16,16384,2201.46
54,0,32,512,191.083
54,0,32,768,262.186
54,0,32,1152,367.36
54,0,32,1728,496.662
54,0,32,2592,730.134
54,0,32,3888,1073
54,0,32,5832,1682.93
54,0,32,8748,2500.92
54,0,32,13122,3704.32
54,0,32,16384,4644.8
54,0,64,512,360.704
54,0,64,768,490.582
54,0,64,1152,681.922
54,0,64,1728,935.918
54,0,64,2592,1439.94
54,0,64,3888,2705.8
54,0,64,5832,4173.18
54,0,64,8748,6188.74
54,0,64,13122,9367.46
54,0,64,16384,11810.6
54,0,128,512,777.132
54,0,128,768,1063.71
54,0,128,1152,1476.81
54,0,128,1728,2222.52
54,0,128,2592,4706.38
54,0,128,3888,8172.5
54,0,128,5832,12218.3
54,0,128,8748,18343.2
54,0,128,13122,28251.6
54,0,128,16384,42594.4
54,512,0,0,36.3086
54,512,1,512,35.562
54,512,1,768,44.5234
54,512,1,1152,61.3546
54,512,1,1728,84.3086
54,512,1,2592,123.265
54,512,1,3888,178.859
54,512,1,5832,262.486
54,512,1,8748,393.322
54,512,1,13122,581.184
54,512,1,16384,729.664
54,512,2,512,35.8834
54,512,2,768,45.1414
54,512,2,1152,61.5254
54,512,2,1728,85.0354
54,512,2,2592,124.288
54,512,2,3888,179.371
54,512,2,5832,263.232
54,512,2,8748,394.346
54,512,2,13122,583.68
54,512,2,16384,726.934
54,512,4,512,36.6294
54,512,4,768,46.8906
54,512,4,1152,63.936
54,512,4,1728,87.8926
54,512,4,2592,127.872
54,512,4,3888,184.961
54,512,4,5832,270.742
54,512,4,8748,402.134
54,512,4,13122,590.636
54,512,4,16384,736.726
54,512,8,512,67.244
54,512,8,768,88.256
54,512,8,1152,121.941
54,512,8,1728,168.277
54,512,8,2592,244.778
54,512,8,3888,357.674
54,512,8,5832,522.304
54,512,8,8748,785.898
54,512,8,13122,1178.24
54,512,8,16384,1478.08
54,512,16,512,98.7946
54,512,16,768,132.33
54,512,16,1152,182.655
54,512,16,1728,251.308
54,512,16,2592,367.788
54,512,16,3888,531.202
54,512,16,5832,790.572
54,512,16,8748,1197.49
54,512,16,13122,1769.65
54,512,16,16384,2212.52
54,512,32,512,191.808
54,512,32,768,260.822
54,512,32,1152,366.592
54,512,32,1728,500.95
54,512,32,2592,734.018
54,512,32,3888,1079.19
54,512,32,5832,1688.56
54,512,32,8748,2511.28
54,512,32,13122,3709.9
54,512,32,16384,4628.48
54,512,64,512,366.828
54,512,64,768,494.764
54,512,64,1152,688.022
54,512,64,1728,940.504
54,512,64,2592,1442.01
54,512,64,3888,2687.54
54,512,64,5832,4167.04
54,512,64,8748,6211.46
54,512,64,13122,9394.98
54,512,64,16384,11715.2
54,512,128,512,783.79
54,512,128,768,1067.91
54,512,128,1152,1479.54
54,512,128,1728,2244.56
54,512,128,2592,4677.42
54,512,128,3888,8186.2
54,512,128,5832,12216.1
54,512,128,8748,18448.1
54,512,128,13122,32217.8
54,512,128,16384,40185.2
54,768,0,0,46.5494
54,768,1,512,45.9306
54,768,1,768,45.8674
54,768,1,1152,61.6966
54,768,1,1728,84.6514
54,768,1,2592,123.647
54,768,1,3888,178.241
54,768,1,5832,262.378
54,768,1,8748,392.984
54,768,1,13122,581.804
54,768,1,16384,729.282
54,768,2,512,46.634
54,768,2,768,46.3574
54,768,2,1152,61.8894
54,768,2,1728,85.2266
54,768,2,2592,124.053
54,768,2,3888,180.373
54,768,2,5832,264.17
54,768,2,8748,394.262
54,768,2,13122,583.084
54,768,2,16384,728.32
54,768,4,512,47.4454
54,768,4,768,47.9574
54,768,4,1152,64.2774
54,768,4,1728,88.576
54,768,4,2592,128.021
54,768,4,3888,185.835
54,768,4,5832,271.764
54,768,4,8748,402.134
54,768,4,13122,591.958
54,768,4,16384,739.884
54,768,8,512,78.378
54,768,8,768,89.4726
54,768,8,1152,122.582
54,768,8,1728,168.043
54,768,8,2592,245.634
54,768,8,3888,357.654
54,768,8,5832,523.608
54,768,8,8748,785.26
54,768,8,13122,1181.31
54,768,8,16384,1474.69
54,768,16,512,110.444
54,768,16,768,132.288
54,768,16,1152,183.339
54,768,16,1728,252.95
54,768,16,2592,367.936
54,768,16,3888,531.116
54,768,16,5832,787.522
54,768,16,8748,1196.1
54,768,16,13122,1771.48
54,768,16,16384,2213.26
54,768,32,512,201.622
54,768,32,768,263.148
54,768,32,1152,366.252
54,768,32,1728,499.308
54,768,32,2592,733.636
54,768,32,3888,1077.25
54,768,32,5832,1687.88
54,768,32,8748,2511.1
54,768,32,13122,3721.7
54,768,32,16384,4649.06
54,768,64,512,370.348
54,768,64,768,497.666
54,768,64,1152,690.518
54,768,64,1728,944.344
54,768,64,2592,1441.9
54,768,64,3888,2705.9
54,768,64,5832,4180.1
54,768,64,8748,6210.98
54,768,64,13122,9348.06
54,768,64,16384,11956.6
54,768,128,512,783.982
54,768,128,768,1071.6
54,768,128,1152,1483.52
54,768,128,1728,2243.74
54,768,128,2592,4718.46
54,768,128,3888,8182.52
54,768,128,5832,12226.9
54,768,128,8748,18492.7
54,768,128,13122,29303.6
54,768,128,16384,42984.4
54,1152,0,0,63.8926
54,1152,1,512,62.5714
54,1152,1,768,62.4206
54,1152,1,1152,62.592
54,1152,1,1728,84.5014
54,1152,1,2592,123.413
54,1152,1,3888,178.261
54,1152,1,5832,262.358
54,1152,1,8748,392.618
54,1152,1,13122,581.378
54,1152,1,16384,729.708
54,1152,2,512,62.272
54,1152,2,768,62.4
54,1152,2,1152,62.7206
54,1152,2,1728,85.1194
54,1152,2,2592,124.717
54,1152,2,3888,179.605
54,1152,2,5832,262.954
54,1152,2,8748,393.344
54,1152,2,13122,581.056
54,1152,2,16384,726.528
54,1152,4,512,63.53
54,1152,4,768,63.7654
54,1152,4,1152,64.9386
54,1152,4,1728,88.256
54,1152,4,2592,129.173
54,1152,4,3888,184.535
54,1152,4,5832,272.108
54,1152,4,8748,400.364
54,1152,4,13122,589.482
54,1152,4,16384,735.276
54,1152,8,512,94.336
54,1152,8,768,105.152
54,1152,8,1152,123.413
54,1152,8,1728,168.149
54,1152,8,2592,244.65
54,1152,8,3888,355.862
54,1152,8,5832,521.068
54,1152,8,8748,782.872
54,1152,8,13122,1176.37
54,1152,8,16384,1469.49
54,1152,16,512,125.975
54,1152,16,768,148.714
54,1152,16,1152,182.55
54,1152,16,1728,252.48
54,1152,16,2592,366.08
54,1152,16,3888,530.306
54,1152,16,5832,786.178
54,1152,16,8748,1194.29
54,1152,16,13122,1768.82
54,1152,16,16384,2205.2
54,1152,32,512,214.956
54,1152,32,768,274.944
54,1152,32,1152,366.828
54,1152,32,1728,498.73
54,1152,32,2592,731.308
54,1152,32,3888,1082.88
54,1152,32,5832,1693.02
54,1152,32,8748,2517.6
54,1152,32,13122,3716.32
54,1152,32,16384,4637.86
54,1152,64,512,387.948
54,1152,64,768,503.576
54,1152,64,1152,695.086
54,1152,64,1728,952.856
54,1152,64,2592,1445.06
54,1152,64,3888,2682.78
54,1152,64,5832,4175.7
54,1152,64,8748,6215.82
54,1152,64,13122,9325.22
54,1152,64,16384,11987.4
54,1152,128,512,790.062
54,1152,128,768,1071.53
54,1152,128,1152,1490.91
54,1152,128,1728,2244.62
54,1152,128,2592,4695.02
54,1152,128,3888,8194.66
54,1152,128,5832,12227.9
54,1152,128,8748,18375.6
54,1152,128,13122,28818.4
54,1152,128,16384,42262.2
54,1728,0,0,87.5514
54,1728,1,512,85.4826
54,1728,1,768,85.3754
54,1728,1,1152,85.2686
54,1728,1,1728,86.5494
54,1728,1,2592,123.797
54,1728,1,3888,179.328
54,1728,1,5832,263.766
54,1728,1,8748,393.494
54,1728,1,13122,586.092
54,1728,1,16384,731.332
54,1728,2,512,85.1846
54,1728,2,768,85.568
54,1728,2,1152,85.8674
54,1728,2,1728,86.5066
54,1728,2,2592,125.611
54,1728,2,3888,179.797
54,1728,2,5832,264.896
54,1728,2,8748,394.774
54,1728,2,13122,584.682
54,1728,2,16384,728.728
54,1728,4,512,86.5294
54,1728,4,768,86.998
54,1728,4,1152,87.9366
54,1728,4,1728,89.4074
54,1728,4,2592,130.773
54,1728,4,3888,186.709
54,1728,4,5832,273.792
54,1728,4,8748,404.436
54,1728,4,13122,594.368
54,1728,4,16384,736.684
54,1728,8,512,115.541
54,1728,8,768,127.317
54,1728,8,1152,145.77
54,1728,8,1728,169.792
54,1728,8,2592,246.336
54,1728,8,3888,358.016
54,1728,8,5832,524.098
54,1728,8,8748,784.002
54,1728,8,13122,1178.99
54,1728,8,16384,1470.92
54,1728,16,512,148.203
54,1728,16,768,170.775
54,1728,16,1152,205.91
54,1728,16,1728,255.51
54,1728,16,2592,370.156
54,1728,16,3888,531.948
54,1728,16,5832,789.612
54,1728,16,8748,1195.31
54,1728,16,13122,1771.08
54,1728,16,16384,2209.44
54,1728,32,512,238.934
54,1728,32,768,294.4
54,1728,32,1152,385.708
54,1728,32,1728,503.786
54,1728,32,2592,734.528
54,1728,32,3888,1079.04
54,1728,32,5832,1691.1
54,1728,32,8748,2528
54,1728,32,13122,3722.8
54,1728,32,16384,4662.16
54,1728,64,512,413.122
54,1728,64,768,527.062
54,1728,64,1152,699.372
54,1728,64,1728,962.882
54,1728,64,2592,1466.69
54,1728,64,3888,2665.74
54,1728,64,5832,4175.88
54,1728,64,8748,6233.92
54,1728,64,13122,9388.22
54,1728,64,16384,11818.7
54,1728,128,512,812.76
54,1728,128,768,1085.98
54,1728,128,1152,1493.21
54,1728,128,1728,2263.88
54,1728,128,2592,4676.44
54,1728,128,3888,8212.32
54,1728,128,5832,12282.6
54,1728,128,8748,18542
54,1728,128,13122,30453.8
54,1728,128,16384,43024.2
54,2592,0,0,126.315
54,2592,1,512,124.438
54,2592,1,768,124.565
54,2592,1,1152,123.968
54,2592,1,1728,124.437
54,2592,1,2592,126.058
54,2592,1,3888,178.539
54,2592,1,5832,263.552
54,2592,1,8748,394.646
54,2592,1,13122,582.23
54,2592,1,16384,730.432
54,2592,2,512,124.374
54,2592,2,768,125.014
54,2592,2,1152,124.949
54,2592,2,1728,125.249
54,2592,2,2592,125.869
54,2592,2,3888,179.649
54,2592,2,5832,264.214
54,2592,2,8748,394.646
54,2592,2,13122,583.04
54,2592,2,16384,729.602
54,2592,4,512,125.76
54,2592,4,768,126.335
54,2592,4,1152,128.065
54,2592,4,1728,129.152
54,2592,4,2592,131.563
54,2592,4,3888,186.433
54,2592,4,5832,273.43
54,2592,4,8748,402.432
54,2592,4,13122,593.942
54,2592,4,16384,740.524
54,2592,8,512,152.128
54,2592,8,768,163.027
54,2592,8,1152,180.587
54,2592,8,1728,205.674
54,2592,8,2592,249.26
54,2592,8,3888,359.83
54,2592,8,5832,523.03
54,2592,8,8748,782.508
54,2592,8,13122,1172.93
54,2592,8,16384,1472.66
54,2592,16,512,185.088
54,2592,16,768,206.698
54,2592,16,1152,242.71
54,2592,16,1728,292.502
54,2592,16,2592,371.072
54,2592,16,3888,537.578
54,2592,16,5832,789.782
54,2592,16,8748,1192.58
54,2592,16,13122,1774.06
54,2592,16,16384,2207.4
54,2592,32,512,275.968
54,2592,32,768,333.91
54,2592,32,1152,417.024
54,2592,32,1728,535.084
54,2592,32,2592,737.624
54,2592,32,3888,1084.57
54,2592,32,5832,1679.73
54,2592,32,8748,2528.18
54,2592,32,13122,3740.4
54,2592,32,16384,4643.54
54,2592,64,512,454.786
54,2592,64,768,568.258
54,2592,64,1152,742.466
54,2592,64,1728,970.5
54,2592,64,2592,1503.96
54,2592,64,3888,2653.32
54,2592,64,5832,4213.16
54,2592,64,8748,6302.66
54,2592,64,13122,9544.68
54,2592,64,16384,11936.6
54,2592,128,512,849.326
54,2592,128,768,1124.1
54,2592,128,1152,1519.56
54,2592,128,1728,2293.96
54,2592,128,2592,4783.6
54,2592,128,3888,8248.64
54,2592,128,5832,12636.6
54,2592,128,8748,19811.9
54,2592,128,13122,33843.8
54,2592,128,16384,43339.4
54,3888,0,0,181.845
54,3888,1,512,178.858
54,3888,1,768,178.709
54,3888,1,1152,178.795
54,3888,1,1728,178.709
54,3888,1,2592,178.773
54,3888,1,3888,179.563
54,3888,1,5832,262.87
54,3888,1,8748,391.212
54,3888,1,13122,582.104
54,3888,1,16384,727.148
54,3888,2,512,178.389
54,3888,2,768,178.539
54,3888,2,1152,179.71
54,3888,2,1728,178.987
54,3888,2,2592,179.115
54,3888,2,3888,180.331
54,3888,2,5832,263.338
54,3888,2,8748,392.534
54,3888,2,13122,580.778
54,3888,2,16384,723.924
54,3888,4,512,179.819
54,3888,4,768,180.075
54,3888,4,1152,182.037
54,3888,4,1728,181.633
54,3888,4,2592,182.827
54,3888,4,3888,187.563
54,3888,4,5832,273.792
54,3888,4,8748,402.818
54,3888,4,13122,593.538
54,3888,4,16384,738.134
54,3888,8,512,202.24
54,3888,8,768,213.482
54,3888,8,1152,232.128
54,3888,8,1728,257.708
54,3888,8,2592,298.646
54,3888,8,3888,360.576
54,3888,8,5832,524.672
54,3888,8,8748,774.444
54,3888,8,13122,1165.81
54,3888,8,16384,1473.18
54,3888,16,512,235.286
54,3888,16,768,258.688
54,3888,16,1152,292.736
54,3888,16,1728,347.416
54,3888,16,2592,422.934
54,3888,16,3888,535.724
54,3888,16,5832,794.434
54,3888,16,8748,1180.37
54,3888,16,13122,1773.06
54,3888,16,16384,2212
54,3888,32,512,327.124
54,3888,32,768,389.42
54,3888,32,1152,468.524
54,3888,32,1728,584.94
54,3888,32,2592,785.9
54,3888,32,3888,1108.76
54,3888,32,5832,1712.58
54,3888,32,8748,2680.48
54,3888,32,13122,3960.1
54,3888,32,16384,4938.46
54,3888,64,512,516.416
54,3888,64,768,622.636
54,3888,64,1152,801.048
54,3888,64,1728,1030.81
54,3888,64,2592,1509.66
54,3888,64,3888,2763
54,3888,64,5832,4399.94
54,3888,64,8748,6836.5
54,3888,64,13122,10436.6
54,3888,64,16384,13411.1
54,3888,128,512,905.794
54,3888,128,768,1178.5
54,3888,128,1152,1575.34
54,3888,128,1728,2317.12
54,3888,128,2592,4799.82
54,3888,128,3888,8255.98
54,3888,128,5832,12401.2
54,3888,128,8748,19893.1
54,3888,128,13122,33522.6
54,3888,128,16384,43496.4
54,5832,0,0,267.328
54,5832,1,512,263.062
54,5832,1,768,262.806
54,5832,1,1152,263.104
54,5832,1,1728,263.084
54,5832,1,2592,263.594
54,5832,1,3888,263.404
54,5832,1,5832,264.064
54,5832,1,8748,393.942
54,5832,1,13122,583.36
54,5832,1,16384,729.366
54,5832,2,512,262.252
54,5832,2,768,262.892
54,5832,2,1152,262.636
54,5832,2,1728,263.36
54,5832,2,2592,263.508
54,5832,2,3888,263.402
54,5832,2,5832,265.748
54,5832,2,8748,393.024
54,5832,2,13122,581.462
54,5832,2,16384,726.53
54,5832,4,512,263.808
54,5832,4,768,264.214
54,5832,4,1152,266.774
54,5832,4,1728,266.262
54,5832,4,2592,268.652
54,5832,4,3888,273.194
54,5832,4,5832,275.222
54,5832,4,8748,402.816
54,5832,4,13122,593.792
54,5832,4,16384,739.392
54,5832,8,512,280.192
54,5832,8,768,290.944
54,5832,8,1152,310.166
54,5832,8,1728,335.19
54,5832,8,2592,376.512
54,5832,8,3888,438.208
54,5832,8,5832,532.652
54,5832,8,8748,777.174
54,5832,8,13122,1160.22
54,5832,8,16384,1467.33
54,5832,16,512,312.214
54,5832,16,768,334.784
54,5832,16,1152,370.688
54,5832,16,1728,422.102
54,5832,16,2592,503.19
54,5832,16,3888,614.72
54,5832,16,5832,818.156
54,5832,16,8748,1206.66
54,5832,16,13122,1804.59
54,5832,16,16384,2257.72
54,5832,32,512,405.206
54,5832,32,768,466.816
54,5832,32,1152,547.03
54,5832,32,1728,660.952
54,5832,32,2592,859.46
54,5832,32,3888,1177.07
54,5832,32,5832,1761.33
54,5832,32,8748,2582.98
54,5832,32,13122,4111.72
54,5832,32,16384,5182.46
54,5832,64,512,598.892
54,5832,64,768,720.174
54,5832,64,1152,891.18
54,5832,64,1728,1127.32
54,5832,64,2592,1581.77
54,5832,64,3888,2786.52
54,5832,64,5832,4428.34
54,5832,64,8748,6624.94
54,5832,64,13122,10826.1
54,5832,64,16384,14069.9
54,5832,128,512,986.22
54,5832,128,768,1271.62
54,5832,128,1152,1664.13
54,5832,128,1728,2391.2
54,5832,128,2592,4907.4
54,5832,128,3888,8352.18
54,5832,128,5832,12328.5
54,5832,128,8748,19069.1
54,5832,128,13122,33293.6
54,5832,128,16384,43420.2
54,8748,0,0,398.25
54,8748,1,512,392.022
54,8748,1,768,393.452
54,8748,1,1152,391.018
54,8748,1,1728,393.002
54,8748,1,2592,393.088
54,8748,1,3888,392.662
54,8748,1,5832,393.046
54,8748,1,8748,395.626
54,8748,1,13122,580.096
54,8748,1,16384,728.278
54,8748,2,512,391.488
54,8748,2,768,391.724
54,8748,2,1152,391.254
54,8748,2,1728,391.98
54,8748,2,2592,392.192
54,8748,2,3888,393.77
54,8748,2,5832,393.622
54,8748,2,8748,393.644
54,8748,2,13122,582.232
54,8748,2,16384,726.89
54,8748,4,512,392.77
54,8748,4,768,392.79
54,8748,4,1152,394.37
54,8748,4,1728,397.078
54,8748,4,2592,397.568
54,8748,4,3888,400.342
54,8748,4,5832,403.222
54,8748,4,8748,407.808
54,8748,4,13122,594.326
54,8748,4,16384,742.892
54,8748,8,512,399.49
54,8748,8,768,409.642
54,8748,8,1152,427.67
54,8748,8,1728,452.994
54,8748,8,2592,495.36
54,8748,8,3888,555.734
54,8748,8,5832,648.022
54,8748,8,8748,800.11
54,8748,8,13122,1148.27
54,8748,8,16384,1452.5
54,8748,16,512,432.576
54,8748,16,768,455.234
54,8748,16,1152,488.492
54,8748,16,1728,541.398
54,8748,16,2592,619.672
54,8748,16,3888,737.538
54,8748,16,5832,945.496
54,8748,16,8748,1225.03
54,8748,16,13122,1783.96
54,8748,16,16384,2250.98
54,8748,32,512,524.246
54,8748,32,768,585.154
54,8748,32,1152,664.024
54,8748,32,1728,782.508
54,8748,32,2592,981.762
54,8748,32,3888,1293.1
54,8748,32,5832,1807.51
54,8748,32,8748,2620.66
54,8748,32,13122,3891.36
54,8748,32,16384,5091.56
54,8748,64,512,718.68
54,8748,64,768,842.308
54,8748,64,1152,1029.04
54,8748,64,1728,1254.02
54,8748,64,2592,1733.76
54,8748,64,3888,2928.34
54,8748,64,5832,4382.88
54,8748,64,8748,6605.6
54,8748,64,13122,10142.9
54,8748,64,16384,13733.5
54,8748,128,512,1142.08
54,8748,128,768,1395.12
54,8748,128,1152,1801.95
54,8748,128,1728,2578.48
54,8748,128,2592,5147.9
54,8748,128,3888,8559.38
54,8748,128,5832,12837.7
54,8748,128,8748,18578.5
54,8748,128,13122,33649
54,8748,128,16384,43460.6
54,13122,0,0,590.294
54,13122,1,512,580.588
54,13122,1,768,583.402
54,13122,1,1152,582.316
54,13122,1,1728,582.894
54,13122,1,2592,582.528
54,13122,1,3888,584.044
54,13122,1,5832,583.638
54,13122,1,8748,583.082
54,13122,1,13122,582.636
54,13122,1,16384,727.85
54,13122,2,512,579.712
54,13122,2,768,579.862
54,13122,2,1152,581.398
54,13122,2,1728,583.682
54,13122,2,2592,580.8
54,13122,2,3888,581.142
54,13122,2,5832,582.166
54,13122,2,8748,582.038
54,13122,2,13122,582.506
54,13122,2,16384,725.292
54,13122,4,512,581.356
54,13122,4,768,581.76
54,13122,4,1152,583.148
54,13122,4,1728,584.276
54,13122,4,2592,585.962
54,13122,4,3888,589.27
54,13122,4,5832,590.978
54,13122,4,8748,594.498
54,13122,4,13122,600.086
54,13122,4,16384,745.58
54,13122,8,512,581.824
54,13122,8,768,585.43
54,13122,8,1152,603.436
54,13122,8,1728,630.146
54,13122,8,2592,671.404
54,13122,8,3888,732.908
54,13122,8,5832,829.762
54,13122,8,8748,976.79
54,13122,8,13122,1184.69
54,13122,8,16384,1436.04
54,13122,16,512,607.512
54,13122,16,768,630.656
54,13122,16,1152,663.788
54,13122,16,1728,719.744
54,13122,16,2592,794.798
54,13122,16,3888,907.458
54,13122,16,5832,1128.2
54,13122,16,8748,1441.86
54,13122,16,13122,1815.02
54,13122,16,16384,2226.92
54,13122,32,512,701.378
54,13122,32,768,762.154
54,13122,32,1152,842.542
54,13122,32,1728,956.524
54,13122,32,2592,1160.02
54,13122,32,3888,1462.66
54,13122,32,5832,2010.26
54,13122,32,8748,2718.18
54,13122,32,13122,3880.1
54,13122,32,16384,4789.44
54,13122,64,512,896.258
54,13122,64,768,1023.64
54,13122,64,1152,1215.51
54,13122,64,1728,1461.32
54,13122,64,2592,1967.41
54,13122,64,3888,3092.92
54,13122,64,5832,4478.76
54,13122,64,8748,6644.38
54,13122,64,13122,9974.98
54,13122,64,16384,12747.4
54,13122,128,512,1347.55
54,13122,128,768,1642.37
54,13122,128,1152,1985.65
54,13122,128,1728,2757.66
54,13122,128,2592,5361.24
54,13122,128,3888,8795.2
54,13122,128,5832,12967.1
54,13122,128,8748,20599.6
54,13122,128,13122,32761
54,13122,128,16384,43397
54,16384,0,0,740.694
54,16384,1,512,729.792
54,16384,1,768,736.684
54,16384,1,1152,735.552
54,16384,1,1728,737.474
54,16384,1,2592,735.554
54,16384,1,3888,735.596
54,16384,1,5832,735.21
54,16384,1,8748,737.068
54,16384,1,13122,731.884
54,16384,1,16384,733.1
54,16384,2,512,733.098
54,16384,2,768,732.736
54,16384,2,1152,731.372
54,16384,2,1728,732.31
54,16384,2,2592,730.774
54,16384,2,3888,732.074
54,16384,2,5832,732.226
54,16384,2,8748,732.182
54,16384,2,13122,729.666
54,16384,2,16384,728.726
54,16384,4,512,730.904
54,16384,4,768,731.54
54,16384,4,1152,732.736
54,16384,4,1728,735.254
54,16384,4,2592,737.196
54,16384,4,3888,736.876
54,16384,4,5832,740.14
54,16384,4,8748,744.768
54,16384,4,13122,746.498
54,16384,4,16384,752.79
54,16384,8,512,730.262
54,16384,8,768,731.584
54,16384,8,1152,740.524
54,16384,8,1728,763.67
54,16384,8,2592,805.654
54,16384,8,3888,866.092
54,16384,8,5832,958.444
54,16384,8,8748,1116.84
54,16384,8,13122,1331.86
54,16384,8,16384,1479.66
54,16384,16,512,741.334
54,16384,16,768,763.778
54,16384,16,1152,802.56
54,16384,16,1728,853.398
54,16384,16,2592,930.35
54,16384,16,3888,1043.78
54,16384,16,5832,1269.31
54,16384,16,8748,1557.17
54,16384,16,13122,1984.99
54,16384,16,16384,2261.34
54,16384,32,512,831.616
54,16384,32,768,894.38
54,16384,32,1152,976.302
54,16384,32,1728,1092.1
54,16384,32,2592,1294.38
54,16384,32,3888,1598.28
54,16384,32,5832,2151.7
54,16384,32,8748,2851.92
54,16384,32,13122,4065.38
54,16384,32,16384,4851.2
54,16384,64,512,1025.86
54,16384,64,768,1157.29
54,16384,64,1152,1345.92
54,16384,64,1728,1599.32
54,16384,64,2592,2107.42
54,16384,64,3888,3329.42
54,16384,64,5832,4753.64
54,16384,64,8748,6558.66
54,16384,64,13122,11046.3
54,16384,64,16384,12828.7
54,16384,128,512,1486.75
54,16384,128,768,1790.54
54,16384,128,1152,2192.52
54,16384,128,1728,2889.52
54,16384,128,2592,5626.62
54,16384,128,3888,8920.06
54,16384,128,5832,12973.4
54,16384,128,8748,19076.5
54,16384,128,13122,34824.8
54,16384,128,16384,43619.6
64,0,0,0,17.1307
64,0,1,16,16.384
64,0,1,32,16.6613
64,0,1,64,16.554
64,0,1,128,19.7333
64,0,1,256,24.896
64,0,1,512,35.03
64,0,1,1024,56.64
64,0,1,2048,101.205
64,0,1,4096,190.911
64,0,1,8192,372.266
64,0,1,16384,730.752
64,0,2,16,16.4273
64,0,2,32,16.4907
64,0,2,64,16.5973
64,0,2,128,19.9887
64,0,2,256,25.0454
64,0,2,512,35.3494
64,0,2,1024,56.6614
64,0,2,2048,101.525
64,0,2,4096,190.208
64,0,2,8192,372.052
64,0,2,16384,730.134
64,0,4,16,16.426
64,0,4,32,16.6407
64,0,4,64,16.618
64,0,4,128,20.246
64,0,4,256,25.856
64,0,4,512,36.182
64,0,4,1024,58.7094
64,0,4,2048,103.703
64,0,4,4096,196.097
64,0,4,8192,378.752
64,0,4,16384,736.62
64,0,8,16,25.3234
64,0,8,32,25.6634
64,0,8,64,25.6006
64,0,8,128,33.472
64,0,8,256,44.0754
64,0,8,512,65.8986
64,0,8,1024,110.422
64,0,8,2048,199.211
64,0,8,4096,379.03
64,0,8,8192,748.206
64,0,8,16384,1477.51
64,0,16,16,34.0906
64,0,16,32,34.1126
64,0,16,64,34.6026
64,0,16,128,48.1706
64,0,16,256,64.9814
64,0,16,512,97.7494
64,0,16,1024,165.973
64,0,16,2048,298.136
64,0,16,4096,562.754
64,0,16,8192,1127.75
64,0,16,16384,2209.62
64,0,32,16,58.112
64,0,32,32,58.9866
64,0,32,64,60.2034
64,0,32,128,89.024
64,0,32,256,123.008
64,0,32,512,192.15
64,0,32,1024,336.108
64,0,32,2048,600.514
64,0,32,4096,1155.33
64,0,32,8192,2358.46
64,0,32,16384,4637.72
64,0,64,16,105.173
64,0,64,32,105.985
64,0,64,64,109.035
64,0,64,128,165.526
64,0,64,256,233.344
64,0,64,512,364.482
64,0,64,1024,620.438
64,0,64,2048,1113.15
64,0,64,4096,2888.7
64,0,64,8192,5828.32
64,0,64,16384,11708.6
64,0,128,16,191.488
64,0,128,32,195.777
64,0,128,64,203.648
64,0,128,128,328.642
64,0,128,256,481.452
64,0,128,512,780.888
64,0,128,1024,1346.76
64,0,128,2048,3086.34
64,0,128,4096,8602.48
64,0,128,8192,17192
64,0,128,16384,41993.2
64,16,0,0,16.982
64,16,1,16,16.6413
64,16,1,32,16.3627
64,16,1,64,16.618
64,16,1,128,19.754
64,16,1,256,24.768
64,16,1,512,34.9006
64,16,1,1024,56.2126
64,16,1,2048,100.608
64,16,1,4096,189.29
64,16,1,8192,369.964
64,16,1,16384,728.302
64,16,2,16,16.17
64,16,2,32,16.448
64,16,2,64,16.6187
64,16,2,128,19.7333
64,16,2,256,24.832
64,16,2,512,35.3046
64,16,2,1024,56.3626
64,16,2,2048,101.099
64,16,2,4096,189.505
64,16,2,8192,368.98
64,16,2,16384,725.994
64,16,4,16,16.2127
64,16,4,32,16.5967
64,16,4,64,16.5973
64,16,4,128,19.9253
64,16,4,256,25.514
64,16,4,512,35.9906
64,16,4,1024,58.4314
64,16,4,2048,103.594
64,16,4,4096,195.094
64,16,4,8192,377.706
64,16,4,16384,735.98
64,16,8,16,25.4066
64,16,8,32,25.386
64,16,8,64,25.792
64,16,8,128,33.2374
64,16,8,256,44.736
64,16,8,512,65.1954
64,16,8,1024,110.464
64,16,8,2048,198.357
64,16,8,4096,377.132
64,16,8,8192,745.26
64,16,8,16384,1471.47
64,16,16,16,33.9626
64,16,16,32,33.75
64,16,16,64,34.5594
64,16,16,128,47.958
64,16,16,256,64.768
64,16,16,512,97.92
64,16,16,1024,165.099
64,16,16,2048,295.894
64,16,16,4096,561.708
64,16,16,8192,1125.48
64,16,16,16384,2204.58
64,16,32,16,57.9826
64,16,32,32,58.454
64,16,32,64,59.6906
64,16,32,128,88.1494
64,16,32,256,122.432
64,16,32,512,190.721
64,16,32,1024,333.824
64,16,32,2048,598.252
64,16,32,4096,1154.12
64,16,32,8192,2365.56
64,16,32,16384,4629.52
64,16,64,16,104.619
64,16,64,32,105.557
64,16,64,64,108.587
64,16,64,128,164.352
64,16,64,256,232.662
64,16,64,512,364.736
64,16,64,1024,620.59
64,16,64,2048,1110.7
64,16,64,4096,2884.32
64,16,64,8192,5824.76
64,16,64,16384,12171.9
64,16,128,16,191.768
64,16,128,32,194.454
64,16,128,64,202.838
64,16,128,128,328.706
64,16,128,256,481.302
64,16,128,512,781.336
64,16,128,1024,1345.58
64,16,128,2048,3092.76
64,16,128,4096,8606.8
64,16,128,8192,17228.4
64,16,128,16384,42960.2
64,32,0,0,17.4927
64,32,1,16,16.598
64,32,1,32,16.7047
64,32,1,64,16.6187
64,32,1,128,19.904
64,32,1,256,25.1094
64,32,1,512,35.456
64,32,1,1024,56.6394
64,32,1,2048,101.291
64,32,1,4096,190.443
64,32,1,8192,371.118
64,32,1,16384,730.816
64,32,2,16,16.3627
64,32,2,32,16.7467
64,32,2,64,16.832
64,32,2,128,19.968
64,32,2,256,25.0874
64,32,2,512,35.776
64,32,2,1024,56.4906
64,32,2,2048,100.8
64,32,2,4096,189.781
64,32,2,8192,372.14
64,32,2,16384,727.168
64,32,4,16,16.384
64,32,4,32,16.576
64,32,4,64,16.8533
64,32,4,128,20.182
64,32,4,256,25.7066
64,32,4,512,36.2226
64,32,4,1024,58.432
64,32,4,2048,103.829
64,32,4,4096,196.522
64,32,4,8192,379.308
64,32,4,16384,738.88
64,32,8,16,25.7066
64,32,8,32,25.7706
64,32,8,64,26.3466
64,32,8,128,33.6854
64,32,8,256,44.842
64,32,8,512,65.8774
64,32,8,1024,110.741
64,32,8,2048,199.211
64,32,8,4096,379.456
64,32,8,8192,746.754
64,32,8,16384,1476.18
64,32,16,16,34.2834
64,32,16,32,34.688
64,32,16,64,35.542
64,32,16,128,48.278
64,32,16,256,64.512
64,32,16,512,98.4534
64,32,16,1024,165.91
64,32,16,2048,298.26
64,32,16,4096,563.138
64,32,16,8192,1126.04
64,32,16,16384,2209.18
64,32,32,16,58.2826
64,32,32,32,59.03
64,32,32,64,60.8214
64,32,32,128,88.7886
64,32,32,256,122.837
64,32,32,512,191.809
64,32,32,1024,333.334
64,32,32,2048,599.958
64,32,32,4096,1153.43
64,32,32,8192,2364.58
64,32,32,16384,4654.94
64,32,64,16,105.345
64,32,64,32,106.432
64,32,64,64,108.716
64,32,64,128,166.487
64,32,64,256,233.494
64,32,64,512,363.842
64,32,64,1024,622.594
64,32,64,2048,1113.58
64,32,64,4096,2889.74
64,32,64,8192,5826.3
64,32,64,16384,11850.2
64,32,128,16,193.174
64,32,128,32,195.862
64,32,128,64,204.182
64,32,128,128,327.958
64,32,128,256,482.434
64,32,128,512,781.614
64,32,128,1024,1347.8
64,32,128,2048,3078.7
64,32,128,4096,8599.7
64,32,128,8192,17167.8
64,32,128,16384,43087.6
64,64,0,0,17.6853
64,64,1,16,16.704
64,64,1,32,16.6387
64,64,1,64,16.8747
64,64,1,128,19.968
64,64,1,256,25.1306
64,64,1,512,35.2646
64,64,1,1024,56.576
64,64,1,2048,101.718
64,64,1,4096,191.233
64,64,1,8192,371.648
64,64,1,16384,731.5
64,64,2,16,16.7253
64,64,2,32,16.6827
64,64,2,64,16.854
64,64,2,128,20.3294
64,64,2,256,25.45
64,64,2,512,35.6266
64,64,2,1024,56.832
64,64,2,2048,101.377
64,64,2,4096,189.867
64,64,2,8192,370.134
64,64,2,16384,727.488
64,64,4,16,16.362
64,64,4,32,16.768
64,64,4,64,16.8107
64,64,4,128,20.2026
64,64,4,256,25.6214
64,64,4,512,35.9894
64,64,4,1024,58.282
64,64,4,2048,104
64,64,4,4096,195.67
64,64,4,8192,376.982
64,64,4,16384,735.234
64,64,8,16,25.8986
64,64,8,32,25.8354
64,64,8,64,26.4114
64,64,8,128,33.5794
64,64,8,256,44.7154
64,64,8,512,66.07
64,64,8,1024,110.485
64,64,8,2048,200.17
64,64,8,4096,378.818
64,64,8,8192,750.722
64,64,8,16384,1480.56
64,64,16,16,34.2826
64,64,16,32,34.7094
64,64,16,64,35.4986
64,64,16,128,48.278
64,64,16,256,65.174
64,64,16,512,98.0906
64,64,16,1024,165.653
64,64,16,2048,298.348
64,64,16,4096,563.906
64,64,16,8192,1120.64
64,64,16,16384,2212.12
64,64,32,16,58.5174
64,64,32,32,59.0926
64,64,32,64,60.438
64,64,32,128,88.5974
64,64,32,256,123.137
64,64,32,512,192.491
64,64,32,1024,334.934
64,64,32,2048,600.216
64,64,32,4096,1154.41
64,64,32,8192,2357.94
64,64,32,16384,4630.98
64,64,64,16,104.705
64,64,64,32,106.241
64,64,64,64,108.843
64,64,64,128,165.611
64,64,64,256,234.198
64,64,64,512,365.122
64,64,64,1024,620.93
64,64,64,2048,1113.82
64,64,64,4096,2892.86
64,64,64,8192,5824.42
64,64,64,16384,11859.2
64,64,128,16,193.601
64,64,128,32,196.14
64,64,128,64,203.606
64,64,128,128,329.09
64,64,128,256,481.346
64,64,128,512,781.358
64,64,128,1024,1346.73
64,64,128,2048,3082.64
64,64,128,4096,8603.38
64,64,128,8192,17181.2
64,64,128,16384,42577
64,128,0,0,22.4214
64,128,1,16,20.736
64,128,1,32,20.7574
64,128,1,64,20.672
64,128,1,128,21.1
64,128,1,256,24.8954
64,128,1,512,34.9014
64,128,1,1024,56.4914
64,128,1,2048,100.8
64,128,1,4096,190.038
64,128,1,8192,371.564
64,128,1,16384,731.67
64,128,2,16,20.5226
64,128,2,32,20.6294
64,128,2,64,20.6934
64,128,2,128,21.12
64,128,2,256,25.024
64,128,2,512,35.35
64,128,2,1024,56.4914
64,128,2,2048,101.249
64,128,2,4096,190.357
64,128,2,8192,371.84
64,128,2,16384,727.618
64,128,4,16,20.6506
64,128,4,32,20.7574
64,128,4,64,20.6934
64,128,4,128,21.0346
64,128,4,256,25.1946
64,128,4,512,36.2874
64,128,4,1024,58.2606
64,128,4,2048,104.193
64,128,4,4096,197.014
64,128,4,8192,378.816
64,128,4,16384,736.342
64,128,8,16,30.998
64,128,8,32,31.232
64,128,8,64,31.9786
64,128,8,128,35.8394
64,128,8,256,44.2666
64,128,8,512,66.1546
64,128,8,1024,110.848
64,128,8,2048,199.68
64,128,8,4096,378.966
64,128,8,8192,748.716
64,128,8,16384,1478.21
64,128,16,16,39.4454
64,128,16,32,39.9786
64,128,16,64,40.9186
64,128,16,128,49.792
64,128,16,256,64.8114
64,128,16,512,98.1334
64,128,16,1024,165.59
64,128,16,2048,298.09
64,128,16,4096,562.84
64,128,16,8192,1126.15
64,128,16,16384,2209.66
64,128,32,16,64.32
64,128,32,32,64.1066
64,128,32,64,65.28
64,128,32,128,90.0486
64,128,32,256,122.667
64,128,32,512,191.019
64,128,32,1024,334.25
64,128,32,2048,600.342
64,128,32,4096,1150.23
64,128,32,8192,2361.8
64,128,32,16384,4632.76
64,128,64,16,106.794
64,128,64,32,107.669
64,128,64,64,110.485
64,128,64,128,168.362
64,128,64,256,236.034
64,128,64,512,365.718
64,128,64,1024,623.362
64,128,64,2048,1114.31
64,128,64,4096,2896.1
64,128,64,8192,5820.24
64,128,64,16384,11690.2
64,128,128,16,195.095
64,128,128,32,197.845
64,128,128,64,204.694
64,128,128,128,331.01
64,128,128,256,484.78
64,128,128,512,780.824
64,128,128,1024,1346.46
64,128,128,2048,3098.12
64,128,128,4096,8609.38
64,128,128,8192,17195.7
64,128,128,16384,43312.8
64,256,0,0,27.0294
64,256,1,16,25.9426
64,256,1,32,25.9626
64,256,1,64,25.9634
64,256,1,128,25.8774
64,256,1,256,25.728
64,256,1,512,34.5166
64,256,1,1024,56.3414
64,256,1,2048,101.141
64,256,1,4096,190.123
64,256,1,8192,371.2
64,256,1,16384,731.778
64,256,2,16,25.7706
64,256,2,32,25.876
64,256,2,64,25.8774
64,256,2,128,25.8566
64,256,2,256,25.856
64,256,2,512,35.0506
64,256,2,1024,56.704
64,256,2,2048,101.269
64,256,2,4096,190.763
64,256,2,8192,370.902
64,256,2,16384,728.598
64,256,4,16,25.7074
64,256,4,32,26.026
64,256,4,64,25.984
64,256,4,128,25.8354
64,256,4,256,25.8766
64,256,4,512,35.8614
64,256,4,1024,58.6886
64,256,4,2048,105.045
64,256,4,4096,196.268
64,256,4,8192,377.258
64,256,4,16384,736.79
64,256,8,16,35.9674
64,256,8,32,36.6506
64,256,8,64,36.6926
64,256,8,128,41.216
64,256,8,256,46.486
64,256,8,512,66.0694
64,256,8,1024,111.253
64,256,8,2048,199.339
64,256,8,4096,380.46
64,256,8,8192,746.54
64,256,8,16384,1478.75
64,256,16,16,44.9926
64,256,16,32,45.418
64,256,16,64,45.8874
64,256,16,128,55.4894
64,256,16,256,66.7946
64,256,16,512,98.2614
64,256,16,1024,165.419
64,256,16,2048,298.796
64,256,16,4096,564.246
64,256,16,8192,1125.02
64,256,16,16384,2212.42
64,256,32,16,69.206
64,256,32,32,70.1654
64,256,32,64,71.1254
64,256,32,128,96.0214
64,256,32,256,124.352
64,256,32,512,190.229
64,256,32,1024,334.698
64,256,32,2048,599.36
64,256,32,4096,1155.05
64,256,32,8192,2358.96
64,256,32,16384,4648.16
64,256,64,16,112.683
64,256,64,32,113.942
64,256,64,64,116.16
64,256,64,128,168.897
64,256,64,256,238.294
64,256,64,512,367.894
64,256,64,1024,621.954
64,256,64,2048,1117.02
64,256,64,4096,2888.58
64,256,64,8192,5830.72
64,256,64,16384,11870.8
64,256,128,16,201.26
64,256,128,32,202.71
64,256,128,64,211.498
64,256,128,128,331.884
64,256,128,256,486.828
64,256,128,512,782.51
64,256,128,1024,1347.84
64,256,128,2048,3096.72
64,256,128,4096,8610.12
64,256,128,8192,17422.1
64,256,128,16384,42992.2
64,512,0,0,36.7994
64,512,1,16,36.3534
64,512,1,32,36.4594
64,512,1,64,36.0966
64,512,1,128,36.224
64,512,1,256,35.9894
64,512,1,512,35.968
64,512,1,1024,56.832
64,512,1,2048,101.12
64,512,1,4096,190.442
64,512,1,8192,371.946
64,512,1,16384,731.37
64,512,2,16,35.948
64,512,2,32,36.0746
64,512,2,64,35.9054
64,512,2,128,35.99
64,512,2,256,36.3946
64,512,2,512,36.48
64,512,2,1024,56.7474
64,512,2,2048,101.247
64,512,2,4096,189.995
64,512,2,8192,371.52
64,512,2,16384,730.048
64,512,4,16,35.968
64,512,4,32,36.2454
64,512,4,64,36.1814
64,512,4,128,35.904
64,512,4,256,36.586
64,512,4,512,37.3546
64,512,4,1024,59.35
64,512,4,2048,104.384
64,512,4,4096,197.376
64,512,4,8192,377.834
64,512,4,16384,737.11
64,512,8,16,46.1654
64,512,8,32,46.5914
64,512,8,64,46.8694
64,512,8,128,52.2034
64,512,8,256,56.94
64,512,8,512,68.1386
64,512,8,1024,111.061
64,512,8,2048,200.832
64,512,8,4096,381.378
64,512,8,8192,741.548
64,512,8,16384,1474.27
64,512,16,16,55.2746
64,512,16,32,55.6794
64,512,16,64,56.448
64,512,16,128,66.0694
64,512,16,256,77.4606
64,512,16,512,99.456
64,512,16,1024,166.144
64,512,16,2048,298.88
64,512,16,4096,564.95
64,512,16,8192,1127.28
64,512,16,16384,2209.44
64,512,32,16,79.9574
64,512,32,32,80.7254
64,512,32,64,82.604
64,512,32,128,106.56
64,512,32,256,134.612
64,512,32,512,192.705
64,512,32,1024,334.336
64,512,32,2048,599.446
64,512,32,4096,1154.65
64,512,32,8192,2359.44
64,512,32,16384,4647.92
64,512,64,16,126.763
64,512,64,32,128.171
64,512,64,64,129.579
64,512,64,128,178.007
64,512,64,256,242.198
64,512,64,512,370.796
64,512,64,1024,625.58
64,512,64,2048,1117.7
64,512,64,4096,2891.16
64,512,64,8192,5835.68
64,512,64,16384,12250.9
64,512,128,16,211.094
64,512,128,32,213.548
64,512,128,64,220.694
64,512,128,128,337.92
64,512,128,256,490.922
64,512,128,512,783.084
64,512,128,1024,1349.36
64,512,128,2048,3095.18
64,512,128,4096,8616.16
64,512,128,8192,17265.4
64,512,128,16384,43084.4
64,1024,0,0,58.838
64,1024,1,16,57.6206
64,1024,1,32,57.494
64,1024,1,64,57.494
64,1024,1,128,57.174
64,1024,1,256,57.6646
64,1024,1,512,57.1306
64,1024,1,1024,57.6866
64,1024,1,2048,101.334
64,1024,1,4096,190.251
64,1024,1,8192,371.478
64,1024,1,16384,731.924
64,1024,2,16,57.408
64,1024,2,32,57.5154
64,1024,2,64,57.622
64,1024,2,128,57.4294
64,1024,2,256,57.6854
64,1024,2,512,57.6634
64,1024,2,1024,58.2826
64,1024,2,2048,101.739
64,1024,2,4096,190.294
64,1024,2,8192,371.736
64,1024,2,16384,728.62
64,1024,4,16,57.5794
64,1024,4,32,57.706
64,1024,4,64,57.472
64,1024,4,128,58.432
64,1024,4,256,58.39
64,1024,4,512,58.8374
64,1024,4,1024,59.5206
64,1024,4,2048,104.917
64,1024,4,4096,197.675
64,1024,4,8192,379.436
64,1024,4,16384,739.71
64,1024,8,16,67.0514
64,1024,8,32,66.9654
64,1024,8,64,67.5634
64,1024,8,128,72.9814
64,1024,8,256,78.5706
64,1024,8,512,89.1734
64,1024,8,1024,113.109
64,1024,8,2048,200.618
64,1024,8,4096,379.478
64,1024,8,8192,741.078
64,1024,8,16384,1477.53
64,1024,16,16,76.5866
64,1024,16,32,76.4806
64,1024,16,64,77.5254
64,1024,16,128,87.382
64,1024,16,256,99.4134
64,1024,16,512,120.277
64,1024,16,1024,166.059
64,1024,16,2048,299.542
64,1024,16,4096,561.984
64,1024,16,8192,1121.37
64,1024,16,16384,2203.86
64,1024,32,16,101.098
64,1024,32,32,101.633
64,1024,32,64,102.549
64,1024,32,128,127.829
64,1024,32,256,155.371
64,1024,32,512,210.73
64,1024,32,1024,334.72
64,1024,32,2048,599.34
64,1024,32,4096,1156.06
64,1024,32,8192,2374.84
64,1024,32,16384,4639.7
64,1024,64,16,149.483
64,1024,64,32,150.571
64,1024,64,64,153.195
64,1024,64,128,207.19
64,1024,64,256,267.712
64,1024,64,512,384.236
64,1024,64,1024,633.26
64,1024,64,2048,1131.5
64,1024,64,4096,2893.92
64,1024,64,8192,5834.92
64,1024,64,16384,11776.4
64,1024,128,16,234.838
64,1024,128,32,237.868
64,1024,128,64,244.374
64,1024,128,128,360.554
64,1024,128,256,508.076
64,1024,128,512,788.164
64,1024,128,1024,1354.63
64,1024,128,2048,3068.28
64,1024,128,4096,8626.32
64,1024,128,8192,17230.2
64,1024,128,16384,42428
64,2048,0,0,104.405
64,2048,1,16,102.784
64,2048,1,32,102.507
64,2048,1,64,102.655
64,2048,1,128,102.357
64,2048,1,256,102.145
64,2048,1,512,102.72
64,2048,1,1024,102.421
64,2048,1,2048,102.913
64,2048,1,4096,190.165
64,2048,1,8192,370.454
64,2048,1,16384,731.328
64,2048,2,16,102.037
64,2048,2,32,102.037
64,2048,2,64,102.016
64,2048,2,128,102.485
64,2048,2,256,101.995
64,2048,2,512,101.759
64,2048,2,1024,102.784
64,2048,2,2048,103.083
64,2048,2,4096,190.571
64,2048,2,8192,371.776
64,2048,2,16384,728.49
64,2048,4,16,102.101
64,2048,4,32,102.059
64,2048,4,64,102.379
64,2048,4,128,103.211
64,2048,4,256,103.296
64,2048,4,512,103.659
64,2048,4,1024,105.195
64,2048,4,2048,106.773
64,2048,4,4096,199.189
64,2048,4,8192,380.97
64,2048,4,16384,738.966
64,2048,8,16,108.864
64,2048,8,32,108.885
64,2048,8,64,109.077
64,2048,8,128,114.198
64,2048,8,256,119.722
64,2048,8,512,131.264
64,2048,8,1024,154.795
64,2048,8,2048,202.068
64,2048,8,4096,380.95
64,2048,8,8192,733.866
64,2048,8,16384,1475.95
64,2048,16,16,118.102
64,2048,16,32,118.103
64,2048,16,64,118.913
64,2048,16,128,129.109
64,2048,16,256,141.547
64,2048,16,512,163.797
64,2048,16,1024,209.322
64,2048,16,2048,300.608
64,2048,16,4096,564.716
64,2048,16,8192,1121.09
64,2048,16,16384,2213.96
64,2048,32,16,142.805
64,2048,32,32,143.403
64,2048,32,64,145.025
64,2048,32,128,169.579
64,2048,32,256,199.149
64,2048,32,512,254.72
64,2048,32,1024,367.446
64,2048,32,2048,605.378
64,2048,32,4096,1156.18
64,2048,32,8192,2378.12
64,2048,32,16384,4650.64
64,2048,64,16,191.723
64,2048,64,32,193.622
64,2048,64,64,196.181
64,2048,64,128,250.774
64,2048,64,256,315.458
64,2048,64,512,430.956
64,2048,64,1024,660.332
64,2048,64,2048,1157.7
64,2048,64,4096,2838.54
64,2048,64,8192,5871.12
64,2048,64,16384,11961.5
64,2048,128,16,282.86
64,2048,128,32,284.738
64,2048,128,64,291.82
64,2048,128,128,405.696
64,2048,128,256,554.624
64,2048,128,512,833.176
64,2048,128,1024,1369.07
64,2048,128,2048,3122.8
64,2048,128,4096,8682.02
64,2048,128,8192,17595.1
64,2048,128,16384,43422.6
64,4096,0,0,194.41
64,4096,1,16,191.958
64,4096,1,32,192.726
64,4096,1,64,193.239
64,4096,1,128,192.683
64,4096,1,256,191.851
64,4096,1,512,192.491
64,4096,1,1024,192.875
64,4096,1,2048,192.257
64,4096,1,4096,192.768
64,4096,1,8192,369.728
64,4096,1,16384,731.158
64,4096,2,16,190.614
64,4096,2,32,191.275
64,4096,2,64,191.509
64,4096,2,128,191.531
64,4096,2,256,190.827
64,4096,2,512,191.51
64,4096,2,1024,191.937
64,4096,2,2048,191.999
64,4096,2,4096,191.703
64,4096,2,8192,371.028
64,4096,2,16384,729.364
64,4096,4,16,190.741
64,4096,4,32,190.892
64,4096,4,64,190.699
64,4096,4,128,191.659
64,4096,4,256,192.533
64,4096,4,512,192.661
64,4096,4,1024,193.687
64,4096,4,2048,195.777
64,4096,4,4096,202.048
64,4096,4,8192,382.316
64,4096,4,16384,741.1
64,4096,8,16,192.341
64,4096,8,32,192.299
64,4096,8,64,192.065
64,4096,8,128,196.587
64,4096,8,256,202.412
64,4096,8,512,213.994
64,4096,8,1024,238.338
64,4096,8,2048,286.316
64,4096,8,4096,383.382
64,4096,8,8192,734.272
64,4096,8,16384,1475.22
64,4096,16,16,201.26
64,4096,16,32,200.704
64,4096,16,64,202.05
64,4096,16,128,211.69
64,4096,16,256,224.3
64,4096,16,512,246.252
64,4096,16,1024,293.142
64,4096,16,2048,386.582
64,4096,16,4096,570.796
64,4096,16,8192,1116.97
64,4096,16,16384,2219.22
64,4096,32,16,226.326
64,4096,32,32,226.776
64,4096,32,64,227.114
64,4096,32,128,252.716
64,4096,32,256,281.642
64,4096,32,512,337.75
64,4096,32,1024,452.396
64,4096,32,2048,678.872
64,4096,32,4096,1195.01
64,4096,32,8192,2450.82
64,4096,32,16384,4998.56
64,4096,64,16,274.816
64,4096,64,32,275.67
64,4096,64,64,278.848
64,4096,64,128,336.854
64,4096,64,256,405.996
64,4096,64,512,529.686
64,4096,64,1024,758.232
64,4096,64,2048,1201.94
64,4096,64,4096,3035.26
64,4096,64,8192,6326.32
64,4096,64,16384,14153.8
64,4096,128,16,369.068
64,4096,128,32,372.268
64,4096,128,64,381.058
64,4096,128,128,497.558
64,4096,128,256,635.972
64,4096,128,512,922.82
64,4096,128,1024,1457.09
64,4096,128,2048,3127.12
64,4096,128,4096,8688.24
64,4096,128,8192,18153.3
64,4096,128,16384,43171.8
64,8192,0,0,376.448
64,8192,1,16,374.358
64,8192,1,32,373.954
64,8192,1,64,374.06
64,8192,1,128,373.356
64,8192,1,256,374.336
64,8192,1,512,374.422
64,8192,1,1024,373.376
64,8192,1,2048,373.186
64,8192,1,4096,371.84
64,8192,1,8192,374.634
64,8192,1,16384,731.18
64,8192,2,16,370.9
64,8192,2,32,370.22
64,8192,2,64,370.946
64,8192,2,128,371.242
64,8192,2,256,370.496
64,8192,2,512,370.922
64,8192,2,1024,371.564
64,8192,2,2048,370.774
64,8192,2,4096,371.904
64,8192,2,8192,373.122
64,8192,2,16384,729.368
64,8192,4,16,371.606
64,8192,4,32,371.626
64,8192,4,64,371.414
64,8192,4,128,371.222
64,8192,4,256,371.35
64,8192,4,512,371.2
64,8192,4,1024,372.31
64,8192,4,2048,375.914
64,8192,4,4096,380.076
64,8192,4,8192,386.732
64,8192,4,16384,744.768
64,8192,8,16,369.644
64,8192,8,32,370.24
64,8192,8,64,368.852
64,8192,8,128,370.58
64,8192,8,256,372.354
64,8192,8,512,378.968
64,8192,8,1024,404.588
64,8192,8,2048,451.244
64,8192,8,4096,549.568
64,8192,8,8192,757.186
64,8192,8,16384,1464.66
64,8192,16,16,369.024
64,8192,16,32,368.876
64,8192,16,64,370.154
64,8192,16,128,378.882
64,8192,16,256,391.704
64,8192,16,512,412.224
64,8192,16,1024,457.6
64,8192,16,2048,551.468
64,8192,16,4096,741.634
64,8192,16,8192,1156.91
64,8192,16,16384,2260.98
64,8192,32,16,394.07
64,8192,32,32,393.942
64,8192,32,64,393.686
64,8192,32,128,417.41
64,8192,32,256,446.144
64,8192,32,512,504.15
64,8192,32,1024,618.006
64,8192,32,2048,847.128
64,8192,32,4096,1343.66
64,8192,32,8192,2467.48
64,8192,32,16384,5126.74
64,8192,64,16,439.426
64,8192,64,32,440.514
64,8192,64,64,444.098
64,8192,64,128,501.74
64,8192,64,256,569.836
64,8192,64,512,703.106
64,8192,64,1024,950.938
64,8192,64,2048,1416.35
64,8192,64,4096,3090.54
64,8192,64,8192,6192.26
64,8192,64,16384,14019.8
64,8192,128,16,532.95
64,8192,128,32,536.172
64,8192,128,64,545.73
64,8192,128,128,670.72
64,8192,128,256,831.192
64,8192,128,512,1111.45
64,8192,128,1024,1652.23
64,8192,128,2048,3335.38
64,8192,128,4096,8964.2
64,8192,128,8192,17440.6
64,8192,128,16384,43598.2
64,16384,0,0,740.502
64,16384,1,16,736.854
64,16384,1,32,737.794
64,16384,1,64,737.622
64,16384,1,128,737.068
64,16384,1,256,736.768
64,16384,1,512,736.28
64,16384,1,1024,738.474
64,16384,1,2048,737.984
64,16384,1,4096,736.684
64,16384,1,8192,735.618
64,16384,1,16384,732.65
64,16384,2,16,731.5
64,16384,2,32,731.754
64,16384,2,64,732.352
64,16384,2,128,734.678
64,16384,2,256,730.602
64,16384,2,512,731.584
64,16384,2,1024,732.524
64,16384,2,2048,732.418
64,16384,2,4096,732.612
64,16384,2,8192,731.094
64,16384,2,16384,731.478
64,16384,4,16,731.372
64,16384,4,32,732.588
64,16384,4,64,731.628
64,16384,4,128,732.138
64,16384,4,256,733.184
64,16384,4,512,731.82
64,16384,4,1024,733.314
64,16384,4,2048,736.194
64,16384,4,4096,738.86
64,16384,4,8192,746.284
64,16384,4,16384,757.42
64,16384,8,16,725.868
64,16384,8,32,727.638
64,16384,8,64,726.978
64,16384,8,128,728.598
64,16384,8,256,731.264
64,16384,8,512,731.352
64,16384,8,1024,733.974
64,16384,8,2048,782.72
64,16384,8,4096,880.512
64,16384,8,8192,1095.87
64,16384,8,16384,1485.21
64,16384,16,16,730.284
64,16384,16,32,730.346
64,16384,16,64,727.532
64,16384,16,128,731.222
64,16384,16,256,732.14
64,16384,16,512,745.814
64,16384,16,1024,789.228
64,16384,16,2048,886.892
64,16384,16,4096,1071.9
64,16384,16,8192,1507.35
64,16384,16,16384,2263.58
64,16384,32,16,727.852
64,16384,32,32,728.088
64,16384,32,64,727.768
64,16384,32,128,750.358
64,16384,32,256,778.2
64,16384,32,512,834.626
64,16384,32,1024,950.934
64,16384,32,2048,1177.54
64,16384,32,4096,1678.83
64,16384,32,8192,2735.62
64,16384,32,16384,4865.84
64,16384,64,16,769.56
64,16384,64,32,769.41
64,16384,64,64,773.334
64,16384,64,128,830.4
64,16384,64,256,899.436
64,16384,64,512,1027.78
64,16384,64,1024,1285.85
64,16384,64,2048,1783.37
64,16384,64,4096,3551.28
64,16384,64,8192,6157.9
64,16384,64,16384,12708.8
64,16384,128,16,863.512
64,16384,128,32,864.26
64,16384,128,64,874.904
64,16384,128,128,1000.43
64,16384,128,256,1161.07
64,16384,128,512,1482.84
64,16384,128,1024,2069.66
64,16384,128,2048,3804.62
64,16384,128,4096,9362.62
64,16384,128,8192,18470.3
64,16384,128,16384,43642.2
81,0,0,0,16.256
81,0,1,512,34.9014
81,0,1,768,45.4614
81,0,1,1152,61.312
81,0,1,1728,85.1406
81,0,1,2592,124.181
81,0,1,3888,178.773
81,0,1,5832,263.362
81,0,1,8748,393.536
81,0,1,13122,581.504
81,0,1,16384,731.116
81,0,2,512,36.31
81,0,2,768,46.74
81,0,2,1152,61.9526
81,0,2,1728,85.7814
81,0,2,2592,125.206
81,0,2,3888,180.289
81,0,2,5832,263.532
81,0,2,8748,394.218
81,0,2,13122,582.636
81,0,2,16384,729.09
81,0,4,512,46.8906
81,0,4,768,56.894
81,0,4,1152,71.9786
81,0,4,1728,94.912
81,0,4,2592,131.583
81,0,4,3888,184.64
81,0,4,5832,270.614
81,0,4,8748,402.154
81,0,4,13122,590.934
81,0,4,16384,734.954
81,0,8,512,66.282
81,0,8,768,88.5334
81,0,8,1152,122.347
81,0,8,1728,168.32
81,0,8,2592,244.416
81,0,8,3888,357.1
81,0,8,5832,522.922
81,0,8,8748,785.454
81,0,8,13122,1180.16
81,0,8,16384,1472
81,0,16,512,106.069
81,0,16,768,138.987
81,0,16,1152,187.137
81,0,16,1728,254.594
81,0,16,2592,367.554
81,0,16,3888,535.34
81,0,16,5832,783.618
81,0,16,8748,1193.47
81,0,16,13122,1764.74
81,0,16,16384,2188.68
81,0,32,512,192.896
81,0,32,768,263.232
81,0,32,1152,368.512
81,0,32,1728,502.528
81,0,32,2592,735.128
81,0,32,3888,1080.34
81,0,32,5832,1685.12
81,0,32,8748,2510.88
81,0,32,13122,3719.6
81,0,32,16384,4635.38
81,0,64,512,369.088
81,0,64,768,497.772
81,0,64,1152,693.058
81,0,64,1728,940.268
81,0,64,2592,1438.02
81,0,64,3888,2697.2
81,0,64,5832,4167
81,0,64,8748,6202.86
81,0,64,13122,9388.52
81,0,64,16384,11713.7
81,0,128,512,792.066
81,0,128,768,1078.13
81,0,128,1152,1493.68
81,0,128,1728,2233.6
81,0,128,2592,4692.88
81,0,128,3888,8180.2
81,0,128,5832,12205
81,0,128,8748,18525.7
81,0,128,13122,31893.8
81,0,128,16384,42585.4
81,512,0,0,36.3726
81,512,1,512,36.736
81,512,1,768,45.3546
81,512,1,1152,61.5046
81,512,1,1728,85.3326
81,512,1,2592,124.736
81,512,1,3888,179.115
81,512,1,5832,263.402
81,512,1,8748,394.048
81,512,1,13122,584.428
81,512,1,16384,729.666
81,512,2,512,37.7586
81,512,2,768,47.062
81,512,2,1152,62.2514
81,512,2,1728,86.166
81,512,2,2592,124.992
81,512,2,3888,180.459
81,512,2,5832,265.13
81,512,2,8748,393.75
81,512,2,13122,584.64
81,512,2,16384,730.626
81,512,4,512,65.6874
81,512,4,768,78.7626
81,512,4,1152,95.0414
81,512,4,1728,117.248
81,512,4,2592,152.961
81,512,4,3888,205.058
81,512,4,5832,283.412
81,512,4,8748,404.16
81,512,4,13122,593.068
81,512,4,16384,740.546
81,512,8,512,68.1826
81,512,8,768,88.8106
81,512,8,1152,122.432
81,512,8,1728,168.746
81,512,8,2592,245.078
81,512,8,3888,357.782
81,512,8,5832,525.462
81,512,8,8748,778.712
81,512,8,13122,1175.36
81,512,8,16384,1469.68
81,512,16,512,126.678
81,512,16,768,160.405
81,512,16,1152,209.452
81,512,16,1728,274.154
81,512,16,2592,383.382
81,512,16,3888,541.056
81,512,16,5832,786.498
81,512,16,8748,1189.91
81,512,16,13122,1769.67
81,512,16,16384,2204.62
81,512,32,512,194.816
81,512,32,768,261.142
81,512,32,1152,363.692
81,512,32,1728,500.16
81,512,32,2592,735.554
81,512,32,3888,1078.44
81,512,32,5832,1690.5
81,512,32,8748,2517.36
81,512,32,13122,3725.18
81,512,32,16384,4638.84
81,512,64,512,379.096
81,512,64,768,506.242
81,512,64,1152,698.712
81,512,64,1728,957.932
81,512,64,2592,1445.83
81,512,64,3888,2699.7
81,512,64,5832,4181.78
81,512,64,8748,6210.32
81,512,64,13122,9379.18
81,512,64,16384,11693.7
81,512,128,512,800.386
81,512,128,768,1082.5
81,512,128,1152,1499.65
81,512,128,1728,2256.46
81,512,128,2592,4720.32
81,512,128,3888,8174.9
81,512,128,5832,12224
81,512,128,8748,18434.7
81,512,128,13122,33341.8
81,512,128,16384,43232.8
81,768,0,0,46.8274
81,768,1,512,47.36
81,768,1,768,47.488
81,768,1,1152,61.9534
81,768,1,1728,85.59
81,768,1,2592,124.31
81,768,1,3888,178.965
81,768,1,5832,263.978
81,768,1,8748,393.002
81,768,1,13122,584.534
81,768,1,16384,731.158
81,768,2,512,48.2134
81,768,2,768,48.4906
81,768,2,1152,62.6134
81,768,2,1728,86.656
81,768,2,2592,125.995
81,768,2,3888,180.417
81,768,2,5832,264.576
81,768,2,8748,395.948
81,768,2,13122,583.146
81,768,2,16384,731.628
81,768,4,512,65.8774
81,768,4,768,87.9566
81,768,4,1152,106.134
81,768,4,1728,126.955
81,768,4,2592,164.267
81,768,4,3888,218.582
81,768,4,5832,294.166
81,768,4,8748,414.678
81,768,4,13122,591.34
81,768,4,16384,739.35
81,768,8,512,80.47
81,768,8,768,90.5606
81,768,8,1152,123.733
81,768,8,1728,169.835
81,768,8,2592,245.312
81,768,8,3888,359.446
81,768,8,5832,524.354
81,768,8,8748,782.658
81,768,8,13122,1179.44
81,768,8,16384,1473.17
81,768,16,512,128.275
81,768,16,768,170.176
81,768,16,1152,220.204
81,768,16,1728,286.806
81,768,16,2592,395.82
81,768,16,3888,553.73
81,768,16,5832,790.7
81,768,16,8748,1198.47
81,768,16,13122,1770.69
81,768,16,16384,2209.38
81,768,32,512,206.592
81,768,32,768,263.51
81,768,32,1152,360.896
81,768,32,1728,500.802
81,768,32,2592,738.05
81,768,32,3888,1077.93
81,768,32,5832,1696.43
81,768,32,8748,2518.68
81,768,32,13122,3728.62
81,768,32,16384,4644.1
81,768,64,512,382.082
81,768,64,768,514.178
81,768,64,1152,702.766
81,768,64,1728,963.182
81,768,64,2592,1453.7
81,768,64,3888,2691.4
81,768,64,5832,4176.7
81,768,64,8748,6213.2
81,768,64,13122,9397.5
81,768,64,16384,11760.4
81,768,128,512,803.288
81,768,128,768,1089.9
81,768,128,1152,1503.73
81,768,128,1728,2261
81,768,128,2592,4780.4
81,768,128,3888,8200.98
81,768,128,5832,12238
81,768,128,8748,19188.7
81,768,128,13122,34280.4
81,768,128,16384,42142.4
81,1152,0,0,63.3814
81,1152,1,512,62.592
81,1152,1,768,62.806
81,1152,1,1152,63.2106
81,1152,1,1728,85.142
81,1152,1,2592,124.607
81,1152,1,3888,179.348
81,1152,1,5832,263.316
81,1152,1,8748,392.534
81,1152,1,13122,582.104
81,1152,1,16384,728.022
81,1152,2,512,63.8294
81,1152,2,768,64.5546
81,1152,2,1152,64.4054
81,1152,2,1728,86.6994
81,1152,2,2592,125.952
81,1152,2,3888,180.181
81,1152,2,5832,266.922
81,1152,2,8748,394.624
81,1152,2,13122,583.764
81,1152,2,16384,729.132
81,1152,4,512,66.6026
81,1152,4,768,87.1666
81,1152,4,1152,120.513
81,1152,4,1728,143.894
81,1152,4,2592,181.035
81,1152,4,3888,233.302
81,1152,4,5832,310.144
81,1152,4,8748,430.294
81,1152,4,13122,608.13
81,1152,4,16384,741.592
81,1152,8,512,95.8294
81,1152,8,768,107.136
81,1152,8,1152,124.971
81,1152,8,1728,169.536
81,1152,8,2592,246.122
81,1152,8,3888,357.974
81,1152,8,5832,523.564
81,1152,8,8748,779.99
81,1152,8,13122,1172.74
81,1152,8,16384,1463.81
81,1152,16,512,153.621
81,1152,16,768,169.642
81,1152,16,1152,233.814
81,1152,16,1728,303.34
81,1152,16,2592,413.142
81,1152,16,3888,568.982
81,1152,16,5832,805.548
81,1152,16,8748,1189.81
81,1152,16,13122,1766.08
81,1152,16,16384,2202.4
81,1152,32,512,226.132
81,1152,32,768,281.13
81,1152,32,1152,362.092
81,1152,32,1728,500.246
81,1152,32,2592,736.386
81,1152,32,3888,1077.87
81,1152,32,5832,1688.86
81,1152,32,8748,2519.24
81,1152,32,13122,3723.3
81,1152,32,16384,4659.74
81,1152,64,512,404.48
81,1152,64,768,518.018
81,1152,64,1152,710.614
81,1152,64,1728,968.516
81,1152,64,2592,1466.29
81,1152,64,3888,2678.68
81,1152,64,5832,4186.64
81,1152,64,8748,6217.84
81,1152,64,13122,9468.44
81,1152,64,16384,11775.9
81,1152,128,512,811.074
81,1152,128,768,1093.34
81,1152,128,1152,1513.63
81,1152,128,1728,2247.68
81,1152,128,2592,4755.96
81,1152,128,3888,8211.32
81,1152,128,5832,12259.5
81,1152,128,8748,18480.4
81,1152,128,13122,33565.6
81,1152,128,16384,42920
81,1728,0,0,87.5726
81,1728,1,512,88.3206
81,1728,1,768,88.704
81,1728,1,1152,88.3414
81,1728,1,1728,88.3414
81,1728,1,2592,125.333
81,1728,1,3888,179.435
81,1728,1,5832,263.658
81,1728,1,8748,394.176
81,1728,1,13122,584.512
81,1728,1,16384,730.56
81,1728,2,512,89.6006
81,1728,2,768,89.4506
81,1728,2,1152,90.092
81,1728,2,1728,90.944
81,1728,2,2592,127.979
81,1728,2,3888,181.697
81,1728,2,5832,266.41
81,1728,2,8748,398.016
81,1728,2,13122,585.088
81,1728,2,16384,730.326
81,1728,4,512,93.2266
81,1728,4,768,93.4614
81,1728,4,1152,121.942
81,1728,4,1728,166.613
81,1728,4,2592,205.078
81,1728,4,3888,258.048
81,1728,4,5832,335.616
81,1728,4,8748,456.938
81,1728,4,13122,634.348
81,1728,4,16384,773.784
81,1728,8,512,122.944
81,1728,8,768,133.845
81,1728,8,1152,151.872
81,1728,8,1728,176.043
81,1728,8,2592,247.168
81,1728,8,3888,360.172
81,1728,8,5832,527.574
81,1728,8,8748,779.82
81,1728,8,13122,1172.82
81,1728,8,16384,1461.23
81,1728,16,512,180.459
81,1728,16,768,212.672
81,1728,16,1152,235.18
81,1728,16,1728,324.182
81,1728,16,2592,438.188
81,1728,16,3888,597.186
81,1728,16,5832,830.87
81,1728,16,8748,1194.73
81,1728,16,13122,1774.96
81,1728,16,16384,2213.94
81,1728,32,512,264.064
81,1728,32,768,314.24
81,1728,32,1152,389.036
81,1728,32,1728,504.642
81,1728,32,2592,738.008
81,1728,32,3888,1080.07
81,1728,32,5832,1687.15
81,1728,32,8748,2530.36
81,1728,32,13122,3735.5
81,1728,32,16384,4652.32
81,1728,64,512,437.42
81,1728,64,768,556.374
81,1728,64,1152,721.132
81,1728,64,1728,980.378
81,1728,64,2592,1486.64
81,1728,64,3888,2641.9
81,1728,64,5832,4186.26
81,1728,64,8748,6241.32
81,1728,64,13122,9394.5
81,1728,64,16384,12299.9
81,1728,128,512,838.808
81,1728,128,768,1108.95
81,1728,128,1152,1519.17
81,1728,128,1728,2268.24
81,1728,128,2592,4722.68
81,1728,128,3888,8237
81,1728,128,5832,12356.9
81,1728,128,8748,18964.4
81,1728,128,13122,33920.6
81,1728,128,16384,43373
81,2592,0,0,126.699
81,2592,1,512,124.78
81,2592,1,768,125.312
81,2592,1,1152,125.121
81,2592,1,1728,125.419
81,2592,1,2592,126.399
81,2592,1,3888,180.031
81,2592,1,5832,264.106
81,2592,1,8748,393.836
81,2592,1,13122,585.494
81,2592,1,16384,729.942
81,2592,2,512,125.355
81,2592,2,768,126.443
81,2592,2,1152,126.721
81,2592,2,1728,126.591
81,2592,2,2592,127.701
81,2592,2,3888,181.419
81,2592,2,5832,266.26
81,2592,2,8748,397.782
81,2592,2,13122,583.938
81,2592,2,16384,730.454
81,2592,4,512,126.697
81,2592,4,768,127.68
81,2592,4,1152,129.471
81,2592,4,1728,166.933
81,2592,4,2592,242.646
81,2592,4,3888,299.308
81,2592,4,5832,376.512
81,2592,4,8748,495.212
81,2592,4,13122,672.898
81,2592,4,16384,807.446
81,2592,8,512,155.327
81,2592,8,768,167.061
81,2592,8,1152,184.683
81,2592,8,1728,208.214
81,2592,8,2592,249.814
81,2592,8,3888,358.316
81,2592,8,5832,526.016
81,2592,8,8748,777.09
81,2592,8,13122,1165.93
81,2592,8,16384,1457.22
81,2592,16,512,213.952
81,2592,16,768,245.12
81,2592,16,1152,295.81
81,2592,16,1728,329.622
81,2592,16,2592,473.792
81,2592,16,3888,635.396
81,2592,16,5832,871.766
81,2592,16,8748,1230.89
81,2592,16,13122,1779.93
81,2592,16,16384,2214.58
81,2592,32,512,305.834
81,2592,32,768,364.566
81,2592,32,1152,426.412
81,2592,32,1728,544.536
81,2592,32,2592,740.674
81,2592,32,3888,1072.9
81,2592,32,5832,1655.92
81,2592,32,8748,2540.94
81,2592,32,13122,3779.48
81,2592,32,16384,4663.12
81,2592,64,512,478.978
81,2592,64,768,597.57
81,2592,64,1152,769.09
81,2592,64,1728,1002.9
81,2592,64,2592,1522.46
81,2592,64,3888,2692.72
81,2592,64,5832,4327.64
81,2592,64,8748,6472.62
81,2592,64,13122,9526.76
81,2592,64,16384,12699.9
81,2592,128,512,878.532
81,2592,128,768,1151.92
81,2592,128,1152,1548.21
81,2592,128,1728,2264.96
81,2592,128,2592,4774.6
81,2592,128,3888,8387.78
81,2592,128,5832,13409.8
81,2592,128,8748,22165.6
81,2592,128,13122,34780.4
81,2592,128,16384,43500.6
81,3888,0,0,182.251
81,3888,1,512,179.776
81,3888,1,768,180.629
81,3888,1,1152,180.672
81,3888,1,1728,180.032
81,3888,1,2592,180.054
81,3888,1,3888,182.23
81,3888,1,5832,264.62
81,3888,1,8748,393.302
81,3888,1,13122,584.046
81,3888,1,16384,729.218
81,3888,2,512,180.95
81,3888,2,768,180.928
81,3888,2,1152,180.97
81,3888,2,1728,181.077
81,3888,2,2592,181.377
81,3888,2,3888,183.573
81,3888,2,5832,268.032
81,3888,2,8748,395.904
81,3888,2,13122,584.002
81,3888,2,16384,729.452
81,3888,4,512,182.038
81,3888,4,768,183.766
81,3888,4,1152,184.662
81,3888,4,1728,185.535
81,3888,4,2592,243.116
81,3888,4,3888,352.234
81,3888,4,5832,434.944
81,3888,4,8748,555.842
81,3888,4,13122,731.648
81,3888,4,16384,868.716
81,3888,8,512,211.498
81,3888,8,768,222.998
81,3888,8,1152,239.872
81,3888,8,1728,265.218
81,3888,8,2592,304.726
81,3888,8,3888,365.122
81,3888,8,5832,527.298
81,3888,8,8748,778.944
81,3888,8,13122,1156.38
81,3888,8,16384,1462.34
81,3888,16,512,269.482
81,3888,16,768,301.526
81,3888,16,1152,351.64
81,3888,16,1728,417.366
81,3888,16,2592,478.506
81,3888,16,3888,687.234
81,3888,16,5832,939.584
81,3888,16,8748,1309.59
81,3888,16,13122,1855.09
81,3888,16,16384,2252.38
81,3888,32,512,360.706
81,3888,32,768,426.454
81,3888,32,1152,520.768
81,3888,32,1728,606.272
81,3888,32,2592,797.932
81,3888,32,3888,1107.03
81,3888,32,5832,1661.38
81,3888,32,8748,2708.36
81,3888,32,13122,4160.24
81,3888,32,16384,5308.88
81,3888,64,512,548.93
81,3888,64,768,665.964
81,3888,64,1152,843.35
81,3888,64,1728,1072.11
81,3888,64,2592,1519.98
81,3888,64,3888,2844.8
81,3888,64,5832,4337.48
81,3888,64,8748,7131.44
81,3888,64,13122,11379.5
81,3888,64,16384,15029.8
81,3888,128,512,937.474
81,3888,128,768,1212.78
81,3888,128,1152,1610.16
81,3888,128,1728,2360.62
81,3888,128,2592,4863.64
81,3888,128,3888,8404.34
81,3888,128,5832,12751
81,3888,128,8748,22485.4
81,3888,128,13122,34522.8
81,3888,128,16384,43468.6
81,5832,0,0,268.352
81,5832,1,512,267.028
81,5832,1,768,267.094
81,5832,1,1152,266.858
81,5832,1,1728,266.688
81,5832,1,2592,266.752
81,5832,1,3888,267.478
81,5832,1,5832,268.118
81,5832,1,8748,393.75
81,5832,1,13122,582.828
81,5832,1,16384,728.622
81,5832,2,512,267.05
81,5832,2,768,268.076
81,5832,2,1152,267.946
81,5832,2,1728,269.142
81,5832,2,2592,268.65
81,5832,2,3888,268.992
81,5832,2,5832,271.746
81,5832,2,8748,397.206
81,5832,2,13122,587.736
81,5832,2,16384,731.286
81,5832,4,512,268.992
81,5832,4,768,270.016
81,5832,4,1152,270.976
81,5832,4,1728,272.748
81,5832,4,2592,276.182
81,5832,4,3888,355.244
81,5832,4,5832,519.104
81,5832,4,8748,644.886
81,5832,4,13122,825.772
81,5832,4,16384,961.132
81,5832,8,512,292.268
81,5832,8,768,302.678
81,5832,8,1152,319.638
81,5832,8,1728,342.934
81,5832,8,2592,383.254
81,5832,8,3888,443.904
81,5832,8,5832,534.166
81,5832,8,8748,781.89
81,5832,8,13122,1163.46
81,5832,8,16384,1467.09
81,5832,16,512,347.926
81,5832,16,768,379.796
81,5832,16,1152,428.758
81,5832,16,1728,497.174
81,5832,16,2592,612.438
81,5832,16,3888,700.61
81,5832,16,5832,1035.78
81,5832,16,8748,1434.99
81,5832,16,13122,2083.54
81,5832,16,16384,2543.2
81,5832,32,512,441.73
81,5832,32,768,507.99
81,5832,32,1152,602.966
81,5832,32,1728,741.164
81,5832,32,2592,886.168
81,5832,32,3888,1168.39
81,5832,32,5832,1714.78
81,5832,32,8748,2510.02
81,5832,32,13122,4282.52
81,5832,32,16384,5496.48
81,5832,64,512,638.272
81,5832,64,768,767.426
81,5832,64,1152,936.6
81,5832,64,1728,1177.3
81,5832,64,2592,1661.77
81,5832,64,3888,2777.1
81,5832,64,5832,4343.44
81,5832,64,8748,6680.82
81,5832,64,13122,11272.1
81,5832,64,16384,16197.2
81,5832,128,512,1086.43
81,5832,128,768,1323.35
81,5832,128,1152,1689.37
81,5832,128,1728,2429.84
81,5832,128,2592,5009.06
81,5832,128,3888,8465.72
81,5832,128,5832,12576.8
81,5832,128,8748,21377.2
81,5832,128,13122,34482.6
81,5832,128,16384,43597.6
81,8748,0,0,395.648
81,8748,1,512,390.678
81,8748,1,768,392.086
81,8748,1,1152,390.676
81,8748,1,1728,390.954
81,8748,1,2592,392.042
81,8748,1,3888,391.062
81,8748,1,5832,393.942
81,8748,1,8748,395.882
81,8748,1,13122,582.422
81,8748,1,16384,727.68
81,8748,2,512,390.742
81,8748,2,768,391.49
81,8748,2,1152,391.082
81,8748,2,1728,393.024
81,8748,2,2592,392.148
81,8748,2,3888,394.838
81,8748,2,5832,394.772
81,8748,2,8748,396.396
81,8748,2,13122,586.282
81,8748,2,16384,730.348
81,8748,4,512,393.194
81,8748,4,768,392.94
81,8748,4,1152,396.16
81,8748,4,1728,397.952
81,8748,4,2592,398.954
81,8748,4,3888,402.198
81,8748,4,5832,516.268
81,8748,4,8748,773.632
81,8748,4,13122,973.422
81,8748,4,16384,1114.35
81,8748,8,512,405.548
81,8748,8,768,417.516
81,8748,8,1152,435.05
81,8748,8,1728,459.904
81,8748,8,2592,497.686
81,8748,8,3888,557.398
81,8748,8,5832,646.55
81,8748,8,8748,796.332
81,8748,8,13122,1151.77
81,8748,8,16384,1460.74
81,8748,16,512,461.334
81,8748,16,768,493.912
81,8748,16,1152,542.678
81,8748,16,1728,609.856
81,8748,16,2592,726.53
81,8748,16,3888,890.772
81,8748,16,5832,1023.71
81,8748,16,8748,1552.22
81,8748,16,13122,2145.96
81,8748,16,16384,2664.18
81,8748,32,512,555.372
81,8748,32,768,621.398
81,8748,32,1152,720.32
81,8748,32,1728,859.438
81,8748,32,2592,1089.41
81,8748,32,3888,1293.15
81,8748,32,5832,1766.64
81,8748,32,8748,2535.78
81,8748,32,13122,3820.48
81,8748,32,16384,5256.1
81,8748,64,512,768.706
81,8748,64,768,896.238
81,8748,64,1152,1083.07
81,8748,64,1728,1315.82
81,8748,64,2592,1825.33
81,8748,64,3888,2969.9
81,8748,64,5832,4479.08
81,8748,64,8748,6483.16
81,8748,64,13122,10682.7
81,8748,64,16384,15103.2
81,8748,128,512,1224.3
81,8748,128,768,1515.05
81,8748,128,1152,1831.47
81,8748,128,1728,2590.94
81,8748,128,2592,5173.22
81,8748,128,3888,8491.4
81,8748,128,5832,12972.5
81,8748,128,8748,19048.5
81,8748,128,13122,34997.6
81,8748,128,16384,43799.6
81,13122,0,0,587.286
81,13122,1,512,582.422
81,13122,1,768,582.784
81,13122,1,1152,582.762
81,13122,1,1728,583.66
81,13122,1,2592,584.32
81,13122,1,3888,583.894
81,13122,1,5832,583.766
81,13122,1,8748,586.24
81,13122,1,13122,586.56
81,13122,1,16384,726.04
81,13122,2,512,582.998
81,13122,2,768,584.45
81,13122,2,1152,585.814
81,13122,2,1728,588.61
81,13122,2,2592,588.714
81,13122,2,3888,589.1
81,13122,2,5832,589.058
81,13122,2,8748,591.51
81,13122,2,13122,592.62
81,13122,2,16384,735.596
81,13122,4,512,590.956
81,13122,4,768,591.618
81,13122,4,1152,588.716
81,13122,4,1728,593.388
81,13122,4,2592,594.218
81,13122,4,3888,600.15
81,13122,4,5832,600.214
81,13122,4,8748,783.17
81,13122,4,13122,1164.74
81,13122,4,16384,1324.16
81,13122,8,512,590.7
81,13122,8,768,604.182
81,13122,8,1152,618.648
81,13122,8,1728,646.016
81,13122,8,2592,684.802
81,13122,8,3888,743.212
81,13122,8,5832,832.706
81,13122,8,8748,988.61
81,13122,8,13122,1188.42
81,13122,8,16384,1439.73
81,13122,16,512,645.42
81,13122,16,768,675.286
81,13122,16,1152,730.112
81,13122,16,1728,794.028
81,13122,16,2592,910.742
81,13122,16,3888,1076.7
81,13122,16,5832,1336.99
81,13122,16,8748,1582.6
81,13122,16,13122,2305.64
81,13122,16,16384,2735.02
81,13122,32,512,737.26
81,13122,32,768,802.668
81,13122,32,1152,901.164
81,13122,32,1728,1039.19
81,13122,32,2592,1273.82
81,13122,32,3888,1603.38
81,13122,32,5832,2004.52
81,13122,32,8748,2753.22
81,13122,32,13122,3765.78
81,13122,32,16384,4666.06
81,13122,64,512,947.972
81,13122,64,768,1090.88
81,13122,64,1152,1281.71
81,13122,64,1728,1541.15
81,13122,64,2592,2036.98
81,13122,64,3888,3215.6
81,13122,64,5832,4742.86
81,13122,64,8748,6919.6
81,13122,64,13122,9855.76
81,13122,64,16384,13557.2
81,13122,128,512,1429.13
81,13122,128,768,1719.15
81,13122,128,1152,2152.88
81,13122,128,1728,2780.1
81,13122,128,2592,5560.06
81,13122,128,3888,9001.14
81,13122,128,5832,13246.1
81,13122,128,8748,22069.4
81,13122,128,13122,33881.2
81,13122,128,16384,43757.8
81,16384,0,0,732.374
81,16384,1,512,724.566
81,16384,1,768,724.354
81,16384,1,1152,724.502
81,16384,1,1728,725.546
81,16384,1,2592,726.466
81,16384,1,3888,725.676
81,16384,1,5832,724.78
81,16384,1,8748,725.996
81,16384,1,13122,726.614
81,16384,1,16384,729.302
81,16384,2,512,723.99
81,16384,2,768,726.848
81,16384,2,1152,729.39
81,16384,2,1728,730.858
81,16384,2,2592,729.45
81,16384,2,3888,731.372
81,16384,2,5832,729.964
81,16384,2,8748,732.246
81,16384,2,13122,733.078
81,16384,2,16384,735.788
81,16384,4,512,730.068
81,16384,4,768,732.096
81,16384,4,1152,733.442
81,16384,4,1728,731.734
81,16384,4,2592,733.676
81,16384,4,3888,741.632
81,16384,4,5832,742.082
81,16384,4,8748,780.14
81,16384,4,13122,1163.93
81,16384,4,16384,1456.07
81,16384,8,512,729.792
81,16384,8,768,730.754
81,16384,8,1152,751.148
81,16384,8,1728,776
81,16384,8,2592,815.212
81,16384,8,3888,874.582
81,16384,8,5832,963.884
81,16384,8,8748,1126.38
81,16384,8,13122,1328.88
81,16384,8,16384,1474.33
81,16384,16,512,771.542
81,16384,16,768,806.272
81,16384,16,1152,861.848
81,16384,16,1728,923.16
81,16384,16,2592,1039.96
81,16384,16,3888,1204.12
81,16384,16,5832,1464.52
81,16384,16,8748,1838.73
81,16384,16,13122,2316.5
81,16384,16,16384,2881.02
81,16384,32,512,867.778
81,16384,32,768,935.896
81,16384,32,1152,1029.72
81,16384,32,1728,1165.87
81,16384,32,2592,1407.13
81,16384,32,3888,1744.64
81,16384,32,5832,2343.16
81,16384,32,8748,2840.58
81,16384,32,13122,4092.86
81,16384,32,16384,4694.06
81,16384,64,512,1079.41
81,16384,64,768,1219.52
81,16384,64,1152,1434.8
81,16384,64,1728,1688.81
81,16384,64,2592,2235.46
81,16384,64,3888,3364.84
81,16384,64,5832,4922.02
81,16384,64,8748,6941.02
81,16384,64,13122,11334.7
81,16384,64,16384,12345.5
81,16384,128,512,1569.39
81,16384,128,768,1869.51
81,16384,128,1152,2306.84
81,16384,128,1728,2963.8
81,16384,128,2592,5862
81,16384,128,3888,9374.58
81,16384,128,5832,13244.5
81,16384,128,8748,19121.2
81,16384,128,13122,34799.4
81,16384,128,16384,43455.4
122,0,0,0,17.152
122,0,1,512,35.1786
122,0,1,768,45.248
122,0,1,1152,61.4826
122,0,1,1728,84.692
122,0,1,2592,123.561
122,0,1,3888,178.411
122,0,1,5832,262.336
122,0,1,8748,393.364
122,0,1,13122,580.31
122,0,1,16384,728.426
122,0,2,512,36.01
122,0,2,768,46.3574
122,0,2,1152,61.9094
122,0,2,1728,85.7166
122,0,2,2592,123.989
122,0,2,3888,178.901
122,0,2,5832,262.826
122,0,2,8748,394.518
122,0,2,13122,581.418
122,0,2,16384,726.294
122,0,4,512,47.3606
122,0,4,768,58.432
122,0,4,1152,72.3626
122,0,4,1728,95.36
122,0,4,2592,131.477
122,0,4,3888,183.701
122,0,4,5832,269.036
122,0,4,8748,401.452
122,0,4,13122,590.784
122,0,4,16384,735.702
122,0,8,512,66.4326
122,0,8,768,88.7906
122,0,8,1152,122.198
122,0,8,1728,167.766
122,0,8,2592,245.056
122,0,8,3888,356.992
122,0,8,5832,522.924
122,0,8,8748,783.552
122,0,8,13122,1178.39
122,0,8,16384,1469.89
122,0,16,512,106.581
122,0,16,768,139.263
122,0,16,1152,188.097
122,0,16,1728,255.19
122,0,16,2592,368.044
122,0,16,3888,531.97
122,0,16,5832,784.278
122,0,16,8748,1187.67
122,0,16,13122,1762.37
122,0,16,16384,2202.04
122,0,32,512,193.345
122,0,32,768,263.19
122,0,32,1152,368.938
122,0,32,1728,497.642
122,0,32,2592,734.7
122,0,32,3888,1073.54
122,0,32,5832,1681.65
122,0,32,8748,2504.88
122,0,32,13122,3712.42
122,0,32,16384,4637.82
122,0,64,512,369.898
122,0,64,768,498.326
122,0,64,1152,692.546
122,0,64,1728,942.508
122,0,64,2592,1441.46
122,0,64,3888,2693.36
122,0,64,5832,4177.58
122,0,64,8748,6206.22
122,0,64,13122,9342.6
122,0,64,16384,11804.7
122,0,128,512,794.178
122,0,128,768,1080.32
122,0,128,1152,1495.77
122,0,128,1728,2245.84
122,0,128,2592,4716.74
122,0,128,3888,8180.88
122,0,128,5832,12239.6
122,0,128,8748,18458.7
122,0,128,13122,30601
122,0,128,16384,42645
122,512,0,0,37.1626
122,512,1,512,36.906
122,512,1,768,45.7814
122,512,1,1152,61.696
122,512,1,1728,85.3546
122,512,1,2592,124.16
122,512,1,3888,179.968
122,512,1,5832,263.19
122,512,1,8748,393.068
122,512,1,13122,583.66
122,512,1,16384,729.816
122,512,2,512,37.4186
122,512,2,768,47.6806
122,512,2,1152,62.87
122,512,2,1728,86.3574
122,512,2,2592,125.952
122,512,2,3888,180.949
122,512,2,5832,264.512
122,512,2,8748,394.602
122,512,2,13122,584.192
122,512,2,16384,730.648
122,512,4,512,65.8986
122,512,4,768,79.5726
122,512,4,1152,95.9574
122,512,4,1728,117.503
122,512,4,2592,154.687
122,512,4,3888,206.378
122,512,4,5832,285.034
122,512,4,8748,404.394
122,512,4,13122,594.092
122,512,4,16384,741.762
122,512,8,512,69.5046
122,512,8,768,89.7494
122,512,8,1152,123.605
122,512,8,1728,169.28
122,512,8,2592,245.888
122,512,8,3888,360.086
122,512,8,5832,525.122
122,512,8,8748,780.974
122,512,8,13122,1177.75
122,512,8,16384,1472.05
122,512,16,512,126.783
122,512,16,768,161.067
122,512,16,1152,210.114
122,512,16,1728,276.394
122,512,16,2592,383.766
122,512,16,3888,543.318
122,512,16,5832,785.41
122,512,16,8748,1188.67
122,512,16,13122,1762.99
122,512,16,16384,2201.86
122,512,32,512,194.581
122,512,32,768,261.056
122,512,32,1152,365.908
122,512,32,1728,497.388
122,512,32,2592,735.596
122,512,32,3888,1078.23
122,512,32,5832,1693.04
122,512,32,8748,2517.66
122,512,32,13122,3719.08
122,512,32,16384,4639.44
122,512,64,512,379.606
122,512,64,768,507.2
122,512,64,1152,698.434
122,512,64,1728,958.98
122,512,64,2592,1449.16
122,512,64,3888,2688.12
122,512,64,5832,4172.28
122,512,64,8748,6218.5
122,512,64,13122,9360.3
122,512,64,16384,12163.9
122,512,128,512,800.962
122,512,128,768,1085.44
122,512,128,1152,1501.3
122,512,128,1728,2265.94
122,512,128,2592,4712.84
122,512,128,3888,8190.9
122,512,128,5832,12217.2
122,512,128,8748,18328.2
122,512,128,13122,31806
122,512,128,16384,43066.8
122,768,0,0,47.552
122,768,1,512,47.3386
122,768,1,768,47.3814
122,768,1,1152,61.866
122,768,1,1728,85.0986
122,768,1,2592,124.715
122,768,1,3888,179.541
122,768,1,5832,263.318
122,768,1,8748,393.984
122,768,1,13122,583.17
122,768,1,16384,730.008
122,768,2,512,47.9794
122,768,2,768,48.4054
122,768,2,1152,62.5494
122,768,2,1728,86.8906
122,768,2,2592,125.975
122,768,2,3888,181.141
122,768,2,5832,265.152
122,768,2,8748,395.52
122,768,2,13122,584.728
122,768,2,16384,729.194
122,768,4,512,66.0266
122,768,4,768,87.4666
122,768,4,1152,106.645
122,768,4,1728,128.769
122,768,4,2592,165.676
122,768,4,3888,217.706
122,768,4,5832,294.55
122,768,4,8748,414.656
122,768,4,13122,596.032
122,768,4,16384,739.01
122,768,8,512,80.7246
122,768,8,768,92.1386
122,768,8,1152,124.373
122,768,8,1728,169.345
122,768,8,2592,246.336
122,768,8,3888,358.272
122,768,8,5832,525.056
122,768,8,8748,784.024
122,768,8,13122,1177.96
122,768,8,16384,1470.83
122,768,16,512,127.872
122,768,16,768,170.347
122,768,16,1152,221.866
122,768,16,1728,287.168
122,768,16,2592,397.334
122,768,16,3888,554.284
122,768,16,5832,791.168
122,768,16,8748,1196.38
122,768,16,13122,1764.83
122,768,16,16384,2202.56
122,768,32,512,208.32
122,768,32,768,266.048
122,768,32,1152,364.012
122,768,32,1728,498.134
122,768,32,2592,737.324
122,768,32,3888,1076.44
122,768,32,5832,1687.13
122,768,32,8748,2509.9
122,768,32,13122,3722.62
122,768,32,16384,4648.76
122,768,64,512,382.72
122,768,64,768,514.754
122,768,64,1152,704.28
122,768,64,1728,965.55
122,768,64,2592,1451.16
122,768,64,3888,2682.12
122,768,64,5832,4182.08
122,768,64,8748,6216.62
122,768,64,13122,9341.54
122,768,64,16384,11735.9
122,768,128,512,805.612
122,768,128,768,1093.23
122,768,128,1152,1506.93
122,768,128,1728,2262.46
122,768,128,2592,4721.12
122,768,128,3888,8195.76
122,768,128,5832,12247.6
122,768,128,8748,18565.4
122,768,128,13122,32519.2
122,768,128,16384,42441.6
122,1152,0,0,64.7894
122,1152,1,512,63.9786
122,1152,1,768,63.8506
122,1152,1,1152,63.936
122,1152,1,1728,85.61
122,1152,1,2592,124.992
122,1152,1,3888,179.905
122,1152,1,5832,264.064
122,1152,1,8748,394.754
122,1152,1,13122,582.912
122,1152,1,16384,730.134
122,1152,2,512,63.7666
122,1152,2,768,63.9994
122,1152,2,1152,64.9174
122,1152,2,1728,87.062
122,1152,2,2592,126.314
122,1152,2,3888,181.184
122,1152,2,5832,265.194
122,1152,2,8748,396.694
122,1152,2,13122,584.77
122,1152,2,16384,730.71
122,1152,4,512,67.6266
122,1152,4,768,87.7654
122,1152,4,1152,121.237
122,1152,4,1728,146.112
122,1152,4,2592,182.764
122,1152,4,3888,238.252
122,1152,4,5832,314.134
122,1152,4,8748,431.532
122,1152,4,13122,611.648
122,1152,4,16384,744.918
122,1152,8,512,96.9806
122,1152,8,768,108.395
122,1152,8,1152,126.999
122,1152,8,1728,169.665
122,1152,8,2592,245.954
122,1152,8,3888,358.912
122,1152,8,5832,525.1
122,1152,8,8748,778.796
122,1152,8,13122,1177.24
122,1152,8,16384,1465.03
122,1152,16,512,153.942
122,1152,16,768,170.261
122,1152,16,1152,234.986
122,1152,16,1728,304.106
122,1152,16,2592,413.526
122,1152,16,3888,573.25
122,1152,16,5832,805.314
122,1152,16,8748,1194.52
122,1152,16,13122,1772.93
122,1152,16,16384,2203.6
122,1152,32,512,225.172
122,1152,32,768,283.712
122,1152,32,1152,364.44
122,1152,32,1728,496.022
122,1152,32,2592,735.638
122,1152,32,3888,1070.87
122,1152,32,5832,1690.37
122,1152,32,8748,2511.54
122,1152,32,13122,3739.88
122,1152,32,16384,4641.88
122,1152,64,512,406.06
122,1152,64,768,520.086
122,1152,64,1152,712.342
122,1152,64,1728,969.688
122,1152,64,2592,1466.35
122,1152,64,3888,2663.06
122,1152,64,5832,4183.26
122,1152,64,8748,6225.98
122,1152,64,13122,9448.36
122,1152,64,16384,11781.7
122,1152,128,512,812.186
122,1152,128,768,1094.15
122,1152,128,1152,1512.43
122,1152,128,1728,2245.9
122,1152,128,2592,4769.4
122,1152,128,3888,8208.74
122,1152,128,5832,12243.3
122,1152,128,8748,18444.9
122,1152,128,13122,32970.2
122,1152,128,16384,43253
122,1728,0,0,88.4906
122,1728,1,512,88.704
122,1728,1,768,89.366
122,1728,1,1152,89.536
122,1728,1,1728,89.77
122,1728,1,2592,124.395
122,1728,1,3888,178.967
122,1728,1,5832,263.402
122,1728,1,8748,391.978
122,1728,1,13122,582.914
122,1728,1,16384,726.976
122,1728,2,512,89.5146
122,1728,2,768,89.8134
122,1728,2,1152,90.1126
122,1728,2,1728,90.8806
122,1728,2,2592,126.656
122,1728,2,3888,180.309
122,1728,2,5832,265.28
122,1728,2,8748,395.392
122,1728,2,13122,583.51
122,1728,2,16384,729.792
122,1728,4,512,93.1
122,1728,4,768,93.9094
122,1728,4,1152,120.896
122,1728,4,1728,165.845
122,1728,4,2592,204.182
122,1728,4,3888,258.646
122,1728,4,5832,337.088
122,1728,4,8748,455.722
122,1728,4,13122,634.07
122,1728,4,16384,772.628
122,1728,8,512,123.072
122,1728,8,768,134.379
122,1728,8,1152,152
122,1728,8,1728,175.488
122,1728,8,2592,245.462
122,1728,8,3888,357.888
122,1728,8,5832,521.814
122,1728,8,8748,775.02
122,1728,8,13122,1168.13
122,1728,8,16384,1457.73
122,1728,16,512,180.843
122,1728,16,768,212.736
122,1728,16,1152,235.032
122,1728,16,1728,322.092
122,1728,16,2592,436.31
122,1728,16,3888,594.178
122,1728,16,5832,829.698
122,1728,16,8748,1190.49
122,1728,16,13122,1769.35
122,1728,16,16384,2202.62
122,1728,32,512,263.98
122,1728,32,768,312.896
122,1728,32,1152,387.948
122,1728,32,1728,502.614
122,1728,32,2592,734.658
122,1728,32,3888,1068.1
122,1728,32,5832,1683.44
122,1728,32,8748,2529.48
122,1728,32,13122,3721.5
122,1728,32,16384,4633.28
122,1728,64,512,436.588
122,1728,64,768,555.074
122,1728,64,1152,724.418
122,1728,64,1728,982.68
122,1728,64,2592,1494.17
122,1728,64,3888,2635.72
122,1728,64,5832,4180.44
122,1728,64,8748,6230.08
122,1728,64,13122,9358.48
122,1728,64,16384,11686.1
122,1728,128,512,839.768
122,1728,128,768,1112.07
122,1728,128,1152,1518.49
122,1728,128,1728,2269.8
122,1728,128,2592,4770.52
122,1728,128,3888,8224.82
122,1728,128,5832,12328.4
122,1728,128,8748,18752.3
122,1728,128,13122,31527.6
122,1728,128,16384,43071.2
122,2592,0,0,126.249
122,2592,1,512,125.163
122,2592,1,768,126.123
122,2592,1,1152,125.803
122,2592,1,1728,126.059
122,2592,1,2592,127.766
122,2592,1,3888,180.096
122,2592,1,5832,264.298
122,2592,1,8748,394.326
122,2592,1,13122,583.19
122,2592,1,16384,728.768
122,2592,2,512,126.549
122,2592,2,768,127.125
122,2592,2,1152,127.894
122,2592,2,1728,129.152
122,2592,2,2592,129.258
122,2592,2,3888,181.74
122,2592,2,5832,265.728
122,2592,2,8748,397.078
122,2592,2,13122,585.28
122,2592,2,16384,730.326
122,2592,4,512,130.069
122,2592,4,768,131.393
122,2592,4,1152,132.394
122,2592,4,1728,167.062
122,2592,4,2592,243.584
122,2592,4,3888,297.898
122,2592,4,5832,376.918
122,2592,4,8748,493.676
122,2592,4,13122,670.294
122,2592,4,16384,808.748
122,2592,8,512,158.486
122,2592,8,768,170.304
122,2592,8,1152,188.459
122,2592,8,1728,212.566
122,2592,8,2592,252.864
122,2592,8,3888,359.338
122,2592,8,5832,525.334
122,2592,8,8748,776.408
122,2592,8,13122,1165.87
122,2592,8,16384,1455.19
122,2592,16,512,218.518
122,2592,16,768,250.282
122,2592,16,1152,300.138
122,2592,16,1728,332.162
122,2592,16,2592,472.278
122,2592,16,3888,639.276
122,2592,16,5832,872.982
122,2592,16,8748,1234.92
122,2592,16,13122,1771.82
122,2592,16,16384,2209.98
122,2592,32,512,310.422
122,2592,32,768,370.838
122,2592,32,1152,427.008
122,2592,32,1728,542.892
122,2592,32,2592,740.78
122,2592,32,3888,1074.29
122,2592,32,5832,1649.73
122,2592,32,8748,2575.76
122,2592,32,13122,3777.82
122,2592,32,16384,4700.68
122,2592,64,512,482.988
122,2592,64,768,603.416
122,2592,64,1152,774.168
122,2592,64,1728,1009.45
122,2592,64,2592,1525.93
122,2592,64,3888,2696.96
122,2592,64,5832,4364.18
122,2592,64,8748,6408.38
122,2592,64,13122,9732.76
122,2592,64,16384,12450.6
122,2592,128,512,885.124
122,2592,128,768,1157.93
122,2592,128,1152,1546.63
122,2592,128,1728,2269.6
122,2592,128,2592,4816.46
122,2592,128,3888,8403.26
122,2592,128,5832,13334.2
122,2592,128,8748,22144.2
122,2592,128,13122,34253.2
122,2592,128,16384,43308
122,3888,0,0,182.613
122,3888,1,512,180.245
122,3888,1,768,180.651
122,3888,1,1152,180.523
122,3888,1,1728,180.394
122,3888,1,2592,180.629
122,3888,1,3888,181.311
122,3888,1,5832,264.106
122,3888,1,8748,393.388
122,3888,1,13122,584.532
122,3888,1,16384,729.002
122,3888,2,512,181.248
122,3888,2,768,181.077
122,3888,2,1152,181.397
122,3888,2,1728,182.123
122,3888,2,2592,181.632
122,3888,2,3888,183.21
122,3888,2,5832,267.434
122,3888,2,8748,397.524
122,3888,2,13122,585.282
122,3888,2,16384,728.49
122,3888,4,512,182.485
122,3888,4,768,183.232
122,3888,4,1152,185.643
122,3888,4,1728,186.881
122,3888,4,2592,243.796
122,3888,4,3888,353.556
122,3888,4,5832,435.968
122,3888,4,8748,551.702
122,3888,4,13122,732.992
122,3888,4,16384,869.698
122,3888,8,512,211.542
122,3888,8,768,222.018
122,3888,8,1152,240.448
122,3888,8,1728,265.92
122,3888,8,2592,305.856
122,3888,8,3888,366.658
122,3888,8,5832,524.758
122,3888,8,8748,775.982
122,3888,8,13122,1156.95
122,3888,8,16384,1459.78
122,3888,16,512,269.484
122,3888,16,768,302.656
122,3888,16,1152,352.236
122,3888,16,1728,419.564
122,3888,16,2592,479.062
122,3888,16,3888,689.28
122,3888,16,5832,937.966
122,3888,16,8748,1311.94
122,3888,16,13122,1864.33
122,3888,16,16384,2255
122,3888,32,512,364.63
122,3888,32,768,429.078
122,3888,32,1152,521.026
122,3888,32,1728,604.372
122,3888,32,2592,803.456
122,3888,32,3888,1102.64
122,3888,32,5832,1662.83
122,3888,32,8748,2684.4
122,3888,32,13122,4165.02
122,3888,32,16384,5316.88
122,3888,64,512,549.612
122,3888,64,768,662.21
122,3888,64,1152,844.14
122,3888,64,1728,1070.87
122,3888,64,2592,1529.16
122,3888,64,3888,2840.38
122,3888,64,5832,4334
122,3888,64,8748,7064.38
122,3888,64,13122,11176.7
122,3888,64,16384,15130.6
122,3888,128,512,937.644
122,3888,128,768,1211.23
122,3888,128,1152,1614.77
122,3888,128,1728,2348.44
122,3888,128,2592,4912.58
122,3888,128,3888,8407.72
122,3888,128,5832,12811.3
122,3888,128,8748,22476.4
122,3888,128,13122,34598.2
122,3888,128,16384,43513.6
122,5832,0,0,271.978
122,5832,1,512,268.568
122,5832,1,768,268.438
122,5832,1,1152,269.248
122,5832,1,1728,268.906
122,5832,1,2592,269.292
122,5832,1,3888,268.864
122,5832,1,5832,270.038
122,5832,1,8748,394.176
122,5832,1,13122,584.128
122,5832,1,16384,730.198
122,5832,2,512,268.694
122,5832,2,768,268.95
122,5832,2,1152,268.928
122,5832,2,1728,268.95
122,5832,2,2592,269.738
122,5832,2,3888,270.208
122,5832,2,5832,272.17
122,5832,2,8748,397.184
122,5832,2,13122,587.48
122,5832,2,16384,732.12
122,5832,4,512,269.716
122,5832,4,768,272.17
122,5832,4,1152,271.744
122,5832,4,1728,273.428
122,5832,4,2592,277.14
122,5832,4,3888,354.112
122,5832,4,5832,519.532
122,5832,4,8748,648.662
122,5832,4,13122,828.908
122,5832,4,16384,962.434
122,5832,8,512,291.712
122,5832,8,768,301.356
122,5832,8,1152,321.388
122,5832,8,1728,344.364
122,5832,8,2592,385.43
122,5832,8,3888,444.374
122,5832,8,5832,532.63
122,5832,8,8748,780.504
122,5832,8,13122,1165.63
122,5832,8,16384,1470.3
122,5832,16,512,349.034
122,5832,16,768,380.95
122,5832,16,1152,429.868
122,5832,16,1728,496.832
122,5832,16,2592,612.566
122,5832,16,3888,696.342
122,5832,16,5832,1034.6
122,5832,16,8748,1436.78
122,5832,16,13122,2083.2
122,5832,16,16384,2525.06
122,5832,32,512,441.194
122,5832,32,768,509.378
122,5832,32,1152,603.352
122,5832,32,1728,738.114
122,5832,32,2592,887.51
122,5832,32,3888,1164.93
122,5832,32,5832,1706.88
122,5832,32,8748,2512.54
122,5832,32,13122,4246.32
122,5832,32,16384,5477.5
122,5832,64,512,639.96
122,5832,64,768,771.288
122,5832,64,1152,940.462
122,5832,64,1728,1181.02
122,5832,64,2592,1665.6
122,5832,64,3888,2750.1
122,5832,64,5832,4349.12
122,5832,64,8748,6680.92
122,5832,64,13122,11418.2
122,5832,64,16384,15573.4
122,5832,128,512,1089.45
122,5832,128,768,1303.66
122,5832,128,1152,1697.78
122,5832,128,1728,2439.34
122,5832,128,2592,5077.9
122,5832,128,3888,8460.68
122,5832,128,5832,12572.1
122,5832,128,8748,21726.4
122,5832,128,13122,34427.6
122,5832,128,16384,43566
122,8748,0,0,397.142
122,8748,1,512,392.96
122,8748,1,768,393.688
122,8748,1,1152,392.576
122,8748,1,1728,393.686
122,8748,1,2592,392.876
122,8748,1,3888,393.258
122,8748,1,5832,393.708
122,8748,1,8748,397.974
122,8748,1,13122,584.45
122,8748,1,16384,729.814
122,8748,2,512,393.878
122,8748,2,768,394.688
122,8748,2,1152,394.39
122,8748,2,1728,394.986
122,8748,2,2592,394.454
122,8748,2,3888,396.118
122,8748,2,5832,397.846
122,8748,2,8748,399.02
122,8748,2,13122,588.054
122,8748,2,16384,731.648
122,8748,4,512,395.052
122,8748,4,768,395.756
122,8748,4,1152,397.182
122,8748,4,1728,399.256
122,8748,4,2592,401.024
122,8748,4,3888,405.354
122,8748,4,5832,516.588
122,8748,4,8748,774.912
122,8748,4,13122,977.026
122,8748,4,16384,1120.19
122,8748,8,512,413.674
122,8748,8,768,424.362
122,8748,8,1152,441.686
122,8748,8,1728,463.53
122,8748,8,2592,502.464
122,8748,8,3888,563.754
122,8748,8,5832,652.032
122,8748,8,8748,800.194
122,8748,8,13122,1155.57
122,8748,8,16384,1461.87
122,8748,16,512,467.906
122,8748,16,768,499.926
122,8748,16,1152,549.846
122,8748,16,1728,616.472
122,8748,16,2592,730.37
122,8748,16,3888,898.306
122,8748,16,5832,1028.55
122,8748,16,8748,1547.72
122,8748,16,13122,2144.48
122,8748,16,16384,2695.36
122,8748,32,512,557.974
122,8748,32,768,626.496
122,8748,32,1152,723.008
122,8748,32,1728,860.546
122,8748,32,2592,1093.87
122,8748,32,3888,1295.53
122,8748,32,5832,1771.93
122,8748,32,8748,2534.5
122,8748,32,13122,3806.76
122,8748,32,16384,5271.42
122,8748,64,512,774.956
122,8748,64,768,900.632
122,8748,64,1152,1087.26
122,8748,64,1728,1320
122,8748,64,2592,1839.94
122,8748,64,3888,3024.78
122,8748,64,5832,4469.72
122,8748,64,8748,6488.72
122,8748,64,13122,10749.6
122,8748,64,16384,14953.6
122,8748,128,512,1224.86
122,8748,128,768,1516.17
122,8748,128,1152,1821.21
122,8748,128,1728,2615.48
122,8748,128,2592,5161.2
122,8748,128,3888,8555.14
122,8748,128,5832,13039.1
122,8748,128,8748,19003.6
122,8748,128,13122,34649
122,8748,128,16384,43731.6
122,13122,0,0,587.158
122,13122,1,512,585.538
122,13122,1,768,585.068
122,13122,1,1152,586.196
122,13122,1,1728,586.156
122,13122,1,2592,583.722
122,13122,1,3888,585.516
122,13122,1,5832,585.472
122,13122,1,8748,586.604
122,13122,1,13122,587.306
122,13122,1,16384,727.702
122,13122,2,512,583.914
122,13122,2,768,584.128
122,13122,2,1152,584.662
122,13122,2,1728,585.45
122,13122,2,2592,585.11
122,13122,2,3888,586.54
122,13122,2,5832,588.312
122,13122,2,8748,590.442
122,13122,2,13122,592.746
122,13122,2,16384,731.308
122,13122,4,512,585.642
122,13122,4,768,588.16
122,13122,4,1152,590.656
122,13122,4,1728,590.636
122,13122,4,2592,591.616
122,13122,4,3888,596.46
122,13122,4,5832,597.976
122,13122,4,8748,782.422
122,13122,4,13122,1165.44
122,13122,4,16384,1324.42
122,13122,8,512,593.346
122,13122,8,768,601.002
122,13122,8,1152,619.586
122,13122,8,1728,645.058
122,13122,8,2592,680.618
122,13122,8,3888,743.768
122,13122,8,5832,831.702
122,13122,8,8748,987.866
122,13122,8,13122,1189.47
122,13122,8,16384,1443.29
122,13122,16,512,643.798
122,13122,16,768,675.308
122,13122,16,1152,729.516
122,13122,16,1728,791.17
122,13122,16,2592,908.162
122,13122,16,3888,1074.5
122,13122,16,5832,1338.27
122,13122,16,8748,1583.36
122,13122,16,13122,2311.56
122,13122,16,16384,2729.34
122,13122,32,512,739.096
122,13122,32,768,806.7
122,13122,32,1152,900.056
122,13122,32,1728,1037.48
122,13122,32,2592,1276.16
122,13122,32,3888,1599.43
122,13122,32,5832,2014.52
122,13122,32,8748,2764.36
122,13122,32,13122,3765.88
122,13122,32,16384,4659.02
122,13122,64,512,947.18
122,13122,64,768,1093.63
122,13122,64,1152,1280.96
122,13122,64,1728,1540.46
122,13122,64,2592,2040.8
122,13122,64,3888,3196.76
122,13122,64,5832,4723.32
122,13122,64,8748,6916.84
122,13122,64,13122,9767.06
122,13122,64,16384,13136.7
122,13122,128,512,1428.74
122,13122,128,768,1721.44
122,13122,128,1152,2149.26
122,13122,128,1728,2774.3
122,13122,128,2592,5579.76
122,13122,128,3888,9062.36
122,13122,128,5832,13239.3
122,13122,128,8748,22015
122,13122,128,13122,31168
122,13122,128,16384,43467.8
122,16384,0,0,732.29
122,16384,1,512,726.274
122,16384,1,768,725.462
122,16384,1,1152,726.784
122,16384,1,1728,726.976
122,16384,1,2592,726.87
122,16384,1,3888,727.51
122,16384,1,5832,727.062
122,16384,1,8748,728.81
122,16384,1,13122,727.702
122,16384,1,16384,729.26
122,16384,2,512,725.162
122,16384,2,768,726.294
122,16384,2,1152,726.444
122,16384,2,1728,726.87
122,16384,2,2592,726.594
122,16384,2,3888,728.02
122,16384,2,5832,728.534
122,16384,2,8748,727.872
122,16384,2,13122,732.652
122,16384,2,16384,732.866
122,16384,4,512,727.34
122,16384,4,768,728.576
122,16384,4,1152,730.092
122,16384,4,1728,731.862
122,16384,4,2592,732.994
122,16384,4,3888,737.28
122,16384,4,5832,740.888
122,16384,4,8748,779.348
122,16384,4,13122,1165.78
122,16384,4,16384,1453.29
122,16384,8,512,728.3
122,16384,8,768,729.814
122,16384,8,1152,748.608
122,16384,8,1728,773.826
122,16384,8,2592,810.304
122,16384,8,3888,876.14
122,16384,8,5832,960.706
122,16384,8,8748,1119.15
122,16384,8,13122,1326.08
122,16384,8,16384,1472.67
122,16384,16,512,772.76
122,16384,16,768,805.696
122,16384,16,1152,851.842
122,16384,16,1728,921.046
122,16384,16,2592,1034.05
122,16384,16,3888,1200.54
122,16384,16,5832,1462.76
122,16384,16,8748,1847.09
122,16384,16,13122,2311.36
122,16384,16,16384,2886.72
122,16384,32,512,866.626
122,16384,32,768,931.478
122,16384,32,1152,1030.81
122,16384,32,1728,1167.3
122,16384,32,2592,1407.9
122,16384,32,3888,1739.57
122,16384,32,5832,2355.66
122,16384,32,8748,2829.08
122,16384,32,13122,4151.2
122,16384,32,16384,4702.44
122,16384,64,512,1079.3
122,16384,64,768,1221.12
122,16384,64,1152,1435.31
122,16384,64,1728,1694.21
122,16384,64,2592,2221.32
122,16384,64,3888,3349.88
122,16384,64,5832,4924.28
122,16384,64,8748,6873.32
122,16384,64,13122,11722.6
122,16384,64,16384,12440.9
122,16384,128,512,1568.66
122,16384,128,768,1860
122,16384,128,1152,2307.46
122,16384,128,1728,2988.32
122,16384,128,2592,5896.64
122,16384,128,3888,9331.62
122,16384,128,5832,13243.1
122,16384,128,8748,19118.4
122,16384,128,13122,34141.2
122,16384,128,16384,42625.2
128,0,0,0,17.1733
128,0,1,16,16.8113
128,0,1,32,16.9173
128,0,1,64,17.088
128,0,1,128,19.9673
128,0,1,256,24.6826
128,0,1,512,35.0306
128,0,1,1024,56.1074
128,0,1,2048,100.416
128,0,1,4096,188.864
128,0,1,8192,369.792
128,0,1,16384,727.084
128,0,2,16,17.0453
128,0,2,32,16.7467
128,0,2,64,17.2807
128,0,2,128,20.522
128,0,2,256,26.1126
128,0,2,512,36.202
128,0,2,1024,56.79
128,0,2,2048,101.739
128,0,2,4096,190.719
128,0,2,8192,370.326
128,0,2,16384,728.512
128,0,4,16,24.1494
128,0,4,32,24.3194
128,0,4,64,24.6394
128,0,4,128,30.5926
128,0,4,256,36.0746
128,0,4,512,46.976
128,0,4,1024,67.0506
128,0,4,2048,110.187
128,0,4,4096,194.154
128,0,4,8192,377.046
128,0,4,16384,735.51
128,0,8,16,26.6454
128,0,8,32,26.8366
128,0,8,64,26.9866
128,0,8,128,34.944
128,0,8,256,45.5474
128,0,8,512,66.7734
128,0,8,1024,111.979
128,0,8,2048,199.873
128,0,8,4096,378.24
128,0,8,8192,745.664
128,0,8,16384,1474.97
128,0,16,16,40.96
128,0,16,32,40.9806
128,0,16,64,41.878
128,0,16,128,57.4086
128,0,16,256,74.1534
128,0,16,512,106.645
128,0,16,1024,173.142
128,0,16,2048,302.636
128,0,16,4096,565.654
128,0,16,8192,1128.11
128,0,16,16384,2201.74
128,0,32,16,62.7834
128,0,32,32,63.3806
128,0,32,64,64.5774
128,0,32,128,94.2934
128,0,32,256,127.53
128,0,32,512,193.707
128,0,32,1024,334.466
128,0,32,2048,600.236
128,0,32,4096,1155.76
128,0,32,8192,2374.46
128,0,32,16384,4668
128,0,64,16,112.533
128,0,64,32,113.899
128,0,64,64,116.31
128,0,64,128,174.593
128,0,64,256,243.754
128,0,64,512,374.294
128,0,64,1024,631.21
128,0,64,2048,1124.21
128,0,64,4096,2906.46
128,0,64,8192,5834.64
128,0,64,16384,11802.1
128,0,128,16,208.342
128,0,128,32,210.602
128,0,128,64,217.642
128,0,128,128,342.614
128,0,128,256,496.854
128,0,128,512,797.464
128,0,128,1024,1363.52
128,0,128,2048,3118.82
128,0,128,4096,8607.78
128,0,128,8192,17216.6
128,0,128,16384,42949
128,16,0,0,20.9706
128,16,1,16,20.8854
128,16,1,32,20.948
128,16,1,64,20.928
128,16,1,128,21.0134
128,16,1,256,24.9606
128,16,1,512,35.2214
128,16,1,1024,56.2766
128,16,1,2048,100.673
128,16,1,4096,189.547
128,16,1,8192,369.814
128,16,1,16384,726.912
128,16,2,16,20.8426
128,16,2,32,20.992
128,16,2,64,21.0134
128,16,2,128,21.2686
128,16,2,256,25.92
128,16,2,512,36.1174
128,16,2,1024,56.8526
128,16,2,2048,101.888
128,16,2,4096,190.443
128,16,2,8192,369.622
128,16,2,16384,726.722
128,16,4,16,24.042
128,16,4,32,24.4894
128,16,4,64,24.9386
128,16,4,128,30.208
128,16,4,256,36.0114
128,16,4,512,46.762
128,16,4,1024,67.008
128,16,4,2048,109.931
128,16,4,4096,194.88
128,16,4,8192,376.896
128,16,4,16384,737.026
128,16,8,16,31.4654
128,16,8,32,31.2534
128,16,8,64,31.6154
128,16,8,128,34.752
128,16,8,256,45.2266
128,16,8,512,67.052
128,16,8,1024,112.022
128,16,8,2048,199.551
128,16,8,4096,378.838
128,16,8,8192,745.496
128,16,8,16384,1473.11
128,16,16,16,45.3346
128,16,16,32,45.6754
128,16,16,64,46.3794
128,16,16,128,58.1106
128,16,16,256,75.1354
128,16,16,512,108.053
128,16,16,1024,173.76
128,16,16,2048,303.574
128,16,16,4096,565.846
128,16,16,8192,1129.71
128,16,16,16384,2207.5
128,16,32,16,67.434
128,16,32,32,68.2674
128,16,32,64,69.0774
128,16,32,128,93.824
128,16,32,256,127.552
128,16,32,512,193.451
128,16,32,1024,333.27
128,16,32,2048,599.66
128,16,32,4096,1158.89
128,16,32,8192,2363.74
128,16,32,16384,4643.78
128,16,64,16,116.139
128,16,64,32,117.462
128,16,64,64,119.382
128,16,64,128,175.744
128,16,64,256,244.502
128,16,64,512,375.96
128,16,64,1024,632.556
128,16,64,2048,1125.16
128,16,64,4096,2892.98
128,16,64,8192,5831.68
128,16,64,16384,11744.9
128,16,128,16,209.174
128,16,128,32,211.864
128,16,128,64,218.602
128,16,128,128,341.634
128,16,128,256,496.364
128,16,128,512,797.528
128,16,128,1024,1364.08
128,16,128,2048,3113.12
128,16,128,4096,8605.94
128,16,128,8192,17203.8
128,16,128,16384,42366.2
128,32,0,0,20.6294
128,32,1,16,21.0134
128,32,1,32,20.8846
128,32,1,64,20.9274
128,32,1,128,20.7986
128,32,1,256,24.8534
128,32,1,512,35.2
128,32,1,1024,56.2986
128,32,1,2048,100.651
128,32,1,4096,189.44
128,32,1,8192,369.856
128,32,1,16384,729.666
128,32,2,16,20.9914
128,32,2,32,21.0774
128,32,2,64,21.0766
128,32,2,128,21.1194
128,32,2,256,26.0266
128,32,2,512,36.182
128,32,2,1024,56.982
128,32,2,2048,101.355
128,32,2,4096,190.72
128,32,2,8192,369.77
128,32,2,16384,728.684
128,32,4,16,23.9146
128,32,4,32,24.1914
128,32,4,64,24.7254
128,32,4,128,29.7386
128,32,4,256,35.35
128,32,4,512,46.208
128,32,4,1024,67.286
128,32,4,2048,110.699
128,32,4,4096,195.009
128,32,4,8192,377.004
128,32,4,16384,734.252
128,32,8,16,31.4874
128,32,8,32,31.5734
128,32,8,64,32.0434
128,32,8,128,35.0934
128,32,8,256,45.2274
128,32,8,512,66.6666
128,32,8,1024,111.573
128,32,8,2048,199.745
128,32,8,4096,378.838
128,32,8,8192,744.472
128,32,8,16384,1478.64
128,32,16,16,45.93
128,32,16,32,46.166
128,32,16,64,46.5706
128,32,16,128,57.856
128,32,16,256,75.648
128,32,16,512,108.183
128,32,16,1024,173.441
128,32,16,2048,302.722
128,32,16,4096,566.806
128,32,16,8192,1124.87
128,32,16,16384,2206.36
128,32,32,16,67.946
128,32,32,32,68.2254
128,32,32,64,69.0134
128,32,32,128,94.3786
128,32,32,256,127.787
128,32,32,512,193.301
128,32,32,1024,334.06
128,32,32,2048,600.682
128,32,32,4096,1154.44
128,32,32,8192,2366.86
128,32,32,16384,4638.5
128,32,64,16,115.989
128,32,64,32,117.249
128,32,64,64,119.489
128,32,64,128,175.297
128,32,64,256,244.246
128,32,64,512,376.13
128,32,64,1024,631.936
128,32,64,2048,1125.36
128,32,64,4096,2895.48
128,32,64,8192,5825.44
128,32,64,16384,11683.4
128,32,128,16,209.196
128,32,128,32,211.756
128,32,128,64,218.818
128,32,128,128,341.398
128,32,128,256,495.618
128,32,128,512,796.29
128,32,128,1024,1363.8
128,32,128,2048,3109.26
128,32,128,4096,8615.22
128,32,128,8192,17286.4
128,32,128,16384,42870
128,64,0,0,20.7574
128,64,1,16,20.7574
128,64,1,32,20.9066
128,64,1,64,20.8
128,64,1,128,21.0566
128,64,1,256,24.5966
128,64,1,512,34.88
128,64,1,1024,56.32
128,64,1,2048,101.313
128,64,1,4096,189.631
128,64,1,8192,369.772
128,64,1,16384,729.6
128,64,2,16,21.226
128,64,2,32,21.162
128,64,2,64,21.2046
128,64,2,128,21.5254
128,64,2,256,25.0874
128,64,2,512,35.414
128,64,2,1024,56.9594
128,64,2,2048,101.909
128,64,2,4096,191.125
128,64,2,8192,370.454
128,64,2,16384,729.492
128,64,4,16,23.872
128,64,4,32,24.0854
128,64,4,64,24.5334
128,64,4,128,30.4426
128,64,4,256,37.1406
128,64,4,512,46.912
128,64,4,1024,67.6486
128,64,4,2048,110.827
128,64,4,4096,195.222
128,64,4,8192,376.96
128,64,4,16384,736.086
128,64,8,16,31.4234
128,64,8,32,31.7866
128,64,8,64,31.8506
128,64,8,128,35.008
128,64,8,256,45.376
128,64,8,512,67.072
128,64,8,1024,111.637
128,64,8,2048,200.256
128,64,8,4096,378.904
128,64,8,8192,745.6
128,64,8,16384,1473.22
128,64,16,16,46.4
128,64,16,32,45.994
128,64,16,64,46.8906
128,64,16,128,58.688
128,64,16,256,74.9654
128,64,16,512,108.159
128,64,16,1024,174.593
128,64,16,2048,303.446
128,64,16,4096,564.952
128,64,16,8192,1124.67
128,64,16,16384,2206
128,64,32,16,68.2454
128,64,32,32,68.8434
128,64,32,64,69.3974
128,64,32,128,94.4434
128,64,32,256,128.065
128,64,32,512,193.388
128,64,32,1024,333.142
128,64,32,2048,599.256
128,64,32,4096,1151.26
128,64,32,8192,2373
128,64,32,16384,4648.66
128,64,64,16,115.456
128,64,64,32,116.651
128,64,64,64,119.509
128,64,64,128,174.699
128,64,64,256,243.372
128,64,64,512,372.716
128,64,64,1024,630.552
128,64,64,2048,1122.39
128,64,64,4096,2897.74
128,64,64,8192,5833.88
128,64,64,16384,11767.6
128,64,128,16,209.516
128,64,128,32,211.904
128,64,128,64,218.304
128,64,128,128,342.358
128,64,128,256,496.706
128,64,128,512,795.394
128,64,128,1024,1360.97
128,64,128,2048,3124.92
128,64,128,4096,8611.04
128,64,128,8192,18429.4
128,64,128,16384,43217.2
128,128,0,0,22.678
128,128,1,16,21.568
128,128,1,32,21.5266
128,128,1,64,21.632
128,128,1,128,21.632
128,128,1,256,25.0454
128,128,1,512,35.0294
128,128,1,1024,56.3834
128,128,1,2048,100.651
128,128,1,4096,189.653
128,128,1,8192,370.326
128,128,1,16384,729.026
128,128,2,16,21.7386
128,128,2,32,21.7386
128,128,2,64,21.824
128,128,2,128,21.76
128,128,2,256,25.9626
128,128,2,512,36.3314
128,128,2,1024,56.8114
128,128,2,2048,101.547
128,128,2,4096,190.784
128,128,2,8192,369.238
128,128,2,16384,729.472
128,128,4,16,24.448
128,128,4,32,24.0854
128,128,4,64,24.7474
128,128,4,128,34.0474
128,128,4,256,42.004
128,128,4,512,53.1194
128,128,4,1024,74.4746
128,128,4,2048,117.099
128,128,4,4096,199.275
128,128,4,8192,376.448
128,128,4,16384,736.684
128,128,8,16,32.6614
128,128,8,32,32.7466
128,128,8,64,33.1094
128,128,8,128,37.0986
128,128,8,256,45.6114
128,128,8,512,67.008
128,128,8,1024,111.809
128,128,8,2048,199.979
128,128,8,4096,379.244
128,128,8,8192,746.304
128,128,8,16384,1476.74
128,128,16,16,47.5734
128,128,16,32,47.7874
128,128,16,64,47.8506
128,128,16,128,61.4826
128,128,16,256,79.872
128,128,16,512,113.301
128,128,16,1024,178.304
128,128,16,2048,306.644
128,128,16,4096,567.618
128,128,16,8192,1125.46
128,128,16,16384,2210.66
128,128,32,16,69.76
128,128,32,32,70.0374
128,128,32,64,70.9334
128,128,32,128,95.766
128,128,32,256,128.319
128,128,32,512,194.071
128,128,32,1024,332.288
128,128,32,2048,599.234
128,128,32,4096,1155.76
128,128,32,8192,2367.22
128,128,32,16384,4633.3
128,128,64,16,118.061
128,128,64,32,118.869
128,128,64,64,121.387
128,128,64,128,177.621
128,128,64,256,246.124
128,128,64,512,376.746
128,128,64,1024,633.068
128,128,64,2048,1128.37
128,128,64,4096,2893.96
128,128,64,8192,5831.9
128,128,64,16384,11912.2
128,128,128,16,211.074
128,128,128,32,213.442
128,128,128,64,219.286
128,128,128,128,343.276
128,128,128,256,497.772
128,128,128,512,796.462
128,128,128,1024,1361.18
128,128,128,2048,3106.84
128,128,128,4096,8612.92
128,128,128,8192,17233.6
128,128,128,16384,43324
128,256,0,0,27.4986
128,256,1,16,26.7094
128,256,1,32,26.6454
128,256,1,64,26.6666
128,256,1,128,26.5814
128,256,1,256,26.6666
128,256,1,512,35.2434
128,256,1,1024,56.234
128,256,1,2048,100.545
128,256,1,4096,189.973
128,256,1,8192,370.582
128,256,1,16384,728.898
128,256,2,16,26.8166
128,256,2,32,26.816
128,256,2,64,27.008
128,256,2,128,26.7534
128,256,2,256,26.9854
128,256,2,512,36.8
128,256,2,1024,56.7886
128,256,2,2048,102.613
128,256,2,4096,189.931
128,256,2,8192,370.794
128,256,2,16384,728.278
128,256,4,16,29.5474
128,256,4,32,29.4186
128,256,4,64,29.612
128,256,4,128,34.24
128,256,4,256,44.9074
128,256,4,512,57.9414
128,256,4,1024,80.1494
128,256,4,2048,121.749
128,256,4,4096,204.95
128,256,4,8192,378.028
128,256,4,16384,735.424
128,256,8,16,37.8674
128,256,8,32,38.2934
128,256,8,64,38.08
128,256,8,128,42.624
128,256,8,256,48.128
128,256,8,512,67.4134
128,256,8,1024,112.491
128,256,8,2048,200.406
128,256,8,4096,379.562
128,256,8,8192,742.488
128,256,8,16384,1476.85
128,256,16,16,53.4614
128,256,16,32,53.8666
128,256,16,64,54.592
128,256,16,128,64.618
128,256,16,256,84.33
128,256,16,512,118.785
128,256,16,1024,184.043
128,256,16,2048,311.274
128,256,16,4096,567.936
128,256,16,8192,1125.72
128,256,16,16384,2206.98
128,256,32,16,76.9494
128,256,32,32,77.3974
128,256,32,64,78.6134
128,256,32,128,102.464
128,256,32,256,129.921
128,256,32,512,193.025
128,256,32,1024,331.606
128,256,32,2048,599.126
128,256,32,4096,1157.61
128,256,32,8192,2367.74
128,256,32,16384,4662.76
128,256,64,16,124.183
128,256,64,32,125.291
128,256,64,64,127.381
128,256,64,128,180.139
128,256,64,256,248
128,256,64,512,376.96
128,256,64,1024,632.492
128,256,64,2048,1128.18
128,256,64,4096,2890.24
128,256,64,8192,5827.8
128,256,64,16384,11669
128,256,128,16,219.136
128,256,128,32,221.804
128,256,128,64,227.584
128,256,128,128,347.5
128,256,128,256,502.316
128,256,128,512,800.664
128,256,128,1024,1364.57
128,256,128,2048,3122.46
128,256,128,4096,8615.38
128,256,128,8192,17304.2
128,256,128,16384,43091.2
128,512,0,0,37.1414
128,512,1,16,37.0134
128,512,1,32,36.864
128,512,1,64,36.9914
128,512,1,128,37.3546
128,512,1,256,36.8426
128,512,1,512,37.0346
128,512,1,1024,56.2774
128,512,1,2048,100.864
128,512,1,4096,190.357
128,512,1,8192,369.77
128,512,1,16384,730.54
128,512,2,16,37.4414
128,512,2,32,37.354
128,512,2,64,37.5894
128,512,2,128,37.3126
128,512,2,256,37.6306
128,512,2,512,37.376
128,512,2,1024,57.4094
128,512,2,2048,101.973
128,512,2,4096,191.873
128,512,2,8192,371.03
128,512,2,16384,730.178
128,512,4,16,39.8714
128,512,4,32,39.8514
128,512,4,64,39.894
128,512,4,128,39.9566
128,512,4,256,44.9286
128,512,4,512,65.3226
128,512,4,1024,90.432
128,512,4,2048,132.821
128,512,4,4096,215.682
128,512,4,8192,384.364
128,512,4,16384,735.598
128,512,8,16,48.3634
128,512,8,32,48.2566
128,512,8,64,48.4054
128,512,8,128,53.3326
128,512,8,256,59.222
128,512,8,512,69.376
128,512,8,1024,112.128
128,512,8,2048,200.512
128,512,8,4096,380.074
128,512,8,8192,737.964
128,512,8,16384,1475.78
128,512,16,16,64.8526
128,512,16,32,65.1306
128,512,16,64,66.068
128,512,16,128,80.1714
128,512,16,256,91.372
128,512,16,512,127.317
128,512,16,1024,195.029
128,512,16,2048,322.262
128,512,16,4096,576.064
128,512,16,8192,1126.04
128,512,16,16384,2208.72
128,512,32,16,90.5594
128,512,32,32,90.5386
128,512,32,64,92.0534
128,512,32,128,114.539
128,512,32,256,141.931
128,512,32,512,195.541
128,512,32,1024,329.58
128,512,32,2048,599.212
128,512,32,4096,1152.66
128,512,32,8192,2371.7
128,512,32,16384,4645.8
128,512,64,16,137.941
128,512,64,32,139.285
128,512,64,64,141.483
128,512,64,128,193.941
128,512,64,256,255.702
128,512,64,512,382.956
128,512,64,1024,638.616
128,512,64,2048,1143.71
128,512,64,4096,2899.28
128,512,64,8192,5834.44
128,512,64,16384,11722.3
128,512,128,16,231.512
128,512,128,32,233.878
128,512,128,64,240.15
128,512,128,128,353.452
128,512,128,256,503.574
128,512,128,512,803.266
128,512,128,1024,1367.02
128,512,128,2048,3099.88
128,512,128,4096,8629.42
128,512,128,8192,17268
128,512,128,16384,42990.4
128,1024,0,0,59.072
128,1024,1,16,58.3254
128,1024,1,32,58.3254
128,1024,1,64,58.454
128,1024,1,128,58.304
128,1024,1,256,58.2834
128,1024,1,512,58.5814
128,1024,1,1024,58.4534
128,1024,1,2048,101.547
128,1024,1,4096,189.611
128,1024,1,8192,369.77
128,1024,1,16384,727.298
128,1024,2,16,58.198
128,1024,2,32,58.1766
128,1024,2,64,58.048
128,1024,2,128,58.0694
128,1024,2,256,58.3466
128,1024,2,512,58.6454
128,1024,2,1024,59.0926
128,1024,2,2048,102.357
128,1024,2,4096,191.295
128,1024,2,8192,371.092
128,1024,2,16384,725.824
128,1024,4,16,59.712
128,1024,4,32,60.096
128,1024,4,64,59.968
128,1024,4,128,60.288
128,1024,4,256,60.5434
128,1024,4,512,65.3874
128,1024,4,1024,109.845
128,1024,4,2048,155.093
128,1024,4,4096,239.064
128,1024,4,8192,405.868
128,1024,4,16384,737.196
128,1024,8,16,68.928
128,1024,8,32,69.5254
128,1024,8,64,69.396
128,1024,8,128,74.5594
128,1024,8,256,80.2134
128,1024,8,512,91.136
128,1024,8,1024,114.496
128,1024,8,2048,200.726
128,1024,8,4096,377.856
128,1024,8,8192,733.654
128,1024,8,16384,1465.2
128,1024,16,16,85.76
128,1024,16,32,85.9094
128,1024,16,64,86.8474
128,1024,16,128,101.397
128,1024,16,256,118.337
128,1024,16,512,145.344
128,1024,16,1024,213.12
128,1024,16,2048,344.212
128,1024,16,4096,595.564
128,1024,16,8192,1119.32
128,1024,16,16384,2206.6
128,1024,32,16,113.195
128,1024,32,32,113.451
128,1024,32,64,114.688
128,1024,32,128,142.912
128,1024,32,256,171.927
128,1024,32,512,218.518
128,1024,32,1024,329.11
128,1024,32,2048,596.27
128,1024,32,4096,1144.11
128,1024,32,8192,2382.82
128,1024,32,16384,4635.5
128,1024,64,16,163.222
128,1024,64,32,164.63
128,1024,64,64,166.251
128,1024,64,128,218.816
128,1024,64,256,283.372
128,1024,64,512,402.198
128,1024,64,1024,647.66
128,1024,64,2048,1160.86
128,1024,64,4096,2905.76
128,1024,64,8192,5833.2
128,1024,64,16384,11715.7
128,1024,128,16,257.942
128,1024,128,32,262.358
128,1024,128,64,268.416
128,1024,128,128,382.634
128,1024,128,256,527.532
128,1024,128,512,811.672
128,1024,128,1024,1377.65
128,1024,128,2048,3075.36
128,1024,128,4096,8634.78
128,1024,128,8192,17338.2
128,1024,128,16384,43372.8
128,2048,0,0,103.638
128,2048,1,16,102.507
128,2048,1,32,102.357
128,2048,1,64,102.378
128,2048,1,128,102.699
128,2048,1,256,102.4
128,2048,1,512,102.571
128,2048,1,1024,103.189
128,2048,1,2048,103.019
128,2048,1,4096,189.568
128,2048,1,8192,368.448
128,2048,1,16384,727.34
128,2048,2,16,102.443
128,2048,2,32,102.358
128,2048,2,64,102.656
128,2048,2,128,102.465
128,2048,2,256,102.336
128,2048,2,512,103.169
128,2048,2,1024,103.743
128,2048,2,2048,104.427
128,2048,2,4096,192.129
128,2048,2,8192,370.584
128,2048,2,16384,727.616
128,2048,4,16,104.363
128,2048,4,32,103.766
128,2048,4,64,103.253
128,2048,4,128,103.511
128,2048,4,256,104.555
128,2048,4,512,105.408
128,2048,4,1024,109.291
128,2048,4,2048,197.014
128,2048,4,4096,285.826
128,2048,4,8192,452.736
128,2048,4,16384,787.478
128,2048,8,16,110.399
128,2048,8,32,111.041
128,2048,8,64,110.762
128,2048,8,128,116.183
128,2048,8,256,122.091
128,2048,8,512,133.633
128,2048,8,1024,158.295
128,2048,8,2048,204.16
128,2048,8,4096,380.374
128,2048,8,8192,730.2
128,2048,8,16384,1464.05
128,2048,16,16,127.616
128,2048,16,32,128.191
128,2048,16,64,129.6
128,2048,16,128,143.637
128,2048,16,256,161.045
128,2048,16,512,193.366
128,2048,16,1024,258.432
128,2048,16,2048,384.938
128,2048,16,4096,644.226
128,2048,16,8192,1141.7
128,2048,16,16384,2200.44
128,2048,32,16,155.437
128,2048,32,32,155.968
128,2048,32,64,157.183
128,2048,32,128,188.118
128,2048,32,256,221.164
128,2048,32,512,282.988
128,2048,32,1024,382.764
128,2048,32,2048,600.384
128,2048,32,4096,1142.43
128,2048,32,8192,2377.04
128,2048,32,16384,4681.4
128,2048,64,16,212.608
128,2048,64,32,213.42
128,2048,64,64,216.342
128,2048,64,128,271.254
128,2048,64,256,338.026
128,2048,64,512,457.282
128,2048,64,1024,687.852
128,2048,64,2048,1185.28
128,2048,64,4096,2830.82
128,2048,64,8192,5865.94
128,2048,64,16384,11853.9
128,2048,128,16,309.504
128,2048,128,32,311.874
128,2048,128,64,320.3
128,2048,128,128,434.754
128,2048,128,256,572.654
128,2048,128,512,856.066
128,2048,128,1024,1394.5
128,2048,128,2048,3112.08
128,2048,128,4096,8756.88
128,2048,128,8192,18883.3
128,2048,128,16384,43185.2
128,4096,0,0,194.39
128,4096,1,16,191.489
128,4096,1,32,191.446
128,4096,1,64,191.425
128,4096,1,128,191.893
128,4096,1,256,191.829
128,4096,1,512,191.701
128,4096,1,1024,192.128
128,4096,1,2048,192.577
128,4096,1,4096,192.66
128,4096,1,8192,370.348
128,4096,1,16384,729.282
128,4096,2,16,191.551
128,4096,2,32,191.383
128,4096,2,64,191.615
128,4096,2,128,191.573
128,4096,2,256,191.509
128,4096,2,512,192.447
128,4096,2,1024,193.132
128,4096,2,2048,193.322
128,4096,2,4096,195.137
128,4096,2,8192,372.482
128,4096,2,16384,728.898
128,4096,4,16,192.192
128,4096,4,32,191.745
128,4096,4,64,191.467
128,4096,4,128,192.427
128,4096,4,256,193.131
128,4096,4,512,193.642
128,4096,4,1024,195.265
128,4096,4,2048,198.251
128,4096,4,4096,374.422
128,4096,4,8192,542.25
128,4096,4,16384,877.974
128,4096,8,16,195.499
128,4096,8,32,195.093
128,4096,8,64,196.779
128,4096,8,128,201.046
128,4096,8,256,207.252
128,4096,8,512,219.756
128,4096,8,1024,243.542
128,4096,8,2048,288.32
128,4096,8,4096,384.406
128,4096,8,8192,731.48
128,4096,8,16384,1462.28
128,4096,16,16,212.096
128,4096,16,32,211.756
128,4096,16,64,213.354
128,4096,16,128,227.968
128,4096,16,256,245.1
128,4096,16,512,277.59
128,4096,16,1024,342.146
128,4096,16,2048,470.272
128,4096,16,4096,728.132
128,4096,16,8192,1284.48
128,4096,16,16384,2299.8
128,4096,32,16,239.51
128,4096,32,32,239.04
128,4096,32,64,241.814
128,4096,32,128,271.958
128,4096,32,256,305.068
128,4096,32,512,371.372
128,4096,32,1024,498.304
128,4096,32,2048,692.652
128,4096,32,4096,1177.86
128,4096,32,8192,2388.18
128,4096,32,16384,5353.64
128,4096,64,16,295.426
128,4096,64,32,297.92
128,4096,64,64,301.034
128,4096,64,128,365.612
128,4096,64,256,434.284
128,4096,64,512,561.942
128,4096,64,1024,797.038
128,4096,64,2048,1260.25
128,4096,64,4096,3040.64
128,4096,64,8192,6529.96
128,4096,64,16384,15372
128,4096,128,16,405.1
128,4096,128,32,408.47
128,4096,128,64,417.6
128,4096,128,128,543.766
128,4096,128,256,704.45
128,4096,128,512,957.166
128,4096,128,1024,1492.89
128,4096,128,2048,3126.78
128,4096,128,4096,8845.92
128,4096,128,8192,21070.2
128,4096,128,16384,43450.2
128,8192,0,0,371.308
128,8192,1,16,369.664
128,8192,1,32,369.58
128,8192,1,64,370.454
128,8192,1,128,370.176
128,8192,1,256,370.178
128,8192,1,512,372.246
128,8192,1,1024,371.2
128,8192,1,2048,370.496
128,8192,1,4096,369.77
128,8192,1,8192,370.604
128,8192,1,16384,727.98
128,8192,2,16,368.662
128,8192,2,32,369.088
128,8192,2,64,369.238
128,8192,2,128,372.63
128,8192,2,256,371.928
128,8192,2,512,370.646
128,8192,2,1024,370.24
128,8192,2,2048,371.924
128,8192,2,4096,371.734
128,8192,2,8192,375.574
128,8192,2,16384,732.012
128,8192,4,16,371.008
128,8192,4,32,370.754
128,8192,4,64,370.54
128,8192,4,128,371.138
128,8192,4,256,372.054
128,8192,4,512,371.756
128,8192,4,1024,375.232
128,8192,4,2048,376.448
128,8192,4,4096,383.232
128,8192,4,8192,731.928
128,8192,4,16384,1098.33
128,8192,8,16,370.262
128,8192,8,32,369.236
128,8192,8,64,370.326
128,8192,8,128,370.006
128,8192,8,256,375.808
128,8192,8,512,389.824
128,8192,8,1024,411.5
128,8192,8,2048,455.404
128,8192,8,4096,551.362
128,8192,8,8192,755.586
128,8192,8,16384,1459.29
128,8192,16,16,381.782
128,8192,16,32,380.288
128,8192,16,64,381.484
128,8192,16,128,394.732
128,8192,16,256,413.74
128,8192,16,512,441.836
128,8192,16,1024,509.078
128,8192,16,2048,639.384
128,8192,16,4096,900.61
128,8192,16,8192,1466.18
128,8192,16,16384,2671
128,8192,32,16,404.632
128,8192,32,32,406.422
128,8192,32,64,406.892
128,8192,32,128,435.478
128,8192,32,256,469.866
128,8192,32,512,535.638
128,8192,32,1024,666.604
128,8192,32,2048,934.232
128,8192,32,4096,1327.7
128,8192,32,8192,2389.2
128,8192,32,16384,5353.08
128,8192,64,16,461.568
128,8192,64,32,463.17
128,8192,64,64,466.52
128,8192,64,128,530.006
128,8192,64,256,604.994
128,8192,64,512,752.472
128,8192,64,1024,1002.88
128,8192,64,2048,1467.05
128,8192,64,4096,3184.24
128,8192,64,8192,6090.74
128,8192,64,16384,15426.6
128,8192,128,16,575.404
128,8192,128,32,579.33
128,8192,128,64,587.032
128,8192,128,128,727.02
128,8192,128,256,896.62
128,8192,128,512,1205.32
128,8192,128,1024,1666.25
128,8192,128,2048,3410.98
128,8192,128,4096,8908.1
128,8192,128,8192,17746.4
128,8192,128,16384,43733.2
128,16384,0,0,739.712
128,16384,1,16,728.362
128,16384,1,32,728.342
128,16384,1,64,728.298
128,16384,1,128,726.912
128,16384,1,256,728.706
128,16384,1,512,730.838
128,16384,1,1024,729.366
128,16384,1,2048,729.046
128,16384,1,4096,728.17
128,16384,1,8192,731.052
128,16384,1,16384,733.014
128,16384,2,16,729.196
128,16384,2,32,729.112
128,16384,2,64,728.086
128,16384,2,128,728.918
128,16384,2,256,729.11
128,16384,2,512,730.518
128,16384,2,1024,730.924
128,16384,2,2048,729.56
128,16384,2,4096,730.476
128,16384,2,8192,730.88
128,16384,2,16384,734.55
128,16384,4,16,729.39
128,16384,4,32,729.13
128,16384,4,64,728.812
128,16384,4,128,729.686
128,16384,4,256,731.35
128,16384,4,512,731.52
128,16384,4,1024,734.614
128,16384,4,2048,736.044
128,16384,4,4096,740.034
128,16384,4,8192,744.982
128,16384,4,16384,1455
128,16384,8,16,726.616
128,16384,8,32,729.602
128,16384,8,64,729.386
128,16384,8,128,729.494
128,16384,8,256,730.348
128,16384,8,512,730.368
128,16384,8,1024,747.5
128,16384,8,2048,794.134
128,16384,8,4096,886.722
128,16384,8,8192,1099.84
128,16384,8,16384,1480.51
128,16384,16,16,727.896
128,16384,16,32,729.45
128,16384,16,64,730.838
128,16384,16,128,730.028
128,16384,16,256,745.878
128,16384,16,512,775.66
128,16384,16,1024,844.226
128,16384,16,2048,970.006
128,16384,16,4096,1237.44
128,16384,16,8192,1800.96
128,16384,16,16384,2895.18
128,16384,32,16,738.006
128,16384,32,32,738.156
128,16384,32,64,740.886
128,16384,32,128,767.79
128,16384,32,256,802.646
128,16384,32,512,870.742
128,16384,32,1024,998.51
128,16384,32,2048,1267.33
128,16384,32,4096,1799.13
128,16384,32,8192,2700.38
128,16384,32,16384,4686.74
128,16384,64,16,788.438
128,16384,64,32,793.152
128,16384,64,64,795.522
128,16384,64,128,857.922
128,16384,64,256,937.602
128,16384,64,512,1080.49
128,16384,64,1024,1366.53
128,16384,64,2048,1865.97
128,16384,64,4096,3581.36
128,16384,64,8192,6512.7
128,16384,64,16384,12362.9
128,16384,128,16,904.428
128,16384,128,32,909.314
128,16384,128,64,915.778
128,16384,128,128,1054
128,16384,128,256,1233.75
128,16384,128,512,1571.89
128,16384,128,1024,2152.92
128,16384,128,2048,3809.34
128,16384,128,4096,9806.12
128,16384,128,8192,18010.1
128,16384,128,16384,43139.6
182,0,0,0,20.7574
182,0,1,512,35.4566
182,0,1,768,45.6534
182,0,1,1152,61.5466
182,0,1,1728,84.8214
182,0,1,2592,124.459
182,0,1,3888,178.815
182,0,1,5832,263.532
182,0,1,8748,393.772
182,0,1,13122,581.418
182,0,1,16384,729.218
182,0,2,512,36.5866
182,0,2,768,47.2106
182,0,2,1152,62.9986
182,0,2,1728,85.7174
182,0,2,2592,124.928
182,0,2,3888,180.672
182,0,2,5832,264.108
182,0,2,8748,392.256
182,0,2,13122,582.956
182,0,2,16384,729.43
182,0,4,512,48.448
182,0,4,768,59.0926
182,0,4,1152,74.71
182,0,4,1728,97.1954
182,0,4,2592,135.146
182,0,4,3888,189.481
182,0,4,5832,269.568
182,0,4,8748,401.688
182,0,4,13122,591.596
182,0,4,16384,736.28
182,0,8,512,68.6306
182,0,8,768,90.8586
182,0,8,1152,124.031
182,0,8,1728,170.326
182,0,8,2592,245.632
182,0,8,3888,359.446
182,0,8,5832,527.17
182,0,8,8748,786.946
182,0,8,13122,1180.61
182,0,8,16384,1473.92
182,0,16,512,113.707
182,0,16,768,146.411
182,0,16,1152,195.777
182,0,16,1728,264.468
182,0,16,2592,376.832
182,0,16,3888,538.39
182,0,16,5832,788.864
182,0,16,8748,1195.59
182,0,16,13122,1766.13
182,0,16,16384,2206.1
182,0,32,512,198.529
182,0,32,768,265.43
182,0,32,1152,369.942
182,0,32,1728,502.658
182,0,32,2592,740.374
182,0,32,3888,1085.42
182,0,32,5832,1694.96
182,0,32,8748,2520.46
182,0,32,13122,3724.62
182,0,32,16384,4640.56
182,0,64,512,379.778
182,0,64,768,507.542
182,0,64,1152,703.254
182,0,64,1728,955.65
182,0,64,2592,1459.76
182,0,64,3888,2713.7
182,0,64,5832,4180.36
182,0,64,8748,6220.42
182,0,64,13122,9340.86
182,0,64,16384,11831.2
182,0,128,512,808.9
182,0,128,768,1097.28
182,0,128,1152,1514.82
182,0,128,1728,2253.92
182,0,128,2592,4740.24
182,0,128,3888,8196.32
182,0,128,5832,12229.9
182,0,128,8748,18333.9
182,0,128,13122,30598.4
182,0,128,16384,42699
182,512,0,0,41.216
182,512,1,512,41.8554
182,512,1,768,46.5066
182,512,1,1152,62.036
182,512,1,1728,85.6326
182,512,1,2592,124.907
182,512,1,3888,180.374
182,512,1,5832,264.128
182,512,1,8748,394.154
182,512,1,13122,582.528
182,512,1,16384,730.476
182,512,2,512,43.222
182,512,2,768,48.2134
182,512,2,1152,63.786
182,512,2,1728,86.57
182,512,2,2592,126.463
182,512,2,3888,180.843
182,512,2,5832,265.494
182,512,2,8748,395.712
182,512,2,13122,583.68
182,512,2,16384,730.538
182,512,4,512,72.768
182,512,4,768,81.1946
182,512,4,1152,97.664
182,512,4,1728,119.573
182,512,4,2592,157.269
182,512,4,3888,211.734
182,512,4,5832,289.194
182,512,4,8748,410.944
182,512,4,13122,592.236
182,512,4,16384,737.856
182,512,8,512,77.2046
182,512,8,768,92.544
182,512,8,1152,125.291
182,512,8,1728,170.667
182,512,8,2592,247.424
182,512,8,3888,359.274
182,512,8,5832,526.7
182,512,8,8748,782.764
182,512,8,13122,1174.72
182,512,8,16384,1467.93
182,512,16,512,135.083
182,512,16,768,168.021
182,512,16,1152,217.77
182,512,16,1728,284.82
182,512,16,2592,397.164
182,512,16,3888,560.364
182,512,16,5832,808.3
182,512,16,8748,1191.45
182,512,16,13122,1764.95
182,512,16,16384,2204.18
182,512,32,512,206.784
182,512,32,768,273.75
182,512,32,1152,366.486
182,512,32,1728,503.404
182,512,32,2592,739.394
182,512,32,3888,1080.94
182,512,32,5832,1697.41
182,512,32,8748,2521.84
182,512,32,13122,3737.14
182,512,32,16384,4654.26
182,512,64,512,390.464
182,512,64,768,521.644
182,512,64,1152,712.492
182,512,64,1728,971.416
182,512,64,2592,1466.61
182,512,64,3888,2706.42
182,512,64,5832,4185.74
182,512,64,8748,6237.98
182,512,64,13122,9444.18
182,512,64,16384,11769.8
182,512,128,512,819.202
182,512,128,768,1103.32
182,512,128,1152,1522.35
182,512,128,1728,2272.14
182,512,128,2592,4717.5
182,512,128,3888,8191.26
182,512,128,5832,12239.6
182,512,128,8748,18428.7
182,512,128,13122,30608.8
182,512,128,16384,42629.2
182,768,0,0,52.054
182,768,1,512,52.3954
182,768,1,768,52.4374
182,768,1,1152,61.9306
182,768,1,1728,85.7394
182,768,1,2592,125.247
182,768,1,3888,179.925
182,768,1,5832,264.128
182,768,1,8748,393.644
182,768,1,13122,583.532
182,768,1,16384,730.22
182,768,2,512,54.38
182,768,2,768,53.7386
182,768,2,1152,64.022
182,768,2,1728,86.9126
182,768,2,2592,126.783
182,768,2,3888,181.077
182,768,2,5832,265.642
182,768,2,8748,395.5
182,768,2,13122,585.856
182,768,2,16384,731.35
182,768,4,512,84.502
182,768,4,768,94.72
182,768,4,1152,109.183
182,768,4,1728,130.731
182,768,4,2592,168.405
182,768,4,3888,223.062
182,768,4,5832,301.056
182,768,4,8748,422.932
182,768,4,13122,602.668
182,768,4,16384,739.564
182,768,8,512,95.83
182,768,8,768,99.6914
182,768,8,1152,126.4
182,768,8,1728,171.734
182,768,8,2592,247.702
182,768,8,3888,360.364
182,768,8,5832,527.104
182,768,8,8748,782.402
182,768,8,13122,1181.02
182,768,8,16384,1473.28
182,768,16,512,146.731
182,768,16,768,178.646
182,768,16,1152,229.974
182,768,16,1728,295.552
182,768,16,2592,408.578
182,768,16,3888,571.586
182,768,16,5832,821.676
182,768,16,8748,1196.72
182,768,16,13122,1767.09
182,768,16,16384,2200.3
182,768,32,512,223.232
182,768,32,768,279.338
182,768,32,1152,366.656
182,768,32,1728,505.73
182,768,32,2592,739.798
182,768,32,3888,1076.18
182,768,32,5832,1693.38
182,768,32,8748,2529.4
182,768,32,13122,3743
182,768,32,16384,4664.5
182,768,64,512,402.88
182,768,64,768,527.808
182,768,64,1152,719.042
182,768,64,1728,977.432
182,768,64,2592,1471.41
182,768,64,3888,2703.26
182,768,64,5832,4187.46
182,768,64,8748,6217.72
182,768,64,13122,9362.32
182,768,64,16384,11900.7
182,768,128,512,824.984
182,768,128,768,1111.3
182,768,128,1152,1525.47
182,768,128,1728,2265.02
182,768,128,2592,4755.86
182,768,128,3888,8216.5
182,768,128,5832,12243.7
182,768,128,8748,18442.7
182,768,128,13122,33212
182,768,128,16384,39920
182,1152,0,0,67.8614
182,1152,1,512,68.9066
182,1152,1,768,68.842
182,1152,1,1152,69.076
182,1152,1,1728,86.144
182,1152,1,2592,125.76
182,1152,1,3888,180.694
182,1152,1,5832,264.768
182,1152,1,8748,394.026
182,1152,1,13122,584.128
182,1152,1,16384,731.222
182,1152,2,512,70.4
182,1152,2,768,70.5914
182,1152,2,1152,70.4846
182,1152,2,1728,87.8506
182,1152,2,2592,127.339
182,1152,2,3888,181.931
182,1152,2,5832,266.986
182,1152,2,8748,396.97
182,1152,2,13122,587.542
182,1152,2,16384,729.492
182,1152,4,512,100.779
182,1152,4,768,111.509
182,1152,4,1152,128.491
182,1152,4,1728,147.712
182,1152,4,2592,185.323
182,1152,4,3888,239.254
182,1152,4,5832,317.546
182,1152,4,8748,439.234
182,1152,4,13122,620.074
182,1152,4,16384,759.062
182,1152,8,512,127.296
182,1152,8,768,128.257
182,1152,8,1152,134.08
182,1152,8,1728,173.483
182,1152,8,2592,247.914
182,1152,8,3888,360.47
182,1152,8,5832,528.172
182,1152,8,8748,782.592
182,1152,8,13122,1174.96
182,1152,8,16384,1466.37
182,1152,16,512,163.927
182,1152,16,768,196.225
182,1152,16,1152,246.272
182,1152,16,1728,311.616
182,1152,16,2592,424.108
182,1152,16,3888,588.694
182,1152,16,5832,833.58
182,1152,16,8748,1208.84
182,1152,16,13122,1769.97
182,1152,16,16384,2203.08
182,1152,32,512,254.528
182,1152,32,768,302.23
182,1152,32,1152,371.628
182,1152,32,1728,507.542
182,1152,32,2592,742.124
182,1152,32,3888,1071.94
182,1152,32,5832,1694.89
182,1152,32,8748,2519.92
182,1152,32,13122,3739.04
182,1152,32,16384,4645.82
182,1152,64,512,424.47
182,1152,64,768,544.002
182,1152,64,1152,730.072
182,1152,64,1728,987.204
182,1152,64,2592,1487.98
182,1152,64,3888,2689.64
182,1152,64,5832,4186
182,1152,64,8748,6228.76
182,1152,64,13122,9387.38
182,1152,64,16384,11728.5
182,1152,128,512,838.766
182,1152,128,768,1117.87
182,1152,128,1152,1534.68
182,1152,128,1728,2237.02
182,1152,128,2592,4807.06
182,1152,128,3888,8210.14
182,1152,128,5832,12258.3
182,1152,128,8748,18519.1
182,1152,128,13122,32775.2
182,1152,128,16384,43294.4
182,1728,0,0,90.5806
182,1728,1,512,91.264
182,1728,1,768,91.692
182,1728,1,1152,92.0534
182,1728,1,1728,92.9926
182,1728,1,2592,126.359
182,1728,1,3888,180.928
182,1728,1,5832,265.494
182,1728,1,8748,394.688
182,1728,1,13122,584.598
182,1728,1,16384,730.732
182,1728,2,512,92.9706
182,1728,2,768,93.91
182,1728,2,1152,93.5894
182,1728,2,1728,94.6134
182,1728,2,2592,128.169
182,1728,2,3888,182.848
182,1728,2,5832,266.752
182,1728,2,8748,398.25
182,1728,2,13122,586.816
182,1728,2,16384,731.734
182,1728,4,512,122.815
182,1728,4,768,133.909
182,1728,4,1152,150.613
182,1728,4,1728,173.76
182,1728,4,2592,209.194
182,1728,4,3888,262.934
182,1728,4,5832,343.018
182,1728,4,8748,462.55
182,1728,4,13122,642.712
182,1728,4,16384,778.346
182,1728,8,512,153.558
182,1728,8,768,174.594
182,1728,8,1152,173.248
182,1728,8,1728,180.438
182,1728,8,2592,250.112
182,1728,8,3888,362.666
182,1728,8,5832,527.704
182,1728,8,8748,783.404
182,1728,8,13122,1178.01
182,1728,8,16384,1465.28
182,1728,16,512,189.227
182,1728,16,768,219.712
182,1728,16,1152,266.218
182,1728,16,1728,332.928
182,1728,16,2592,447.168
182,1728,16,3888,609.282
182,1728,16,5832,854.424
182,1728,16,8748,1231.32
182,1728,16,13122,1783.43
182,1728,16,16384,2205
182,1728,32,512,278.314
182,1728,32,768,342.978
182,1728,32,1152,410.58
182,1728,32,1728,515.884
182,1728,32,2592,746.176
182,1728,32,3888,1071.17
182,1728,32,5832,1677.49
182,1728,32,8748,2534.2
182,1728,32,13122,3751.66
182,1728,32,16384,4670.42
182,1728,64,512,459.116
182,1728,64,768,576.856
182,1728,64,1152,748.162
182,1728,64,1728,1001.13
182,1728,64,2592,1497.41
182,1728,64,3888,2644.72
182,1728,64,5832,4194.18
182,1728,64,8748,6242.36
182,1728,64,13122,9508.58
182,1728,64,16384,11824.3
182,1728,128,512,863.234
182,1728,128,768,1137.94
182,1728,128,1152,1545.52
182,1728,128,1728,2270.54
182,1728,128,2592,4756.04
182,1728,128,3888,8279.02
182,1728,128,5832,12379.8
182,1728,128,8748,19541.2
182,1728,128,13122,34378.4
182,1728,128,16384,42965
182,2592,0,0,127.787
182,2592,1,512,128.875
182,2592,1,768,129.301
182,2592,1,1152,130.283
182,2592,1,1728,130.197
182,2592,1,2592,129.963
182,2592,1,3888,180.118
182,2592,1,5832,265.238
182,2592,1,8748,394.582
182,2592,1,13122,583.596
182,2592,1,16384,731.136
182,2592,2,512,129.813
182,2592,2,768,130.816
182,2592,2,1152,131.669
182,2592,2,1728,132.309
182,2592,2,2592,132.416
182,2592,2,3888,183.083
182,2592,2,5832,268.074
182,2592,2,8748,397.08
182,2592,2,13122,588.054
182,2592,2,16384,732.33
182,2592,4,512,158.72
182,2592,4,768,169.664
182,2592,4,1152,187.498
182,2592,4,1728,210.496
182,2592,4,2592,249.75
182,2592,4,3888,301.034
182,2592,4,5832,379.31
182,2592,4,8748,501.634
182,2592,4,13122,678.144
182,2592,4,16384,815.576
182,2592,8,512,188.865
182,2592,8,768,210.816
182,2592,8,1152,243.116
182,2592,8,1728,246.806
182,2592,8,2592,256.492
182,2592,8,3888,363.18
182,2592,8,5832,530.862
182,2592,8,8748,780.46
182,2592,8,13122,1163.31
182,2592,8,16384,1461.93
182,2592,16,512,247.596
182,2592,16,768,258.432
182,2592,16,1152,306.688
182,2592,16,1728,370.348
182,2592,16,2592,485.058
182,2592,16,3888,653.506
182,2592,16,5832,894.486
182,2592,16,8748,1268.82
182,2592,16,13122,1826.2
182,2592,16,16384,2240.86
182,2592,32,512,321.984
182,2592,32,768,381.592
182,2592,32,1152,478.956
182,2592,32,1728,582.166
182,2592,32,2592,756.376
182,2592,32,3888,1085.74
182,2592,32,5832,1642.2
182,2592,32,8748,2595.32
182,2592,32,13122,3877.92
182,2592,32,16384,4752.68
182,2592,64,512,510.976
182,2592,64,768,628.524
182,2592,64,1152,803.884
182,2592,64,1728,1031
182,2592,64,2592,1542.3
182,2592,64,3888,2761.34
182,2592,64,5832,4471.86
182,2592,64,8748,6553.98
182,2592,64,13122,10161.9
182,2592,64,16384,13227.2
182,2592,128,512,913.622
182,2592,128,768,1179.87
182,2592,128,1152,1586.84
182,2592,128,1728,2288.44
182,2592,128,2592,4929.02
182,2592,128,3888,8428.06
182,2592,128,5832,14964.5
182,2592,128,8748,22867.6
182,2592,128,13122,34796.8
182,2592,128,16384,43666.4
182,3888,0,0,181.611
182,3888,1,512,182.079
182,3888,1,768,182.101
182,3888,1,1152,181.738
182,3888,1,1728,182.678
182,3888,1,2592,183.551
182,3888,1,3888,184.085
182,3888,1,5832,265.836
182,3888,1,8748,393.898
182,3888,1,13122,583.636
182,3888,1,16384,728.918
182,3888,2,512,183.21
182,3888,2,768,184.363
182,3888,2,1152,184.619
182,3888,2,1728,185.259
182,3888,2,2592,187.477
182,3888,2,3888,187.734
182,3888,2,5832,268.096
182,3888,2,8748,399.234
182,3888,2,13122,587.308
182,3888,2,16384,731.222
182,3888,4,512,212.118
182,3888,4,768,222.762
182,3888,4,1152,239.978
182,3888,4,1728,262.742
182,3888,4,2592,302.914
182,3888,4,3888,357.994
182,3888,4,5832,434.796
182,3888,4,8748,556.332
182,3888,4,13122,735.68
182,3888,4,16384,871.512
182,3888,8,512,240.982
182,3888,8,768,262.508
182,3888,8,1152,296.49
182,3888,8,1728,340.674
182,3888,8,2592,351.978
182,3888,8,3888,371.394
182,3888,8,5832,530.136
182,3888,8,8748,779.818
182,3888,8,13122,1161.26
182,3888,8,16384,1461.93
182,3888,16,512,299.562
182,3888,16,768,341.632
182,3888,16,1152,362.028
182,3888,16,1728,427.412
182,3888,16,2592,537.108
182,3888,16,3888,698.88
182,3888,16,5832,949.612
182,3888,16,8748,1328.65
182,3888,16,13122,1879.13
182,3888,16,16384,2305.38
182,3888,32,512,394.24
182,3888,32,768,442.176
182,3888,32,1152,533.868
182,3888,32,1728,668.054
182,3888,32,2592,845.996
182,3888,32,3888,1092.01
182,3888,32,5832,1628.93
182,3888,32,8748,2794.1
182,3888,32,13122,4393.92
182,3888,32,16384,5801.48
182,3888,64,512,578.924
182,3888,64,768,703.852
182,3888,64,1152,877.23
182,3888,64,1728,1113.09
182,3888,64,2592,1577.39
182,3888,64,3888,2799.88
182,3888,64,5832,4311.58
182,3888,64,8748,7412.9
182,3888,64,13122,11993.2
182,3888,64,16384,16136.7
182,3888,128,512,1031.04
182,3888,128,768,1240.05
182,3888,128,1152,1645.23
182,3888,128,1728,2350.54
182,3888,128,2592,4917.74
182,3888,128,3888,8391.44
182,3888,128,5832,13167.4
182,3888,128,8748,23079.6
182,3888,128,13122,34734.4
182,3888,128,16384,43673.2
182,5832,0,0,270.892
182,5832,1,512,269.802
182,5832,1,768,269.846
182,5832,1,1152,271.126
182,5832,1,1728,270.356
182,5832,1,2592,270.464
182,5832,1,3888,270.934
182,5832,1,5832,271.508
182,5832,1,8748,395.37
182,5832,1,13122,586.902
182,5832,1,16384,731.48
182,5832,2,512,271.316
182,5832,2,768,271.786
182,5832,2,1152,272.278
182,5832,2,1728,272.064
182,5832,2,2592,273.28
182,5832,2,3888,273.92
182,5832,2,5832,274.902
182,5832,2,8748,400.662
182,5832,2,13122,589.314
182,5832,2,16384,732.096
182,5832,4,512,291.03
182,5832,4,768,303.04
182,5832,4,1152,317.782
182,5832,4,1728,343.34
182,5832,4,2592,380.97
182,5832,4,3888,437.312
182,5832,4,5832,524.504
182,5832,4,8748,646.016
182,5832,4,13122,826.092
182,5832,4,16384,963.906
182,5832,8,512,321.472
182,5832,8,768,341.696
182,5832,8,1152,374.102
182,5832,8,1728,418.39
182,5832,8,2592,494.742
182,5832,8,3888,517.612
182,5832,8,5832,542.784
182,5832,8,8748,786.562
182,5832,8,13122,1160.58
182,5832,8,16384,1455.19
182,5832,16,512,376.918
182,5832,16,768,418.476
182,5832,16,1152,482.178
182,5832,16,1728,516.864
182,5832,16,2592,622.08
182,5832,16,3888,782.616
182,5832,16,5832,1035.74
182,5832,16,8748,1438
182,5832,16,13122,2072.96
182,5832,16,16384,2538.72
182,5832,32,512,479.914
182,5832,32,768,552.576
182,5832,32,1152,628.054
182,5832,32,1728,754.86
182,5832,32,2592,982.978
182,5832,32,3888,1231.49
182,5832,32,5832,1675.2
182,5832,32,8748,2485.1
182,5832,32,13122,4627.2
182,5832,32,16384,5881.56
182,5832,64,512,685.976
182,5832,64,768,813.272
182,5832,64,1152,991.64
182,5832,64,1728,1214.45
182,5832,64,2592,1733.36
182,5832,64,3888,2787.46
182,5832,64,5832,4317.56
182,5832,64,8748,6717
182,5832,64,13122,12280
182,5832,64,16384,15987.9
182,5832,128,512,1147.74
182,5832,128,768,1431.49
182,5832,128,1152,1758.45
182,5832,128,1728,2468.6
182,5832,128,2592,5072.64
182,5832,128,3888,8538.52
182,5832,128,5832,12552.2
182,5832,128,8748,22877
182,5832,128,13122,34986.2
182,5832,128,16384,43712.4
182,8748,0,0,395.542
182,8748,1,512,395.628
182,8748,1,768,395.372
182,8748,1,1152,396.034
182,8748,1,1728,395.604
182,8748,1,2592,394.922
182,8748,1,3888,393.706
182,8748,1,5832,395.308
182,8748,1,8748,398.016
182,8748,1,13122,582.572
182,8748,1,16384,727.658
182,8748,2,512,394.988
182,8748,2,768,396.224
182,8748,2,1152,396.246
182,8748,2,1728,397.57
182,8748,2,2592,396.394
182,8748,2,3888,399.168
182,8748,2,5832,400.982
182,8748,2,8748,402.004
182,8748,2,13122,589.952
182,8748,2,16384,734.53
182,8748,4,512,410.774
182,8748,4,768,421.93
182,8748,4,1152,440.214
182,8748,4,1728,462.102
182,8748,4,2592,500.5
182,8748,4,3888,559.36
182,8748,4,5832,646.444
182,8748,4,8748,774.488
182,8748,4,13122,967.042
182,8748,4,16384,1116.63
182,8748,8,512,439.554
182,8748,8,768,458.712
182,8748,8,1152,493.89
182,8748,8,1728,537.814
182,8748,8,2592,612.798
182,8748,8,3888,726.508
182,8748,8,5832,759.34
182,8748,8,8748,802.328
182,8748,8,13122,1160.62
182,8748,8,16384,1467.67
182,8748,16,512,497.944
182,8748,16,768,537.324
182,8748,16,1152,600.62
182,8748,16,1728,686.85
182,8748,16,2592,760.536
182,8748,16,3888,907.308
182,8748,16,5832,1159.68
182,8748,16,8748,1549.34
182,8748,16,13122,2176.8
182,8748,16,16384,2643.54
182,8748,32,512,602.86
182,8748,32,768,676.162
182,8748,32,1152,782.914
182,8748,32,1728,918.7
182,8748,32,2592,1111.73
182,8748,32,3888,1438.87
182,8748,32,5832,1876.68
182,8748,32,8748,2487.76
182,8748,32,13122,3846.48
182,8748,32,16384,5720
182,8748,64,512,838.722
182,8748,64,768,964.654
182,8748,64,1152,1149.89
182,8748,64,1728,1385.07
182,8748,64,2592,1849.67
182,8748,64,3888,2988.04
182,8748,64,5832,4516.5
182,8748,64,8748,6421.94
182,8748,64,13122,10683.9
182,8748,64,16384,15879.1
182,8748,128,512,1292.65
182,8748,128,768,1594.56
182,8748,128,1152,2030.56
182,8748,128,1728,2587.36
182,8748,128,2592,5357.3
182,8748,128,3888,8770.12
182,8748,128,5832,13252.5
182,8748,128,8748,18985.4
182,8748,128,13122,34937.4
182,8748,128,16384,43670.2
182,13122,0,0,587.926
182,13122,1,512,589.248
182,13122,1,768,589.378
182,13122,1,1152,588.248
182,13122,1,1728,588.78
182,13122,1,2592,589.462
182,13122,1,3888,590.722
182,13122,1,5832,591.636
182,13122,1,8748,591.168
182,13122,1,13122,595.264
182,13122,1,16384,733.868
182,13122,2,512,589.546
182,13122,2,768,593.152
182,13122,2,1152,591.938
182,13122,2,1728,593.836
182,13122,2,2592,594.262
182,13122,2,3888,593.538
182,13122,2,5832,595.264
182,13122,2,8748,596.076
182,13122,2,13122,598.016
182,13122,2,16384,737.026
182,13122,4,512,592.622
182,13122,4,768,605.994
182,13122,4,1152,617.748
182,13122,4,1728,641.686
182,13122,4,2592,682.112
182,13122,4,3888,738.282
182,13122,4,5832,824.556
182,13122,4,8748,961.344
182,13122,4,13122,1170.26
182,13122,4,16384,1322.84
182,13122,8,512,620.632
182,13122,8,768,640.086
182,13122,8,1152,675.626
182,13122,8,1728,717.056
182,13122,8,2592,791.17
182,13122,8,3888,905.794
182,13122,8,5832,1070.3
182,13122,8,8748,1124.1
182,13122,8,13122,1189.17
182,13122,8,16384,1451.33
182,13122,16,512,675.626
182,13122,16,768,718.104
182,13122,16,1152,774.784
182,13122,16,1728,864.578
182,13122,16,2592,1010.43
182,13122,16,3888,1117.7
182,13122,16,5832,1354.69
182,13122,16,8748,1728.13
182,13122,16,13122,2306.52
182,13122,16,16384,2760.76
182,13122,32,512,775.916
182,13122,32,768,852.568
182,13122,32,1152,964.29
182,13122,32,1728,1127.17
182,13122,32,2592,1379.8
182,13122,32,3888,1623.83
182,13122,32,5832,2223.84
182,13122,32,8748,3099.52
182,13122,32,13122,3683.56
182,13122,32,16384,4584.42
182,13122,64,512,1020.82
182,13122,64,768,1182.38
182,13122,64,1152,1377.99
182,13122,64,1728,1629.83
182,13122,64,2592,2132.04
182,13122,64,3888,3186.38
182,13122,64,5832,4679.66
182,13122,64,8748,7094.54
182,13122,64,13122,9626.5
182,13122,64,16384,14366.5
182,13122,128,512,1509.1
182,13122,128,768,1807.41
182,13122,128,1152,2252.9
182,13122,128,1728,2918.44
182,13122,128,2592,5899.6
182,13122,128,3888,9105.7
182,13122,128,5832,14539.3
182,13122,128,8748,22925.8
182,13122,128,13122,31467
182,13122,128,16384,43658.6
182,16384,0,0,732.246
182,16384,1,512,731.242
182,16384,1,768,732.204
182,16384,1,1152,732.886
182,16384,1,1728,733.378
182,16384,1,2592,732.418
182,16384,1,3888,731.2
182,16384,1,5832,732.992
182,16384,1,8748,733.056
182,16384,1,13122,734.636
182,16384,1,16384,736.876
182,16384,2,512,736.512
182,16384,2,768,733.804
182,16384,2,1152,734.186
182,16384,2,1728,733.506
182,16384,2,2592,735.168
182,16384,2,3888,734.976
182,16384,2,5832,738.026
182,16384,2,8748,733.184
182,16384,2,13122,737.218
182,16384,2,16384,739.608
182,16384,4,512,729.472
182,16384,4,768,737.154
182,16384,4,1152,755.074
182,16384,4,1728,776.534
182,16384,4,2592,815.66
182,16384,4,3888,870.4
182,16384,4,5832,958.634
182,16384,4,8748,1088.26
182,16384,4,13122,1306.24
182,16384,4,16384,1452.55
182,16384,8,512,754.242
182,16384,8,768,776.47
182,16384,8,1152,806.188
182,16384,8,1728,854.144
182,16384,8,2592,925.526
182,16384,8,3888,1039.04
182,16384,8,5832,1201.79
182,16384,8,8748,1438.42
182,16384,8,13122,1400.07
182,16384,8,16384,1480.88
182,16384,16,512,806.914
182,16384,16,768,850.348
182,16384,16,1152,911.51
182,16384,16,1728,1000.58
182,16384,16,2592,1145.03
182,16384,16,3888,1359.83
182,16384,16,5832,1486.98
182,16384,16,8748,1860.46
182,16384,16,13122,2441.1
182,16384,16,16384,2875.86
182,16384,32,512,910.124
182,16384,32,768,982.444
182,16384,32,1152,1096.43
182,16384,32,1728,1255.41
182,16384,32,2592,1527.28
182,16384,32,3888,1761.54
182,16384,32,5832,2338.74
182,16384,32,8748,3139.5
182,16384,32,13122,4501.46
182,16384,32,16384,4598.26
182,16384,64,512,1150.15
182,16384,64,768,1316.27
182,16384,64,1152,1540.91
182,16384,64,1728,1801.31
182,16384,64,2592,2312.74
182,16384,64,3888,3465.16
182,16384,64,5832,4821.88
182,16384,64,8748,6875.24
182,16384,64,13122,12242.9
182,16384,64,16384,12221.7
182,16384,128,512,1676.51
182,16384,128,768,1964.49
182,16384,128,1152,2421.16
182,16384,128,1728,3101.24
182,16384,128,2592,6083.36
182,16384,128,3888,9211.56
182,16384,128,5832,13536.3
182,16384,128,8748,19580.8
182,16384,128,13122,34723
182,16384,128,16384,43423.2
256,0,0,0,22.1014
256,0,1,16,23.5526
256,0,1,32,23.5086
256,0,1,64,23.36
256,0,1,128,23.424
256,0,1,256,27.0506
256,0,1,512,37.27
256,0,1,1024,58.0054
256,0,1,2048,101.717
256,0,1,4096,190.89
256,0,1,8192,371.796
256,0,1,16384,731.414
256,0,2,16,31.6386
256,0,2,32,31.702
256,0,2,64,31.83
256,0,2,128,31.7866
256,0,2,256,36.352
256,0,2,512,46.8046
256,0,2,1024,67.6906
256,0,2,2048,108.481
256,0,2,4096,192.961
256,0,2,8192,370.412
256,0,2,16384,732.056
256,0,4,16,33.5134
256,0,4,32,33.3654
256,0,4,64,33.4726
256,0,4,128,36.1394
256,0,4,256,41.7274
256,0,4,512,53.76
256,0,4,1024,74.2186
256,0,4,2048,117.568
256,0,4,4096,202.496
256,0,4,8192,377.388
256,0,4,16384,738.646
256,0,8,16,40.6406
256,0,8,32,40.7466
256,0,8,64,40.7474
256,0,8,128,45.1414
256,0,8,256,55.1034
256,0,8,512,73.2794
256,0,8,1024,116.565
256,0,8,2048,202.944
256,0,8,4096,380.738
256,0,8,8192,747.886
256,0,8,16384,1477.68
256,0,16,16,52.9914
256,0,16,32,53.5246
256,0,16,64,53.8454
256,0,16,128,66.368
256,0,16,256,85.718
256,0,16,512,120.384
256,0,16,1024,185.535
256,0,16,2048,315.264
256,0,16,4096,574.892
256,0,16,8192,1126.74
256,0,16,16384,2206.46
256,0,32,16,80.4046
256,0,32,32,80.8534
256,0,32,64,81.772
256,0,32,128,109.162
256,0,32,256,143.105
256,0,32,512,206.272
256,0,32,1024,338.048
256,0,32,2048,611.95
256,0,32,4096,1163.65
256,0,32,8192,2383.6
256,0,32,16384,4655.22
256,0,64,16,135.957
256,0,64,32,136.811
256,0,64,64,139.093
256,0,64,128,193.771
256,0,64,256,261.868
256,0,64,512,391.148
256,0,64,1024,650.222
256,0,64,2048,1147.33
256,0,64,4096,2909.88
256,0,64,8192,5842.08
256,0,64,16384,11739.6
256,0,128,16,246.06
256,0,128,32,250.134
256,0,128,64,255.744
256,0,128,128,376.962
256,0,128,256,529.154
256,0,128,512,832.428
256,0,128,1024,1398
256,0,128,2048,3110.42
256,0,128,4096,8623.52
256,0,128,8192,17187.8
256,0,128,16384,42172.6
256,16,0,0,26.3266
256,16,1,16,28.0106
256,16,1,32,28.0114
256,16,1,64,28.16
256,16,1,128,28.0534
256,16,1,256,28.01
256,16,1,512,37.162
256,16,1,1024,58.0914
256,16,1,2048,102.103
256,16,1,4096,190.442
256,16,1,8192,371.308
256,16,1,16384,730.646
256,16,2,16,36.628
256,16,2,32,36.6074
256,16,2,64,36.8854
256,16,2,128,36.9074
256,16,2,256,37.802
256,16,2,512,47.7446
256,16,2,1024,68.3526
256,16,2,2048,109.868
256,16,2,4096,193.366
256,16,2,8192,371.328
256,16,2,16384,731.906
256,16,4,16,37.59
256,16,4,32,37.9734
256,16,4,64,38.1006
256,16,4,128,41.2806
256,16,4,256,44.6074
256,16,4,512,55.04
256,16,4,1024,76.864
256,16,4,2048,120.727
256,16,4,4096,207.274
256,16,4,8192,378.518
256,16,4,16384,736.044
256,16,8,16,45.2906
256,16,8,32,45.7814
256,16,8,64,46.5066
256,16,8,128,50.1114
256,16,8,256,57.2154
256,16,8,512,73.75
256,16,8,1024,116.714
256,16,8,2048,202.924
256,16,8,4096,382.956
256,16,8,8192,746.41
256,16,8,16384,1477.23
256,16,16,16,59.606
256,16,16,32,59.4566
256,16,16,64,59.9894
256,16,16,128,71.6366
256,16,16,256,87.1474
256,16,16,512,123.776
256,16,16,1024,188.373
256,16,16,2048,318.528
256,16,16,4096,577.9
256,16,16,8192,1123.5
256,16,16,16384,2209.7
256,16,32,16,87.318
256,16,32,32,87.126
256,16,32,64,88.896
256,16,32,128,114.091
256,16,32,256,146.326
256,16,32,512,209.452
256,16,32,1024,338.776
256,16,32,2048,609.942
256,16,32,4096,1160.11
256,16,32,8192,2384.74
256,16,32,16384,4644.78
256,16,64,16,140.886
256,16,64,32,141.697
256,16,64,64,144.257
256,16,64,128,195.927
256,16,64,256,263.084
256,16,64,512,393.304
256,16,64,1024,651.564
256,16,64,2048,1153.43
256,16,64,4096,2916.48
256,16,64,8192,5850.56
256,16,64,16384,11682.3
256,16,128,16,251.948
256,16,128,32,253.868
256,16,128,64,258.626
256,16,128,128,376.576
256,16,128,256,530.092
256,16,128,512,831.428
256,16,128,1024,1400.24
256,16,128,2048,3130.66
256,16,128,4096,8620.64
256,16,128,8192,17218
256,16,128,16384,42756.8
256,32,0,0,26.3246
256,32,1,16,28.0314
256,32,1,32,28.16
256,32,1,64,27.9894
256,32,1,128,28.0534
256,32,1,256,27.9246
256,32,1,512,36.694
256,32,1,1024,57.7714
256,32,1,2048,102.144
256,32,1,4096,190.591
256,32,1,8192,371.434
256,32,1,16384,731.478
256,32,2,16,36.5006
256,32,2,32,36.6494
256,32,2,64,36.8426
256,32,2,128,36.9706
256,32,2,256,37.248
256,32,2,512,47.4026
256,32,2,1024,68.2666
256,32,2,2048,109.397
256,32,2,4096,192.939
256,32,2,8192,371.968
256,32,2,16384,731.52
256,32,4,16,37.8674
256,32,4,32,37.782
256,32,4,64,37.802
256,32,4,128,41.26
256,32,4,256,44.3086
256,32,4,512,55.5946
256,32,4,1024,76.7566
256,32,4,2048,121.237
256,32,4,4096,206.23
256,32,4,8192,380.222
256,32,4,16384,736.854
256,32,8,16,45.6734
256,32,8,32,46.0166
256,32,8,64,45.888
256,32,8,128,50.7086
256,32,8,256,56.7474
256,32,8,512,74.8366
256,32,8,1024,116.481
256,32,8,2048,203.052
256,32,8,4096,383.852
256,32,8,8192,749.164
256,32,8,16384,1479.56
256,32,16,16,59.412
256,32,16,32,59.244
256,32,16,64,59.3074
256,32,16,128,71.8286
256,32,16,256,87.062
256,32,16,512,123.841
256,32,16,1024,188.735
256,32,16,2048,318.572
256,32,16,4096,579.224
256,32,16,8192,1124.83
256,32,16,16384,2200.68
256,32,32,16,86.6354
256,32,32,32,86.892
256,32,32,64,87.8934
256,32,32,128,113.259
256,32,32,256,145.281
256,32,32,512,207.83
256,32,32,1024,337.644
256,32,32,2048,608.79
256,32,32,4096,1165.49
256,32,32,8192,2381.82
256,32,32,16384,4644.86
256,32,64,16,140.885
256,32,64,32,141.889
256,32,64,64,144.086
256,32,64,128,195.735
256,32,64,256,263.19
256,32,64,512,392.898
256,32,64,1024,651.414
256,32,64,2048,1150.85
256,32,64,4096,2914.6
256,32,64,8192,5843.82
256,32,64,16384,11770
256,32,128,16,251.434
256,32,128,32,253.612
256,32,128,64,258.944
256,32,128,128,376.982
256,32,128,256,529.068
256,32,128,512,829.252
256,32,128,1024,1396.89
256,32,128,2048,3130.7
256,32,128,4096,8622.34
256,32,128,8192,17224.5
256,32,128,16384,43160
256,64,0,0,26.8586
256,64,1,16,28.1814
256,64,1,32,28.1174
256,64,1,64,28.1606
256,64,1,128,28.202
256,64,1,256,28.1174
256,64,1,512,37.0346
256,64,1,1024,58.1974
256,64,1,2048,102.401
256,64,1,4096,191.553
256,64,1,8192,371.648
256,64,1,16384,731.392
256,64,2,16,36.8214
256,64,2,32,36.886
256,64,2,64,37.0994
256,64,2,128,37.44
256,64,2,256,37.9094
256,64,2,512,47.5094
256,64,2,1024,67.8834
256,64,2,2048,109.141
256,64,2,4096,194.347
256,64,2,8192,372.14
256,64,2,16384,729.772
256,64,4,16,37.3546
256,64,4,32,37.5254
256,64,4,64,37.8454
256,64,4,128,40.832
256,64,4,256,44.288
256,64,4,512,55.552
256,64,4,1024,77.078
256,64,4,2048,120
256,64,4,4096,205.312
256,64,4,8192,377.302
256,64,4,16384,735.66
256,64,8,16,45.568
256,64,8,32,45.6326
256,64,8,64,45.782
256,64,8,128,50.368
256,64,8,256,56.5334
256,64,8,512,73.5794
256,64,8,1024,115.883
256,64,8,2048,202.006
256,64,8,4096,381.208
256,64,8,8192,746.838
256,64,8,16384,1473.92
256,64,16,16,59.3486
256,64,16,32,59.3926
256,64,16,64,60.2446
256,64,16,128,71.9586
256,64,16,256,87.1254
256,64,16,512,123.307
256,64,16,1024,188.011
256,64,16,2048,318.528
256,64,16,4096,576.876
256,64,16,8192,1127.13
256,64,16,16384,2197.66
256,64,32,16,86.8906
256,64,32,32,87.5086
256,64,32,64,88.8954
256,64,32,128,113.557
256,64,32,256,144.961
256,64,32,512,208.152
256,64,32,1024,337.004
256,64,32,2048,608.748
256,64,32,4096,1162.69
256,64,32,8192,2387.62
256,64,32,16384,4656.98
256,64,64,16,141.035
256,64,64,32,142.059
256,64,64,64,144.811
256,64,64,128,195.989
256,64,64,256,263.744
256,64,64,512,393.964
256,64,64,1024,653.122
256,64,64,2048,1151.75
256,64,64,4096,2908.3
256,64,64,8192,5842.24
256,64,64,16384,11694.8
256,64,128,16,253.868
256,64,128,32,256.428
256,64,128,64,262.082
256,64,128,128,378.498
256,64,128,256,531.608
256,64,128,512,831.982
256,64,128,1024,1401.09
256,64,128,2048,3131.84
256,64,128,4096,8628.24
256,64,128,8192,17534.9
256,64,128,16384,39852.2
256,128,0,0,27.222
256,128,1,16,29.056
256,128,1,32,28.9066
256,128,1,64,28.822
256,128,1,128,28.714
256,128,1,256,28.9074
256,128,1,512,37.332
256,128,1,1024,58.1546
256,128,1,2048,101.952
256,128,1,4096,192.022
256,128,1,8192,371.842
256,128,1,16384,731.328
256,128,2,16,37.2486
256,128,2,32,37.0986
256,128,2,64,37.3334
256,128,2,128,41.9626
256,128,2,256,42.666
256,128,2,512,53.9094
256,128,2,1024,72.7254
256,128,2,2048,114.964
256,128,2,4096,196.523
256,128,2,8192,371.8
256,128,2,16384,731.2
256,128,4,16,39.3814
256,128,4,32,39.36
256,128,4,64,38.9966
256,128,4,128,43.2426
256,128,4,256,46.8474
256,128,4,512,58.2186
256,128,4,1024,80.5546
256,128,4,2048,123.093
256,128,4,4096,209.814
256,128,4,8192,380.46
256,128,4,16384,737.622
256,128,8,16,47.168
256,128,8,32,48.1494
256,128,8,64,47.766
256,128,8,128,54.5066
256,128,8,256,62.252
256,128,8,512,77.632
256,128,8,1024,116.93
256,128,8,2048,203.35
256,128,8,4096,382.53
256,128,8,8192,746.86
256,128,8,16384,1474.86
256,128,16,16,61.184
256,128,16,32,61.4186
256,128,16,64,61.6114
256,128,16,128,73.9414
256,128,16,256,88.5334
256,128,16,512,125.185
256,128,16,1024,190.144
256,128,16,2048,319.53
256,128,16,4096,578.902
256,128,16,8192,1124.99
256,128,16,16384,2196.38
256,128,32,16,89.1314
256,128,32,32,89.4714
256,128,32,64,90.8154
256,128,32,128,116.011
256,128,32,256,147.498
256,128,32,512,211.03
256,128,32,1024,339.906
256,128,32,2048,610.028
256,128,32,4096,1157.61
256,128,32,8192,2387.1
256,128,32,16384,4658.6
256,128,64,16,143.232
256,128,64,32,144.449
256,128,64,64,146.689
256,128,64,128,198.336
256,128,64,256,265.642
256,128,64,512,395.116
256,128,64,1024,652.418
256,128,64,2048,1157.21
256,128,64,4096,2906.5
256,128,64,8192,5841.18
256,128,64,16384,11760.5
256,128,128,16,253.996
256,128,128,32,257.132
256,128,128,64,261.568
256,128,128,128,379.67
256,128,128,256,533.378
256,128,128,512,834.328
256,128,128,1024,1402.52
256,128,128,2048,3133.26
256,128,128,4096,8627.84
256,128,128,8192,17245
256,128,128,16384,42722.6
256,256,0,0,32.298
256,256,1,16,33.792
256,256,1,32,34.026
256,256,1,64,34.218
256,256,1,128,33.9634
256,256,1,256,34.112
256,256,1,512,37.5466
256,256,1,1024,58.4746
256,256,1,2048,102.167
256,256,1,4096,191.935
256,256,1,8192,371.542
256,256,1,16384,731.968
256,256,2,16,42.7946
256,256,2,32,43.0074
256,256,2,64,42.8586
256,256,2,128,47.446
256,256,2,256,52.2666
256,256,2,512,58.474
256,256,2,1024,79.1254
256,256,2,2048,121.301
256,256,2,4096,203.99
256,256,2,8192,372.032
256,256,2,16384,732.736
256,256,4,16,44.16
256,256,4,32,44.9706
256,256,4,64,44.4374
256,256,4,128,48.938
256,256,4,256,54.0594
256,256,4,512,63.5734
256,256,4,1024,85.8886
256,256,4,2048,129.495
256,256,4,4096,214.442
256,256,4,8192,383.382
256,256,4,16384,733.654
256,256,8,16,53.8246
256,256,8,32,54.2086
256,256,8,64,54.53
256,256,8,128,61.0774
256,256,8,256,65.472
256,256,8,512,86.336
256,256,8,1024,116.437
256,256,8,2048,202.794
256,256,8,4096,381.59
256,256,8,8192,738.968
256,256,8,16384,1471.28
256,256,16,16,69.44
256,256,16,32,69.9306
256,256,16,64,70.0366
256,256,16,128,82.0266
256,256,16,256,96.7466
256,256,16,512,130.345
256,256,16,1024,196.651
256,256,16,2048,324.886
256,256,16,4096,586.178
256,256,16,8192,1121.63
256,256,16,16384,2197.54
256,256,32,16,97.024
256,256,32,32,97.174
256,256,32,64,98.646
256,256,32,128,124.268
256,256,32,256,152.406
256,256,32,512,217.836
256,256,32,1024,343.19
256,256,32,2048,609.708
256,256,32,4096,1155.42
256,256,32,8192,2375.36
256,256,32,16384,4645.62
256,256,64,16,151.553
256,256,64,32,153.045
256,256,64,64,154.71
256,256,64,128,207.616
256,256,64,256,270.058
256,256,64,512,399.17
256,256,64,1024,655.746
256,256,64,2048,1162.29
256,256,64,4096,2902.2
256,256,64,8192,5851.92
256,256,64,16384,12031.4
256,256,128,16,263.49
256,256,128,32,264.62
256,256,128,64,270.23
256,256,128,128,383.554
256,256,128,256,536.13
256,256,128,512,833.902
256,256,128,1024,1400.96
256,256,128,2048,3151.82
256,256,128,4096,8629.8
256,256,128,8192,17266.9
256,256,128,16384,43414.2
256,512,0,0,43.712
256,512,1,16,44.8206
256,512,1,32,44.7146
256,512,1,64,44.4154
256,512,1,128,44.5226
256,512,1,256,45.0354
256,512,1,512,45.462
256,512,1,1024,59.1794
256,512,1,2048,103.381
256,512,1,4096,191.913
256,512,1,8192,372.074
256,512,1,16384,731.498
256,512,2,16,53.5246
256,512,2,32,54.0166
256,512,2,64,53.3126
256,512,2,128,56.9386
256,512,2,256,63.2314
256,512,2,512,73.3654
256,512,2,1024,89.984
256,512,2,2048,130.88
256,512,2,4096,213.782
256,512,2,8192,378.666
256,512,2,16384,730.026
256,512,4,16,55.0186
256,512,4,32,54.8686
256,512,4,64,55.8506
256,512,4,128,59.6054
256,512,4,256,65.472
256,512,4,512,75.414
256,512,4,1024,97.216
256,512,4,2048,140.586
256,512,4,4096,225.728
256,512,4,8192,393.472
256,512,4,16384,737.58
256,512,8,16,66.7726
256,512,8,32,66.7514
256,512,8,64,67.584
256,512,8,128,75.776
256,512,8,256,83.8194
256,512,8,512,98.752
256,512,8,1024,130.09
256,512,8,2048,204.502
256,512,8,4096,382.55
256,512,8,8192,736.086
256,512,8,16384,1467.82
256,512,16,16,83.712
256,512,16,32,84.054
256,512,16,64,84.4806
256,512,16,128,96.9806
256,512,16,256,110.613
256,512,16,512,140.438
256,512,16,1024,207.724
256,512,16,2048,335.424
256,512,16,4096,597.228
256,512,16,8192,1123.37
256,512,16,16384,2203.5
256,512,32,16,112.492
256,512,32,32,113.835
256,512,32,64,114.006
256,512,32,128,140.737
256,512,32,256,169.408
256,512,32,512,225.684
256,512,32,1024,355.436
256,512,32,2048,611.138
256,512,32,4096,1153.94
256,512,32,8192,2386.46
256,512,32,16384,4677.78
256,512,64,16,168.81
256,512,64,32,168.747
256,512,64,64,171.349
256,512,64,128,223.872
256,512,64,256,286.678
256,512,64,512,406.85
256,512,64,1024,665.836
256,512,64,2048,1176.73
256,512,64,4096,2904.48
256,512,64,8192,5849.44
256,512,64,16384,11857.4
256,512,128,16,279.766
256,512,128,32,281.58
256,512,128,64,286.89
256,512,128,128,402.134
256,512,128,256,544.194
256,512,128,512,842.69
256,512,128,1024,1405.27
256,512,128,2048,3095.38
256,512,128,4096,8632.12
256,512,128,8192,18420.9
256,512,128,16384,43377.6
256,1024,0,0,64.0434
256,1024,1,16,66.176
256,1024,1,32,65.8986
256,1024,1,64,66.304
256,1024,1,128,66.0054
256,1024,1,256,66.22
256,1024,1,512,66.2826
256,1024,1,1024,66.368
256,1024,1,2048,103.253
256,1024,1,4096,191.83
256,1024,1,8192,370.732
256,1024,1,16384,728.982
256,1024,2,16,74.1126
256,1024,2,32,74.3046
256,1024,2,64,74.0914
256,1024,2,128,79.424
256,1024,2,256,84.5234
256,1024,2,512,95.8294
256,1024,2,1024,117.077
256,1024,2,2048,154.625
256,1024,2,4096,237.546
256,1024,2,8192,402.966
256,1024,2,16384,732.928
256,1024,4,16,76.288
256,1024,4,32,76.0534
256,1024,4,64,76.608
256,1024,4,128,81.664
256,1024,4,256,87.296
256,1024,4,512,98.8166
256,1024,4,1024,119.765
256,1024,4,2048,161.557
256,1024,4,4096,245.93
256,1024,4,8192,415.234
256,1024,4,16384,753.004
256,1024,8,16,88.0434
256,1024,8,32,88.406
256,1024,8,64,88.406
256,1024,8,128,98.56
256,1024,8,256,110.144
256,1024,8,512,126.677
256,1024,8,1024,163.605
256,1024,8,2048,215.574
256,1024,8,4096,381.612
256,1024,8,8192,733.89
256,1024,8,16384,1464.35
256,1024,16,16,111.297
256,1024,16,32,110.613
256,1024,16,64,112.469
256,1024,16,128,127.744
256,1024,16,256,143.339
256,1024,16,512,164.203
256,1024,16,1024,226.304
256,1024,16,2048,358.08
256,1024,16,4096,618.242
256,1024,16,8192,1148.78
256,1024,16,16384,2199.32
256,1024,32,16,142.209
256,1024,32,32,143.339
256,1024,32,64,142.934
256,1024,32,128,170.39
256,1024,32,256,201.472
256,1024,32,512,253.89
256,1024,32,1024,380.674
256,1024,32,2048,626.454
256,1024,32,4096,1148.02
256,1024,32,8192,2390
256,1024,32,16384,4670.04
256,1024,64,16,199.595
256,1024,64,32,200.62
256,1024,64,64,202.134
256,1024,64,128,255.956
256,1024,64,256,320.278
256,1024,64,512,438.018
256,1024,64,1024,679.02
256,1024,64,2048,1190.36
256,1024,64,4096,2899.28
256,1024,64,8192,5852.72
256,1024,64,16384,11731.5
256,1024,128,16,311.66
256,1024,128,32,314.326
256,1024,128,64,320.426
256,1024,128,128,435.842
256,1024,128,256,581.996
256,1024,128,512,860.718
256,1024,128,1024,1420.25
256,1024,128,2048,3067.24
256,1024,128,4096,8649.54
256,1024,128,8192,18895.6
256,1024,128,16384,43356.8
256,2048,0,0,107.733
256,2048,1,16,110.166
256,2048,1,32,109.931
256,2048,1,64,110.08
256,2048,1,128,109.631
256,2048,1,256,109.845
256,2048,1,512,110.828
256,2048,1,1024,111.402
256,2048,1,2048,111.723
256,2048,1,4096,193.579
256,2048,1,8192,373.504
256,2048,1,16384,732.33
256,2048,2,16,115.861
256,2048,2,32,117.355
256,2048,2,64,117.675
256,2048,2,128,120.982
256,2048,2,256,127.253
256,2048,2,512,137.899
256,2048,2,1024,160.319
256,2048,2,2048,204.032
256,2048,2,4096,283.67
256,2048,2,8192,448.45
256,2048,2,16384,777.664
256,2048,4,16,119.382
256,2048,4,32,119.125
256,2048,4,64,120.171
256,2048,4,128,124.693
256,2048,4,256,130.689
256,2048,4,512,141.035
256,2048,4,1024,164.375
256,2048,4,2048,206.976
256,2048,4,4096,290.346
256,2048,4,8192,460.224
256,2048,4,16384,795.35
256,2048,8,16,130.431
256,2048,8,32,131.093
256,2048,8,64,131.371
256,2048,8,128,141.654
256,2048,8,256,153.003
256,2048,8,512,174.507
256,2048,8,1024,213.61
256,2048,8,2048,291.24
256,2048,8,4096,386.518
256,2048,8,8192,738.35
256,2048,8,16384,1463.75
256,2048,16,16,153.578
256,2048,16,32,154.858
256,2048,16,64,155.371
256,2048,16,128,177.813
256,2048,16,256,200.49
256,2048,16,512,233.45
256,2048,16,1024,272.192
256,2048,16,2048,396.992
256,2048,16,4096,661.718
256,2048,16,8192,1185.73
256,2048,16,16384,2229.62
256,2048,32,16,196.993
256,2048,32,32,198.273
256,2048,32,64,199.553
256,2048,32,128,231.298
256,2048,32,256,261.228
256,2048,32,512,317.248
256,2048,32,1024,427.904
256,2048,32,2048,689.302
256,2048,32,4096,1162.44
256,2048,32,8192,2412.3
256,2048,32,16384,4832.52
256,2048,64,16,259.864
256,2048,64,32,261.996
256,2048,64,64,264.128
256,2048,64,128,319.254
256,2048,64,256,384.918
256,2048,64,512,506.604
256,2048,64,1024,740.674
256,2048,64,2048,1221.19
256,2048,64,4096,2946.18
256,2048,64,8192,5968.48
256,2048,64,16384,12292.2
256,2048,128,16,374.122
256,2048,128,32,377.774
256,2048,128,64,384.834
256,2048,128,128,500.056
256,2048,128,256,663.746
256,2048,128,512,944.92
256,2048,128,1024,1448.35
256,2048,128,2048,3096.98
256,2048,128,4096,9090.5
256,2048,128,8192,21118.8
256,2048,128,16384,43128.6
256,4096,0,0,195.414
256,4096,1,16,196.587
256,4096,1,32,196.118
256,4096,1,64,196.821
256,4096,1,128,196.075
256,4096,1,256,196.971
256,4096,1,512,196.14
256,4096,1,1024,197.719
256,4096,1,2048,197.056
256,4096,1,4096,199.19
256,4096,1,8192,373.826
256,4096,1,16384,733.272
256,4096,2,16,200.066
256,4096,2,32,201.174
256,4096,2,64,201.172
256,4096,2,128,206.7
256,4096,2,256,211.564
256,4096,2,512,223.19
256,4096,2,1024,243.456
256,4096,2,2048,288.598
256,4096,2,4096,377.11
256,4096,2,8192,537.408
256,4096,2,16384,870.04
256,4096,4,16,206.016
256,4096,4,32,205.952
256,4096,4,64,206.784
256,4096,4,128,210.538
256,4096,4,256,216.322
256,4096,4,512,227.734
256,4096,4,1024,250.22
256,4096,4,2048,294.124
256,4096,4,4096,383.446
256,4096,4,8192,547.05
256,4096,4,16384,883.906
256,4096,8,16,215.488
256,4096,8,32,215.402
256,4096,8,64,218.006
256,4096,8,128,227.032
256,4096,8,256,237.12
256,4096,8,512,258.688
256,4096,8,1024,302.4
256,4096,8,2048,384.684
256,4096,8,4096,546.54
256,4096,8,8192,735.81
256,4096,8,16384,1450.5
256,4096,16,16,237.91
256,4096,16,32,238.144
256,4096,16,64,239.146
256,4096,16,128,261.654
256,4096,16,256,283.372
256,4096,16,512,325.59
256,4096,16,1024,402.414
256,4096,16,2048,485.76
256,4096,16,4096,745.708
256,4096,16,8192,1340.08
256,4096,16,16384,2417.7
256,4096,32,16,282.476
256,4096,32,32,282.688
256,4096,32,64,284.546
256,4096,32,128,329.942
256,4096,32,256,376.834
256,4096,32,512,437.804
256,4096,32,1024,555.328
256,4096,32,2048,779.308
256,4096,32,4096,1319.04
256,4096,32,8192,2550.6
256,4096,32,16384,6059.94
256,4096,64,16,368.13
256,4096,64,32,372.014
256,4096,64,64,375.532
256,4096,64,128,435.97
256,4096,64,256,504.58
256,4096,64,512,629.826
256,4096,64,1024,870.252
256,4096,64,2048,1332.01
256,4096,64,4096,3023.46
256,4096,64,8192,7013.84
256,4096,64,16384,18318.1
256,4096,128,16,491.694
256,4096,128,32,498.582
256,4096,128,64,503.426
256,4096,128,128,621.826
256,4096,128,256,789.23
256,4096,128,512,1102.94
256,4096,128,1024,1637.25
256,4096,128,2048,3187.2
256,4096,128,4096,8866.92
256,4096,128,8192,21669.2
256,4096,128,16384,43763.2
256,8192,0,0,375.382
256,8192,1,16,376.3
256,8192,1,32,374.764
256,8192,1,64,374.274
256,8192,1,128,375.232
256,8192,1,256,374.762
256,8192,1,512,374.998
256,8192,1,1024,374.998
256,8192,1,2048,376.342
256,8192,1,4096,375.488
256,8192,1,8192,379.564
256,8192,1,16384,737.238
256,8192,2,16,374.72
256,8192,2,32,374.358
256,8192,2,64,374.058
256,8192,2,128,373.526
256,8192,2,256,379.116
256,8192,2,512,392.258
256,8192,2,1024,410.732
256,8192,2,2048,457.066
256,8192,2,4096,546.432
256,8192,2,8192,726.552
256,8192,2,16384,1053.89
256,8192,4,16,375.36
256,8192,4,32,374.38
256,8192,4,64,374.998
256,8192,4,128,378.304
256,8192,4,256,386.028
256,8192,4,512,395.754
256,8192,4,1024,417.324
256,8192,4,2048,462.062
256,8192,4,4096,550.678
256,8192,4,8192,728.812
256,8192,4,16384,1087.21
256,8192,8,16,383.64
256,8192,8,32,384.088
256,8192,8,64,385.26
256,8192,8,128,395.756
256,8192,8,256,406.442
256,8192,8,512,429.228
256,8192,8,1024,471.616
256,8192,8,2048,552.77
256,8192,8,4096,727.874
256,8192,8,8192,1062.23
256,8192,8,16384,1446.19
256,8192,16,16,408.534
256,8192,16,32,405.656
256,8192,16,64,408.662
256,8192,16,128,430.254
256,8192,16,256,454.786
256,8192,16,512,495.704
256,8192,16,1024,579.136
256,8192,16,2048,740.204
256,8192,16,4096,918.656
256,8192,16,8192,1465.05
256,8192,16,16384,2786.98
256,8192,32,16,448.642
256,8192,32,32,449.004
256,8192,32,64,452.504
256,8192,32,128,495.51
256,8192,32,256,542.296
256,8192,32,512,636.44
256,8192,32,1024,786.798
256,8192,32,2048,1034.65
256,8192,32,4096,1491.1
256,8192,32,8192,2698.32
256,8192,32,16384,6158.68
256,8192,64,16,536.364
256,8192,64,32,536.256
256,8192,64,64,539.394
256,8192,64,128,629.44
256,8192,64,256,727.704
256,8192,64,512,871.468
256,8192,64,1024,1118.7
256,8192,64,2048,1587.93
256,8192,64,4096,3186.52
256,8192,64,8192,6139.1
256,8192,64,16384,16879.8
256,8192,128,16,715.5
256,8192,128,32,720.238
256,8192,128,64,724.952
256,8192,128,128,857.772
256,8192,128,256,1019.5
256,8192,128,512,1327.26
256,8192,128,1024,1933.36
256,8192,128,2048,3200.36
256,8192,128,4096,9258.06
256,8192,128,8192,17744.5
256,8192,128,16384,43836.6
256,16384,0,0,736.47
256,16384,1,16,738.774
256,16384,1,32,737.964
256,16384,1,64,739.072
256,16384,1,128,739.032
256,16384,1,256,737.814
256,16384,1,512,738.262
256,16384,1,1024,739.286
256,16384,1,2048,737.046
256,16384,1,4096,734.594
256,16384,1,8192,735.552
256,16384,1,16384,738.604
256,16384,2,16,731.458
256,16384,2,32,732.374
256,16384,2,64,731.202
256,16384,2,128,731.82
256,16384,2,256,732.63
256,16384,2,512,733.42
256,16384,2,1024,750.848
256,16384,2,2048,791.446
256,16384,2,4096,881.856
256,16384,2,8192,1060.1
256,16384,2,16384,1452.08
256,16384,4,16,732.012
256,16384,4,32,729.43
256,16384,4,64,731.648
256,16384,4,128,731.222
256,16384,4,256,733.058
256,16384,4,512,737.964
256,16384,4,1024,756.928
256,16384,4,2048,803.032
256,16384,4,4096,888.218
256,16384,4,8192,1071.87
256,16384,4,16384,1456.79
256,16384,8,16,735.914
256,16384,8,32,736.618
256,16384,8,64,737.71
256,16384,8,128,733.484
256,16384,8,256,745.408
256,16384,8,512,767.682
256,16384,8,1024,809.6
256,16384,8,2048,893.91
256,16384,8,4096,1064.9
256,16384,8,8192,1426.26
256,16384,8,16384,2096.18
256,16384,16,16,744.004
256,16384,16,32,746.092
256,16384,16,64,745.518
256,16384,16,128,763.48
256,16384,16,256,788.012
256,16384,16,512,832.96
256,16384,16,1024,912.578
256,16384,16,2048,1089.22
256,16384,16,4096,1421.83
256,16384,16,8192,1814.62
256,16384,16,16384,2866.36
256,16384,32,16,781.656
256,16384,32,32,785.708
256,16384,32,64,787.544
256,16384,32,128,828.928
256,16384,32,256,882.818
256,16384,32,512,971.308
256,16384,32,1024,1158.92
256,16384,32,2048,1484.44
256,16384,32,4096,2004.84
256,16384,32,8192,3008.7
256,16384,32,16384,5291.54
256,16384,64,16,868.012
256,16384,64,32,868.654
256,16384,64,64,871.896
256,16384,64,128,963.48
256,16384,64,256,1063.32
256,16384,64,512,1263.04
256,16384,64,1024,1588.12
256,16384,64,2048,2089.72
256,16384,64,4096,3740.72
256,16384,64,8192,6504.92
256,16384,64,16384,12540.9
256,16384,128,16,1047.28
256,16384,128,32,1053.27
256,16384,128,64,1057.5
256,16384,128,128,1239.36
256,16384,128,256,1464.52
256,16384,128,512,1785.61
256,16384,128,1024,2369.72
256,16384,128,2048,3948.62
256,16384,128,4096,9970.7
256,16384,128,8192,19989.6
256,16384,128,16384,43370.8
273,0,0,0,26.9014
273,0,1,512,46.294
273,0,1,768,56.938
273,0,1,1152,72.468
273,0,1,1728,93.0554
273,0,1,2592,129.279
273,0,1,3888,181.013
273,0,1,5832,264.918
273,0,1,8748,394.156
273,0,1,13122,584.108
273,0,1,16384,727.254
273,0,2,512,48.32
273,0,2,768,58.304
273,0,2,1152,74.198
273,0,2,1728,95.6166
273,0,2,2592,131.925
273,0,2,3888,184.811
273,0,2,5832,263.786
273,0,2,8748,393.238
273,0,2,13122,581.974
273,0,2,16384,727.212
273,0,4,512,58.41
273,0,4,768,69.1426
273,0,4,1152,84.9494
273,0,4,1728,108.544
273,0,4,2592,145.067
273,0,4,3888,198.507
273,0,4,5832,276.95
273,0,4,8748,402.326
273,0,4,13122,588.802
273,0,4,16384,736.32
273,0,8,512,79.9154
273,0,8,768,100.544
273,0,8,1152,132.929
273,0,8,1728,174.805
273,0,8,2592,250.176
273,0,8,3888,360.022
273,0,8,5832,526.23
273,0,8,8748,781.442
273,0,8,13122,1176.62
273,0,8,16384,1472.02
273,0,16,512,127.253
273,0,16,768,159.809
273,0,16,1152,207.916
273,0,16,1728,275.158
273,0,16,2592,386.902
273,0,16,3888,551.51
273,0,16,5832,798.466
273,0,16,8748,1196.14
273,0,16,13122,1765.68
273,0,16,16384,2206.94
273,0,32,512,213.652
273,0,32,768,277.014
273,0,32,1152,376.684
273,0,32,1728,513.474
273,0,32,2592,749.528
273,0,32,3888,1090.03
273,0,32,5832,1701.53
273,0,32,8748,2525.24
273,0,32,13122,3739.34
273,0,32,16384,4657.56
273,0,64,512,401.474
273,0,64,768,532.844
273,0,64,1152,724.054
273,0,64,1728,981.828
273,0,64,2592,1478.79
273,0,64,3888,2726.88
273,0,64,5832,4187.66
273,0,64,8748,6222.24
273,0,64,13122,9346.78
273,0,64,16384,11763.2
273,0,128,512,842.688
273,0,128,768,1130.99
273,0,128,1152,1548.95
273,0,128,1728,2284.98
273,0,128,2592,4758.4
273,0,128,3888,8196.36
273,0,128,5832,12222.6
273,0,128,8748,18490.2
273,0,128,13122,30618.8
273,0,128,16384,42959.6
273,512,0,0,48.4066
273,512,1,512,78.848
273,512,1,768,80.256
273,512,1,1152,95.1466
273,512,1,1728,116.544
273,512,1,2592,152.192
273,512,1,3888,203.648
273,512,1,5832,280.512
273,512,1,8748,399.404
273,512,1,13122,585.238
273,512,1,16384,732.502
273,512,2,512,79.1466
273,512,2,768,82.2186
273,512,2,1152,97.856
273,512,2,1728,120.149
273,512,2,2592,156.587
273,512,2,3888,207.958
273,512,2,5832,284.97
273,512,2,8748,404.692
273,512,2,13122,584.298
273,512,2,16384,729.686
273,512,4,512,81.5574
273,512,4,768,89.088
273,512,4,1152,109.889
273,512,4,1728,132.352
273,512,4,2592,168.533
273,512,4,3888,222.486
273,512,4,5832,301.078
273,512,4,8748,419.882
273,512,4,13122,601.75
273,512,4,16384,736.684
273,512,8,512,111.211
273,512,8,768,127.957
273,512,8,1152,158.379
273,512,8,1728,202.154
273,512,8,2592,258.986
273,512,8,3888,362.988
273,512,8,5832,531.628
273,512,8,8748,782.87
273,512,8,13122,1177.07
273,512,8,16384,1472.73
273,512,16,512,148.821
273,512,16,768,178.219
273,512,16,1152,235.584
273,512,16,1728,300.65
273,512,16,2592,412.95
273,512,16,3888,578.666
273,512,16,5832,822.722
273,512,16,8748,1206.23
273,512,16,13122,1765.08
273,512,16,16384,2204.42
273,512,32,512,239.424
273,512,32,768,300.524
273,512,32,1152,396.034
273,512,32,1728,530.732
273,512,32,2592,754.198
273,512,32,3888,1087.81
273,512,32,5832,1711.24
273,512,32,8748,2541.66
273,512,32,13122,3763.36
273,512,32,16384,4668.92
273,512,64,512,421.184
273,512,64,768,547.072
273,512,64,1152,738.904
273,512,64,1728,999.364
273,512,64,2592,1482.82
273,512,64,3888,2715.86
273,512,64,5832,4203.98
273,512,64,8748,6229.7
273,512,64,13122,9367.32
273,512,64,16384,11698.9
273,512,128,512,860.782
273,512,128,768,1144.22
273,512,128,1152,1560.86
273,512,128,1728,2269.72
273,512,128,2592,4879.7
273,512,128,3888,8194.44
273,512,128,5832,12254.5
273,512,128,8748,18475.3
273,512,128,13122,31488
273,512,128,16384,43165
273,768,0,0,59.008
273,768,1,512,89.8994
273,768,1,768,100.032
273,768,1,1152,105.834
273,768,1,1728,127.167
273,768,1,2592,162.795
273,768,1,3888,214.912
273,768,1,5832,291.244
273,768,1,8748,408.556
273,768,1,13122,585.452
273,768,1,16384,729.75
273,768,2,512,91.264
273,768,2,768,100.672
273,768,2,1152,108.992
273,768,2,1728,130.517
273,768,2,2592,166.485
273,768,2,3888,220.586
273,768,2,5832,296.832
273,768,2,8748,418.132
273,768,2,13122,594.304
273,768,2,16384,729.388
273,768,4,512,99.072
273,768,4,768,103.659
273,768,4,1152,120.428
273,768,4,1728,142.464
273,768,4,2592,179.947
273,768,4,3888,233.472
273,768,4,5832,312.49
273,768,4,8748,431.232
273,768,4,13122,610.838
273,768,4,16384,749.91
273,768,8,512,123.263
273,768,8,768,144.021
273,768,8,1152,168.725
273,768,8,1728,213.014
273,768,8,2592,280.32
273,768,8,3888,365.548
273,768,8,5832,528
273,768,8,8748,781.592
273,768,8,13122,1172.89
273,768,8,16384,1458.22
273,768,16,512,166.335
273,768,16,768,193.111
273,768,16,1152,240.876
273,768,16,1728,312.576
273,768,16,2592,422.784
273,768,16,3888,587.372
273,768,16,5832,832.108
273,768,16,8748,1218.52
273,768,16,13122,1771.95
273,768,16,16384,2204.08
273,768,32,512,254.23
273,768,32,768,314.284
273,768,32,1152,408.492
273,768,32,1728,543.722
273,768,32,2592,766.316
273,768,32,3888,1087.77
273,768,32,5832,1701.83
273,768,32,8748,2545.42
273,768,32,13122,3757.72
273,768,32,16384,4679.94
273,768,64,512,436.416
273,768,64,768,556.63
273,768,64,1152,747.906
273,768,64,1728,1005.87
273,768,64,2592,1494.75
273,768,64,3888,2718.68
273,768,64,5832,4194.34
273,768,64,8748,6245.14
273,768,64,13122,9392.38
273,768,64,16384,11774.3
273,768,128,512,867.864
273,768,128,768,1154.33
273,768,128,1152,1566.77
273,768,128,1728,2261.68
273,768,128,2592,4873.82
273,768,128,3888,8216.42
273,768,128,5832,12263.9
273,768,128,8748,18467.8
273,768,128,13122,28713.6
273,768,128,16384,42999.2
273,1152,0,0,75.4766
273,1152,1,512,107.051
273,1152,1,768,117.119
273,1152,1,1152,133.611
273,1152,1,1728,145.387
273,1152,1,2592,181.463
273,1152,1,3888,232.064
273,1152,1,5832,308.992
273,1152,1,8748,428.054
273,1152,1,13122,606.872
273,1152,1,16384,740.802
273,1152,2,512,107.477
273,1152,2,768,118.614
273,1152,2,1152,134.379
273,1152,2,1728,147.712
273,1152,2,2592,184.021
273,1152,2,3888,236.544
273,1152,2,5832,313.92
273,1152,2,8748,433.986
273,1152,2,13122,612.012
273,1152,2,16384,744.428
273,1152,4,512,131.499
273,1152,4,768,133.034
273,1152,4,1152,137.813
273,1152,4,1728,159.829
273,1152,4,2592,196.073
273,1152,4,3888,250.518
273,1152,4,5832,330.622
273,1152,4,8748,447.594
273,1152,4,13122,628.268
273,1152,4,16384,765.44
273,1152,8,512,141.824
273,1152,8,768,161.344
273,1152,8,1152,193.28
273,1152,8,1728,228.93
273,1152,8,2592,303.126
273,1152,8,3888,378.944
273,1152,8,5832,528.706
273,1152,8,8748,780.224
273,1152,8,13122,1164.72
273,1152,8,16384,1457.47
273,1152,16,512,199.061
273,1152,16,768,218.388
273,1152,16,1152,255.658
273,1152,16,1728,326.998
273,1152,16,2592,439.254
273,1152,16,3888,603.18
273,1152,16,5832,852.312
273,1152,16,8748,1236.27
273,1152,16,13122,1795.74
273,1152,16,16384,2218.02
273,1152,32,512,275.116
273,1152,32,768,333.398
273,1152,32,1152,426.518
273,1152,32,1728,559.79
273,1152,32,2592,789.334
273,1152,32,3888,1099.46
273,1152,32,5832,1682.18
273,1152,32,8748,2545.52
273,1152,32,13122,3779.7
273,1152,32,16384,4689.26
273,1152,64,512,466.518
273,1152,64,768,582.104
273,1152,64,1152,761.004
273,1152,64,1728,1020.44
273,1152,64,2592,1499.31
273,1152,64,3888,2704.22
273,1152,64,5832,4198.82
273,1152,64,8748,6246.76
273,1152,64,13122,9460.4
273,1152,64,16384,11853.9
273,1152,128,512,895.17
273,1152,128,768,1168.37
273,1152,128,1152,1584.2
273,1152,128,1728,2254.64
273,1152,128,2592,4728.48
273,1152,128,3888,8254.08
273,1152,128,5832,12364.6
273,1152,128,8748,19306.4
273,1152,128,13122,34175.2
273,1152,128,16384,42803.6
273,1728,0,0,98.8166
273,1728,1,512,129.131
273,1728,1,768,139.563
273,1728,1,1152,157.633
273,1728,1,1728,179.519
273,1728,1,2592,204.736
273,1728,1,3888,256.382
273,1728,1,5832,333.44
273,1728,1,8748,451.072
273,1728,1,13122,626.73
273,1728,1,16384,759.788
273,1728,2,512,131.348
273,1728,2,768,141.738
273,1728,2,1152,159.593
273,1728,2,1728,180.714
273,1728,2,2592,208.684
273,1728,2,3888,261.46
273,1728,2,5832,339.03
273,1728,2,8748,458.154
273,1728,2,13122,633.902
273,1728,2,16384,769.814
273,1728,4,512,159.831
273,1728,4,768,180.031
273,1728,4,1152,177.793
273,1728,4,1728,183.98
273,1728,4,2592,221.012
273,1728,4,3888,275.946
273,1728,4,5832,354.09
273,1728,4,8748,473.516
273,1728,4,13122,658.326
273,1728,4,16384,792.194
273,1728,8,512,182.21
273,1728,8,768,187.563
273,1728,8,1152,216.874
273,1728,8,1728,260.056
273,1728,8,2592,327.636
273,1728,8,3888,430.786
273,1728,8,5832,532.822
273,1728,8,8748,781.336
273,1728,8,13122,1160.66
273,1728,8,16384,1449.9
273,1728,16,512,226.09
273,1728,16,768,264.876
273,1728,16,1152,296.064
273,1728,16,1728,348.95
273,1728,16,2592,475.948
273,1728,16,3888,633.664
273,1728,16,5832,875.094
273,1728,16,8748,1263.21
273,1728,16,13122,1827.29
273,1728,16,16384,2255.28
273,1728,32,512,319.724
273,1728,32,768,364.224
273,1728,32,1152,453.12
273,1728,32,1728,585.516
273,1728,32,2592,818.84
273,1728,32,3888,1137.37
273,1728,32,5832,1663.92
273,1728,32,8748,2553.34
273,1728,32,13122,3853.32
273,1728,32,16384,4817
273,1728,64,512,503.384
273,1728,64,768,619.46
273,1728,64,1152,796.76
273,1728,64,1728,1039.15
273,1728,64,2592,1510.77
273,1728,64,3888,2741.7
273,1728,64,5832,4219.22
273,1728,64,8748,6311.92
273,1728,64,13122,9700.78
273,1728,64,16384,12055.3
273,1728,128,512,950.808
273,1728,128,768,1192.64
273,1728,128,1152,1606.02
273,1728,128,1728,2327.06
273,1728,128,2592,4835.3
273,1728,128,3888,8377
273,1728,128,5832,12766.6
273,1728,128,8748,20513
273,1728,128,13122,33880.8
273,1728,128,16384,43406.8
273,2592,0,0,137.643
273,2592,1,512,166.997
273,2592,1,768,176.704
273,2592,1,1152,193.707
273,2592,1,1728,217.772
273,2592,1,2592,254.484
273,2592,1,3888,295.274
273,2592,1,5832,374.506
273,2592,1,8748,490.39
273,2592,1,13122,665.9
273,2592,1,16384,797.888
273,2592,2,512,167.851
273,2592,2,768,179.97
273,2592,2,1152,194.987
273,2592,2,1728,218.37
273,2592,2,2592,255.894
273,2592,2,3888,299.436
273,2592,2,5832,376.406
273,2592,2,8748,497.494
273,2592,2,13122,672.64
273,2592,2,16384,806.508
273,2592,4,512,196.628
273,2592,4,768,217.154
273,2592,4,1152,249.986
273,2592,4,1728,250.624
273,2592,4,2592,258.796
273,2592,4,3888,311.446
273,2592,4,5832,391.404
273,2592,4,8748,511.402
273,2592,4,13122,688.64
273,2592,4,16384,828.696
273,2592,8,512,234.262
273,2592,8,768,257.538
273,2592,8,1152,260.97
273,2592,8,1728,299.18
273,2592,8,2592,373.974
273,2592,8,3888,472.812
273,2592,8,5832,624.15
273,2592,8,8748,787.948
273,2592,8,13122,1152.49
273,2592,8,16384,1457.8
273,2592,16,512,288.342
273,2592,16,768,308.908
273,2592,16,1152,369.986
273,2592,16,1728,413.056
273,2592,16,2592,499.138
273,2592,16,3888,688.236
273,2592,16,5832,912.814
273,2592,16,8748,1290.63
273,2592,16,13122,1868.29
273,2592,16,16384,2299.4
273,2592,32,512,376.79
273,2592,32,768,431.424
273,2592,32,1152,500.14
273,2592,32,1728,630.126
273,2592,32,2592,859.692
273,2592,32,3888,1185.2
273,2592,32,5832,1711.83
273,2592,32,8748,2612.96
273,2592,32,13122,4075.56
273,2592,32,16384,5059.6
273,2592,64,512,566.126
273,2592,64,768,683.608
273,2592,64,1152,861.698
273,2592,64,1728,1096.45
273,2592,64,2592,1603.63
273,2592,64,3888,2689.7
273,2592,64,5832,4577.1
273,2592,64,8748,7156.84
273,2592,64,13122,10694.7
273,2592,64,16384,14441.7
273,2592,128,512,1034.35
273,2592,128,768,1308.23
273,2592,128,1152,1644.12
273,2592,128,1728,2304.6
273,2592,128,2592,4951.36
273,2592,128,3888,8506.44
273,2592,128,5832,15499
273,2592,128,8748,23290.2
273,2592,128,13122,35039.4
273,2592,128,16384,43772.6
273,3888,0,0,190.677
273,3888,1,512,218.58
273,3888,1,768,229.93
273,3888,1,1152,246.166
273,3888,1,1728,269.846
273,3888,1,2592,308.054
273,3888,1,3888,361.856
273,3888,1,5832,427.884
273,3888,1,8748,543.062
273,3888,1,13122,718.806
273,3888,1,16384,851.628
273,3888,2,512,221.248
273,3888,2,768,230.826
273,3888,2,1152,248.618
273,3888,2,1728,272.15
273,3888,2,2592,309.268
273,3888,2,3888,362.05
273,3888,2,5832,430.956
273,3888,2,8748,549.718
273,3888,2,13122,727.594
273,3888,2,16384,861.228
273,3888,4,512,248.576
273,3888,4,768,270.784
273,3888,4,1152,302.762
273,3888,4,1728,344.618
273,3888,4,2592,352.876
273,3888,4,3888,365.312
273,3888,4,5832,443.456
273,3888,4,8748,564.396
273,3888,4,13122,741.378
273,3888,4,16384,877.698
273,3888,8,512,284.8
273,3888,8,768,316.97
273,3888,8,1152,361.962
273,3888,8,1728,357.568
273,3888,8,2592,425.75
273,3888,8,3888,529.772
273,3888,8,5832,685.142
273,3888,8,8748,909.228
273,3888,8,13122,1158.38
273,3888,8,16384,1437.38
273,3888,16,512,359.424
273,3888,16,768,399.808
273,3888,16,1152,427.67
273,3888,16,1728,510.572
273,3888,16,2592,591.958
273,3888,16,3888,719.084
273,3888,16,5832,1007.25
273,3888,16,8748,1371.12
273,3888,16,13122,2022.02
273,3888,16,16384,2442.56
273,3888,32,512,460.822
273,3888,32,768,520.28
273,3888,32,1152,602.136
273,3888,32,1728,700.778
273,3888,32,2592,922.306
273,3888,32,3888,1248.17
273,3888,32,5832,1796.91
273,3888,32,8748,3174.46
273,3888,32,13122,4728.12
273,3888,32,16384,6398.8
273,3888,64,512,653.208
273,3888,64,768,773.976
273,3888,64,1152,948.204
273,3888,64,1728,1188.59
273,3888,64,2592,1639.17
273,3888,64,3888,2839.82
273,3888,64,5832,4421.56
273,3888,64,8748,7956.7
273,3888,64,13122,14415.1
273,3888,64,16384,18314.2
273,3888,128,512,1116.46
273,3888,128,768,1419.18
273,3888,128,1152,1834.44
273,3888,128,1728,2362.24
273,3888,128,2592,5004.82
273,3888,128,3888,8454.28
273,3888,128,5832,15089.2
273,3888,128,8748,23330.2
273,3888,128,13122,35083.2
273,3888,128,16384,43797.2
273,5832,0,0,275.564
273,5832,1,512,302.442
273,5832,1,768,313.944
273,5832,1,1152,329.686
273,5832,1,1728,351.874
273,5832,1,2592,388.63
273,5832,1,3888,442.498
273,5832,1,5832,522.944
273,5832,1,8748,632.62
273,5832,1,13122,808.684
273,5832,1,16384,942.252
273,5832,2,512,302.464
273,5832,2,768,315.52
273,5832,2,1152,330.454
273,5832,2,1728,354.966
273,5832,2,2592,390.742
273,5832,2,3888,443.542
273,5832,2,5832,526.634
273,5832,2,8748,637.974
273,5832,2,13122,816.258
273,5832,2,16384,951.276
273,5832,4,512,329.366
273,5832,4,768,351.81
273,5832,4,1152,381.44
273,5832,4,1728,424.746
273,5832,4,2592,497.856
273,5832,4,3888,515.778
273,5832,4,5832,531.99
273,5832,4,8748,653.122
273,5832,4,13122,832.94
273,5832,4,16384,968.298
273,5832,8,512,366.634
273,5832,8,768,395.926
273,5832,8,1152,443.35
273,5832,8,1728,507.008
273,5832,8,2592,515.904
273,5832,8,3888,611.586
273,5832,8,5832,774.53
273,5832,8,8748,1014.68
273,5832,8,13122,1326.23
273,5832,8,16384,1462.4
273,5832,16,512,457.494
273,5832,16,768,520.002
273,5832,16,1152,558.082
273,5832,16,1728,604.012
273,5832,16,2592,733.612
273,5832,16,3888,860.354
273,5832,16,5832,1050.5
273,5832,16,8748,1490.35
273,5832,16,13122,2168.12
273,5832,16,16384,2753.6
273,5832,32,512,582.508
273,5832,32,768,639.318
273,5832,32,1152,725.206
273,5832,32,1728,848
273,5832,32,2592,1022.38
273,5832,32,3888,1333.89
273,5832,32,5832,1917.19
273,5832,32,8748,2792.6
273,5832,32,13122,5038.34
273,5832,32,16384,6607.48
273,5832,64,512,778.284
273,5832,64,768,904.58
273,5832,64,1152,1080.58
273,5832,64,1728,1321.77
273,5832,64,2592,1793.82
273,5832,64,3888,2819.32
273,5832,64,5832,4414.82
273,5832,64,8748,7173.82
273,5832,64,13122,13225
273,5832,64,16384,19041.2
273,5832,128,512,1241.07
273,5832,128,768,1543.34
273,5832,128,1152,2003.34
273,5832,128,1728,2582.48
273,5832,128,2592,5157.4
273,5832,128,3888,8711.56
273,5832,128,5832,12620.1
273,5832,128,8748,23341.6
273,5832,128,13122,35079.4
273,5832,128,16384,43954
273,8748,0,0,401.452
273,8748,1,512,427.072
273,8748,1,768,436.332
273,8748,1,1152,452.824
273,8748,1,1728,478.06
273,8748,1,2592,513.366
273,8748,1,3888,565.528
273,8748,1,5832,646.658
273,8748,1,8748,766.614
273,8748,1,13122,935.19
273,8748,1,16384,1067.46
273,8748,2,512,426.582
273,8748,2,768,434.966
273,8748,2,1152,450.368
273,8748,2,1728,475.862
273,8748,2,2592,512.064
273,8748,2,3888,563.116
273,8748,2,5832,647.81
273,8748,2,8748,775.852
273,8748,2,13122,945.58
273,8748,2,16384,1082.58
273,8748,4,512,454.294
273,8748,4,768,470.528
273,8748,4,1152,503.018
273,8748,4,1728,545.302
273,8748,4,2592,618.326
273,8748,4,3888,720.918
273,8748,4,5832,751.596
273,8748,4,8748,781.59
273,8748,4,13122,975.298
273,8748,4,16384,1117.87
273,8748,8,512,486.486
273,8748,8,768,520.598
273,8748,8,1152,568.002
273,8748,8,1728,630.722
273,8748,8,2592,742.06
273,8748,8,3888,755.776
273,8748,8,5832,901.078
273,8748,8,8748,1149.38
273,8748,8,13122,1536.2
273,8748,8,16384,1838.42
273,8748,16,512,580.054
273,8748,16,768,641.068
273,8748,16,1152,732.268
273,8748,16,1728,784.558
273,8748,16,2592,880.854
273,8748,16,3888,1071.73
273,8748,16,5832,1262.21
273,8748,16,8748,1566.32
273,8748,16,13122,2244.96
273,8748,16,16384,2728.2
273,8748,32,512,764.61
273,8748,32,768,816.064
273,8748,32,1152,907.306
273,8748,32,1728,1028.76
273,8748,32,2592,1247.64
273,8748,32,3888,1483.24
273,8748,32,5832,2003.16
273,8748,32,8748,2848.84
273,8748,32,13122,4607.04
273,8748,32,16384,6426.58
273,8748,64,512,955.864
273,8748,64,768,1082.03
273,8748,64,1152,1271.77
273,8748,64,1728,1519.96
273,8748,64,2592,1956.57
273,8748,64,3888,3145.36
273,8748,64,5832,4670.46
273,8748,64,8748,6560.9
273,8748,64,13122,12255.2
273,8748,64,16384,18189.3
273,8748,128,512,1423.45
273,8748,128,768,1722.08
273,8748,128,1152,2161.72
273,8748,128,1728,2859.68
273,8748,128,2592,5393.1
273,8748,128,3888,8821.72
273,8748,128,5832,15341.8
273,8748,128,8748,19224.1
273,8748,128,13122,35177.6
273,8748,128,16384,43911.8
273,13122,0,0,597.676
273,13122,1,512,619.99
273,13122,1,768,624.724
273,13122,1,1152,642.858
273,13122,1,1728,672.534
273,13122,1,2592,703.148
273,13122,1,3888,755.246
273,13122,1,5832,839.404
273,13122,1,8748,959.32
273,13122,1,13122,1138.01
273,13122,1,16384,1264.66
273,13122,2,512,613.27
273,13122,2,768,622.4
273,13122,2,1152,641.474
273,13122,2,1728,664.47
273,13122,2,2592,701.014
273,13122,2,3888,748.14
273,13122,2,5832,833.324
273,13122,2,8748,960.384
273,13122,2,13122,1150.85
273,13122,2,16384,1292.46
273,13122,4,512,631.148
273,13122,4,768,651.33
273,13122,4,1152,684.096
273,13122,4,1728,725.504
273,13122,4,2592,802.05
273,13122,4,3888,900.672
273,13122,4,5832,1066.88
273,13122,4,8748,1115.05
273,13122,4,13122,1169.33
273,13122,4,16384,1318.96
273,13122,8,512,669.952
273,13122,8,768,701.376
273,13122,8,1152,748.184
273,13122,8,1728,809.688
273,13122,8,2592,920.728
273,13122,8,3888,1078.27
273,13122,8,5832,1116.29
273,13122,8,8748,1342.7
273,13122,8,13122,1713.82
273,13122,8,16384,2006.84
273,13122,16,512,761.664
273,13122,16,768,822.826
273,13122,16,1152,913.75
273,13122,16,1728,1044.48
273,13122,16,2592,1149.29
273,13122,16,3888,1285.72
273,13122,16,5832,1578.46
273,13122,16,8748,1898.8
273,13122,16,13122,2313.24
273,13122,16,16384,2817.04
273,13122,32,512,941.356
273,13122,32,768,1067.86
273,13122,32,1152,1191.17
273,13122,32,1728,1299.65
273,13122,32,2592,1520.6
273,13122,32,3888,1814.29
273,13122,32,5832,2269.92
273,13122,32,8748,3191.98
273,13122,32,13122,4227.78
273,13122,32,16384,5302.42
273,13122,64,512,1242.56
273,13122,64,768,1367.77
273,13122,64,1152,1551.79
273,13122,64,1728,1801.92
273,13122,64,2592,2268.16
273,13122,64,3888,3331.58
273,13122,64,5832,4877.54
273,13122,64,8748,7907.5
273,13122,64,13122,9903.12
273,13122,64,16384,14196.3
273,13122,128,512,1700.55
273,13122,128,768,2002.24
273,13122,128,1152,2441.3
273,13122,128,1728,3083.48
273,13122,128,2592,6068.9
273,13122,128,3888,9329.62
273,13122,128,5832,15483.7
273,13122,128,8748,23423.2
273,13122,128,13122,33845
273,13122,128,16384,43896.4
273,16384,0,0,742.402
273,16384,1,512,759.786
273,16384,1,768,771.52
273,16384,1,1152,784.214
273,16384,1,1728,811.2
273,16384,1,2592,849.986
273,16384,1,3888,902.912
273,16384,1,5832,976.194
273,16384,1,8748,1105.26
273,16384,1,13122,1282.16
273,16384,1,16384,1416.98
273,16384,2,512,753.11
273,16384,2,768,764.074
273,16384,2,1152,779.18
273,16384,2,1728,799.852
273,16384,2,2592,838.764
273,16384,2,3888,889.11
273,16384,2,5832,973.932
273,16384,2,8748,1098.82
273,16384,2,13122,1289.39
273,16384,2,16384,1443.95
273,16384,4,512,768.3
273,16384,4,768,790.188
273,16384,4,1152,817.816
273,16384,4,1728,860.63
273,16384,4,2592,935.682
273,16384,4,3888,1038.15
273,16384,4,5832,1199.83
273,16384,4,8748,1382.87
273,16384,4,13122,1390.55
273,16384,4,16384,1460.18
273,16384,8,512,801.088
273,16384,8,768,832.28
273,16384,8,1152,882.284
273,16384,8,1728,946.626
273,16384,8,2592,1057.9
273,16384,8,3888,1212.21
273,16384,8,5832,1393.32
273,16384,8,8748,1476.02
273,16384,8,13122,1860.51
273,16384,8,16384,2124.68
273,16384,16,512,892.844
273,16384,16,768,955.052
273,16384,16,1152,1048.26
273,16384,16,1728,1177.39
273,16384,16,2592,1397.91
273,16384,16,3888,1552.86
273,16384,16,5832,1709.76
273,16384,16,8748,2170.32
273,16384,16,13122,2523.9
273,16384,16,16384,2876.26
273,16384,32,512,1076.2
273,16384,32,768,1203.41
273,16384,32,1152,1391.49
273,16384,32,1728,1506.31
273,16384,32,2592,1757.08
273,16384,32,3888,2081.54
273,16384,32,5832,2666.2
273,16384,32,8748,3214.68
273,16384,32,13122,4663.78
273,16384,32,16384,5276.18
273,16384,64,512,1453.59
273,16384,64,768,1574.51
273,16384,64,1152,1751.81
273,16384,64,1728,1996.25
273,16384,64,2592,2475.14
273,16384,64,3888,3599.58
273,16384,64,5832,5232.74
273,16384,64,8748,7298.32
273,16384,64,13122,14616.5
273,16384,64,16384,12640.5
273,16384,128,512,1890.29
273,16384,128,768,2216.84
273,16384,128,1152,2639.86
273,16384,128,1728,3313.74
273,16384,128,2592,6415
273,16384,128,3888,9725.6
273,16384,128,5832,13956.2
273,16384,128,8748,21530.4
273,16384,128,13122,35102.4
273,16384,128,16384,43479.2
410,0,0,0,44.97
410,0,1,512,53.546
410,0,1,768,63.9574
410,0,1,1152,79.8934
410,0,1,1728,100.951
410,0,1,2592,136.875
410,0,1,3888,187.883
410,0,1,5832,266.882
410,0,1,8748,394.602
410,0,1,13122,583.744
410,0,1,16384,730.006
410,0,2,512,59.5
410,0,2,768,70.0374
410,0,2,1152,86.08
410,0,2,1728,107.991
410,0,2,2592,143.211
410,0,2,3888,195.945
410,0,2,5832,275.2
410,0,2,8748,397.056
410,0,2,13122,583.658
410,0,2,16384,731.756
410,0,4,512,69.8034
410,0,4,768,87.424
410,0,4,1152,104.043
410,0,4,1728,126.741
410,0,4,2592,163.049
410,0,4,3888,216.748
410,0,4,5832,294.358
410,0,4,8748,415.446
410,0,4,13122,593.964
410,0,4,16384,742.08
410,0,8,512,93.952
410,0,8,768,114.497
410,0,8,1152,146.453
410,0,8,1728,189.077
410,0,8,2592,262.57
410,0,8,3888,372.952
410,0,8,5832,535.232
410,0,8,8748,789.4
410,0,8,13122,1182.06
410,0,8,16384,1472.09
410,0,16,512,140.203
410,0,16,768,177.493
410,0,16,1152,228.502
410,0,16,1728,293.356
410,0,16,2592,405.484
410,0,16,3888,569.664
410,0,16,5832,815.554
410,0,16,8748,1201.62
410,0,16,13122,1774.77
410,0,16,16384,2212.06
410,0,32,512,232.448
410,0,32,768,296.342
410,0,32,1152,392.148
410,0,32,1728,532.076
410,0,32,2592,768.472
410,0,32,3888,1106.95
410,0,32,5832,1726.15
410,0,32,8748,2549.2
410,0,32,13122,3764.08
410,0,32,16384,4674.58
410,0,64,512,426.838
410,0,64,768,554.688
410,0,64,1152,749.464
410,0,64,1728,1005.57
410,0,64,2592,1491.14
410,0,64,3888,2734.4
410,0,64,5832,4206.62
410,0,64,8748,6249.6
410,0,64,13122,9370.04
410,0,64,16384,11742.1
410,0,128,512,877.848
410,0,128,768,1167.56
410,0,128,1152,1589.74
410,0,128,1728,2289.12
410,0,128,2592,4765.8
410,0,128,3888,8201.72
410,0,128,5832,12247.6
410,0,128,8748,18409.9
410,0,128,13122,28625.4
410,0,128,16384,41282.8
410,512,0,0,86.8266
410,512,1,512,88.0854
410,512,1,768,91.2646
410,512,1,1152,103.829
410,512,1,1728,124.799
410,512,1,2592,159.702
410,512,1,3888,211.968
410,512,1,5832,288.702
410,512,1,8748,406.42
410,512,1,13122,586.028
410,512,1,16384,730.07
410,512,2,512,91.6054
410,512,2,768,97.494
410,512,2,1152,109.334
410,512,2,1728,131.264
410,512,2,2592,167.211
410,512,2,3888,219.84
410,512,2,5832,299.136
410,512,2,8748,416.79
410,512,2,13122,593.004
410,512,2,16384,732.096
410,512,4,512,99.3714
410,512,4,768,102.335
410,512,4,1152,127.68
410,512,4,1728,167.573
410,512,4,2592,205.974
410,512,4,3888,258.41
410,512,4,5832,337.558
410,512,4,8748,458.56
410,512,4,13122,632.94
410,512,4,16384,770.454
410,512,8,512,127.147
410,512,8,768,141.077
410,512,8,1152,173.717
410,512,8,1728,214.1
410,512,8,2592,286.422
410,512,8,3888,393.644
410,512,8,5832,548.992
410,512,8,8748,791.106
410,512,8,13122,1177.71
410,512,8,16384,1468.61
410,512,16,512,172.8
410,512,16,768,194.432
410,512,16,1152,251.392
410,512,16,1728,332.46
410,512,16,2592,447.66
410,512,16,3888,608.984
410,512,16,5832,850.348
410,512,16,8748,1223.26
410,512,16,13122,1786.31
410,512,16,16384,2215.02
410,512,32,512,264.382
410,512,32,768,318.06
410,512,32,1152,419.01
410,512,32,1728,554.456
410,512,32,2592,789.08
410,512,32,3888,1121.03
410,512,32,5832,1712.77
410,512,32,8748,2574.78
410,512,32,13122,3779.08
410,512,32,16384,4688.7
410,512,64,512,455.532
410,512,64,768,583.192
410,512,64,1152,771.5
410,512,64,1728,1030.87
410,512,64,2592,1511.26
410,512,64,3888,2723.42
410,512,64,5832,4209.42
410,512,64,8748,6249.14
410,512,64,13122,9399.02
410,512,64,16384,11716.8
410,512,128,512,906.2
410,512,128,768,1190.4
410,512,128,1152,1607.98
410,512,128,1728,2280.64
410,512,128,2592,4810.46
410,512,128,3888,8210.74
410,512,128,5832,12260.7
410,512,128,8748,18469.3
410,512,128,13122,31763.8
410,512,128,16384,41575.2
410,768,0,0,107.99
410,768,1,512,109.59
410,768,1,768,112.385
410,768,1,1152,114.411
410,768,1,1728,135.446
410,768,1,2592,170.967
410,768,1,3888,222.912
410,768,1,5832,300.374
410,768,1,8748,418.838
410,768,1,13122,593.664
410,768,1,16384,732.758
410,768,2,512,113.196
410,768,2,768,113.174
410,768,2,1152,120.854
410,768,2,1728,142.741
410,768,2,2592,178.774
410,768,2,3888,230.038
410,768,2,5832,309.164
410,768,2,8748,426.668
410,768,2,13122,604.886
410,768,2,16384,738.818
410,768,4,512,120.235
410,768,4,768,120.875
410,768,4,1152,128.661
410,768,4,1728,172.267
410,768,4,2592,227.776
410,768,4,3888,281.11
410,768,4,5832,359.146
410,768,4,8748,481.6
410,768,4,13122,658.434
410,768,4,16384,792.13
410,768,8,512,149.824
410,768,8,768,161.345
410,768,8,1152,183.211
410,768,8,1728,228.822
410,768,8,2592,299.03
410,768,8,3888,405.1
410,768,8,5832,561.26
410,768,8,8748,799.552
410,768,8,13122,1170.37
410,768,8,16384,1463.62
410,768,16,512,196.567
410,768,16,768,215.402
410,768,16,1152,255.956
410,768,16,1728,337.706
410,768,16,2592,468.054
410,768,16,3888,628.29
410,768,16,5832,868.418
410,768,16,8748,1238.87
410,768,16,13122,1798.15
410,768,16,16384,2225.1
410,768,32,512,284.864
410,768,32,768,337.066
410,768,32,1152,427.286
410,768,32,1728,567.958
410,768,32,2592,800.834
410,768,32,3888,1129.69
410,768,32,5832,1703.58
410,768,32,8748,2562.64
410,768,32,13122,3797.84
410,768,32,16384,4708.88
410,768,64,512,478.872
410,768,64,768,596.802
410,768,64,1152,785.538
410,768,64,1728,1041.71
410,768,64,2592,1519.26
410,768,64,3888,2713.3
410,768,64,5832,4213.78
410,768,64,8748,6244.26
410,768,64,13122,9410.6
410,768,64,16384,11795.9
410,768,128,512,929.752
410,768,128,768,1203.74
410,768,128,1152,1616.67
410,768,128,1728,2277.7
410,768,128,2592,4830.12
410,768,128,3888,8224.48
410,768,128,5832,12273.5
410,768,128,8748,18589.5
410,768,128,13122,33539.2
410,768,128,16384,43001.4
410,1152,0,0,140.459
410,1152,1,512,141.909
410,1152,1,768,141.952
410,1152,1,1152,142.998
410,1152,1,1728,152.469
410,1152,1,2592,187.564
410,1152,1,3888,238.976
410,1152,1,5832,317.312
410,1152,1,8748,436.308
410,1152,1,13122,615.276
410,1152,1,16384,750.636
410,1152,2,512,145.471
410,1152,2,768,144.277
410,1152,2,1152,145.195
410,1152,2,1728,159.105
410,1152,2,2592,195.393
410,1152,2,3888,247.68
410,1152,2,5832,326.316
410,1152,2,8748,444.842
410,1152,2,13122,622.656
410,1152,2,16384,756.162
410,1152,4,512,149.483
410,1152,4,768,152.234
410,1152,4,1152,153.131
410,1152,4,1728,173.44
410,1152,4,2592,248.064
410,1152,4,3888,310.422
410,1152,4,5832,389.846
410,1152,4,8748,510.828
410,1152,4,13122,687.232
410,1152,4,16384,823.916
410,1152,8,512,177.877
410,1152,8,768,192.769
410,1152,8,1152,207.638
410,1152,8,1728,246.036
410,1152,8,2592,318.998
410,1152,8,3888,423.04
410,1152,8,5832,582.102
410,1152,8,8748,817.794
410,1152,8,13122,1175.51
410,1152,8,16384,1462.04
410,1152,16,512,222.102
410,1152,16,768,251.562
410,1152,16,1152,280.684
410,1152,16,1728,342.228
410,1152,16,2592,486.742
410,1152,16,3888,660.504
410,1152,16,5832,896.474
410,1152,16,8748,1259.67
410,1152,16,13122,1817.88
410,1152,16,16384,2247.7
410,1152,32,512,315.456
410,1152,32,768,370.348
410,1152,32,1152,449.28
410,1152,32,1728,580.46
410,1152,32,2592,817.922
410,1152,32,3888,1147.01
410,1152,32,5832,1691.46
410,1152,32,8748,2580.3
410,1152,32,13122,3816.42
410,1152,32,16384,4727.08
410,1152,64,512,509.314
410,1152,64,768,624.578
410,1152,64,1152,809.068
410,1152,64,1728,1062.08
410,1152,64,2592,1528.52
410,1152,64,3888,2720.64
410,1152,64,5832,4226.92
410,1152,64,8748,6257.96
410,1152,64,13122,9436.8
410,1152,64,16384,11863
410,1152,128,512,972.484
410,1152,128,768,1232.22
410,1152,128,1152,1634.42
410,1152,128,1728,2295.26
410,1152,128,2592,4848.52
410,1152,128,3888,8272.18
410,1152,128,5832,12346.3
410,1152,128,8748,18651.2
410,1152,128,13122,33806.4
410,1152,128,16384,42724.2
410,1728,0,0,183.915
410,1728,1,512,185.878
410,1728,1,768,187.029
410,1728,1,1152,186.667
410,1728,1,1728,189.163
410,1728,1,2592,212.182
410,1728,1,3888,265.024
410,1728,1,5832,342.23
410,1728,1,8748,460.672
410,1728,1,13122,639.404
410,1728,1,16384,770.09
410,1728,2,512,187.755
410,1728,2,768,188.139
410,1728,2,1152,189.845
410,1728,2,1728,191.275
410,1728,2,2592,219.606
410,1728,2,3888,271.85
410,1728,2,5832,352.256
410,1728,2,8748,469.528
410,1728,2,13122,646.036
410,1728,2,16384,780.63
410,1728,4,512,195.029
410,1728,4,768,194.496
410,1728,4,1152,196.821
410,1728,4,1728,199.574
410,1728,4,2592,248.832
410,1728,4,3888,354.326
410,1728,4,5832,435.35
410,1728,4,8748,555.37
410,1728,4,13122,733.994
410,1728,4,16384,870.102
410,1728,8,512,218.924
410,1728,8,768,236.436
410,1728,8,1152,253.974
410,1728,8,1728,276.332
410,1728,8,2592,344.364
410,1728,8,3888,448.278
410,1728,8,5832,607.702
410,1728,8,8748,845.164
410,1728,8,13122,1196.8
410,1728,8,16384,1468.57
410,1728,16,512,264.812
410,1728,16,768,287.042
410,1728,16,1152,338.156
410,1728,16,1728,369.666
410,1728,16,2592,489.388
410,1728,16,3888,699.586
410,1728,16,5832,943.618
410,1728,16,8748,1306.9
410,1728,16,13122,1850.07
410,1728,16,16384,2274.16
410,1728,32,512,361.346
410,1728,32,768,416.898
410,1728,32,1152,496.194
410,1728,32,1728,609.26
410,1728,32,2592,846.124
410,1728,32,3888,1175.24
410,1728,32,5832,1690.84
410,1728,32,8748,2580.12
410,1728,32,13122,3894.54
410,1728,32,16384,4862.14
410,1728,64,512,552.002
410,1728,64,768,670.486
410,1728,64,1152,846.638
410,1728,64,1728,1100.7
410,1728,64,2592,1549.17
410,1728,64,3888,2765.46
410,1728,64,5832,4312.58
410,1728,64,8748,6281.96
410,1728,64,13122,9701.54
410,1728,64,16384,12190.3
410,1728,128,512,1020.14
410,1728,128,768,1307.38
410,1728,128,1152,1673.56
410,1728,128,1728,2352.14
410,1728,128,2592,4939.52
410,1728,128,3888,8377.86
410,1728,128,5832,12784.5
410,1728,128,8748,21217.8
410,1728,128,13122,34081.2
410,1728,128,16384,43472.2
410,2592,0,0,258.496
410,2592,1,512,258.924
410,2592,1,768,258.112
410,2592,1,1152,258.666
410,2592,1,1728,258.73
410,2592,1,2592,264.426
410,2592,1,3888,301.89
410,2592,1,5832,379.926
410,2592,1,8748,498.284
410,2592,1,13122,675.178
410,2592,1,16384,809.644
410,2592,2,512,258.582
410,2592,2,768,260.714
410,2592,2,1152,260.224
410,2592,2,1728,261.142
410,2592,2,2592,267.54
410,2592,2,3888,309.846
410,2592,2,5832,388.694
410,2592,2,8748,507.266
410,2592,2,13122,682.796
410,2592,2,16384,817.688
410,2592,4,512,263.66
410,2592,4,768,264.618
410,2592,4,1152,265.344
410,2592,4,1728,268.972
410,2592,4,2592,271.36
410,2592,4,3888,356.268
410,2592,4,5832,506.07
410,2592,4,8748,626.092
410,2592,4,13122,803.842
410,2592,4,16384,940.098
410,2592,8,512,285.462
410,2592,8,768,307.882
410,2592,8,1152,321.664
410,2592,8,1728,347.82
410,2592,8,2592,389.846
410,2592,8,3888,488.812
410,2592,8,5832,645.378
410,2592,8,8748,883.99
410,2592,8,13122,1236.74
410,2592,8,16384,1509.36
410,2592,16,512,333.526
410,2592,16,768,360.128
410,2592,16,1152,390.23
410,2592,16,1728,463.724
410,2592,16,2592,519.51
410,2592,16,3888,709.08
410,2592,16,5832,1013.48
410,2592,16,8748,1380.08
410,2592,16,13122,1918.38
410,2592,16,16384,2332.8
410,2592,32,512,425.6
410,2592,32,768,485.484
410,2592,32,1152,569.196
410,2592,32,1728,677.782
410,2592,32,2592,876.63
410,2592,32,3888,1212.59
410,2592,32,5832,1739.48
410,2592,32,8748,2651.76
410,2592,32,13122,4022.22
410,2592,32,16384,5093
410,2592,64,512,621.036
410,2592,64,768,743.468
410,2592,64,1152,920.088
410,2592,64,1728,1155.25
410,2592,64,2592,1695.45
410,2592,64,3888,2721.12
410,2592,64,5832,4724.34
410,2592,64,8748,7703.56
410,2592,64,13122,11180.4
410,2592,64,16384,15181.5
410,2592,128,512,1094.49
410,2592,128,768,1390.7
410,2592,128,1152,1807.37
410,2592,128,1728,2344.76
410,2592,128,2592,5047.6
410,2592,128,3888,8793.66
410,2592,128,5832,15672.1
410,2592,128,8748,23453.8
410,2592,128,13122,35184.8
410,2592,128,16384,43902.6
410,3888,0,0,361.45
410,3888,1,512,360.962
410,3888,1,768,361.024
410,3888,1,1152,360.896
410,3888,1,1728,360.704
410,3888,1,2592,361.452
410,3888,1,3888,370.304
410,3888,1,5832,433.664
410,3888,1,8748,552.172
410,3888,1,13122,727.68
410,3888,1,16384,863.362
410,3888,2,512,361.75
410,3888,2,768,362.028
410,3888,2,1152,363.262
410,3888,2,1728,363.564
410,3888,2,2592,363.308
410,3888,2,3888,373.12
410,3888,2,5832,443.01
410,3888,2,8748,560.684
410,3888,2,13122,737.304
410,3888,2,16384,870.676
410,3888,4,512,364.844
410,3888,4,768,365.826
410,3888,4,1152,368.854
410,3888,4,1728,367.252
410,3888,4,2592,371.498
410,3888,4,3888,378.26
410,3888,4,5832,519.702
410,3888,4,8748,726.252
410,3888,4,13122,904.448
410,3888,4,16384,1039.7
410,3888,8,512,381.61
410,3888,8,768,395.648
410,3888,8,1152,426.006
410,3888,8,1728,445.954
410,3888,8,2592,487.914
410,3888,8,3888,547.926
410,3888,8,5832,702.294
410,3888,8,8748,941.676
410,3888,8,13122,1293.53
410,3888,8,16384,1565.08
410,3888,16,512,426.474
410,3888,16,768,451.946
410,3888,16,1152,491.542
410,3888,16,1728,539.35
410,3888,16,2592,658.752
410,3888,16,3888,729.688
410,3888,16,5832,1030.08
410,3888,16,8748,1502.32
410,3888,16,13122,2107.2
410,3888,16,16384,2563.64
410,3888,32,512,522.326
410,3888,32,768,588.034
410,3888,32,1152,671.34
410,3888,32,1728,781.932
410,3888,32,2592,977.666
410,3888,32,3888,1260.38
410,3888,32,5832,1802.99
410,3888,32,8748,3074.72
410,3888,32,13122,4857.72
410,3888,32,16384,6813.64
410,3888,64,512,725.528
410,3888,64,768,848.364
410,3888,64,1152,1024.9
410,3888,64,1728,1259.18
410,3888,64,2592,1703.02
410,3888,64,3888,2899.62
410,3888,64,5832,4369.14
410,3888,64,8748,8318.46
410,3888,64,13122,15483.6
410,3888,64,16384,19310.6
410,3888,128,512,1190.06
410,3888,128,768,1491.61
410,3888,128,1152,1934.09
410,3888,128,1728,2521.58
410,3888,128,2592,5161.18
410,3888,128,3888,8563.12
410,3888,128,5832,15660.4
410,3888,128,8748,23533.6
410,3888,128,13122,35196.4
410,3888,128,16384,43961.6
410,5832,0,0,522.964
410,5832,1,512,520.598
410,5832,1,768,520.81
410,5832,1,1152,520.77
410,5832,1,1728,520.086
410,5832,1,2592,521.388
410,5832,1,3888,520.96
410,5832,1,5832,533.676
410,5832,1,8748,639.81
410,5832,1,13122,813.888
410,5832,1,16384,947.158
410,5832,2,512,520.15
410,5832,2,768,521.878
410,5832,2,1152,520.468
410,5832,2,1728,521.152
410,5832,2,2592,521.324
410,5832,2,3888,522.218
410,5832,2,5832,536.896
410,5832,2,8748,647.362
410,5832,2,13122,820.568
410,5832,2,16384,954.348
410,5832,4,512,521.88
410,5832,4,768,521.64
410,5832,4,1152,522.156
410,5832,4,1728,521.75
410,5832,4,2592,524.118
410,5832,4,3888,525.504
410,5832,4,5832,546.754
410,5832,4,8748,768.64
410,5832,4,13122,1068.29
410,5832,4,16384,1202.37
410,5832,8,512,526.87
410,5832,8,768,530.048
410,5832,8,1152,550.528
410,5832,8,1728,595.926
410,5832,8,2592,640.32
410,5832,8,3888,697.304
410,5832,8,5832,792.384
410,5832,8,8748,1034.15
410,5832,8,13122,1395.03
410,5832,8,16384,1682.78
410,5832,16,512,567.958
410,5832,16,768,603.476
410,5832,16,1152,638.38
410,5832,16,1728,687.746
410,5832,16,2592,774.124
410,5832,16,3888,952.216
410,5832,16,5832,1055.15
410,5832,16,8748,1522.5
410,5832,16,13122,2314.78
410,5832,16,16384,2964.24
410,5832,32,512,665.644
410,5832,32,768,716.354
410,5832,32,1152,821.464
410,5832,32,1728,938.688
410,5832,32,2592,1138.67
410,5832,32,3888,1410.78
410,5832,32,5832,1905.56
410,5832,32,8748,2850.98
410,5832,32,13122,5134.2
410,5832,32,16384,7080.1
410,5832,64,512,867.16
410,5832,64,768,1003.95
410,5832,64,1152,1182.11
410,5832,64,1728,1423.64
410,5832,64,2592,1856.07
410,5832,64,3888,2881.84
410,5832,64,5832,4551.6
410,5832,64,8748,7822.32
410,5832,64,13122,14070.2
410,5832,64,16384,19828
410,5832,128,512,1334.55
410,5832,128,768,1628.98
410,5832,128,1152,2070.96
410,5832,128,1728,2739.02
410,5832,128,2592,5415.6
410,5832,128,3888,9470.38
410,5832,128,5832,12781.8
410,5832,128,8748,23561.4
410,5832,128,13122,35268.8
410,5832,128,16384,44043.2
410,8748,0,0,757.23
410,8748,1,512,757.252
410,8748,1,768,756.266
410,8748,1,1152,756.352
410,8748,1,1728,756.352
410,8748,1,2592,756.778
410,8748,1,3888,755.65
410,8748,1,5832,756.182
410,8748,1,8748,785.238
410,8748,1,13122,941.206
410,8748,1,16384,1074.45
410,8748,2,512,754.946
410,8748,2,768,755.61
410,8748,2,1152,756.546
410,8748,2,1728,755.606
410,8748,2,2592,757.228
410,8748,2,3888,757.376
410,8748,2,5832,760.322
410,8748,2,8748,788.1
410,8748,2,13122,952.128
410,8748,2,16384,1086.89
410,8748,4,512,758.186
410,8748,4,768,757.418
410,8748,4,1152,756.312
410,8748,4,1728,758.102
410,8748,4,2592,759.66
410,8748,4,3888,758.786
410,8748,4,5832,762.946
410,8748,4,8748,795.84
410,8748,4,13122,1138.43
410,8748,4,16384,1419.95
410,8748,8,512,761.366
410,8748,8,768,761.496
410,8748,8,1152,763.182
410,8748,8,1728,777.408
410,8748,8,2592,864.768
410,8748,8,3888,926.402
410,8748,8,5832,1016.26
410,8748,8,8748,1167.23
410,8748,8,13122,1534.49
410,8748,8,16384,1831.69
410,8748,16,512,791.404
410,8748,16,768,806.296
410,8748,16,1152,853.568
410,8748,16,1728,914.882
410,8748,16,2592,997.038
410,8748,16,3888,1114.5
410,8748,16,5832,1386.33
410,8748,16,8748,1554.8
410,8748,16,13122,2282.28
410,8748,16,16384,3014.76
410,8748,32,512,877.294
410,8748,32,768,932.758
410,8748,32,1152,1006.12
410,8748,32,1728,1153.75
410,8748,32,2592,1376.41
410,8748,32,3888,1648.05
410,8748,32,5832,2116.3
410,8748,32,8748,2828.26
410,8748,32,13122,4799.12
410,8748,32,16384,6424.98
410,8748,64,512,1079.53
410,8748,64,768,1209.88
410,8748,64,1152,1412.42
410,8748,64,1728,1656.09
410,8748,64,2592,2109
410,8748,64,3888,3237.6
410,8748,64,5832,4738
410,8748,64,8748,6774.92
410,8748,64,13122,15903.6
410,8748,64,16384,19355.6
410,8748,128,512,1555.68
410,8748,128,768,1848.75
410,8748,128,1152,2282.44
410,8748,128,1728,2915.66
410,8748,128,2592,5842.82
410,8748,128,3888,8577.16
410,8748,128,5832,15669.5
410,8748,128,8748,19359
410,8748,128,13122,35329.2
410,8748,128,16384,44030.6
410,13122,0,0,1120.85
410,13122,1,512,1115.14
410,13122,1,768,1116.63
410,13122,1,1152,1116.57
410,13122,1,1728,1116.52
410,13122,1,2592,1120.53
410,13122,1,3888,1118.59
410,13122,1,5832,1116.89
410,13122,1,8748,1119.85
410,13122,1,13122,1154.6
410,13122,1,16384,1275.52
410,13122,2,512,1117.99
410,13122,2,768,1118.04
410,13122,2,1152,1116.75
410,13122,2,1728,1120
410,13122,2,2592,1118.72
410,13122,2,3888,1119.09
410,13122,2,5832,1120.45
410,13122,2,8748,1120.6
410,13122,2,13122,1164.87
410,13122,2,16384,1293.89
410,13122,4,512,1116.37
410,13122,4,768,1118.23
410,13122,4,1152,1118.1
410,13122,4,1728,1118
410,13122,4,2592,1116.42
410,13122,4,3888,1118.36
410,13122,4,5832,1120.23
410,13122,4,8748,1125.19
410,13122,4,13122,1182.12
410,13122,4,16384,1434.2
410,13122,8,512,1119.62
410,13122,8,768,1119.68
410,13122,8,1152,1119.45
410,13122,8,1728,1122.18
410,13122,8,2592,1150.98
410,13122,8,3888,1266.54
410,13122,8,5832,1369.09
410,13122,8,8748,1509.23
410,13122,8,13122,1742.87
410,13122,8,16384,2018.82
410,13122,16,512,1149.63
410,13122,16,768,1161.9
410,13122,16,1152,1195.44
410,13122,16,1728,1218.82
410,13122,16,2592,1346.31
410,13122,16,3888,1466.48
410,13122,16,5832,1642.76
410,13122,16,8748,2053.98
410,13122,16,13122,2307.42
410,13122,16,16384,2813.28
410,13122,32,512,1219.74
410,13122,32,768,1280.53
410,13122,32,1152,1354.6
410,13122,32,1728,1472.17
410,13122,32,2592,1707.93
410,13122,32,3888,1995.33
410,13122,32,5832,2504.34
410,13122,32,8748,3528.4
410,13122,32,13122,4184.52
410,13122,32,16384,5388.06
410,13122,64,512,1411.63
410,13122,64,768,1531.25
410,13122,64,1152,1735.24
410,13122,64,1728,1992.71
410,13122,64,2592,2460.58
410,13122,64,3888,3602.58
410,13122,64,5832,5008.12
410,13122,64,8748,8330.36
410,13122,64,13122,10184.9
410,13122,64,16384,17026.3
410,13122,128,512,1874.8
410,13122,128,768,2182.08
410,13122,128,1152,2641.86
410,13122,128,1728,3232.88
410,13122,128,2592,6483.2
410,13122,128,3888,9580.34
410,13122,128,5832,14621.5
410,13122,128,8748,23520.6
410,13122,128,13122,34356.8
410,13122,128,16384,44133.2
410,16384,0,0,1389.12
410,16384,1,512,1384.92
410,16384,1,768,1386.75
410,16384,1,1152,1386.41
410,16384,1,1728,1387.24
410,16384,1,2592,1384.17
410,16384,1,3888,1385.66
410,16384,1,5832,1387.12
410,16384,1,8748,1389.36
410,16384,1,13122,1391.32
410,16384,1,16384,1432.13
410,16384,2,512,1386.67
410,16384,2,768,1387.01
410,16384,2,1152,1387.84
410,16384,2,1728,1387.59
410,16384,2,2592,1387.33
410,16384,2,3888,1385.56
410,16384,2,5832,1388.95
410,16384,2,8748,1391.92
410,16384,2,13122,1394.65
410,16384,2,16384,1453.68
410,16384,4,512,1385.41
410,16384,4,768,1385.81
410,16384,4,1152,1386.86
410,16384,4,1728,1386.99
410,16384,4,2592,1387.48
410,16384,4,3888,1386.97
410,16384,4,5832,1385.37
410,16384,4,8748,1394.28
410,16384,4,13122,1402.54
410,16384,4,16384,1470.87
410,16384,8,512,1385.88
410,16384,8,768,1385.71
410,16384,8,1152,1386.5
410,16384,8,1728,1388.38
410,16384,8,2592,1394.2
410,16384,8,3888,1532.12
410,16384,8,5832,1633.84
410,16384,8,8748,1777.26
410,16384,8,13122,1966.13
410,16384,8,16384,2155.72
410,16384,16,512,1419.39
410,16384,16,768,1430
410,16384,16,1152,1450.29
410,16384,16,1728,1494.23
410,16384,16,2592,1605.61
410,16384,16,3888,1728.98
410,16384,16,5832,1912.64
410,16384,16,8748,2211.34
410,16384,16,13122,2631.38
410,16384,16,16384,2866.8
410,16384,32,512,1464.96
410,16384,32,768,1520.19
410,16384,32,1152,1588.55
410,16384,32,1728,1692.46
410,16384,32,2592,1905.52
410,16384,32,3888,2270.64
410,16384,32,5832,2767.38
410,16384,32,8748,3537.48
410,16384,32,13122,4548.86
410,16384,32,16384,5214.36
410,16384,64,512,1637.25
410,16384,64,768,1765.46
410,16384,64,1152,1968.2
410,16384,64,1728,2232.04
410,16384,64,2592,2707.2
410,16384,64,3888,3883.16
410,16384,64,5832,5511.4
410,16384,64,8748,7859.78
410,16384,64,13122,12280.7
410,16384,64,16384,13352.7
410,16384,128,512,2103.02
410,16384,128,768,2411.5
410,16384,128,1152,2868.8
410,16384,128,1728,3521.22
410,16384,128,2592,6918.9
410,16384,128,3888,10534.1
410,16384,128,5832,15511.2
410,16384,128,8748,22273.6
410,16384,128,13122,35281.8
410,16384,128,16384,43654.2
512,0,0,0,49.8346
512,0,1,16,51.6266
512,0,1,32,51.904
512,0,1,64,51.4554
512,0,1,128,51.5846
512,0,1,256,54.3146
512,0,1,512,60.0954
512,0,1,1024,80.426
512,0,1,2048,121.749
512,0,1,4096,204.286
512,0,1,8192,372.054
512,0,1,16384,730.154
512,0,2,16,55.254
512,0,2,32,55.468
512,0,2,64,55.7
512,0,2,128,56.278
512,0,2,256,56.8746
512,0,2,512,64.832
512,0,2,1024,86.8906
512,0,2,2048,128.447
512,0,2,4096,211.926
512,0,2,8192,376.662
512,0,2,16384,732.31
512,0,4,16,58.9006
512,0,4,32,59.136
512,0,4,64,59.4354
512,0,4,128,61.9526
512,0,4,256,64.2566
512,0,4,512,73.302
512,0,4,1024,107.904
512,0,4,2048,150.849
512,0,4,4096,234.88
512,0,4,8192,402.924
512,0,4,16384,740.694
512,0,8,16,68.9706
512,0,8,32,68.8634
512,0,8,64,69.2286
512,0,8,128,76.0306
512,0,8,256,81.8994
512,0,8,512,100.501
512,0,8,1024,142.081
512,0,8,2048,224.898
512,0,8,4096,396.46
512,0,8,8192,748.716
512,0,8,16384,1476.31
512,0,16,16,87.574
512,0,16,32,88.17
512,0,16,64,87.8086
512,0,16,128,100.821
512,0,16,256,114.689
512,0,16,512,146.305
512,0,16,1024,221.932
512,0,16,2048,351.104
512,0,16,4096,609.9
512,0,16,8192,1139.88
512,0,16,16384,2208.2
512,0,32,16,122.815
512,0,32,32,122.731
512,0,32,64,124.225
512,0,32,128,149.633
512,0,32,256,178.859
512,0,32,512,242.218
512,0,32,1024,368.62
512,0,32,2048,628.974
512,0,32,4096,1163.87
512,0,32,8192,2396.34
512,0,32,16384,4676.6
512,0,64,16,192.042
512,0,64,32,193.281
512,0,64,64,195.371
512,0,64,128,246.806
512,0,64,256,309.61
512,0,64,512,441.452
512,0,64,1024,697.154
512,0,64,2048,1205.34
512,0,64,4096,2930.24
512,0,64,8192,5864.12
512,0,64,16384,11767.9
512,0,128,16,330.838
512,0,128,32,332.76
512,0,128,64,337.474
512,0,128,128,447.682
512,0,128,256,600.834
512,0,128,512,900.376
512,0,128,1024,1470.15
512,0,128,2048,3168.18
512,0,128,4096,8642.64
512,0,128,8192,17270.7
512,0,128,16384,42012.8
512,16,0,0,54.5274
512,16,1,16,58.9434
512,16,1,32,58.858
512,16,1,64,59.178
512,16,1,128,59.5414
512,16,1,256,59.4354
512,16,1,512,61.1206
512,16,1,1024,81.7906
512,16,1,2048,123.606
512,16,1,4096,204.908
512,16,1,8192,372.802
512,16,1,16384,727.722
512,16,2,16,61.2914
512,16,2,32,61.6746
512,16,2,64,61.568
512,16,2,128,62.7414
512,16,2,256,63.2314
512,16,2,512,67.2434
512,16,2,1024,89.324
512,16,2,2048,131.285
512,16,2,4096,213.994
512,16,2,8192,379.754
512,16,2,16384,731.84
512,16,4,16,65.9846
512,16,4,32,65.1726
512,16,4,64,65.644
512,16,4,128,68.5226
512,16,4,256,71.1474
512,16,4,512,75.8186
512,16,4,1024,113.152
512,16,4,2048,156.095
512,16,4,4096,240.492
512,16,4,8192,410.048
512,16,4,16384,746.73
512,16,8,16,75.3706
512,16,8,32,74.7526
512,16,8,64,76.16
512,16,8,128,82.538
512,16,8,256,88.1706
512,16,8,512,103.253
512,16,8,1024,145.664
512,16,8,2048,228.096
512,16,8,4096,400.17
512,16,8,8192,746.84
512,16,8,16384,1473.47
512,16,16,16,94.058
512,16,16,32,94.742
512,16,16,64,94.7194
512,16,16,128,107.861
512,16,16,256,121.878
512,16,16,512,150.4
512,16,16,1024,224.278
512,16,16,2048,356.162
512,16,16,4096,614.784
512,16,16,8192,1144.17
512,16,16,16384,2210.38
512,16,32,16,129.495
512,16,32,32,130.304
512,16,32,64,132.075
512,16,32,128,157.441
512,16,32,256,185.813
512,16,32,512,244.886
512,16,32,1024,373.398
512,16,32,2048,633.218
512,16,32,4096,1165.57
512,16,32,8192,2405.7
512,16,32,16384,4653.86
512,16,64,16,200.618
512,16,64,32,200.834
512,16,64,64,202.454
512,16,64,128,255.04
512,16,64,256,316.63
512,16,64,512,444.972
512,16,64,1024,701.058
512,16,64,2048,1208.6
512,16,64,4096,2941
512,16,64,8192,5860.92
512,16,64,16384,11715.6
512,16,128,16,338.134
512,16,128,32,340.288
512,16,128,64,345.43
512,16,128,128,452.736
512,16,128,256,603.436
512,16,128,512,903.108
512,16,128,1024,1472.03
512,16,128,2048,3167.82
512,16,128,4096,8648.04
512,16,128,8192,17321.7
512,16,128,16384,43374
512,32,0,0,55.4026
512,32,1,16,58.816
512,32,1,32,58.902
512,32,1,64,59.2
512,32,1,128,59.99
512,32,1,256,59.712
512,32,1,512,61.1
512,32,1,1024,81.834
512,32,1,2048,123.177
512,32,1,4096,205.078
512,32,1,8192,372.672
512,32,1,16384,730.968
512,32,2,16,61.12
512,32,2,32,61.8666
512,32,2,64,61.312
512,32,2,128,62.9554
512,32,2,256,63.6374
512,32,2,512,68.182
512,32,2,1024,89.2794
512,32,2,2048,131.454
512,32,2,4096,215.338
512,32,2,8192,380.054
512,32,2,16384,731.8
512,32,4,16,65.6206
512,32,4,32,65.324
512,32,4,64,65.9634
512,32,4,128,69.0766
512,32,4,256,71.1686
512,32,4,512,75.35
512,32,4,1024,112.896
512,32,4,2048,156.757
512,32,4,4096,240.66
512,32,4,8192,409.556
512,32,4,16384,743.702
512,32,8,16,75.0506
512,32,8,32,75.542
512,32,8,64,76.63
512,32,8,128,83.1786
512,32,8,256,88.4054
512,32,8,512,103.168
512,32,8,1024,145.536
512,32,8,2048,228.63
512,32,8,4096,399.446
512,32,8,8192,747.35
512,32,8,16384,1479.75
512,32,16,16,94.4654
512,32,16,32,94.6986
512,32,16,64,95.2746
512,32,16,128,108.033
512,32,16,256,122.027
512,32,16,512,150.465
512,32,16,1024,223.53
512,32,16,2048,355.904
512,32,16,4096,614.358
512,32,16,8192,1140.12
512,32,16,16384,2208.24
512,32,32,16,129.11
512,32,32,32,130.177
512,32,32,64,131.84
512,32,32,128,157.228
512,32,32,256,186.07
512,32,32,512,244.352
512,32,32,1024,373.804
512,32,32,2048,631.552
512,32,32,4096,1165.46
512,32,32,8192,2397.5
512,32,32,16384,4672.22
512,32,64,16,199.489
512,32,64,32,200.086
512,32,64,64,203.072
512,32,64,128,254.656
512,32,64,256,315.33
512,32,64,512,444.502
512,32,64,1024,701.506
512,32,64,2048,1208.11
512,32,64,4096,2938.78
512,32,64,8192,5861.74
512,32,64,16384,11726.9
512,32,128,16,338.498
512,32,128,32,339.884
512,32,128,64,345.132
512,32,128,128,453.314
512,32,128,256,603.224
512,32,128,512,904.366
512,32,128,1024,1472.32
512,32,128,2048,3160.48
512,32,128,4096,8647.24
512,32,128,8192,17285.8
512,32,128,16384,43130.4
512,64,0,0,55.0606
512,64,1,16,60.0534
512,64,1,32,59.6906
512,64,1,64,59.456
512,64,1,128,59.798
512,64,1,256,59.9246
512,64,1,512,60.9494
512,64,1,1024,82.1546
512,64,1,2048,123.051
512,64,1,4096,205.098
512,64,1,8192,371.712
512,64,1,16384,729.772
512,64,2,16,61.8446
512,64,2,32,61.802
512,64,2,64,61.2266
512,64,2,128,62.6554
512,64,2,256,63.3174
512,64,2,512,67.564
512,64,2,1024,89.344
512,64,2,2048,131.563
512,64,2,4096,213.76
512,64,2,8192,382.23
512,64,2,16384,730.99
512,64,4,16,65.62
512,64,4,32,66.0486
512,64,4,64,65.8354
512,64,4,128,68.9926
512,64,4,256,72.0434
512,64,4,512,76.0534
512,64,4,1024,112.406
512,64,4,2048,156.118
512,64,4,4096,241.728
512,64,4,8192,409.196
512,64,4,16384,743.852
512,64,8,16,75.6914
512,64,8,32,75.9886
512,64,8,64,76.3526
512,64,8,128,82.9666
512,64,8,256,89.216
512,64,8,512,103.595
512,64,8,1024,145.92
512,64,8,2048,228.522
512,64,8,4096,399.53
512,64,8,8192,747.584
512,64,8,16384,1475.5
512,64,16,16,94.2294
512,64,16,32,94.55
512,64,16,64,95.338
512,64,16,128,108.289
512,64,16,256,121.919
512,64,16,512,150.869
512,64,16,1024,223.786
512,64,16,2048,356.138
512,64,16,4096,613.676
512,64,16,8192,1142.89
512,64,16,16384,2213.76
512,64,32,16,130.454
512,64,32,32,129.621
512,64,32,64,132.289
512,64,32,128,157.697
512,64,32,256,186.368
512,64,32,512,244.694
512,64,32,1024,373.44
512,64,32,2048,632.664
512,64,32,4096,1164.44
512,64,32,8192,2396.3
512,64,32,16384,4695.36
512,64,64,16,199.595
512,64,64,32,201.11
512,64,64,64,202.54
512,64,64,128,254.742
512,64,64,256,315.222
512,64,64,512,444.908
512,64,64,1024,700.888
512,64,64,2048,1207.71
512,64,64,4096,2935.58
512,64,64,8192,5863.82
512,64,64,16384,11761.6
512,64,128,16,339.032
512,64,128,32,341.656
512,64,128,64,345.216
512,64,128,128,452.994
512,64,128,256,603.394
512,64,128,512,903
512,64,128,1024,1471.77
512,64,128,2048,3151.06
512,64,128,4096,8647.84
512,64,128,8192,17278.8
512,64,128,16384,43371.4
512,128,0,0,60.0114
512,128,1,16,61.6106
512,128,1,32,61.696
512,128,1,64,62.2506
512,128,1,128,62.5074
512,128,1,256,63.084
512,128,1,512,65.7074
512,128,1,1024,86.9774
512,128,1,2048,127.382
512,128,1,4096,210.348
512,128,1,8192,375.36
512,128,1,16384,731.948
512,128,2,16,65.196
512,128,2,32,65.11
512,128,2,64,65.898
512,128,2,128,66.1774
512,128,2,256,66.6026
512,128,2,512,70.528
512,128,2,1024,93.1834
512,128,2,2048,135.169
512,128,2,4096,219.434
512,128,2,8192,383.616
512,128,2,16384,731.372
512,128,4,16,69.5674
512,128,4,32,69.5254
512,128,4,64,69.7174
512,128,4,128,72.5546
512,128,4,256,76.5654
512,128,4,512,80.3626
512,128,4,1024,114.881
512,128,4,2048,162.645
512,128,4,4096,247.318
512,128,4,8192,413.546
512,128,4,16384,750.656
512,128,8,16,80.598
512,128,8,32,79.318
512,128,8,64,79.338
512,128,8,128,87.4246
512,128,8,256,93.5686
512,128,8,512,106.175
512,128,8,1024,149.505
512,128,8,2048,231.892
512,128,8,4096,401.536
512,128,8,8192,746.944
512,128,8,16384,1473.58
512,128,16,16,98.4534
512,128,16,32,98.2194
512,128,16,64,99.3714
512,128,16,128,112.683
512,128,16,256,126.442
512,128,16,512,154.645
512,128,16,1024,226.412
512,128,16,2048,361.11
512,128,16,4096,619.926
512,128,16,8192,1146.56
512,128,16,16384,2212.66
512,128,32,16,134.571
512,128,32,32,134.358
512,128,32,64,135.66
512,128,32,128,161.813
512,128,32,256,190.444
512,128,32,512,248.64
512,128,32,1024,376.79
512,128,32,2048,635.308
512,128,32,4096,1167.09
512,128,32,8192,2397.18
512,128,32,16384,4691.34
512,128,64,16,203.628
512,128,64,32,204.268
512,128,64,64,207.146
512,128,64,128,259.628
512,128,64,256,320.406
512,128,64,512,449.686
512,128,64,1024,704.514
512,128,64,2048,1217.33
512,128,64,4096,2932.9
512,128,64,8192,5869.04
512,128,64,16384,11674.3
512,128,128,16,345.836
512,128,128,32,344.684
512,128,128,64,350.272
512,128,128,128,458.154
512,128,128,256,608.13
512,128,128,512,906.264
512,128,128,1024,1475.29
512,128,128,2048,3161.2
512,128,128,4096,8655.46
512,128,128,8192,17368.2
512,128,128,16384,42964.4
512,256,0,0,70.5714
512,256,1,16,71.552
512,256,1,32,71.9566
512,256,1,64,72.02
512,256,1,128,73.0026
512,256,1,256,72.6614
512,256,1,512,75.4126
512,256,1,1024,92.2454
512,256,1,2048,134.208
512,256,1,4096,217.238
512,256,1,8192,380.758
512,256,1,16384,730.368
512,256,2,16,76.0526
512,256,2,32,76.01
512,256,2,64,75.6906
512,256,2,128,76.9074
512,256,2,256,77.42
512,256,2,512,78.57
512,256,2,1024,99.158
512,256,2,2048,141.781
512,256,2,4096,224.406
512,256,2,8192,390.486
512,256,2,16384,730.84
512,256,4,16,79.9366
512,256,4,32,79.9346
512,256,4,64,80.3626
512,256,4,128,82.516
512,256,4,256,87.8286
512,256,4,512,91.7974
512,256,4,1024,117.546
512,256,4,2048,174.593
512,256,4,4096,257.344
512,256,4,8192,427.928
512,256,4,16384,762.946
512,256,8,16,90.944
512,256,8,32,90.0486
512,256,8,64,90.4114
512,256,8,128,97.8566
512,256,8,256,104.298
512,256,8,512,115.542
512,256,8,1024,157.739
512,256,8,2048,238.188
512,256,8,4096,409.132
512,256,8,8192,751.17
512,256,8,16384,1475.08
512,256,16,16,109.312
512,256,16,32,110.081
512,256,16,64,109.761
512,256,16,128,123.691
512,256,16,256,137.772
512,256,16,512,163.691
512,256,16,1024,232.064
512,256,16,2048,372.44
512,256,16,4096,630.702
512,256,16,8192,1152.41
512,256,16,16384,2209.86
512,256,32,16,144.235
512,256,32,32,145.941
512,256,32,64,146.497
512,256,32,128,174.123
512,256,32,256,201.964
512,256,32,512,255.212
512,256,32,1024,384.13
512,256,32,2048,641.22
512,256,32,4096,1171.8
512,256,32,8192,2412.48
512,256,32,16384,4668.7
512,256,64,16,215.17
512,256,64,32,216.214
512,256,64,64,218.39
512,256,64,128,271.02
512,256,64,256,331.648
512,256,64,512,455.512
512,256,64,1024,711.3
512,256,64,2048,1221.06
512,256,64,4096,2933.62
512,256,64,8192,5867.12
512,256,64,16384,11732
512,256,128,16,355.116
512,256,128,32,356.566
512,256,128,64,361.538
512,256,128,128,470.616
512,256,128,256,619.18
512,256,128,512,914.754
512,256,128,1024,1477.81
512,256,128,2048,3140.14
512,256,128,4096,8645.28
512,256,128,8192,17379.9
512,256,128,16384,43347.2
512,512,0,0,91.5626
512,512,1,16,93.44
512,512,1,32,94.2066
512,512,1,64,93.8666
512,512,1,128,94.1666
512,512,1,256,95.5726
512,512,1,512,94.23
512,512,1,1024,103.297
512,512,1,2048,145.899
512,512,1,4096,227.564
512,512,1,8192,392.706
512,512,1,16384,732.972
512,512,2,16,97.3014
512,512,2,32,97.6426
512,512,2,64,97.6854
512,512,2,128,98.73
512,512,2,256,98.794
512,512,2,512,99.0306
512,512,2,1024,110.807
512,512,2,2048,153.261
512,512,2,4096,237.482
512,512,2,8192,403.884
512,512,2,16384,737.024
512,512,4,16,101.141
512,512,4,32,101.077
512,512,4,64,101.121
512,512,4,128,104.49
512,512,4,256,105.643
512,512,4,512,117.953
512,512,4,1024,133.611
512,512,4,2048,195.159
512,512,4,4096,280.876
512,512,4,8192,445.846
512,512,4,16384,781.164
512,512,8,16,109.846
512,512,8,32,110.38
512,512,8,64,109.973
512,512,8,128,118.955
512,512,8,256,126.422
512,512,8,512,137.344
512,512,8,1024,168.661
512,512,8,2048,251.392
512,512,8,4096,420.866
512,512,8,8192,764.46
512,512,8,16384,1474.84
512,512,16,16,129.792
512,512,16,32,130.476
512,512,16,64,131.478
512,512,16,128,144.512
512,512,16,256,159.147
512,512,16,512,187.862
512,512,16,1024,247.786
512,512,16,2048,392.426
512,512,16,4096,651.114
512,512,16,8192,1171.12
512,512,16,16384,2221.82
512,512,32,16,167.04
512,512,32,32,168.085
512,512,32,64,167.828
512,512,32,128,196.032
512,512,32,256,224.17
512,512,32,512,278.722
512,512,32,1024,395.286
512,512,32,2048,654.424
512,512,32,4096,1181.19
512,512,32,8192,2416.42
512,512,32,16384,4693.58
512,512,64,16,236.672
512,512,64,32,238.294
512,512,64,64,241.216
512,512,64,128,294.336
512,512,64,256,356.032
512,512,64,512,473.856
512,512,64,1024,726.168
512,512,64,2048,1235.1
512,512,64,4096,2941.7
512,512,64,8192,5870.96
512,512,64,16384,11792.4
512,512,128,16,378.538
512,512,128,32,379.734
512,512,128,64,384.044
512,512,128,128,494.186
512,512,128,256,643.992
512,512,128,512,933.658
512,512,128,1024,1488.77
512,512,128,2048,3096.78
512,512,128,4096,8665.48
512,512,128,8192,17358
512,512,128,16384,43264.4
512,1024,0,0,134.037
512,1024,1,16,136.641
512,1024,1,32,137.003
512,1024,1,64,137.323
512,1024,1,128,137.621
512,1024,1,256,137.003
512,1024,1,512,137.601
512,1024,1,1024,137.344
512,1024,1,2048,168.235
512,1024,1,4096,250.302
512,1024,1,8192,414.912
512,1024,1,16384,747.138
512,1024,2,16,139.691
512,1024,2,32,140.459
512,1024,2,64,139.883
512,1024,2,128,140.245
512,1024,2,256,141.035
512,1024,2,512,141.034
512,1024,2,1024,141.675
512,1024,2,2048,175.659
512,1024,2,4096,259.948
512,1024,2,8192,425.58
512,1024,2,16384,758.912
512,1024,4,16,143.061
512,1024,4,32,143.659
512,1024,4,64,143.232
512,1024,4,128,145.707
512,1024,4,256,147.072
512,1024,4,512,149.289
512,1024,4,1024,183.445
512,1024,4,2048,218.688
512,1024,4,4096,320.598
512,1024,4,8192,489.558
512,1024,4,16384,819.862
512,1024,8,16,152.022
512,1024,8,32,151.873
512,1024,8,64,152.129
512,1024,8,128,157.951
512,1024,8,256,164.138
512,1024,8,512,178.582
512,1024,8,1024,201.11
512,1024,8,2048,282.09
512,1024,8,4096,445.228
512,1024,8,8192,783.936
512,1024,8,16384,1473.07
512,1024,16,16,169.153
512,1024,16,32,168.809
512,1024,16,64,169.729
512,1024,16,128,185.259
512,1024,16,256,201.772
512,1024,16,512,231.274
512,1024,16,1024,288.15
512,1024,16,2048,410.626
512,1024,16,4096,694.208
512,1024,16,8192,1212.74
512,1024,16,16384,2253.44
512,1024,32,16,208
512,1024,32,32,210.474
512,1024,32,64,209.942
512,1024,32,128,238.634
512,1024,32,256,269.612
512,1024,32,512,324.138
512,1024,32,1024,426.902
512,1024,32,2048,684.312
512,1024,32,4096,1202.48
512,1024,32,8192,2419.68
512,1024,32,16384,4731.36
512,1024,64,16,281.026
512,1024,64,32,282.154
512,1024,64,64,284.226
512,1024,64,128,339.734
512,1024,64,256,400.6
512,1024,64,512,518.85
512,1024,64,1024,758.274
512,1024,64,2048,1262.55
512,1024,64,4096,2939.8
512,1024,64,8192,5875.02
512,1024,64,16384,11918.7
512,1024,128,16,422.594
512,1024,128,32,428.696
512,1024,128,64,430.06
512,1024,128,128,539.094
512,1024,128,256,688.236
512,1024,128,512,989.934
512,1024,128,1024,1521.22
512,1024,128,2048,3160.1
512,1024,128,4096,8695.44
512,1024,128,8192,17467.7
512,1024,128,16384,43430.6
512,2048,0,0,216.916
512,2048,1,16,218.242
512,2048,1,32,218.796
512,2048,1,64,218.666
512,2048,1,128,218.9
512,2048,1,256,218.818
512,2048,1,512,218.432
512,2048,1,1024,218.902
512,2048,1,2048,223.04
512,2048,1,4096,293.932
512,2048,1,8192,459.798
512,2048,1,16384,789.93
512,2048,2,16,221.696
512,2048,2,32,222.166
512,2048,2,64,222.572
512,2048,2,128,222.592
512,2048,2,256,222.314
512,2048,2,512,222.164
512,2048,2,1024,228.394
512,2048,2,2048,226.454
512,2048,2,4096,303.124
512,2048,2,8192,469.376
512,2048,2,16384,800.856
512,2048,4,16,225.45
512,2048,4,32,225.728
512,2048,4,64,225.792
512,2048,4,128,227.692
512,2048,4,256,228.012
512,2048,4,512,228.546
512,2048,4,1024,233.282
512,2048,4,2048,308.862
512,2048,4,4096,384.064
512,2048,4,8192,569.004
512,2048,4,16384,901.762
512,2048,8,16,233.28
512,2048,8,32,233.046
512,2048,8,64,233.984
512,2048,8,128,237.91
512,2048,8,256,244.994
512,2048,8,512,257.432
512,2048,8,1024,288.834
512,2048,8,2048,328.278
512,2048,8,4096,494.466
512,2048,8,8192,833.924
512,2048,8,16384,1497.37
512,2048,16,16,248.512
512,2048,16,32,249.964
512,2048,16,64,249.836
512,2048,16,128,263.466
512,2048,16,256,279.426
512,2048,16,512,314.54
512,2048,16,1024,377.408
512,2048,16,2048,492.802
512,2048,16,4096,753.858
512,2048,16,8192,1293.63
512,2048,16,16384,2330.26
512,2048,32,16,283.778
512,2048,32,32,284.354
512,2048,32,64,286.506
512,2048,32,128,318.762
512,2048,32,256,350.21
512,2048,32,512,407.85
512,2048,32,1024,514.9
512,2048,32,2048,726.998
512,2048,32,4096,1252.61
512,2048,32,8192,2441.1
512,2048,32,16384,4877.46
512,2048,64,16,364.908
512,2048,64,32,364.674
512,2048,64,64,369.282
512,2048,64,128,425.346
512,2048,64,256,487.958
512,2048,64,512,606.102
512,2048,64,1024,847.064
512,2048,64,2048,1330.2
512,2048,64,4096,2915.08
512,2048,64,8192,6492.4
512,2048,64,16384,13035.3
512,2048,128,16,511.276
512,2048,128,32,511.81
512,2048,128,64,516.14
512,2048,128,128,628.418
512,2048,128,256,770.884
512,2048,128,512,1079.94
512,2048,128,1024,1655.52
512,2048,128,2048,3131.32
512,2048,128,4096,10731.5
512,2048,128,8192,21502.8
512,2048,128,16384,43606.2
512,4096,0,0,384.448
512,4096,1,16,382.358
512,4096,1,32,382.806
512,4096,1,64,382.678
512,4096,1,128,382.678
512,4096,1,256,382.722
512,4096,1,512,382.998
512,4096,1,1024,382.87
512,4096,1,2048,383.508
512,4096,1,4096,393.324
512,4096,1,8192,546.562
512,4096,1,16384,877.784
512,4096,2,16,385.238
512,4096,2,32,384.746
512,4096,2,64,385.174
512,4096,2,128,385.302
512,4096,2,256,385.6
512,4096,2,512,386.262
512,4096,2,1024,386.132
512,4096,2,2048,393.174
512,4096,2,4096,396.652
512,4096,2,8192,554.754
512,4096,2,16384,890.05
512,4096,4,16,388.864
512,4096,4,32,389.718
512,4096,4,64,389.29
512,4096,4,128,390.592
512,4096,4,256,390.954
512,4096,4,512,391.148
512,4096,4,1024,391.766
512,4096,4,2048,402.666
512,4096,4,4096,558.166
512,4096,4,8192,724.416
512,4096,4,16384,1064.53
512,4096,8,16,396.18
512,4096,8,32,396.416
512,4096,8,64,396.524
512,4096,8,128,401.194
512,4096,8,256,405.952
512,4096,8,512,419.456
512,4096,8,1024,441.388
512,4096,8,2048,497.366
512,4096,8,4096,585.026
512,4096,8,8192,922.456
512,4096,8,16384,1606.7
512,4096,16,16,410.602
512,4096,16,32,411.052
512,4096,16,64,410.688
512,4096,16,128,422.4
512,4096,16,256,436.568
512,4096,16,512,462.636
512,4096,16,1024,531.522
512,4096,16,2048,666.07
512,4096,16,4096,914.584
512,4096,16,8192,1439.43
512,4096,16,16384,2642.4
512,4096,32,16,442.688
512,4096,32,32,442.52
512,4096,32,64,442.752
512,4096,32,128,471.83
512,4096,32,256,503.362
512,4096,32,512,566.808
512,4096,32,1024,687.32
512,4096,32,2048,896.002
512,4096,32,4096,1326.87
512,4096,32,8192,2844
512,4096,32,16384,7047.74
512,4096,64,16,518.872
512,4096,64,32,519.682
512,4096,64,64,519.66
512,4096,64,128,587.862
512,4096,64,256,650.714
512,4096,64,512,776.812
512,4096,64,1024,1022.89
512,4096,64,2048,1495.92
512,4096,64,4096,3212.84
512,4096,64,8192,8404.84
512,4096,64,16384,20313.8
512,4096,128,16,679.534
512,4096,128,32,678.722
512,4096,128,64,684.376
512,4096,128,128,800.068
512,4096,128,256,945.048
512,4096,128,512,1245.04
512,4096,128,1024,1833.05
512,4096,128,2048,3040.68
512,4096,128,4096,9201.36
512,4096,128,8192,22098.6
512,4096,128,16384,44019
512,8192,0,0,717.716
512,8192,1,16,716.312
512,8192,1,32,716.226
512,8192,1,64,716.672
512,8192,1,128,715.778
512,8192,1,256,715.564
512,8192,1,512,716.116
512,8192,1,1024,717.056
512,8192,1,2048,716.394
512,8192,1,4096,716.524
512,8192,1,8192,743.446
512,8192,1,16384,1056.13
512,8192,2,16,716.268
512,8192,2,32,716.184
512,8192,2,64,717.1
512,8192,2,128,717.888
512,8192,2,256,717.676
512,8192,2,512,717.528
512,8192,2,1024,718.53
512,8192,2,2048,715.84
512,8192,2,4096,731.886
512,8192,2,8192,747.246
512,8192,2,16384,1064.39
512,8192,4,16,717.208
512,8192,4,32,716.63
512,8192,4,64,718.166
512,8192,4,128,718.338
512,8192,4,256,718.828
512,8192,4,512,718.702
512,8192,4,1024,718.974
512,8192,4,2048,724.738
512,8192,4,4096,743.596
512,8192,4,8192,1059.37
512,8192,4,16384,1399.32
512,8192,8,16,724.14
512,8192,8,32,724.46
512,8192,8,64,724.206
512,8192,8,128,729.898
512,8192,8,256,734.934
512,8192,8,512,747.798
512,8192,8,1024,775.746
512,8192,8,2048,814.424
512,8192,8,4096,924.142
512,8192,8,8192,1102.34
512,8192,8,16384,1800.34
512,8192,16,16,736.236
512,8192,16,32,736.448
512,8192,16,64,738.668
512,8192,16,128,748.758
512,8192,16,256,760.278
512,8192,16,512,783.446
512,8192,16,1024,829.674
512,8192,16,2048,952.45
512,8192,16,4096,1246.89
512,8192,16,8192,1793.96
512,8192,16,16384,2908.62
512,8192,32,16,769.6
512,8192,32,32,765.804
512,8192,32,64,771.948
512,8192,32,128,792.278
512,8192,32,256,821.036
512,8192,32,512,885.08
512,8192,32,1024,1005.38
512,8192,32,2048,1252.01
512,8192,32,4096,1663.87
512,8192,32,8192,2650.86
512,8192,32,16384,6609.48
512,8192,64,16,834.818
512,8192,64,32,837.228
512,8192,64,64,841.09
512,8192,64,128,896.94
512,8192,64,256,963.076
512,8192,64,512,1104.11
512,8192,64,1024,1361.6
512,8192,64,2048,1845.34
512,8192,64,4096,3414.32
512,8192,64,8192,6486.3
512,8192,64,16384,20067.8
512,8192,128,16,992.858
512,8192,128,32,997.528
512,8192,128,64,999.342
512,8192,128,128,1129.33
512,8192,128,256,1273.82
512,8192,128,512,1577.09
512,8192,128,1024,2156.38
512,8192,128,2048,3612.56
512,8192,128,4096,9576.14
512,8192,128,8192,18766
512,8192,128,16384,44238.4
512,16384,0,0,1399.9
512,16384,1,16,1393.18
512,16384,1,32,1393.32
512,16384,1,64,1393.81
512,16384,1,128,1395.33
512,16384,1,256,1390.75
512,16384,1,512,1390.38
512,16384,1,1024,1392.49
512,16384,1,2048,1392.95
512,16384,1,4096,1391.02
512,16384,1,8192,1401.65
512,16384,1,16384,1432.61
512,16384,2,16,1392.05
512,16384,2,32,1393.31
512,16384,2,64,1392.84
512,16384,2,128,1392.41
512,16384,2,256,1387.91
512,16384,2,512,1388.31
512,16384,2,1024,1393.18
512,16384,2,2048,1388.98
512,16384,2,4096,1387.27
512,16384,2,8192,1420.29
512,16384,2,16384,1453.43
512,16384,4,16,1392.9
512,16384,4,32,1394.1
512,16384,4,64,1393.41
512,16384,4,128,1390.55
512,16384,4,256,1388.08
512,16384,4,512,1389.3
512,16384,4,1024,1389.55
512,16384,4,2048,1387.82
512,16384,4,4096,1415.03
512,16384,4,8192,1431.88
512,16384,4,16384,2086.5
512,16384,8,16,1393.67
512,16384,8,32,1391.41
512,16384,8,64,1394.03
512,16384,8,128,1393.39
512,16384,8,256,1394.93
512,16384,8,512,1405.4
512,16384,8,1024,1428.78
512,16384,8,2048,1470.09
512,16384,8,4096,1592.71
512,16384,8,8192,1784.09
512,16384,8,16384,2169.5
512,16384,16,16,1402.75
512,16384,16,32,1403.14
512,16384,16,64,1405.7
512,16384,16,128,1413.81
512,16384,16,256,1420.61
512,16384,16,512,1442.44
512,16384,16,1024,1487.1
512,16384,16,2048,1584.75
512,16384,16,4096,1801.65
512,16384,16,8192,2443.44
512,16384,16,16384,3533.38
512,16384,32,16,1429.06
512,16384,32,32,1431.79
512,16384,32,64,1430.85
512,16384,32,128,1449.86
512,16384,32,256,1475.93
512,16384,32,512,1524.89
512,16384,32,1024,1643.33
512,16384,32,2048,1875.5
512,16384,32,4096,2359.14
512,16384,32,8192,3253.68
512,16384,32,16384,5193.8
512,16384,64,16,1491.99
512,16384,64,32,1490.01
512,16384,64,64,1495.26
512,16384,64,128,1540.63
512,16384,64,256,1596.83
512,16384,64,512,1734.47
512,16384,64,1024,1998
512,16384,64,2048,2519.86
512,16384,64,4096,4349.44
512,16384,64,8192,7111.48
512,16384,64,16384,14226.1
512,16384,128,16,1626.01
512,16384,128,32,1626.88
512,16384,128,64,1632.3
512,16384,128,128,1754.37
512,16384,128,256,1896.41
512,16384,128,512,2216.44
512,16384,128,1024,2823.86
512,16384,128,2048,4274.9
512,16384,128,4096,11221.8
512,16384,128,8192,21096.2
512,16384,128,16384,44186.2
615,0,0,0,63.6574
615,0,1,512,69.376
615,0,1,768,79.6374
615,0,1,1152,95.7654
615,0,1,1728,117.163
615,0,1,2592,152.491
615,0,1,3888,203.99
615,0,1,5832,281.322
615,0,1,8748,400.15
615,0,1,13122,583.466
615,0,1,16384,727.64
615,0,2,512,72.8546
615,0,2,768,87.6594
615,0,2,1152,104.021
615,0,2,1728,125.697
615,0,2,2592,161.835
615,0,2,3888,212.906
615,0,2,5832,291.968
615,0,2,8748,409.45
615,0,2,13122,586.326
615,0,2,16384,734.4
615,0,4,512,87.2534
615,0,4,768,102.102
615,0,4,1152,125.782
615,0,4,1728,154.709
615,0,4,2592,190.891
615,0,4,3888,243.092
615,0,4,5832,320.576
615,0,4,8748,443.498
615,0,4,13122,622.446
615,0,4,16384,757.57
615,0,8,512,111.489
615,0,8,768,136.043
615,0,8,1152,167.467
615,0,8,1728,206.592
615,0,8,2592,279.36
615,0,8,3888,385.24
615,0,8,5832,551.936
615,0,8,8748,799.766
615,0,8,13122,1184.6
615,0,8,16384,1474.73
615,0,16,512,162.326
615,0,16,768,197.845
615,0,16,1152,251.136
615,0,16,1728,324.672
615,0,16,2592,435.692
615,0,16,3888,596.012
615,0,16,5832,839.254
615,0,16,8748,1219.56
615,0,16,13122,1779.08
615,0,16,16384,2210.14
615,0,32,512,259.392
615,0,32,768,324.332
615,0,32,1152,420.8
615,0,32,1728,559.49
615,0,32,2592,796.268
615,0,32,3888,1131.61
615,0,32,5832,1741.7
615,0,32,8748,2582.5
615,0,32,13122,3795.8
615,0,32,16384,4691.12
615,0,64,512,465.262
615,0,64,768,596.63
615,0,64,1152,787.266
615,0,64,1728,1045.59
615,0,64,2592,1529.95
615,0,64,3888,2757.46
615,0,64,5832,4222.5
615,0,64,8748,6249.24
615,0,64,13122,9393.5
615,0,64,16384,11693.5
615,0,128,512,941.442
615,0,128,768,1227.5
615,0,128,1152,1649.33
615,0,128,1728,2314.12
615,0,128,2592,4783.52
615,0,128,3888,8234.88
615,0,128,5832,12306.5
615,0,128,8748,18547.4
615,0,128,13122,33720.6
615,0,128,16384,42918.6
615,512,0,0,107.67
615,512,1,512,113.024
615,512,1,768,113.344
615,512,1,1152,121.707
615,512,1,1728,143.487
615,512,1,2592,179.009
615,512,1,3888,231.36
615,512,1,5832,308.716
615,512,1,8748,426.476
615,512,1,13122,602.07
615,512,1,16384,736.28
615,512,2,512,124.609
615,512,2,768,129.494
615,512,2,1152,137.982
615,512,2,1728,168.662
615,512,2,2592,204.95
615,512,2,3888,256.812
615,512,2,5832,333.526
615,512,2,8748,453.228
615,512,2,13122,629.462
615,512,2,16384,762.09
615,512,4,512,138.027
615,512,4,768,145.643
615,512,4,1152,161.131
615,512,4,1728,185.217
615,512,4,2592,246.444
615,512,4,3888,306.796
615,512,4,5832,384.13
615,512,4,8748,503.766
615,512,4,13122,678.892
615,512,4,16384,817.646
615,512,8,512,163.073
615,512,8,768,175.04
615,512,8,1152,200.598
615,512,8,1728,250.496
615,512,8,2592,318.252
615,512,8,3888,415.404
615,512,8,5832,577.834
615,512,8,8748,824.278
615,512,8,13122,1190.25
615,512,8,16384,1468.7
615,512,16,512,211.606
615,512,16,768,238.444
615,512,16,1152,287.936
615,512,16,1728,356.46
615,512,16,2592,483.414
615,512,16,3888,648.984
615,512,16,5832,890.05
615,512,16,8748,1262.57
615,512,16,13122,1812.46
615,512,16,16384,2236.42
615,512,32,512,307.116
615,512,32,768,360.426
615,512,32,1152,456.706
615,512,32,1728,592.642
615,512,32,2592,824.578
615,512,32,3888,1155.63
615,512,32,5832,1727.43
615,512,32,8748,2595.26
615,512,32,13122,3818.14
615,512,32,16384,4728.58
615,512,64,512,508.288
615,512,64,768,630.292
615,512,64,1152,820.034
615,512,64,1728,1078.47
615,512,64,2592,1550.02
615,512,64,3888,2741.4
615,512,64,5832,4229.34
615,512,64,8748,6273.54
615,512,64,13122,9389.68
615,512,64,16384,11721.2
615,512,128,512,982.788
615,512,128,768,1268.72
615,512,128,1152,1678.81
615,512,128,1728,2316.98
615,512,128,2592,4883.36
615,512,128,3888,8261.58
615,512,128,5832,12316.6
615,512,128,8748,18608
615,512,128,13122,29921.2
615,512,128,16384,43305.8
615,768,0,0,129.173
615,768,1,512,133.931
615,768,1,768,134.827
615,768,1,1152,134.913
615,768,1,1728,154.623
615,768,1,2592,190.741
615,768,1,3888,242.624
615,768,1,5832,319.85
615,768,1,8748,438.636
615,768,1,13122,613.482
615,768,1,16384,749.206
615,768,2,512,139.158
615,768,2,768,156.757
615,768,2,1152,161.067
615,768,2,1728,180.288
615,768,2,2592,225.708
615,768,2,3888,278.146
615,768,2,5832,354.924
615,768,2,8748,474.046
615,768,2,13122,652.138
615,768,2,16384,781.612
615,768,4,512,162.751
615,768,4,768,169.729
615,768,4,1152,180.991
615,768,4,1728,207.232
615,768,4,2592,249.664
615,768,4,3888,337.004
615,768,4,5832,415.448
615,768,4,8748,535.702
615,768,4,13122,711.232
615,768,4,16384,851.244
615,768,8,512,186.519
615,768,8,768,201.472
615,768,8,1152,224.684
615,768,8,1728,261.482
615,768,8,2592,345.536
615,768,8,3888,431.446
615,768,8,5832,588.226
615,768,8,8748,838.7
615,768,8,13122,1205.53
615,768,8,16384,1486.08
615,768,16,512,235.2
615,768,16,768,264.704
615,768,16,1152,306.112
615,768,16,1728,378.646
615,768,16,2592,491.606
615,768,16,3888,676.48
615,768,16,5832,913.73
615,768,16,8748,1285.14
615,768,16,13122,1836.78
615,768,16,16384,2253.32
615,768,32,512,331.264
615,768,32,768,387.074
615,768,32,1152,477.398
615,768,32,1728,608.088
615,768,32,2592,844.29
615,768,32,3888,1168.94
615,768,32,5832,1710.02
615,768,32,8748,2590.82
615,768,32,13122,3828.2
615,768,32,16384,4738.3
615,768,64,512,534.038
615,768,64,768,652.14
615,768,64,1152,839.278
615,768,64,1728,1098.78
615,768,64,2592,1563.46
615,768,64,3888,2728.7
615,768,64,5832,4238.42
615,768,64,8748,6270.52
615,768,64,13122,9393.44
615,768,64,16384,11796.3
615,768,128,512,1009.01
615,768,128,768,1289.13
615,768,128,1152,1694.73
615,768,128,1728,2323.12
615,768,128,2592,4886.42
615,768,128,3888,8256.46
615,768,128,5832,12349.4
615,768,128,8748,18597.3
615,768,128,13122,33673.8
615,768,128,16384,43204
615,1152,0,0,160.555
615,1152,1,512,165.78
615,1152,1,768,166.378
615,1152,1,1152,166.379
615,1152,1,1728,172.075
615,1152,1,2592,209.066
615,1152,1,3888,259.328
615,1152,1,5832,336.854
615,1152,1,8748,457.026
615,1152,1,13122,632.94
615,1152,1,16384,765.976
615,1152,2,512,171.542
615,1152,2,768,175.808
615,1152,2,1152,204.33
615,1152,2,1728,212.374
615,1152,2,2592,248.342
615,1152,2,3888,308.65
615,1152,2,5832,387.266
615,1152,2,8748,506.624
615,1152,2,13122,682.026
615,1152,2,16384,815.68
615,1152,4,512,194.263
615,1152,4,768,205.674
615,1152,4,1152,217.962
615,1152,4,1728,234.026
615,1152,4,2592,274.582
615,1152,4,3888,355.776
615,1152,4,5832,461.228
615,1152,4,8748,579.222
615,1152,4,13122,758.7
615,1152,4,16384,897.132
615,1152,8,512,225.43
615,1152,8,768,237.782
615,1152,8,1152,264.254
615,1152,8,1728,297.196
615,1152,8,2592,367.638
615,1152,8,3888,474.518
615,1152,8,5832,608.046
615,1152,8,8748,855.552
615,1152,8,13122,1219.82
615,1152,8,16384,1502.96
615,1152,16,512,271.042
615,1152,16,768,299.946
615,1152,16,1152,342.956
615,1152,16,1728,404.718
615,1152,16,2592,520.044
615,1152,16,3888,701.142
615,1152,16,5832,959.468
615,1152,16,8748,1322.31
615,1152,16,13122,1876.42
615,1152,16,16384,2288.92
615,1152,32,512,368.768
615,1152,32,768,425.858
615,1152,32,1152,505.942
615,1152,32,1728,638.592
615,1152,32,2592,868.182
615,1152,32,3888,1195.16
615,1152,32,5832,1717.38
615,1152,32,8748,2607.46
615,1152,32,13122,3866.8
615,1152,32,16384,4770.58
615,1152,64,512,569.708
615,1152,64,768,692.482
615,1152,64,1152,867.374
615,1152,64,1728,1127.38
615,1152,64,2592,1578.35
615,1152,64,3888,2807.64
615,1152,64,5832,4265.8
615,1152,64,8748,6312.46
615,1152,64,13122,9410.4
615,1152,64,16384,11793.9
615,1152,128,512,1050.97
615,1152,128,768,1340.83
615,1152,128,1152,1728.39
615,1152,128,1728,2349.62
615,1152,128,2592,4866.88
615,1152,128,3888,8291.46
615,1152,128,5832,12470.4
615,1152,128,8748,19756.2
615,1152,128,13122,32335.4
615,1152,128,16384,43422.6
615,1728,0,0,209.11
615,1728,1,512,213.782
615,1728,1,768,214.742
615,1728,1,1152,214.762
615,1728,1,1728,214.08
615,1728,1,2592,234.262
615,1728,1,3888,285.952
615,1728,1,5832,364.138
615,1728,1,8748,480.962
615,1728,1,13122,657.154
615,1728,1,16384,789.93
615,1728,2,512,220.844
615,1728,2,768,221.698
615,1728,2,1152,237.184
615,1728,2,1728,275.394
615,1728,2,2592,294.912
615,1728,2,3888,353.878
615,1728,2,5832,432.748
615,1728,2,8748,551.232
615,1728,2,13122,728.152
615,1728,2,16384,866.05
615,1728,4,512,241.942
615,1728,4,768,256.172
615,1728,4,1152,271.574
615,1728,4,1728,288.384
615,1728,4,2592,321.388
615,1728,4,3888,375.02
615,1728,4,5832,520.02
615,1728,4,8748,650.326
615,1728,4,13122,823.744
615,1728,4,16384,963.352
615,1728,8,512,279.894
615,1728,8,768,295.404
615,1728,8,1152,310.998
615,1728,8,1728,355.712
615,1728,8,2592,406.058
615,1728,8,3888,527.466
615,1728,8,5832,654.744
615,1728,8,8748,883.244
615,1728,8,13122,1248.56
615,1728,8,16384,1524.78
615,1728,16,512,328.128
615,1728,16,768,353.772
615,1728,16,1152,395.99
615,1728,16,1728,457.386
615,1728,16,2592,565.76
615,1728,16,3888,726.914
615,1728,16,5832,1017.65
615,1728,16,8748,1385.86
615,1728,16,13122,1935.17
615,1728,16,16384,2356.36
615,1728,32,512,427.244
615,1728,32,768,483.82
615,1728,32,1152,564.714
615,1728,32,1728,677.014
615,1728,32,2592,903.192
615,1728,32,3888,1237.19
615,1728,32,5832,1726.66
615,1728,32,8748,2647.66
615,1728,32,13122,3972.88
615,1728,32,16384,4902.26
615,1728,64,512,630.254
615,1728,64,768,746.732
615,1728,64,1152,921.496
615,1728,64,1728,1164.59
615,1728,64,2592,1623.17
615,1728,64,3888,2701.6
615,1728,64,5832,4542.28
615,1728,64,8748,6542.22
615,1728,64,13122,10342.9
615,1728,64,16384,13111.2
615,1728,128,512,1105.65
615,1728,128,768,1404.31
615,1728,128,1152,1818.59
615,1728,128,1728,2399.54
615,1728,128,2592,4927.74
615,1728,128,3888,9377.9
615,1728,128,5832,14263.1
615,1728,128,8748,21514.4
615,1728,128,13122,33852.4
615,1728,128,16384,43286.4
615,2592,0,0,279.382
615,2592,1,512,285.226
615,2592,1,768,284.864
615,2592,1,1152,284.63
615,2592,1,1728,285.228
615,2592,1,2592,285.184
615,2592,1,3888,324.332
615,2592,1,5832,403.244
615,2592,1,8748,523.562
615,2592,1,13122,696.064
615,2592,1,16384,829.59
615,2592,2,512,293.162
615,2592,2,768,291.754
615,2592,2,1152,292.822
615,2592,2,1728,318.188
615,2592,2,2592,383.424
615,2592,2,3888,418.134
615,2592,2,5832,504.492
615,2592,2,8748,624.364
615,2592,2,13122,799.042
615,2592,2,16384,934.252
615,2592,4,512,313.558
615,2592,4,768,324.694
615,2592,4,1152,341.42
615,2592,4,1728,366.55
615,2592,4,2592,397.59
615,2592,4,3888,446.422
615,2592,4,5832,526.828
615,2592,4,8748,755.436
615,2592,4,13122,932.332
615,2592,4,16384,1066.88
615,2592,8,512,347.798
615,2592,8,768,369.558
615,2592,8,1152,399.574
615,2592,8,1728,417.516
615,2592,8,2592,499.286
615,2592,8,3888,564.972
615,2592,8,5832,759.512
615,2592,8,8748,932.226
615,2592,8,13122,1286.19
615,2592,8,16384,1563.76
615,2592,16,512,407.042
615,2592,16,768,438.976
615,2592,16,1152,473.728
615,2592,16,1728,534.38
615,2592,16,2592,640.342
615,2592,16,3888,802.156
615,2592,16,5832,1040.49
615,2592,16,8748,1493.7
615,2592,16,13122,2042.88
615,2592,16,16384,2477.3
615,2592,32,512,509.826
615,2592,32,768,565.698
615,2592,32,1152,651.35
615,2592,32,1728,763.948
615,2592,32,2592,973.122
615,2592,32,3888,1282.76
615,2592,32,5832,1803.12
615,2592,32,8748,2726.2
615,2592,32,13122,4189.02
615,2592,32,16384,5400.8
615,2592,64,512,717.804
615,2592,64,768,835.396
615,2592,64,1152,1010.48
615,2592,64,1728,1252.14
615,2592,64,2592,1713.16
615,2592,64,3888,2763.48
615,2592,64,5832,4852.9
615,2592,64,8748,8124.14
615,2592,64,13122,11911.8
615,2592,64,16384,15821.7
615,2592,128,512,1183.49
615,2592,128,768,1484.8
615,2592,128,1152,1928.79
615,2592,128,1728,2503.44
615,2592,128,2592,5163.9
615,2592,128,3888,9249.56
615,2592,128,5832,15821.2
615,2592,128,8748,23636
615,2592,128,13122,35363.2
615,2592,128,16384,44118.4
615,3888,0,0,382.892
615,3888,1,512,386.156
615,3888,1,768,386.774
615,3888,1,1152,388.054
615,3888,1,1728,387.904
615,3888,1,2592,386.754
615,3888,1,3888,388.886
615,3888,1,5832,456.768
615,3888,1,8748,574.976
615,3888,1,13122,749.292
615,3888,1,16384,887.47
615,3888,2,512,394.56
615,3888,2,768,394.156
615,3888,2,1152,395.008
615,3888,2,1728,395.414
615,3888,2,2592,446.124
615,3888,2,3888,535.702
615,3888,2,5832,597.27
615,3888,2,8748,725.398
615,3888,2,13122,900.952
615,3888,2,16384,1033.56
615,3888,4,512,415.232
615,3888,4,768,424.534
615,3888,4,1152,441.75
615,3888,4,1728,464.874
615,3888,4,2592,505.6
615,3888,4,3888,554.54
615,3888,4,5832,625.368
615,3888,4,8748,770.156
615,3888,4,13122,1083.05
615,3888,4,16384,1217.62
615,3888,8,512,447.894
615,3888,8,768,469.122
615,3888,8,1152,506.07
615,3888,8,1728,551.894
615,3888,8,2592,572.098
615,3888,8,3888,710.594
615,3888,8,5832,796.974
615,3888,8,8748,1097.28
615,3888,8,13122,1357.7
615,3888,8,16384,1623.83
615,3888,16,512,515.5
615,3888,16,768,559.402
615,3888,16,1152,606.422
615,3888,16,1728,649.41
615,3888,16,2592,747.628
615,3888,16,3888,905.366
615,3888,16,5832,1145.79
615,3888,16,8748,1528.92
615,3888,16,13122,2245.72
615,3888,16,16384,2711.04
615,3888,32,512,627.712
615,3888,32,768,687.872
615,3888,32,1152,766.018
615,3888,32,1728,887.748
615,3888,32,2592,1075.18
615,3888,32,3888,1402.27
615,3888,32,5832,1862.51
615,3888,32,8748,3116.46
615,3888,32,13122,5136.4
615,3888,32,16384,6988.56
615,3888,64,512,836.91
615,3888,64,768,962.712
615,3888,64,1152,1132.12
615,3888,64,1728,1375.21
615,3888,64,2592,1798.6
615,3888,64,3888,2959.94
615,3888,64,5832,4824.06
615,3888,64,8748,9778.16
615,3888,64,13122,16651.5
615,3888,64,16384,20896.6
615,3888,128,512,1302.13
615,3888,128,768,1597.38
615,3888,128,1152,2037.16
615,3888,128,1728,2667.1
615,3888,128,2592,5294.2
615,3888,128,3888,8689.1
615,3888,128,5832,15580.5
615,3888,128,8748,23649.6
615,3888,128,13122,35422.2
615,3888,128,16384,44208.4
615,5832,0,0,536.812
615,5832,1,512,540.502
615,5832,1,768,542.53
615,5832,1,1152,541.27
615,5832,1,1728,541.848
615,5832,1,2592,542.548
615,5832,1,3888,542.484
615,5832,1,5832,549.058
615,5832,1,8748,657.836
615,5832,1,13122,831.06
615,5832,1,16384,967.98
615,5832,2,512,549.314
615,5832,2,768,548.118
615,5832,2,1152,548.524
615,5832,2,1728,547.158
615,5832,2,2592,548.672
615,5832,2,3888,631.852
615,5832,2,5832,771.222
615,5832,2,8748,875.82
615,5832,2,13122,1060.89
615,5832,2,16384,1191.68
615,5832,4,512,570.432
615,5832,4,768,579.84
615,5832,4,1152,597.888
615,5832,4,1728,621.014
615,5832,4,2592,658.818
615,5832,4,3888,714.432
615,5832,4,5832,797.186
615,5832,4,8748,902.7
615,5832,4,13122,1136.83
615,5832,4,16384,1414.49
615,5832,8,512,602.626
615,5832,8,768,623.958
615,5832,8,1152,658.112
615,5832,8,1728,703.746
615,5832,8,2592,781.204
615,5832,8,3888,805.976
615,5832,8,5832,1028.16
615,5832,8,8748,1159.47
615,5832,8,13122,1609.2
615,5832,8,16384,1749.57
615,5832,16,512,671.402
615,5832,16,768,712.556
615,5832,16,1152,780.374
615,5832,16,1728,858.22
615,5832,16,2592,915.308
615,5832,16,3888,1061.72
615,5832,16,5832,1308.04
615,5832,16,8748,1681.07
615,5832,16,13122,2295.64
615,5832,16,16384,3029.42
615,5832,32,512,805.358
615,5832,32,768,868.95
615,5832,32,1152,963.928
615,5832,32,1728,1066.45
615,5832,32,2592,1269.76
615,5832,32,3888,1533.51
615,5832,32,5832,2139.56
615,5832,32,8748,2912.04
615,5832,32,13122,5338.36
615,5832,32,16384,7321.48
615,5832,64,512,1024.3
615,5832,64,768,1146.69
615,5832,64,1152,1327.38
615,5832,64,1728,1570.31
615,5832,64,2592,1984.35
615,5832,64,3888,2969.4
615,5832,64,5832,4582.54
615,5832,64,8748,8331.08
615,5832,64,13122,16306.3
615,5832,64,16384,20979.6
615,5832,128,512,1501.7
615,5832,128,768,1792.3
615,5832,128,1152,2212.64
615,5832,128,1728,2830.88
615,5832,128,2592,5716.82
615,5832,128,3888,9070.12
615,5832,128,5832,12995
615,5832,128,8748,23695.4
615,5832,128,13122,35444.4
615,5832,128,16384,44210.8
615,8748,0,0,770.39
615,8748,1,512,771.69
615,8748,1,768,772.504
615,8748,1,1152,775.022
615,8748,1,1728,773.248
615,8748,1,2592,774.614
615,8748,1,3888,772.758
615,8748,1,5832,774.53
615,8748,1,8748,799.64
615,8748,1,13122,955.476
615,8748,1,16384,1092.23
615,8748,2,512,781.228
615,8748,2,768,783.936
615,8748,2,1152,784.022
615,8748,2,1728,784.706
615,8748,2,2592,784.256
615,8748,2,3888,782.638
615,8748,2,5832,912.428
615,8748,2,8748,1125.78
615,8748,2,13122,1286.25
615,8748,2,16384,1421.76
615,8748,4,512,802.454
615,8748,4,768,812.398
615,8748,4,1152,829.014
615,8748,4,1728,850.924
615,8748,4,2592,889.302
615,8748,4,3888,944.6
615,8748,4,5832,1027.65
615,8748,4,8748,1146.9
615,8748,4,13122,1316.53
615,8748,4,16384,1453.08
615,8748,8,512,834.86
615,8748,8,768,856.472
615,8748,8,1152,887.638
615,8748,8,1728,933.164
615,8748,8,2592,1015.81
615,8748,8,3888,1124.5
615,8748,8,5832,1157.17
615,8748,8,8748,1505.37
615,8748,8,13122,1699.33
615,8748,8,16384,2135.06
615,8748,16,512,899.692
615,8748,16,768,941.398
615,8748,16,1152,1011.74
615,8748,16,1728,1099.86
615,8748,16,2592,1244.14
615,8748,16,3888,1317.59
615,8748,16,5832,1538.97
615,8748,16,8748,1933.6
615,8748,16,13122,2561.54
615,8748,16,16384,2972.58
615,8748,32,512,1033.05
615,8748,32,768,1120.86
615,8748,32,1152,1218.37
615,8748,32,1728,1344.13
615,8748,32,2592,1526.59
615,8748,32,3888,1830.19
615,8748,32,5832,2225.56
615,8748,32,8748,3193.08
615,8748,32,13122,5509.16
615,8748,32,16384,6662.64
615,8748,64,512,1285.83
615,8748,64,768,1419.35
615,8748,64,1152,1602.52
615,8748,64,1728,1852.7
615,8748,64,2592,2267.6
615,8748,64,3888,3393.48
615,8748,64,5832,5034.96
615,8748,64,8748,6805.42
615,8748,64,13122,16354.9
615,8748,64,16384,20809.8
615,8748,128,512,1752.03
615,8748,128,768,2060.28
615,8748,128,1152,2493.38
615,8748,128,1728,3084.72
615,8748,128,2592,6225.1
615,8748,128,3888,9239.6
615,8748,128,5832,15876.6
615,8748,128,8748,20290.2
615,8748,128,13122,35518
615,8748,128,16384,44265.6
615,13122,0,0,1134.1
615,13122,1,512,1132.46
615,13122,1,768,1131.54
615,13122,1,1152,1132.31
615,13122,1,1728,1133.99
615,13122,1,2592,1131.67
615,13122,1,3888,1133.33
615,13122,1,5832,1131.65
615,13122,1,8748,1131.14
615,13122,1,13122,1174.27
615,13122,1,16384,1287.13
615,13122,2,512,1136.79
615,13122,2,768,1138.54
615,13122,2,1152,1133.81
615,13122,2,1728,1134.78
615,13122,2,2592,1136.26
615,13122,2,3888,1138.33
615,13122,2,5832,1139.01
615,13122,2,8748,1350.19
615,13122,2,13122,1668.53
615,13122,2,16384,1783.19
615,13122,4,512,1158.27
615,13122,4,768,1169.64
615,13122,4,1152,1190.91
615,13122,4,1728,1210.84
615,13122,4,2592,1246.72
615,13122,4,3888,1304.04
615,13122,4,5832,1385.58
615,13122,4,8748,1524.23
615,13122,4,13122,1691.95
615,13122,4,16384,1821.44
615,13122,8,512,1189.02
615,13122,8,768,1213.08
615,13122,8,1152,1248.17
615,13122,8,1728,1292.4
615,13122,8,2592,1367.21
615,13122,8,3888,1477.36
615,13122,8,5832,1644.06
615,13122,8,8748,1707.65
615,13122,8,13122,2237.04
615,13122,8,16384,2371.42
615,13122,16,512,1256.15
615,13122,16,768,1295.79
615,13122,16,1152,1363.35
615,13122,16,1728,1450.03
615,13122,16,2592,1609.18
615,13122,16,3888,1810.75
615,13122,16,5832,1936.45
615,13122,16,8748,2304.98
615,13122,16,13122,2861.88
615,13122,16,16384,3376.46
615,13122,32,512,1386.03
615,13122,32,768,1471.28
615,13122,32,1152,1606.02
615,13122,32,1728,1756.46
615,13122,32,2592,1960.69
615,13122,32,3888,2222.72
615,13122,32,5832,2744.76
615,13122,32,8748,3653.44
615,13122,32,13122,4741.4
615,13122,32,16384,6784.96
615,13122,64,512,1679.56
615,13122,64,768,1823.15
615,13122,64,1152,2011.38
615,13122,64,1728,2261.34
615,13122,64,2592,2703.52
615,13122,64,3888,3593.22
615,13122,64,5832,5286.78
615,13122,64,8748,8920.38
615,13122,64,13122,10307
615,13122,64,16384,19280
615,13122,128,512,2155.18
615,13122,128,768,2452.94
615,13122,128,1152,2897.08
615,13122,128,1728,3533.18
615,13122,128,2592,6977.46
615,13122,128,3888,10767.4
615,13122,128,5832,16047.5
615,13122,128,8748,23782.2
615,13122,128,13122,33995.2
615,13122,128,16384,44353
615,16384,0,0,1398.55
615,16384,1,512,1398.81
615,16384,1,768,1396.46
615,16384,1,1152,1400.66
615,16384,1,1728,1398.96
615,16384,1,2592,1399.7
615,16384,1,3888,1401.9
615,16384,1,5832,1404.44
615,16384,1,8748,1400.66
615,16384,1,13122,1401.16
615,16384,1,16384,1456.72
615,16384,2,512,1399.19
615,16384,2,768,1403.2
615,16384,2,1152,1398.76
615,16384,2,1728,1400.98
615,16384,2,2592,1401.39
615,16384,2,3888,1400.6
615,16384,2,5832,1402.97
615,16384,2,8748,1487.66
615,16384,2,13122,1852.39
615,16384,2,16384,2057.52
615,16384,4,512,1428.74
615,16384,4,768,1434.41
615,16384,4,1152,1455.68
615,16384,4,1728,1474.84
615,16384,4,2592,1515.42
615,16384,4,3888,1573.12
615,16384,4,5832,1652.06
615,16384,4,8748,1787.93
615,16384,4,13122,1977.92
615,16384,4,16384,2094.9
615,16384,8,512,1454.7
615,16384,8,768,1478.68
615,16384,8,1152,1502.64
615,16384,8,1728,1555.44
615,16384,8,2592,1625.79
615,16384,8,3888,1737.9
615,16384,8,5832,1903.98
615,16384,8,8748,2082.04
615,16384,8,13122,2403.66
615,16384,8,16384,2789.6
615,16384,16,512,1518.02
615,16384,16,768,1551.3
615,16384,16,1152,1620.76
615,16384,16,1728,1709.32
615,16384,16,2592,1867.18
615,16384,16,3888,2071.06
615,16384,16,5832,2308.5
615,16384,16,8748,2584.34
615,16384,16,13122,3154.06
615,16384,16,16384,3552.36
615,16384,32,512,1647.6
615,16384,32,768,1725.53
615,16384,32,1152,1857.28
615,16384,32,1728,2045.26
615,16384,32,2592,2244.64
615,16384,32,3888,2592.6
615,16384,32,5832,3000.22
615,16384,32,8748,3841.42
615,16384,32,13122,4973.32
615,16384,32,16384,5900.82
615,16384,64,512,1932.44
615,16384,64,768,2100.38
615,16384,64,1152,2304.02
615,16384,64,1728,2574.02
615,16384,64,2592,2995.44
615,16384,64,3888,3988.82
615,16384,64,5832,5648.16
615,16384,64,8748,9740.36
615,16384,64,13122,12725
615,16384,64,16384,14960.1
615,16384,128,512,2453.56
615,16384,128,768,2734.76
615,16384,128,1152,3183.5
615,16384,128,1728,3829.6
615,16384,128,2592,7559.78
615,16384,128,3888,11063.7
615,16384,128,5832,16122.1
615,16384,128,8748,23494.2
615,16384,128,13122,35565.8
615,16384,128,16384,43281.4
923,0,0,0,111.787
923,0,1,512,118.529
923,0,1,768,119.296
923,0,1,1152,131.541
923,0,1,1728,154.624
923,0,1,2592,189.93
923,0,1,3888,242.304
923,0,1,5832,317.932
923,0,1,8748,437.186
923,0,1,13122,611.84
923,0,1,16384,744.576
923,0,2,512,125.013
923,0,2,768,127.423
923,0,2,1152,143.103
923,0,2,1728,170.304
923,0,2,2592,205.652
923,0,2,3888,258.238
923,0,2,5832,336.96
923,0,2,8748,455.168
923,0,2,13122,629.526
923,0,2,16384,761.132
923,0,4,512,138.965
923,0,4,768,142.655
923,0,4,1152,165.461
923,0,4,1728,196.267
923,0,4,2592,249.238
923,0,4,3888,307.67
923,0,4,5832,386.88
923,0,4,8748,506.604
923,0,4,13122,685.634
923,0,4,16384,822.55
923,0,8,512,166.187
923,0,8,768,178.901
923,0,8,1152,210.54
923,0,8,1728,255.168
923,0,8,2592,325.676
923,0,8,3888,427.734
923,0,8,5832,589.272
923,0,8,8748,837.846
923,0,8,13122,1198.34
923,0,8,16384,1479.24
923,0,16,512,218.56
923,0,16,768,245.014
923,0,16,1152,300.16
923,0,16,1728,371.35
923,0,16,2592,495.404
923,0,16,3888,662.232
923,0,16,5832,903.788
923,0,16,8748,1277.44
923,0,16,13122,1828.21
923,0,16,16384,2256.84
923,0,32,512,322.368
923,0,32,768,379.906
923,0,32,1152,478.998
923,0,32,1728,616.364
923,0,32,2592,848.856
923,0,32,3888,1185.71
923,0,32,5832,1748.27
923,0,32,8748,2614.74
923,0,32,13122,3857.86
923,0,32,16384,4771.54
923,0,64,512,539.458
923,0,64,768,670.444
923,0,64,1152,863.49
923,0,64,1728,1118.87
923,0,64,2592,1589.51
923,0,64,3888,2756.82
923,0,64,5832,4249.9
923,0,64,8748,6305.42
923,0,64,13122,9376.42
923,0,64,16384,11732.3
923,0,128,512,1051.01
923,0,128,768,1345.56
923,0,128,1152,1766.94
923,0,128,1728,2386
923,0,128,2592,4925.16
923,0,128,3888,8252.56
923,0,128,5832,12339.4
923,0,128,8748,18587.2
923,0,128,13122,30344
923,0,128,16384,42426.6
923,512,0,0,176.065
923,512,1,512,183.424
923,512,1,768,183.424
923,512,1,1152,186.519
923,512,1,1728,202.346
923,512,1,2592,239.51
923,512,1,3888,292.716
923,512,1,5832,370.24
923,512,1,8748,487.532
923,512,1,13122,661.462
923,512,1,16384,798.594
923,512,2,512,190.507
923,512,2,768,190.87
923,512,2,1152,197.206
923,512,2,1728,218.282
923,512,2,2592,259.07
923,512,2,3888,319.402
923,512,2,5832,397.632
923,512,2,8748,515.734
923,512,2,13122,692.224
923,512,2,16384,824.556
923,512,4,512,204.586
923,512,4,768,212.972
923,512,4,1152,221.654
923,512,4,1728,248.876
923,512,4,2592,299.906
923,512,4,3888,371.114
923,512,4,5832,474.328
923,512,4,8748,593.324
923,512,4,13122,767.554
923,512,4,16384,911.918
923,512,8,512,231.638
923,512,8,768,243.478
923,512,8,1152,263.828
923,512,8,1728,308.716
923,512,8,2592,379.456
923,512,8,3888,485.89
923,512,8,5832,636.608
923,512,8,8748,878.402
923,512,8,13122,1232.79
923,512,8,16384,1507.48
923,512,16,512,285.718
923,512,16,768,312.96
923,512,16,1152,352.79
923,512,16,1728,426.092
923,512,16,2592,547.394
923,512,16,3888,724.248
923,512,16,5832,977.476
923,512,16,8748,1344.77
923,512,16,13122,1898.76
923,512,16,16384,2315.86
923,512,32,512,390.658
923,512,32,768,445.952
923,512,32,1152,530.178
923,512,32,1728,665.346
923,512,32,2592,899.204
923,512,32,3888,1229.51
923,512,32,5832,1747.89
923,512,32,8748,2625.42
923,512,32,13122,3896.76
923,512,32,16384,4819.72
923,512,64,512,609.282
923,512,64,768,725.484
923,512,64,1152,911.576
923,512,64,1728,1170.58
923,512,64,2592,1631.47
923,512,64,3888,2816.74
923,512,64,5832,4276.58
923,512,64,8748,6304.44
923,512,64,13122,9446.62
923,512,64,16384,11838.3
923,512,128,512,1105.99
923,512,128,768,1399.81
923,512,128,1152,1826.33
923,512,128,1728,2423
923,512,128,2592,4984.8
923,512,128,3888,8296.36
923,512,128,5832,12376.8
923,512,128,8748,18871.9
923,512,128,13122,31669
923,512,128,16384,43306.8
923,768,0,0,210.454
923,768,1,512,214.55
923,768,1,768,213.1
923,768,1,1152,215.852
923,768,1,1728,221.952
923,768,1,2592,260.692
923,768,1,3888,315.264
923,768,1,5832,392.554
923,768,1,8748,509.802
923,768,1,13122,687.894
923,768,1,16384,819.094
923,768,2,512,221.164
923,768,2,768,221.418
923,768,2,1152,224.256
923,768,2,1728,238.144
923,768,2,2592,289.302
923,768,2,3888,352.214
923,768,2,5832,428.866
923,768,2,8748,545.73
923,768,2,13122,721.772
923,768,2,16384,857.238
923,768,4,512,234.346
923,768,4,768,242.944
923,768,4,1152,256.79
923,768,4,1728,273.088
923,768,4,2592,323.988
923,768,4,3888,404.204
923,768,4,5832,518.53
923,768,4,8748,637.93
923,768,4,13122,813.824
923,768,4,16384,949.42
923,768,8,512,264.108
923,768,8,768,277.334
923,768,8,1152,295.49
923,768,8,1728,330.326
923,768,8,2592,408.768
923,768,8,3888,517.716
923,768,8,5832,663.128
923,768,8,8748,902.636
923,768,8,13122,1251.86
923,768,8,16384,1524.31
923,768,16,512,317.698
923,768,16,768,344.984
923,768,16,1152,387.436
923,768,16,1728,451.478
923,768,16,2592,575.49
923,768,16,3888,751.042
923,768,16,5832,1015.7
923,768,16,8748,1380.02
923,768,16,13122,1932.44
923,768,16,16384,2350.48
923,768,32,512,426.03
923,768,32,768,480.706
923,768,32,1152,558.956
923,768,32,1728,684.844
923,768,32,2592,924.248
923,768,32,3888,1253.91
923,768,32,5832,1760.9
923,768,32,8748,2650.88
923,768,32,13122,3942.58
923,768,32,16384,4891.94
923,768,64,512,643.224
923,768,64,768,758.168
923,768,64,1152,937.154
923,768,64,1728,1197.96
923,768,64,2592,1653.66
923,768,64,3888,2819.02
923,768,64,5832,4330.72
923,768,64,8748,6387.08
923,768,64,13122,9571.6
923,768,64,16384,11893.5
923,768,128,512,1138.86
923,768,128,768,1428.4
923,768,128,1152,1856.28
923,768,128,1728,2446.66
923,768,128,2592,4974.48
923,768,128,3888,8343.26
923,768,128,5832,12460.6
923,768,128,8748,18696.9
923,768,128,13122,33630.8
923,768,128,16384,43208.6
923,1152,0,0,254.486
923,1152,1,512,260.16
923,1152,1,768,260.416
923,1152,1,1152,262.188
923,1152,1,1728,263.552
923,1152,1,2592,292.182
923,1152,1,3888,347.35
923,1152,1,5832,423.572
923,1152,1,8748,544.706
923,1152,1,13122,716.844
923,1152,1,16384,852.374
923,1152,2,512,268.096
923,1152,2,768,271.018
923,1152,2,1152,274.262
923,1152,2,1728,276.822
923,1152,2,2592,321.238
923,1152,2,3888,389.058
923,1152,2,5832,475.796
923,1152,2,8748,592.876
923,1152,2,13122,769.942
923,1152,2,16384,902.404
923,1152,4,512,282.282
923,1152,4,768,290.432
923,1152,4,1152,306.346
923,1152,4,1728,323.99
923,1152,4,2592,362.86
923,1152,4,3888,434.284
923,1152,4,5832,551.576
923,1152,4,8748,700.822
923,1152,4,13122,879.684
923,1152,4,16384,1013.1
923,1152,8,512,310.956
923,1152,8,768,326.444
923,1152,8,1152,342.976
923,1152,8,1728,362.816
923,1152,8,2592,446.806
923,1152,8,3888,546.22
923,1152,8,5832,705.752
923,1152,8,8748,941.142
923,1152,8,13122,1289.6
923,1152,8,16384,1559.68
923,1152,16,512,366.146
923,1152,16,768,396.524
923,1152,16,1152,436.76
923,1152,16,1728,496.448
923,1152,16,2592,614.55
923,1152,16,3888,790.274
923,1152,16,5832,1051.97
923,1152,16,8748,1438.34
923,1152,16,13122,1984.79
923,1152,16,16384,2402.28
923,1152,32,512,471.916
923,1152,32,768,529.11
923,1152,32,1152,612.376
923,1152,32,1728,721.282
923,1152,32,2592,960.13
923,1152,32,3888,1289.69
923,1152,32,5832,1792.26
923,1152,32,8748,2692.04
923,1152,32,13122,4072.56
923,1152,32,16384,5058.36
923,1152,64,512,696.088
923,1152,64,768,814.168
923,1152,64,1152,985.048
923,1152,64,1728,1236.38
923,1152,64,2592,1680.09
923,1152,64,3888,2723.82
923,1152,64,5832,4552.5
923,1152,64,8748,6840.88
923,1152,64,13122,10391.2
923,1152,64,16384,12956.4
923,1152,128,512,1188.44
923,1152,128,768,1475.31
923,1152,128,1152,1913.41
923,1152,128,1728,2514.12
923,1152,128,2592,5030.14
923,1152,128,3888,8736.14
923,1152,128,5832,13633.6
923,1152,128,8748,21331.6
923,1152,128,13122,34823.2
923,1152,128,16384,43438.2
923,1728,0,0,321.984
923,1728,1,512,328.832
923,1728,1,768,327.852
923,1728,1,1152,330.944
923,1728,1,1728,331.648
923,1728,1,2592,336.596
923,1728,1,3888,389.484
923,1728,1,5832,470.848
923,1728,1,8748,590.868
923,1728,1,13122,766.21
923,1728,1,16384,898.926
923,1728,2,512,335.402
923,1728,2,768,333.824
923,1728,2,1152,338.602
923,1728,2,1728,340.544
923,1728,2,2592,355.33
923,1728,2,3888,444.16
923,1728,2,5832,533.846
923,1728,2,8748,662.742
923,1728,2,13122,837.74
923,1728,2,16384,970.756
923,1728,4,512,349.27
923,1728,4,768,354.176
923,1728,4,1152,374.784
923,1728,4,1728,396.246
923,1728,4,2592,423.36
923,1728,4,3888,485.846
923,1728,4,5832,614.934
923,1728,4,8748,772.95
923,1728,4,13122,968.748
923,1728,4,16384,1101.95
923,1728,8,512,378.668
923,1728,8,768,394.432
923,1728,8,1152,418.09
923,1728,8,1728,434.048
923,1728,8,2592,487.04
923,1728,8,3888,616.022
923,1728,8,5832,775.188
923,1728,8,8748,992.11
923,1728,8,13122,1341.74
923,1728,8,16384,1612.7
923,1728,16,512,437.164
923,1728,16,768,467.906
923,1728,16,1152,506.262
923,1728,16,1728,567.318
923,1728,16,2592,677.568
923,1728,16,3888,849.452
923,1728,16,5832,1119.41
923,1728,16,8748,1524.06
923,1728,16,13122,2082.48
923,1728,16,16384,2509.86
923,1728,32,512,544.918
923,1728,32,768,602.774
923,1728,32,1152,686.744
923,1728,32,1728,795.372
923,1728,32,2592,995.246
923,1728,32,3888,1346.69
923,1728,32,5832,1846.49
923,1728,32,8748,2768.64
923,1728,32,13122,4450.44
923,1728,32,16384,5570.72
923,1728,64,512,767.576
923,1728,64,768,891.8
923,1728,64,1152,1059.99
923,1728,64,1728,1297.11
923,1728,64,2592,1741.23
923,1728,64,3888,2745.68
923,1728,64,5832,4755.18
923,1728,64,8748,7156.32
923,1728,64,13122,10966
923,1728,64,16384,14318
923,1728,128,512,1254.32
923,1728,128,768,1549
923,1728,128,1152,1976.48
923,1728,128,1728,2586.04
923,1728,128,2592,5300.96
923,1728,128,3888,10159
923,1728,128,5832,15367.3
923,1728,128,8748,22795.4
923,1728,128,13122,34914.6
923,1728,128,16384,43496.2
923,2592,0,0,430.4
923,2592,1,512,434.796
923,2592,1,768,435.992
923,2592,1,1152,438.678
923,2592,1,1728,438.038
923,2592,1,2592,436.802
923,2592,1,3888,463.704
923,2592,1,5832,539.82
923,2592,1,8748,662.208
923,2592,1,13122,836.416
923,2592,1,16384,970.134
923,2592,2,512,443.286
923,2592,2,768,443.01
923,2592,2,1152,441.92
923,2592,2,1728,446.7
923,2592,2,2592,447.978
923,2592,2,3888,497.558
923,2592,2,5832,637.312
923,2592,2,8748,765.912
923,2592,2,13122,944.322
923,2592,2,16384,1077.48
923,2592,4,512,453.804
923,2592,4,768,461.676
923,2592,4,1152,478.122
923,2592,4,1728,504.128
923,2592,4,2592,540.12
923,2592,4,3888,589.122
923,2592,4,5832,674.52
923,2592,4,8748,889.218
923,2592,4,13122,1114.22
923,2592,4,16384,1246.87
923,2592,8,512,483.372
923,2592,8,768,501.036
923,2592,8,1152,530.432
923,2592,8,1728,554.988
923,2592,8,2592,577.388
923,2592,8,3888,686.85
923,2592,8,5832,844.46
923,2592,8,8748,1097.07
923,2592,8,13122,1422.81
923,2592,8,16384,1697.67
923,2592,16,512,544.896
923,2592,16,768,578.818
923,2592,16,1152,618.904
923,2592,16,1728,678.722
923,2592,16,2592,789.228
923,2592,16,3888,946.476
923,2592,16,5832,1199.28
923,2592,16,8748,1602.6
923,2592,16,13122,2277.68
923,2592,16,16384,2739.46
923,2592,32,512,657.41
923,2592,32,768,715.586
923,2592,32,1152,801.666
923,2592,32,1728,916.14
923,2592,32,2592,1094.79
923,2592,32,3888,1407.02
923,2592,32,5832,1943.09
923,2592,32,8748,2928.08
923,2592,32,13122,4828.34
923,2592,32,16384,6007.9
923,2592,64,512,883.138
923,2592,64,768,1005.93
923,2592,64,1152,1186.29
923,2592,64,1728,1419.55
923,2592,64,2592,1840.09
923,2592,64,3888,2795.36
923,2592,64,5832,5503.52
923,2592,64,8748,8890.3
923,2592,64,13122,13756.9
923,2592,64,16384,18938.6
923,2592,128,512,1374.47
923,2592,128,768,1645.83
923,2592,128,1152,2089.42
923,2592,128,1728,2696
923,2592,128,2592,5098.24
923,2592,128,3888,8616.86
923,2592,128,5832,15978.8
923,2592,128,8748,23835.4
923,2592,128,13122,35626.2
923,2592,128,16384,44417.8
923,3888,0,0,581.376
923,3888,1,512,589.056
923,3888,1,768,588.65
923,3888,1,1152,587.69
923,3888,1,1728,589.036
923,3888,1,2592,589.632
923,3888,1,3888,590.188
923,3888,1,5832,640.662
923,3888,1,8748,762.476
923,3888,1,13122,937.622
923,3888,1,16384,1070.79
923,3888,2,512,597.06
923,3888,2,768,593.75
923,3888,2,1152,596.864
923,3888,2,1728,592.77
923,3888,2,2592,600.066
923,3888,2,3888,601.836
923,3888,2,5832,705.474
923,3888,2,8748,912.79
923,3888,2,13122,1097.32
923,3888,2,16384,1233.6
923,3888,4,512,606.208
923,3888,4,768,612.804
923,3888,4,1152,626.54
923,3888,4,1728,652.608
923,3888,4,2592,694.636
923,3888,4,3888,744.302
923,3888,4,5832,819.886
923,3888,4,8748,958.04
923,3888,4,13122,1279.53
923,3888,4,16384,1426.16
923,3888,8,512,636.524
923,3888,8,768,648.768
923,3888,8,1152,673.176
923,3888,8,1728,727.66
923,3888,8,2592,767.598
923,3888,8,3888,786.968
923,3888,8,5832,980.418
923,3888,8,8748,1187.65
923,3888,8,13122,1557.02
923,3888,8,16384,1816.02
923,3888,16,512,693.698
923,3888,16,768,730.112
923,3888,16,1152,779.18
923,3888,16,1728,840.9
923,3888,16,2592,936.812
923,3888,16,3888,1101.85
923,3888,16,5832,1334.19
923,3888,16,8748,1733.06
923,3888,16,13122,2371.58
923,3888,16,16384,3232.84
923,3888,32,512,819.374
923,3888,32,768,875.65
923,3888,32,1152,966.188
923,3888,32,1728,1077.08
923,3888,32,2592,1271.21
923,3888,32,3888,1526.26
923,3888,32,5832,2026.92
923,3888,32,8748,3053.72
923,3888,32,13122,6311.1
923,3888,32,16384,8205.34
923,3888,64,512,1041.75
923,3888,64,768,1167.62
923,3888,64,1152,1354.63
923,3888,64,1728,1588.61
923,3888,64,2592,1986.57
923,3888,64,3888,3096.7
923,3888,64,5832,4983.7
923,3888,64,8748,11092.4
923,3888,64,13122,17282
923,3888,64,16384,21658.6
923,3888,128,512,1531.67
923,3888,128,768,1821.04
923,3888,128,1152,2222.64
923,3888,128,1728,2844.08
923,3888,128,2592,5203.24
923,3888,128,3888,8965.2
923,3888,128,5832,15937.4
923,3888,128,8748,23859.2
923,3888,128,13122,35667.8
923,3888,128,16384,44502.2
923,5832,0,0,818.732
923,5832,1,512,823.574
923,5832,1,768,821.55
923,5832,1,1152,824.426
923,5832,1,1728,821.442
923,5832,1,2592,824.47
923,5832,1,3888,823.618
923,5832,1,5832,824.514
923,5832,1,8748,920.6
923,5832,1,13122,1095.47
923,5832,1,16384,1229.57
923,5832,2,512,826.456
923,5832,2,768,829.828
923,5832,2,1152,829.932
923,5832,2,1728,828.588
923,5832,2,2592,832.192
923,5832,2,3888,832.004
923,5832,2,5832,837.164
923,5832,2,8748,1035.67
923,5832,2,13122,1325.72
923,5832,2,16384,1459.18
923,5832,4,512,837.974
923,5832,4,768,846.592
923,5832,4,1152,865.494
923,5832,4,1728,887.808
923,5832,4,2592,925.656
923,5832,4,3888,980.738
923,5832,4,5832,1061.46
923,5832,4,8748,1179.37
923,5832,4,13122,1390.64
923,5832,4,16384,1660.42
923,5832,8,512,870.742
923,5832,8,768,882.754
923,5832,8,1152,904.492
923,5832,8,1728,928.728
923,5832,8,2592,1033.45
923,5832,8,3888,1080.45
923,5832,8,5832,1104.62
923,5832,8,8748,1426.6
923,5832,8,13122,1723.4
923,5832,8,16384,2057.32
923,5832,16,512,924.588
923,5832,16,768,958.36
923,5832,16,1152,1008.92
923,5832,16,1728,1081.01
923,5832,16,2592,1189.87
923,5832,16,3888,1333.19
923,5832,16,5832,1580.66
923,5832,16,8748,1943.26
923,5832,16,13122,2614.26
923,5832,16,16384,3268.5
923,5832,32,512,1049.79
923,5832,32,768,1117.1
923,5832,32,1152,1207.51
923,5832,32,1728,1330.39
923,5832,32,2592,1538.26
923,5832,32,3888,1796.91
923,5832,32,5832,2161.86
923,5832,32,8748,2995.36
923,5832,32,13122,5443.26
923,5832,32,16384,7833.82
923,5832,64,512,1288.77
923,5832,64,768,1414.85
923,5832,64,1152,1603.25
923,5832,64,1728,1850.57
923,5832,64,2592,2246.18
923,5832,64,3888,3038.22
923,5832,64,5832,4850.36
923,5832,64,8748,10380.3
923,5832,64,13122,17246.9
923,5832,64,16384,21720.6
923,5832,128,512,1773.87
923,5832,128,768,2061.66
923,5832,128,1152,2487.98
923,5832,128,1728,3074.76
923,5832,128,2592,6224.24
923,5832,128,3888,10195.3
923,5832,128,5832,13444.9
923,5832,128,8748,23898.8
923,5832,128,13122,35714.2
923,5832,128,16384,44569.4
923,8748,0,0,1168.19
923,8748,1,512,1168.32
923,8748,1,768,1171.82
923,8748,1,1152,1172.65
923,8748,1,1728,1174.06
923,8748,1,2592,1170.65
923,8748,1,3888,1168.9
923,8748,1,5832,1175.38
923,8748,1,8748,1177.19
923,8748,1,13122,1324.42
923,8748,1,16384,1461.1
923,8748,2,512,1176.26
923,8748,2,768,1172.8
923,8748,2,1152,1180.78
923,8748,2,1728,1178.97
923,8748,2,2592,1176.62
923,8748,2,3888,1178.29
923,8748,2,5832,1179.48
923,8748,2,8748,1190.98
923,8748,2,13122,1505.69
923,8748,2,16384,1778.49
923,8748,4,512,1186.54
923,8748,4,768,1192.9
923,8748,4,1152,1211.44
923,8748,4,1728,1232.75
923,8748,4,2592,1271.42
923,8748,4,3888,1322.2
923,8748,4,5832,1411.07
923,8748,4,8748,1533.23
923,8748,4,13122,1698.76
923,8748,4,16384,1840.86
923,8748,8,512,1216.11
923,8748,8,768,1226.69
923,8748,8,1152,1245.14
923,8748,8,1728,1269.04
923,8748,8,2592,1309.78
923,8748,8,3888,1486.13
923,8748,8,5832,1548.38
923,8748,8,8748,1578.07
923,8748,8,13122,2085.94
923,8748,8,16384,2262.02
923,8748,16,512,1272.6
923,8748,16,768,1301.59
923,8748,16,1152,1350.94
923,8748,16,1728,1423.43
923,8748,16,2592,1539.52
923,8748,16,3888,1694.4
923,8748,16,5832,1914.74
923,8748,16,8748,2318.38
923,8748,16,13122,2872.64
923,8748,16,16384,3417.74
923,8748,32,512,1387.74
923,8748,32,768,1451.99
923,8748,32,1152,1557.72
923,8748,32,1728,1688.45
923,8748,32,2592,1902.4
923,8748,32,3888,2204.64
923,8748,32,5832,2597.02
923,8748,32,8748,3156.02
923,8748,32,13122,5218.3
923,8748,32,16384,7077.72
923,8748,64,512,1640.11
923,8748,64,768,1774.85
923,8748,64,1152,1963.19
923,8748,64,1728,2217.28
923,8748,64,2592,2630.3
923,8748,64,3888,3227.32
923,8748,64,5832,5646.1
923,8748,64,8748,7179.54
923,8748,64,13122,17363.1
923,8748,64,16384,21241.8
923,8748,128,512,2124.7
923,8748,128,768,2414.88
923,8748,128,1152,2846.04
923,8748,128,1728,3452.32
923,8748,128,2592,6844.28
923,8748,128,3888,9733.56
923,8748,128,5832,16101.6
923,8748,128,8748,23237
923,8748,128,13122,35768
923,8748,128,16384,44572.2
923,13122,0,0,1703.28
923,13122,1,512,1701.76
923,13122,1,768,1702.87
923,13122,1,1152,1705.86
923,13122,1,1728,1703.04
923,13122,1,2592,1705.31
923,13122,1,3888,1705.92
923,13122,1,5832,1706.2
923,13122,1,8748,1703.6
923,13122,1,13122,1713.88
923,13122,1,16384,1825.35
923,13122,2,512,1706.18
923,13122,2,768,1706.28
923,13122,2,1152,1708.42
923,13122,2,1728,1708.14
923,13122,2,2592,1711.06
923,13122,2,3888,1709.42
923,13122,2,5832,1711.98
923,13122,2,8748,1712.26
923,13122,2,13122,1732.85
923,13122,2,16384,1982.57
923,13122,4,512,1715.67
923,13122,4,768,1722.8
923,13122,4,1152,1739.71
923,13122,4,1728,1761.88
923,13122,4,2592,1798.19
923,13122,4,3888,1856.22
923,13122,4,5832,1940.72
923,13122,4,8748,2071.3
923,13122,4,13122,2248.36
923,13122,4,16384,2375.76
923,13122,8,512,1742.59
923,13122,8,768,1757.06
923,13122,8,1152,1777.56
923,13122,8,1728,1795.63
923,13122,8,2592,1839.07
923,13122,8,3888,1898.42
923,13122,8,5832,2173.34
923,13122,8,8748,2263.7
923,13122,8,13122,2316.48
923,13122,8,16384,2712.16
923,13122,16,512,1798.08
923,13122,16,768,1828.48
923,13122,16,1152,1881.58
923,13122,16,1728,1950.11
923,13122,16,2592,2072.34
923,13122,16,3888,2234.44
923,13122,16,5832,2479.3
923,13122,16,8748,2826.94
923,13122,16,13122,3430.32
923,13122,16,16384,3881.44
923,13122,32,512,1918.62
923,13122,32,768,1973.89
923,13122,32,1152,2076.92
923,13122,32,1728,2220.66
923,13122,32,2592,2445.96
923,13122,32,3888,2753.4
923,13122,32,5832,3255.72
923,13122,32,8748,3979.72
923,13122,32,13122,4651.36
923,13122,32,16384,5550.9
923,13122,64,512,2166.42
923,13122,64,768,2314.52
923,13122,64,1152,2523.08
923,13122,64,1728,2773.42
923,13122,64,2592,3208.82
923,13122,64,3888,4062.42
923,13122,64,5832,4864.04
923,13122,64,8748,11180
923,13122,64,13122,10945.6
923,13122,64,16384,20292.8
923,13122,128,512,2676.3
923,13122,128,768,2943.52
923,13122,128,1152,3382.24
923,13122,128,1728,3983.24
923,13122,128,2592,7475.68
923,13122,128,3888,11109.4
923,13122,128,5832,16097.3
923,13122,128,8748,24055.6
923,13122,128,13122,35089.2
923,13122,128,16384,44671
923,16384,0,0,2096.62
923,16384,1,512,2097.66
923,16384,1,768,2096.2
923,16384,1,1152,2096.02
923,16384,1,1728,2097.7
923,16384,1,2592,2098.36
923,16384,1,3888,2099.58
923,16384,1,5832,2098.8
923,16384,1,8748,2099.88
923,16384,1,13122,2099.92
923,16384,1,16384,2111.46
923,16384,2,512,2098.92
923,16384,2,768,2101.66
923,16384,2,1152,2101.24
923,16384,2,1728,2103.2
923,16384,2,2592,2103
923,16384,2,3888,2103.96
923,16384,2,5832,2104.86
923,16384,2,8748,2115.62
923,16384,2,13122,2109.78
923,16384,2,16384,2125.66
923,16384,4,512,2110.04
923,16384,4,768,2115.58
923,16384,4,1152,2127.34
923,16384,4,1728,2153.46
923,16384,4,2592,2198.02
923,16384,4,3888,2248.44
923,16384,4,5832,2331.26
923,16384,4,8748,2463.66
923,16384,4,13122,2652.74
923,16384,4,16384,2792.82
923,16384,8,512,2138.14
923,16384,8,768,2150.62
923,16384,8,1152,2173.28
923,16384,8,1728,2191.84
923,16384,8,2592,2230.14
923,16384,8,3888,2289.38
923,16384,8,5832,2449.76
923,16384,8,8748,2762.72
923,16384,8,13122,2799.4
923,16384,8,16384,2872.26
923,16384,16,512,2192.82
923,16384,16,768,2215.46
923,16384,16,1152,2270.88
923,16384,16,1728,2338.44
923,16384,16,2592,2455.18
923,16384,16,3888,2629.68
923,16384,16,5832,2870.66
923,16384,16,8748,3246.4
923,16384,16,13122,3762.98
923,16384,16,16384,4263.56
923,16384,32,512,2306.7
923,16384,32,768,2364.84
923,16384,32,1152,2463.96
923,16384,32,1728,2604.98
923,16384,32,2592,2843.2
923,16384,32,3888,3158.72
923,16384,32,5832,3597.54
923,16384,32,8748,4306.78
923,16384,32,13122,5098.52
923,16384,32,16384,5762.7
923,16384,64,512,2545.36
923,16384,64,768,2691.9
923,16384,64,1152,2912.04
923,16384,64,1728,3175.36
923,16384,64,2592,3616.1
923,16384,64,3888,4411.64
923,16384,64,5832,6394.42
923,16384,64,8748,6898.98
923,16384,64,13122,11659.6
923,16384,64,16384,15854.5
923,16384,128,512,3077.36
923,16384,128,768,3343.84
923,16384,128,1152,3763.78
923,16384,128,1728,4376.42
923,16384,128,2592,7672.46
923,16384,128,3888,11292.7
923,16384,128,5832,16413.1
923,16384,128,8748,23870.6
923,16384,128,13122,35977.8
923,16384,128,16384,44163.2
1024,0,0,0,122.133
1024,0,1,16,124.949
1024,0,1,32,124.161
1024,0,1,64,125.033
1024,0,1,128,124.501
1024,0,1,256,126.059
1024,0,1,512,128.533
1024,0,1,1024,134.53
1024,0,1,2048,178.198
1024,0,1,4096,261.014
1024,0,1,8192,424.45
1024,0,1,16384,755.18
1024,0,2,16,127.575
1024,0,2,32,127.488
1024,0,2,64,128.215
1024,0,2,128,129.28
1024,0,2,256,131.286
1024,0,2,512,134.677
1024,0,2,1024,145.345
1024,0,2,2048,196.246
1024,0,2,4096,279.104
1024,0,2,8192,443.458
1024,0,2,16384,775.488
1024,0,4,16,134.166
1024,0,4,32,133.78
1024,0,4,64,133.333
1024,0,4,128,137.515
1024,0,4,256,141.119
1024,0,4,512,147.563
1024,0,4,1024,166.377
1024,0,4,2048,227.2
1024,0,4,4096,333.058
1024,0,4,8192,501.226
1024,0,4,16384,831.362
1024,0,8,16,147.03
1024,0,8,32,147.563
1024,0,8,64,148.223
1024,0,8,128,155.135
1024,0,8,256,161.815
1024,0,8,512,175.594
1024,0,8,1024,208.896
1024,0,8,2048,297.046
1024,0,8,4096,457.9
1024,0,8,8192,802.71
1024,0,8,16384,1490.5
1024,0,16,16,173.377
1024,0,16,32,174.143
1024,0,16,64,174.315
1024,0,16,128,187.969
1024,0,16,256,202.688
1024,0,16,512,229.952
1024,0,16,1024,292.032
1024,0,16,2048,435.032
1024,0,16,4096,706.286
1024,0,16,8192,1225.71
1024,0,16,16384,2267.02
1024,0,32,16,224.47
1024,0,32,32,224.448
1024,0,32,64,225.28
1024,0,32,128,253.014
1024,0,32,256,281.196
1024,0,32,512,335.638
1024,0,32,1024,458.176
1024,0,32,2048,718.784
1024,0,32,4096,1248.34
1024,0,32,8192,2461.48
1024,0,32,16384,4756.06
1024,0,64,16,325.056
1024,0,64,32,325.292
1024,0,64,64,328.236
1024,0,64,128,381.378
1024,0,64,256,438.892
1024,0,64,512,556.738
1024,0,64,1024,816.044
1024,0,64,2048,1322.24
1024,0,64,4096,2984.44
1024,0,64,8192,5920.32
1024,0,64,16384,11737
1024,0,128,16,526.294
1024,0,128,32,528.342
1024,0,128,64,531.328
1024,0,128,128,638.274
1024,0,128,256,769.644
1024,0,128,512,1074.93
1024,0,128,1024,1649.14
1024,0,128,2048,3233.54
1024,0,128,4096,8701.44
1024,0,128,8192,17489.1
1024,0,128,16384,43410.4
1024,16,0,0,131.797
1024,16,1,16,133.483
1024,16,1,32,134.272
1024,16,1,64,134.358
1024,16,1,128,134.955
1024,16,1,256,136.363
1024,16,1,512,138.709
1024,16,1,1024,140.907
1024,16,1,2048,186.028
1024,16,1,4096,266.966
1024,16,1,8192,431.232
1024,16,1,16384,760.768
1024,16,2,16,137.793
1024,16,2,32,138.603
1024,16,2,64,137.812
1024,16,2,128,140.139
1024,16,2,256,141.569
1024,16,2,512,144.684
1024,16,2,1024,152.469
1024,16,2,2048,202.176
1024,16,2,4096,285.078
1024,16,2,8192,451.628
1024,16,2,16384,783.126
1024,16,4,16,142.549
1024,16,4,32,144.023
1024,16,4,64,144.619
1024,16,4,128,148.247
1024,16,4,256,151.125
1024,16,4,512,157.441
1024,16,4,1024,172.757
1024,16,4,2048,234.626
1024,16,4,4096,344.918
1024,16,4,8192,511.788
1024,16,4,16384,845.676
1024,16,8,16,156.95
1024,16,8,32,157.611
1024,16,8,64,158.806
1024,16,8,128,165.078
1024,16,8,256,173.036
1024,16,8,512,185.431
1024,16,8,1024,215.766
1024,16,8,2048,303.104
1024,16,8,4096,463.788
1024,16,8,8192,806.914
1024,16,8,16384,1488.69
1024,16,16,16,182.572
1024,16,16,32,185.088
1024,16,16,64,184.108
1024,16,16,128,198.187
1024,16,16,256,213.184
1024,16,16,512,238.914
1024,16,16,1024,299.136
1024,16,16,2048,440.834
1024,16,16,4096,715.78
1024,16,16,8192,1233.96
1024,16,16,16384,2272.2
1024,16,32,16,234.006
1024,16,32,32,234.22
1024,16,32,64,236.074
1024,16,32,128,262.316
1024,16,32,256,290.028
1024,16,32,512,346.198
1024,16,32,1024,464.62
1024,16,32,2048,724.544
1024,16,32,4096,1254.28
1024,16,32,8192,2466.22
1024,16,32,16384,4755.96
1024,16,64,16,333.568
1024,16,64,32,335.938
1024,16,64,64,338.924
1024,16,64,128,390.612
1024,16,64,256,449.22
1024,16,64,512,568.684
1024,16,64,1024,823.362
1024,16,64,2048,1328.79
1024,16,64,4096,2989.3
1024,16,64,8192,5906.78
1024,16,64,16384,11746.8
1024,16,128,16,536.236
1024,16,128,32,539.31
1024,16,128,64,543.17
1024,16,128,128,649.24
1024,16,128,256,780.012
1024,16,128,512,1081.03
1024,16,128,1024,1656.94
1024,16,128,2048,3242.44
1024,16,128,4096,8696.82
1024,16,128,8192,17515.8
1024,16,128,16384,43365.2
1024,32,0,0,130.923
1024,32,1,16,133.909
1024,32,1,32,134.251
1024,32,1,64,135.02
1024,32,1,128,135.189
1024,32,1,256,135.915
1024,32,1,512,137.387
1024,32,1,1024,140.631
1024,32,1,2048,185.045
1024,32,1,4096,267.03
1024,32,1,8192,430.808
1024,32,1,16384,760.938
1024,32,2,16,136.32
1024,32,2,32,138.091
1024,32,2,64,137.237
1024,32,2,128,139.925
1024,32,2,256,141.377
1024,32,2,512,145.942
1024,32,2,1024,151.957
1024,32,2,2048,203.306
1024,32,2,4096,286.316
1024,32,2,8192,452.416
1024,32,2,16384,780.48
1024,32,4,16,144.662
1024,32,4,32,142.933
1024,32,4,64,144.448
1024,32,4,128,147.371
1024,32,4,256,151.233
1024,32,4,512,157.76
1024,32,4,1024,172.458
1024,32,4,2048,234.688
1024,32,4,4096,345.066
1024,32,4,8192,510.19
1024,32,4,16384,844.268
1024,32,8,16,157.845
1024,32,8,32,157.589
1024,32,8,64,157.738
1024,32,8,128,165.099
1024,32,8,256,172.844
1024,32,8,512,185.857
1024,32,8,1024,215.53
1024,32,8,2048,303.212
1024,32,8,4096,464.384
1024,32,8,8192,805.1
1024,32,8,16384,1490.75
1024,32,16,16,183.639
1024,32,16,32,182.7
1024,32,16,64,184.021
1024,32,16,128,198.443
1024,32,16,256,213.12
1024,32,16,512,240.832
1024,32,16,1024,298.88
1024,32,16,2048,441.238
1024,32,16,4096,717.802
1024,32,16,8192,1234.84
1024,32,16,16384,2280.84
1024,32,32,16,234.688
1024,32,32,32,235.82
1024,32,32,64,235.288
1024,32,32,128,263.212
1024,32,32,256,291.308
1024,32,32,512,345.302
1024,32,32,1024,465.41
1024,32,32,2048,725.846
1024,32,32,4096,1252.91
1024,32,32,8192,2462.5
1024,32,32,16384,4757.06
1024,32,64,16,334.402
1024,32,64,32,335.746
1024,32,64,64,338.604
1024,32,64,128,391.15
1024,32,64,256,449.602
1024,32,64,512,567.958
1024,32,64,1024,822.744
1024,32,64,2048,1328.88
1024,32,64,4096,2985.86
1024,32,64,8192,5909.96
1024,32,64,16384,11751.2
1024,32,128,16,535.448
1024,32,128,32,538.434
1024,32,128,64,542.402
1024,32,128,128,648.556
1024,32,128,256,779.502
1024,32,128,512,1081.54
1024,32,128,1024,1658.97
1024,32,128,2048,3235.16
1024,32,128,4096,8698.22
1024,32,128,8192,17378.3
1024,32,128,16384,43417.6
1024,64,0,0,132.224
1024,64,1,16,133.782
1024,64,1,32,135.531
1024,64,1,64,136
1024,64,1,128,135.575
1024,64,1,256,136.341
1024,64,1,512,137.6
1024,64,1,1024,141.611
1024,64,1,2048,184.512
1024,64,1,4096,267.05
1024,64,1,8192,431.874
1024,64,1,16384,760.044
1024,64,2,16,136.897
1024,64,2,32,138.411
1024,64,2,64,138.091
1024,64,2,128,140.801
1024,64,2,256,142.464
1024,64,2,512,144.79
1024,64,2,1024,152.277
1024,64,2,2048,201.556
1024,64,2,4096,286.294
1024,64,2,8192,452.522
1024,64,2,16384,778.542
1024,64,4,16,144.789
1024,64,4,32,144.001
1024,64,4,64,144.128
1024,64,4,128,147.818
1024,64,4,256,150.699
1024,64,4,512,157.889
1024,64,4,1024,172.95
1024,64,4,2048,235.032
1024,64,4,4096,344.576
1024,64,4,8192,510.338
1024,64,4,16384,849.09
1024,64,8,16,158.337
1024,64,8,32,158.186
1024,64,8,64,157.376
1024,64,8,128,166.273
1024,64,8,256,172.993
1024,64,8,512,187.52
1024,64,8,1024,215.552
1024,64,8,2048,303.918
1024,64,8,4096,465.366
1024,64,8,8192,807.276
1024,64,8,16384,1492.03
1024,64,16,16,183.19
1024,64,16,32,184.749
1024,64,16,64,184
1024,64,16,128,198.72
1024,64,16,256,212.972
1024,64,16,512,239.424
1024,64,16,1024,298.54
1024,64,16,2048,441.878
1024,64,16,4096,717.27
1024,64,16,8192,1236.18
1024,64,16,16384,2274.88
1024,64,32,16,234.73
1024,64,32,32,234.668
1024,64,32,64,235.586
1024,64,32,128,263.276
1024,64,32,256,292.29
1024,64,32,512,345.408
1024,64,32,1024,464.492
1024,64,32,2048,726.444
1024,64,32,4096,1253.55
1024,64,32,8192,2461.16
1024,64,32,16384,4759.3
1024,64,64,16,334.572
1024,64,64,32,336.108
1024,64,64,64,339.072
1024,64,64,128,391.618
1024,64,64,256,449.218
1024,64,64,512,567.17
1024,64,64,1024,823.042
1024,64,64,2048,1330.29
1024,64,64,4096,2981.28
1024,64,64,8192,5926.52
1024,64,64,16384,11808.4
1024,64,128,16,536.856
1024,64,128,32,538.584
1024,64,128,64,543.362
1024,64,128,128,650.05
1024,64,128,256,779.864
1024,64,128,512,1081.22
1024,64,128,1024,1660.08
1024,64,128,2048,3233.62
1024,64,128,4096,8701.14
1024,64,128,8192,18276.4
1024,64,128,16384,42925.8
1024,128,0,0,138.902
1024,128,1,16,141.823
1024,128,1,32,140.651
1024,128,1,64,141.399
1024,128,1,128,143.083
1024,128,1,256,143.489
1024,128,1,512,145.515
1024,128,1,1024,148.223
1024,128,1,2048,191.765
1024,128,1,4096,275.264
1024,128,1,8192,439.36
1024,128,1,16384,768.214
1024,128,2,16,145.835
1024,128,2,32,145.408
1024,128,2,64,144.747
1024,128,2,128,146.091
1024,128,2,256,148.779
1024,128,2,512,151.404
1024,128,2,1024,159.337
1024,128,2,2048,206.572
1024,128,2,4096,294.208
1024,128,2,8192,460.374
1024,128,2,16384,789.57
1024,128,4,16,151.722
1024,128,4,32,151.509
1024,128,4,64,151.573
1024,128,4,128,155.393
1024,128,4,256,159.787
1024,128,4,512,165.889
1024,128,4,1024,179.86
1024,128,4,2048,241.898
1024,128,4,4096,356.8
1024,128,4,8192,523.03
1024,128,4,16384,860.288
1024,128,8,16,165.227
1024,128,8,32,165.249
1024,128,8,64,165.013
1024,128,8,128,172.479
1024,128,8,256,180.139
1024,128,8,512,195.393
1024,128,8,1024,222.4
1024,128,8,2048,309.696
1024,128,8,4096,471.98
1024,128,8,8192,812.482
1024,128,8,16384,1497.11
1024,128,16,16,190.614
1024,128,16,32,191.19
1024,128,16,64,191.893
1024,128,16,128,206.144
1024,128,16,256,219.712
1024,128,16,512,248.618
1024,128,16,1024,305.75
1024,128,16,2048,448.746
1024,128,16,4096,728.472
1024,128,16,8192,1245.29
1024,128,16,16384,2282.64
1024,128,32,16,242.562
1024,128,32,32,241.388
1024,128,32,64,242.73
1024,128,32,128,270.314
1024,128,32,256,299.136
1024,128,32,512,354.09
1024,128,32,1024,472.278
1024,128,32,2048,732.206
1024,128,32,4096,1259.91
1024,128,32,8192,2472.68
1024,128,32,16384,4771.34
1024,128,64,16,342.656
1024,128,64,32,343.958
1024,128,64,64,346.56
1024,128,64,128,398.38
1024,128,64,256,456.62
1024,128,64,512,576
1024,128,64,1024,829.314
1024,128,64,2048,1336.24
1024,128,64,4096,2975.5
1024,128,64,8192,5930.54
1024,128,64,16384,11785.2
1024,128,128,16,545.366
1024,128,128,32,546.328
1024,128,128,64,551.256
1024,128,128,128,657.004
1024,128,128,256,788.676
1024,128,128,512,1087.07
1024,128,128,1024,1667.29
1024,128,128,2048,3251.18
1024,128,128,4096,8704.02
1024,128,128,8192,18205.2
1024,128,128,16384,41463.2
1024,256,0,0,155.798
1024,256,1,16,158.592
1024,256,1,32,159.361
1024,256,1,64,158.569
1024,256,1,128,160.299
1024,256,1,256,161.323
1024,256,1,512,162.197
1024,256,1,1024,165.527
1024,256,1,2048,203.69
1024,256,1,4096,287.894
1024,256,1,8192,454.274
1024,256,1,16384,784.408
1024,256,2,16,161.152
1024,256,2,32,162.326
1024,256,2,64,162.88
1024,256,2,128,164.523
1024,256,2,256,166.165
1024,256,2,512,168.919
1024,256,2,1024,176.661
1024,256,2,2048,222.378
1024,256,2,4096,310.954
1024,256,2,8192,475.286
1024,256,2,16384,807.084
1024,256,4,16,168.299
1024,256,4,32,168.811
1024,256,4,64,168.769
1024,256,4,128,171.925
1024,256,4,256,175.488
1024,256,4,512,184.235
1024,256,4,1024,194.581
1024,256,4,2048,255.872
1024,256,4,4096,379.948
1024,256,4,8192,547.052
1024,256,4,16384,883.092
1024,256,8,16,182.592
1024,256,8,32,182.4
1024,256,8,64,184.106
1024,256,8,128,189.653
1024,256,8,256,197.844
1024,256,8,512,211.948
1024,256,8,1024,236.758
1024,256,8,2048,324.844
1024,256,8,4096,487.916
1024,256,8,8192,822.572
1024,256,8,16384,1504.19
1024,256,16,16,209.068
1024,256,16,32,209.13
1024,256,16,64,209.024
1024,256,16,128,223.062
1024,256,16,256,238.7
1024,256,16,512,265.346
1024,256,16,1024,319.53
1024,256,16,2048,463.018
1024,256,16,4096,746.776
1024,256,16,8192,1262.38
1024,256,16,16384,2300.96
1024,256,32,16,258.474
1024,256,32,32,259.222
1024,256,32,64,261.25
1024,256,32,128,289.11
1024,256,32,256,316.8
1024,256,32,512,373.036
1024,256,32,1024,486.806
1024,256,32,2048,745.944
1024,256,32,4096,1273.18
1024,256,32,8192,2461.2
1024,256,32,16384,4782.26
1024,256,64,16,361.174
1024,256,64,32,361.728
1024,256,64,64,364.396
1024,256,64,128,418.306
1024,256,64,256,475.478
1024,256,64,512,591.852
1024,256,64,1024,842.776
1024,256,64,2048,1350.06
1024,256,64,4096,2966.2
1024,256,64,8192,5913.12
1024,256,64,16384,11781.5
1024,256,128,16,562.2
1024,256,128,32,565.102
1024,256,128,64,569.688
1024,256,128,128,675.95
1024,256,128,256,805.464
1024,256,128,512,1099.14
1024,256,128,1024,1682.38
1024,256,128,2048,3255.76
1024,256,128,4096,8703.14
1024,256,128,8192,17698.8
1024,256,128,16384,43348
1024,512,0,0,190.018
1024,512,1,16,192.939
1024,512,1,32,192.855
1024,512,1,64,192.513
1024,512,1,128,193.771
1024,512,1,256,194.305
1024,512,1,512,194.773
1024,512,1,1024,198.784
1024,512,1,2048,229.674
1024,512,1,4096,315.37
1024,512,1,8192,480.854
1024,512,1,16384,807.894
1024,512,2,16,195.862
1024,512,2,32,194.987
1024,512,2,64,195.861
1024,512,2,128,197.525
1024,512,2,256,199.978
1024,512,2,512,203.734
1024,512,2,1024,210.432
1024,512,2,2048,249.728
1024,512,2,4096,343.808
1024,512,2,8192,508.458
1024,512,2,16384,836.418
1024,512,4,16,202.432
1024,512,4,32,201.536
1024,512,4,64,202.496
1024,512,4,128,205.782
1024,512,4,256,209.816
1024,512,4,512,217.408
1024,512,4,1024,232.02
1024,512,4,2048,281.92
1024,512,4,4096,403.628
1024,512,4,8192,593.644
1024,512,4,16384,925.486
1024,512,8,16,216.044
1024,512,8,32,215.958
1024,512,8,64,216.532
1024,512,8,128,223.808
1024,512,8,256,231.19
1024,512,8,512,246.358
1024,512,8,1024,271.446
1024,512,8,2048,353.77
1024,512,8,4096,519.66
1024,512,8,8192,848.45
1024,512,8,16384,1520.06
1024,512,16,16,242.262
1024,512,16,32,243.222
1024,512,16,64,243.69
1024,512,16,128,256.81
1024,512,16,256,272.768
1024,512,16,512,300.694
1024,512,16,1024,354.88
1024,512,16,2048,492.546
1024,512,16,4096,770.838
1024,512,16,8192,1301.72
1024,512,16,16384,2337.46
1024,512,32,16,293.548
1024,512,32,32,295.872
1024,512,32,64,296.448
1024,512,32,128,323.626
1024,512,32,256,352.172
1024,512,32,512,407.724
1024,512,32,1024,516.992
1024,512,32,2048,773.058
1024,512,32,4096,1299.63
1024,512,32,8192,2474.88
1024,512,32,16384,4870.46
1024,512,64,16,395.948
1024,512,64,32,397.12
1024,512,64,64,400.128
1024,512,64,128,453.442
1024,512,64,256,511.468
1024,512,64,512,632.152
1024,512,64,1024,868.054
1024,512,64,2048,1376.43
1024,512,64,4096,3078.04
1024,512,64,8192,5947.3
1024,512,64,16384,11895.6
1024,512,128,16,599.49
1024,512,128,32,602.2
1024,512,128,64,605.1
1024,512,128,128,712.174
1024,512,128,256,842.028
1024,512,128,512,1133.08
1024,512,128,1024,1713.26
1024,512,128,2048,3213.5
1024,512,128,4096,8723.8
1024,512,128,8192,18240.6
1024,512,128,16384,43294.6
1024,1024,0,0,253.036
1024,1024,1,16,255.616
1024,1024,1,32,255.104
1024,1024,1,64,255.98
1024,1024,1,128,255.914
1024,1024,1,256,259.008
1024,1024,1,512,261.054
1024,1024,1,1024,266.026
1024,1024,1,2048,274.154
1024,1024,1,4096,372.714
1024,1024,1,8192,539.542
1024,1024,1,16384,866.39
1024,1024,2,16,259.948
1024,1024,2,32,260.374
1024,1024,2,64,261.206
1024,1024,2,128,262.486
1024,1024,2,256,264.684
1024,1024,2,512,268.354
1024,1024,2,1024,276.736
1024,1024,2,2048,298.368
1024,1024,2,4096,401.088
1024,1024,2,8192,573.57
1024,1024,2,16384,903.382
1024,1024,4,16,265.322
1024,1024,4,32,264.576
1024,1024,4,64,266.71
1024,1024,4,128,268.672
1024,1024,4,256,274.434
1024,1024,4,512,282.282
1024,1024,4,1024,300.096
1024,1024,4,2048,336.896
1024,1024,4,4096,457.494
1024,1024,4,8192,686.422
1024,1024,4,16384,1019.05
1024,1024,8,16,281.92
1024,1024,8,32,281.878
1024,1024,8,64,279.998
1024,1024,8,128,289.772
1024,1024,8,256,299.03
1024,1024,8,512,316.076
1024,1024,8,1024,343.808
1024,1024,8,2048,404.352
1024,1024,8,4096,577.58
1024,1024,8,8192,904.79
1024,1024,8,16384,1567.62
1024,1024,16,16,307.946
1024,1024,16,32,309.674
1024,1024,16,64,311.02
1024,1024,16,128,323.178
1024,1024,16,256,340.608
1024,1024,16,512,371.18
1024,1024,16,1024,425.002
1024,1024,16,2048,547.178
1024,1024,16,4096,829.804
1024,1024,16,8192,1376.94
1024,1024,16,16384,2412.2
1024,1024,32,16,363.5
1024,1024,32,32,362.73
1024,1024,32,64,364.8
1024,1024,32,128,392.514
1024,1024,32,256,421.952
1024,1024,32,512,478.85
1024,1024,32,1024,590.038
1024,1024,32,2048,825.622
1024,1024,32,4096,1353.92
1024,1024,32,8192,2518.96
1024,1024,32,16384,5112.84
1024,1024,64,16,465.792
1024,1024,64,32,465.75
1024,1024,64,64,467.756
1024,1024,64,128,525.186
1024,1024,64,256,583.126
1024,1024,64,512,703.128
1024,1024,64,1024,935.704
1024,1024,64,2048,1430.91
1024,1024,64,4096,2974.06
1024,1024,64,8192,6405.48
1024,1024,64,16384,12512.7
1024,1024,128,16,671.384
1024,1024,128,32,673.58
1024,1024,128,64,679
1024,1024,128,128,783.874
1024,1024,128,256,912.922
1024,1024,128,512,1204.42
1024,1024,128,1024,1776.45
1024,1024,128,2048,3049.88
1024,1024,128,4096,8815.8
1024,1024,128,8192,19831.2
1024,1024,128,16384,43492.4
1024,2048,0,0,376.236
1024,2048,1,16,381.034
1024,2048,1,32,378.582
1024,2048,1,64,381.484
1024,2048,1,128,379.734
1024,2048,1,256,382.826
1024,2048,1,512,385.302
1024,2048,1,1024,390.658
1024,2048,1,2048,386.518
1024,2048,1,4096,460.95
1024,2048,1,8192,661.292
1024,2048,1,16384,991.406
1024,2048,2,16,382.38
1024,2048,2,32,382.996
1024,2048,2,64,383.04
1024,2048,2,128,385.514
1024,2048,2,256,387.2
1024,2048,2,512,392.066
1024,2048,2,1024,400.128
1024,2048,2,2048,439.66
1024,2048,2,4096,508.694
1024,2048,2,8192,696.726
1024,2048,2,16384,1025.69
1024,2048,4,16,387.33
1024,2048,4,32,388.396
1024,2048,4,64,390.314
1024,2048,4,128,391.316
1024,2048,4,256,400.064
1024,2048,4,512,409.216
1024,2048,4,1024,433.09
1024,2048,4,2048,468.098
1024,2048,4,4096,557.91
1024,2048,4,8192,811.904
1024,2048,4,16384,1213.21
1024,2048,8,16,404.012
1024,2048,8,32,403.712
1024,2048,8,64,404.822
1024,2048,8,128,413.098
1024,2048,8,256,421.676
1024,2048,8,512,444.502
1024,2048,8,1024,480.364
1024,2048,8,2048,538.412
1024,2048,8,4096,690.648
1024,2048,8,8192,1042.91
1024,2048,8,16384,1665.8
1024,2048,16,16,434.73
1024,2048,16,32,432.598
1024,2048,16,64,436.65
1024,2048,16,128,451.734
1024,2048,16,256,474.006
1024,2048,16,512,503.532
1024,2048,16,1024,562.752
1024,2048,16,2048,674.474
1024,2048,16,4096,940.546
1024,2048,16,8192,1507.33
1024,2048,16,16384,2616.18
1024,2048,32,16,495.34
1024,2048,32,32,496.364
1024,2048,32,64,497.814
1024,2048,32,128,526.274
1024,2048,32,256,557.634
1024,2048,32,512,614.444
1024,2048,32,1024,729.43
1024,2048,32,2048,947.65
1024,2048,32,4096,1456.79
1024,2048,32,8192,2687.74
1024,2048,32,16384,5887.1
1024,2048,64,16,599.788
1024,2048,64,32,603.884
1024,2048,64,64,607.234
1024,2048,64,128,661.89
1024,2048,64,256,719.426
1024,2048,64,512,844.056
1024,2048,64,1024,1084.97
1024,2048,64,2048,1538.31
1024,2048,64,4096,3082.52
1024,2048,64,8192,7557.94
1024,2048,64,16384,15992.3
1024,2048,128,16,810.54
1024,2048,128,32,813.506
1024,2048,128,64,815.982
1024,2048,128,128,929.178
1024,2048,128,256,1053.06
1024,2048,128,512,1342.92
1024,2048,128,1024,1906.61
1024,2048,128,2048,3137.7
1024,2048,128,4096,11235.5
1024,2048,128,8192,21981.6
1024,2048,128,16384,43820.6
1024,4096,0,0,622.7
1024,4096,1,16,622.762
1024,4096,1,32,622.614
1024,4096,1,64,626.988
1024,4096,1,128,625.642
1024,4096,1,256,624.79
1024,4096,1,512,629.014
1024,4096,1,1024,630.528
1024,4096,1,2048,631.96
1024,4096,1,4096,632.79
1024,4096,1,8192,872.28
1024,4096,1,16384,1239.64
1024,4096,2,16,626.752
1024,4096,2,32,625.452
1024,4096,2,64,627.03
1024,4096,2,128,628.822
1024,4096,2,256,630.4
1024,4096,2,512,634.028
1024,4096,2,1024,644.502
1024,4096,2,2048,682.774
1024,4096,2,4096,769.282
1024,4096,2,8192,922.668
1024,4096,2,16384,1272.42
1024,4096,4,16,632.534
1024,4096,4,32,633.856
1024,4096,4,64,633.708
1024,4096,4,128,638.998
1024,4096,4,256,643.736
1024,4096,4,512,654.294
1024,4096,4,1024,673.366
1024,4096,4,2048,717.206
1024,4096,4,4096,797.868
1024,4096,4,8192,968.578
1024,4096,4,16384,1473.44
1024,4096,8,16,645.442
1024,4096,8,32,647.234
1024,4096,8,64,650.454
1024,4096,8,128,656
1024,4096,8,256,668.14
1024,4096,8,512,686.466
1024,4096,8,1024,729.218
1024,4096,8,2048,809.814
1024,4096,8,4096,956.398
1024,4096,8,8192,1280.6
1024,4096,8,16384,1953.75
1024,4096,16,16,677.486
1024,4096,16,32,677.144
1024,4096,16,64,676.802
1024,4096,16,128,698.134
1024,4096,16,256,718.786
1024,4096,16,512,753.836
1024,4096,16,1024,827.03
1024,4096,16,2048,934.466
1024,4096,16,4096,1180.18
1024,4096,16,8192,1708.78
1024,4096,16,16384,3261.6
1024,4096,32,16,741.398
1024,4096,32,32,744.854
1024,4096,32,64,744.256
1024,4096,32,128,779.5
1024,4096,32,256,818.818
1024,4096,32,512,883.202
1024,4096,32,1024,998.532
1024,4096,32,2048,1227.95
1024,4096,32,4096,1694.98
1024,4096,32,8192,3082.94
1024,4096,32,16384,8249.52
1024,4096,64,16,866.946
1024,4096,64,32,869.102
1024,4096,64,64,871.406
1024,4096,64,128,932.524
1024,4096,64,256,989.55
1024,4096,64,512,1114.07
1024,4096,64,1024,1363.76
1024,4096,64,2048,1835.85
1024,4096,64,4096,3315.64
1024,4096,64,8192,9983.54
1024,4096,64,16384,21803.6
1024,4096,128,16,1082.41
1024,4096,128,32,1086.75
1024,4096,128,64,1089.69
1024,4096,128,128,1205.08
1024,4096,128,256,1331.14
1024,4096,128,512,1608.5
1024,4096,128,1024,2170.7
1024,4096,128,2048,3533.46
1024,4096,128,4096,9577
1024,4096,128,8192,22403
1024,4096,128,16384,44608
1024,8192,0,0,1116.84
1024,8192,1,16,1114.33
1024,8192,1,32,1115.95
1024,8192,1,64,1118.4
1024,8192,1,128,1115.84
1024,8192,1,256,1116.48
1024,8192,1,512,1118.76
1024,8192,1,1024,1118.06
1024,8192,1,2048,1121.22
1024,8192,1,4096,1123.74
1024,8192,1,8192,1126.02
1024,8192,1,16384,1715.21
1024,8192,2,16,1116.1
1024,8192,2,32,1118.61
1024,8192,2,64,1116.76
1024,8192,2,128,1118.32
1024,8192,2,256,1121.03
1024,8192,2,512,1123.99
1024,8192,2,1024,1136.32
1024,8192,2,2048,1173.25
1024,8192,2,4096,1260.99
1024,8192,2,8192,1431.62
1024,8192,2,16384,1750.51
1024,8192,4,16,1125.57
1024,8192,4,32,1124.53
1024,8192,4,64,1121.56
1024,8192,4,128,1127.64
1024,8192,4,256,1132.06
1024,8192,4,512,1144.58
1024,8192,4,1024,1163.82
1024,8192,4,2048,1208.68
1024,8192,4,4096,1295.86
1024,8192,4,8192,1458.39
1024,8192,4,16384,1804.97
1024,8192,8,16,1137.67
1024,8192,8,32,1136.96
1024,8192,8,64,1137.26
1024,8192,8,128,1144.45
1024,8192,8,256,1155.52
1024,8192,8,512,1176.04
1024,8192,8,1024,1218.09
1024,8192,8,2048,1305.88
1024,8192,8,4096,1466.52
1024,8192,8,8192,1790.26
1024,8192,8,16384,2489.16
1024,8192,16,16,1169.81
1024,8192,16,32,1168.79
1024,8192,16,64,1165.72
1024,8192,16,128,1186.69
1024,8192,16,256,1206.06
1024,8192,16,512,1245.51
1024,8192,16,1024,1331.65
1024,8192,16,2048,1484.08
1024,8192,16,4096,1685.23
1024,8192,16,8192,2206.38
1024,8192,16,16384,3317.18
1024,8192,32,16,1232.75
1024,8192,32,32,1230.77
1024,8192,32,64,1233.52
1024,8192,32,128,1270.51
1024,8192,32,256,1306.6
1024,8192,32,512,1390.23
1024,8192,32,1024,1539.05
1024,8192,32,2048,1775.21
1024,8192,32,4096,2236.42
1024,8192,32,8192,3325.74
1024,8192,32,16384,6882.76
1024,8192,64,16,1362.33
1024,8192,64,32,1363.48
1024,8192,64,64,1365.02
1024,8192,64,128,1440.07
1024,8192,64,256,1519.64
1024,8192,64,512,1652.02
1024,8192,64,1024,1906.4
1024,8192,64,2048,2397.48
1024,8192,64,4096,3347.9
1024,8192,64,8192,6706.74
1024,8192,64,16384,21537.2
1024,8192,128,16,1617.95
1024,8192,128,32,1624.01
1024,8192,128,64,1626.59
1024,8192,128,128,1745.03
1024,8192,128,256,1874.69
1024,8192,128,512,2141.64
1024,8192,128,1024,2700.46
1024,8192,128,2048,4040.5
1024,8192,128,4096,11268.3
1024,8192,128,8192,21636.4
1024,8192,128,16384,44657.2
1024,16384,0,0,2113.22
1024,16384,1,16,2113.34
1024,16384,1,32,2112.62
1024,16384,1,64,2112.6
1024,16384,1,128,2111.1
1024,16384,1,256,2116
1024,16384,1,512,2117.64
1024,16384,1,1024,2115.36
1024,16384,1,2048,2121.34
1024,16384,1,4096,2118.2
1024,16384,1,8192,2120
1024,16384,1,16384,2137.78
1024,16384,2,16,2117.38
1024,16384,2,32,2113.84
1024,16384,2,64,2115.8
1024,16384,2,128,2114.12
1024,16384,2,256,2116.82
1024,16384,2,512,2116.7
1024,16384,2,1024,2124.36
1024,16384,2,2048,2160.14
1024,16384,2,4096,2253.36
1024,16384,2,8192,2423.28
1024,16384,2,16384,2757.04
1024,16384,4,16,2117.3
1024,16384,4,32,2117.3
1024,16384,4,64,2114.02
1024,16384,4,128,2123.24
1024,16384,4,256,2124.04
1024,16384,4,512,2132.28
1024,16384,4,1024,2155.44
1024,16384,4,2048,2197.82
1024,16384,4,4096,2292.76
1024,16384,4,8192,2464.62
1024,16384,4,16384,2803.62
1024,16384,8,16,2133.66
1024,16384,8,32,2130.76
1024,16384,8,64,2129.2
1024,16384,8,128,2144.52
1024,16384,8,256,2150.16
1024,16384,8,512,2168.64
1024,16384,8,1024,2207.74
1024,16384,8,2048,2296.26
1024,16384,8,4096,2469.44
1024,16384,8,8192,2797.18
1024,16384,8,16384,3489.14
1024,16384,16,16,2156.12
1024,16384,16,32,2158.4
1024,16384,16,64,2159.88
1024,16384,16,128,2175.32
1024,16384,16,256,2193.58
1024,16384,16,512,2235.2
1024,16384,16,1024,2318.86
1024,16384,16,2048,2487.98
1024,16384,16,4096,2804.48
1024,16384,16,8192,3209.72
1024,16384,16,16384,4266.76
1024,16384,32,16,2219.56
1024,16384,32,32,2220.54
1024,16384,32,64,2221.68
1024,16384,32,128,2256.78
1024,16384,32,256,2296.78
1024,16384,32,512,2375.86
1024,16384,32,1024,2541.38
1024,16384,32,2048,2842.58
1024,16384,32,4096,3348.26
1024,16384,32,8192,4392.2
1024,16384,32,16384,6460.88
1024,16384,64,16,2350.46
1024,16384,64,32,2353.14
1024,16384,64,64,2354.18
1024,16384,64,128,2424.9
1024,16384,64,256,2503.08
1024,16384,64,512,2663.58
1024,16384,64,1024,2969.74
1024,16384,64,2048,3492.98
1024,16384,64,4096,4626.94
1024,16384,64,8192,6538.26
1024,16384,64,16384,15467.1
1024,16384,128,16,2617.38
1024,16384,128,32,2618.04
1024,16384,128,64,2622.2
1024,16384,128,128,2776.5
1024,16384,128,256,2934.74
1024,16384,128,512,3215.22
1024,16384,128,1024,3752.74
1024,16384,128,2048,5037.34
1024,16384,128,4096,11908.2
1024,16384,128,8192,22503.8
1024,16384,128,16384,44034.8
1384,0,0,0,192.662
1384,0,1,512,199.127
1384,0,1,768,202.39
1384,0,1,1152,203.754
1384,0,1,1728,222.612
1384,0,1,2592,260.948
1384,0,1,3888,315.798
1384,0,1,5832,392.598
1384,0,1,8748,509.162
1384,0,1,13122,684.288
1384,0,1,16384,822.848
1384,0,2,512,208.576
1384,0,2,768,211.99
1384,0,2,1152,215.916
1384,0,2,1728,239.616
1384,0,2,2592,282.688
1384,0,2,3888,342.356
1384,0,2,5832,420.886
1384,0,2,8748,536.638
1384,0,2,13122,716.756
1384,0,2,16384,845.952
1384,0,4,512,222.956
1384,0,4,768,227.992
1384,0,4,1152,237.932
1384,0,4,1728,271.338
1384,0,4,2592,323.2
1384,0,4,3888,399.17
1384,0,4,5832,504.492
1384,0,4,8748,623.276
1384,0,4,13122,800.982
1384,0,4,16384,935.872
1384,0,8,512,254.806
1384,0,8,768,267.18
1384,0,8,1152,287.786
1384,0,8,1728,333.718
1384,0,8,2592,408.62
1384,0,8,3888,514.56
1384,0,8,5832,663.318
1384,0,8,8748,909.634
1384,0,8,13122,1263.32
1384,0,8,16384,1537.86
1384,0,16,512,314.496
1384,0,16,768,339.714
1384,0,16,1152,383.724
1384,0,16,1728,459.136
1384,0,16,2592,582.166
1384,0,16,3888,758.68
1384,0,16,5832,1019.63
1384,0,16,8748,1387.93
1384,0,16,13122,1936.71
1384,0,16,16384,2357.82
1384,0,32,512,431.042
1384,0,32,768,483.606
1384,0,32,1152,575.042
1384,0,32,1728,708.76
1384,0,32,2592,935.958
1384,0,32,3888,1266.84
1384,0,32,5832,1776.94
1384,0,32,8748,2664.12
1384,0,32,13122,3928.94
1384,0,32,16384,4883.48
1384,0,64,512,674.028
1384,0,64,768,792.386
1384,0,64,1152,981.764
1384,0,64,1728,1239.3
1384,0,64,2592,1701.79
1384,0,64,3888,2846.2
1384,0,64,5832,4342.82
1384,0,64,8748,6369.82
1384,0,64,13122,9508.06
1384,0,64,16384,11846.7
1384,0,128,512,1207.32
1384,0,128,768,1506.65
1384,0,128,1152,1942.64
1384,0,128,1728,2541.98
1384,0,128,2592,5040.96
1384,0,128,3888,8347.8
1384,0,128,5832,12439.8
1384,0,128,8748,18639.1
1384,0,128,13122,33579
1384,0,128,16384,42992.4
1384,512,0,0,282.86
1384,512,1,512,292.588
1384,512,1,768,292.502
1384,512,1,1152,297.558
1384,512,1,1728,299.05
1384,512,1,2592,331.67
1384,512,1,3888,390.358
1384,512,1,5832,469.654
1384,512,1,8748,589.078
1384,512,1,13122,764.802
1384,512,1,16384,893.998
1384,512,2,512,297.452
1384,512,2,768,301.164
1384,512,2,1152,307.286
1384,512,2,1728,311.766
1384,512,2,2592,357.398
1384,512,2,3888,420.288
1384,512,2,5832,510.06
1384,512,2,8748,629.058
1384,512,2,13122,802.99
1384,512,2,16384,937.538
1384,512,4,512,311.404
1384,512,4,768,320.384
1384,512,4,1152,331.286
1384,512,4,1728,343.808
1384,512,4,2592,399.788
1384,512,4,3888,476.78
1384,512,4,5832,589.378
1384,512,4,8748,752.322
1384,512,4,13122,925.356
1384,512,4,16384,1065.22
1384,512,8,512,343.126
1384,512,8,768,357.314
1384,512,8,1152,380.074
1384,512,8,1728,408.15
1384,512,8,2592,487.658
1384,512,8,3888,595.97
1384,512,8,5832,752.066
1384,512,8,8748,985.22
1384,512,8,13122,1330.41
1384,512,8,16384,1600.92
1384,512,16,512,403.884
1384,512,16,768,429.74
1384,512,16,1152,472.32
1384,512,16,1728,533.272
1384,512,16,2592,661.76
1384,512,16,3888,839.234
1384,512,16,5832,1105.03
1384,512,16,8748,1492.53
1384,512,16,13122,2042.56
1384,512,16,16384,2466.96
1384,512,32,512,521.26
1384,512,32,768,579.586
1384,512,32,1152,659.564
1384,512,32,1728,784.706
1384,512,32,2592,1011.29
1384,512,32,3888,1338.22
1384,512,32,5832,1841.69
1384,512,32,8748,2716.4
1384,512,32,13122,4100.98
1384,512,32,16384,5131.56
1384,512,64,512,764.994
1384,512,64,768,884.204
1384,512,64,1152,1056.05
1384,512,64,1728,1313.09
1384,512,64,2592,1760.79
1384,512,64,3888,2815
1384,512,64,5832,4601.36
1384,512,64,8748,6954.38
1384,512,64,13122,10113.4
1384,512,64,16384,12650.1
1384,512,128,512,1294.92
1384,512,128,768,1575.9
1384,512,128,1152,2022.54
1384,512,128,1728,2626.26
1384,512,128,2592,5145.9
1384,512,128,3888,8389.04
1384,512,128,5832,12774.8
1384,512,128,8748,20340.6
1384,512,128,13122,33275.2
1384,512,128,16384,43500.8
1384,768,0,0,325.206
1384,768,1,512,333.996
1384,768,1,768,337.642
1384,768,1,1152,340.352
1384,768,1,1728,342.806
1384,768,1,2592,368.79
1384,768,1,3888,424.982
1384,768,1,5832,509.484
1384,768,1,8748,626.67
1384,768,1,13122,800.216
1384,768,1,16384,935.556
1384,768,2,512,343.274
1384,768,2,768,344.106
1384,768,2,1152,349.12
1384,768,2,1728,356.332
1384,768,2,2592,391.298
1384,768,2,3888,454.444
1384,768,2,5832,546.796
1384,768,2,8748,673.088
1384,768,2,13122,846.614
1384,768,2,16384,979.886
1384,768,4,512,354.092
1384,768,4,768,362.796
1384,768,4,1152,374.506
1384,768,4,1728,389.612
1384,768,4,2592,435.308
1384,768,4,3888,513.732
1384,768,4,5832,625.41
1384,768,4,8748,788.224
1384,768,4,13122,993.818
1384,768,4,16384,1128.83
1384,768,8,512,386.432
1384,768,8,768,401.834
1384,768,8,1152,421.59
1384,768,8,1728,448.704
1384,768,8,2592,524.438
1384,768,8,3888,633.624
1384,768,8,5832,793.602
1384,768,8,8748,1027.74
1384,768,8,13122,1369.35
1384,768,8,16384,1634.5
1384,768,16,512,448.236
1384,768,16,768,475.906
1384,768,16,1152,517.12
1384,768,16,1728,572.204
1384,768,16,2592,697.88
1384,768,16,3888,876.14
1384,768,16,5832,1144.2
1384,768,16,8748,1547.87
1384,768,16,13122,2103.08
1384,768,16,16384,2522.66
1384,768,32,512,570.326
1384,768,32,768,622.914
1384,768,32,1152,705.092
1384,768,32,1728,824.92
1384,768,32,2592,1045.32
1384,768,32,3888,1375.98
1384,768,32,5832,1881.44
1384,768,32,8748,2813.24
1384,768,32,13122,4239.98
1384,768,32,16384,5520.5
1384,768,64,512,813.1
1384,768,64,768,931.394
1384,768,64,1152,1102.94
1384,768,64,1728,1349.1
1384,768,64,2592,1793.73
1384,768,64,3888,2785.42
1384,768,64,5832,4711.64
1384,768,64,8748,7168.3
1384,768,64,13122,10689.7
1384,768,64,16384,13367.7
1384,768,128,512,1341.83
1384,768,128,768,1618.69
1384,768,128,1152,2053.8
1384,768,128,1728,2664.74
1384,768,128,2592,5222.48
1384,768,128,3888,8594.06
1384,768,128,5832,13771.4
1384,768,128,8748,21371.4
1384,768,128,13122,34740
1384,768,128,16384,43441.2
1384,1152,0,0,391.17
1384,1152,1,512,400.962
1384,1152,1,768,401.344
1384,1152,1,1152,401.068
1384,1152,1,1728,407.832
1384,1152,1,2592,417.496
1384,1152,1,3888,475.286
1384,1152,1,5832,561.58
1384,1152,1,8748,683.97
1384,1152,1,13122,858.07
1384,1152,1,16384,994.498
1384,1152,2,512,407.296
1384,1152,2,768,409.344
1384,1152,2,1152,413.718
1384,1152,2,1728,425.794
1384,1152,2,2592,442.626
1384,1152,2,3888,510.828
1384,1152,2,5832,604.246
1384,1152,2,8748,736.322
1384,1152,2,13122,914.412
1384,1152,2,16384,1043.71
1384,1152,4,512,421.654
1384,1152,4,768,428.82
1384,1152,4,1152,439.532
1384,1152,4,1728,458.752
1384,1152,4,2592,487.426
1384,1152,4,3888,566.912
1384,1152,4,5832,682.304
1384,1152,4,8748,854.102
1384,1152,4,13122,1089.5
1384,1152,4,16384,1224.02
1384,1152,8,512,454.656
1384,1152,8,768,464.13
1384,1152,8,1152,489.068
1384,1152,8,1728,518.594
1384,1152,8,2592,578.262
1384,1152,8,3888,692.61
1384,1152,8,5832,855.448
1384,1152,8,8748,1091.18
1384,1152,8,13122,1429.51
1384,1152,8,16384,1690.86
1384,1152,16,512,515.136
1384,1152,16,768,542.806
1384,1152,16,1152,586.624
1384,1152,16,1728,641.538
1384,1152,16,2592,754.39
1384,1152,16,3888,931.97
1384,1152,16,5832,1199.68
1384,1152,16,8748,1604.66
1384,1152,16,13122,2201.62
1384,1152,16,16384,2642
1384,1152,32,512,635.392
1384,1152,32,768,688.898
1384,1152,32,1152,777.432
1384,1152,32,1728,885.4
1384,1152,32,2592,1105.2
1384,1152,32,3888,1431.6
1384,1152,32,5832,1936.52
1384,1152,32,8748,2824.38
1384,1152,32,13122,4608.16
1384,1152,32,16384,5726.06
1384,1152,64,512,879.788
1384,1152,64,768,1000.96
1384,1152,64,1152,1176.88
1384,1152,64,1728,1405.42
1384,1152,64,2592,1848.03
1384,1152,64,3888,2790.26
1384,1152,64,5832,4958.96
1384,1152,64,8748,7870.78
1384,1152,64,13122,11553.1
1384,1152,64,16384,14898.4
1384,1152,128,512,1409.33
1384,1152,128,768,1689.41
1384,1152,128,1152,2107.72
1384,1152,128,1728,2734.52
1384,1152,128,2592,5370.58
1384,1152,128,3888,10148.5
1384,1152,128,5832,14808.8
1384,1152,128,8748,22309.4
1384,1152,128,13122,34905.6
1384,1152,128,16384,43519.2
1384,1728,0,0,486.144
1384,1728,1,512,494.082
1384,1728,1,768,494.912
1384,1728,1,1152,497.43
1384,1728,1,1728,504.278
1384,1728,1,2592,503.168
1384,1728,1,3888,551.212
1384,1728,1,5832,637.186
1384,1728,1,8748,754.282
1384,1728,1,13122,950.338
1384,1728,1,16384,1080.35
1384,1728,2,512,500.524
1384,1728,2,768,503.788
1384,1728,2,1152,515.414
1384,1728,2,1728,520.256
1384,1728,2,2592,538.904
1384,1728,2,3888,589.802
1384,1728,2,5832,686.144
1384,1728,2,8748,822.764
1384,1728,2,13122,1009.13
1384,1728,2,16384,1142.47
1384,1728,4,512,517.228
1384,1728,4,768,525.098
1384,1728,4,1152,537.536
1384,1728,4,1728,555.456
1384,1728,4,2592,586.754
1384,1728,4,3888,648.556
1384,1728,4,5832,762.966
1384,1728,4,8748,941.698
1384,1728,4,13122,1192.24
1384,1728,4,16384,1366.42
1384,1728,8,512,550.722
1384,1728,8,768,564.418
1384,1728,8,1152,587.65
1384,1728,8,1728,617.814
1384,1728,8,2592,663.66
1384,1728,8,3888,771.776
1384,1728,8,5832,940.46
1384,1728,8,8748,1182.13
1384,1728,8,13122,1518.21
1384,1728,8,16384,1778.61
1384,1728,16,512,615.04
1384,1728,16,768,644.524
1384,1728,16,1152,684.972
1384,1728,16,1728,739.414
1384,1728,16,2592,841.964
1384,1728,16,3888,1018.01
1384,1728,16,5832,1283.86
1384,1728,16,8748,1691.03
1384,1728,16,13122,2329.72
1384,1728,16,16384,2830.58
1384,1728,32,512,735.66
1384,1728,32,768,794.094
1384,1728,32,1152,878.338
1384,1728,32,1728,991.406
1384,1728,32,2592,1192.49
1384,1728,32,3888,1510.6
1384,1728,32,5832,2017.42
1384,1728,32,8748,3069.38
1384,1728,32,13122,4858.3
1384,1728,32,16384,6259.12
1384,1728,64,512,979.97
1384,1728,64,768,1103.6
1384,1728,64,1152,1278.7
1384,1728,64,1728,1509.55
1384,1728,64,2592,1929.05
1384,1728,64,3888,2807.98
1384,1728,64,5832,5290.96
1384,1728,64,8748,8350.28
1384,1728,64,13122,12439.9
1384,1728,64,16384,16962.4
1384,1728,128,512,1503.62
1384,1728,128,768,1788.83
1384,1728,128,1152,2201.76
1384,1728,128,1728,2818.12
1384,1728,128,2592,5360.7
1384,1728,128,3888,10656
1384,1728,128,5832,15717.3
1384,1728,128,8748,23403.2
1384,1728,128,13122,35072.2
1384,1728,128,16384,43607.2
1384,2592,0,0,630.038
1384,2592,1,512,635.266
1384,2592,1,768,637.248
1384,2592,1,1152,644.118
1384,2592,1,1728,645.632
1384,2592,1,2592,644.202
1384,2592,1,3888,652.332
1384,2592,1,5832,765.632
1384,2592,1,8748,894.892
1384,2592,1,13122,1090.78
1384,2592,1,16384,1224.21
1384,2592,2,512,644.714
1384,2592,2,768,649.43
1384,2592,2,1152,653.998
1384,2592,2,1728,671.426
1384,2592,2,2592,699.84
1384,2592,2,3888,721.432
1384,2592,2,5832,813.484
1384,2592,2,8748,947.224
1384,2592,2,13122,1143.81
1384,2592,2,16384,1284.27
1384,2592,4,512,662.914
1384,2592,4,768,673.196
1384,2592,4,1152,689.196
1384,2592,4,1728,711.53
1384,2592,4,2592,735.788
1384,2592,4,3888,776.874
1384,2592,4,5832,891.734
1384,2592,4,8748,1068.55
1384,2592,4,13122,1311.83
1384,2592,4,16384,1527.02
1384,2592,8,512,696.408
1384,2592,8,768,717.486
1384,2592,8,1152,743.722
1384,2592,8,1728,771.82
1384,2592,8,2592,824.682
1384,2592,8,3888,907.2
1384,2592,8,5832,1074.01
1384,2592,8,8748,1322.71
1384,2592,8,13122,1692.63
1384,2592,8,16384,1943.06
1384,2592,16,512,761.942
1384,2592,16,768,795.756
1384,2592,16,1152,836.886
1384,2592,16,1728,894.746
1384,2592,16,2592,996.142
1384,2592,16,3888,1149.04
1384,2592,16,5832,1415.83
1384,2592,16,8748,1828.53
1384,2592,16,13122,2445.88
1384,2592,16,16384,3048.58
1384,2592,32,512,889.11
1384,2592,32,768,947.266
1384,2592,32,1152,1034.65
1384,2592,32,1728,1145.9
1384,2592,32,2592,1336.37
1384,2592,32,3888,1645.64
1384,2592,32,5832,2156.9
1384,2592,32,8748,3102.98
1384,2592,32,13122,5733.66
1384,2592,32,16384,8099
1384,2592,64,512,1135.85
1384,2592,64,768,1257.86
1384,2592,64,1152,1441.07
1384,2592,64,1728,1676.33
1384,2592,64,2592,2068.72
1384,2592,64,3888,2921.82
1384,2592,64,5832,5406.42
1384,2592,64,8748,8695.9
1384,2592,64,13122,15849.5
1384,2592,64,16384,19824.1
1384,2592,128,512,1653.45
1384,2592,128,768,1941.02
1384,2592,128,1152,2359.48
1384,2592,128,1728,2936.5
1384,2592,128,2592,5930.06
1384,2592,128,3888,10619.7
1384,2592,128,5832,16129
1384,2592,128,8748,24033.8
1384,2592,128,13122,35916.6
1384,2592,128,16384,44768.4
1384,3888,0,0,831.49
1384,3888,1,512,835.798
1384,3888,1,768,837.312
1384,3888,1,1152,842.944
1384,3888,1,1728,849.304
1384,3888,1,2592,843.182
1384,3888,1,3888,850.028
1384,3888,1,5832,889.066
1384,3888,1,8748,1091.86
1384,3888,1,13122,1277.85
1384,3888,1,16384,1419.74
1384,3888,2,512,846.872
1384,3888,2,768,851.052
1384,3888,2,1152,861.592
1384,3888,2,1728,872.386
1384,3888,2,2592,903.49
1384,3888,2,3888,955.946
1384,3888,2,5832,1004.35
1384,3888,2,8748,1139.22
1384,3888,2,13122,1335.26
1384,3888,2,16384,1479.43
1384,3888,4,512,861.166
1384,3888,4,768,874.924
1384,3888,4,1152,889.622
1384,3888,4,1728,914.52
1384,3888,4,2592,956.864
1384,3888,4,3888,993.752
1384,3888,4,5832,1065.82
1384,3888,4,8748,1221.74
1384,3888,4,13122,1517.85
1384,3888,4,16384,1690.73
1384,3888,8,512,900.16
1384,3888,8,768,918.532
1384,3888,8,1152,953.408
1384,3888,8,1728,994.772
1384,3888,8,2592,1034.71
1384,3888,8,3888,1132.44
1384,3888,8,5832,1260.48
1384,3888,8,8748,1528.81
1384,3888,8,13122,1893.49
1384,3888,8,16384,2159
1384,3888,16,512,972.378
1384,3888,16,768,1006.89
1384,3888,16,1152,1057.52
1384,3888,16,1728,1114.07
1384,3888,16,2592,1214.87
1384,3888,16,3888,1354.78
1384,3888,16,5832,1605.66
1384,3888,16,8748,1991.54
1384,3888,16,13122,2662.46
1384,3888,16,16384,3225.34
1384,3888,32,512,1105.26
1384,3888,32,768,1165.02
1384,3888,32,1152,1256.05
1384,3888,32,1728,1367.07
1384,3888,32,2592,1561.37
1384,3888,32,3888,1841.01
1384,3888,32,5832,2329.54
1384,3888,32,8748,3460.92
1384,3888,32,13122,6140.72
1384,3888,32,16384,9328.78
1384,3888,64,512,1354.2
1384,3888,64,768,1478.36
1384,3888,64,1152,1656.07
1384,3888,64,1728,1900.12
1384,3888,64,2592,2296.52
1384,3888,64,3888,3175.18
1384,3888,64,5832,5314.66
1384,3888,64,8748,10470.9
1384,3888,64,13122,17492.8
1384,3888,64,16384,21760
1384,3888,128,512,1867.95
1384,3888,128,768,2144.38
1384,3888,128,1152,2587.8
1384,3888,128,1728,3168.86
1384,3888,128,2592,5927.66
1384,3888,128,3888,9474
1384,3888,128,5832,16140.8
1384,3888,128,8748,24062.2
1384,3888,128,13122,35945.4
1384,3888,128,16384,44790.6
1384,5832,0,0,1145.3
1384,5832,1,512,1153.37
1384,5832,1,768,1150.62
1384,5832,1,1152,1156.74
1384,5832,1,1728,1162.59
1384,5832,1,2592,1154.92
1384,5832,1,3888,1159.17
1384,5832,1,5832,1163.8
1384,5832,1,8748,1280.17
1384,5832,1,13122,1585.01
1384,5832,1,16384,1708.08
1384,5832,2,512,1159.32
1384,5832,2,768,1161.41
1384,5832,2,1152,1167.49
1384,5832,2,1728,1183.3
1384,5832,2,2592,1217.9
1384,5832,2,3888,1270.12
1384,5832,2,5832,1351.51
1384,5832,2,8748,1439.49
1384,5832,2,13122,1640.45
1384,5832,2,16384,1776.13
1384,5832,4,512,1179.37
1384,5832,4,768,1188.35
1384,5832,4,1152,1200.36
1384,5832,4,1728,1226.43
1384,5832,4,2592,1265.56
1384,5832,4,3888,1320.64
1384,5832,4,5832,1386.9
1384,5832,4,8748,1511.85
1384,5832,4,13122,1728.24
1384,5832,4,16384,2002.28
1384,5832,8,512,1217.5
1384,5832,8,768,1231.92
1384,5832,8,1152,1267.59
1384,5832,8,1728,1309.76
1384,5832,8,2592,1385.13
1384,5832,8,3888,1441.75
1384,5832,8,5832,1609.9
1384,5832,8,8748,1785.01
1384,5832,8,13122,2208.96
1384,5832,8,16384,2458.86
1384,5832,16,512,1283.95
1384,5832,16,768,1330.14
1384,5832,16,1152,1381.59
1384,5832,16,1728,1452.16
1384,5832,16,2592,1543.88
1384,5832,16,3888,1690.07
1384,5832,16,5832,1915.4
1384,5832,16,8748,2297.3
1384,5832,16,13122,2916.38
1384,5832,16,16384,3498.66
1384,5832,32,512,1440.09
1384,5832,32,768,1497.65
1384,5832,32,1152,1588.38
1384,5832,32,1728,1708.98
1384,5832,32,2592,1906.74
1384,5832,32,3888,2186.56
1384,5832,32,5832,2688.82
1384,5832,32,8748,3551.88
1384,5832,32,13122,5936.5
1384,5832,32,16384,8374.64
1384,5832,64,512,1692.42
1384,5832,64,768,1811.08
1384,5832,64,1152,1994.59
1384,5832,64,1728,2233.76
1384,5832,64,2592,2646.66
1384,5832,64,3888,3252.98
1384,5832,64,5832,5011.76
1384,5832,64,8748,11313.3
1384,5832,64,13122,17311.5
1384,5832,64,16384,21838.2
1384,5832,128,512,2203.02
1384,5832,128,768,2463.28
1384,5832,128,1152,2910.9
1384,5832,128,1728,3531.52
1384,5832,128,2592,6893.94
1384,5832,128,3888,10769.7
1384,5832,128,5832,15722.1
1384,5832,128,8748,24097
1384,5832,128,13122,36002.2
1384,5832,128,16384,44828
1384,8748,0,0,1604.91
1384,8748,1,512,1606
1384,8748,1,768,1604.02
1384,8748,1,1152,1613.4
1384,8748,1,1728,1615.68
1384,8748,1,2592,1612.16
1384,8748,1,3888,1621.72
1384,8748,1,5832,1620.27
1384,8748,1,8748,1624.81
1384,8748,1,13122,1868.08
1384,8748,1,16384,2130.02
1384,8748,2,512,1619.67
1384,8748,2,768,1624.45
1384,8748,2,1152,1628.53
1384,8748,2,1728,1639.34
1384,8748,2,2592,1666.65
1384,8748,2,3888,1725.14
1384,8748,2,5832,1811.93
1384,8748,2,8748,1926.1
1384,8748,2,13122,2071.68
1384,8748,2,16384,2207.58
1384,8748,4,512,1631.62
1384,8748,4,768,1650.07
1384,8748,4,1152,1663.85
1384,8748,4,1728,1686.94
1384,8748,4,2592,1725
1384,8748,4,3888,1780.34
1384,8748,4,5832,1870.25
1384,8748,4,8748,1967.51
1384,8748,4,13122,2146.78
1384,8748,4,16384,2310.68
1384,8748,8,512,1670.94
1384,8748,8,768,1693.59
1384,8748,8,1152,1727.6
1384,8748,8,1728,1767.64
1384,8748,8,2592,1844.05
1384,8748,8,3888,1955.63
1384,8748,8,5832,2029.18
1384,8748,8,8748,2315.14
1384,8748,8,13122,2541.3
1384,8748,8,16384,2920.24
1384,8748,16,512,1743.79
1384,8748,16,768,1783.51
1384,8748,16,1152,1846.21
1384,8748,16,1728,1938.33
1384,8748,16,2592,2047.08
1384,8748,16,3888,2173.34
1384,8748,16,5832,2397.92
1384,8748,16,8748,2759.68
1384,8748,16,13122,3319.68
1384,8748,16,16384,3791.46
1384,8748,32,512,1896.73
1384,8748,32,768,1978.63
1384,8748,32,1152,2085.28
1384,8748,32,1728,2198.74
1384,8748,32,2592,2395.32
1384,8748,32,3888,2685.16
1384,8748,32,5832,3128.36
1384,8748,32,8748,4002.4
1384,8748,32,13122,6370.96
1384,8748,32,16384,7468.04
1384,8748,64,512,2177.36
1384,8748,64,768,2301.34
1384,8748,64,1152,2489.9
1384,8748,64,1728,2724.62
1384,8748,64,2592,3159.24
1384,8748,64,3888,4026.54
1384,8748,64,5832,4815.38
1384,8748,64,8748,7406.84
1384,8748,64,13122,17529.5
1384,8748,64,16384,21682.6
1384,8748,128,512,2692.58
1384,8748,128,768,2953.8
1384,8748,128,1152,3357.94
1384,8748,128,1728,3983.46
1384,8748,128,2592,7135.36
1384,8748,128,3888,10787.2
1384,8748,128,5832,16254.7
1384,8748,128,8748,23691.4
1384,8748,128,13122,36027.8
1384,8748,128,16384,44900.4
1384,13122,0,0,2316.08
1384,13122,1,512,2319.56
1384,13122,1,768,2324.48
1384,13122,1,1152,2321.94
1384,13122,1,1728,2330.28
1384,13122,1,2592,2321.56
1384,13122,1,3888,2328.74
1384,13122,1,5832,2328.08
1384,13122,1,8748,2329.46
1384,13122,1,13122,2330.16
1384,13122,1,16384,2498.24
1384,13122,2,512,2329.54
1384,13122,2,768,2326.74
1384,13122,2,1152,2340.32
1384,13122,2,1728,2343.36
1384,13122,2,2592,2374.12
1384,13122,2,3888,2431.84
1384,13122,2,5832,2514.04
1384,13122,2,8748,2642.76
1384,13122,2,13122,2814.66
1384,13122,2,16384,2917.9
1384,13122,4,512,2341.44
1384,13122,4,768,2351.34
1384,13122,4,1152,2366.4
1384,13122,4,1728,2392.64
1384,13122,4,2592,2423.74
1384,13122,4,3888,2485.92
1384,13122,4,5832,2571.08
1384,13122,4,8748,2702.94
1384,13122,4,13122,2857.2
1384,13122,4,16384,2995.8
1384,13122,8,512,2379.64
1384,13122,8,768,2396.52
1384,13122,8,1152,2429.72
1384,13122,8,1728,2478.36
1384,13122,8,2592,2555.42
1384,13122,8,3888,2661.08
1384,13122,8,5832,2830.16
1384,13122,8,8748,2919.24
1384,13122,8,13122,3402.86
1384,13122,8,16384,3548.28
1384,13122,16,512,2449.96
1384,13122,16,768,2489.44
1384,13122,16,1152,2555.66
1384,13122,16,1728,2645.3
1384,13122,16,2592,2790.54
1384,13122,16,3888,2931.6
1384,13122,16,5832,3132.76
1384,13122,16,8748,3478.02
1384,13122,16,13122,4040.98
1384,13122,16,16384,4489.3
1384,13122,32,512,2602.28
1384,13122,32,768,2691.5
1384,13122,32,1152,2810.16
1384,13122,32,1728,2970.1
1384,13122,32,2592,3154.44
1384,13122,32,3888,3437.6
1384,13122,32,5832,3926.44
1384,13122,32,8748,4793.88
1384,13122,32,13122,5900.28
1384,13122,32,16384,7562.7
1384,13122,64,512,2916.38
1384,13122,64,768,3050.74
1384,13122,64,1152,3248.44
1384,13122,64,1728,3499.26
1384,13122,64,2592,3926.16
1384,13122,64,3888,4641.58
1384,13122,64,5832,6193.78
1384,13122,64,8748,9127.56
1384,13122,64,13122,11392.6
1384,13122,64,16384,21568.4
1384,13122,128,512,3454.94
1384,13122,128,768,3706.04
1384,13122,128,1152,4104.84
1384,13122,128,1728,4669.5
1384,13122,128,2592,7655.34
1384,13122,128,3888,11121.5
1384,13122,128,5832,16366.3
1384,13122,128,8748,24253.4
1384,13122,128,13122,35599.4
1384,13122,128,16384,44993
1384,16384,0,0,2836.44
1384,16384,1,512,2838.28
1384,16384,1,768,2841.22
1384,16384,1,1152,2847.12
1384,16384,1,1728,2847.04
1384,16384,1,2592,2845.42
1384,16384,1,3888,2849.68
1384,16384,1,5832,2846.94
1384,16384,1,8748,2854.02
1384,16384,1,13122,2855.3
1384,16384,1,16384,2850.62
1384,16384,2,512,2844.26
1384,16384,2,768,2847.02
1384,16384,2,1152,2854
1384,16384,2,1728,2874.28
1384,16384,2,2592,2895.64
1384,16384,2,3888,2943.7
1384,16384,2,5832,3025.98
1384,16384,2,8748,3153.64
1384,16384,2,13122,3334.22
1384,16384,2,16384,3464.5
1384,16384,4,512,2862.34
1384,16384,4,768,2870.32
1384,16384,4,1152,2885.08
1384,16384,4,1728,2905.88
1384,16384,4,2592,2948.34
1384,16384,4,3888,3001.58
1384,16384,4,5832,3081.74
1384,16384,4,8748,3216.16
1384,16384,4,13122,3404.98
1384,16384,4,16384,3514.78
1384,16384,8,512,2893.62
1384,16384,8,768,2909.98
1384,16384,8,1152,2945.38
1384,16384,8,1728,2992.96
1384,16384,8,2592,3070.92
1384,16384,8,3888,3186.36
1384,16384,8,5832,3345.32
1384,16384,8,8748,3537.4
1384,16384,8,13122,3830.3
1384,16384,8,16384,4194.12
1384,16384,16,512,2961.64
1384,16384,16,768,3013.22
1384,16384,16,1152,3068.42
1384,16384,16,1728,3158.28
1384,16384,16,2592,3308.04
1384,16384,16,3888,3517.92
1384,16384,16,5832,3703.9
1384,16384,16,8748,4002.52
1384,16384,16,13122,4572.38
1384,16384,16,16384,4980.66
1384,16384,32,512,3124.54
1384,16384,32,768,3199.8
1384,16384,32,1152,3327.74
1384,16384,32,1728,3494.24
1384,16384,32,2592,3694.74
1384,16384,32,3888,4009.86
1384,16384,32,5832,4473.62
1384,16384,32,8748,5333.28
1384,16384,32,13122,6356.8
1384,16384,32,16384,7311.42
1384,16384,64,512,3433.6
1384,16384,64,768,3584.72
1384,16384,64,1152,3784.14
1384,16384,64,1728,4041.86
1384,16384,64,2592,4505.12
1384,16384,64,3888,5172.12
1384,16384,64,5832,6810.78
1384,16384,64,8748,11718.5
1384,16384,64,13122,11962.7
1384,16384,64,16384,15216.2
1384,16384,128,512,4007.42
1384,16384,128,768,4250.02
1384,16384,128,1152,4655.42
1384,16384,128,1728,5195.42
1384,16384,128,2592,7832.48
1384,16384,128,3888,11451.9
1384,16384,128,5832,16551
1384,16384,128,8748,24280.6
1384,16384,128,13122,36252.2
1384,16384,128,16384,44676
2048,0,0,0,345.218
2048,0,1,16,349.164
2048,0,1,32,347.67
2048,0,1,64,348.46
2048,0,1,128,349.996
2048,0,1,256,350.42
2048,0,1,512,352
2048,0,1,1024,354.476
2048,0,1,2048,366.314
2048,0,1,4096,458.668
2048,0,1,8192,629.1
2048,0,1,16384,958.124
2048,0,2,16,352.086
2048,0,2,32,353.046
2048,0,2,64,354.134
2048,0,2,128,354.348
2048,0,2,256,357.824
2048,0,2,512,359.722
2048,0,2,1024,371.328
2048,0,2,2048,386.902
2048,0,2,4096,489.322
2048,0,2,8192,674.732
2048,0,2,16384,1003.39
2048,0,4,16,362.346
2048,0,4,32,362.838
2048,0,4,64,361.068
2048,0,4,128,367.958
2048,0,4,256,367.576
2048,0,4,512,375.744
2048,0,4,1024,391.596
2048,0,4,2048,426.05
2048,0,4,4096,550.188
2048,0,4,8192,790.978
2048,0,4,16384,1163.35
2048,0,8,16,382.146
2048,0,8,32,384.96
2048,0,8,64,386.69
2048,0,8,128,393.538
2048,0,8,256,399.36
2048,0,8,512,413.91
2048,0,8,1024,439.872
2048,0,8,2048,505.75
2048,0,8,4096,682.86
2048,0,8,8192,1017.65
2048,0,8,16384,1659.95
2048,0,16,16,426.88
2048,0,16,32,424.342
2048,0,16,64,427.626
2048,0,16,128,444.096
2048,0,16,256,453.314
2048,0,16,512,484.182
2048,0,16,1024,536.128
2048,0,16,2048,662.658
2048,0,16,4096,949.166
2048,0,16,8192,1517.66
2048,0,16,16384,2575.76
2048,0,32,16,508.502
2048,0,32,32,511.234
2048,0,32,64,509.59
2048,0,32,128,537.516
2048,0,32,256,567.638
2048,0,32,512,621.462
2048,0,32,1024,734.636
2048,0,32,2048,975.64
2048,0,32,4096,1498.39
2048,0,32,8192,2635.88
2048,0,32,16384,5678.88
2048,0,64,16,672.984
2048,0,64,32,672.514
2048,0,64,64,674.988
2048,0,64,128,731.032
2048,0,64,256,787.054
2048,0,64,512,904.026
2048,0,64,1024,1139.95
2048,0,64,2048,1629.91
2048,0,64,4096,3128.46
2048,0,64,8192,6921.34
2048,0,64,16384,13755.7
2048,0,128,16,997.698
2048,0,128,32,998.148
2048,0,128,64,1002.16
2048,0,128,128,1110.25
2048,0,128,256,1229.53
2048,0,128,512,1487.79
2048,0,128,1024,2062.34
2048,0,128,2048,3348.88
2048,0,128,4096,9306.72
2048,0,128,8192,20257
2048,0,128,16384,43076
2048,16,0,0,362.922
2048,16,1,16,368.216
2048,16,1,32,365.89
2048,16,1,64,368
2048,16,1,128,369.28
2048,16,1,256,366.956
2048,16,1,512,366.976
2048,16,1,1024,374.976
2048,16,1,2048,379.35
2048,16,1,4096,470.508
2048,16,1,8192,641.112
2048,16,1,16384,974.53
2048,16,2,16,371.224
2048,16,2,32,371.412
2048,16,2,64,372.522
2048,16,2,128,370.626
2048,16,2,256,374.23
2048,16,2,512,377.004
2048,16,2,1024,384.106
2048,16,2,2048,402.198
2048,16,2,4096,502.762
2048,16,2,8192,692.332
2048,16,2,16384,1020.67
2048,16,4,16,378.068
2048,16,4,32,378.902
2048,16,4,64,379.608
2048,16,4,128,386.838
2048,16,4,256,387.158
2048,16,4,512,392.918
2048,16,4,1024,405.568
2048,16,4,2048,439.594
2048,16,4,4096,565.826
2048,16,4,8192,804.076
2048,16,4,16384,1183.51
2048,16,8,16,399.96
2048,16,8,32,400.086
2048,16,8,64,401.646
2048,16,8,128,408.492
2048,16,8,256,414.038
2048,16,8,512,428.138
2048,16,8,1024,456.812
2048,16,8,2048,520.022
2048,16,8,4096,695.362
2048,16,8,8192,1032.11
2048,16,8,16384,1674.31
2048,16,16,16,439.83
2048,16,16,32,443.01
2048,16,16,64,443.328
2048,16,16,128,458.114
2048,16,16,256,469.762
2048,16,16,512,499.158
2048,16,16,1024,553.43
2048,16,16,2048,675.948
2048,16,16,4096,965.036
2048,16,16,8192,1532.89
2048,16,16,16384,2590.5
2048,16,32,16,526.188
2048,16,32,32,529.026
2048,16,32,64,528.044
2048,16,32,128,554.776
2048,16,32,256,583.64
2048,16,32,512,636.738
2048,16,32,1024,752.002
2048,16,32,2048,990.276
2048,16,32,4096,1509.36
2048,16,32,8192,2641.78
2048,16,32,16384,5714.64
2048,16,64,16,688.13
2048,16,64,32,691.032
2048,16,64,64,690.604
2048,16,64,128,746.606
2048,16,64,256,803.202
2048,16,64,512,920.324
2048,16,64,1024,1156.97
2048,16,64,2048,1643.06
2048,16,64,4096,3116.56
2048,16,64,8192,7003.58
2048,16,64,16384,13995.3
2048,16,128,16,1014.21
2048,16,128,32,1017.26
2048,16,128,64,1018.07
2048,16,128,128,1127.81
2048,16,128,256,1246.17
2048,16,128,512,1503.41
2048,16,128,1024,2076.28
2048,16,128,2048,3353.62
2048,16,128,4096,9696.8
2048,16,128,8192,20396.8
2048,16,128,16384,42965.2
2048,32,0,0,366.018
2048,32,1,16,365.91
2048,32,1,32,364.224
2048,32,1,64,366.892
2048,32,1,128,367.742
2048,32,1,256,365.974
2048,32,1,512,368.428
2048,32,1,1024,373.782
2048,32,1,2048,379.18
2048,32,1,4096,470.634
2048,32,1,8192,642.094
2048,32,1,16384,972.888
2048,32,2,16,371.626
2048,32,2,32,369.024
2048,32,2,64,371.456
2048,32,2,128,371.222
2048,32,2,256,375.916
2048,32,2,512,379.052
2048,32,2,1024,382.508
2048,32,2,2048,400.81
2048,32,2,4096,501.548
2048,32,2,8192,691.84
2048,32,2,16384,1019.44
2048,32,4,16,380.268
2048,32,4,32,380.546
2048,32,4,64,379.2
2048,32,4,128,382.102
2048,32,4,256,386.476
2048,32,4,512,393.642
2048,32,4,1024,412.31
2048,32,4,2048,441.942
2048,32,4,4096,565.974
2048,32,4,8192,804.204
2048,32,4,16384,1184.11
2048,32,8,16,399.148
2048,32,8,32,400.854
2048,32,8,64,400.428
2048,32,8,128,408.982
2048,32,8,256,419.5
2048,32,8,512,431.02
2048,32,8,1024,458.966
2048,32,8,2048,523.392
2048,32,8,4096,695.468
2048,32,8,8192,1033.13
2048,32,8,16384,1674.75
2048,32,16,16,443.202
2048,32,16,32,440.92
2048,32,16,64,442.09
2048,32,16,128,457.196
2048,32,16,256,470.466
2048,32,16,512,500.034
2048,32,16,1024,553.514
2048,32,16,2048,676.312
2048,32,16,4096,964.034
2048,32,16,8192,1531.2
2048,32,16,16384,2590.22
2048,32,32,16,523.778
2048,32,32,32,526.272
2048,32,32,64,528.278
2048,32,32,128,556.46
2048,32,32,256,584.812
2048,32,32,512,638.188
2048,32,32,1024,747.97
2048,32,32,2048,991.106
2048,32,32,4096,1511.15
2048,32,32,8192,2643.74
2048,32,32,16384,5710.54
2048,32,64,16,687.17
2048,32,64,32,690.732
2048,32,64,64,692.524
2048,32,64,128,747.458
2048,32,64,256,803.822
2048,32,64,512,920.386
2048,32,64,1024,1156.29
2048,32,64,2048,1640.98
2048,32,64,4096,3110.8
2048,32,64,8192,7050.16
2048,32,64,16384,13996.9
2048,32,128,16,1013.68
2048,32,128,32,1014.3
2048,32,128,64,1017.9
2048,32,128,128,1125.57
2048,32,128,256,1245.06
2048,32,128,512,1503.51
2048,32,128,1024,2076.6
2048,32,128,2048,3351.8
2048,32,128,4096,9546.38
2048,32,128,8192,20454.4
2048,32,128,16384,43300.6
2048,64,0,0,365.548
2048,64,1,16,365.952
2048,64,1,32,364.78
2048,64,1,64,366.358
2048,64,1,128,366.016
2048,64,1,256,369.066
2048,64,1,512,370.902
2048,64,1,1024,373.462
2048,64,1,2048,378.73
2048,64,1,4096,467.734
2048,64,1,8192,643.136
2048,64,1,16384,971.35
2048,64,2,16,368.918
2048,64,2,32,370.348
2048,64,2,64,370.796
2048,64,2,128,372.844
2048,64,2,256,376.044
2048,64,2,512,383.404
2048,64,2,1024,384.662
2048,64,2,2048,399.51
2048,64,2,4096,501.952
2048,64,2,8192,691.692
2048,64,2,16384,1027.12
2048,64,4,16,379.392
2048,64,4,32,381.91
2048,64,4,64,378.966
2048,64,4,128,384.492
2048,64,4,256,385.728
2048,64,4,512,392.47
2048,64,4,1024,407.852
2048,64,4,2048,439.296
2048,64,4,4096,566.976
2048,64,4,8192,802.24
2048,64,4,16384,1183.26
2048,64,8,16,400.768
2048,64,8,32,402.838
2048,64,8,64,402.966
2048,64,8,128,410.882
2048,64,8,256,417.922
2048,64,8,512,432.64
2048,64,8,1024,459.372
2048,64,8,2048,525.164
2048,64,8,4096,696.45
2048,64,8,8192,1030.93
2048,64,8,16384,1678.11
2048,64,16,16,441.942
2048,64,16,32,442.328
2048,64,16,64,443.478
2048,64,16,128,458.754
2048,64,16,256,471.638
2048,64,16,512,498.496
2048,64,16,1024,555.436
2048,64,16,2048,678.894
2048,64,16,4096,968.878
2048,64,16,8192,1532.38
2048,64,16,16384,2594.38
2048,64,32,16,526.656
2048,64,32,32,526.932
2048,64,32,64,529.026
2048,64,32,128,553.514
2048,64,32,256,584.428
2048,64,32,512,641.836
2048,64,32,1024,750.508
2048,64,32,2048,991.894
2048,64,32,4096,1509.87
2048,64,32,8192,2641.12
2048,64,32,16384,5697.38
2048,64,64,16,690.882
2048,64,64,32,690.732
2048,64,64,64,690.648
2048,64,64,128,746.37
2048,64,64,256,804.418
2048,64,64,512,920.58
2048,64,64,1024,1155.5
2048,64,64,2048,1641.8
2048,64,64,4096,3113
2048,64,64,8192,7074.86
2048,64,64,16384,14096.6
2048,64,128,16,1015.36
2048,64,128,32,1013.55
2048,64,128,64,1021.47
2048,64,128,128,1127.38
2048,64,128,256,1246.66
2048,64,128,512,1504.58
2048,64,128,1024,2074.52
2048,64,128,2048,3363.26
2048,64,128,4096,9594.78
2048,64,128,8192,20247.8
2048,64,128,16384,43562
2048,128,0,0,378.688
2048,128,1,16,379.542
2048,128,1,32,379.178
2048,128,1,64,377.728
2048,128,1,128,379.52
2048,128,1,256,382.144
2048,128,1,512,383.852
2048,128,1,1024,388.524
2048,128,1,2048,392.492
2048,128,1,4096,483.584
2048,128,1,8192,660.566
2048,128,1,16384,986.156
2048,128,2,16,387.99
2048,128,2,32,383.744
2048,128,2,64,384.256
2048,128,2,128,388.778
2048,128,2,256,388.8
2048,128,2,512,395.202
2048,128,2,1024,402.752
2048,128,2,2048,414.294
2048,128,2,4096,516.544
2048,128,2,8192,711.512
2048,128,2,16384,1043.9
2048,128,4,16,396.694
2048,128,4,32,397.698
2048,128,4,64,392.856
2048,128,4,128,397.654
2048,128,4,256,402.86
2048,128,4,512,407.404
2048,128,4,1024,421.056
2048,128,4,2048,452.822
2048,128,4,4096,583.874
2048,128,4,8192,818.392
2048,128,4,16384,1208.02
2048,128,8,16,415.894
2048,128,8,32,417.282
2048,128,8,64,416.172
2048,128,8,128,421.994
2048,128,8,256,430.08
2048,128,8,512,445.334
2048,128,8,1024,471.106
2048,128,8,2048,532.716
2048,128,8,4096,713.88
2048,128,8,8192,1051.69
2048,128,8,16384,1687.75
2048,128,16,16,457.58
2048,128,16,32,456.896
2048,128,16,64,457.09
2048,128,16,128,471.894
2048,128,16,256,485.974
2048,128,16,512,514.432
2048,128,16,1024,574.658
2048,128,16,2048,689.558
2048,128,16,4096,978.988
2048,128,16,8192,1549.08
2048,128,16,16384,2612.94
2048,128,32,16,542.102
2048,128,32,32,542.208
2048,128,32,64,540.504
2048,128,32,128,570.626
2048,128,32,256,600.088
2048,128,32,512,654.89
2048,128,32,1024,764.312
2048,128,32,2048,1006.87
2048,128,32,4096,1522.84
2048,128,32,8192,2658.16
2048,128,32,16384,5734.38
2048,128,64,16,702.744
2048,128,64,32,705.368
2048,128,64,64,706.05
2048,128,64,128,760.836
2048,128,64,256,817.964
2048,128,64,512,933.912
2048,128,64,1024,1171.37
2048,128,64,2048,1655.79
2048,128,64,4096,3095.86
2048,128,64,8192,7353.54
2048,128,64,16384,14190.4
2048,128,128,16,1027.29
2048,128,128,32,1029
2048,128,128,64,1035.48
2048,128,128,128,1140.36
2048,128,128,256,1261.32
2048,128,128,512,1518.32
2048,128,128,1024,2087.48
2048,128,128,2048,3391.04
2048,128,128,4096,9584.2
2048,128,128,8192,20373.2
2048,128,128,16384,43176.4
2048,256,0,0,412.376
2048,256,1,16,413.654
2048,256,1,32,410.304
2048,256,1,64,414.934
2048,256,1,128,413.036
2048,256,1,256,412.824
2048,256,1,512,417.922
2048,256,1,1024,419.818
2048,256,1,2048,427.052
2048,256,1,4096,513.366
2048,256,1,8192,690.882
2048,256,1,16384,1017.67
2048,256,2,16,415.98
2048,256,2,32,417.174
2048,256,2,64,418.902
2048,256,2,128,419.946
2048,256,2,256,421.418
2048,256,2,512,424.834
2048,256,2,1024,432.918
2048,256,2,2048,442.306
2048,256,2,4096,548.376
2048,256,2,8192,740.698
2048,256,2,16384,1075.14
2048,256,4,16,427.564
2048,256,4,32,428.544
2048,256,4,64,428.864
2048,256,4,128,431.556
2048,256,4,256,432.79
2048,256,4,512,438.144
2048,256,4,1024,454.636
2048,256,4,2048,482.094
2048,256,4,4096,610.668
2048,256,4,8192,852.142
2048,256,4,16384,1253.16
2048,256,8,16,447.874
2048,256,8,32,448.108
2048,256,8,64,449.494
2048,256,8,128,457.174
2048,256,8,256,462.232
2048,256,8,512,478.786
2048,256,8,1024,507.074
2048,256,8,2048,565.89
2048,256,8,4096,740.462
2048,256,8,8192,1082.67
2048,256,8,16384,1725.34
2048,256,16,16,490.346
2048,256,16,32,493.268
2048,256,16,64,489.474
2048,256,16,128,504.13
2048,256,16,256,520.664
2048,256,16,512,546.774
2048,256,16,1024,599.788
2048,256,16,2048,717.654
2048,256,16,4096,1006.4
2048,256,16,8192,1576.92
2048,256,16,16384,2657.4
2048,256,32,16,572.354
2048,256,32,32,571.99
2048,256,32,64,574.744
2048,256,32,128,600.108
2048,256,32,256,629.442
2048,256,32,512,685.568
2048,256,32,1024,796.974
2048,256,32,2048,1034.37
2048,256,32,4096,1548.93
2048,256,32,8192,2719.9
2048,256,32,16384,5796.88
2048,256,64,16,734.742
2048,256,64,32,736.452
2048,256,64,64,737.664
2048,256,64,128,792.406
2048,256,64,256,849.666
2048,256,64,512,964.952
2048,256,64,1024,1204.12
2048,256,64,2048,1681.93
2048,256,64,4096,3096.96
2048,256,64,8192,7568.82
2048,256,64,16384,15225.8
2048,256,128,16,1061.98
2048,256,128,32,1063.68
2048,256,128,64,1066.11
2048,256,128,128,1173.68
2048,256,128,256,1293.46
2048,256,128,512,1547.7
2048,256,128,1024,2110.58
2048,256,128,2048,3405.96
2048,256,128,4096,10632.2
2048,256,128,8192,21096
2048,256,128,16384,43510.8
2048,512,0,0,469.228
2048,512,1,16,471.532
2048,512,1,32,473.536
2048,512,1,64,470.316
2048,512,1,128,474.328
2048,512,1,256,474.328
2048,512,1,512,475.416
2048,512,1,1024,479.19
2048,512,1,2048,485.142
2048,512,1,4096,563.754
2048,512,1,8192,741.74
2048,512,1,16384,1076.97
2048,512,2,16,476.01
2048,512,2,32,478.764
2048,512,2,64,475.52
2048,512,2,128,478.016
2048,512,2,256,481.856
2048,512,2,512,483.032
2048,512,2,1024,493.164
2048,512,2,2048,504.128
2048,512,2,4096,595.842
2048,512,2,8192,798.124
2048,512,2,16384,1134.51
2048,512,4,16,487.788
2048,512,4,32,486.784
2048,512,4,64,487.168
2048,512,4,128,490.69
2048,512,4,256,493.08
2048,512,4,512,501.462
2048,512,4,1024,515.69
2048,512,4,2048,542.038
2048,512,4,4096,662.168
2048,512,4,8192,902.806
2048,512,4,16384,1346.63
2048,512,8,16,507.178
2048,512,8,32,505.836
2048,512,8,64,506.88
2048,512,8,128,516.63
2048,512,8,256,522.348
2048,512,8,512,535.596
2048,512,8,1024,565.868
2048,512,8,2048,617.388
2048,512,8,4096,794.114
2048,512,8,8192,1136.56
2048,512,8,16384,1775.88
2048,512,16,16,550.552
2048,512,16,32,548.78
2048,512,16,64,548.482
2048,512,16,128,563.67
2048,512,16,256,578.028
2048,512,16,512,607.638
2048,512,16,1024,660.992
2048,512,16,2048,772.332
2048,512,16,4096,1059.48
2048,512,16,8192,1633.5
2048,512,16,16384,2751.12
2048,512,32,16,632.792
2048,512,32,32,631.982
2048,512,32,64,633.452
2048,512,32,128,665.666
2048,512,32,256,691.842
2048,512,32,512,744.982
2048,512,32,1024,858.862
2048,512,32,2048,1088.52
2048,512,32,4096,1600.56
2048,512,32,8192,2787.34
2048,512,32,16384,5970.98
2048,512,64,16,798.19
2048,512,64,32,798.85
2048,512,64,64,799.832
2048,512,64,128,856.728
2048,512,64,256,913.816
2048,512,64,512,1030.23
2048,512,64,1024,1265.41
2048,512,64,2048,1740.27
2048,512,64,4096,3078.3
2048,512,64,8192,7659.9
2048,512,64,16384,16362.5
2048,512,128,16,1122.54
2048,512,128,32,1125.47
2048,512,128,64,1126.75
2048,512,128,128,1236.61
2048,512,128,256,1357.17
2048,512,128,512,1610.63
2048,512,128,1024,2159.92
2048,512,128,2048,3454.84
2048,512,128,4096,10850.1
2048,512,128,8192,20939.8
2048,512,128,16384,43604.2
2048,768,0,0,530.198
2048,1024,0,0,595.35
2048,1024,1,16,596.096
2048,1024,1,32,597.314
2048,1024,1,64,593.944
2048,1024,1,128,596.376
2048,1024,1,256,598.506
2048,1024,1,512,599.596
2048,1024,1,1024,601.452
2048,1024,1,2048,606.358
2048,1024,1,4096,668.482
2048,1024,1,8192,844.078
2048,1024,1,16384,1189.95
2048,1024,2,16,599.872
2048,1024,2,32,602.18
2048,1024,2,64,599.574
2048,1024,2,128,601.814
2048,1024,2,256,600.32
2048,1024,2,512,604.864
2048,1024,2,1024,613.632
2048,1024,2,2048,628.672
2048,1024,2,4096,701.314
2048,1024,2,8192,903.978
2048,1024,2,16384,1268.03
2048,1024,4,16,609.344
2048,1024,4,32,608.044
2048,1024,4,64,606.934
2048,1024,4,128,613.12
2048,1024,4,256,618.094
2048,1024,4,512,627.524
2048,1024,4,1024,643.438
2048,1024,4,2048,663.148
2048,1024,4,4096,770.454
2048,1024,4,8192,1017.35
2048,1024,4,16384,1487.36
2048,1024,8,16,627.734
2048,1024,8,32,628.608
2048,1024,8,64,630.53
2048,1024,8,128,639.106
2048,1024,8,256,644.694
2048,1024,8,512,660.932
2048,1024,8,1024,686.166
2048,1024,8,2048,742.422
2048,1024,8,4096,902.316
2048,1024,8,8192,1257.8
2048,1024,8,16384,1895.88
2048,1024,16,16,673.238
2048,1024,16,32,671.212
2048,1024,16,64,672.77
2048,1024,16,128,685.548
2048,1024,16,256,701.142
2048,1024,16,512,730.648
2048,1024,16,1024,785.538
2048,1024,16,2048,893.57
2048,1024,16,4096,1171.48
2048,1024,16,8192,1747.8
2048,1024,16,16384,2977.16
2048,1024,32,16,753.858
2048,1024,32,32,757.038
2048,1024,32,64,756.93
2048,1024,32,128,784.534
2048,1024,32,256,814.21
2048,1024,32,512,869.742
2048,1024,32,1024,985.986
2048,1024,32,2048,1200.81
2048,1024,32,4096,1715.02
2048,1024,32,8192,2855.6
2048,1024,32,16384,6995.42
2048,1024,64,16,921.092
2048,1024,64,32,920.792
2048,1024,64,64,924.588
2048,1024,64,128,977.73
2048,1024,64,256,1038.28
2048,1024,64,512,1157.64
2048,1024,64,1024,1391.26
2048,1024,64,2048,1853.79
2048,1024,64,4096,3210
2048,1024,64,8192,7912.02
2048,1024,64,16384,17525.9
2048,1024,128,16,1248.94
2048,1024,128,32,1250.78
2048,1024,128,64,1252.91
2048,1024,128,128,1362.35
2048,1024,128,256,1484.63
2048,1024,128,512,1733.75
2048,1024,128,1024,2278.34
2048,1024,128,2048,3570.22
2048,1024,128,4096,11200.7
2048,1024,128,8192,22001.4
2048,1024,128,16384,43690.2
2048,1152,0,0,622.592
2048,1728,0,0,760.918
2048,2048,0,0,842.348
2048,2048,1,16,841.666
2048,2048,1,32,841.368
2048,2048,1,64,843.03
2048,2048,1,128,844.652
2048,2048,1,256,842.924
2048,2048,1,512,849.818
2048,2048,1,1024,849.688
2048,2048,1,2048,854.104
2048,2048,1,4096,877.528
2048,2048,1,8192,1057.62
2048,2048,1,16384,1415.47
2048,2048,2,16,844.288
2048,2048,2,32,844.46
2048,2048,2,64,847.898
2048,2048,2,128,846.53
2048,2048,2,256,849.366
2048,2048,2,512,853.996
2048,2048,2,1024,860.736
2048,2048,2,2048,876.268
2048,2048,2,4096,912.452
2048,2048,2,8192,1118.59
2048,2048,2,16384,1513.17
2048,2048,4,16,856.706
2048,2048,4,32,854.7
2048,2048,4,64,854.21
2048,2048,4,128,857.964
2048,2048,4,256,860.78
2048,2048,4,512,867.992
2048,2048,4,1024,879.446
2048,2048,4,2048,911.85
2048,2048,4,4096,980.206
2048,2048,4,8192,1238.83
2048,2048,4,16384,1717.04
2048,2048,8,16,874.902
2048,2048,8,32,875.778
2048,2048,8,64,881.366
2048,2048,8,128,882.476
2048,2048,8,256,889.452
2048,2048,8,512,902.124
2048,2048,8,1024,930.584
2048,2048,8,2048,993.388
2048,2048,8,4096,1117.46
2048,2048,8,8192,1481.95
2048,2048,8,16384,2154.58
2048,2048,16,16,915.01
2048,2048,16,32,913.772
2048,2048,16,64,913.986
2048,2048,16,128,930.542
2048,2048,16,256,950.254
2048,2048,16,512,977.366
2048,2048,16,1024,1031.75
2048,2048,16,2048,1143.28
2048,2048,16,4096,1394.69
2048,2048,16,8192,1964.06
2048,2048,16,16384,3245.56
2048,2048,32,16,997.676
2048,2048,32,32,997.936
2048,2048,32,64,1000.99
2048,2048,32,128,1024.71
2048,2048,32,256,1060.36
2048,2048,32,512,1114.09
2048,2048,32,1024,1231.36
2048,2048,32,2048,1456.15
2048,2048,32,4096,1938.59
2048,2048,32,8192,3034.48
2048,2048,32,16384,8965.96
2048,2048,64,16,1164.63
2048,2048,64,32,1167.55
2048,2048,64,64,1167.43
2048,2048,64,128,1224.19
2048,2048,64,256,1283.63
2048,2048,64,512,1399.56
2048,2048,64,1024,1642.12
2048,2048,64,2048,2096.02
2048,2048,64,4096,3086.16
2048,2048,64,8192,10437.9
2048,2048,64,16384,21182.8
2048,2048,128,16,1495.94
2048,2048,128,32,1496.8
2048,2048,128,64,1505.82
2048,2048,128,128,1613.25
2048,2048,128,256,1738.74
2048,2048,128,512,1976.88
2048,2048,128,1024,2529.5
2048,2048,128,2048,3766.56
2048,2048,128,4096,11498.9
2048,2048,128,8192,22661
2048,2048,128,16384,44986.6
2048,2592,0,0,972.396
2048,3888,0,0,1281
2048,4096,0,0,1330.8
2048,4096,1,16,1330.2
2048,4096,1,32,1332.1
2048,4096,1,64,1329.45
2048,4096,1,128,1326.38
2048,4096,1,256,1336.15
2048,4096,1,512,1338.52
2048,4096,1,1024,1340.8
2048,4096,1,2048,1340.91
2048,4096,1,4096,1347.65
2048,4096,1,8192,1459.31
2048,4096,1,16384,1820.87
2048,4096,2,16,1337.9
2048,4096,2,32,1335.19
2048,4096,2,64,1338.99
2048,4096,2,128,1339.31
2048,4096,2,256,1339.65
2048,4096,2,512,1345.11
2048,4096,2,1024,1348.12
2048,4096,2,2048,1358.58
2048,4096,2,4096,1372.98
2048,4096,2,8192,1531.63
2048,4096,2,16384,1955.08
2048,4096,4,16,1345.73
2048,4096,4,32,1346.41
2048,4096,4,64,1349.21
2048,4096,4,128,1352.6
2048,4096,4,256,1352.96
2048,4096,4,512,1358.68
2048,4096,4,1024,1371.22
2048,4096,4,2048,1397.04
2048,4096,4,4096,1467.38
2048,4096,4,8192,1661
2048,4096,4,16384,2179.04
2048,4096,8,16,1368.13
2048,4096,8,32,1368.03
2048,4096,8,64,1367.11
2048,4096,8,128,1372.5
2048,4096,8,256,1384.05
2048,4096,8,512,1391.49
2048,4096,8,1024,1416.62
2048,4096,8,2048,1482.71
2048,4096,8,4096,1580.21
2048,4096,8,8192,1914.37
2048,4096,8,16384,2623.72
2048,4096,16,16,1404.51
2048,4096,16,32,1408.2
2048,4096,16,64,1407.98
2048,4096,16,128,1420.59
2048,4096,16,256,1434.84
2048,4096,16,512,1461.6
2048,4096,16,1024,1518.26
2048,4096,16,2048,1639.13
2048,4096,16,4096,1865.22
2048,4096,16,8192,2408
2048,4096,16,16384,3727.8
2048,4096,32,16,1483.04
2048,4096,32,32,1484.81
2048,4096,32,64,1485.32
2048,4096,32,128,1512.2
2048,4096,32,256,1544.48
2048,4096,32,512,1600.9
2048,4096,32,1024,1717.53
2048,4096,32,2048,1949.85
2048,4096,32,4096,2393.6
2048,4096,32,8192,3467.06
2048,4096,32,16384,9882.3
2048,4096,64,16,1646.98
2048,4096,64,32,1649.14
2048,4096,64,64,1650.21
2048,4096,64,128,1708.53
2048,4096,64,256,1769.03
2048,4096,64,512,1887.54
2048,4096,64,1024,2119.98
2048,4096,64,2048,2585.52
2048,4096,64,4096,3686.06
2048,4096,64,8192,10800.4
2048,4096,64,16384,22054.6
2048,4096,128,16,1988.76
2048,4096,128,32,1986.5
2048,4096,128,64,1995.08
2048,4096,128,128,2102.56
2048,4096,128,256,2227.4
2048,4096,128,512,2460.74
2048,4096,128,1024,2990.68
2048,4096,128,2048,4243.92
2048,4096,128,4096,11003
2048,4096,128,8192,22707
2048,4096,128,16384,45038.8
2048,5832,0,0,1753.56
2048,8192,0,0,2304.54
2048,8192,1,16,2306.54
2048,8192,1,32,2307.52
2048,8192,1,64,2309.2
2048,8192,1,128,2307.2
2048,8192,1,256,2310.98
2048,8192,1,512,2318.24
2048,8192,1,1024,2316.56
2048,8192,1,2048,2317.36
2048,8192,1,4096,2315.5
2048,8192,1,8192,2327.7
2048,8192,1,16384,2607.28
2048,8192,2,16,2317.26
2048,8192,2,32,2312.64
2048,8192,2,64,2315.16
2048,8192,2,128,2313.1
2048,8192,2,256,2319.02
2048,8192,2,512,2322.44
2048,8192,2,1024,2326.36
2048,8192,2,2048,2329.7
2048,8192,2,4096,2339.74
2048,8192,2,8192,2354.78
2048,8192,2,16384,2849.66
2048,8192,4,16,2323.4
2048,8192,4,32,2327.42
2048,8192,4,64,2325.16
2048,8192,4,128,2323.04
2048,8192,4,256,2330.14
2048,8192,4,512,2337.24
2048,8192,4,1024,2343.86
2048,8192,4,2048,2366.36
2048,8192,4,4096,2406.2
2048,8192,4,8192,2614.86
2048,8192,4,16384,2978.52
2048,8192,8,16,2344.7
2048,8192,8,32,2344.92
2048,8192,8,64,2343.02
2048,8192,8,128,2351.46
2048,8192,8,256,2355.68
2048,8192,8,512,2368.58
2048,8192,8,1024,2390.84
2048,8192,8,2048,2439.96
2048,8192,8,4096,2554.32
2048,8192,8,8192,2732.08
2048,8192,8,16384,3460.04
2048,8192,16,16,2380
2048,8192,16,32,2383.34
2048,8192,16,64,2381.88
2048,8192,16,128,2398.16
2048,8192,16,256,2410.28
2048,8192,16,512,2435.06
2048,8192,16,1024,2485.7
2048,8192,16,2048,2598.1
2048,8192,16,4096,2846.4
2048,8192,16,8192,3348.86
2048,8192,16,16384,4466.42
2048,8192,32,16,2457.5
2048,8192,32,32,2454.8
2048,8192,32,64,2463.66
2048,8192,32,128,2485.4
2048,8192,32,256,2509.04
2048,8192,32,512,2562.32
2048,8192,32,1024,2687.34
2048,8192,32,2048,2919.78
2048,8192,32,4096,3369.04
2048,8192,32,8192,4296.78
2048,8192,32,16384,6596.42
2048,8192,64,16,2614.02
2048,8192,64,32,2615.74
2048,8192,64,64,2617.32
2048,8192,64,128,2671.9
2048,8192,64,256,2726.62
2048,8192,64,512,2848.7
2048,8192,64,1024,3096.62
2048,8192,64,2048,3585.4
2048,8192,64,4096,4701.46
2048,8192,64,8192,7744.1
2048,8192,64,16384,21787.6
2048,8192,128,16,2955.16
2048,8192,128,32,2952.84
2048,8192,128,64,2959.24
2048,8192,128,128,3075.02
2048,8192,128,256,3196.22
2048,8192,128,512,3436.28
2048,8192,128,1024,3933.66
2048,8192,128,2048,5118.86
2048,8192,128,4096,11462.6
2048,8192,128,8192,22434.6
2048,8192,128,16384,45149.8
2048,8748,0,0,2438.9
2048,13122,0,0,3507.62
2048,16384,0,0,4276.14
2048,16384,1,16,4277.2
2048,16384,1,32,4271.66
2048,16384,1,64,4279.46
2048,16384,1,128,4280.94
2048,16384,1,256,4280.74
2048,16384,1,512,4285.06
2048,16384,1,1024,4282.7
2048,16384,1,2048,4290.14
2048,16384,1,4096,4288.98
2048,16384,1,8192,4291.4
2048,16384,1,16384,4298.48
2048,16384,2,16,4280.34
2048,16384,2,32,4284.14
2048,16384,2,64,4275.28
2048,16384,2,128,4281.6
2048,16384,2,256,4285.06
2048,16384,2,512,4285.16
2048,16384,2,1024,4289.94
2048,16384,2,2048,4298.66
2048,16384,2,4096,4296.78
2048,16384,2,8192,4307.92
2048,16384,2,16384,4319.88
2048,16384,4,16,4288.02
2048,16384,4,32,4292.12
2048,16384,4,64,4294.2
2048,16384,4,128,4292.26
2048,16384,4,256,4294.48
2048,16384,4,512,4305.84
2048,16384,4,1024,4314.42
2048,16384,4,2048,4334.2
2048,16384,4,4096,4352.36
2048,16384,4,8192,4371.04
2048,16384,4,16384,4916.48
2048,16384,8,16,4312.18
2048,16384,8,32,4306.66
2048,16384,8,64,4314.84
2048,16384,8,128,4320.08
2048,16384,8,256,4322.88
2048,16384,8,512,4333.18
2048,16384,8,1024,4354.46
2048,16384,8,2048,4404.84
2048,16384,8,4096,4496.4
2048,16384,8,8192,4693.42
2048,16384,8,16384,5049.7
2048,16384,16,16,4353.24
2048,16384,16,32,4353.08
2048,16384,16,64,4350.26
2048,16384,16,128,4363.3
2048,16384,16,256,4369.32
2048,16384,16,512,4396.16
2048,16384,16,1024,4451.98
2048,16384,16,2048,4539.9
2048,16384,16,4096,4759.26
2048,16384,16,8192,5314.8
2048,16384,16,16384,6445.78
2048,16384,32,16,4422.16
2048,16384,32,32,4424.52
2048,16384,32,64,4420.76
2048,16384,32,128,4449.22
2048,16384,32,256,4467.9
2048,16384,32,512,4526.7
2048,16384,32,1024,4630.44
2048,16384,32,2048,4860.12
2048,16384,32,4096,5348.04
2048,16384,32,8192,6269.34
2048,16384,32,16384,8138.32
2048,16384,64,16,4570.12
2048,16384,64,32,4584.02
2048,16384,64,64,4579.88
2048,16384,64,128,4629.22
2048,16384,64,256,4680.38
2048,16384,64,512,4784.72
2048,16384,64,1024,5019.14
2048,16384,64,2048,5514.38
2048,16384,64,4096,6631.96
2048,16384,64,8192,11068.9
2048,16384,64,16384,20429.8
2048,16384,128,16,4890.92
2048,16384,128,32,4892
2048,16384,128,64,4894.64
2048,16384,128,128,4999.6
2048,16384,128,256,5120.06
2048,16384,128,512,5377.34
2048,16384,128,1024,5866.1
2048,16384,128,2048,7026.9
2048,16384,128,4096,12224.7
2048,16384,128,8192,23439.8
2048,16384,128,16384,45180.6
