regime,n,nb,ratio,skew,pc,kp,kvs,kv_big,kv_mean,t_mean_us,t_max_us,t_skew_us,alpha
pure,2,1,0.5,4.0,0,0,128,512,320,46.497,50.143,47.297,0.2194
pure,2,1,0.5,4.0,0,0,256,1024,640,51.745,59.457,52.833,0.1411
pure,2,1,0.5,4.0,0,0,512,2048,1280,64.256,80.162,68.064,0.2394
pure,2,1,0.5,4.0,0,0,1024,4096,2560,90.176,113.536,89.345,-0.0356
pure,2,1,0.5,4.0,0,0,2048,8192,5120,131.999,185.599,133.376,0.0257
pure,2,1,0.5,4.0,0,0,4096,16384,10240,218.02,319.52,219.649,0.016
mixed,2,1,0.5,4.0,16,0,128,512,320,37.729,52.094,51.681,0.9712
mixed,2,1,0.5,4.0,16,0,256,1024,640,60.127,84.513,84.128,0.9842
mixed,2,1,0.5,4.0,16,0,512,2048,1280,99.422,151.553,150.368,0.9773
mixed,2,1,0.5,4.0,16,0,1024,4096,2560,183.586,284.32,282.561,0.9825
mixed,2,1,0.5,4.0,16,0,2048,8192,5120,350.849,553.601,552.192,0.9931
mixed,2,1,0.5,4.0,16,0,4096,16384,10240,686.69,1087.71,1086.02,0.9958
mixed,2,1,0.5,4.0,16,512,128,512,320,52.064,52.416,52.096,0.0909
mixed,2,1,0.5,4.0,16,512,256,1024,640,60.032,84.544,84.096,0.9817
mixed,2,1,0.5,4.0,16,512,512,2048,1280,100.128,152.001,151.104,0.9827
mixed,2,1,0.5,4.0,16,512,1024,4096,2560,186.304,284.959,284.832,0.9987
mixed,2,1,0.5,4.0,16,512,2048,8192,5120,351.392,553.44,551.585,0.9908
mixed,2,1,0.5,4.0,16,512,4096,16384,10240,686.85,1086.44,1088.96,1.0063
mixed,2,1,0.5,4.0,16,1024,128,512,320,84.192,84.929,84.16,-0.0434
mixed,2,1,0.5,4.0,16,1024,256,1024,640,85.057,85.663,84.865,-0.3168
mixed,2,1,0.5,4.0,16,1024,512,2048,1280,99.776,152.417,151.554,0.9836
mixed,2,1,0.5,4.0,16,1024,1024,4096,2560,185.857,286.018,284.547,0.9853
mixed,2,1,0.5,4.0,16,1024,2048,8192,5120,352.513,552.738,551.585,0.9942
mixed,2,1,0.5,4.0,16,1024,4096,16384,10240,686.815,1085.22,1086.37,1.0029
mixed,2,1,0.5,4.0,16,2048,128,512,320,150.976,151.903,151.232,0.2762
mixed,2,1,0.5,4.0,16,2048,256,1024,640,151.841,152.64,151.36,-0.602
mixed,2,1,0.5,4.0,16,2048,512,2048,1280,153.185,153.827,152.898,-0.447
mixed,2,1,0.5,4.0,16,2048,1024,4096,2560,186.627,286.657,284.767,0.9811
mixed,2,1,0.5,4.0,16,2048,2048,8192,5120,351.393,556.483,553.955,0.9877
mixed,2,1,0.5,4.0,16,2048,4096,16384,10240,687.651,1088.42,1089.67,1.0031
mixed,2,1,0.5,4.0,16,4096,128,512,320,284.193,284.77,284.064,-0.2236
mixed,2,1,0.5,4.0,16,4096,256,1024,640,284.544,285.728,284.577,0.0279
mixed,2,1,0.5,4.0,16,4096,512,2048,1280,285.92,287.169,284.032,-1.5116
mixed,2,1,0.5,4.0,16,4096,1024,4096,2560,286.016,286.402,285.857,-0.4119
mixed,2,1,0.5,4.0,16,4096,2048,8192,5120,353.026,555.555,552.067,0.9828
mixed,2,1,0.5,4.0,16,4096,4096,16384,10240,687.715,1088.71,1090.37,1.0041
mixed,2,1,0.5,4.0,16,8192,128,512,320,551.136,552.96,552,0.4737
mixed,2,1,0.5,4.0,16,8192,256,1024,640,551.424,552.256,552.77,1.6178
mixed,2,1,0.5,4.0,16,8192,512,2048,1280,552.545,552.897,552.163,-1.0852
mixed,2,1,0.5,4.0,16,8192,1024,4096,2560,553.633,553.119,553.632,
mixed,2,1,0.5,4.0,16,8192,2048,8192,5120,556.672,556.355,556.355,
mixed,2,1,0.5,4.0,16,8192,4096,16384,10240,688.415,1088.13,1087.65,0.9988
mixed,2,1,0.5,4.0,32,0,128,512,320,37.664,52.482,51.49,0.9331
mixed,2,1,0.5,4.0,32,0,256,1024,640,60.225,84.832,84.065,0.9688
mixed,2,1,0.5,4.0,32,0,512,2048,1280,99.775,150.977,150.304,0.9869
mixed,2,1,0.5,4.0,32,0,1024,4096,2560,184.928,283.651,284.384,1.0074
mixed,2,1,0.5,4.0,32,0,2048,8192,5120,352.288,550.784,552.799,1.0102
mixed,2,1,0.5,4.0,32,0,4096,16384,10240,688.962,1089.15,1088.87,0.9993
mixed,2,1,0.5,4.0,32,512,128,512,320,52.226,52.801,52.897,1.167
mixed,2,1,0.5,4.0,32,512,256,1024,640,60.064,84.641,83.936,0.9713
mixed,2,1,0.5,4.0,32,512,512,2048,1280,100.064,151.744,151.36,0.9926
mixed,2,1,0.5,4.0,32,512,1024,4096,2560,185.695,285.889,284.065,0.9818
mixed,2,1,0.5,4.0,32,512,2048,8192,5120,350.784,554.273,554.464,1.0009
mixed,2,1,0.5,4.0,32,512,4096,16384,10240,688.321,1089.09,1089.82,1.0018
mixed,2,1,0.5,4.0,32,1024,128,512,320,84.642,85.186,84.799,0.2886
mixed,2,1,0.5,4.0,32,1024,256,1024,640,85.152,85.825,84.96,-0.2853
mixed,2,1,0.5,4.0,32,1024,512,2048,1280,100.127,152.226,151.136,0.9791
mixed,2,1,0.5,4.0,32,1024,1024,4096,2560,186.11,285.089,285.888,1.0081
mixed,2,1,0.5,4.0,32,1024,2048,8192,5120,352.194,557.092,551.875,0.9745
mixed,2,1,0.5,4.0,32,1024,4096,16384,10240,687.042,1087.87,1089.67,1.0045
mixed,2,1,0.5,4.0,32,2048,128,512,320,151.071,151.746,151.201,0.1926
mixed,2,1,0.5,4.0,32,2048,256,1024,640,152.704,152.767,151.967,-11.6984
mixed,2,1,0.5,4.0,32,2048,512,2048,1280,152.831,153.92,152.224,-0.5574
mixed,2,1,0.5,4.0,32,2048,1024,4096,2560,186.367,286.177,286.081,0.999
mixed,2,1,0.5,4.0,32,2048,2048,8192,5120,352.001,557.152,553.729,0.9833
mixed,2,1,0.5,4.0,32,2048,4096,16384,10240,690.561,1089.92,1093.54,1.0091
mixed,2,1,0.5,4.0,32,4096,128,512,320,285.247,284.831,283.999,
mixed,2,1,0.5,4.0,32,4096,256,1024,640,285.922,285.249,284.576,
mixed,2,1,0.5,4.0,32,4096,512,2048,1280,286.144,286.881,285.952,-0.2605
mixed,2,1,0.5,4.0,32,4096,1024,4096,2560,286.944,287.392,287.521,1.2879
mixed,2,1,0.5,4.0,32,4096,2048,8192,5120,351.968,555.743,553.28,0.9879
mixed,2,1,0.5,4.0,32,4096,4096,16384,10240,688.449,1089.63,1092.38,1.0069
mixed,2,1,0.5,4.0,32,8192,128,512,320,550.368,553.472,551.683,0.4236
mixed,2,1,0.5,4.0,32,8192,256,1024,640,553.634,554.081,553.312,-0.7204
mixed,2,1,0.5,4.0,32,8192,512,2048,1280,552.479,553.345,552.767,0.3326
mixed,2,1,0.5,4.0,32,8192,1024,4096,2560,554.337,554.976,552.545,-2.8044
mixed,2,1,0.5,4.0,32,8192,2048,8192,5120,556.449,558.368,558.401,1.0172
mixed,2,1,0.5,4.0,32,8192,4096,16384,10240,688.768,1090.88,1092.19,1.0033
mixed,2,1,0.5,4.0,64,0,128,512,320,38.111,53.055,52.128,0.938
mixed,2,1,0.5,4.0,64,0,256,1024,640,60.83,84.895,83.968,0.9615
mixed,2,1,0.5,4.0,64,0,512,2048,1280,99.872,151.135,150.528,0.9882
mixed,2,1,0.5,4.0,64,0,1024,4096,2560,185.536,284.129,284.255,1.0013
mixed,2,1,0.5,4.0,64,0,2048,8192,5120,351.295,555.519,552.097,0.9832
mixed,2,1,0.5,4.0,64,0,4096,16384,10240,687.969,1089.28,1090.59,1.0033
mixed,2,1,0.5,4.0,64,512,128,512,320,53.6,54.369,54.112,0.6658
mixed,2,1,0.5,4.0,64,512,256,1024,640,61.184,85.537,84.575,0.9605
mixed,2,1,0.5,4.0,64,512,512,2048,1280,100.158,152.161,151.392,0.9852
mixed,2,1,0.5,4.0,64,512,1024,4096,2560,185.569,285.313,284.992,0.9968
mixed,2,1,0.5,4.0,64,512,2048,8192,5120,353.022,557.665,554.529,0.9847
mixed,2,1,0.5,4.0,64,512,4096,16384,10240,689.056,1088.32,1089.6,1.0032
mixed,2,1,0.5,4.0,64,1024,128,512,320,85.825,86.719,86.401,0.6443
mixed,2,1,0.5,4.0,64,1024,256,1024,640,86.494,87.232,86.912,0.5664
mixed,2,1,0.5,4.0,64,1024,512,2048,1280,100.064,152.384,151.328,0.9798
mixed,2,1,0.5,4.0,64,1024,1024,4096,2560,186.498,285.663,285.889,1.0023
mixed,2,1,0.5,4.0,64,1024,2048,8192,5120,352.704,555.966,553.248,0.9866
mixed,2,1,0.5,4.0,64,1024,4096,16384,10240,687.426,1089.54,1091.27,1.0043
mixed,2,1,0.5,4.0,64,2048,128,512,320,152.224,153.664,152.608,0.2667
mixed,2,1,0.5,4.0,64,2048,256,1024,640,153.601,154.591,153.057,-0.5495
mixed,2,1,0.5,4.0,64,2048,512,2048,1280,153.664,154.913,153.985,0.257
mixed,2,1,0.5,4.0,64,2048,1024,4096,2560,186.401,286.113,285.121,0.9901
mixed,2,1,0.5,4.0,64,2048,2048,8192,5120,352.257,556.8,552.416,0.9786
mixed,2,1,0.5,4.0,64,2048,4096,16384,10240,687.521,1089.86,1092.42,1.0064
mixed,2,1,0.5,4.0,64,4096,128,512,320,285.825,287.038,285.728,-0.08
mixed,2,1,0.5,4.0,64,4096,256,1024,640,286.208,287.233,285.537,-0.6546
mixed,2,1,0.5,4.0,64,4096,512,2048,1280,286.881,287.936,286.625,-0.2427
mixed,2,1,0.5,4.0,64,4096,1024,4096,2560,288.097,288.447,288.098,0.0029
mixed,2,1,0.5,4.0,64,4096,2048,8192,5120,353.441,557.119,552.769,0.9786
mixed,2,1,0.5,4.0,64,4096,4096,16384,10240,689.44,1090.85,1091.26,1.001
mixed,2,1,0.5,4.0,64,8192,128,512,320,553.441,552.866,553.632,
mixed,2,1,0.5,4.0,64,8192,256,1024,640,554.145,555.233,552.449,-1.5588
mixed,2,1,0.5,4.0,64,8192,512,2048,1280,554.688,554.849,553.507,-7.3354
mixed,2,1,0.5,4.0,64,8192,1024,4096,2560,554.881,556.291,553.634,-0.8844
mixed,2,1,0.5,4.0,64,8192,2048,8192,5120,558.787,559.266,559.3,1.071
mixed,2,1,0.5,4.0,64,8192,4096,16384,10240,688.931,1090.95,1091.72,1.0019
mixed,2,1,0.5,4.0,128,0,128,512,320,39.264,54.081,52.705,0.9071
mixed,2,1,0.5,4.0,128,0,256,1024,640,61.856,84.641,84.417,0.9902
mixed,2,1,0.5,4.0,128,0,512,2048,1280,101.664,151.104,150.4,0.9858
mixed,2,1,0.5,4.0,128,0,1024,4096,2560,185.12,285.089,284.064,0.9897
mixed,2,1,0.5,4.0,128,0,2048,8192,5120,352.704,552.707,553.09,1.0019
mixed,2,1,0.5,4.0,128,0,4096,16384,10240,689.699,1091.55,1089.64,0.9952
mixed,2,1,0.5,4.0,128,512,128,512,320,56.32,55.936,55.905,
mixed,2,1,0.5,4.0,128,512,256,1024,640,62.657,85.663,84.767,0.9611
mixed,2,1,0.5,4.0,128,512,512,2048,1280,101.664,153.12,151.775,0.9739
mixed,2,1,0.5,4.0,128,512,1024,4096,2560,187.936,286.656,285.952,0.9929
mixed,2,1,0.5,4.0,128,512,2048,8192,5120,352.928,556.896,553.376,0.9827
mixed,2,1,0.5,4.0,128,512,4096,16384,10240,688.064,1093.06,1091.46,0.996
mixed,2,1,0.5,4.0,128,1024,128,512,320,87.968,87.425,87.328,
mixed,2,1,0.5,4.0,128,1024,256,1024,640,87.904,89.057,88.417,0.4449
mixed,2,1,0.5,4.0,128,1024,512,2048,1280,101.79,154.208,152.576,0.9689
mixed,2,1,0.5,4.0,128,1024,1024,4096,2560,188.193,287.01,286.337,0.9932
mixed,2,1,0.5,4.0,128,1024,2048,8192,5120,354.529,555.425,554.527,0.9955
mixed,2,1,0.5,4.0,128,1024,4096,16384,10240,690.017,1091.81,1091.52,0.9993
mixed,2,1,0.5,4.0,128,2048,128,512,320,154.816,155.682,154.655,-0.1859
mixed,2,1,0.5,4.0,128,2048,256,1024,640,155.264,156.001,155.006,-0.3501
mixed,2,1,0.5,4.0,128,2048,512,2048,1280,156.064,157.888,156.577,0.2813
mixed,2,1,0.5,4.0,128,2048,1024,4096,2560,187.552,288.609,287.2,0.9861
mixed,2,1,0.5,4.0,128,2048,2048,8192,5120,354.721,559.233,553.953,0.9742
mixed,2,1,0.5,4.0,128,2048,4096,16384,10240,690.85,1093.32,1093.09,0.9994
mixed,2,1,0.5,4.0,128,4096,128,512,320,288.064,288.288,287.457,-2.7098
mixed,2,1,0.5,4.0,128,4096,256,1024,640,288.446,289.472,287.873,-0.5585
mixed,2,1,0.5,4.0,128,4096,512,2048,1280,289.119,290.752,288.928,-0.117
mixed,2,1,0.5,4.0,128,4096,1024,4096,2560,290.624,291.296,290.751,0.189
mixed,2,1,0.5,4.0,128,4096,2048,8192,5120,356.448,558.531,554.976,0.9824
mixed,2,1,0.5,4.0,128,4096,4096,16384,10240,692,1093.83,1092.61,0.997
mixed,2,1,0.5,4.0,128,8192,128,512,320,555.235,554.462,554.018,
mixed,2,1,0.5,4.0,128,8192,256,1024,640,555.586,556.384,555.905,0.3997
mixed,2,1,0.5,4.0,128,8192,512,2048,1280,554.56,557.089,555.552,0.3922
mixed,2,1,0.5,4.0,128,8192,1024,4096,2560,555.617,556.323,556.323,1.0
mixed,2,1,0.5,4.0,128,8192,2048,8192,5120,560.546,564.131,561.472,0.2583
mixed,2,1,0.5,4.0,128,8192,4096,16384,10240,694.305,1093.5,1093.86,1.0009
mixed,2,1,0.5,4.0,256,0,128,512,320,55.039,70.176,68.801,0.9092
mixed,2,1,0.5,4.0,256,0,256,1024,640,77.377,100.416,99.552,0.9625
mixed,2,1,0.5,4.0,256,0,512,2048,1280,115.521,163.328,161.186,0.9552
mixed,2,1,0.5,4.0,256,0,1024,4096,2560,194.209,289.984,287.008,0.9689
mixed,2,1,0.5,4.0,256,0,2048,8192,5120,353.346,555.777,553.987,0.9912
mixed,2,1,0.5,4.0,256,0,4096,16384,10240,691.296,1092.1,1092.22,1.0003
mixed,2,1,0.5,4.0,256,512,128,512,320,96.32,110.207,88.736,-0.5461
mixed,2,1,0.5,4.0,256,512,256,1024,640,111.104,135.777,118.049,0.2815
mixed,2,1,0.5,4.0,256,512,512,2048,1280,150.4,198.816,194.912,0.9194
mixed,2,1,0.5,4.0,256,512,1024,4096,2560,228.896,322.304,317.952,0.9534
mixed,2,1,0.5,4.0,256,512,2048,8192,5120,384.383,571.073,565.633,0.9709
mixed,2,1,0.5,4.0,256,512,4096,16384,10240,694.4,1094.24,1094.72,1.0012
mixed,2,1,0.5,4.0,256,1024,128,512,320,130.336,143.777,119.009,-0.8427
mixed,2,1,0.5,4.0,256,1024,256,1024,640,152.128,177.792,129.569,-0.879
mixed,2,1,0.5,4.0,256,1024,512,2048,1280,186.816,233.889,199.169,0.2624
mixed,2,1,0.5,4.0,256,1024,1024,4096,2560,264.896,356.225,353.184,0.9667
mixed,2,1,0.5,4.0,256,1024,2048,8192,5120,418.753,605.825,602.243,0.9809
mixed,2,1,0.5,4.0,256,1024,4096,16384,10240,729.728,1099.84,1099.27,0.9984
mixed,2,1,0.5,4.0,256,2048,128,512,320,195.008,207.328,185.921,-0.7376
mixed,2,1,0.5,4.0,256,2048,256,1024,640,214.753,242.048,194.784,-0.7316
mixed,2,1,0.5,4.0,256,2048,512,2048,1280,256.609,307.584,211.296,-0.8889
mixed,2,1,0.5,4.0,256,2048,1024,4096,2560,332.928,427.073,356.257,0.2478
mixed,2,1,0.5,4.0,256,2048,2048,8192,5120,488.544,673.793,668.768,0.9729
mixed,2,1,0.5,4.0,256,2048,4096,16384,10240,797.059,1165.5,1163.26,0.9939
mixed,2,1,0.5,4.0,256,4096,128,512,320,321.441,334.243,314.465,-0.5449
mixed,2,1,0.5,4.0,256,4096,256,1024,640,343.073,368.353,323.167,-0.7874
mixed,2,1,0.5,4.0,256,4096,512,2048,1280,386.37,435.586,340.514,-0.9317
mixed,2,1,0.5,4.0,256,4096,1024,4096,2560,470.401,566.658,372.098,-1.0213
mixed,2,1,0.5,4.0,256,4096,2048,8192,5120,622.24,809.665,673.986,0.2761
mixed,2,1,0.5,4.0,256,4096,4096,16384,10240,931.235,1304.45,1300.1,0.9883
mixed,2,1,0.5,4.0,256,8192,128,512,320,569.634,589.185,566.752,-0.1474
mixed,2,1,0.5,4.0,256,8192,256,1024,640,592.001,616.642,574.146,-0.7246
mixed,2,1,0.5,4.0,256,8192,512,2048,1280,633.153,686.334,589.537,-0.8201
mixed,2,1,0.5,4.0,256,8192,1024,4096,2560,718.047,819.711,623.265,-0.9323
mixed,2,1,0.5,4.0,256,8192,2048,8192,5120,892.994,1092.19,689.922,-1.0194
mixed,2,1,0.5,4.0,256,8192,4096,16384,10240,1205.57,1583.27,1302.34,0.2562
mixed,2,1,0.5,4.0,512,0,128,512,320,85.824,97.217,92.672,0.6011
mixed,2,1,0.5,4.0,512,0,256,1024,640,105.536,129.888,125.025,0.8003
mixed,2,1,0.5,4.0,512,0,512,2048,1280,146.529,193.278,190.079,0.9316
mixed,2,1,0.5,4.0,512,0,1024,4096,2560,223.744,318.56,316.128,0.9744
mixed,2,1,0.5,4.0,512,0,2048,8192,5120,379.839,567.904,562.626,0.9719
mixed,2,1,0.5,4.0,512,0,4096,16384,10240,699.296,1096.07,1094.02,0.9948
mixed,2,1,0.5,4.0,512,512,128,512,320,149.633,148.128,147.713,
mixed,2,1,0.5,4.0,512,512,256,1024,640,148.672,166.53,160.513,0.6631
mixed,2,1,0.5,4.0,512,512,512,2048,1280,182.721,229.439,224.546,0.8953
mixed,2,1,0.5,4.0,512,512,1024,4096,2560,261.824,354.786,352.29,0.9732
mixed,2,1,0.5,4.0,512,512,2048,8192,5120,417.377,606.69,600.449,0.967
mixed,2,1,0.5,4.0,512,512,4096,16384,10240,724.929,1104.26,1097.57,0.9824
mixed,2,1,0.5,4.0,512,1024,128,512,320,210.272,213.633,211.137,0.2574
mixed,2,1,0.5,4.0,512,1024,256,1024,640,212.896,213.088,212.927,0.1615
mixed,2,1,0.5,4.0,512,1024,512,2048,1280,219.551,263.873,256.993,0.8448
mixed,2,1,0.5,4.0,512,1024,1024,4096,2560,296.96,389.824,382.146,0.9173
mixed,2,1,0.5,4.0,512,1024,2048,8192,5120,451.841,641.186,635.813,0.9716
mixed,2,1,0.5,4.0,512,1024,4096,16384,10240,764.579,1135.65,1130.4,0.9858
mixed,2,1,0.5,4.0,512,2048,128,512,320,334.209,334.4,333.825,-2.0105
mixed,2,1,0.5,4.0,512,2048,256,1024,640,335.36,344.032,335.842,0.0556
mixed,2,1,0.5,4.0,512,2048,512,2048,1280,337.665,340.608,337.759,0.0319
mixed,2,1,0.5,4.0,512,2048,1024,4096,2560,362.112,458.914,449.121,0.8988
mixed,2,1,0.5,4.0,512,2048,2048,8192,5120,520.608,706.787,698.689,0.9565
mixed,2,1,0.5,4.0,512,2048,4096,16384,10240,831.104,1203.36,1199.56,0.9898
mixed,2,1,0.5,4.0,512,4096,128,512,320,583.072,581.729,581.505,
mixed,2,1,0.5,4.0,512,4096,256,1024,640,582.367,583.97,583.232,0.5396
mixed,2,1,0.5,4.0,512,4096,512,2048,1280,590.431,601.826,583.424,-0.6149
mixed,2,1,0.5,4.0,512,4096,1024,4096,2560,585.121,599.072,594.819,0.6951
mixed,2,1,0.5,4.0,512,4096,2048,8192,5120,651.043,838.306,828.834,0.9494
mixed,2,1,0.5,4.0,512,4096,4096,16384,10240,959.554,1335.78,1330.91,0.9871
mixed,2,1,0.5,4.0,512,8192,128,512,320,1075.56,1078.53,1073.82,-0.5836
mixed,2,1,0.5,4.0,512,8192,256,1024,640,1078.24,1076.42,1075.65,
mixed,2,1,0.5,4.0,512,8192,512,2048,1280,1077.95,1078.53,1077.41,-0.941
mixed,2,1,0.5,4.0,512,8192,1024,4096,2560,1075.81,1098.78,1076,0.0083
mixed,2,1,0.5,4.0,512,8192,2048,8192,5120,1079.37,1121.44,1117.25,0.9003
mixed,2,1,0.5,4.0,512,8192,4096,16384,10240,1228.45,1598.72,1587.71,0.9703
mixed,2,1,0.5,4.0,1024,0,128,512,320,196.512,202.88,197.313,0.1258
mixed,2,1,0.5,4.0,1024,0,256,1024,640,203.839,218.241,208.128,0.2978
mixed,2,1,0.5,4.0,1024,0,512,2048,1280,237.057,294.785,278.75,0.7222
mixed,2,1,0.5,4.0,1024,0,1024,4096,2560,326.111,417.761,407.648,0.8897
mixed,2,1,0.5,4.0,1024,0,2048,8192,5120,478.303,667.266,663.778,0.9815
mixed,2,1,0.5,4.0,1024,0,4096,16384,10240,785.922,1161.31,1157.41,0.9896
mixed,2,1,0.5,4.0,1024,512,128,512,320,300.642,305.474,300.639,-0.0006
mixed,2,1,0.5,4.0,1024,512,256,1024,640,308.033,314.112,308.897,0.1421
mixed,2,1,0.5,4.0,1024,512,512,2048,1280,321.313,374.913,356.319,0.6531
mixed,2,1,0.5,4.0,1024,512,1024,4096,2560,413.153,517.122,493.023,0.7682
mixed,2,1,0.5,4.0,1024,512,2048,8192,5120,578.688,763.394,748.353,0.9186
mixed,2,1,0.5,4.0,1024,512,4096,16384,10240,888.452,1256.04,1257.6,1.0043
mixed,2,1,0.5,4.0,1024,1024,128,512,320,394.048,402.946,396.578,0.2843
mixed,2,1,0.5,4.0,1024,1024,256,1024,640,408.544,418.656,404.416,-0.4082
mixed,2,1,0.5,4.0,1024,1024,512,2048,1280,424.574,448.802,427.553,0.123
mixed,2,1,0.5,4.0,1024,1024,1024,4096,2560,492.482,600.673,574.56,0.7586
mixed,2,1,0.5,4.0,1024,1024,2048,8192,5120,672.032,858.881,839.619,0.8969
mixed,2,1,0.5,4.0,1024,1024,4096,16384,10240,982.144,1352.7,1342.05,0.9712
mixed,2,1,0.5,4.0,1024,2048,128,512,320,581.12,586.37,581.631,0.0973
mixed,2,1,0.5,4.0,1024,2048,256,1024,640,592.802,602.497,589.665,-0.3236
mixed,2,1,0.5,4.0,1024,2048,512,2048,1280,610.787,663.652,601.795,-0.1701
mixed,2,1,0.5,4.0,1024,2048,1024,4096,2560,676.45,762.337,722.915,0.541
mixed,2,1,0.5,4.0,1024,2048,2048,8192,5120,845.604,1048.48,1014.24,0.8312
mixed,2,1,0.5,4.0,1024,2048,4096,16384,10240,1169.51,1541.89,1518.56,0.9374
mixed,2,1,0.5,4.0,1024,4096,128,512,320,948.898,952.416,950.147,0.355
mixed,2,1,0.5,4.0,1024,4096,256,1024,640,958.014,971.553,960.515,0.1847
mixed,2,1,0.5,4.0,1024,4096,512,2048,1280,978.178,1027.04,963.49,-0.3006
mixed,2,1,0.5,4.0,1024,4096,1024,4096,2560,1058.05,1153.82,987.361,-0.7381
mixed,2,1,0.5,4.0,1024,4096,2048,8192,5120,1191.71,1383.75,1320.9,0.6727
mixed,2,1,0.5,4.0,1024,4096,4096,16384,10240,1525.83,1911.65,1880.48,0.9192
mixed,2,1,0.5,4.0,1024,8192,128,512,320,1684.13,1683.17,1687.9,
mixed,2,1,0.5,4.0,1024,8192,256,1024,640,1693.92,1706.27,1692.9,-0.0831
mixed,2,1,0.5,4.0,1024,8192,512,2048,1280,1718.82,1762.76,1695.23,-0.5367
mixed,2,1,0.5,4.0,1024,8192,1024,4096,2560,1795.49,1895.43,1714.91,-0.8062
mixed,2,1,0.5,4.0,1024,8192,2048,8192,5120,1959.17,2144.74,1788.8,-0.9181
mixed,2,1,0.5,4.0,1024,8192,4096,16384,10240,2237.64,2631.14,2590.69,0.8972
mixed,2,1,0.5,4.0,2048,0,128,512,320,536.322,541.697,536.161,-0.03
mixed,2,1,0.5,4.0,2048,0,256,1024,640,543.233,551.745,544.416,0.139
mixed,2,1,0.5,4.0,2048,0,512,2048,1280,560.865,579.939,558.562,-0.1207
mixed,2,1,0.5,4.0,2048,0,1024,4096,2560,620.035,733.696,704.769,0.7455
mixed,2,1,0.5,4.0,2048,0,2048,8192,5120,808.192,1013.22,976.356,0.8202
mixed,2,1,0.5,4.0,2048,0,4096,16384,10240,1143.84,1508.42,1484.06,0.9332
mixed,2,1,0.5,4.0,2048,512,128,512,320,721.634,728.993,722.211,0.0784
mixed,2,1,0.5,4.0,2048,512,256,1024,640,731.362,737.635,727.936,-0.5462
mixed,2,1,0.5,4.0,2048,512,512,2048,1280,741.025,756.099,743.585,0.1698
mixed,2,1,0.5,4.0,2048,512,1024,4096,2560,783.745,894.178,865.408,0.7395
mixed,2,1,0.5,4.0,2048,512,2048,8192,5120,973.218,1192.29,1147.56,0.7958
mixed,2,1,0.5,4.0,2048,512,4096,16384,10240,1335.01,1704.87,1654.43,0.8636
mixed,2,1,0.5,4.0,2048,1024,128,512,320,905.763,909.218,906.244,0.1392
mixed,2,1,0.5,4.0,2048,1024,256,1024,640,916.897,922.658,913.506,-0.5886
mixed,2,1,0.5,4.0,2048,1024,512,2048,1280,927.489,942.336,925.92,-0.1057
mixed,2,1,0.5,4.0,2048,1024,1024,4096,2560,951.583,1053.79,1019.46,0.6641
mixed,2,1,0.5,4.0,2048,1024,2048,8192,5120,1129.95,1348.96,1301.67,0.7841
mixed,2,1,0.5,4.0,2048,1024,4096,16384,10240,1504.77,1901.15,1832.23,0.8261
mixed,2,1,0.5,4.0,2048,2048,128,512,320,1272.54,1280.55,1273.86,0.1643
mixed,2,1,0.5,4.0,2048,2048,256,1024,640,1283.07,1288.04,1281.86,-0.2449
mixed,2,1,0.5,4.0,2048,2048,512,2048,1280,1294.66,1315.43,1288.96,-0.2743
mixed,2,1,0.5,4.0,2048,2048,1024,4096,2560,1324.32,1371.11,1329.41,0.1088
mixed,2,1,0.5,4.0,2048,2048,2048,8192,5120,1440.96,1678.76,1611.78,0.7183
mixed,2,1,0.5,4.0,2048,2048,4096,16384,10240,1830.18,2268.45,2171.36,0.7785
mixed,2,1,0.5,4.0,2048,4096,128,512,320,2005.86,2013.57,2004.64,-0.1579
mixed,2,1,0.5,4.0,2048,4096,256,1024,640,2014.98,2025.73,2013.09,-0.1757
mixed,2,1,0.5,4.0,2048,4096,512,2048,1280,2029.03,2034.98,2021.96,-1.1893
mixed,2,1,0.5,4.0,2048,4096,1024,4096,2560,2041.19,2056.17,2033.57,-0.5084
mixed,2,1,0.5,4.0,2048,4096,2048,8192,5120,2069.6,2306.88,2219.33,0.631
mixed,2,1,0.5,4.0,2048,4096,4096,16384,10240,2478.53,2936.81,2807.43,0.7177
mixed,2,1,0.5,4.0,2048,8192,128,512,320,3475.05,3481.83,3472.78,-0.3344
mixed,2,1,0.5,4.0,2048,8192,256,1024,640,3485.28,3483.69,3487.97,
mixed,2,1,0.5,4.0,2048,8192,512,2048,1280,3491.98,3500.39,3485.8,-0.7355
mixed,2,1,0.5,4.0,2048,8192,1024,4096,2560,3499.91,3512.36,3496.52,-0.2721
mixed,2,1,0.5,4.0,2048,8192,2048,8192,5120,3515.11,3536.62,3514.95,-0.0077
mixed,2,1,0.5,4.0,2048,8192,4096,16384,10240,3601.35,4266.83,3960.14,0.5391
pure,4,1,0.25,4.0,0,0,128,512,224,47.999,58.176,49.344,0.1322
pure,4,1,0.25,4.0,0,0,256,1024,448,55.169,76.416,57.505,0.1099
pure,4,1,0.25,4.0,0,0,512,2048,896,72.191,111.199,72.352,0.0041
pure,4,1,0.25,4.0,0,0,1024,4096,1792,104.864,176.734,102.465,-0.0334
pure,4,1,0.25,4.0,0,0,2048,8192,3584,160.255,316.512,161.12,0.0055
pure,4,1,0.25,4.0,0,0,4096,16384,7168,284.097,586.689,283.649,-0.0015
mixed,4,1,0.25,4.0,16,0,128,512,224,31.264,53.088,51.808,0.9413
mixed,4,1,0.25,4.0,16,0,256,1024,448,46.848,87.553,84.641,0.9285
mixed,4,1,0.25,4.0,16,0,512,2048,896,77.408,156.191,151.904,0.9456
mixed,4,1,0.25,4.0,16,0,1024,4096,1792,137.632,292.671,285.6,0.9544
mixed,4,1,0.25,4.0,16,0,2048,8192,3584,257.439,562.721,553.57,0.97
mixed,4,1,0.25,4.0,16,0,4096,16384,7168,494.914,1097.96,1092.16,0.9904
mixed,4,1,0.25,4.0,16,512,128,512,224,52.608,54.559,52.608,0.0
mixed,4,1,0.25,4.0,16,512,256,1024,448,52.864,87.711,84.96,0.9211
mixed,4,1,0.25,4.0,16,512,512,2048,896,77.792,157.314,153.25,0.9489
mixed,4,1,0.25,4.0,16,512,1024,4096,1792,138.241,293.792,286.786,0.955
mixed,4,1,0.25,4.0,16,512,2048,8192,3584,259.072,566.945,558.719,0.9733
mixed,4,1,0.25,4.0,16,512,4096,16384,7168,495.009,1102.02,1093.18,0.9854
mixed,4,1,0.25,4.0,16,1024,128,512,224,85.281,86.464,85.216,-0.0549
mixed,4,1,0.25,4.0,16,1024,256,1024,448,85.569,89.312,86.144,0.1536
mixed,4,1,0.25,4.0,16,1024,512,2048,896,87.329,158.337,153.604,0.9333
mixed,4,1,0.25,4.0,16,1024,1024,4096,1792,138.337,296.448,287.84,0.9456
mixed,4,1,0.25,4.0,16,1024,2048,8192,3584,260.032,567.617,559.392,0.9733
mixed,4,1,0.25,4.0,16,1024,4096,16384,7168,499.042,1104.93,1096.67,0.9864
mixed,4,1,0.25,4.0,16,2048,128,512,224,151.745,154.113,152.063,0.1343
mixed,4,1,0.25,4.0,16,2048,256,1024,448,153.09,157.089,153.502,0.103
mixed,4,1,0.25,4.0,16,2048,512,2048,896,155.489,160.096,153.985,-0.3265
mixed,4,1,0.25,4.0,16,2048,1024,4096,1792,159.04,298.816,288.545,0.9265
mixed,4,1,0.25,4.0,16,2048,2048,8192,3584,263.618,568.671,560.704,0.9739
mixed,4,1,0.25,4.0,16,2048,4096,16384,7168,503.394,1106.28,1098.15,0.9865
mixed,4,1,0.25,4.0,16,4096,128,512,224,284.224,287.331,284.736,0.1648
mixed,4,1,0.25,4.0,16,4096,256,1024,448,285.183,289.856,286.431,0.2671
mixed,4,1,0.25,4.0,16,4096,512,2048,896,287.969,293.283,287.489,-0.0903
mixed,4,1,0.25,4.0,16,4096,1024,4096,1792,291.969,302.048,290.72,-0.1239
mixed,4,1,0.25,4.0,16,4096,2048,8192,3584,302.752,571.617,559.842,0.9562
mixed,4,1,0.25,4.0,16,4096,4096,16384,7168,504.607,1107.74,1103.52,0.993
mixed,4,1,0.25,4.0,16,8192,128,512,224,552.257,554.468,553.378,0.507
mixed,4,1,0.25,4.0,16,8192,256,1024,448,553.986,556.895,553.249,-0.2534
mixed,4,1,0.25,4.0,16,8192,512,2048,896,555.808,560.159,553.953,-0.4263
mixed,4,1,0.25,4.0,16,8192,1024,4096,1792,559.521,568.288,557.279,-0.2557
mixed,4,1,0.25,4.0,16,8192,2048,8192,3584,565.472,577.376,563.36,-0.1774
mixed,4,1,0.25,4.0,16,8192,4096,16384,7168,573.792,1114.66,1098.05,0.9693
mixed,4,1,0.25,4.0,32,0,128,512,224,31.457,53.728,52,0.9224
mixed,4,1,0.25,4.0,32,0,256,1024,448,46.944,86.913,84.224,0.9327
mixed,4,1,0.25,4.0,32,0,512,2048,896,77.152,156.096,152.769,0.9579
mixed,4,1,0.25,4.0,32,0,1024,4096,1792,137.248,292.769,287.202,0.9642
mixed,4,1,0.25,4.0,32,0,2048,8192,3584,258.274,561.665,554.72,0.9771
mixed,4,1,0.25,4.0,32,0,4096,16384,7168,495.553,1101.8,1093.89,0.987
mixed,4,1,0.25,4.0,32,512,128,512,224,53.152,54.432,53.472,0.25
mixed,4,1,0.25,4.0,32,512,256,1024,448,52.959,87.648,84.8,0.9179
mixed,4,1,0.25,4.0,32,512,512,2048,896,77.632,157.057,153.024,0.9492
mixed,4,1,0.25,4.0,32,512,1024,4096,1792,138.464,295.202,288.352,0.9563
mixed,4,1,0.25,4.0,32,512,2048,8192,3584,260.129,565.762,558.431,0.976
mixed,4,1,0.25,4.0,32,512,4096,16384,7168,499.04,1102.24,1096.51,0.9905
mixed,4,1,0.25,4.0,32,1024,128,512,224,85.057,86.944,85.152,0.0503
mixed,4,1,0.25,4.0,32,1024,256,1024,448,85.761,88.993,86.401,0.198
mixed,4,1,0.25,4.0,32,1024,512,2048,896,87.84,159.105,153.631,0.9232
mixed,4,1,0.25,4.0,32,1024,1024,4096,1792,138.56,295.715,288.191,0.9521
mixed,4,1,0.25,4.0,32,1024,2048,8192,3584,259.52,566.111,559.907,0.9798
mixed,4,1,0.25,4.0,32,1024,4096,16384,7168,497.377,1103.78,1097.41,0.9895
mixed,4,1,0.25,4.0,32,2048,128,512,224,151.84,154.914,152.063,0.0725
mixed,4,1,0.25,4.0,32,2048,256,1024,448,153.441,158.657,153.44,-0.0002
mixed,4,1,0.25,4.0,32,2048,512,2048,896,156.289,160.16,155.167,-0.2898
mixed,4,1,0.25,4.0,32,2048,1024,4096,1792,158.721,300.801,288.865,0.916
mixed,4,1,0.25,4.0,32,2048,2048,8192,3584,262.687,568.769,562.08,0.9781
mixed,4,1,0.25,4.0,32,2048,4096,16384,7168,500.287,1104.16,1100.48,0.9939
mixed,4,1,0.25,4.0,32,4096,128,512,224,285.407,287.072,285.633,0.1357
mixed,4,1,0.25,4.0,32,4096,256,1024,448,286.816,291.167,287.072,0.0588
mixed,4,1,0.25,4.0,32,4096,512,2048,896,288.64,293.825,286.658,-0.3823
mixed,4,1,0.25,4.0,32,4096,1024,4096,1792,292.545,303.778,291.04,-0.134
mixed,4,1,0.25,4.0,32,4096,2048,8192,3584,301.634,572.162,560.768,0.9579
mixed,4,1,0.25,4.0,32,4096,4096,16384,7168,502.656,1107.91,1101.48,0.9894
mixed,4,1,0.25,4.0,32,8192,128,512,224,553.251,554.083,552.928,-0.3882
mixed,4,1,0.25,4.0,32,8192,256,1024,448,552.929,556.929,554.882,0.4883
mixed,4,1,0.25,4.0,32,8192,512,2048,896,555.457,559.362,554.307,-0.2945
mixed,4,1,0.25,4.0,32,8192,1024,4096,1792,559.106,568.033,557.154,-0.2187
mixed,4,1,0.25,4.0,32,8192,2048,8192,3584,567.905,576.993,563.202,-0.5175
mixed,4,1,0.25,4.0,32,8192,4096,16384,7168,574.018,1110.82,1103.43,0.9862
mixed,4,1,0.25,4.0,64,0,128,512,224,31.935,54.144,52.864,0.9424
mixed,4,1,0.25,4.0,64,0,256,1024,448,47.104,87.583,84.447,0.9225
mixed,4,1,0.25,4.0,64,0,512,2048,896,77.664,156.512,152.929,0.9546
mixed,4,1,0.25,4.0,64,0,1024,4096,1792,137.985,294.047,286.432,0.9512
mixed,4,1,0.25,4.0,64,0,2048,8192,3584,258.209,566.017,555.264,0.9651
mixed,4,1,0.25,4.0,64,0,4096,16384,7168,497.634,1102.69,1094.28,0.9861
mixed,4,1,0.25,4.0,64,512,128,512,224,53.856,55.456,53.985,0.0806
mixed,4,1,0.25,4.0,64,512,256,1024,448,54.175,88.64,85.216,0.9007
mixed,4,1,0.25,4.0,64,512,512,2048,896,77.409,157.28,153.76,0.9559
mixed,4,1,0.25,4.0,64,512,1024,4096,1792,138.303,296.48,288.608,0.9502
mixed,4,1,0.25,4.0,64,512,2048,8192,3584,259.523,568.515,558.304,0.967
mixed,4,1,0.25,4.0,64,512,4096,16384,7168,495.715,1104.16,1096.45,0.9873
mixed,4,1,0.25,4.0,64,1024,128,512,224,86.208,88.674,87.616,0.571
mixed,4,1,0.25,4.0,64,1024,256,1024,448,87.33,90.08,88.033,0.2556
mixed,4,1,0.25,4.0,64,1024,512,2048,896,88.415,158.047,154.462,0.9485
mixed,4,1,0.25,4.0,64,1024,1024,4096,1792,139.456,296.8,288.544,0.9475
mixed,4,1,0.25,4.0,64,1024,2048,8192,3584,258.818,570.209,558.433,0.9622
mixed,4,1,0.25,4.0,64,1024,4096,16384,7168,501.315,1106.98,1097.67,0.9846
mixed,4,1,0.25,4.0,64,2048,128,512,224,153.376,155.36,154.432,0.5323
mixed,4,1,0.25,4.0,64,2048,256,1024,448,154.943,159.168,154.912,-0.0073
mixed,4,1,0.25,4.0,64,2048,512,2048,896,157.633,161.153,156.703,-0.2642
mixed,4,1,0.25,4.0,64,2048,1024,4096,1792,158.911,301.025,290.177,0.9237
mixed,4,1,0.25,4.0,64,2048,2048,8192,3584,264.736,569.569,561.539,0.9737
mixed,4,1,0.25,4.0,64,2048,4096,16384,7168,503.201,1105.92,1100.74,0.9914
mixed,4,1,0.25,4.0,64,4096,128,512,224,286.176,288.673,287.584,0.5639
mixed,4,1,0.25,4.0,64,4096,256,1024,448,287.2,291.008,288.833,0.4288
mixed,4,1,0.25,4.0,64,4096,512,2048,896,290.848,294.785,288.928,-0.4877
mixed,4,1,0.25,4.0,64,4096,1024,4096,1792,292.543,305.313,292.16,-0.03
mixed,4,1,0.25,4.0,64,4096,2048,8192,3584,302.369,572.448,560.48,0.9557
mixed,4,1,0.25,4.0,64,4096,4096,16384,7168,505.502,1110.72,1100.96,0.9839
mixed,4,1,0.25,4.0,64,8192,128,512,224,555.49,556.929,553.696,-1.2467
mixed,4,1,0.25,4.0,64,8192,256,1024,448,555.202,557.76,556.449,0.4875
mixed,4,1,0.25,4.0,64,8192,512,2048,896,558.304,563.487,556.225,-0.4011
mixed,4,1,0.25,4.0,64,8192,1024,4096,1792,558.816,567.553,558.944,0.0147
mixed,4,1,0.25,4.0,64,8192,2048,8192,3584,568.673,575.455,564.48,-0.6183
mixed,4,1,0.25,4.0,64,8192,4096,16384,7168,576.386,1113.48,1101.15,0.9771
mixed,4,1,0.25,4.0,128,0,128,512,224,46.143,69.151,68.479,0.9708
mixed,4,1,0.25,4.0,128,0,256,1024,448,62.272,100.8,99.298,0.961
mixed,4,1,0.25,4.0,128,0,512,2048,896,94.209,165.537,162.368,0.9556
mixed,4,1,0.25,4.0,128,0,1024,4096,1792,152.032,290.72,286.05,0.9663
mixed,4,1,0.25,4.0,128,0,2048,8192,3584,260.93,564.259,555.554,0.9713
mixed,4,1,0.25,4.0,128,0,4096,16384,7168,492.894,1097.83,1093.92,0.9935
mixed,4,1,0.25,4.0,128,512,128,512,224,59.743,98.528,74.431,0.3787
mixed,4,1,0.25,4.0,128,512,256,1024,448,84.959,135.651,114.432,0.5814
mixed,4,1,0.25,4.0,128,512,512,2048,896,127.967,200.865,192.577,0.8863
mixed,4,1,0.25,4.0,128,512,1024,4096,1792,183.713,326.786,320.224,0.9541
mixed,4,1,0.25,4.0,128,512,2048,8192,3584,295.232,574.784,566.305,0.9697
mixed,4,1,0.25,4.0,128,512,4096,16384,7168,516.547,1101.54,1095.07,0.989
mixed,4,1,0.25,4.0,128,1024,128,512,224,90.816,99.168,91.135,0.0382
mixed,4,1,0.25,4.0,128,1024,256,1024,448,92.576,166.303,114.816,0.3017
mixed,4,1,0.25,4.0,128,1024,512,2048,896,147.967,235.872,193.441,0.5173
mixed,4,1,0.25,4.0,128,1024,1024,4096,1792,219.2,360.224,350.465,0.9308
mixed,4,1,0.25,4.0,128,1024,2048,8192,3584,330.559,608.671,600.095,0.9692
mixed,4,1,0.25,4.0,128,1024,4096,16384,7168,546.24,1104.36,1098.4,0.9893
mixed,4,1,0.25,4.0,128,2048,128,512,224,156.225,159.137,157.122,0.308
mixed,4,1,0.25,4.0,128,2048,256,1024,448,158.273,166.432,157.89,-0.0469
mixed,4,1,0.25,4.0,128,2048,512,2048,896,160.769,297.508,194.593,0.2474
mixed,4,1,0.25,4.0,128,2048,1024,4096,1792,263.488,430.305,351.106,0.5252
mixed,4,1,0.25,4.0,128,2048,2048,8192,3584,397.536,677.346,665.217,0.9567
mixed,4,1,0.25,4.0,128,2048,4096,16384,7168,614.626,1178.47,1162.66,0.972
mixed,4,1,0.25,4.0,128,4096,128,512,224,288.608,291.135,288.896,0.114
mixed,4,1,0.25,4.0,128,4096,256,1024,448,289.635,294.368,290.367,0.1547
mixed,4,1,0.25,4.0,128,4096,512,2048,896,292.352,297.344,291.329,-0.2049
mixed,4,1,0.25,4.0,128,4096,1024,4096,1792,295.713,561.889,352.319,0.2127
mixed,4,1,0.25,4.0,128,4096,2048,8192,3584,497.411,816.129,665.219,0.5265
mixed,4,1,0.25,4.0,128,4096,4096,16384,7168,757.281,1313.96,1295.14,0.9662
mixed,4,1,0.25,4.0,128,8192,128,512,224,556.674,556.194,557.474,
mixed,4,1,0.25,4.0,128,8192,256,1024,448,558.561,560.45,557.826,-0.3891
mixed,4,1,0.25,4.0,128,8192,512,2048,896,558.434,562.435,556.737,-0.4241
mixed,4,1,0.25,4.0,128,8192,1024,4096,1792,559.585,572.225,560.097,0.0405
mixed,4,1,0.25,4.0,128,8192,2048,8192,3584,570.977,1095.33,667.715,0.1845
mixed,4,1,0.25,4.0,128,8192,4096,16384,7168,959.875,1649.06,1296.32,0.4882
mixed,4,1,0.25,4.0,256,0,128,512,224,54.657,79.712,74.369,0.7867
mixed,4,1,0.25,4.0,256,0,256,1024,448,72.512,112.61,108.704,0.9026
mixed,4,1,0.25,4.0,256,0,512,2048,896,103.617,177.535,171.523,0.9187
mixed,4,1,0.25,4.0,256,0,1024,4096,1792,161.216,305.312,297.856,0.9483
mixed,4,1,0.25,4.0,256,0,2048,8192,3584,273.375,567.392,555.361,0.9591
mixed,4,1,0.25,4.0,256,0,4096,16384,7168,497.345,1105.09,1094.14,0.982
mixed,4,1,0.25,4.0,256,512,128,512,224,91.137,112.673,92.832,0.0787
mixed,4,1,0.25,4.0,256,512,256,1024,448,106.754,146.722,122.368,0.3907
mixed,4,1,0.25,4.0,256,512,512,2048,896,137.376,211.905,198.464,0.8197
mixed,4,1,0.25,4.0,256,512,1024,4096,1792,194.655,339.008,330.753,0.9428
mixed,4,1,0.25,4.0,256,512,2048,8192,3584,308.576,585.248,582.558,0.9903
mixed,4,1,0.25,4.0,256,512,4096,16384,7168,525.408,1103.62,1092.9,0.9815
mixed,4,1,0.25,4.0,256,1024,128,512,224,125.152,147.648,126.048,0.0398
mixed,4,1,0.25,4.0,256,1024,256,1024,448,141.088,180.254,134.336,-0.1724
mixed,4,1,0.25,4.0,256,1024,512,2048,896,173.697,243.936,202.624,0.4118
mixed,4,1,0.25,4.0,256,1024,1024,4096,1792,228.736,371.553,357.471,0.9014
mixed,4,1,0.25,4.0,256,1024,2048,8192,3584,341.281,622.304,613.122,0.9673
mixed,4,1,0.25,4.0,256,1024,4096,16384,7168,558.784,1132.16,1110.4,0.962
mixed,4,1,0.25,4.0,256,2048,128,512,224,190.943,213.505,191.2,0.0114
mixed,4,1,0.25,4.0,256,2048,256,1024,448,207.776,246.848,201.344,-0.1646
mixed,4,1,0.25,4.0,256,2048,512,2048,896,238.335,312.8,216.896,-0.2879
mixed,4,1,0.25,4.0,256,2048,1024,4096,1792,295.874,436.928,363.266,0.4778
mixed,4,1,0.25,4.0,256,2048,2048,8192,3584,405.825,688.194,675.073,0.9535
mixed,4,1,0.25,4.0,256,2048,4096,16384,7168,625.76,1192.26,1178.37,0.9755
mixed,4,1,0.25,4.0,256,4096,128,512,224,319.36,340.929,321.632,0.1053
mixed,4,1,0.25,4.0,256,4096,256,1024,448,337.024,375.006,328.544,-0.2233
mixed,4,1,0.25,4.0,256,4096,512,2048,896,366.72,442.591,346.145,-0.2712
mixed,4,1,0.25,4.0,256,4096,1024,4096,1792,427.679,575.007,380.096,-0.323
mixed,4,1,0.25,4.0,256,4096,2048,8192,3584,539.905,819.106,684.609,0.5183
mixed,4,1,0.25,4.0,256,4096,4096,16384,7168,754.816,1324.29,1306.18,0.9682
mixed,4,1,0.25,4.0,256,8192,128,512,224,575.233,596.099,570.657,-0.2193
mixed,4,1,0.25,4.0,256,8192,256,1024,448,589.311,628.64,580.608,-0.2213
mixed,4,1,0.25,4.0,256,8192,512,2048,896,619.266,693.121,595.745,-0.3185
mixed,4,1,0.25,4.0,256,8192,1024,4096,1792,676.066,826.528,628.77,-0.3143
mixed,4,1,0.25,4.0,256,8192,2048,8192,3584,790.85,1097.95,698.849,-0.2996
mixed,4,1,0.25,4.0,256,8192,4096,16384,7168,1030.82,1636.13,1313.99,0.4678
mixed,4,1,0.25,4.0,512,0,128,512,224,94.239,110.72,101.76,0.4563
mixed,4,1,0.25,4.0,512,0,256,1024,448,100.894,163.201,138.239,0.5994
mixed,4,1,0.25,4.0,512,0,512,2048,896,151.999,227.617,205.825,0.7118
mixed,4,1,0.25,4.0,512,0,1024,4096,1792,211.68,353.408,343.553,0.9305
mixed,4,1,0.25,4.0,512,0,2048,8192,3584,322.271,603.266,590.53,0.9547
mixed,4,1,0.25,4.0,512,0,4096,16384,7168,541.218,1114.27,1100.61,0.9762
mixed,4,1,0.25,4.0,512,512,128,512,224,158.273,177.408,157.888,-0.0201
mixed,4,1,0.25,4.0,512,512,256,1024,448,166.304,200.927,172.063,0.1663
mixed,4,1,0.25,4.0,512,512,512,2048,896,193.378,294.944,253.122,0.5882
mixed,4,1,0.25,4.0,512,512,1024,4096,1792,270.306,419.554,389.79,0.8006
mixed,4,1,0.25,4.0,512,512,2048,8192,3584,387.202,670.914,660.127,0.962
mixed,4,1,0.25,4.0,512,512,4096,16384,7168,609.761,1175.04,1155.43,0.9653
mixed,4,1,0.25,4.0,512,1024,128,512,224,219.648,223.297,219.136,-0.1403
mixed,4,1,0.25,4.0,512,1024,256,1024,448,221.922,274.751,222.401,0.0091
mixed,4,1,0.25,4.0,512,1024,512,2048,896,261.824,327.585,285.056,0.3533
mixed,4,1,0.25,4.0,512,1024,1024,4096,1792,312.577,483.81,441.952,0.7555
mixed,4,1,0.25,4.0,512,1024,2048,8192,3584,450.559,734.371,701.345,0.8836
mixed,4,1,0.25,4.0,512,1024,4096,16384,7168,670.848,1232.96,1218.53,0.9743
mixed,4,1,0.25,4.0,512,2048,128,512,224,342.209,344.994,343.138,0.3336
mixed,4,1,0.25,4.0,512,2048,256,1024,448,343.52,352.737,344.896,0.1493
mixed,4,1,0.25,4.0,512,2048,512,2048,896,348.031,465.472,348.385,0.003
mixed,4,1,0.25,4.0,512,2048,1024,4096,1792,434.241,579.232,509.825,0.5213
mixed,4,1,0.25,4.0,512,2048,2048,8192,3584,548.129,856.48,819.487,0.88
mixed,4,1,0.25,4.0,512,2048,4096,16384,7168,794.113,1361.22,1318.79,0.9252
mixed,4,1,0.25,4.0,512,4096,128,512,224,589.184,590.655,588.833,-0.2386
mixed,4,1,0.25,4.0,512,4096,256,1024,448,589.506,594.08,588.832,-0.1474
mixed,4,1,0.25,4.0,512,4096,512,2048,896,595.234,605.761,592.833,-0.2281
mixed,4,1,0.25,4.0,512,4096,1024,4096,1792,594.976,839.681,599.81,0.0198
mixed,4,1,0.25,4.0,512,4096,2048,8192,3584,780.415,1087.08,954.146,0.5665
mixed,4,1,0.25,4.0,512,4096,4096,16384,7168,1014.15,1599.14,1566.85,0.9448
mixed,4,1,0.25,4.0,512,8192,128,512,224,1080.1,1078.69,1079.23,
mixed,4,1,0.25,4.0,512,8192,256,1024,448,1079.33,1079.14,1079.52,
mixed,4,1,0.25,4.0,512,8192,512,2048,896,1077.76,1081.51,1077.66,-0.0256
mixed,4,1,0.25,4.0,512,8192,1024,4096,1792,1078.88,1115.59,1081.63,0.075
mixed,4,1,0.25,4.0,512,8192,2048,8192,3584,1084.07,1595.62,1118.28,0.0669
mixed,4,1,0.25,4.0,512,8192,4096,16384,7168,1479.07,2099.39,1837.31,0.5775
mixed,4,1,0.25,4.0,1024,0,128,512,224,208.8,222.943,209.792,0.0701
mixed,4,1,0.25,4.0,1024,0,256,1024,448,216.706,250.912,221.983,0.1543
mixed,4,1,0.25,4.0,1024,0,512,2048,896,237.119,340.32,300.896,0.618
mixed,4,1,0.25,4.0,1024,0,1024,4096,1792,320.704,499.582,438.818,0.6603
mixed,4,1,0.25,4.0,1024,0,2048,8192,3584,468.961,750.754,712.128,0.8629
mixed,4,1,0.25,4.0,1024,0,4096,16384,7168,685.697,1245.7,1234.63,0.9802
mixed,4,1,0.25,4.0,1024,512,128,512,224,309.985,327.296,311.521,0.0887
mixed,4,1,0.25,4.0,1024,512,256,1024,448,321.44,350.947,324.738,0.1118
mixed,4,1,0.25,4.0,1024,512,512,2048,896,342.753,425.442,376.545,0.4087
mixed,4,1,0.25,4.0,1024,512,1024,4096,1792,402.721,606.656,525.091,0.6
mixed,4,1,0.25,4.0,1024,512,2048,8192,3584,562.24,889.858,803.17,0.7354
mixed,4,1,0.25,4.0,1024,512,4096,16384,7168,829.89,1389.12,1346.24,0.9233
mixed,4,1,0.25,4.0,1024,1024,128,512,224,408.672,427.395,410.591,0.1025
mixed,4,1,0.25,4.0,1024,1024,256,1024,448,420.323,454.048,421.376,0.0312
mixed,4,1,0.25,4.0,1024,1024,512,2048,896,448.003,506.303,450.753,0.0472
mixed,4,1,0.25,4.0,1024,1024,1024,4096,1792,486.274,689.28,602.466,0.5724
mixed,4,1,0.25,4.0,1024,1024,2048,8192,3584,637.347,1032.93,883.489,0.6222
mixed,4,1,0.25,4.0,1024,1024,4096,16384,7168,963.298,1533.76,1434.82,0.8266
mixed,4,1,0.25,4.0,1024,2048,128,512,224,595.009,611.235,595.488,0.0295
mixed,4,1,0.25,4.0,1024,2048,256,1024,448,604.738,646.785,604.16,-0.0137
mixed,4,1,0.25,4.0,1024,2048,512,2048,896,640.833,703.234,635.55,-0.0847
mixed,4,1,0.25,4.0,1024,2048,1024,4096,1792,692.543,837.858,752.702,0.414
mixed,4,1,0.25,4.0,1024,2048,2048,8192,3584,794.883,1220.19,1039.52,0.5752
mixed,4,1,0.25,4.0,1024,2048,4096,16384,7168,1128.87,1817.73,1605.35,0.6917
mixed,4,1,0.25,4.0,1024,4096,128,512,224,958.848,981.824,963.809,0.2159
mixed,4,1,0.25,4.0,1024,4096,256,1024,448,973.251,1008.58,975.298,0.0579
mixed,4,1,0.25,4.0,1024,4096,512,2048,896,1001.31,1080.9,994.305,-0.0881
mixed,4,1,0.25,4.0,1024,4096,1024,4096,1792,1060.48,1198.02,1039.01,-0.1561
mixed,4,1,0.25,4.0,1024,4096,2048,8192,3584,1172.96,1454.88,1366.15,0.6853
mixed,4,1,0.25,4.0,1024,4096,4096,16384,7168,1396.48,2215.59,1908.04,0.6245
mixed,4,1,0.25,4.0,1024,8192,128,512,224,1694.72,1717.7,1705.38,0.4638
mixed,4,1,0.25,4.0,1024,8192,256,1024,448,1704.74,1747.97,1714.21,0.2192
mixed,4,1,0.25,4.0,1024,8192,512,2048,896,1740.23,1814.82,1725.54,-0.1969
mixed,4,1,0.25,4.0,1024,8192,1024,4096,1792,1801.6,1944.71,1763.62,-0.2654
mixed,4,1,0.25,4.0,1024,8192,2048,8192,3584,1915.72,2192.51,1841.22,-0.2691
mixed,4,1,0.25,4.0,1024,8192,4096,16384,7168,2146.89,2713.67,2605.93,0.8099
mixed,4,1,0.25,4.0,2048,0,128,512,224,551.873,568.547,555.108,0.194
mixed,4,1,0.25,4.0,2048,0,256,1024,448,562.273,586.465,566.273,0.1653
mixed,4,1,0.25,4.0,2048,0,512,2048,896,585.056,639.106,587.584,0.0468
mixed,4,1,0.25,4.0,2048,0,1024,4096,1792,614.337,829.185,742.848,0.5981
mixed,4,1,0.25,4.0,2048,0,2048,8192,3584,778.847,1185.54,1029.89,0.6173
mixed,4,1,0.25,4.0,2048,0,4096,16384,7168,1097.35,1738.56,1582.56,0.7567
mixed,4,1,0.25,4.0,2048,512,128,512,224,736.929,752.737,743.906,0.4414
mixed,4,1,0.25,4.0,2048,512,256,1024,448,746.207,775.17,748.065,0.0642
mixed,4,1,0.25,4.0,2048,512,512,2048,896,768.29,815.459,768.416,0.0027
mixed,4,1,0.25,4.0,2048,512,1024,4096,1792,800.865,995.458,897.155,0.4948
mixed,4,1,0.25,4.0,2048,512,2048,8192,3584,944.29,1356,1207.78,0.64
mixed,4,1,0.25,4.0,2048,512,4096,16384,7168,1267.01,2016.74,1764.23,0.6632
mixed,4,1,0.25,4.0,2048,1024,128,512,224,920.162,938.787,925.922,0.3093
mixed,4,1,0.25,4.0,2048,1024,256,1024,448,931.202,955.263,934.111,0.1209
mixed,4,1,0.25,4.0,2048,1024,512,2048,896,951.778,1000.1,953.025,0.0258
mixed,4,1,0.25,4.0,2048,1024,1024,4096,1792,988.739,1154.37,1058.46,0.421
mixed,4,1,0.25,4.0,2048,1024,2048,8192,3584,1106.53,1531.97,1362.66,0.602
mixed,4,1,0.25,4.0,2048,1024,4096,16384,7168,1433.64,2237.61,1937.7,0.627
mixed,4,1,0.25,4.0,2048,2048,128,512,224,1289.95,1303.2,1295.88,0.4468
mixed,4,1,0.25,4.0,2048,2048,256,1024,448,1297.06,1332.81,1308.77,0.3276
mixed,4,1,0.25,4.0,2048,2048,512,2048,896,1318.27,1368.13,1325.12,0.1375
mixed,4,1,0.25,4.0,2048,2048,1024,4096,1792,1359.05,1481.6,1364.55,0.0449
mixed,4,1,0.25,4.0,2048,2048,2048,8192,3584,1428.1,1855.53,1674.34,0.5761
mixed,4,1,0.25,4.0,2048,2048,4096,16384,7168,1760.45,2577.28,2275.18,0.6301
mixed,4,1,0.25,4.0,2048,4096,128,512,224,2017.96,2034.44,2021.48,0.2137
mixed,4,1,0.25,4.0,2048,4096,256,1024,448,2031.14,2049.38,2030.72,-0.0228
mixed,4,1,0.25,4.0,2048,4096,512,2048,896,2051.17,2088.71,2048.84,-0.0623
mixed,4,1,0.25,4.0,2048,4096,1024,4096,1792,2072.39,2199.4,2066.44,-0.0468
mixed,4,1,0.25,4.0,2048,4096,2048,8192,3584,2169.95,2488.55,2277.67,0.3381
mixed,4,1,0.25,4.0,2048,4096,4096,16384,7168,2391.5,3266.96,2923.56,0.6077
mixed,4,1,0.25,4.0,2048,8192,128,512,224,3489.38,3505.71,3490.47,0.0665
mixed,4,1,0.25,4.0,2048,8192,256,1024,448,3499.43,3526.57,3505.71,0.2315
mixed,4,1,0.25,4.0,2048,8192,512,2048,896,3524.88,3554.53,3515.97,-0.3001
mixed,4,1,0.25,4.0,2048,8192,1024,4096,1792,3549.14,3605.16,3528.77,-0.3635
mixed,4,1,0.25,4.0,2048,8192,2048,8192,3584,3601.74,3929.41,3576.1,-0.0782
mixed,4,1,0.25,4.0,2048,8192,4096,16384,7168,3853.51,4466.73,4147.21,0.479
pure,4,2,0.5,4.0,0,0,128,512,320,50.56,57.471,51.903,0.1943
pure,4,2,0.5,4.0,0,0,256,1024,640,65.153,76.253,65.822,0.0603
pure,4,2,0.5,4.0,0,0,512,2048,1280,84.865,110.4,85.088,0.0087
pure,4,2,0.5,4.0,0,0,1024,4096,2560,127.167,177.409,127.167,0.0
pure,4,2,0.5,4.0,0,0,2048,8192,5120,210.655,315.552,212.033,0.0131
pure,4,2,0.5,4.0,0,0,4096,16384,10240,383.649,584.291,394.559,0.0544
mixed,4,2,0.5,4.0,16,0,128,512,320,39.104,53.536,52.577,0.9336
mixed,4,2,0.5,4.0,16,0,256,1024,640,61.727,87.296,84.704,0.8986
mixed,4,2,0.5,4.0,16,0,512,2048,1280,103.231,156.065,152.735,0.937
mixed,4,2,0.5,4.0,16,0,1024,4096,2560,190.752,292.033,287.074,0.951
mixed,4,2,0.5,4.0,16,0,2048,8192,5120,363.071,564.547,559.582,0.9754
mixed,4,2,0.5,4.0,16,0,4096,16384,10240,695.135,1101.06,1092.58,0.9791
mixed,4,2,0.5,4.0,16,512,128,512,320,52.671,54.56,53.088,0.2208
mixed,4,2,0.5,4.0,16,512,256,1024,640,62.433,87.808,86.112,0.9332
mixed,4,2,0.5,4.0,16,512,512,2048,1280,103.52,156.991,154.177,0.9474
mixed,4,2,0.5,4.0,16,512,1024,4096,2560,191.872,296.863,288.064,0.9162
mixed,4,2,0.5,4.0,16,512,2048,8192,5120,362.657,563.967,559.392,0.9773
mixed,4,2,0.5,4.0,16,512,4096,16384,10240,700.864,1102.5,1095.14,0.9817
mixed,4,2,0.5,4.0,16,1024,128,512,320,84.641,86.783,85.858,0.5682
mixed,4,2,0.5,4.0,16,1024,256,1024,640,88.226,88.865,87.105,-1.7543
mixed,4,2,0.5,4.0,16,1024,512,2048,1280,103.616,157.953,154.431,0.9352
mixed,4,2,0.5,4.0,16,1024,1024,4096,2560,191.616,295.646,289.825,0.944
mixed,4,2,0.5,4.0,16,1024,2048,8192,5120,364.449,566.624,559.552,0.965
mixed,4,2,0.5,4.0,16,1024,4096,16384,10240,698.082,1106.18,1094.47,0.9713
mixed,4,2,0.5,4.0,16,2048,128,512,320,151.68,154.657,152.479,0.2684
mixed,4,2,0.5,4.0,16,2048,256,1024,640,154.592,157.183,154.144,-0.1729
mixed,4,2,0.5,4.0,16,2048,512,2048,1280,157.216,160.706,155.327,-0.5413
mixed,4,2,0.5,4.0,16,2048,1024,4096,2560,194.593,298.336,290.241,0.922
mixed,4,2,0.5,4.0,16,2048,2048,8192,5120,365.665,566.626,561.601,0.975
mixed,4,2,0.5,4.0,16,2048,4096,16384,10240,700.416,1103.78,1096.96,0.9831
mixed,4,2,0.5,4.0,16,4096,128,512,320,285.088,287.712,285.696,0.2317
mixed,4,2,0.5,4.0,16,4096,256,1024,640,287.807,292.096,286.4,-0.328
mixed,4,2,0.5,4.0,16,4096,512,2048,1280,290.272,294.272,288.481,-0.4477
mixed,4,2,0.5,4.0,16,4096,1024,4096,2560,294.56,301.888,290.559,-0.546
mixed,4,2,0.5,4.0,16,4096,2048,8192,5120,368.832,571.841,562.05,0.9518
mixed,4,2,0.5,4.0,16,4096,4096,16384,10240,703.328,1107.74,1102.11,0.9861
mixed,4,2,0.5,4.0,16,8192,128,512,320,551.842,555.041,554.883,0.9506
mixed,4,2,0.5,4.0,16,8192,256,1024,640,553.855,556.801,555.616,0.5978
mixed,4,2,0.5,4.0,16,8192,512,2048,1280,557.792,560.193,554.401,-1.4123
mixed,4,2,0.5,4.0,16,8192,1024,4096,2560,563.168,567.01,556.93,-1.6236
mixed,4,2,0.5,4.0,16,8192,2048,8192,5120,569.348,576.672,563.906,-0.743
mixed,4,2,0.5,4.0,16,8192,4096,16384,10240,711.937,1110.88,1098.12,0.968
mixed,4,2,0.5,4.0,32,0,128,512,320,39.2,53.507,52.639,0.9393
mixed,4,2,0.5,4.0,32,0,256,1024,640,61.697,86.976,84.896,0.9177
mixed,4,2,0.5,4.0,32,0,512,2048,1280,103.36,156.546,153.248,0.938
mixed,4,2,0.5,4.0,32,0,1024,4096,2560,191.232,292.289,287.777,0.9554
mixed,4,2,0.5,4.0,32,0,2048,8192,5120,362.847,564.545,559.776,0.9764
mixed,4,2,0.5,4.0,32,0,4096,16384,10240,698.624,1101.99,1094.69,0.9819
mixed,4,2,0.5,4.0,32,512,128,512,320,52.863,54.976,53.824,0.4548
mixed,4,2,0.5,4.0,32,512,256,1024,640,62.303,87.84,85.344,0.9023
mixed,4,2,0.5,4.0,32,512,512,2048,1280,103.36,157.856,154.08,0.9307
mixed,4,2,0.5,4.0,32,512,1024,4096,2560,192.544,296.321,288.097,0.9208
mixed,4,2,0.5,4.0,32,512,2048,8192,5120,363.264,564.255,560.321,0.9804
mixed,4,2,0.5,4.0,32,512,4096,16384,10240,697.63,1103.23,1095.97,0.9821
mixed,4,2,0.5,4.0,32,1024,128,512,320,84.993,86.851,85.76,0.4128
mixed,4,2,0.5,4.0,32,1024,256,1024,640,87.553,88.864,86.207,-1.0267
mixed,4,2,0.5,4.0,32,1024,512,2048,1280,103.872,156.768,154.433,0.9559
mixed,4,2,0.5,4.0,32,1024,1024,4096,2560,192.896,297.152,290.4,0.9352
mixed,4,2,0.5,4.0,32,1024,2048,8192,5120,364.896,567.424,562.017,0.9733
mixed,4,2,0.5,4.0,32,1024,4096,16384,10240,700.64,1105.15,1096.99,0.9798
mixed,4,2,0.5,4.0,32,2048,128,512,320,152.801,155.232,152.864,0.0259
mixed,4,2,0.5,4.0,32,2048,256,1024,640,155.168,158.945,154.368,-0.2118
mixed,4,2,0.5,4.0,32,2048,512,2048,1280,157.953,160.672,155.392,-0.9419
mixed,4,2,0.5,4.0,32,2048,1024,4096,2560,193.6,298.303,288.191,0.9034
mixed,4,2,0.5,4.0,32,2048,2048,8192,5120,366.337,566.881,562.433,0.9778
mixed,4,2,0.5,4.0,32,2048,4096,16384,10240,700.672,1107.23,1096.51,0.9736
mixed,4,2,0.5,4.0,32,4096,128,512,320,285.6,288.064,285.28,-0.1299
mixed,4,2,0.5,4.0,32,4096,256,1024,640,286.946,291.36,286.721,-0.051
mixed,4,2,0.5,4.0,32,4096,512,2048,1280,290.465,293.441,288.063,-0.8071
mixed,4,2,0.5,4.0,32,4096,1024,4096,2560,295.328,303.393,290.273,-0.6268
mixed,4,2,0.5,4.0,32,4096,2048,8192,5120,368.575,570.496,562.945,0.9626
mixed,4,2,0.5,4.0,32,4096,4096,16384,10240,703.395,1106.75,1101.18,0.9862
mixed,4,2,0.5,4.0,32,8192,128,512,320,552.927,555.2,553.986,0.4659
mixed,4,2,0.5,4.0,32,8192,256,1024,640,555.648,556.993,555.682,0.0253
mixed,4,2,0.5,4.0,32,8192,512,2048,1280,556.481,559.52,555.203,-0.4205
mixed,4,2,0.5,4.0,32,8192,1024,4096,2560,562.304,568.064,560.608,-0.2944
mixed,4,2,0.5,4.0,32,8192,2048,8192,5120,568.737,576.418,563.714,-0.654
mixed,4,2,0.5,4.0,32,8192,4096,16384,10240,708.16,1113.06,1101.57,0.9716
mixed,4,2,0.5,4.0,64,0,128,512,320,39.17,53.952,53.28,0.9545
mixed,4,2,0.5,4.0,64,0,256,1024,640,62.145,87.87,85.248,0.8981
mixed,4,2,0.5,4.0,64,0,512,2048,1280,103.392,157.087,152.833,0.9208
mixed,4,2,0.5,4.0,64,0,1024,4096,2560,191.84,292.543,286.912,0.9441
mixed,4,2,0.5,4.0,64,0,2048,8192,5120,364,564.674,560.32,0.9783
mixed,4,2,0.5,4.0,64,0,4096,16384,10240,701.123,1100.45,1096.19,0.9893
mixed,4,2,0.5,4.0,64,512,128,512,320,53.76,55.649,55.041,0.6781
mixed,4,2,0.5,4.0,64,512,256,1024,640,61.857,88.001,85.728,0.9131
mixed,4,2,0.5,4.0,64,512,512,2048,1280,103.36,156.961,154.174,0.948
mixed,4,2,0.5,4.0,64,512,1024,4096,2560,192.128,296.609,288.48,0.9222
mixed,4,2,0.5,4.0,64,512,2048,8192,5120,362.976,566.497,560.097,0.9686
mixed,4,2,0.5,4.0,64,512,4096,16384,10240,697.024,1103.3,1095.43,0.9806
mixed,4,2,0.5,4.0,64,1024,128,512,320,86.559,87.969,87.68,0.795
mixed,4,2,0.5,4.0,64,1024,256,1024,640,88.352,89.761,87.968,-0.2725
mixed,4,2,0.5,4.0,64,1024,512,2048,1280,104.257,158.337,154.689,0.9325
mixed,4,2,0.5,4.0,64,1024,1024,4096,2560,192.704,298.145,288.993,0.9132
mixed,4,2,0.5,4.0,64,1024,2048,8192,5120,364.514,568.097,561.218,0.9662
mixed,4,2,0.5,4.0,64,1024,4096,16384,10240,702.112,1105.66,1095.3,0.9743
mixed,4,2,0.5,4.0,64,2048,128,512,320,153.951,155.52,154.848,0.5717
mixed,4,2,0.5,4.0,64,2048,256,1024,640,156.512,158.752,155.488,-0.4571
mixed,4,2,0.5,4.0,64,2048,512,2048,1280,158.752,161.249,156.959,-0.7181
mixed,4,2,0.5,4.0,64,2048,1024,4096,2560,194.303,299.679,290.689,0.9147
mixed,4,2,0.5,4.0,64,2048,2048,8192,5120,366.049,570.017,561.377,0.9576
mixed,4,2,0.5,4.0,64,2048,4096,16384,10240,703.522,1108.51,1100.19,0.9794
mixed,4,2,0.5,4.0,64,4096,128,512,320,286.336,289.281,288,0.565
mixed,4,2,0.5,4.0,64,4096,256,1024,640,289.151,290.655,288.098,-0.7001
mixed,4,2,0.5,4.0,64,4096,512,2048,1280,291.875,294.852,289.249,-0.8821
mixed,4,2,0.5,4.0,64,4096,1024,4096,2560,295.934,303.232,292.448,-0.4777
mixed,4,2,0.5,4.0,64,4096,2048,8192,5120,368.8,572.864,562.401,0.9487
mixed,4,2,0.5,4.0,64,4096,4096,16384,10240,705.282,1106.69,1101.7,0.9876
mixed,4,2,0.5,4.0,64,8192,128,512,320,554.372,554.945,558.114,6.5305
mixed,4,2,0.5,4.0,64,8192,256,1024,640,556.194,557.762,555.457,-0.47
mixed,4,2,0.5,4.0,64,8192,512,2048,1280,556.928,561.823,556.672,-0.0523
mixed,4,2,0.5,4.0,64,8192,1024,4096,2560,564.899,571.906,562.53,-0.3381
mixed,4,2,0.5,4.0,64,8192,2048,8192,5120,569.536,579.779,565.024,-0.4405
mixed,4,2,0.5,4.0,64,8192,4096,16384,10240,710.943,1114.14,1101.28,0.9681
mixed,4,2,0.5,4.0,128,0,128,512,320,54.08,69.282,68.929,0.9768
mixed,4,2,0.5,4.0,128,0,256,1024,640,78.273,100.577,100.448,0.9942
mixed,4,2,0.5,4.0,128,0,512,2048,1280,118.784,166.08,163.679,0.9492
mixed,4,2,0.5,4.0,128,0,1024,4096,2560,198.017,291.65,288.64,0.9679
mixed,4,2,0.5,4.0,128,0,2048,8192,5120,360.321,563.647,557.155,0.9681
mixed,4,2,0.5,4.0,128,0,4096,16384,10240,697.218,1100.04,1091.27,0.9782
mixed,4,2,0.5,4.0,128,512,128,512,320,70.016,98.559,75.521,0.1929
mixed,4,2,0.5,4.0,128,512,256,1024,640,110.079,134.881,115.554,0.2207
mixed,4,2,0.5,4.0,128,512,512,2048,1280,151.36,201.505,193.216,0.8347
mixed,4,2,0.5,4.0,128,512,1024,4096,2560,231.617,327.649,321.411,0.935
mixed,4,2,0.5,4.0,128,512,2048,8192,5120,387.01,573.634,570.529,0.9834
mixed,4,2,0.5,4.0,128,512,4096,16384,10240,701.122,1101.58,1093.77,0.9805
mixed,4,2,0.5,4.0,128,1024,128,512,320,90.88,98.466,91.265,0.0508
mixed,4,2,0.5,4.0,128,1024,256,1024,640,115.201,166.336,116.225,0.02
mixed,4,2,0.5,4.0,128,1024,512,2048,1280,186.624,235.775,194.816,0.1667
mixed,4,2,0.5,4.0,128,1024,1024,4096,2560,268.512,361.73,352.192,0.8977
mixed,4,2,0.5,4.0,128,1024,2048,8192,5120,423.266,609.569,608.291,0.9931
mixed,4,2,0.5,4.0,128,1024,4096,16384,10240,730.212,1108.32,1098.14,0.9731
mixed,4,2,0.5,4.0,128,2048,128,512,320,157.44,159.009,157.6,0.102
mixed,4,2,0.5,4.0,128,2048,256,1024,640,160.097,166.624,158.272,-0.2796
mixed,4,2,0.5,4.0,128,2048,512,2048,1280,199.52,296.512,195.297,-0.0435
mixed,4,2,0.5,4.0,128,2048,1024,4096,2560,334.817,429.889,355.071,0.213
mixed,4,2,0.5,4.0,128,2048,2048,8192,5120,489.282,679.424,672.739,0.9648
mixed,4,2,0.5,4.0,128,2048,4096,16384,10240,800.161,1181.57,1171.14,0.9726
mixed,4,2,0.5,4.0,128,4096,128,512,320,289.376,290.08,289.408,0.0455
mixed,4,2,0.5,4.0,128,4096,256,1024,640,291.04,293.568,291.168,0.0506
mixed,4,2,0.5,4.0,128,4096,512,2048,1280,293.696,298.017,292.544,-0.2666
mixed,4,2,0.5,4.0,128,4096,1024,4096,2560,365.664,562.882,357.857,-0.0396
mixed,4,2,0.5,4.0,128,4096,2048,8192,5120,627.808,816.899,671.168,0.2293
mixed,4,2,0.5,4.0,128,4096,4096,16384,10240,944,1321.89,1306.5,0.9593
mixed,4,2,0.5,4.0,128,8192,128,512,320,557.377,556.926,557.087,
mixed,4,2,0.5,4.0,128,8192,256,1024,640,556.736,561.986,559.777,0.5792
mixed,4,2,0.5,4.0,128,8192,512,2048,1280,561.953,563.905,558.593,-1.7213
mixed,4,2,0.5,4.0,128,8192,1024,4096,2560,565.601,572.642,564.8,-0.1138
mixed,4,2,0.5,4.0,128,8192,2048,8192,5120,689.28,1095.68,670.081,-0.0472
mixed,4,2,0.5,4.0,128,8192,4096,16384,10240,1237.35,1650.28,1302.76,0.1584
mixed,4,2,0.5,4.0,256,0,128,512,320,63.391,79.488,76.063,0.7872
mixed,4,2,0.5,4.0,256,0,256,1024,640,87.01,111.2,109.824,0.9431
mixed,4,2,0.5,4.0,256,0,512,2048,1280,128.321,177.761,172.864,0.901
mixed,4,2,0.5,4.0,256,0,1024,4096,2560,208.927,305.024,300.065,0.9484
mixed,4,2,0.5,4.0,256,0,2048,8192,5120,369.187,568.065,558.463,0.9517
mixed,4,2,0.5,4.0,256,0,4096,16384,10240,702.306,1103.01,1093.28,0.9757
mixed,4,2,0.5,4.0,256,512,128,512,320,99.456,113.312,109.696,0.739
mixed,4,2,0.5,4.0,256,512,256,1024,640,118.527,146.72,136.161,0.6255
mixed,4,2,0.5,4.0,256,512,512,2048,1280,163.137,212.288,201.791,0.7864
mixed,4,2,0.5,4.0,256,512,1024,4096,2560,244.128,339.84,333.345,0.9321
mixed,4,2,0.5,4.0,256,512,2048,8192,5120,400.801,591.394,584.386,0.9632
mixed,4,2,0.5,4.0,256,512,4096,16384,10240,717.249,1102.53,1093.15,0.9757
mixed,4,2,0.5,4.0,256,1024,128,512,320,133.12,149.121,144.32,0.7
mixed,4,2,0.5,4.0,256,1024,256,1024,640,156,181.346,175.457,0.7677
mixed,4,2,0.5,4.0,256,1024,512,2048,1280,195.519,245.024,233.858,0.7744
mixed,4,2,0.5,4.0,256,1024,1024,4096,2560,278.144,370.336,362.112,0.9108
mixed,4,2,0.5,4.0,256,1024,2048,8192,5120,433.824,621.793,618.082,0.9803
mixed,4,2,0.5,4.0,256,1024,4096,16384,10240,748.449,1127.68,1118.31,0.9753
mixed,4,2,0.5,4.0,256,2048,128,512,320,199.52,213.087,209.248,0.717
mixed,4,2,0.5,4.0,256,2048,256,1024,640,222.24,247.488,242.143,0.7883
mixed,4,2,0.5,4.0,256,2048,512,2048,1280,263.777,313.76,306.274,0.8502
mixed,4,2,0.5,4.0,256,2048,1024,4096,2560,340.928,438.018,427.648,0.8932
mixed,4,2,0.5,4.0,256,2048,2048,8192,5120,499.552,687.84,678.816,0.9521
mixed,4,2,0.5,4.0,256,2048,4096,16384,10240,813.443,1192.93,1184.26,0.9771
mixed,4,2,0.5,4.0,256,4096,128,512,320,327.937,340.96,337.088,0.7027
mixed,4,2,0.5,4.0,256,4096,256,1024,640,351.008,375.937,367.233,0.6508
mixed,4,2,0.5,4.0,256,4096,512,2048,1280,393.793,442.176,435.393,0.8598
mixed,4,2,0.5,4.0,256,4096,1024,4096,2560,474.433,574.337,564.322,0.8998
mixed,4,2,0.5,4.0,256,4096,2048,8192,5120,633.762,820.867,810.146,0.9427
mixed,4,2,0.5,4.0,256,4096,4096,16384,10240,947.36,1324.55,1320.36,0.9889
mixed,4,2,0.5,4.0,256,8192,128,512,320,583.902,599.679,591.201,0.4626
mixed,4,2,0.5,4.0,256,8192,256,1024,640,601.184,631.04,619.714,0.6206
mixed,4,2,0.5,4.0,256,8192,512,2048,1280,645.697,693.984,682.627,0.7648
mixed,4,2,0.5,4.0,256,8192,1024,4096,2560,726.817,828.58,818.34,0.8994
mixed,4,2,0.5,4.0,256,8192,2048,8192,5120,894.785,1101.63,1082.79,0.9089
mixed,4,2,0.5,4.0,256,8192,4096,16384,10240,1234.37,1634.47,1576.64,0.8555
mixed,4,2,0.5,4.0,512,0,128,512,320,95.905,110.752,104.321,0.5668
mixed,4,2,0.5,4.0,512,0,256,1024,640,124.289,163.168,145.377,0.5424
mixed,4,2,0.5,4.0,512,0,512,2048,1280,179.551,228.353,212.672,0.6787
mixed,4,2,0.5,4.0,512,0,1024,4096,2560,259.52,358.4,347.392,0.8887
mixed,4,2,0.5,4.0,512,0,2048,8192,5120,417.985,602.465,596.511,0.9677
mixed,4,2,0.5,4.0,512,0,4096,16384,10240,726.433,1114.72,1101.79,0.9667
mixed,4,2,0.5,4.0,512,512,128,512,320,157.921,178.528,160.547,0.1274
mixed,4,2,0.5,4.0,512,512,256,1024,640,186.143,202.399,178.046,-0.4981
mixed,4,2,0.5,4.0,512,512,512,2048,1280,218.241,293.281,265.152,0.6251
mixed,4,2,0.5,4.0,512,512,1024,4096,2560,325.919,419.393,399.712,0.7894
mixed,4,2,0.5,4.0,512,512,2048,8192,5120,484.544,668.416,663.554,0.9736
mixed,4,2,0.5,4.0,512,512,4096,16384,10240,792.161,1175.17,1160.45,0.9616
mixed,4,2,0.5,4.0,512,1024,128,512,320,222.241,224.224,220.385,-0.936
mixed,4,2,0.5,4.0,512,1024,256,1024,640,231.139,274.849,228.447,-0.0616
mixed,4,2,0.5,4.0,512,1024,512,2048,1280,281.152,329.888,302.688,0.4419
mixed,4,2,0.5,4.0,512,1024,1024,4096,2560,372.064,482.849,453.763,0.7375
mixed,4,2,0.5,4.0,512,1024,2048,8192,5120,545.058,733.828,713.473,0.8922
mixed,4,2,0.5,4.0,512,1024,4096,16384,10240,857.154,1233.06,1226.6,0.9828
mixed,4,2,0.5,4.0,512,2048,128,512,320,343.136,345.859,343.651,0.1891
mixed,4,2,0.5,4.0,512,2048,256,1024,640,350.816,351.201,347.233,-9.3065
mixed,4,2,0.5,4.0,512,2048,512,2048,1280,372.287,464.898,353.888,-0.1987
mixed,4,2,0.5,4.0,512,2048,1024,4096,2560,485.218,578.658,531.554,0.4959
mixed,4,2,0.5,4.0,512,2048,2048,8192,5120,671.075,854.722,829.119,0.8606
mixed,4,2,0.5,4.0,512,2048,4096,16384,10240,978.978,1356.55,1333.03,0.9377
mixed,4,2,0.5,4.0,512,4096,128,512,320,591.487,590.59,590.915,
mixed,4,2,0.5,4.0,512,4096,256,1024,640,590.498,591.424,591.331,0.8996
mixed,4,2,0.5,4.0,512,4096,512,2048,1280,598.817,607.073,599.876,0.1283
mixed,4,2,0.5,4.0,512,4096,1024,4096,2560,656.704,841.792,605.408,-0.2771
mixed,4,2,0.5,4.0,512,4096,2048,8192,5120,887.84,1088.83,976.16,0.4394
mixed,4,2,0.5,4.0,512,4096,4096,16384,10240,1225.25,1602.98,1574.47,0.9245
mixed,4,2,0.5,4.0,512,8192,128,512,320,1081.67,1079.75,1080.48,
mixed,4,2,0.5,4.0,512,8192,256,1024,640,1078.75,1079.88,1078.18,-0.5084
mixed,4,2,0.5,4.0,512,8192,512,2048,1280,1078.98,1080.74,1079.74,0.4364
mixed,4,2,0.5,4.0,512,8192,1024,4096,2560,1084.8,1121.95,1100.55,0.4238
mixed,4,2,0.5,4.0,512,8192,2048,8192,5120,1225.96,1593.66,1119.49,-0.2895
mixed,4,2,0.5,4.0,512,8192,4096,16384,10240,1700.58,2098.4,1858.21,0.3962
mixed,4,2,0.5,4.0,1024,0,128,512,320,212.159,221.729,215.137,0.3112
mixed,4,2,0.5,4.0,1024,0,256,1024,640,225.92,252.257,234.561,0.3281
mixed,4,2,0.5,4.0,1024,0,512,2048,1280,274.879,341.822,311.169,0.5421
mixed,4,2,0.5,4.0,1024,0,1024,4096,2560,383.583,499.456,453.92,0.607
mixed,4,2,0.5,4.0,1024,0,2048,8192,5120,562.047,752.064,723.747,0.851
mixed,4,2,0.5,4.0,1024,0,4096,16384,10240,874.21,1253.66,1238.5,0.96
mixed,4,2,0.5,4.0,1024,512,128,512,320,315.681,325.698,317.633,0.1949
mixed,4,2,0.5,4.0,1024,512,256,1024,640,333.439,348.482,331.777,-0.1105
mixed,4,2,0.5,4.0,1024,512,512,2048,1280,357.248,423.968,394.496,0.5583
mixed,4,2,0.5,4.0,1024,512,1024,4096,2560,470.721,607.169,552.161,0.5969
mixed,4,2,0.5,4.0,1024,512,2048,8192,5120,702.4,892.9,822.913,0.6326
mixed,4,2,0.5,4.0,1024,512,4096,16384,10240,1014.24,1393.7,1354.31,0.8962
mixed,4,2,0.5,4.0,1024,1024,128,512,320,414.72,427.97,416.063,0.1014
mixed,4,2,0.5,4.0,1024,1024,256,1024,640,436.897,453.504,435.234,-0.1001
mixed,4,2,0.5,4.0,1024,1024,512,2048,1280,463.008,504.193,470.21,0.1749
mixed,4,2,0.5,4.0,1024,1024,1024,4096,2560,550.595,688.352,631.552,0.5877
mixed,4,2,0.5,4.0,1024,1024,2048,8192,5120,788.225,1036.67,919.553,0.5286
mixed,4,2,0.5,4.0,1024,1024,4096,16384,10240,1160.54,1533.57,1456.06,0.7922
mixed,4,2,0.5,4.0,1024,2048,128,512,320,595.489,614.56,601.089,0.2936
mixed,4,2,0.5,4.0,1024,2048,256,1024,640,623.041,651.521,627.168,0.1449
mixed,4,2,0.5,4.0,1024,2048,512,2048,1280,663.648,697.664,677.695,0.413
mixed,4,2,0.5,4.0,1024,2048,1024,4096,2560,723.489,835.649,785.697,0.5546
mixed,4,2,0.5,4.0,1024,2048,2048,8192,5120,908.479,1223.9,1080.48,0.5453
mixed,4,2,0.5,4.0,1024,2048,4096,16384,10240,1361.89,1819.97,1660.16,0.6511
mixed,4,2,0.5,4.0,1024,4096,128,512,320,968.257,977.249,966.5,-0.1954
mixed,4,2,0.5,4.0,1024,4096,256,1024,640,987.873,1017.19,989.633,0.06
mixed,4,2,0.5,4.0,1024,4096,512,2048,1280,1026.66,1080.16,1040.1,0.2512
mixed,4,2,0.5,4.0,1024,4096,1024,4096,2560,1115.39,1193.7,1165.73,0.6429
mixed,4,2,0.5,4.0,1024,4096,2048,8192,5120,1252.93,1459.11,1401.77,0.7219
mixed,4,2,0.5,4.0,1024,4096,4096,16384,10240,1665.35,2214.79,1954.57,0.5264
mixed,4,2,0.5,4.0,1024,8192,128,512,320,1700.35,1715.94,1702.69,0.1499
mixed,4,2,0.5,4.0,1024,8192,256,1024,640,1732.68,1742.28,1726.79,-0.6136
mixed,4,2,0.5,4.0,1024,8192,512,2048,1280,1766.53,1814.69,1774.14,0.1581
mixed,4,2,0.5,4.0,1024,8192,1024,4096,2560,1852.23,1944.23,1898.15,0.4991
mixed,4,2,0.5,4.0,1024,8192,2048,8192,5120,2014.21,2195.3,2152.8,0.7653
mixed,4,2,0.5,4.0,1024,8192,4096,16384,10240,2316.71,2712.74,2649.41,0.8401
mixed,4,2,0.5,4.0,2048,0,128,512,320,556.544,570.433,557.728,0.0852
mixed,4,2,0.5,4.0,2048,0,256,1024,640,571.712,591.809,568.863,-0.1418
mixed,4,2,0.5,4.0,2048,0,512,2048,1280,599.843,640.128,608.545,0.216
mixed,4,2,0.5,4.0,2048,0,1024,4096,2560,688.16,828.928,770.05,0.5817
mixed,4,2,0.5,4.0,2048,0,2048,8192,5120,916.257,1185.76,1081.86,0.6145
mixed,4,2,0.5,4.0,2048,0,4096,16384,10240,1364.06,1738.47,1618.63,0.6799
mixed,4,2,0.5,4.0,2048,512,128,512,320,742.465,753.186,746.722,0.3971
mixed,4,2,0.5,4.0,2048,512,256,1024,640,760.704,774.145,756.768,-0.2928
mixed,4,2,0.5,4.0,2048,512,512,2048,1280,781.954,814.052,780.449,-0.0469
mixed,4,2,0.5,4.0,2048,512,1024,4096,2560,848.738,992.897,932.898,0.5838
mixed,4,2,0.5,4.0,2048,512,2048,8192,5120,1084.39,1355.78,1256.9,0.6357
mixed,4,2,0.5,4.0,2048,512,4096,16384,10240,1531.88,2020.9,1824.35,0.5981
mixed,4,2,0.5,4.0,2048,1024,128,512,320,923.523,942.528,926.88,0.1766
mixed,4,2,0.5,4.0,2048,1024,256,1024,640,943.938,959.392,939.039,-0.317
mixed,4,2,0.5,4.0,2048,1024,512,2048,1280,969.153,998.88,968.322,-0.028
mixed,4,2,0.5,4.0,2048,1024,1024,4096,2560,1019.04,1152.48,1086.94,0.5089
mixed,4,2,0.5,4.0,2048,1024,2048,8192,5120,1251.17,1530.76,1412.42,0.5767
mixed,4,2,0.5,4.0,2048,1024,4096,16384,10240,1705.57,2230.05,2017.64,0.595
mixed,4,2,0.5,4.0,2048,2048,128,512,320,1295.37,1302.85,1298.69,0.4438
mixed,4,2,0.5,4.0,2048,2048,256,1024,640,1311.78,1329.06,1313.89,0.1222
mixed,4,2,0.5,4.0,2048,2048,512,2048,1280,1336.1,1365.47,1333.15,-0.1002
mixed,4,2,0.5,4.0,2048,2048,1024,4096,2560,1387.65,1470.12,1402.11,0.1754
mixed,4,2,0.5,4.0,2048,2048,2048,8192,5120,1567.94,1856.61,1739.59,0.5946
mixed,4,2,0.5,4.0,2048,2048,4096,16384,10240,2039.39,2568.64,2369,0.6228
mixed,4,2,0.5,4.0,2048,4096,128,512,320,2027.49,2034.69,2026.12,-0.1899
mixed,4,2,0.5,4.0,2048,4096,256,1024,640,2036.32,2048.26,2039.11,0.2334
mixed,4,2,0.5,4.0,2048,4096,512,2048,1280,2062.63,2087.59,2058.02,-0.1847
mixed,4,2,0.5,4.0,2048,4096,1024,4096,2560,2120.45,2206.99,2099.01,-0.2478
mixed,4,2,0.5,4.0,2048,4096,2048,8192,5120,2249.1,2487.94,2366.88,0.4931
mixed,4,2,0.5,4.0,2048,4096,4096,16384,10240,2658.41,3265.48,3008.58,0.5768
mixed,4,2,0.5,4.0,2048,8192,128,512,320,3494.51,3512.43,3495.56,0.0587
mixed,4,2,0.5,4.0,2048,8192,256,1024,640,3505.93,3513.09,3507.65,0.2406
mixed,4,2,0.5,4.0,2048,8192,512,2048,1280,3526.82,3550.24,3524.1,-0.1161
mixed,4,2,0.5,4.0,2048,8192,1024,4096,2560,3565.09,3603.62,3546.6,-0.48
mixed,4,2,0.5,4.0,2048,8192,2048,8192,5120,3644.01,3923.62,3612.65,-0.1122
mixed,4,2,0.5,4.0,2048,8192,4096,16384,10240,4032.92,4463.5,4318.34,0.6629
pure,4,3,0.75,4.0,0,0,128,512,416,54.112,57.793,54.689,0.1568
pure,4,3,0.75,4.0,0,0,256,1024,832,70.529,76.35,71.748,0.2094
pure,4,3,0.75,4.0,0,0,512,2048,1664,101.857,110.592,103.52,0.1904
pure,4,3,0.75,4.0,0,0,1024,4096,3328,152.831,177.023,152.223,-0.0251
pure,4,3,0.75,4.0,0,0,2048,8192,6656,264.513,317.727,284.643,0.3783
pure,4,3,0.75,4.0,0,0,4096,16384,13312,486.946,587.424,495.174,0.0819
mixed,4,3,0.75,4.0,16,0,128,512,416,45.855,53.344,52.608,0.9017
mixed,4,3,0.75,4.0,16,0,256,1024,832,70.272,86.719,85.824,0.9456
mixed,4,3,0.75,4.0,16,0,512,2048,1664,129.825,156,154.241,0.9328
mixed,4,3,0.75,4.0,16,0,1024,4096,3328,240.065,291.904,288.129,0.9272
mixed,4,3,0.75,4.0,16,0,2048,8192,6656,460.833,563.878,557.92,0.9422
mixed,4,3,0.75,4.0,16,0,4096,16384,13312,900.032,1097.7,1091.2,0.9671
mixed,4,3,0.75,4.0,16,512,128,512,416,52.513,54.592,53.761,0.6003
mixed,4,3,0.75,4.0,16,512,256,1024,832,71.294,87.936,86.144,0.8923
mixed,4,3,0.75,4.0,16,512,512,2048,1664,130.495,157.089,155.489,0.9398
mixed,4,3,0.75,4.0,16,512,1024,4096,3328,240.416,293.663,289.153,0.9153
mixed,4,3,0.75,4.0,16,512,2048,8192,6656,462.241,566.786,559.234,0.9278
mixed,4,3,0.75,4.0,16,512,4096,16384,13312,899.873,1102.79,1094.02,0.9568
mixed,4,3,0.75,4.0,16,1024,128,512,416,85.441,86.752,86.111,0.5111
mixed,4,3,0.75,4.0,16,1024,256,1024,832,86.112,88.8,87.648,0.5714
mixed,4,3,0.75,4.0,16,1024,512,2048,1664,130.528,158.879,155.105,0.8669
mixed,4,3,0.75,4.0,16,1024,1024,4096,3328,240.608,295.49,290.817,0.9149
mixed,4,3,0.75,4.0,16,1024,2048,8192,6656,464.002,566.273,561.664,0.9549
mixed,4,3,0.75,4.0,16,1024,4096,16384,13312,903.267,1104.48,1096.29,0.9593
mixed,4,3,0.75,4.0,16,2048,128,512,416,152.864,154.336,153.729,0.5876
mixed,4,3,0.75,4.0,16,2048,256,1024,832,154.719,158.048,155.648,0.2791
mixed,4,3,0.75,4.0,16,2048,512,2048,1664,158.846,160.322,157.443,-0.9505
mixed,4,3,0.75,4.0,16,2048,1024,4096,3328,243.009,297.697,290.559,0.8695
mixed,4,3,0.75,4.0,16,2048,2048,8192,6656,464.768,570.082,562.4,0.9271
mixed,4,3,0.75,4.0,16,2048,4096,16384,13312,901.953,1107.71,1100.61,0.9655
mixed,4,3,0.75,4.0,16,4096,128,512,416,285.984,287.617,286.241,0.1574
mixed,4,3,0.75,4.0,16,4096,256,1024,832,287.137,291.103,287.935,0.2012
mixed,4,3,0.75,4.0,16,4096,512,2048,1664,293.281,293.473,290.56,-14.1719
mixed,4,3,0.75,4.0,16,4096,1024,4096,3328,298.464,302.816,296.735,-0.3973
mixed,4,3,0.75,4.0,16,4096,2048,8192,6656,472.449,572.034,566.08,0.9402
mixed,4,3,0.75,4.0,16,4096,4096,16384,13312,908.802,1104.7,1103.68,0.9948
mixed,4,3,0.75,4.0,16,8192,128,512,416,552.352,553.986,553.855,0.9198
mixed,4,3,0.75,4.0,16,8192,256,1024,832,554.688,556.929,556.001,0.5859
mixed,4,3,0.75,4.0,16,8192,512,2048,1664,559.074,559.102,557.152,-68.6429
mixed,4,3,0.75,4.0,16,8192,1024,4096,3328,566.081,567.425,561.056,-3.7388
mixed,4,3,0.75,4.0,16,8192,2048,8192,6656,572.736,577.152,568.288,-1.0072
mixed,4,3,0.75,4.0,16,8192,4096,16384,13312,909.281,1113.51,1107.08,0.9685
mixed,4,3,0.75,4.0,32,0,128,512,416,47.04,53.376,52.961,0.9345
mixed,4,3,0.75,4.0,32,0,256,1024,832,70.846,87.648,85.729,0.8858
mixed,4,3,0.75,4.0,32,0,512,2048,1664,129.344,156.162,153.696,0.908
mixed,4,3,0.75,4.0,32,0,1024,4096,3328,239.168,292.512,288.737,0.9292
mixed,4,3,0.75,4.0,32,0,2048,8192,6656,461.218,564.13,559.138,0.9515
mixed,4,3,0.75,4.0,32,0,4096,16384,13312,901.251,1097.38,1092.48,0.975
mixed,4,3,0.75,4.0,32,512,128,512,416,53.245,53.827,54.433,2.0412
mixed,4,3,0.75,4.0,32,512,256,1024,832,71.68,87.871,86.465,0.9132
mixed,4,3,0.75,4.0,32,512,512,2048,1664,130.336,156.991,155.297,0.9364
mixed,4,3,0.75,4.0,32,512,1024,4096,3328,241.536,296.481,290.081,0.8835
mixed,4,3,0.75,4.0,32,512,2048,8192,6656,463.297,566.689,560.959,0.9446
mixed,4,3,0.75,4.0,32,512,4096,16384,13312,900.736,1100.8,1094.72,0.9696
mixed,4,3,0.75,4.0,32,1024,128,512,416,85.599,87.168,86.561,0.6131
mixed,4,3,0.75,4.0,32,1024,256,1024,832,87.073,89.664,87.967,0.345
mixed,4,3,0.75,4.0,32,1024,512,2048,1664,131.134,158.177,156.096,0.923
mixed,4,3,0.75,4.0,32,1024,1024,4096,3328,240.416,294.56,290.623,0.9273
mixed,4,3,0.75,4.0,32,1024,2048,8192,6656,461.441,568.544,563.777,0.9555
mixed,4,3,0.75,4.0,32,1024,4096,16384,13312,905.28,1102.43,1096,0.9674
mixed,4,3,0.75,4.0,32,2048,128,512,416,152.801,155.135,153.055,0.1088
mixed,4,3,0.75,4.0,32,2048,256,1024,832,155.648,157.889,155.458,-0.0848
mixed,4,3,0.75,4.0,32,2048,512,2048,1664,158.593,159.871,157.44,-0.9022
mixed,4,3,0.75,4.0,32,2048,1024,4096,3328,242.784,300.289,291.778,0.852
mixed,4,3,0.75,4.0,32,2048,2048,8192,6656,464.994,565.889,565.218,0.9933
mixed,4,3,0.75,4.0,32,2048,4096,16384,13312,905.762,1105.77,1099.36,0.968
mixed,4,3,0.75,4.0,32,4096,128,512,416,286.143,287.393,285.792,-0.2808
mixed,4,3,0.75,4.0,32,4096,256,1024,832,287.202,290.334,288.608,0.4489
mixed,4,3,0.75,4.0,32,4096,512,2048,1664,292.769,293.376,290.368,-3.9555
mixed,4,3,0.75,4.0,32,4096,1024,4096,3328,297.729,301.184,297.535,-0.0562
mixed,4,3,0.75,4.0,32,4096,2048,8192,6656,467.458,567.491,565.89,0.984
mixed,4,3,0.75,4.0,32,4096,4096,16384,13312,906.689,1107.71,1102.18,0.9725
mixed,4,3,0.75,4.0,32,8192,128,512,416,554.241,553.76,553.956,
mixed,4,3,0.75,4.0,32,8192,256,1024,832,553.664,556.961,556.704,0.9221
mixed,4,3,0.75,4.0,32,8192,512,2048,1664,557.953,560.223,556.801,-0.5075
mixed,4,3,0.75,4.0,32,8192,1024,4096,3328,564.449,567.712,560.865,-1.0984
mixed,4,3,0.75,4.0,32,8192,2048,8192,6656,571.169,577.12,567.714,-0.5806
mixed,4,3,0.75,4.0,32,8192,4096,16384,13312,906.048,1112.51,1100.99,0.9442
mixed,4,3,0.75,4.0,64,0,128,512,416,46.911,53.375,53.566,1.0295
mixed,4,3,0.75,4.0,64,0,256,1024,832,70.849,87.552,85.726,0.8907
mixed,4,3,0.75,4.0,64,0,512,2048,1664,129.951,156.671,155.17,0.9438
mixed,4,3,0.75,4.0,64,0,1024,4096,3328,240.866,293.471,288.417,0.9039
mixed,4,3,0.75,4.0,64,0,2048,8192,6656,464.383,565.186,559.745,0.946
mixed,4,3,0.75,4.0,64,0,4096,16384,13312,897.89,1104,1094.85,0.9556
mixed,4,3,0.75,4.0,64,512,128,512,416,55.391,56.032,55.136,-0.3978
mixed,4,3,0.75,4.0,64,512,256,1024,832,72.033,88.224,86.848,0.915
mixed,4,3,0.75,4.0,64,512,512,2048,1664,130.75,157.184,155.456,0.9346
mixed,4,3,0.75,4.0,64,512,1024,4096,3328,240.48,295.2,289.089,0.8883
mixed,4,3,0.75,4.0,64,512,2048,8192,6656,463.041,568.897,561.824,0.9332
mixed,4,3,0.75,4.0,64,512,4096,16384,13312,903.139,1102.69,1095.49,0.9639
mixed,4,3,0.75,4.0,64,1024,128,512,416,87.873,88.096,87.713,-0.7175
mixed,4,3,0.75,4.0,64,1024,256,1024,832,89.12,90.401,89.088,-0.025
mixed,4,3,0.75,4.0,64,1024,512,2048,1664,131.552,158.207,156.449,0.934
mixed,4,3,0.75,4.0,64,1024,1024,4096,3328,241.472,298.753,290.592,0.8575
mixed,4,3,0.75,4.0,64,1024,2048,8192,6656,465.183,568.77,563.2,0.9462
mixed,4,3,0.75,4.0,64,1024,4096,16384,13312,906.66,1102.63,1098.43,0.9786
mixed,4,3,0.75,4.0,64,2048,128,512,416,155.296,156.449,154.945,-0.3044
mixed,4,3,0.75,4.0,64,2048,256,1024,832,157.28,159.936,157.345,0.0245
mixed,4,3,0.75,4.0,64,2048,512,2048,1664,160.672,159.808,159.296,
mixed,4,3,0.75,4.0,64,2048,1024,4096,3328,243.904,300.034,290.911,0.8375
mixed,4,3,0.75,4.0,64,2048,2048,8192,6656,467.52,571.905,565.184,0.9356
mixed,4,3,0.75,4.0,64,2048,4096,16384,13312,904.194,1106.85,1100.83,0.9703
mixed,4,3,0.75,4.0,64,4096,128,512,416,288.353,289.152,288.575,0.2778
mixed,4,3,0.75,4.0,64,4096,256,1024,832,289.568,290.914,290.144,0.4279
mixed,4,3,0.75,4.0,64,4096,512,2048,1664,293.345,294.945,291.01,-1.4594
mixed,4,3,0.75,4.0,64,4096,1024,4096,3328,298.304,302.433,299.681,0.3335
mixed,4,3,0.75,4.0,64,4096,2048,8192,6656,472.898,572.769,567.936,0.9516
mixed,4,3,0.75,4.0,64,4096,4096,16384,13312,910.562,1106.59,1107.01,1.0021
mixed,4,3,0.75,4.0,64,8192,128,512,416,554.979,556.834,556.352,0.7402
mixed,4,3,0.75,4.0,64,8192,256,1024,832,555.679,558.849,556.255,0.1817
mixed,4,3,0.75,4.0,64,8192,512,2048,1664,561.312,562.977,559.2,-1.2685
mixed,4,3,0.75,4.0,64,8192,1024,4096,3328,569.313,569.727,564.738,-11.0507
mixed,4,3,0.75,4.0,64,8192,2048,8192,6656,575.934,578.754,571.105,-1.7124
mixed,4,3,0.75,4.0,64,8192,4096,16384,13312,910.243,1113.35,1105.86,0.9631
mixed,4,3,0.75,4.0,128,0,128,512,416,61.984,70.143,69.696,0.9452
mixed,4,3,0.75,4.0,128,0,256,1024,832,86.432,100.447,100.352,0.9932
mixed,4,3,0.75,4.0,128,0,512,2048,1664,143.585,166.593,163.776,0.8776
mixed,4,3,0.75,4.0,128,0,1024,4096,3328,248.001,292.063,288.032,0.9085
mixed,4,3,0.75,4.0,128,0,2048,8192,6656,461.472,562.592,559.969,0.9741
mixed,4,3,0.75,4.0,128,0,4096,16384,13312,899.873,1099.23,1091.81,0.9628
mixed,4,3,0.75,4.0,128,512,128,512,416,84.352,98.144,77.408,-0.5035
mixed,4,3,0.75,4.0,128,512,256,1024,832,119.807,135.808,118.337,-0.0919
mixed,4,3,0.75,4.0,128,512,512,2048,1664,175.33,200.608,195.456,0.7962
mixed,4,3,0.75,4.0,128,512,1024,4096,3328,279.168,325.122,324.416,0.9846
mixed,4,3,0.75,4.0,128,512,2048,8192,6656,485.313,575.746,571.011,0.9476
mixed,4,3,0.75,4.0,128,512,4096,16384,13312,898.657,1102.02,1094.82,0.9646
mixed,4,3,0.75,4.0,128,1024,128,512,416,91.233,98.431,91.712,0.0665
mixed,4,3,0.75,4.0,128,1024,256,1024,832,133.696,166.913,118.785,-0.4489
mixed,4,3,0.75,4.0,128,1024,512,2048,1664,212.482,236.352,197.056,-0.6463
mixed,4,3,0.75,4.0,128,1024,1024,4096,3328,312.288,360.962,356.354,0.9053
mixed,4,3,0.75,4.0,128,1024,2048,8192,6656,517.729,606.913,607.456,1.0061
mixed,4,3,0.75,4.0,128,1024,4096,16384,13312,921.985,1114.85,1101.38,0.9302
mixed,4,3,0.75,4.0,128,2048,128,512,416,157.922,158.88,158.561,0.667
mixed,4,3,0.75,4.0,128,2048,256,1024,832,160.866,166.977,159.999,-0.1419
mixed,4,3,0.75,4.0,128,2048,512,2048,1664,248.32,296.673,200.834,-0.9821
mixed,4,3,0.75,4.0,128,2048,1024,4096,3328,380.738,429.857,360.992,-0.402
mixed,4,3,0.75,4.0,128,2048,2048,8192,6656,582.24,675.329,674.658,0.9928
mixed,4,3,0.75,4.0,128,2048,4096,16384,13312,991.009,1177.86,1169.47,0.9551
mixed,4,3,0.75,4.0,128,4096,128,512,416,290.272,290.369,290.016,-2.6392
mixed,4,3,0.75,4.0,128,4096,256,1024,832,292.993,293.76,291.456,-2.0039
mixed,4,3,0.75,4.0,128,4096,512,2048,1664,295.84,298.015,295.456,-0.1766
mixed,4,3,0.75,4.0,128,4096,1024,4096,3328,460.672,561.217,358.913,-1.0121
mixed,4,3,0.75,4.0,128,4096,2048,8192,6656,726.145,815.778,675.841,-0.5612
mixed,4,3,0.75,4.0,128,4096,4096,16384,13312,1136.1,1318.28,1311.11,0.9606
mixed,4,3,0.75,4.0,128,8192,128,512,416,558.051,558.753,555.905,-3.057
mixed,4,3,0.75,4.0,128,8192,256,1024,832,559.841,558.881,558.432,
mixed,4,3,0.75,4.0,128,8192,512,2048,1664,561.728,563.298,560.064,-1.0599
mixed,4,3,0.75,4.0,128,8192,1024,4096,3328,568.608,571.713,566.305,-0.7417
mixed,4,3,0.75,4.0,128,8192,2048,8192,6656,891.363,1095.72,678.402,-1.0421
mixed,4,3,0.75,4.0,128,8192,4096,16384,13312,1431.72,1644.48,1308.55,-0.5789
mixed,4,3,0.75,4.0,256,0,128,512,416,71.296,79.295,77.088,0.7241
mixed,4,3,0.75,4.0,256,0,256,1024,832,95.777,111.616,109.792,0.8848
mixed,4,3,0.75,4.0,256,0,512,2048,1664,152.481,177.727,176.192,0.9392
mixed,4,3,0.75,4.0,256,0,1024,4096,3328,258.37,304.351,300.993,0.927
mixed,4,3,0.75,4.0,256,0,2048,8192,6656,462.977,566.913,556.836,0.903
mixed,4,3,0.75,4.0,256,0,4096,16384,13312,901.856,1105.38,1098.79,0.9676
mixed,4,3,0.75,4.0,256,512,128,512,416,106.88,113.217,111.488,0.7272
mixed,4,3,0.75,4.0,256,512,256,1024,832,129.216,145.569,141.121,0.728
mixed,4,3,0.75,4.0,256,512,512,2048,1664,187.167,210.592,205.953,0.802
mixed,4,3,0.75,4.0,256,512,1024,4096,3328,290.367,340.16,335.424,0.9049
mixed,4,3,0.75,4.0,256,512,2048,8192,6656,491.68,589.983,587.585,0.9756
mixed,4,3,0.75,4.0,256,512,4096,16384,13312,906.466,1104.29,1097.35,0.9649
mixed,4,3,0.75,4.0,256,1024,128,512,416,141.602,147.521,145.857,0.7189
mixed,4,3,0.75,4.0,256,1024,256,1024,832,166.207,182.496,179.361,0.8075
mixed,4,3,0.75,4.0,256,1024,512,2048,1664,219.872,244.417,239.104,0.7835
mixed,4,3,0.75,4.0,256,1024,1024,4096,3328,323.681,372.288,365.025,0.8506
mixed,4,3,0.75,4.0,256,1024,2048,8192,6656,526.499,622.753,620.256,0.9741
mixed,4,3,0.75,4.0,256,1024,4096,16384,13312,935.043,1126.88,1118.43,0.956
mixed,4,3,0.75,4.0,256,2048,128,512,416,206.112,214.08,212.064,0.747
mixed,4,3,0.75,4.0,256,2048,256,1024,832,231.488,248.353,245.024,0.8026
mixed,4,3,0.75,4.0,256,2048,512,2048,1664,287.968,313.762,309.185,0.8226
mixed,4,3,0.75,4.0,256,2048,1024,4096,3328,388.131,438.08,431.679,0.8718
mixed,4,3,0.75,4.0,256,2048,2048,8192,6656,592.065,686.848,681.346,0.942
mixed,4,3,0.75,4.0,256,2048,4096,16384,13312,1000.93,1192.71,1189.47,0.9831
mixed,4,3,0.75,4.0,256,4096,128,512,416,334.048,340.866,340,0.873
mixed,4,3,0.75,4.0,256,4096,256,1024,832,359.68,375.105,371.905,0.7925
mixed,4,3,0.75,4.0,256,4096,512,2048,1664,416.415,443.585,440.192,0.8751
mixed,4,3,0.75,4.0,256,4096,1024,4096,3328,523.776,575.937,573.378,0.9509
mixed,4,3,0.75,4.0,256,4096,2048,8192,6656,729.955,820.323,814.179,0.932
mixed,4,3,0.75,4.0,256,4096,4096,16384,13312,1137.89,1323.46,1320.8,0.9857
mixed,4,3,0.75,4.0,256,8192,128,512,416,589.441,598.178,593.12,0.4211
mixed,4,3,0.75,4.0,256,8192,256,1024,832,612.512,627.042,626.145,0.9383
mixed,4,3,0.75,4.0,256,8192,512,2048,1664,669.728,694.018,693.984,0.9986
mixed,4,3,0.75,4.0,256,8192,1024,4096,3328,776.095,828.546,827.586,0.9817
mixed,4,3,0.75,4.0,256,8192,2048,8192,6656,998.175,1099.33,1092.03,0.9279
mixed,4,3,0.75,4.0,256,8192,4096,16384,13312,1426.27,1641.15,1592.96,0.7757
mixed,4,3,0.75,4.0,512,0,128,512,416,99.648,110.88,107.68,0.7151
mixed,4,3,0.75,4.0,512,0,256,1024,832,139.328,163.298,151.745,0.518
mixed,4,3,0.75,4.0,512,0,512,2048,1664,203.523,227.582,219.202,0.6517
mixed,4,3,0.75,4.0,512,0,1024,4096,3328,307.36,351.97,351.202,0.9828
mixed,4,3,0.75,4.0,512,0,2048,8192,6656,510.563,605.536,600.129,0.9431
mixed,4,3,0.75,4.0,512,0,4096,16384,13312,916.322,1115.23,1106.27,0.9549
mixed,4,3,0.75,4.0,512,512,128,512,416,166.081,176.352,161.952,-0.402
mixed,4,3,0.75,4.0,512,512,256,1024,832,187.744,202.335,184.961,-0.1907
mixed,4,3,0.75,4.0,512,512,512,2048,1664,256.864,293.44,278.275,0.5854
mixed,4,3,0.75,4.0,512,512,1024,4096,3328,372.513,419.68,409.41,0.7823
mixed,4,3,0.75,4.0,512,512,2048,8192,6656,576.162,669.697,669.664,0.9996
mixed,4,3,0.75,4.0,512,512,4096,16384,13312,981.471,1179.84,1169.63,0.9485
mixed,4,3,0.75,4.0,512,1024,128,512,416,222.593,222.625,220.639,-61.0625
mixed,4,3,0.75,4.0,512,1024,256,1024,832,245.441,275.809,233.249,-0.4015
mixed,4,3,0.75,4.0,512,1024,512,2048,1664,304.769,326.975,307.072,0.1037
mixed,4,3,0.75,4.0,512,1024,1024,4096,3328,435.104,481.281,466.433,0.6785
mixed,4,3,0.75,4.0,512,1024,2048,8192,6656,639.17,732.607,723.522,0.9028
mixed,4,3,0.75,4.0,512,1024,4096,16384,13312,1043.3,1232.96,1227.17,0.9695
mixed,4,3,0.75,4.0,512,2048,128,512,416,346.623,346.24,343.875,
mixed,4,3,0.75,4.0,512,2048,256,1024,832,348.577,355.04,349.952,0.2127
mixed,4,3,0.75,4.0,512,2048,512,2048,1664,419.776,465.73,377.984,-0.9094
mixed,4,3,0.75,4.0,512,2048,1024,4096,3328,532.802,579.52,565.633,0.7027
mixed,4,3,0.75,4.0,512,2048,2048,8192,6656,762.658,855.874,843.042,0.8623
mixed,4,3,0.75,4.0,512,2048,4096,16384,13312,1169.41,1358.4,1343.68,0.9221
mixed,4,3,0.75,4.0,512,4096,128,512,416,590.561,589.6,590.111,
mixed,4,3,0.75,4.0,512,4096,256,1024,832,590.433,592.418,590.881,0.2257
mixed,4,3,0.75,4.0,512,4096,512,2048,1664,595.551,609.601,603.423,0.5603
mixed,4,3,0.75,4.0,512,4096,1024,4096,3328,755.715,841.055,666.052,-1.0507
mixed,4,3,0.75,4.0,512,4096,2048,8192,6656,981.153,1088.61,1082.14,0.9398
mixed,4,3,0.75,4.0,512,4096,4096,16384,13312,1414.02,1601.41,1587.36,0.925
mixed,4,3,0.75,4.0,512,8192,128,512,416,1079.75,1079.46,1079.62,
mixed,4,3,0.75,4.0,512,8192,256,1024,832,1078.56,1079.78,1078.43,-0.1071
mixed,4,3,0.75,4.0,512,8192,512,2048,1664,1080.32,1084.45,1079.3,-0.2477
mixed,4,3,0.75,4.0,512,8192,1024,4096,3328,1082.47,1115.91,1105.83,0.6984
mixed,4,3,0.75,4.0,512,8192,2048,8192,6656,1413.8,1589.38,1231.75,-1.0368
mixed,4,3,0.75,4.0,512,8192,4096,16384,13312,1895.14,2102.95,2078.22,0.881
mixed,4,3,0.75,4.0,1024,0,128,512,416,216.129,221.44,217.056,0.1745
mixed,4,3,0.75,4.0,1024,0,256,1024,832,229.984,250.752,242.818,0.618
mixed,4,3,0.75,4.0,1024,0,512,2048,1664,310.173,342.623,325.568,0.4744
mixed,4,3,0.75,4.0,1024,0,1024,4096,3328,454.849,500.511,471.905,0.3735
mixed,4,3,0.75,4.0,1024,0,2048,8192,6656,655.362,750.56,735.201,0.8387
mixed,4,3,0.75,4.0,1024,0,4096,16384,13312,1068.26,1258.5,1249.99,0.9553
mixed,4,3,0.75,4.0,1024,512,128,512,416,322.784,325.73,322.367,-0.1415
mixed,4,3,0.75,4.0,1024,512,256,1024,832,337.6,347.807,341.248,0.3574
mixed,4,3,0.75,4.0,1024,512,512,2048,1664,389.312,423.681,410.047,0.6033
mixed,4,3,0.75,4.0,1024,512,1024,4096,3328,541.248,605.22,572.929,0.4952
mixed,4,3,0.75,4.0,1024,512,2048,8192,6656,798.816,891.235,851.584,0.571
mixed,4,3,0.75,4.0,1024,512,4096,16384,13312,1206.88,1390.82,1367.36,0.8725
mixed,4,3,0.75,4.0,1024,1024,128,512,416,418.529,427.072,420.352,0.2134
mixed,4,3,0.75,4.0,1024,1024,256,1024,832,444.577,454.208,444.704,0.0132
mixed,4,3,0.75,4.0,1024,1024,512,2048,1664,480.577,505.889,489.346,0.3464
mixed,4,3,0.75,4.0,1024,1024,1024,4096,3328,611.904,686.912,658.592,0.6224
mixed,4,3,0.75,4.0,1024,1024,2048,8192,6656,903.52,1030.69,967.136,0.5003
mixed,4,3,0.75,4.0,1024,1024,4096,16384,13312,1342.18,1532.26,1489.98,0.7776
mixed,4,3,0.75,4.0,1024,2048,128,512,416,603.426,613.185,607.681,0.436
mixed,4,3,0.75,4.0,1024,2048,256,1024,832,632.608,647.2,636.289,0.2523
mixed,4,3,0.75,4.0,1024,2048,512,2048,1664,688.866,702.37,691.168,0.1705
mixed,4,3,0.75,4.0,1024,2048,1024,4096,3328,774.851,835.043,811.522,0.6092
mixed,4,3,0.75,4.0,1024,2048,2048,8192,6656,1077,1220.36,1171.94,0.6623
mixed,4,3,0.75,4.0,1024,2048,4096,16384,13312,1629.8,1819.33,1715.82,0.4539
mixed,4,3,0.75,4.0,1024,4096,128,512,416,976.228,980.198,974.467,-0.4436
mixed,4,3,0.75,4.0,1024,4096,256,1024,832,1002.46,1014.14,1001.51,-0.0817
mixed,4,3,0.75,4.0,1024,4096,512,2048,1664,1057.41,1086.59,1065.73,0.285
mixed,4,3,0.75,4.0,1024,4096,1024,4096,3328,1162.31,1199.97,1189.79,0.7298
mixed,4,3,0.75,4.0,1024,4096,2048,8192,6656,1358.12,1457.7,1433.12,0.7532
mixed,4,3,0.75,4.0,1024,4096,4096,16384,13312,2006.53,2217.19,2155.81,0.7086
mixed,4,3,0.75,4.0,1024,8192,128,512,416,1707.55,1710.85,1707.94,0.1176
mixed,4,3,0.75,4.0,1024,8192,256,1024,832,1731.75,1750.62,1737.8,0.3203
mixed,4,3,0.75,4.0,1024,8192,512,2048,1664,1792.89,1817.35,1800.55,0.313
mixed,4,3,0.75,4.0,1024,8192,1024,4096,3328,1899.43,1952.36,1928.39,0.5472
mixed,4,3,0.75,4.0,1024,8192,2048,8192,6656,2115.78,2192.81,2181.12,0.8483
mixed,4,3,0.75,4.0,1024,8192,4096,16384,13312,2506.18,2711.11,2673.41,0.816
mixed,4,3,0.75,4.0,2048,0,128,512,416,561.152,567.01,563.459,0.3938
mixed,4,3,0.75,4.0,2048,0,256,1024,832,578.242,588.033,577.826,-0.0425
mixed,4,3,0.75,4.0,2048,0,512,2048,1664,611.296,640.192,623.489,0.422
mixed,4,3,0.75,4.0,2048,0,1024,4096,3328,759.008,828.066,798.336,0.5695
mixed,4,3,0.75,4.0,2048,0,2048,8192,6656,1050.79,1188.23,1125.25,0.5418
mixed,4,3,0.75,4.0,2048,0,4096,16384,13312,1551.52,1740.74,1665.12,0.6004
mixed,4,3,0.75,4.0,2048,512,128,512,416,747.808,751.33,750.562,0.7819
mixed,4,3,0.75,4.0,2048,512,256,1024,832,761.218,774.945,764.354,0.2285
mixed,4,3,0.75,4.0,2048,512,512,2048,1664,796.832,812.578,798.981,0.1365
mixed,4,3,0.75,4.0,2048,512,1024,4096,3328,923.715,991.17,961.025,0.5531
mixed,4,3,0.75,4.0,2048,512,2048,8192,6656,1218.88,1354.63,1309.38,0.6667
mixed,4,3,0.75,4.0,2048,512,4096,16384,13312,1790.34,2017.6,1894.47,0.4582
mixed,4,3,0.75,4.0,2048,1024,128,512,416,925.027,936.387,928.098,0.2703
mixed,4,3,0.75,4.0,2048,1024,256,1024,832,950.466,952.258,947.426,-1.6964
mixed,4,3,0.75,4.0,2048,1024,512,2048,1664,982.784,998.147,983.363,0.0377
mixed,4,3,0.75,4.0,2048,1024,1024,4096,3328,1080.96,1153.28,1121.57,0.5615
mixed,4,3,0.75,4.0,2048,1024,2048,8192,6656,1389.35,1524.96,1466.69,0.5703
mixed,4,3,0.75,4.0,2048,1024,4096,16384,13312,1971.27,2231.97,2133.74,0.6232
mixed,4,3,0.75,4.0,2048,2048,128,512,416,1294.24,1307.04,1295.55,0.1024
mixed,4,3,0.75,4.0,2048,2048,256,1024,832,1310.47,1326.08,1320.36,0.6333
mixed,4,3,0.75,4.0,2048,2048,512,2048,1664,1347.88,1363.87,1347.65,-0.0142
mixed,4,3,0.75,4.0,2048,2048,1024,4096,3328,1423.05,1469.41,1433.15,0.218
mixed,4,3,0.75,4.0,2048,2048,2048,8192,6656,1712.04,1860.39,1794.47,0.5556
mixed,4,3,0.75,4.0,2048,2048,4096,16384,13312,2305.89,2570.48,2469.83,0.6196
mixed,4,3,0.75,4.0,2048,4096,128,512,416,2033.35,2039.11,2036.74,0.5895
mixed,4,3,0.75,4.0,2048,4096,256,1024,832,2041.25,2052.39,2042.09,0.0752
mixed,4,3,0.75,4.0,2048,4096,512,2048,1664,2068.87,2088.35,2068.81,-0.0032
mixed,4,3,0.75,4.0,2048,4096,1024,4096,3328,2153.41,2192.61,2139.3,-0.3601
mixed,4,3,0.75,4.0,2048,4096,2048,8192,6656,2353.38,2487.66,2424.16,0.5271
mixed,4,3,0.75,4.0,2048,4096,4096,16384,13312,2969.83,3260.75,3122.41,0.5245
mixed,4,3,0.75,4.0,2048,8192,128,512,416,3497.45,3502.53,3503.46,1.1823
mixed,4,3,0.75,4.0,2048,8192,256,1024,832,3510.15,3515.72,3513.99,0.6887
mixed,4,3,0.75,4.0,2048,8192,512,2048,1664,3536.13,3553.29,3534.88,-0.0728
mixed,4,3,0.75,4.0,2048,8192,1024,4096,3328,3587.5,3602.63,3569.63,-1.1804
mixed,4,3,0.75,4.0,2048,8192,2048,8192,6656,3806.54,3925.19,3652.45,-1.2987
mixed,4,3,0.75,4.0,2048,8192,4096,16384,13312,4248.04,4465.55,4407.08,0.7312
pure,8,1,0.125,4.0,0,0,128,512,176,51.17,74.977,53.119,0.0819
pure,8,1,0.125,4.0,0,0,256,1024,352,65.536,109.153,66.272,0.0169
pure,8,1,0.125,4.0,0,0,512,2048,704,95.807,179.553,94.24,-0.0187
pure,8,1,0.125,4.0,0,0,1024,4096,1408,133.856,322.882,143.425,0.0506
pure,8,1,0.125,4.0,0,0,2048,8192,2816,236.543,585.282,247.296,0.0308
pure,8,1,0.125,4.0,0,0,4096,16384,5632,420.13,1118.53,458.111,0.0544
mixed,8,1,0.125,4.0,16,0,128,512,176,51.712,99.009,71.776,0.4242
mixed,8,1,0.125,4.0,16,0,256,1024,352,69.471,167.456,112.097,0.435
mixed,8,1,0.125,4.0,16,0,512,2048,704,118.528,300.96,192.578,0.4059
mixed,8,1,0.125,4.0,16,0,1024,4096,1408,215.808,569.506,353.73,0.3899
mixed,8,1,0.125,4.0,16,0,2048,8192,2816,398.465,1114.56,671.681,0.3815
mixed,8,1,0.125,4.0,16,0,4096,16384,5632,766.016,2207.33,1302.21,0.372
mixed,8,1,0.125,4.0,16,512,128,512,176,77.055,100.415,75.742,-0.0562
mixed,8,1,0.125,4.0,16,512,256,1024,352,85.727,167.808,115.169,0.3587
mixed,8,1,0.125,4.0,16,512,512,2048,704,118.528,300.929,194.017,0.4139
mixed,8,1,0.125,4.0,16,512,1024,4096,1408,215.36,570.209,352.61,0.3868
mixed,8,1,0.125,4.0,16,512,2048,8192,2816,397.567,1115.2,670.434,0.3802
mixed,8,1,0.125,4.0,16,512,4096,16384,5632,765.122,2210.92,1307.55,0.3752
mixed,8,1,0.125,4.0,16,1024,128,512,176,107.936,132.703,107.296,-0.0258
mixed,8,1,0.125,4.0,16,1024,256,1024,352,119.52,170.432,117.184,-0.0459
mixed,8,1,0.125,4.0,16,1024,512,2048,704,142.689,303.65,195.903,0.3306
mixed,8,1,0.125,4.0,16,1024,1024,4096,1408,216.926,570.912,355.775,0.3922
mixed,8,1,0.125,4.0,16,1024,2048,8192,2816,401.407,1108.99,672.546,0.3832
mixed,8,1,0.125,4.0,16,1024,4096,16384,5632,765.443,2203.14,1310.95,0.3794
mixed,8,1,0.125,4.0,16,2048,128,512,176,170.496,195.392,169.856,-0.0257
mixed,8,1,0.125,4.0,16,2048,256,1024,352,180.642,232.962,179.425,-0.0233
mixed,8,1,0.125,4.0,16,2048,512,2048,704,205.504,303.682,196.928,-0.0874
mixed,8,1,0.125,4.0,16,2048,1024,4096,1408,257.184,572.257,354.559,0.3091
mixed,8,1,0.125,4.0,16,2048,2048,8192,2816,403.456,1101.25,674.689,0.3887
mixed,8,1,0.125,4.0,16,2048,4096,16384,5632,768.768,2205.22,1309.82,0.3767
mixed,8,1,0.125,4.0,16,4096,128,512,176,294.657,319.81,293.857,-0.0318
mixed,8,1,0.125,4.0,16,4096,256,1024,352,306.081,356.161,304.961,-0.0224
mixed,8,1,0.125,4.0,16,4096,512,2048,704,329.92,427.905,321.376,-0.0872
mixed,8,1,0.125,4.0,16,4096,1024,4096,1408,381.568,575.331,358.527,-0.1189
mixed,8,1,0.125,4.0,16,4096,2048,8192,2816,482.815,1097.31,674.178,0.3114
mixed,8,1,0.125,4.0,16,4096,4096,16384,5632,772.323,2209.44,1315.43,0.3779
mixed,8,1,0.125,4.0,16,8192,128,512,176,552.192,566.303,553.665,0.1044
mixed,8,1,0.125,4.0,16,8192,256,1024,352,553.313,602.912,554.497,0.0239
mixed,8,1,0.125,4.0,16,8192,512,2048,704,576.929,673.729,566.944,-0.1032
mixed,8,1,0.125,4.0,16,8192,1024,4096,1408,628.706,822.304,604.673,-0.1241
mixed,8,1,0.125,4.0,16,8192,2048,8192,2816,731.169,1130.66,676.738,-0.1363
mixed,8,1,0.125,4.0,16,8192,4096,16384,5632,933.954,2183.49,1315.59,0.3054
mixed,8,1,0.125,4.0,32,0,128,512,176,51.518,98.752,71.745,0.4282
mixed,8,1,0.125,4.0,32,0,256,1024,352,70.079,168.641,112.159,0.4269
mixed,8,1,0.125,4.0,32,0,512,2048,704,117.889,300.514,192.673,0.4095
mixed,8,1,0.125,4.0,32,0,1024,4096,1408,214.72,568.96,353.248,0.3911
mixed,8,1,0.125,4.0,32,0,2048,8192,2816,397.921,1116.61,669.378,0.3777
mixed,8,1,0.125,4.0,32,0,4096,16384,5632,763.202,2208.64,1308.32,0.3771
mixed,8,1,0.125,4.0,32,512,128,512,176,77.344,101.217,76.736,-0.0255
mixed,8,1,0.125,4.0,32,512,256,1024,352,85.856,168.705,115.776,0.3611
mixed,8,1,0.125,4.0,32,512,512,2048,704,117.92,301.472,195.231,0.4212
mixed,8,1,0.125,4.0,32,512,1024,4096,1408,214.848,568.096,352.863,0.3907
mixed,8,1,0.125,4.0,32,512,2048,8192,2816,398.401,1117.47,669.601,0.3772
mixed,8,1,0.125,4.0,32,512,4096,16384,5632,766.144,2207.43,1311.97,0.3787
mixed,8,1,0.125,4.0,32,1024,128,512,176,109.471,133.633,107.679,-0.0742
mixed,8,1,0.125,4.0,32,1024,256,1024,352,118.88,170.272,116.606,-0.0442
mixed,8,1,0.125,4.0,32,1024,512,2048,704,142.306,301.503,194.849,0.3301
mixed,8,1,0.125,4.0,32,1024,1024,4096,1408,217.024,570.015,354.977,0.3908
mixed,8,1,0.125,4.0,32,1024,2048,8192,2816,400.418,1104.35,668.866,0.3814
mixed,8,1,0.125,4.0,32,1024,4096,16384,5632,765.377,2204.36,1311.46,0.3795
mixed,8,1,0.125,4.0,32,2048,128,512,176,171.776,196.702,171.104,-0.027
mixed,8,1,0.125,4.0,32,2048,256,1024,352,182.081,232.737,180.514,-0.0309
mixed,8,1,0.125,4.0,32,2048,512,2048,704,206.432,304.512,197.729,-0.0887
mixed,8,1,0.125,4.0,32,2048,1024,4096,1408,257.28,571.968,355.168,0.3111
mixed,8,1,0.125,4.0,32,2048,2048,8192,2816,404.288,1103.33,677.089,0.3902
mixed,8,1,0.125,4.0,32,2048,4096,16384,5632,766.752,2210.63,1308.1,0.3749
mixed,8,1,0.125,4.0,32,4096,128,512,176,295.009,319.776,294.016,-0.0401
mixed,8,1,0.125,4.0,32,4096,256,1024,352,304.801,356.001,304.192,-0.0119
mixed,8,1,0.125,4.0,32,4096,512,2048,704,329.186,428.322,321.663,-0.0759
mixed,8,1,0.125,4.0,32,4096,1024,4096,1408,380.639,572.736,357.504,-0.1204
mixed,8,1,0.125,4.0,32,4096,2048,8192,2816,482.946,1095.36,673.345,0.3109
mixed,8,1,0.125,4.0,32,4096,4096,16384,5632,773.154,2213.54,1314.47,0.3758
mixed,8,1,0.125,4.0,32,8192,128,512,176,553.185,567.46,553.601,0.0291
mixed,8,1,0.125,4.0,32,8192,256,1024,352,553.856,603.586,555.043,0.0239
mixed,8,1,0.125,4.0,32,8192,512,2048,704,576.513,675.97,567.967,-0.0859
mixed,8,1,0.125,4.0,32,8192,1024,4096,1408,626.592,823.139,601.697,-0.1267
mixed,8,1,0.125,4.0,32,8192,2048,8192,2816,732.993,1132.8,680.003,-0.1325
mixed,8,1,0.125,4.0,32,8192,4096,16384,5632,939.301,2185,1314.37,0.3011
mixed,8,1,0.125,4.0,64,0,128,512,176,51.521,99.329,72.832,0.4458
mixed,8,1,0.125,4.0,64,0,256,1024,352,70.881,166.945,112.511,0.4334
mixed,8,1,0.125,4.0,64,0,512,2048,704,118.4,300.802,192.289,0.4051
mixed,8,1,0.125,4.0,64,0,1024,4096,1408,216.736,568.769,352.673,0.3861
mixed,8,1,0.125,4.0,64,0,2048,8192,2816,398.978,1116.67,668.994,0.3762
mixed,8,1,0.125,4.0,64,0,4096,16384,5632,768.994,2208.23,1308.29,0.3747
mixed,8,1,0.125,4.0,64,512,128,512,176,78.466,101.698,77.345,-0.0483
mixed,8,1,0.125,4.0,64,512,256,1024,352,87.776,168.576,115.616,0.3446
mixed,8,1,0.125,4.0,64,512,512,2048,704,118.657,302.243,195.872,0.4206
mixed,8,1,0.125,4.0,64,512,1024,4096,1408,216.639,570.529,354.56,0.3897
mixed,8,1,0.125,4.0,64,512,2048,8192,2816,399.199,1113.79,670.558,0.3797
mixed,8,1,0.125,4.0,64,512,4096,16384,5632,770.177,2206.09,1309.31,0.3755
mixed,8,1,0.125,4.0,64,1024,128,512,176,109.472,134.783,110.176,0.0278
mixed,8,1,0.125,4.0,64,1024,256,1024,352,120.542,170.688,118.688,-0.037
mixed,8,1,0.125,4.0,64,1024,512,2048,704,145.184,303.072,194.944,0.3152
mixed,8,1,0.125,4.0,64,1024,1024,4096,1408,217.12,571.649,353.858,0.3857
mixed,8,1,0.125,4.0,64,1024,2048,8192,2816,401.122,1113.54,670.304,0.3778
mixed,8,1,0.125,4.0,64,1024,4096,16384,5632,768.706,2214.18,1311.94,0.3758
mixed,8,1,0.125,4.0,64,2048,128,512,176,172.32,197.313,171.713,-0.0243
mixed,8,1,0.125,4.0,64,2048,256,1024,352,183.072,233.281,182.177,-0.0178
mixed,8,1,0.125,4.0,64,2048,512,2048,704,207.489,305.728,199.105,-0.0853
mixed,8,1,0.125,4.0,64,2048,1024,4096,1408,259.103,573.09,357.025,0.3119
mixed,8,1,0.125,4.0,64,2048,2048,8192,2816,405.249,1099.62,674.562,0.3879
mixed,8,1,0.125,4.0,64,2048,4096,16384,5632,766.722,2207.36,1315.49,0.3809
mixed,8,1,0.125,4.0,64,4096,128,512,176,296.035,321.602,295.49,-0.0213
mixed,8,1,0.125,4.0,64,4096,256,1024,352,306.08,358.08,304.833,-0.024
mixed,8,1,0.125,4.0,64,4096,512,2048,704,332.445,431.008,323.169,-0.0941
mixed,8,1,0.125,4.0,64,4096,1024,4096,1408,382.017,576.32,358.816,-0.1194
mixed,8,1,0.125,4.0,64,4096,2048,8192,2816,486.467,1098.34,676.45,0.3105
mixed,8,1,0.125,4.0,64,4096,4096,16384,5632,770.369,2215.78,1318.56,0.3793
mixed,8,1,0.125,4.0,64,8192,128,512,176,553.538,569.346,556.097,0.1619
mixed,8,1,0.125,4.0,64,8192,256,1024,352,555.841,605.123,555.747,-0.0019
mixed,8,1,0.125,4.0,64,8192,512,2048,704,577.952,677.762,567.906,-0.1007
mixed,8,1,0.125,4.0,64,8192,1024,4096,1408,628.545,823.936,606.272,-0.114
mixed,8,1,0.125,4.0,64,8192,2048,8192,2816,733.442,1137.51,678.272,-0.1365
mixed,8,1,0.125,4.0,64,8192,4096,16384,5632,941.442,2189.64,1318.63,0.3022
mixed,8,1,0.125,4.0,128,0,128,512,176,53.536,100.289,74.528,0.449
mixed,8,1,0.125,4.0,128,0,256,1024,352,71.103,168.864,114.655,0.4455
mixed,8,1,0.125,4.0,128,0,512,2048,704,119.521,301.76,194.88,0.4135
mixed,8,1,0.125,4.0,128,0,1024,4096,1408,218.369,568.674,353.122,0.3847
mixed,8,1,0.125,4.0,128,0,2048,8192,2816,400.641,1115.46,672.449,0.3802
mixed,8,1,0.125,4.0,128,0,4096,16384,5632,767.585,2206.69,1308.48,0.3759
mixed,8,1,0.125,4.0,128,512,128,512,176,81.44,103.841,81.471,0.0014
mixed,8,1,0.125,4.0,128,512,256,1024,352,91.168,169.344,119.328,0.3602
mixed,8,1,0.125,4.0,128,512,512,2048,704,120.415,302.304,197.794,0.4254
mixed,8,1,0.125,4.0,128,512,1024,4096,1408,218.815,570.626,355.872,0.3896
mixed,8,1,0.125,4.0,128,512,2048,8192,2816,400.639,1101.6,670.752,0.3853
mixed,8,1,0.125,4.0,128,512,4096,16384,5632,766.274,2199.94,1309.6,0.379
mixed,8,1,0.125,4.0,128,1024,128,512,176,113.507,138.593,113.566,0.0024
mixed,8,1,0.125,4.0,128,1024,256,1024,352,124.352,173.953,122.688,-0.0335
mixed,8,1,0.125,4.0,128,1024,512,2048,704,148.224,304.032,201.024,0.3389
mixed,8,1,0.125,4.0,128,1024,1024,4096,1408,219.553,569.536,356.32,0.3908
mixed,8,1,0.125,4.0,128,1024,2048,8192,2816,403.937,1098.47,672.32,0.3864
mixed,8,1,0.125,4.0,128,1024,4096,16384,5632,767.778,2199.84,1311.59,0.3797
mixed,8,1,0.125,4.0,128,2048,128,512,176,178.048,203.809,177.473,-0.0223
mixed,8,1,0.125,4.0,128,2048,256,1024,352,188.48,238.625,187.617,-0.0172
mixed,8,1,0.125,4.0,128,2048,512,2048,704,213.76,308.64,206.272,-0.0789
mixed,8,1,0.125,4.0,128,2048,1024,4096,1408,263.52,571.426,360.609,0.3153
mixed,8,1,0.125,4.0,128,2048,2048,8192,2816,404.609,1093.28,676.673,0.3951
mixed,8,1,0.125,4.0,128,2048,4096,16384,5632,767.457,2196.16,1314.18,0.3827
mixed,8,1,0.125,4.0,128,4096,128,512,176,305.282,332.993,304.928,-0.0128
mixed,8,1,0.125,4.0,128,4096,256,1024,352,317.6,363.52,316.481,-0.0244
mixed,8,1,0.125,4.0,128,4096,512,2048,704,340.897,435.904,332.833,-0.0849
mixed,8,1,0.125,4.0,128,4096,1024,4096,1408,390.368,575.586,367.65,-0.1227
mixed,8,1,0.125,4.0,128,4096,2048,8192,2816,486.4,1093.86,681.793,0.3217
mixed,8,1,0.125,4.0,128,4096,4096,16384,5632,770.307,2179.11,1314.88,0.3866
mixed,8,1,0.125,4.0,128,8192,128,512,176,556.033,580.417,556.671,0.0262
mixed,8,1,0.125,4.0,128,8192,256,1024,352,568.13,612.033,568.8,0.0153
mixed,8,1,0.125,4.0,128,8192,512,2048,704,592.833,683.488,583.043,-0.108
mixed,8,1,0.125,4.0,128,8192,1024,4096,1408,639.105,825.186,613.473,-0.1377
mixed,8,1,0.125,4.0,128,8192,2048,8192,2816,734.466,1130.79,688.257,-0.1166
mixed,8,1,0.125,4.0,128,8192,4096,16384,5632,931.969,2189.99,1319.74,0.3082
mixed,8,1,0.125,4.0,256,0,128,512,176,68.672,108.033,91.714,0.5854
mixed,8,1,0.125,4.0,256,0,256,1024,352,83.744,174.689,131.36,0.5236
mixed,8,1,0.125,4.0,256,0,512,2048,704,127.424,305.185,205.28,0.438
mixed,8,1,0.125,4.0,256,0,1024,4096,1408,224.385,572.799,360.257,0.39
mixed,8,1,0.125,4.0,256,0,2048,8192,2816,403.68,1121.12,674.944,0.3781
mixed,8,1,0.125,4.0,256,0,4096,16384,5632,772.45,2208.9,1317.79,0.3796
mixed,8,1,0.125,4.0,256,512,128,512,176,114.656,148.735,115.231,0.0169
mixed,8,1,0.125,4.0,256,512,256,1024,352,128.576,197.407,150.112,0.3129
mixed,8,1,0.125,4.0,256,512,512,2048,704,169.473,308.353,243.777,0.535
mixed,8,1,0.125,4.0,256,512,1024,4096,1408,229.793,575.201,387.232,0.4558
mixed,8,1,0.125,4.0,256,512,2048,8192,2816,405.6,1106.53,678.848,0.3898
mixed,8,1,0.125,4.0,256,512,4096,16384,5632,776.643,2199.72,1316.35,0.3793
mixed,8,1,0.125,4.0,256,1024,128,512,176,152.098,191.136,160.447,0.2139
mixed,8,1,0.125,4.0,256,1024,256,1024,352,170.37,247.201,178.656,0.1078
mixed,8,1,0.125,4.0,256,1024,512,2048,704,194.881,325.057,245.888,0.3918
mixed,8,1,0.125,4.0,256,1024,1024,4096,1408,285.247,577.12,432.098,0.5031
mixed,8,1,0.125,4.0,256,1024,2048,8192,2816,408.386,1102.21,698.819,0.4186
mixed,8,1,0.125,4.0,256,1024,4096,16384,5632,774.945,2195.49,1318.4,0.3826
mixed,8,1,0.125,4.0,256,2048,128,512,176,216.544,262.305,224.064,0.1643
mixed,8,1,0.125,4.0,256,2048,256,1024,352,232.929,321.633,249.727,0.1894
mixed,8,1,0.125,4.0,256,2048,512,2048,704,281.856,441.538,304.738,0.1433
mixed,8,1,0.125,4.0,256,2048,1024,4096,1408,322.944,582.114,436.898,0.4397
mixed,8,1,0.125,4.0,256,2048,2048,8192,2816,496.449,1104.67,810.018,0.5155
mixed,8,1,0.125,4.0,256,2048,4096,16384,5632,780.608,2189.89,1326.46,0.3873
mixed,8,1,0.125,4.0,256,4096,128,512,176,343.584,390.912,349.376,0.1224
mixed,8,1,0.125,4.0,256,4096,256,1024,352,362.625,456.768,378.242,0.1659
mixed,8,1,0.125,4.0,256,4096,512,2048,704,409.856,579.17,432.095,0.1313
mixed,8,1,0.125,4.0,256,4096,1024,4096,1408,503.616,820.64,526.658,0.0727
mixed,8,1,0.125,4.0,256,4096,2048,8192,2816,584.479,1104.07,817.697,0.4489
mixed,8,1,0.125,4.0,256,4096,4096,16384,5632,922.88,2182.31,1561.92,0.5074
mixed,8,1,0.125,4.0,256,8192,128,512,176,592.257,640.385,602.335,0.2094
mixed,8,1,0.125,4.0,256,8192,256,1024,352,613.538,709.922,627.936,0.1494
mixed,8,1,0.125,4.0,256,8192,512,2048,704,662.688,835.297,680.864,0.1053
mixed,8,1,0.125,4.0,256,8192,1024,4096,1408,754.816,1092.51,776.258,0.0635
mixed,8,1,0.125,4.0,256,8192,2048,8192,2816,933.025,1592.9,965.282,0.0489
mixed,8,1,0.125,4.0,256,8192,4096,16384,5632,1105.89,2175.18,1580.36,0.4437
mixed,8,1,0.125,4.0,512,0,128,512,176,115.231,151.01,122.112,0.1923
mixed,8,1,0.125,4.0,512,0,256,1024,352,124.897,214.336,165.184,0.4504
mixed,8,1,0.125,4.0,512,0,512,2048,704,169.89,338.563,247.841,0.4621
mixed,8,1,0.125,4.0,512,0,1024,4096,1408,260.032,596.228,400.706,0.4184
mixed,8,1,0.125,4.0,512,0,2048,8192,2816,433.984,1125.06,710.402,0.4
mixed,8,1,0.125,4.0,512,0,4096,16384,5632,797.25,2213.96,1337.44,0.3813
mixed,8,1,0.125,4.0,512,512,128,512,176,178.75,206.689,182.719,0.1421
mixed,8,1,0.125,4.0,512,512,256,1024,352,191.937,255.327,202.048,0.1595
mixed,8,1,0.125,4.0,512,512,512,2048,704,215.649,379.424,285.312,0.4254
mixed,8,1,0.125,4.0,512,512,1024,4096,1408,305.698,632.063,442.689,0.4197
mixed,8,1,0.125,4.0,512,512,2048,8192,2816,473.791,1144.16,753.089,0.4166
mixed,8,1,0.125,4.0,512,512,4096,16384,5632,827.522,2212.97,1369.03,0.3909
mixed,8,1,0.125,4.0,512,1024,128,512,176,240.352,272.356,240.798,0.0139
mixed,8,1,0.125,4.0,512,1024,256,1024,352,251.105,302.754,256.609,0.1066
mixed,8,1,0.125,4.0,512,1024,512,2048,704,284.995,423.712,320.225,0.254
mixed,8,1,0.125,4.0,512,1024,1024,4096,1408,332.576,668.994,476.671,0.4283
mixed,8,1,0.125,4.0,512,1024,2048,8192,2816,509.122,1174.62,807.041,0.4477
mixed,8,1,0.125,4.0,512,1024,4096,16384,5632,861.315,2203.4,1408.8,0.4079
mixed,8,1,0.125,4.0,512,2048,128,512,176,363.104,386.433,360.225,-0.1234
mixed,8,1,0.125,4.0,512,2048,256,1024,352,369.506,432.608,373.857,0.069
mixed,8,1,0.125,4.0,512,2048,512,2048,704,405.793,498.111,396.289,-0.1029
mixed,8,1,0.125,4.0,512,2048,1024,4096,1408,459.329,744.352,551.361,0.3229
mixed,8,1,0.125,4.0,512,2048,2048,8192,2816,582.496,1249.6,854.465,0.4077
mixed,8,1,0.125,4.0,512,2048,4096,16384,5632,930.303,2246.02,1488.74,0.4244
mixed,8,1,0.125,4.0,512,4096,128,512,176,606.913,632.738,605.921,-0.0384
mixed,8,1,0.125,4.0,512,4096,256,1024,352,616.417,666.434,615.715,-0.014
mixed,8,1,0.125,4.0,512,4096,512,2048,704,643.009,750.818,638.944,-0.0377
mixed,8,1,0.125,4.0,512,4096,1024,4096,1408,696.097,877.027,675.298,-0.115
mixed,8,1,0.125,4.0,512,4096,2048,8192,2816,792.646,1385.54,1072.42,0.4719
mixed,8,1,0.125,4.0,512,4096,4096,16384,5632,1070.11,2407.69,1606.24,0.4008
mixed,8,1,0.125,4.0,512,8192,128,512,176,1097.89,1121.38,1098.4,0.0219
mixed,8,1,0.125,4.0,512,8192,256,1024,352,1107.23,1156.67,1105.89,-0.0271
mixed,8,1,0.125,4.0,512,8192,512,2048,704,1128.67,1227.39,1121.28,-0.0748
mixed,8,1,0.125,4.0,512,8192,1024,4096,1408,1179.11,1379.84,1162.91,-0.0807
mixed,8,1,0.125,4.0,512,8192,2048,8192,2816,1282.79,1658.98,1250.85,-0.0849
mixed,8,1,0.125,4.0,512,8192,4096,16384,5632,1470.37,2700.75,2066.24,0.4843
mixed,8,1,0.125,4.0,1024,0,128,512,176,233.376,265.184,237.664,0.1348
mixed,8,1,0.125,4.0,1024,0,256,1024,352,247.584,314.337,255.587,0.1199
mixed,8,1,0.125,4.0,1024,0,512,2048,704,275.968,446.592,344.224,0.4
mixed,8,1,0.125,4.0,1024,0,1024,4096,1408,364.257,685.664,506.816,0.4435
mixed,8,1,0.125,4.0,1024,0,2048,8192,2816,536.159,1203.94,821.987,0.428
mixed,8,1,0.125,4.0,1024,0,4096,16384,5632,879.937,2236.55,1431.65,0.4067
mixed,8,1,0.125,4.0,1024,512,128,512,176,337.537,370.24,340.063,0.0772
mixed,8,1,0.125,4.0,1024,512,256,1024,352,349.153,409.667,356.738,0.1253
mixed,8,1,0.125,4.0,1024,512,512,2048,704,380.033,530.336,419.681,0.2638
mixed,8,1,0.125,4.0,1024,512,1024,4096,1408,445.025,783.139,591.169,0.4322
mixed,8,1,0.125,4.0,1024,512,2048,8192,2816,622.817,1273.89,910.978,0.4426
mixed,8,1,0.125,4.0,1024,512,4096,16384,5632,959.139,2279.43,1529.38,0.4319
mixed,8,1,0.125,4.0,1024,1024,128,512,176,438.498,474.818,440.481,0.0546
mixed,8,1,0.125,4.0,1024,1024,256,1024,352,451.138,512.193,457.057,0.0969
mixed,8,1,0.125,4.0,1024,1024,512,2048,704,486.496,608.29,490.497,0.0329
mixed,8,1,0.125,4.0,1024,1024,1024,4096,1408,546.72,866.37,667.904,0.3791
mixed,8,1,0.125,4.0,1024,1024,2048,8192,2816,713.056,1353.76,1001.03,0.4495
mixed,8,1,0.125,4.0,1024,1024,4096,16384,5632,1058.6,2351.08,1630.43,0.4424
mixed,8,1,0.125,4.0,1024,2048,128,512,176,621.601,669.09,629.216,0.1604
mixed,8,1,0.125,4.0,1024,2048,256,1024,352,637.218,721.476,645.219,0.095
mixed,8,1,0.125,4.0,1024,2048,512,2048,704,680.096,810.688,689.09,0.0689
mixed,8,1,0.125,4.0,1024,2048,1024,4096,1408,748.961,1038.98,811.936,0.2171
mixed,8,1,0.125,4.0,1024,2048,2048,8192,2816,886.656,1563.88,1169.12,0.4171
mixed,8,1,0.125,4.0,1024,2048,4096,16384,5632,1249.35,2508.04,1811.56,0.4467
mixed,8,1,0.125,4.0,1024,4096,128,512,176,992.674,1033.57,991.362,-0.0321
mixed,8,1,0.125,4.0,1024,4096,256,1024,352,1003.55,1099.1,1013.79,0.1072
mixed,8,1,0.125,4.0,1024,4096,512,2048,704,1049.19,1214.95,1053.28,0.0247
mixed,8,1,0.125,4.0,1024,4096,1024,4096,1408,1147.75,1436.23,1154.85,0.0246
mixed,8,1,0.125,4.0,1024,4096,2048,8192,2816,1249.7,1921.73,1436.99,0.2787
mixed,8,1,0.125,4.0,1024,4096,4096,16384,5632,1572.32,2931.94,2168.45,0.4385
mixed,8,1,0.125,4.0,1024,8192,128,512,176,1721.95,1765.6,1723.62,0.0381
mixed,8,1,0.125,4.0,1024,8192,256,1024,352,1740.42,1830.72,1744.96,0.0503
mixed,8,1,0.125,4.0,1024,8192,512,2048,704,1785.29,1960.58,1789.22,0.0224
mixed,8,1,0.125,4.0,1024,8192,1024,4096,1408,1881.41,2198.66,1871.94,-0.0299
mixed,8,1,0.125,4.0,1024,8192,2048,8192,2816,2063.14,2690.98,2086.63,0.0374
mixed,8,1,0.125,4.0,1024,8192,4096,16384,5632,2251.01,3740.84,2681.92,0.2892
mixed,8,1,0.125,4.0,2048,0,128,512,176,591.104,623.713,591.906,0.0246
mixed,8,1,0.125,4.0,2048,0,256,1024,352,601.538,657.699,605.602,0.0724
mixed,8,1,0.125,4.0,2048,0,512,2048,704,633.442,757.954,642.915,0.0761
mixed,8,1,0.125,4.0,2048,0,1024,4096,1408,690.785,1026.43,812.48,0.3626
mixed,8,1,0.125,4.0,2048,0,2048,8192,2816,858.849,1526.46,1149.6,0.4355
mixed,8,1,0.125,4.0,2048,0,4096,16384,5632,1212.84,2489.45,1785.51,0.4486
mixed,8,1,0.125,4.0,2048,512,128,512,176,782.402,807.043,775.744,-0.2702
mixed,8,1,0.125,4.0,2048,512,256,1024,352,785.697,849.891,788.418,0.0424
mixed,8,1,0.125,4.0,2048,512,512,2048,704,815.394,927.075,820.577,0.0464
mixed,8,1,0.125,4.0,2048,512,1024,4096,1408,880.098,1189.5,969.41,0.2887
mixed,8,1,0.125,4.0,2048,512,2048,8192,2816,1027.14,1708.42,1320.8,0.431
mixed,8,1,0.125,4.0,2048,512,4096,16384,5632,1387.14,2661.48,1970.63,0.4579
mixed,8,1,0.125,4.0,2048,1024,128,512,176,955.842,986.69,961.059,0.1691
mixed,8,1,0.125,4.0,2048,1024,256,1024,352,966.69,1031.2,973.89,0.1116
mixed,8,1,0.125,4.0,2048,1024,512,2048,704,998.017,1114.24,1002.37,0.0375
mixed,8,1,0.125,4.0,2048,1024,1024,4096,1408,1061.86,1353.83,1125.89,0.2193
mixed,8,1,0.125,4.0,2048,1024,2048,8192,2816,1183.91,1879.23,1478.53,0.4237
mixed,8,1,0.125,4.0,2048,1024,4096,16384,5632,1553.12,2845.09,2139.33,0.4537
mixed,8,1,0.125,4.0,2048,2048,128,512,176,1323.71,1353.22,1323.56,-0.0054
mixed,8,1,0.125,4.0,2048,2048,256,1024,352,1336.93,1399.33,1348.26,0.1816
mixed,8,1,0.125,4.0,2048,2048,512,2048,704,1368.87,1482.12,1367.42,-0.0127
mixed,8,1,0.125,4.0,2048,2048,1024,4096,1408,1429.41,1672.87,1437.41,0.0329
mixed,8,1,0.125,4.0,2048,2048,2048,8192,2816,1538.53,2210.44,1788.99,0.3728
mixed,8,1,0.125,4.0,2048,2048,4096,16384,5632,1883.84,3229.93,2477.83,0.4413
mixed,8,1,0.125,4.0,2048,4096,128,512,176,2057.93,2091.75,2065.55,0.2253
mixed,8,1,0.125,4.0,2048,4096,256,1024,352,2065.73,2124.71,2069.57,0.0651
mixed,8,1,0.125,4.0,2048,4096,512,2048,704,2091.78,2217.38,2094.98,0.0255
mixed,8,1,0.125,4.0,2048,4096,1024,4096,1408,2156.51,2365.06,2150.02,-0.0311
mixed,8,1,0.125,4.0,2048,4096,2048,8192,2816,2283.75,2865.45,2407.59,0.2129
mixed,8,1,0.125,4.0,2048,4096,4096,16384,5632,2495.62,3931.05,3107.53,0.4263
mixed,8,1,0.125,4.0,2048,8192,128,512,176,3516.39,3557.03,3526.72,0.2542
mixed,8,1,0.125,4.0,2048,8192,256,1024,352,3533.32,3580.07,3542.95,0.206
mixed,8,1,0.125,4.0,2048,8192,512,2048,704,3561.58,3662.73,3566.57,0.0493
mixed,8,1,0.125,4.0,2048,8192,1024,4096,1408,3617.54,3827.53,3602.44,-0.0719
mixed,8,1,0.125,4.0,2048,8192,2048,8192,2816,3721.06,4094.76,3704.01,-0.0456
mixed,8,1,0.125,4.0,2048,8192,4096,16384,5632,3976.59,5191.88,4378.06,0.3304
pure,8,2,0.25,4.0,0,0,128,512,224,53.921,75.037,56.577,0.1258
pure,8,2,0.25,4.0,0,0,256,1024,448,70.465,109.374,70.659,0.005
pure,8,2,0.25,4.0,0,0,512,2048,896,99.999,179.01,102.625,0.0332
pure,8,2,0.25,4.0,0,0,1024,4096,1792,157.535,322.048,162.11,0.0278
pure,8,2,0.25,4.0,0,0,2048,8192,3584,287.81,585.889,286.912,-0.003
pure,8,2,0.25,4.0,0,0,4096,16384,7168,523.745,1116.96,529.728,0.0101
mixed,8,2,0.25,4.0,16,0,128,512,224,53.665,98.88,73.6,0.4409
mixed,8,2,0.25,4.0,16,0,256,1024,448,85.184,166.944,113.057,0.3409
mixed,8,2,0.25,4.0,16,0,512,2048,896,148.961,300.64,194.305,0.2989
mixed,8,2,0.25,4.0,16,0,1024,4096,1792,265.6,568.544,355.202,0.2958
mixed,8,2,0.25,4.0,16,0,2048,8192,3584,499.071,1119.84,673.665,0.2813
mixed,8,2,0.25,4.0,16,0,4096,16384,7168,971.715,2201.28,1317.09,0.2809
mixed,8,2,0.25,4.0,16,512,128,512,224,78.048,101.12,77.537,-0.0221
mixed,8,2,0.25,4.0,16,512,256,1024,448,92.959,167.936,116.673,0.3163
mixed,8,2,0.25,4.0,16,512,512,2048,896,148.673,300.416,195.967,0.3117
mixed,8,2,0.25,4.0,16,512,1024,4096,1792,266.304,569.696,355.297,0.2933
mixed,8,2,0.25,4.0,16,512,2048,8192,3584,501.792,1112.96,672.417,0.2792
mixed,8,2,0.25,4.0,16,512,4096,16384,7168,974.081,2208.93,1313.63,0.275
mixed,8,2,0.25,4.0,16,1024,128,512,224,109.568,132.608,108.351,-0.0528
mixed,8,2,0.25,4.0,16,1024,256,1024,448,125.631,169.536,117.535,-0.1844
mixed,8,2,0.25,4.0,16,1024,512,2048,896,158.464,302.334,196.512,0.2645
mixed,8,2,0.25,4.0,16,1024,1024,4096,1792,266.752,569.475,357.887,0.3011
mixed,8,2,0.25,4.0,16,1024,2048,8192,3584,505.152,1105.86,677.281,0.2865
mixed,8,2,0.25,4.0,16,1024,4096,16384,7168,972.257,2207.4,1311.08,0.2743
mixed,8,2,0.25,4.0,16,2048,128,512,224,171.329,196.992,170.624,-0.0275
mixed,8,2,0.25,4.0,16,2048,256,1024,448,188.224,233.983,180.865,-0.1608
mixed,8,2,0.25,4.0,16,2048,512,2048,896,222.082,304.735,199.519,-0.273
mixed,8,2,0.25,4.0,16,2048,1024,4096,1792,284.545,571.203,359.009,0.2598
mixed,8,2,0.25,4.0,16,2048,2048,8192,3584,506.177,1101.67,675.809,0.2849
mixed,8,2,0.25,4.0,16,2048,4096,16384,7168,964.672,2209.54,1311.88,0.2789
mixed,8,2,0.25,4.0,16,4096,128,512,224,296.384,318.752,296.864,0.0215
mixed,8,2,0.25,4.0,16,4096,256,1024,448,312.226,357.056,305.311,-0.1542
mixed,8,2,0.25,4.0,16,4096,512,2048,896,345.569,427.199,323.232,-0.2736
mixed,8,2,0.25,4.0,16,4096,1024,4096,1792,409.986,575.296,361.247,-0.2948
mixed,8,2,0.25,4.0,16,4096,2048,8192,3584,540.576,1099.84,679.457,0.2483
mixed,8,2,0.25,4.0,16,4096,4096,16384,7168,969.731,2216.39,1317.47,0.2789
mixed,8,2,0.25,4.0,16,8192,128,512,224,553.057,567.232,553.889,0.0587
mixed,8,2,0.25,4.0,16,8192,256,1024,448,559.777,604.479,554.111,-0.1268
mixed,8,2,0.25,4.0,16,8192,512,2048,896,590.592,674.625,569.312,-0.2532
mixed,8,2,0.25,4.0,16,8192,1024,4096,1792,655.041,823.042,607.264,-0.2844
mixed,8,2,0.25,4.0,16,8192,2048,8192,3584,786.305,1128.42,679.074,-0.3134
mixed,8,2,0.25,4.0,16,8192,4096,16384,7168,1057.79,2189.58,1325.54,0.2366
mixed,8,2,0.25,4.0,32,0,128,512,224,53.633,98.883,73.312,0.4349
mixed,8,2,0.25,4.0,32,0,256,1024,448,84.64,168.065,113.343,0.3441
mixed,8,2,0.25,4.0,32,0,512,2048,896,148.578,300.641,193.664,0.2965
mixed,8,2,0.25,4.0,32,0,1024,4096,1792,265.919,568.45,355.52,0.2962
mixed,8,2,0.25,4.0,32,0,2048,8192,3584,499.073,1121.6,674.497,0.2818
mixed,8,2,0.25,4.0,32,0,4096,16384,7168,975.136,2205.96,1313.35,0.2748
mixed,8,2,0.25,4.0,32,512,128,512,224,79.169,100.864,76.992,-0.1003
mixed,8,2,0.25,4.0,32,512,256,1024,448,92.383,168.031,117.92,0.3376
mixed,8,2,0.25,4.0,32,512,512,2048,896,149.344,301.888,197.056,0.3128
mixed,8,2,0.25,4.0,32,512,1024,4096,1792,266.083,569.889,356.098,0.2963
mixed,8,2,0.25,4.0,32,512,2048,8192,3584,501.921,1112.1,673.569,0.2813
mixed,8,2,0.25,4.0,32,512,4096,16384,7168,974.723,2205.03,1315.91,0.2773
mixed,8,2,0.25,4.0,32,1024,128,512,224,109.568,134.049,108.64,-0.0379
mixed,8,2,0.25,4.0,32,1024,256,1024,448,126.368,169.761,117.919,-0.1947
mixed,8,2,0.25,4.0,32,1024,512,2048,896,158.655,302.208,197.119,0.2679
mixed,8,2,0.25,4.0,32,1024,1024,4096,1792,266.049,569.219,356.064,0.2969
mixed,8,2,0.25,4.0,32,1024,2048,8192,3584,503.04,1108.99,673.889,0.282
mixed,8,2,0.25,4.0,32,1024,4096,16384,7168,972.928,2207.94,1317.6,0.2791
mixed,8,2,0.25,4.0,32,2048,128,512,224,172.673,196.865,172.192,-0.0199
mixed,8,2,0.25,4.0,32,2048,256,1024,448,188.896,232.608,181.984,-0.1581
mixed,8,2,0.25,4.0,32,2048,512,2048,896,223.072,304.354,199.136,-0.2945
mixed,8,2,0.25,4.0,32,2048,1024,4096,1792,283.777,570.497,356.833,0.2548
mixed,8,2,0.25,4.0,32,2048,2048,8192,3584,506.015,1110.46,676.288,0.2817
mixed,8,2,0.25,4.0,32,2048,4096,16384,7168,964.706,2203.49,1313.82,0.2818
mixed,8,2,0.25,4.0,32,4096,128,512,224,297.25,320.353,296.895,-0.0154
mixed,8,2,0.25,4.0,32,4096,256,1024,448,312.256,357.472,306.144,-0.1352
mixed,8,2,0.25,4.0,32,4096,512,2048,896,346.016,429.92,324.544,-0.2559
mixed,8,2,0.25,4.0,32,4096,1024,4096,1792,407.905,574.274,361.634,-0.2781
mixed,8,2,0.25,4.0,32,4096,2048,8192,3584,538.37,1097.7,679.298,0.252
mixed,8,2,0.25,4.0,32,4096,4096,16384,7168,969.315,2211.72,1317.95,0.2806
mixed,8,2,0.25,4.0,32,8192,128,512,224,553.921,568.226,554.275,0.0247
mixed,8,2,0.25,4.0,32,8192,256,1024,448,559.235,603.264,554.723,-0.1025
mixed,8,2,0.25,4.0,32,8192,512,2048,896,591.393,674.145,570.242,-0.2556
mixed,8,2,0.25,4.0,32,8192,1024,4096,1792,655.424,822.498,606.207,-0.2946
mixed,8,2,0.25,4.0,32,8192,2048,8192,3584,787.233,1135.39,678.05,-0.3136
mixed,8,2,0.25,4.0,32,8192,4096,16384,7168,1057.16,2188.45,1327.33,0.2388
mixed,8,2,0.25,4.0,64,0,128,512,224,54.048,99.488,73.503,0.4281
mixed,8,2,0.25,4.0,64,0,256,1024,448,84.994,167.967,113.248,0.3405
mixed,8,2,0.25,4.0,64,0,512,2048,896,148.544,301.377,194.272,0.2992
mixed,8,2,0.25,4.0,64,0,1024,4096,1792,265.696,567.873,354.817,0.2949
mixed,8,2,0.25,4.0,64,0,2048,8192,3584,500.864,1118.98,673.536,0.2794
mixed,8,2,0.25,4.0,64,0,4096,16384,7168,980.451,2203.75,1315.68,0.274
mixed,8,2,0.25,4.0,64,512,128,512,224,80.096,101.984,77.792,-0.1053
mixed,8,2,0.25,4.0,64,512,256,1024,448,94.624,168.064,117.92,0.3172
mixed,8,2,0.25,4.0,64,512,512,2048,896,148.99,302.753,197.28,0.3141
mixed,8,2,0.25,4.0,64,512,1024,4096,1792,266.688,571.136,356.226,0.2941
mixed,8,2,0.25,4.0,64,512,2048,8192,3584,502.978,1109.41,673.407,0.281
mixed,8,2,0.25,4.0,64,512,4096,16384,7168,980.226,2208.39,1314.53,0.2722
mixed,8,2,0.25,4.0,64,1024,128,512,224,112.609,134.784,109.791,-0.1271
mixed,8,2,0.25,4.0,64,1024,256,1024,448,126.943,170.848,119.776,-0.1632
mixed,8,2,0.25,4.0,64,1024,512,2048,896,160.288,301.984,197.442,0.2622
mixed,8,2,0.25,4.0,64,1024,1024,4096,1792,266.431,570.495,356.866,0.2974
mixed,8,2,0.25,4.0,64,1024,2048,8192,3584,504.161,1109.63,674.399,0.2812
mixed,8,2,0.25,4.0,64,1024,4096,16384,7168,977.187,2209.26,1318.66,0.2772
mixed,8,2,0.25,4.0,64,2048,128,512,224,173.825,198.88,172.801,-0.0409
mixed,8,2,0.25,4.0,64,2048,256,1024,448,191.68,233.536,182.592,-0.2171
mixed,8,2,0.25,4.0,64,2048,512,2048,896,223.296,305.728,200.097,-0.2814
mixed,8,2,0.25,4.0,64,2048,1024,4096,1792,284.864,571.49,358.691,0.2576
mixed,8,2,0.25,4.0,64,2048,2048,8192,3584,505.825,1097.12,674.915,0.286
mixed,8,2,0.25,4.0,64,2048,4096,16384,7168,968.612,2209.87,1313.7,0.278
mixed,8,2,0.25,4.0,64,4096,128,512,224,298.848,320.641,295.456,-0.1556
mixed,8,2,0.25,4.0,64,4096,256,1024,448,314.176,358.306,307.456,-0.1523
mixed,8,2,0.25,4.0,64,4096,512,2048,896,346.399,429.12,325.536,-0.2522
mixed,8,2,0.25,4.0,64,4096,1024,4096,1792,409.216,579.232,361.695,-0.2795
mixed,8,2,0.25,4.0,64,4096,2048,8192,3584,541.922,1100.38,677.058,0.242
mixed,8,2,0.25,4.0,64,4096,4096,16384,7168,968.768,2215.91,1327.46,0.2876
mixed,8,2,0.25,4.0,64,8192,128,512,224,554.562,567.648,557.153,0.198
mixed,8,2,0.25,4.0,64,8192,256,1024,448,561.345,604.034,556.804,-0.1064
mixed,8,2,0.25,4.0,64,8192,512,2048,896,593.375,675.169,569.024,-0.2977
mixed,8,2,0.25,4.0,64,8192,1024,4096,1792,659.488,825.122,608.674,-0.3068
mixed,8,2,0.25,4.0,64,8192,2048,8192,3584,788.193,1133.95,684.257,-0.3006
mixed,8,2,0.25,4.0,64,8192,4096,16384,7168,1062.21,2190.63,1322.95,0.2311
mixed,8,2,0.25,4.0,128,0,128,512,224,54.816,100.672,76.32,0.4689
mixed,8,2,0.25,4.0,128,0,256,1024,448,86.528,169.026,116.352,0.3615
mixed,8,2,0.25,4.0,128,0,512,2048,896,150.558,301.184,197.089,0.3089
mixed,8,2,0.25,4.0,128,0,1024,4096,1792,267.648,569.571,356.512,0.2943
mixed,8,2,0.25,4.0,128,0,2048,8192,3584,500.194,1114.53,673.634,0.2823
mixed,8,2,0.25,4.0,128,0,4096,16384,7168,972.289,2202.95,1321.57,0.2838
mixed,8,2,0.25,4.0,128,512,128,512,224,81.92,104.032,97.729,0.715
mixed,8,2,0.25,4.0,128,512,256,1024,448,97.154,169.888,133.408,0.4984
mixed,8,2,0.25,4.0,128,512,512,2048,896,151.65,302.848,200.192,0.321
mixed,8,2,0.25,4.0,128,512,1024,4096,1792,268.129,570.178,356.673,0.2931
mixed,8,2,0.25,4.0,128,512,2048,8192,3584,503.04,1105.19,674.913,0.2854
mixed,8,2,0.25,4.0,128,512,4096,16384,7168,970.373,2199.39,1314.14,0.2797
mixed,8,2,0.25,4.0,128,1024,128,512,224,114.56,137.248,129.888,0.6756
mixed,8,2,0.25,4.0,128,1024,256,1024,448,132.001,174.113,148.736,0.3974
mixed,8,2,0.25,4.0,128,1024,512,2048,896,163.744,303.105,231.969,0.4896
mixed,8,2,0.25,4.0,128,1024,1024,4096,1792,268.896,570.722,361.759,0.3077
mixed,8,2,0.25,4.0,128,1024,2048,8192,3584,505.73,1100.22,678.018,0.2898
mixed,8,2,0.25,4.0,128,1024,4096,16384,7168,965.633,2198.6,1320.03,0.2874
mixed,8,2,0.25,4.0,128,2048,128,512,224,178.624,203.265,192.672,0.5701
mixed,8,2,0.25,4.0,128,2048,256,1024,448,195.649,238.432,211.842,0.3785
mixed,8,2,0.25,4.0,128,2048,512,2048,896,229.249,306.081,244.416,0.1974
mixed,8,2,0.25,4.0,128,2048,1024,4096,1792,288.161,569.247,428,0.4975
mixed,8,2,0.25,4.0,128,2048,2048,8192,3584,504.577,1094.05,680.451,0.2984
mixed,8,2,0.25,4.0,128,2048,4096,16384,7168,962.657,2188.49,1324.23,0.295
mixed,8,2,0.25,4.0,128,4096,128,512,224,306.017,330.721,319.776,0.557
mixed,8,2,0.25,4.0,128,4096,256,1024,448,322.4,365.024,335.938,0.3176
mixed,8,2,0.25,4.0,128,4096,512,2048,896,354.944,436.418,371.711,0.2058
mixed,8,2,0.25,4.0,128,4096,1024,4096,1792,416.479,575.328,433.088,0.1046
mixed,8,2,0.25,4.0,128,4096,2048,8192,3584,541.632,1097.76,809.408,0.4815
mixed,8,2,0.25,4.0,128,4096,4096,16384,7168,967.364,2178.6,1320.93,0.2919
mixed,8,2,0.25,4.0,128,8192,128,512,224,556.641,584.514,567.937,0.4053
mixed,8,2,0.25,4.0,128,8192,256,1024,448,577.664,613.248,584.064,0.1799
mixed,8,2,0.25,4.0,128,8192,512,2048,896,604.256,683.874,613.603,0.1174
mixed,8,2,0.25,4.0,128,8192,1024,4096,1792,665.376,827.17,681.795,0.1015
mixed,8,2,0.25,4.0,128,8192,2048,8192,3584,791.777,1127.43,814.976,0.0691
mixed,8,2,0.25,4.0,128,8192,4096,16384,7168,1053.06,2183.75,1568.68,0.456
mixed,8,2,0.25,4.0,256,0,128,512,224,69.504,108.706,95.424,0.6612
mixed,8,2,0.25,4.0,256,0,256,1024,448,96.001,174.175,136.449,0.5174
mixed,8,2,0.25,4.0,256,0,512,2048,896,157.921,304.128,213.632,0.381
mixed,8,2,0.25,4.0,256,0,1024,4096,1792,273.408,572.451,368.706,0.3187
mixed,8,2,0.25,4.0,256,0,2048,8192,3584,506.017,1122.21,684.129,0.2891
mixed,8,2,0.25,4.0,256,0,4096,16384,7168,968.673,2210.21,1320.36,0.2833
mixed,8,2,0.25,4.0,256,512,128,512,224,115.811,149.121,118.079,0.0681
mixed,8,2,0.25,4.0,256,512,256,1024,448,129.504,197.184,155.039,0.3773
mixed,8,2,0.25,4.0,256,512,512,2048,896,189.218,309.088,247.553,0.4867
mixed,8,2,0.25,4.0,256,512,1024,4096,1792,276.128,575.583,405.442,0.4318
mixed,8,2,0.25,4.0,256,512,2048,8192,3584,507.394,1102.4,719.267,0.3561
mixed,8,2,0.25,4.0,256,512,4096,16384,7168,968.29,2203.78,1333.7,0.2958
mixed,8,2,0.25,4.0,256,1024,128,512,224,152.544,192.417,167.265,0.3692
mixed,8,2,0.25,4.0,256,1024,256,1024,448,182.209,247.904,180.671,-0.0234
mixed,8,2,0.25,4.0,256,1024,512,2048,896,222.527,324.224,252.319,0.2929
mixed,8,2,0.25,4.0,256,1024,1024,4096,1792,309.6,575.552,438.018,0.4829
mixed,8,2,0.25,4.0,256,1024,2048,8192,3584,508.865,1103.11,752.994,0.4108
mixed,8,2,0.25,4.0,256,1024,4096,16384,7168,974.371,2196.14,1371.49,0.325
mixed,8,2,0.25,4.0,256,2048,128,512,224,215.873,263.039,231.904,0.3399
mixed,8,2,0.25,4.0,256,2048,256,1024,448,249.568,321.857,261.441,0.1642
mixed,8,2,0.25,4.0,256,2048,512,2048,896,310.658,442.176,311.425,0.0058
mixed,8,2,0.25,4.0,256,2048,1024,4096,1792,393.087,580.802,443.264,0.2673
mixed,8,2,0.25,4.0,256,2048,2048,8192,3584,543.234,1104.61,815.203,0.4845
mixed,8,2,0.25,4.0,256,2048,4096,16384,7168,973.219,2188.55,1449.03,0.3915
mixed,8,2,0.25,4.0,256,4096,128,512,224,345.347,390.944,359.297,0.3059
mixed,8,2,0.25,4.0,256,4096,256,1024,448,376.864,453.888,387.68,0.1404
mixed,8,2,0.25,4.0,256,4096,512,2048,896,439.871,578.4,443.041,0.0229
mixed,8,2,0.25,4.0,256,4096,1024,4096,1792,553.601,817.698,573.633,0.0759
mixed,8,2,0.25,4.0,256,4096,2048,8192,3584,726.016,1110.63,823.615,0.2538
mixed,8,2,0.25,4.0,256,4096,4096,16384,7168,1020.58,2174.85,1569.92,0.4759
mixed,8,2,0.25,4.0,256,8192,128,512,224,596.77,642.977,615.009,0.3947
mixed,8,2,0.25,4.0,256,8192,256,1024,448,630.08,707.008,639.744,0.1256
mixed,8,2,0.25,4.0,256,8192,512,2048,896,690.946,833.277,690.816,-0.0009
mixed,8,2,0.25,4.0,256,8192,1024,4096,1792,802.048,1094.4,827.969,0.0887
mixed,8,2,0.25,4.0,256,8192,2048,8192,3584,1030.43,1597.15,1088.9,0.1032
mixed,8,2,0.25,4.0,256,8192,4096,16384,7168,1390.4,2171.88,1592.71,0.2589
mixed,8,2,0.25,4.0,512,0,128,512,224,115.84,150.657,126.944,0.3189
mixed,8,2,0.25,4.0,512,0,256,1024,448,136.002,214.144,171.777,0.4578
mixed,8,2,0.25,4.0,512,0,512,2048,896,198.561,339.169,253.922,0.3937
mixed,8,2,0.25,4.0,512,0,1024,4096,1792,307.328,595.713,411.104,0.3599
mixed,8,2,0.25,4.0,512,0,2048,8192,3584,532.514,1120.42,719.263,0.3177
mixed,8,2,0.25,4.0,512,0,4096,16384,7168,990.883,2214.15,1350.08,0.2936
mixed,8,2,0.25,4.0,512,512,128,512,224,180.32,205.664,184.61,0.1693
mixed,8,2,0.25,4.0,512,512,256,1024,448,201.73,254.722,209.891,0.154
mixed,8,2,0.25,4.0,512,512,512,2048,896,234.879,380.48,303.49,0.4712
mixed,8,2,0.25,4.0,512,512,1024,4096,1792,349.856,632.257,463.296,0.4017
mixed,8,2,0.25,4.0,512,512,2048,8192,3584,567.583,1144.99,778.947,0.3661
mixed,8,2,0.25,4.0,512,512,4096,16384,7168,1019.01,2210.44,1391.14,0.3123
mixed,8,2,0.25,4.0,512,1024,128,512,224,240.609,270.465,246.496,0.1972
mixed,8,2,0.25,4.0,512,1024,256,1024,448,259.937,305.728,262.784,0.0622
mixed,8,2,0.25,4.0,512,1024,512,2048,896,298.399,424.384,340.832,0.3368
mixed,8,2,0.25,4.0,512,1024,1024,4096,1792,391.487,667.458,525.921,0.4871
mixed,8,2,0.25,4.0,512,1024,2048,8192,3584,607.456,1180.1,825.571,0.3809
mixed,8,2,0.25,4.0,512,1024,4096,16384,7168,1056.16,2198.12,1434.88,0.3316
mixed,8,2,0.25,4.0,512,2048,128,512,224,361.952,387.457,366.336,0.1719
mixed,8,2,0.25,4.0,512,2048,256,1024,448,380.48,432.097,379.394,-0.021
mixed,8,2,0.25,4.0,512,2048,512,2048,896,417.922,498.784,419.01,0.0135
mixed,8,2,0.25,4.0,512,2048,1024,4096,1792,481.281,743.715,592.321,0.4231
mixed,8,2,0.25,4.0,512,2048,2048,8192,3584,682.914,1251.94,965.411,0.4965
mixed,8,2,0.25,4.0,512,2048,4096,16384,7168,1120.8,2248.58,1580.96,0.408
mixed,8,2,0.25,4.0,512,4096,128,512,224,607.136,634.725,609.315,0.079
mixed,8,2,0.25,4.0,512,4096,256,1024,448,627.46,666.98,623.81,-0.0924
mixed,8,2,0.25,4.0,512,4096,512,2048,896,667.106,752.704,642.082,-0.2923
mixed,8,2,0.25,4.0,512,4096,1024,4096,1792,722.401,877.953,724.256,0.0119
mixed,8,2,0.25,4.0,512,4096,2048,8192,3584,854.339,1385.19,1091.78,0.4473
mixed,8,2,0.25,4.0,512,4096,4096,16384,7168,1268.77,2411.05,1838.24,0.4985
mixed,8,2,0.25,4.0,512,8192,128,512,224,1099.04,1119.81,1100.1,0.0509
mixed,8,2,0.25,4.0,512,8192,256,1024,448,1114.37,1155.3,1108.67,-0.1391
mixed,8,2,0.25,4.0,512,8192,512,2048,896,1147.27,1223.55,1124.36,-0.3003
mixed,8,2,0.25,4.0,512,8192,1024,4096,1792,1206.31,1382.75,1172.83,-0.1897
mixed,8,2,0.25,4.0,512,8192,2048,8192,3584,1324.77,1655.97,1351.27,0.08
mixed,8,2,0.25,4.0,512,8192,4096,16384,7168,1571.68,2702.79,2098.85,0.4661
mixed,8,2,0.25,4.0,1024,0,128,512,224,235.618,265.089,240.735,0.1736
mixed,8,2,0.25,4.0,1024,0,256,1024,448,256.961,314.368,264.096,0.1243
mixed,8,2,0.25,4.0,1024,0,512,2048,896,298.753,448.289,358.273,0.398
mixed,8,2,0.25,4.0,1024,0,1024,4096,1792,413.185,689.344,528.256,0.4167
mixed,8,2,0.25,4.0,1024,0,2048,8192,3584,624.674,1202.11,841.92,0.3762
mixed,8,2,0.25,4.0,1024,0,4096,16384,7168,1074.12,2234.35,1457.83,0.3307
mixed,8,2,0.25,4.0,1024,512,128,512,224,338.849,370.56,343.81,0.1564
mixed,8,2,0.25,4.0,1024,512,256,1024,448,360.259,411.971,365.954,0.1101
mixed,8,2,0.25,4.0,1024,512,512,2048,896,400.065,532.099,434.72,0.2625
mixed,8,2,0.25,4.0,1024,512,1024,4096,1792,497.667,782.114,616.994,0.4195
mixed,8,2,0.25,4.0,1024,512,2048,8192,3584,721.439,1275.2,944.514,0.4028
mixed,8,2,0.25,4.0,1024,512,4096,16384,7168,1150.21,2282.05,1577.44,0.3775
mixed,8,2,0.25,4.0,1024,1024,128,512,224,436.031,471.489,445.697,0.2726
mixed,8,2,0.25,4.0,1024,1024,256,1024,448,462.21,514.048,466.688,0.0864
mixed,8,2,0.25,4.0,1024,1024,512,2048,896,503.328,607.521,511.007,0.0737
mixed,8,2,0.25,4.0,1024,1024,1024,4096,1792,578.496,867.746,695.747,0.4054
mixed,8,2,0.25,4.0,1024,1024,2048,8192,3584,812.704,1355.46,1044.16,0.4264
mixed,8,2,0.25,4.0,1024,1024,4096,16384,7168,1234.76,2351.97,1675.94,0.3949
mixed,8,2,0.25,4.0,1024,2048,128,512,224,623.938,665.282,629.921,0.1447
mixed,8,2,0.25,4.0,1024,2048,256,1024,448,654.114,721.44,660.898,0.1008
mixed,8,2,0.25,4.0,1024,2048,512,2048,896,708.258,808.447,712.384,0.0412
mixed,8,2,0.25,4.0,1024,2048,1024,4096,1792,781.057,1035.43,844.067,0.2477
mixed,8,2,0.25,4.0,1024,2048,2048,8192,3584,966.561,1564.1,1210.05,0.4075
mixed,8,2,0.25,4.0,1024,2048,4096,16384,7168,1432.71,2503.27,1870.85,0.4093
mixed,8,2,0.25,4.0,1024,4096,128,512,224,987.105,1029.22,998.272,0.2652
mixed,8,2,0.25,4.0,1024,4096,256,1024,448,1021.67,1097.06,1028.55,0.0913
mixed,8,2,0.25,4.0,1024,4096,512,2048,896,1084,1220.39,1082.4,-0.0118
mixed,8,2,0.25,4.0,1024,4096,1024,4096,1792,1192.1,1436.83,1198.85,0.0276
mixed,8,2,0.25,4.0,1024,4096,2048,8192,3584,1348.42,1917.73,1521.6,0.3042
mixed,8,2,0.25,4.0,1024,4096,4096,16384,7168,1745.8,2938.15,2204.71,0.3849
mixed,8,2,0.25,4.0,1024,8192,128,512,224,1719.78,1767.59,1735.33,0.3253
mixed,8,2,0.25,4.0,1024,8192,256,1024,448,1752.71,1830.11,1758.82,0.079
mixed,8,2,0.25,4.0,1024,8192,512,2048,896,1812.68,1962.79,1817.67,0.0332
mixed,8,2,0.25,4.0,1024,8192,1024,4096,1792,1926.28,2204.1,1935.14,0.0319
mixed,8,2,0.25,4.0,1024,8192,2048,8192,3584,2156.1,2686.24,2181,0.047
mixed,8,2,0.25,4.0,1024,8192,4096,16384,7168,2515.46,3732.4,2900.1,0.3161
mixed,8,2,0.25,4.0,2048,0,128,512,224,589.376,617.154,596.385,0.2523
mixed,8,2,0.25,4.0,2048,0,256,1024,448,608.417,660.831,615.617,0.1374
mixed,8,2,0.25,4.0,2048,0,512,2048,896,654.915,759.905,658.787,0.0369
mixed,8,2,0.25,4.0,2048,0,1024,4096,1792,724.512,1025.12,845.826,0.4036
mixed,8,2,0.25,4.0,2048,0,2048,8192,3584,957.795,1527.68,1203.52,0.4312
mixed,8,2,0.25,4.0,2048,0,4096,16384,7168,1402.95,2493.16,1856.2,0.4157
mixed,8,2,0.25,4.0,2048,512,128,512,224,776.034,804.48,778.689,0.0933
mixed,8,2,0.25,4.0,2048,512,256,1024,448,795.587,846.179,801.155,0.1101
mixed,8,2,0.25,4.0,2048,512,512,2048,896,835.008,934.179,838.019,0.0304
mixed,8,2,0.25,4.0,2048,512,1024,4096,1792,908.803,1194.63,1004.77,0.3357
mixed,8,2,0.25,4.0,2048,512,2048,8192,3584,1129.57,1704.8,1374.85,0.4264
mixed,8,2,0.25,4.0,2048,512,4096,16384,7168,1579.11,2663.75,2055.65,0.4394
mixed,8,2,0.25,4.0,2048,1024,128,512,224,959.426,990.689,962.243,0.0901
mixed,8,2,0.25,4.0,2048,1024,256,1024,448,980.195,1032,984.962,0.092
mixed,8,2,0.25,4.0,2048,1024,512,2048,896,1021.66,1112.36,1021.86,0.0021
mixed,8,2,0.25,4.0,2048,1024,1024,4096,1792,1095.81,1354.95,1164.77,0.2661
mixed,8,2,0.25,4.0,2048,1024,2048,8192,3584,1287.2,1880.65,1537.06,0.421
mixed,8,2,0.25,4.0,2048,1024,4096,16384,7168,1751.91,2845.64,2236.23,0.4428
mixed,8,2,0.25,4.0,2048,2048,128,512,224,1326.79,1353.79,1331.27,0.1659
mixed,8,2,0.25,4.0,2048,2048,256,1024,448,1346.4,1396.16,1355.33,0.1795
mixed,8,2,0.25,4.0,2048,2048,512,2048,896,1384.48,1480,1383.84,-0.0067
mixed,8,2,0.25,4.0,2048,2048,1024,4096,1792,1469.7,1678.85,1471.59,0.009
mixed,8,2,0.25,4.0,2048,2048,2048,8192,3584,1609.12,2211.14,1856.26,0.4105
mixed,8,2,0.25,4.0,2048,2048,4096,16384,7168,2080.74,3231.46,2575.94,0.4303
mixed,8,2,0.25,4.0,2048,4096,128,512,224,2059.53,2088.29,2060.39,0.0299
mixed,8,2,0.25,4.0,2048,4096,256,1024,448,2076.55,2121.16,2082.56,0.1349
mixed,8,2,0.25,4.0,2048,4096,512,2048,896,2106.47,2217.83,2106.63,0.0014
mixed,8,2,0.25,4.0,2048,4096,1024,4096,1792,2197.03,2368.81,2187.08,-0.058
mixed,8,2,0.25,4.0,2048,4096,2048,8192,3584,2329.54,2863.88,2482.43,0.2861
mixed,8,2,0.25,4.0,2048,4096,4096,16384,7168,2721.38,3933.03,3236.01,0.4247
mixed,8,2,0.25,4.0,2048,8192,128,512,224,3522.25,3553.99,3530.05,0.2459
mixed,8,2,0.25,4.0,2048,8192,256,1024,448,3545.96,3586.32,3541.03,-0.122
mixed,8,2,0.25,4.0,2048,8192,512,2048,896,3577.16,3659.47,3580.39,0.0393
mixed,8,2,0.25,4.0,2048,8192,1024,4096,1792,3640.46,3823.88,3620.39,-0.1094
mixed,8,2,0.25,4.0,2048,8192,2048,8192,3584,3784.36,4098.76,3761.64,-0.0723
mixed,8,2,0.25,4.0,2048,8192,4096,16384,7168,4044.81,5195.34,4467.78,0.3676
pure,8,3,0.375,4.0,0,0,128,512,272,62.371,74.624,61.952,-0.0342
pure,8,3,0.375,4.0,0,0,256,1024,544,77.119,108.898,77.088,-0.001
pure,8,3,0.375,4.0,0,0,512,2048,1088,111.904,178.945,111.584,-0.0048
pure,8,3,0.375,4.0,0,0,1024,4096,2176,189.056,321.664,189.12,0.0005
pure,8,3,0.375,4.0,0,0,2048,8192,4352,336.418,585.954,339.649,0.0129
pure,8,3,0.375,4.0,0,0,4096,16384,8704,626.148,1113.09,625.121,-0.0021
mixed,8,3,0.375,4.0,16,0,128,512,272,67.296,99.231,73.887,0.2064
mixed,8,3,0.375,4.0,16,0,256,1024,544,101.089,167.52,114.081,0.1956
mixed,8,3,0.375,4.0,16,0,512,2048,1088,170.209,300.097,195.938,0.1981
mixed,8,3,0.375,4.0,16,0,1024,4096,2176,314.721,568.225,356.001,0.1628
mixed,8,3,0.375,4.0,16,0,2048,8192,4352,599.746,1116.1,676.257,0.1482
mixed,8,3,0.375,4.0,16,0,4096,16384,8704,1182.85,2210.6,1319.01,0.1325
mixed,8,3,0.375,4.0,16,512,128,512,272,84.128,100.639,77.441,-0.405
mixed,8,3,0.375,4.0,16,512,256,1024,544,101.986,167.554,118.56,0.2528
mixed,8,3,0.375,4.0,16,512,512,2048,1088,170.273,300.704,197.281,0.2071
mixed,8,3,0.375,4.0,16,512,1024,4096,2176,316.48,569.057,356.609,0.1589
mixed,8,3,0.375,4.0,16,512,2048,8192,4352,602.336,1115.36,674.018,0.1397
mixed,8,3,0.375,4.0,16,512,4096,16384,8704,1177.86,2204.61,1322.21,0.1406
mixed,8,3,0.375,4.0,16,1024,128,512,272,116.768,132.256,109.632,-0.4607
mixed,8,3,0.375,4.0,16,1024,256,1024,544,133.952,171.042,119.52,-0.3891
mixed,8,3,0.375,4.0,16,1024,512,2048,1088,171.808,301.825,199.775,0.2151
mixed,8,3,0.375,4.0,16,1024,1024,4096,2176,317.282,568.867,360.223,0.1707
mixed,8,3,0.375,4.0,16,1024,2048,8192,4352,599.49,1110.21,676.451,0.1507
mixed,8,3,0.375,4.0,16,1024,4096,16384,8704,1173.67,2209.12,1323.62,0.1448
mixed,8,3,0.375,4.0,16,2048,128,512,272,179.106,196.513,172.194,-0.3971
mixed,8,3,0.375,4.0,16,2048,256,1024,544,196.768,233.441,183.455,-0.363
mixed,8,3,0.375,4.0,16,2048,512,2048,1088,233.247,304.802,201.503,-0.4436
mixed,8,3,0.375,4.0,16,2048,1024,4096,2176,317.986,573.665,361.089,0.1686
mixed,8,3,0.375,4.0,16,2048,2048,8192,4352,601.602,1099.39,678.785,0.1551
mixed,8,3,0.375,4.0,16,2048,4096,16384,8704,1175.14,2209.66,1323.07,0.143
mixed,8,3,0.375,4.0,16,4096,128,512,272,303.426,319.521,296.991,-0.3998
mixed,8,3,0.375,4.0,16,4096,256,1024,544,320.415,356.48,308.992,-0.3167
mixed,8,3,0.375,4.0,16,4096,512,2048,1088,359.235,429.025,325.537,-0.4828
mixed,8,3,0.375,4.0,16,4096,1024,4096,2176,435.519,573.186,363.297,-0.5246
mixed,8,3,0.375,4.0,16,4096,2048,8192,4352,605.44,1096.77,683.682,0.1592
mixed,8,3,0.375,4.0,16,4096,4096,16384,8704,1164.58,2214.82,1327.84,0.1555
mixed,8,3,0.375,4.0,16,8192,128,512,272,551.744,566.561,553.697,0.1318
mixed,8,3,0.375,4.0,16,8192,256,1024,544,568.353,603.073,556.513,-0.341
mixed,8,3,0.375,4.0,16,8192,512,2048,1088,602.754,676.64,570.848,-0.4318
mixed,8,3,0.375,4.0,16,8192,1024,4096,2176,687.105,825.828,607.907,-0.5709
mixed,8,3,0.375,4.0,16,8192,2048,8192,4352,841.635,1131.39,683.617,-0.5453
mixed,8,3,0.375,4.0,16,8192,4096,16384,8704,1166.31,2188.3,1330.4,0.1606
mixed,8,3,0.375,4.0,32,0,128,512,272,67.552,98.624,73.887,0.2039
mixed,8,3,0.375,4.0,32,0,256,1024,544,100.224,167.615,113.761,0.2009
mixed,8,3,0.375,4.0,32,0,512,2048,1088,170.014,300.96,195.967,0.1982
mixed,8,3,0.375,4.0,32,0,1024,4096,2176,315.552,568.802,357.025,0.1638
mixed,8,3,0.375,4.0,32,0,2048,8192,4352,598.945,1118.21,676.224,0.1488
mixed,8,3,0.375,4.0,32,0,4096,16384,8704,1182.66,2207.49,1320.87,0.1349
mixed,8,3,0.375,4.0,32,512,128,512,272,84.543,101.312,76.896,-0.456
mixed,8,3,0.375,4.0,32,512,256,1024,544,102.561,168.256,117.472,0.227
mixed,8,3,0.375,4.0,32,512,512,2048,1088,171.456,301.024,198.176,0.2062
mixed,8,3,0.375,4.0,32,512,1024,4096,2176,316.288,569.857,358.752,0.1675
mixed,8,3,0.375,4.0,32,512,2048,8192,4352,599.682,1116.29,676.511,0.1487
mixed,8,3,0.375,4.0,32,512,4096,16384,8704,1181.92,2207.49,1320.13,0.1348
mixed,8,3,0.375,4.0,32,1024,128,512,272,115.969,133.632,109.281,-0.3786
mixed,8,3,0.375,4.0,32,1024,256,1024,544,134.719,170.56,120.352,-0.4009
mixed,8,3,0.375,4.0,32,1024,512,2048,1088,172.64,302.27,200.064,0.2116
mixed,8,3,0.375,4.0,32,1024,1024,4096,2176,316.831,570.401,358.977,0.1662
mixed,8,3,0.375,4.0,32,1024,2048,8192,4352,600.319,1112.1,679.265,0.1543
mixed,8,3,0.375,4.0,32,1024,4096,16384,8704,1176.99,2203.72,1324.48,0.1437
mixed,8,3,0.375,4.0,32,2048,128,512,272,179.68,196.736,172.032,-0.4484
mixed,8,3,0.375,4.0,32,2048,256,1024,544,197.376,233.056,184.544,-0.3596
mixed,8,3,0.375,4.0,32,2048,512,2048,1088,233.76,305.184,201.921,-0.4458
mixed,8,3,0.375,4.0,32,2048,1024,4096,2176,318.21,571.008,360.993,0.1692
mixed,8,3,0.375,4.0,32,2048,2048,8192,4352,601.954,1104.07,679.427,0.1543
mixed,8,3,0.375,4.0,32,2048,4096,16384,8704,1172.39,2200.74,1321.73,0.1452
mixed,8,3,0.375,4.0,32,4096,128,512,272,303.008,320.673,297.28,-0.3243
mixed,8,3,0.375,4.0,32,4096,256,1024,544,322.113,356.64,308.352,-0.3986
mixed,8,3,0.375,4.0,32,4096,512,2048,1088,358.24,428.385,325.185,-0.4712
mixed,8,3,0.375,4.0,32,4096,1024,4096,2176,435.839,575.36,363.328,-0.5197
mixed,8,3,0.375,4.0,32,4096,2048,8192,4352,605.538,1097.47,686.081,0.1637
mixed,8,3,0.375,4.0,32,4096,4096,16384,8704,1165.86,2215.55,1327.17,0.1537
mixed,8,3,0.375,4.0,32,8192,128,512,272,553.346,566.369,553.665,0.0245
mixed,8,3,0.375,4.0,32,8192,256,1024,544,568.386,602.592,558.655,-0.2845
mixed,8,3,0.375,4.0,32,8192,512,2048,1088,604.255,674.369,571.458,-0.4678
mixed,8,3,0.375,4.0,32,8192,1024,4096,2176,683.072,822.305,610.464,-0.5215
mixed,8,3,0.375,4.0,32,8192,2048,8192,4352,838.978,1130.98,686.465,-0.5223
mixed,8,3,0.375,4.0,32,8192,4096,16384,8704,1172.67,2187.91,1327.56,0.1526
mixed,8,3,0.375,4.0,64,0,128,512,272,67.935,99.104,73.663,0.1838
mixed,8,3,0.375,4.0,64,0,256,1024,544,101.152,167.617,114.816,0.2056
mixed,8,3,0.375,4.0,64,0,512,2048,1088,170.623,299.745,196.577,0.201
mixed,8,3,0.375,4.0,64,0,1024,4096,2176,316.158,569.25,357.731,0.1643
mixed,8,3,0.375,4.0,64,0,2048,8192,4352,598.844,1120.67,675.458,0.1468
mixed,8,3,0.375,4.0,64,0,4096,16384,8704,1185.73,2206.16,1327.01,0.1385
mixed,8,3,0.375,4.0,64,512,128,512,272,86.336,101.665,78.27,-0.5262
mixed,8,3,0.375,4.0,64,512,256,1024,544,102.88,167.871,118.464,0.2398
mixed,8,3,0.375,4.0,64,512,512,2048,1088,170.944,302.336,198.753,0.2116
mixed,8,3,0.375,4.0,64,512,1024,4096,2176,317.856,570.081,357.6,0.1576
mixed,8,3,0.375,4.0,64,512,2048,8192,4352,600.353,1111.59,678.211,0.1523
mixed,8,3,0.375,4.0,64,512,4096,16384,8704,1186.46,2206.95,1320.39,0.1312
mixed,8,3,0.375,4.0,64,1024,128,512,272,118.976,134.271,111.361,-0.4979
mixed,8,3,0.375,4.0,64,1024,256,1024,544,136.096,171.456,119.647,-0.4652
mixed,8,3,0.375,4.0,64,1024,512,2048,1088,172.928,302.593,200.544,0.213
mixed,8,3,0.375,4.0,64,1024,1024,4096,2176,317.697,570.497,360.225,0.1682
mixed,8,3,0.375,4.0,64,1024,2048,8192,4352,599.777,1109.19,677.153,0.1519
mixed,8,3,0.375,4.0,64,1024,4096,16384,8704,1180.45,2205.57,1327.01,0.143
mixed,8,3,0.375,4.0,64,2048,128,512,272,181.153,197.952,172.609,-0.5086
mixed,8,3,0.375,4.0,64,2048,256,1024,544,198.688,234.017,184.385,-0.4049
mixed,8,3,0.375,4.0,64,2048,512,2048,1088,235.296,307.648,202.72,-0.4502
mixed,8,3,0.375,4.0,64,2048,1024,4096,2176,318.752,571.459,360.256,0.1642
mixed,8,3,0.375,4.0,64,2048,2048,8192,4352,602.369,1101.41,682.722,0.161
mixed,8,3,0.375,4.0,64,2048,4096,16384,8704,1175.04,2208.52,1325.95,0.146
mixed,8,3,0.375,4.0,64,4096,128,512,272,304.994,321.25,299.072,-0.3643
mixed,8,3,0.375,4.0,64,4096,256,1024,544,322.945,357.408,308.994,-0.4048
mixed,8,3,0.375,4.0,64,4096,512,2048,1088,359.041,429.984,326.814,-0.4543
mixed,8,3,0.375,4.0,64,4096,1024,4096,2176,437.696,574.912,366.24,-0.5208
mixed,8,3,0.375,4.0,64,4096,2048,8192,4352,605.536,1102.69,683.969,0.1578
mixed,8,3,0.375,4.0,64,4096,4096,16384,8704,1165.99,2216.07,1328.1,0.1544
mixed,8,3,0.375,4.0,64,8192,128,512,272,555.459,566.688,555.585,0.0112
mixed,8,3,0.375,4.0,64,8192,256,1024,544,568.448,604.45,557.472,-0.3049
mixed,8,3,0.375,4.0,64,8192,512,2048,1088,606.432,677.217,572.448,-0.4801
mixed,8,3,0.375,4.0,64,8192,1024,4096,2176,689.057,827.778,610.465,-0.5665
mixed,8,3,0.375,4.0,64,8192,2048,8192,4352,841.729,1133.79,686.688,-0.5308
mixed,8,3,0.375,4.0,64,8192,4096,16384,8704,1177.28,2188.97,1328.9,0.1499
mixed,8,3,0.375,4.0,128,0,128,512,272,69.153,100.705,78.654,0.3011
mixed,8,3,0.375,4.0,128,0,256,1024,544,101.889,167.904,119.039,0.2598
mixed,8,3,0.375,4.0,128,0,512,2048,1088,170.818,301.57,201.056,0.2313
mixed,8,3,0.375,4.0,128,0,1024,4096,2176,317.791,568.256,358.527,0.1626
mixed,8,3,0.375,4.0,128,0,2048,8192,4352,598.752,1119.14,676.321,0.1491
mixed,8,3,0.375,4.0,128,0,4096,16384,8704,1179.14,2206.24,1320.45,0.1376
mixed,8,3,0.375,4.0,128,512,128,512,272,88.928,103.616,99.232,0.7015
mixed,8,3,0.375,4.0,128,512,256,1024,544,105.855,169.728,137.376,0.4935
mixed,8,3,0.375,4.0,128,512,512,2048,1088,171.744,302.336,204.896,0.2539
mixed,8,3,0.375,4.0,128,512,1024,4096,2176,318.753,568.896,362.658,0.1755
mixed,8,3,0.375,4.0,128,512,2048,8192,4352,602.786,1104.32,677.121,0.1482
mixed,8,3,0.375,4.0,128,512,4096,16384,8704,1172.64,2202.5,1326.91,0.1498
mixed,8,3,0.375,4.0,128,1024,128,512,272,121.888,137.953,131.872,0.6215
mixed,8,3,0.375,4.0,128,1024,256,1024,544,139.326,174.145,151.296,0.3438
mixed,8,3,0.375,4.0,128,1024,512,2048,1088,175.457,302.688,237.344,0.4864
mixed,8,3,0.375,4.0,128,1024,1024,4096,2176,318.69,569.121,365.536,0.1871
mixed,8,3,0.375,4.0,128,1024,2048,8192,4352,601.505,1098.88,684.673,0.1672
mixed,8,3,0.375,4.0,128,1024,4096,16384,8704,1173.48,2197.64,1327.01,0.1499
mixed,8,3,0.375,4.0,128,2048,128,512,272,187.105,202.72,196.031,0.5716
mixed,8,3,0.375,4.0,128,2048,256,1024,544,203.265,237.89,215.937,0.366
mixed,8,3,0.375,4.0,128,2048,512,2048,1088,240.192,307.425,249.793,0.1428
mixed,8,3,0.375,4.0,128,2048,1024,4096,2176,318.818,571.488,429.472,0.4379
mixed,8,3,0.375,4.0,128,2048,2048,8192,4352,604.993,1092.74,685.345,0.1647
mixed,8,3,0.375,4.0,128,2048,4096,16384,8704,1163.39,2191.78,1326.69,0.1588
mixed,8,3,0.375,4.0,128,4096,128,512,272,313.569,329.857,322.658,0.558
mixed,8,3,0.375,4.0,128,4096,256,1024,544,330.912,364.16,342.049,0.335
mixed,8,3,0.375,4.0,128,4096,512,2048,1088,366.081,435.041,375.744,0.1401
mixed,8,3,0.375,4.0,128,4096,1024,4096,2176,442.466,574.019,444.479,0.0153
mixed,8,3,0.375,4.0,128,4096,2048,8192,4352,605.185,1095.84,818.786,0.4353
mixed,8,3,0.375,4.0,128,4096,4096,16384,8704,1160.1,2179.14,1332.93,0.1696
mixed,8,3,0.375,4.0,128,8192,128,512,272,565.795,580.351,570.273,0.3076
mixed,8,3,0.375,4.0,128,8192,256,1024,544,583.138,613.761,591.585,0.2758
mixed,8,3,0.375,4.0,128,8192,512,2048,1088,614.656,683.747,624.162,0.1376
mixed,8,3,0.375,4.0,128,8192,1024,4096,2176,693.025,826.594,689.057,-0.0297
mixed,8,3,0.375,4.0,128,8192,2048,8192,4352,841.698,1130.37,821.696,-0.0693
mixed,8,3,0.375,4.0,128,8192,4096,16384,8704,1170.31,2187.17,1583.14,0.406
mixed,8,3,0.375,4.0,256,0,128,512,272,82.4,108.576,98.655,0.621
mixed,8,3,0.375,4.0,256,0,256,1024,544,110.559,174.591,141.505,0.4833
mixed,8,3,0.375,4.0,256,0,512,2048,1088,176.866,305.603,221.922,0.35
mixed,8,3,0.375,4.0,256,0,1024,4096,2176,322.433,572.578,380.128,0.2306
mixed,8,3,0.375,4.0,256,0,2048,8192,4352,603.041,1122.11,690.53,0.1685
mixed,8,3,0.375,4.0,256,0,4096,16384,8704,1182.02,2207.88,1332,0.1462
mixed,8,3,0.375,4.0,256,512,128,512,272,126.753,149.217,120.544,-0.2764
mixed,8,3,0.375,4.0,256,512,256,1024,544,150.24,196.961,167.328,0.3657
mixed,8,3,0.375,4.0,256,512,512,2048,1088,198.529,309.25,252.322,0.4858
mixed,8,3,0.375,4.0,256,512,1024,4096,2176,322.977,574.817,413.89,0.361
mixed,8,3,0.375,4.0,256,512,2048,8192,4352,606.017,1104.68,726.819,0.2423
mixed,8,3,0.375,4.0,256,512,4096,16384,8704,1169.63,2202.98,1355.3,0.1797
mixed,8,3,0.375,4.0,256,1024,128,512,272,167.425,190.656,170.911,0.1501
mixed,8,3,0.375,4.0,256,1024,256,1024,544,191.136,247.457,186.368,-0.0847
mixed,8,3,0.375,4.0,256,1024,512,2048,1088,251.232,326.305,286.079,0.4642
mixed,8,3,0.375,4.0,256,1024,1024,4096,2176,335.136,575.393,442.72,0.4478
mixed,8,3,0.375,4.0,256,1024,2048,8192,4352,607.36,1103.49,760.767,0.3092
mixed,8,3,0.375,4.0,256,1024,4096,16384,8704,1172.67,2196.77,1394.92,0.217
mixed,8,3,0.375,4.0,256,2048,128,512,272,230.785,263.554,235.904,0.1562
mixed,8,3,0.375,4.0,256,2048,256,1024,544,262.977,321.856,275.168,0.2071
mixed,8,3,0.375,4.0,256,2048,512,2048,1088,320.961,439.744,315.298,-0.0477
mixed,8,3,0.375,4.0,256,2048,1024,4096,2176,456.354,580.641,509.058,0.4241
mixed,8,3,0.375,4.0,256,2048,2048,8192,4352,610.914,1104.9,821.503,0.4263
mixed,8,3,0.375,4.0,256,2048,4096,16384,8704,1165.7,2186.47,1464.22,0.2925
mixed,8,3,0.375,4.0,256,4096,128,512,272,360.545,389.185,362.69,0.0749
mixed,8,3,0.375,4.0,256,4096,256,1024,544,391.362,455.552,402.849,0.179
mixed,8,3,0.375,4.0,256,4096,512,2048,1088,457.571,578.657,481.696,0.1992
mixed,8,3,0.375,4.0,256,4096,1024,4096,2176,582.786,819.042,578.368,-0.0187
mixed,8,3,0.375,4.0,256,4096,2048,8192,4352,844.867,1106.4,951.489,0.4077
mixed,8,3,0.375,4.0,256,4096,4096,16384,8704,1170.47,2180.77,1579.43,0.4048
mixed,8,3,0.375,4.0,256,8192,128,512,272,611.232,640.512,615.584,0.1486
mixed,8,3,0.375,4.0,256,8192,256,1024,544,645.985,706.625,655.424,0.1557
mixed,8,3,0.375,4.0,256,8192,512,2048,1088,709.249,835.074,733.953,0.1963
mixed,8,3,0.375,4.0,256,8192,1024,4096,2176,851.777,1095.39,893.474,0.1712
mixed,8,3,0.375,4.0,256,8192,2048,8192,4352,1085.6,1593.41,1097.73,0.0239
mixed,8,3,0.375,4.0,256,8192,4096,16384,8704,1630.59,2169.03,1845.12,0.3984
mixed,8,3,0.375,4.0,512,0,128,512,272,123.519,152.256,130.496,0.2428
mixed,8,3,0.375,4.0,512,0,256,1024,544,153.023,215.105,179.008,0.4186
mixed,8,3,0.375,4.0,512,0,512,2048,1088,216.16,339.776,267.04,0.4116
mixed,8,3,0.375,4.0,512,0,1024,4096,2176,355.648,597.537,429.346,0.3047
mixed,8,3,0.375,4.0,512,0,2048,8192,4352,629.475,1126.66,734.883,0.212
mixed,8,3,0.375,4.0,512,0,4096,16384,8704,1191.33,2215.84,1367.71,0.1722
mixed,8,3,0.375,4.0,512,512,128,512,272,189.376,207.521,189.953,0.0318
mixed,8,3,0.375,4.0,512,512,256,1024,544,208.608,255.039,219.232,0.2288
mixed,8,3,0.375,4.0,512,512,512,2048,1088,256.32,379.616,310.977,0.4433
mixed,8,3,0.375,4.0,512,512,1024,4096,2176,394.721,632.929,487.651,0.3901
mixed,8,3,0.375,4.0,512,512,2048,8192,4352,663.968,1144.83,805.859,0.2951
mixed,8,3,0.375,4.0,512,512,4096,16384,8704,1206.05,2210.18,1421.83,0.2149
mixed,8,3,0.375,4.0,512,1024,128,512,272,252.223,268.45,248.097,-0.2543
mixed,8,3,0.375,4.0,512,1024,256,1024,544,270.816,304.13,278.207,0.2219
mixed,8,3,0.375,4.0,512,1024,512,2048,1088,309.696,424.034,352.225,0.372
mixed,8,3,0.375,4.0,512,1024,1024,4096,2176,437.472,669.505,547.106,0.4725
mixed,8,3,0.375,4.0,512,1024,2048,8192,4352,699.393,1176.32,861.506,0.3399
mixed,8,3,0.375,4.0,512,1024,4096,16384,8704,1239.17,2205.67,1490.72,0.2603
mixed,8,3,0.375,4.0,512,2048,128,512,272,368.257,387.712,368.513,0.0132
mixed,8,3,0.375,4.0,512,2048,256,1024,544,391.553,432.608,388.864,-0.0655
mixed,8,3,0.375,4.0,512,2048,512,2048,1088,437.345,496.704,435.552,-0.0302
mixed,8,3,0.375,4.0,512,2048,1024,4096,2176,505.758,744.001,606.754,0.4239
mixed,8,3,0.375,4.0,512,2048,2048,8192,4352,773.314,1250.4,982.815,0.4391
mixed,8,3,0.375,4.0,512,2048,4096,16384,8704,1314.18,2249.03,1614.5,0.3212
mixed,8,3,0.375,4.0,512,4096,128,512,272,613.121,637.954,612,-0.0451
mixed,8,3,0.375,4.0,512,4096,256,1024,544,641.795,667.712,624.323,-0.6742
mixed,8,3,0.375,4.0,512,4096,512,2048,1088,670.596,753.154,648.131,-0.2721
mixed,8,3,0.375,4.0,512,4096,1024,4096,2176,766.305,876.259,751.682,-0.133
mixed,8,3,0.375,4.0,512,4096,2048,8192,4352,901.152,1388.01,1107.43,0.4237
mixed,8,3,0.375,4.0,512,4096,4096,16384,8704,1445.35,2411.59,1860.29,0.4294
mixed,8,3,0.375,4.0,512,8192,128,512,272,1108,1120.77,1100.48,-0.5892
mixed,8,3,0.375,4.0,512,8192,256,1024,544,1120.67,1154.56,1110.34,-0.305
mixed,8,3,0.375,4.0,512,8192,512,2048,1088,1155.24,1229.25,1129.47,-0.3481
mixed,8,3,0.375,4.0,512,8192,1024,4096,2176,1234.72,1388.68,1183.14,-0.3351
mixed,8,3,0.375,4.0,512,8192,2048,8192,4352,1391.17,1653.96,1385.48,-0.0217
mixed,8,3,0.375,4.0,512,8192,4096,16384,8704,1721.19,2697.03,2128.87,0.4178
mixed,8,3,0.375,4.0,1024,0,128,512,272,244.607,265.025,244.096,-0.025
mixed,8,3,0.375,4.0,1024,0,256,1024,544,266.016,314.815,273.407,0.1515
mixed,8,3,0.375,4.0,1024,0,512,2048,1088,316.226,446.594,369.473,0.4084
mixed,8,3,0.375,4.0,1024,0,1024,4096,2176,461.153,688.737,558.817,0.4291
mixed,8,3,0.375,4.0,1024,0,2048,8192,4352,715.363,1202.91,875.65,0.3288
mixed,8,3,0.375,4.0,1024,0,4096,16384,8704,1267.01,2234.92,1502.08,0.2429
mixed,8,3,0.375,4.0,1024,512,128,512,272,348.641,370.945,350.626,0.089
mixed,8,3,0.375,4.0,1024,512,256,1024,544,372.064,410.463,372.865,0.0209
mixed,8,3,0.375,4.0,1024,512,512,2048,1088,410.146,532.675,450.818,0.3319
mixed,8,3,0.375,4.0,1024,512,1024,4096,2176,547.937,781.57,644.963,0.4153
mixed,8,3,0.375,4.0,1024,512,2048,8192,4352,811.17,1276.54,992.707,0.3901
mixed,8,3,0.375,4.0,1024,512,4096,16384,8704,1337.31,2280.84,1627.9,0.308
mixed,8,3,0.375,4.0,1024,1024,128,512,272,449.86,473.439,448.898,-0.0408
mixed,8,3,0.375,4.0,1024,1024,256,1024,544,473.506,513.055,472.769,-0.0186
mixed,8,3,0.375,4.0,1024,1024,512,2048,1088,517.953,608.416,527.136,0.1015
mixed,8,3,0.375,4.0,1024,1024,1024,4096,2176,627.779,866.402,723.489,0.4011
mixed,8,3,0.375,4.0,1024,1024,2048,8192,4352,902.02,1357.83,1095.75,0.425
mixed,8,3,0.375,4.0,1024,1024,4096,16384,8704,1419.04,2352.65,1744.9,0.349
mixed,8,3,0.375,4.0,1024,2048,128,512,272,635.295,666.403,635.745,0.0145
mixed,8,3,0.375,4.0,1024,2048,256,1024,544,665.952,720.257,672.997,0.1297
mixed,8,3,0.375,4.0,1024,2048,512,2048,1088,721.794,808.514,726.786,0.0576
mixed,8,3,0.375,4.0,1024,2048,1024,4096,2176,828.131,1038.82,877.346,0.2336
mixed,8,3,0.375,4.0,1024,2048,2048,8192,4352,1076.67,1564.19,1250.76,0.3571
mixed,8,3,0.375,4.0,1024,2048,4096,16384,8704,1623.08,2506.4,1978.53,0.4024
mixed,8,3,0.375,4.0,1024,4096,128,512,272,1002.08,1033.57,1005.76,0.1168
mixed,8,3,0.375,4.0,1024,4096,256,1024,544,1035.87,1096.77,1038.5,0.0431
mixed,8,3,0.375,4.0,1024,4096,512,2048,1088,1103.04,1217.6,1111.65,0.0752
mixed,8,3,0.375,4.0,1024,4096,1024,4096,2176,1224.32,1439.59,1223.08,-0.0058
mixed,8,3,0.375,4.0,1024,4096,2048,8192,4352,1467.49,1924.64,1577.03,0.2396
mixed,8,3,0.375,4.0,1024,4096,4096,16384,8704,1998.6,2931.53,2360.2,0.3876
mixed,8,3,0.375,4.0,1024,8192,128,512,272,1738.43,1767.33,1737.86,-0.0199
mixed,8,3,0.375,4.0,1024,8192,256,1024,544,1767.27,1833.45,1768.64,0.0208
mixed,8,3,0.375,4.0,1024,8192,512,2048,1088,1831.17,1960.36,1832.32,0.0089
mixed,8,3,0.375,4.0,1024,8192,1024,4096,2176,1978.47,2202.53,1989.09,0.0474
mixed,8,3,0.375,4.0,1024,8192,2048,8192,4352,2221.48,2684.68,2212.07,-0.0203
mixed,8,3,0.375,4.0,1024,8192,4096,16384,8704,2724.51,3741.64,2948.26,0.22
mixed,8,3,0.375,4.0,2048,0,128,512,272,597.474,619.17,603.553,0.2802
mixed,8,3,0.375,4.0,2048,0,256,1024,544,631.237,661.091,625.312,-0.1985
mixed,8,3,0.375,4.0,2048,0,512,2048,1088,671.523,761.572,682.625,0.1233
mixed,8,3,0.375,4.0,2048,0,1024,4096,2176,779.747,1035.4,878.915,0.3879
mixed,8,3,0.375,4.0,2048,0,2048,8192,4352,1061.83,1526.53,1251.3,0.4077
mixed,8,3,0.375,4.0,2048,0,4096,16384,8704,1582.37,2488.84,1938.47,0.3928
mixed,8,3,0.375,4.0,2048,512,128,512,272,784.321,801.666,781.539,-0.1604
mixed,8,3,0.375,4.0,2048,512,256,1024,544,806.497,851.459,807.139,0.0143
mixed,8,3,0.375,4.0,2048,512,512,2048,1088,852.164,934.691,850.049,-0.0256
mixed,8,3,0.375,4.0,2048,512,1024,4096,2176,937.695,1189.38,1039.01,0.4025
mixed,8,3,0.375,4.0,2048,512,2048,8192,4352,1238.28,1705.15,1427.97,0.4063
mixed,8,3,0.375,4.0,2048,512,4096,16384,8704,1765.7,2667.24,2153.86,0.4306
mixed,8,3,0.375,4.0,2048,1024,128,512,272,968.991,991.074,964.516,-0.2026
mixed,8,3,0.375,4.0,2048,1024,256,1024,544,991.17,1033.67,994.051,0.0678
mixed,8,3,0.375,4.0,2048,1024,512,2048,1088,1035.04,1113.34,1041.41,0.0813
mixed,8,3,0.375,4.0,2048,1024,1024,4096,2176,1122.31,1355.17,1193.76,0.3069
mixed,8,3,0.375,4.0,2048,1024,2048,8192,4352,1388.36,1879.4,1590.5,0.4117
mixed,8,3,0.375,4.0,2048,1024,4096,16384,8704,1943.97,2844.78,2335.53,0.4347
mixed,8,3,0.375,4.0,2048,2048,128,512,272,1338.56,1353.35,1335.87,-0.1819
mixed,8,3,0.375,4.0,2048,2048,256,1024,544,1353.44,1398.53,1360.71,0.1611
mixed,8,3,0.375,4.0,2048,2048,512,2048,1088,1401.25,1480.39,1400.71,-0.0069
mixed,8,3,0.375,4.0,2048,2048,1024,4096,2176,1492.64,1676.52,1510.98,0.0997
mixed,8,3,0.375,4.0,2048,2048,2048,8192,4352,1714.98,2212.77,1918.91,0.4097
mixed,8,3,0.375,4.0,2048,2048,4096,16384,8704,2279.14,3231.91,2679.75,0.4205
mixed,8,3,0.375,4.0,2048,4096,128,512,272,2066.34,2086.34,2066.59,0.0127
mixed,8,3,0.375,4.0,2048,4096,256,1024,544,2079.49,2121.22,2087.91,0.2016
mixed,8,3,0.375,4.0,2048,4096,512,2048,1088,2121.64,2213.83,2124.07,0.0263
mixed,8,3,0.375,4.0,2048,4096,1024,4096,2176,2221.8,2364.74,2218.6,-0.0224
mixed,8,3,0.375,4.0,2048,4096,2048,8192,4352,2383.04,2861.32,2541.51,0.3313
mixed,8,3,0.375,4.0,2048,4096,4096,16384,8704,2932.91,3932.01,3334.47,0.4019
mixed,8,3,0.375,4.0,2048,8192,128,512,272,3535.59,3550,3538.25,0.1845
mixed,8,3,0.375,4.0,2048,8192,256,1024,544,3557.23,3582.89,3553,-0.1647
mixed,8,3,0.375,4.0,2048,8192,512,2048,1088,3584.23,3660.58,3592.97,0.1144
mixed,8,3,0.375,4.0,2048,8192,1024,4096,2176,3675.05,3817.8,3648.94,-0.1829
mixed,8,3,0.375,4.0,2048,8192,2048,8192,4352,3850.25,4094.41,3892.29,0.1722
mixed,8,3,0.375,4.0,2048,8192,4096,16384,8704,4132.94,5190.1,4575.24,0.4184
pure,8,4,0.5,4.0,0,0,128,512,320,64.609,74.944,64.065,-0.0526
pure,8,4,0.5,4.0,0,0,256,1024,640,89.728,108.899,85.023,-0.2454
pure,8,4,0.5,4.0,0,0,512,2048,1280,126.27,179.521,124.289,-0.0372
pure,8,4,0.5,4.0,0,0,1024,4096,2560,215.296,321.631,214.721,-0.0054
pure,8,4,0.5,4.0,0,0,2048,8192,5120,389.121,588.834,393.792,0.0234
pure,8,4,0.5,4.0,0,0,4096,16384,10240,721.951,1116.13,735.487,0.0343
mixed,8,4,0.5,4.0,16,0,128,512,320,68.48,98.592,75.2,0.2232
mixed,8,4,0.5,4.0,16,0,256,1024,640,114.944,167.618,116.257,0.0249
mixed,8,4,0.5,4.0,16,0,512,2048,1280,200.032,300.61,198.687,-0.0134
mixed,8,4,0.5,4.0,16,0,1024,4096,2560,368.064,568.032,360.353,-0.0386
mixed,8,4,0.5,4.0,16,0,2048,8192,5120,698.85,1117.6,677.696,-0.0505
mixed,8,4,0.5,4.0,16,0,4096,16384,10240,1387.94,2205.32,1328.45,-0.0728
mixed,8,4,0.5,4.0,16,512,128,512,320,84.384,100.512,95.871,0.7122
mixed,8,4,0.5,4.0,16,512,256,1024,640,115.264,168.257,132.095,0.3176
mixed,8,4,0.5,4.0,16,512,512,2048,1280,200.16,300.992,200.096,-0.0006
mixed,8,4,0.5,4.0,16,512,1024,4096,2560,371.808,568.032,360.287,-0.0587
mixed,8,4,0.5,4.0,16,512,2048,8192,5120,700.641,1114.4,683.809,-0.0407
mixed,8,4,0.5,4.0,16,512,4096,16384,10240,1387.62,2205.51,1328.96,-0.0717
mixed,8,4,0.5,4.0,16,1024,128,512,320,117.76,132.77,127.263,0.6331
mixed,8,4,0.5,4.0,16,1024,256,1024,640,141.025,170.561,147.041,0.2037
mixed,8,4,0.5,4.0,16,1024,512,2048,1280,200.83,302.561,232.802,0.3143
mixed,8,4,0.5,4.0,16,1024,1024,4096,2560,369.504,569.952,363.424,-0.0303
mixed,8,4,0.5,4.0,16,1024,2048,8192,5120,702.24,1107.2,683.97,-0.0451
mixed,8,4,0.5,4.0,16,1024,4096,16384,10240,1384.58,2206.79,1326.6,-0.0705
mixed,8,4,0.5,4.0,16,2048,128,512,320,180.256,195.682,190.209,0.6452
mixed,8,4,0.5,4.0,16,2048,256,1024,640,203.617,232.768,208.033,0.1515
mixed,8,4,0.5,4.0,16,2048,512,2048,1280,248.287,304.129,242.817,-0.098
mixed,8,4,0.5,4.0,16,2048,1024,4096,2560,370.72,571.137,427.455,0.2831
mixed,8,4,0.5,4.0,16,2048,2048,8192,5120,702.339,1097.99,688.067,-0.0361
mixed,8,4,0.5,4.0,16,2048,4096,16384,10240,1380.64,2208.01,1331.78,-0.0591
mixed,8,4,0.5,4.0,16,4096,128,512,320,303.681,318.977,313.12,0.6171
mixed,8,4,0.5,4.0,16,4096,256,1024,640,327.935,356.673,333.091,0.1794
mixed,8,4,0.5,4.0,16,4096,512,2048,1280,372.865,428.352,365.504,-0.1327
mixed,8,4,0.5,4.0,16,4096,1024,4096,2560,462.944,573.088,435.392,-0.2501
mixed,8,4,0.5,4.0,16,4096,2048,8192,5120,706.049,1100.1,811.138,0.2667
mixed,8,4,0.5,4.0,16,4096,4096,16384,10240,1363.68,2213.8,1331.62,-0.0377
mixed,8,4,0.5,4.0,16,8192,128,512,320,552.833,564.962,559.394,0.5409
mixed,8,4,0.5,4.0,16,8192,256,1024,640,574.816,604.578,582.018,0.242
mixed,8,4,0.5,4.0,16,8192,512,2048,1280,618.948,672.513,611.81,-0.1333
mixed,8,4,0.5,4.0,16,8192,1024,4096,2560,712.578,820.003,678.37,-0.3184
mixed,8,4,0.5,4.0,16,8192,2048,8192,5120,898.498,1133.15,815.682,-0.3529
mixed,8,4,0.5,4.0,16,8192,4096,16384,10240,1365.22,2190.47,1581.38,0.2619
mixed,8,4,0.5,4.0,32,0,128,512,320,68.48,98.625,75.039,0.2176
mixed,8,4,0.5,4.0,32,0,256,1024,640,115.039,167.584,115.232,0.0037
mixed,8,4,0.5,4.0,32,0,512,2048,1280,200.257,300.448,199.744,-0.0051
mixed,8,4,0.5,4.0,32,0,1024,4096,2560,366.242,571.33,361.569,-0.0228
mixed,8,4,0.5,4.0,32,0,2048,8192,5120,699.362,1120.99,678.338,-0.0499
mixed,8,4,0.5,4.0,32,0,4096,16384,10240,1394.43,2208.2,1332.22,-0.0764
mixed,8,4,0.5,4.0,32,512,128,512,320,85.825,101.441,95.712,0.6331
mixed,8,4,0.5,4.0,32,512,256,1024,640,115.84,167.52,132.097,0.3146
mixed,8,4,0.5,4.0,32,512,512,2048,1280,199.999,301.378,201.504,0.0148
mixed,8,4,0.5,4.0,32,512,1024,4096,2560,370.913,570.977,361.217,-0.0485
mixed,8,4,0.5,4.0,32,512,2048,8192,5120,699.2,1116.87,683.17,-0.0384
mixed,8,4,0.5,4.0,32,512,4096,16384,10240,1387.01,2204.87,1328.04,-0.0721
mixed,8,4,0.5,4.0,32,1024,128,512,320,118.115,133.376,127.841,0.6373
mixed,8,4,0.5,4.0,32,1024,256,1024,640,142.272,170.017,148.832,0.2364
mixed,8,4,0.5,4.0,32,1024,512,2048,1280,201.088,302.497,233.472,0.3193
mixed,8,4,0.5,4.0,32,1024,1024,4096,2560,369.729,570.882,363.136,-0.0328
mixed,8,4,0.5,4.0,32,1024,2048,8192,5120,701.986,1107.3,682.241,-0.0487
mixed,8,4,0.5,4.0,32,1024,4096,16384,10240,1387.55,2204.45,1323.94,-0.0779
mixed,8,4,0.5,4.0,32,2048,128,512,320,180.639,196.288,190.753,0.6463
mixed,8,4,0.5,4.0,32,2048,256,1024,640,205.439,233.406,209.985,0.1625
mixed,8,4,0.5,4.0,32,2048,512,2048,1280,249.185,304.864,243.328,-0.1052
mixed,8,4,0.5,4.0,32,2048,1024,4096,2560,369.507,570.978,429.569,0.2981
mixed,8,4,0.5,4.0,32,2048,2048,8192,5120,701.922,1100.87,688.066,-0.0347
mixed,8,4,0.5,4.0,32,2048,4096,16384,10240,1383.46,2204.78,1333.99,-0.0602
mixed,8,4,0.5,4.0,32,4096,128,512,320,306.24,319.808,314.112,0.5802
mixed,8,4,0.5,4.0,32,4096,256,1024,640,328.384,359.073,332.609,0.1377
mixed,8,4,0.5,4.0,32,4096,512,2048,1280,373.185,429.216,365.953,-0.1291
mixed,8,4,0.5,4.0,32,4096,1024,4096,2560,463.171,575.36,434.112,-0.259
mixed,8,4,0.5,4.0,32,4096,2048,8192,5120,705.347,1098.18,809.408,0.2649
mixed,8,4,0.5,4.0,32,4096,4096,16384,10240,1367.11,2208.26,1335.81,-0.0372
mixed,8,4,0.5,4.0,32,8192,128,512,320,554.977,566.945,558.785,0.3182
mixed,8,4,0.5,4.0,32,8192,256,1024,640,576.227,604.193,579.712,0.1246
mixed,8,4,0.5,4.0,32,8192,512,2048,1280,620.705,676.066,611.167,-0.1723
mixed,8,4,0.5,4.0,32,8192,1024,4096,2560,713.506,822.242,676.034,-0.3446
mixed,8,4,0.5,4.0,32,8192,2048,8192,5120,899.52,1133.41,814.689,-0.3627
mixed,8,4,0.5,4.0,32,8192,4096,16384,10240,1365.25,2192.07,1578.02,0.2573
mixed,8,4,0.5,4.0,64,0,128,512,320,69.536,98.976,75.489,0.2022
mixed,8,4,0.5,4.0,64,0,256,1024,640,115.233,167.711,115.744,0.0097
mixed,8,4,0.5,4.0,64,0,512,2048,1280,200.961,301.889,199.33,-0.0162
mixed,8,4,0.5,4.0,64,0,1024,4096,2560,367.648,567.235,360.675,-0.0349
mixed,8,4,0.5,4.0,64,0,2048,8192,5120,701.155,1122.28,678.209,-0.0545
mixed,8,4,0.5,4.0,64,0,4096,16384,10240,1393.28,2208.3,1328.51,-0.0795
mixed,8,4,0.5,4.0,64,512,128,512,320,86.752,101.503,96.928,0.6899
mixed,8,4,0.5,4.0,64,512,256,1024,640,115.966,168.192,133.314,0.3322
mixed,8,4,0.5,4.0,64,512,512,2048,1280,200.896,301.153,201.313,0.0042
mixed,8,4,0.5,4.0,64,512,1024,4096,2560,370.946,570.499,361.76,-0.046
mixed,8,4,0.5,4.0,64,512,2048,8192,5120,699.681,1114.59,683.81,-0.0383
mixed,8,4,0.5,4.0,64,512,4096,16384,10240,1390.63,2207.21,1330.53,-0.0736
mixed,8,4,0.5,4.0,64,1024,128,512,320,120.512,134.977,129.537,0.6239
mixed,8,4,0.5,4.0,64,1024,256,1024,640,143.552,170.528,148.384,0.1791
mixed,8,4,0.5,4.0,64,1024,512,2048,1280,201.312,302.016,234.753,0.3321
mixed,8,4,0.5,4.0,64,1024,1024,4096,2560,368.896,568.959,363.361,-0.0277
mixed,8,4,0.5,4.0,64,1024,2048,8192,5120,701.951,1109.35,687.298,-0.036
mixed,8,4,0.5,4.0,64,1024,4096,16384,10240,1389.73,2203.91,1334.21,-0.0682
mixed,8,4,0.5,4.0,64,2048,128,512,320,181.664,197.728,190.593,0.5558
mixed,8,4,0.5,4.0,64,2048,256,1024,640,205.473,234.593,210.72,0.1802
mixed,8,4,0.5,4.0,64,2048,512,2048,1280,250.146,306.462,243.68,-0.1148
mixed,8,4,0.5,4.0,64,2048,1024,4096,2560,370.37,572.098,429.278,0.292
mixed,8,4,0.5,4.0,64,2048,2048,8192,5120,702.528,1099.43,686.818,-0.0396
mixed,8,4,0.5,4.0,64,2048,4096,16384,10240,1386.27,2205.92,1328.48,-0.0705
mixed,8,4,0.5,4.0,64,4096,128,512,320,306.848,321.698,314.497,0.5151
mixed,8,4,0.5,4.0,64,4096,256,1024,640,330.849,359.295,333.73,0.1013
mixed,8,4,0.5,4.0,64,4096,512,2048,1280,374.527,430.081,367.457,-0.1273
mixed,8,4,0.5,4.0,64,4096,1024,4096,2560,466.818,578.051,433.185,-0.3024
mixed,8,4,0.5,4.0,64,4096,2048,8192,5120,705.508,1094.98,811.459,0.272
mixed,8,4,0.5,4.0,64,4096,4096,16384,10240,1371.85,2212.07,1339.3,-0.0387
mixed,8,4,0.5,4.0,64,8192,128,512,320,554.591,567.424,560.704,0.4764
mixed,8,4,0.5,4.0,64,8192,256,1024,640,576.161,605.12,580.001,0.1326
mixed,8,4,0.5,4.0,64,8192,512,2048,1280,620.641,675.331,612.483,-0.1492
mixed,8,4,0.5,4.0,64,8192,1024,4096,2560,716.32,823.14,681.091,-0.3298
mixed,8,4,0.5,4.0,64,8192,2048,8192,5120,902.624,1136.54,816.067,-0.37
mixed,8,4,0.5,4.0,64,8192,4096,16384,10240,1366.24,2191.46,1583.2,0.2629
mixed,8,4,0.5,4.0,128,0,128,512,320,70.72,100.673,90.656,0.6656
mixed,8,4,0.5,4.0,128,0,256,1024,640,117.504,168.673,132.032,0.2839
mixed,8,4,0.5,4.0,128,0,512,2048,1280,201.312,300.576,214.274,0.1306
mixed,8,4,0.5,4.0,128,0,1024,4096,2560,368.834,568.064,371.969,0.0157
mixed,8,4,0.5,4.0,128,0,2048,8192,5120,699.715,1120.07,684.834,-0.0354
mixed,8,4,0.5,4.0,128,0,4096,16384,10240,1385.38,2202.89,1330.31,-0.0674
mixed,8,4,0.5,4.0,128,512,128,512,320,89.663,103.903,100.735,0.7775
mixed,8,4,0.5,4.0,128,512,256,1024,640,117.985,169.761,148.864,0.5964
mixed,8,4,0.5,4.0,128,512,512,2048,1280,201.921,303.265,243.872,0.4139
mixed,8,4,0.5,4.0,128,512,1024,4096,2560,371.839,571.809,405.184,0.1668
mixed,8,4,0.5,4.0,128,512,2048,8192,5120,700.352,1103.39,718.048,0.0439
mixed,8,4,0.5,4.0,128,512,4096,16384,10240,1381.09,2198.99,1345.32,-0.0437
mixed,8,4,0.5,4.0,128,1024,128,512,320,122.178,138.304,134.431,0.7598
mixed,8,4,0.5,4.0,128,1024,256,1024,640,147.072,173.921,168.224,0.7878
mixed,8,4,0.5,4.0,128,1024,512,2048,1280,204.609,304.032,245.025,0.4065
mixed,8,4,0.5,4.0,128,1024,1024,4096,2560,370.561,569.25,435.904,0.3289
mixed,8,4,0.5,4.0,128,1024,2048,8192,5120,701.826,1101.83,757.986,0.1404
mixed,8,4,0.5,4.0,128,1024,4096,16384,10240,1377.03,2196.61,1387.49,0.0128
mixed,8,4,0.5,4.0,128,2048,128,512,320,187.65,202.689,197.408,0.6488
mixed,8,4,0.5,4.0,128,2048,256,1024,640,211.073,237.887,230.624,0.7291
mixed,8,4,0.5,4.0,128,2048,512,2048,1280,255.042,307.618,298.337,0.8235
mixed,8,4,0.5,4.0,128,2048,1024,4096,2560,371.329,571.936,438.72,0.3359
mixed,8,4,0.5,4.0,128,2048,2048,8192,5120,700.961,1093.6,815.873,0.2927
mixed,8,4,0.5,4.0,128,2048,4096,16384,10240,1363.43,2196.17,1452.07,0.1064
mixed,8,4,0.5,4.0,128,4096,128,512,320,315.873,327.68,323.616,0.6558
mixed,8,4,0.5,4.0,128,4096,256,1024,640,335.616,362.272,356.897,0.7984
mixed,8,4,0.5,4.0,128,4096,512,2048,1280,380.416,434.816,424.095,0.8029
mixed,8,4,0.5,4.0,128,4096,1024,4096,2560,469.058,574.913,562.592,0.8836
mixed,8,4,0.5,4.0,128,4096,2048,8192,5120,702.914,1093.06,825.443,0.3141
mixed,8,4,0.5,4.0,128,4096,4096,16384,10240,1372.16,2185.06,1576.1,0.2509
mixed,8,4,0.5,4.0,128,8192,128,512,320,566.593,578.688,578.369,0.9736
mixed,8,4,0.5,4.0,128,8192,256,1024,640,594.113,613.155,602.498,0.4403
mixed,8,4,0.5,4.0,128,8192,512,2048,1280,630.945,684.162,670.593,0.745
mixed,8,4,0.5,4.0,128,8192,1024,4096,2560,718.496,826.145,811.328,0.8624
mixed,8,4,0.5,4.0,128,8192,2048,8192,5120,897.729,1127.05,1078.92,0.7901
mixed,8,4,0.5,4.0,128,8192,4096,16384,10240,1368.26,2192.84,1598.4,0.2791
mixed,8,4,0.5,4.0,256,0,128,512,320,82.846,109.6,100.863,0.6734
mixed,8,4,0.5,4.0,256,0,256,1024,640,124.705,175.457,148.896,0.4767
mixed,8,4,0.5,4.0,256,0,512,2048,1280,208.001,304.512,231.999,0.2487
mixed,8,4,0.5,4.0,256,0,1024,4096,2560,374.465,575.01,388.703,0.071
mixed,8,4,0.5,4.0,256,0,2048,8192,5120,709.091,1119.3,706.658,-0.0059
mixed,8,4,0.5,4.0,256,0,4096,16384,10240,1387.88,2213.03,1347.75,-0.0486
mixed,8,4,0.5,4.0,256,512,128,512,320,126.016,147.903,122.015,-0.1828
mixed,8,4,0.5,4.0,256,512,256,1024,640,168.447,195.807,170.337,0.0691
mixed,8,4,0.5,4.0,256,512,512,2048,1280,214.687,308.769,262.082,0.5038
mixed,8,4,0.5,4.0,256,512,1024,4096,2560,375.424,574.659,433.568,0.2918
mixed,8,4,0.5,4.0,256,512,2048,8192,5120,709.028,1105.32,738.818,0.0752
mixed,8,4,0.5,4.0,256,512,4096,16384,10240,1376.71,2203.18,1386.92,0.0124
mixed,8,4,0.5,4.0,256,1024,128,512,320,168.128,191.969,177.536,0.3946
mixed,8,4,0.5,4.0,256,1024,256,1024,640,195.008,246.785,189.151,-0.1131
mixed,8,4,0.5,4.0,256,1024,512,2048,1280,275.329,326.657,297.6,0.4339
mixed,8,4,0.5,4.0,256,1024,1024,4096,2560,375.775,576.13,453.089,0.3859
mixed,8,4,0.5,4.0,256,1024,2048,8192,5120,706.977,1101.7,779.586,0.184
mixed,8,4,0.5,4.0,256,1024,4096,16384,10240,1368.42,2195.24,1410.66,0.0511
mixed,8,4,0.5,4.0,256,2048,128,512,320,232.511,262.752,240.48,0.2635
mixed,8,4,0.5,4.0,256,2048,256,1024,640,278.595,320.384,282.241,0.0872
mixed,8,4,0.5,4.0,256,2048,512,2048,1280,321.633,440.896,318.53,-0.026
mixed,8,4,0.5,4.0,256,2048,1024,4096,2560,480.288,580.545,525.953,0.4555
mixed,8,4,0.5,4.0,256,2048,2048,8192,5120,709.856,1104.93,833.218,0.3123
mixed,8,4,0.5,4.0,256,2048,4096,16384,10240,1365.8,2187.36,1477.38,0.1358
mixed,8,4,0.5,4.0,256,4096,128,512,320,359.939,388.897,372.128,0.4209
mixed,8,4,0.5,4.0,256,4096,256,1024,640,407.041,455.074,410.849,0.0793
mixed,8,4,0.5,4.0,256,4096,512,2048,1280,489.153,580.995,491.04,0.0205
mixed,8,4,0.5,4.0,256,4096,1024,4096,2560,572.739,820.994,580.64,0.0318
mixed,8,4,0.5,4.0,256,4096,2048,8192,5120,890.338,1106.98,970.05,0.3679
mixed,8,4,0.5,4.0,256,4096,4096,16384,10240,1364.48,2181.12,1594.76,0.282
mixed,8,4,0.5,4.0,256,8192,128,512,320,611.425,643.585,621.217,0.3045
mixed,8,4,0.5,4.0,256,8192,256,1024,640,658.304,707.776,660.354,0.0414
mixed,8,4,0.5,4.0,256,8192,512,2048,1280,739.937,834.656,741.089,0.0122
mixed,8,4,0.5,4.0,256,8192,1024,4096,2560,898.914,1095.3,904.228,0.0271
mixed,8,4,0.5,4.0,256,8192,2048,8192,5120,1080.61,1601,1098.5,0.0344
mixed,8,4,0.5,4.0,256,8192,4096,16384,10240,1734.15,2173.22,1870.95,0.3116
mixed,8,4,0.5,4.0,512,0,128,512,320,124.032,152.129,134.144,0.3599
mixed,8,4,0.5,4.0,512,0,256,1024,640,167.328,214.56,185.186,0.3781
mixed,8,4,0.5,4.0,512,0,512,2048,1280,246.464,339.777,285.346,0.4167
mixed,8,4,0.5,4.0,512,0,1024,4096,2560,404.353,596.803,447.427,0.2238
mixed,8,4,0.5,4.0,512,0,2048,8192,5120,727.331,1123.81,762.211,0.088
mixed,8,4,0.5,4.0,512,0,4096,16384,10240,1395.91,2219.37,1400.55,0.0056
mixed,8,4,0.5,4.0,512,512,128,512,320,191.008,206.145,195.616,0.3044
mixed,8,4,0.5,4.0,512,512,256,1024,640,215.234,255.424,229.663,0.359
mixed,8,4,0.5,4.0,512,512,512,2048,1280,289.313,379.104,325.313,0.4009
mixed,8,4,0.5,4.0,512,512,1024,4096,2560,440.642,633.154,517.025,0.3968
mixed,8,4,0.5,4.0,512,512,2048,8192,5120,760.481,1144.07,838.689,0.2039
mixed,8,4,0.5,4.0,512,512,4096,16384,10240,1396.96,2210.86,1481.12,0.1034
mixed,8,4,0.5,4.0,512,1024,128,512,320,250.272,271.936,254.977,0.2172
mixed,8,4,0.5,4.0,512,1024,256,1024,640,282.753,304.257,287.234,0.2084
mixed,8,4,0.5,4.0,512,1024,512,2048,1280,321.983,423.905,363.617,0.4085
mixed,8,4,0.5,4.0,512,1024,1024,4096,2560,481.057,668.48,569.825,0.4736
mixed,8,4,0.5,4.0,512,1024,2048,8192,5120,794.339,1177.51,916.418,0.3186
mixed,8,4,0.5,4.0,512,1024,4096,16384,10240,1429.57,2203.08,1576.33,0.1897
mixed,8,4,0.5,4.0,512,2048,128,512,320,370.178,388.929,372.769,0.1382
mixed,8,4,0.5,4.0,512,2048,256,1024,640,398.017,432.321,401.76,0.1091
mixed,8,4,0.5,4.0,512,2048,512,2048,1280,450.433,501.666,476.672,0.5122
mixed,8,4,0.5,4.0,512,2048,1024,4096,2560,548.16,744.257,644.325,0.4904
mixed,8,4,0.5,4.0,512,2048,2048,8192,5120,863.459,1252.8,1014.79,0.3887
mixed,8,4,0.5,4.0,512,2048,4096,16384,10240,1504.58,2252.77,1721.38,0.2898
mixed,8,4,0.5,4.0,512,4096,128,512,320,614.241,633.731,615.008,0.0394
mixed,8,4,0.5,4.0,512,4096,256,1024,640,643.746,667.392,630.274,-0.5697
mixed,8,4,0.5,4.0,512,4096,512,2048,1280,695.075,748.482,687.905,-0.1343
mixed,8,4,0.5,4.0,512,4096,1024,4096,2560,778.24,874.273,850.146,0.7488
mixed,8,4,0.5,4.0,512,4096,2048,8192,5120,1008.58,1388.93,1213.51,0.5388
mixed,8,4,0.5,4.0,512,4096,4096,16384,10240,1644.8,2413.54,1887.14,0.3152
mixed,8,4,0.5,4.0,512,8192,128,512,320,1108.93,1123.3,1103.97,-0.3454
mixed,8,4,0.5,4.0,512,8192,256,1024,640,1129.41,1155.36,1112.29,-0.6598
mixed,8,4,0.5,4.0,512,8192,512,2048,1280,1173.57,1222.95,1142.02,-0.639
mixed,8,4,0.5,4.0,512,8192,1024,4096,2560,1263.62,1391.65,1240.42,-0.1812
mixed,8,4,0.5,4.0,512,8192,2048,8192,5120,1434.76,1657.79,1593.03,0.7096
mixed,8,4,0.5,4.0,512,8192,4096,16384,10240,1918.37,2704.52,2338.47,0.5344
mixed,8,4,0.5,4.0,1024,0,128,512,320,245.601,263.839,249.024,0.1877
mixed,8,4,0.5,4.0,1024,0,256,1024,640,275.007,314.622,280.672,0.143
mixed,8,4,0.5,4.0,1024,0,512,2048,1280,348.191,447.681,385.729,0.3773
mixed,8,4,0.5,4.0,1024,0,1024,4096,2560,505.728,686.656,581.538,0.419
mixed,8,4,0.5,4.0,1024,0,2048,8192,5120,811.361,1201.8,924.194,0.289
mixed,8,4,0.5,4.0,1024,0,4096,16384,10240,1458.28,2251.49,1566.4,0.1363
mixed,8,4,0.5,4.0,1024,512,128,512,320,349.249,370.241,354.241,0.2378
mixed,8,4,0.5,4.0,1024,512,256,1024,640,383.042,409.056,380.129,-0.112
mixed,8,4,0.5,4.0,1024,512,512,2048,1280,428.417,532.128,465.984,0.3622
mixed,8,4,0.5,4.0,1024,512,1024,4096,2560,594.785,781.057,668.161,0.3939
mixed,8,4,0.5,4.0,1024,512,2048,8192,5120,898.37,1277.73,1067.27,0.4452
mixed,8,4,0.5,4.0,1024,512,4096,16384,10240,1523.43,2281.41,1711.71,0.2484
mixed,8,4,0.5,4.0,1024,1024,128,512,320,449.344,473.087,453.473,0.1739
mixed,8,4,0.5,4.0,1024,1024,256,1024,640,484.576,513.024,484.96,0.0135
mixed,8,4,0.5,4.0,1024,1024,512,2048,1280,531.427,608.001,544.257,0.1676
mixed,8,4,0.5,4.0,1024,1024,1024,4096,2560,678.818,867.651,753.088,0.3933
mixed,8,4,0.5,4.0,1024,1024,2048,8192,5120,1001.35,1358.08,1152.29,0.4231
mixed,8,4,0.5,4.0,1024,1024,4096,16384,10240,1601.6,2352.1,1846.47,0.3263
mixed,8,4,0.5,4.0,1024,2048,128,512,320,636.289,665.571,642.271,0.2043
mixed,8,4,0.5,4.0,1024,2048,256,1024,640,681.251,720.576,680.867,-0.0098
mixed,8,4,0.5,4.0,1024,2048,512,2048,1280,741.154,805.634,738.272,-0.0447
mixed,8,4,0.5,4.0,1024,2048,1024,4096,2560,860.13,1037.19,907.908,0.2698
mixed,8,4,0.5,4.0,1024,2048,2048,8192,5120,1189.28,1563.46,1314.6,0.3349
mixed,8,4,0.5,4.0,1024,2048,4096,16384,10240,1796.14,2508.29,2120.03,0.4548
mixed,8,4,0.5,4.0,1024,4096,128,512,320,1007.91,1030.15,1009.79,0.0848
mixed,8,4,0.5,4.0,1024,4096,256,1024,640,1050.88,1095.3,1046.82,-0.0915
mixed,8,4,0.5,4.0,1024,4096,512,2048,1280,1131.52,1213.63,1128.29,-0.0393
mixed,8,4,0.5,4.0,1024,4096,1024,4096,2560,1243.81,1434.44,1237.73,-0.0319
mixed,8,4,0.5,4.0,1024,4096,2048,8192,5120,1531.68,1922.05,1648.77,0.2999
mixed,8,4,0.5,4.0,1024,4096,4096,16384,10240,2173.9,2932.97,2450.06,0.3638
mixed,8,4,0.5,4.0,1024,8192,128,512,320,1731.85,1765.03,1742.76,0.3288
mixed,8,4,0.5,4.0,1024,8192,256,1024,640,1782.31,1830.21,1778.98,-0.0695
mixed,8,4,0.5,4.0,1024,8192,512,2048,1280,1864.35,1958.72,1856.22,-0.0861
mixed,8,4,0.5,4.0,1024,8192,1024,4096,2560,2028.64,2200.39,2023.53,-0.0298
mixed,8,4,0.5,4.0,1024,8192,2048,8192,5120,2234.66,2689.06,2234.6,-0.0001
mixed,8,4,0.5,4.0,1024,8192,4096,16384,10240,2837.06,3744.84,3149.89,0.3446
mixed,8,4,0.5,4.0,2048,0,128,512,320,601.793,620.737,602.4,0.032
mixed,8,4,0.5,4.0,2048,0,256,1024,640,630.242,661.474,629.091,-0.0369
mixed,8,4,0.5,4.0,2048,0,512,2048,1280,684.162,759.618,692.866,0.1154
mixed,8,4,0.5,4.0,2048,0,1024,4096,2560,825.697,1025.19,904.386,0.3945
mixed,8,4,0.5,4.0,2048,0,2048,8192,5120,1147.36,1525.03,1303.59,0.4137
mixed,8,4,0.5,4.0,2048,0,4096,16384,10240,1761.38,2494.25,2076.36,0.4298
mixed,8,4,0.5,4.0,2048,512,128,512,320,785.633,805.503,788.225,0.1304
mixed,8,4,0.5,4.0,2048,512,256,1024,640,814.562,843.424,814.048,-0.0178
mixed,8,4,0.5,4.0,2048,512,512,2048,1280,867.296,924.323,867.554,0.0045
mixed,8,4,0.5,4.0,2048,512,1024,4096,2560,989.346,1192.16,1075.36,0.4241
mixed,8,4,0.5,4.0,2048,512,2048,8192,5120,1324.23,1705.73,1483.85,0.4184
mixed,8,4,0.5,4.0,2048,512,4096,16384,10240,1952.32,2663.34,2266.37,0.4417
mixed,8,4,0.5,4.0,2048,1024,128,512,320,968.512,992.737,968.868,0.0147
mixed,8,4,0.5,4.0,2048,1024,256,1024,640,995.971,1028.29,999.203,0.1
mixed,8,4,0.5,4.0,2048,1024,512,2048,1280,1051.91,1110.91,1052,0.0016
mixed,8,4,0.5,4.0,2048,1024,1024,4096,2560,1149.35,1357.67,1226.12,0.3685
mixed,8,4,0.5,4.0,2048,1024,2048,8192,5120,1484.96,1877.32,1644.51,0.4067
mixed,8,4,0.5,4.0,2048,1024,4096,16384,10240,2136.23,2840.55,2437.64,0.4279
mixed,8,4,0.5,4.0,2048,2048,128,512,320,1332.48,1352.67,1339.07,0.3263
mixed,8,4,0.5,4.0,2048,2048,256,1024,640,1371.08,1403.14,1370.63,-0.014
mixed,8,4,0.5,4.0,2048,2048,512,2048,1280,1418.37,1478.95,1418.27,-0.0016
mixed,8,4,0.5,4.0,2048,2048,1024,4096,2560,1524.51,1676.52,1545.15,0.1358
mixed,8,4,0.5,4.0,2048,2048,2048,8192,5120,1815.39,2212.52,1974.37,0.4003
mixed,8,4,0.5,4.0,2048,2048,4096,16384,10240,2474.63,3229.93,2779.52,0.4037
mixed,8,4,0.5,4.0,2048,4096,128,512,320,2063.85,2085.28,2066.18,0.1086
mixed,8,4,0.5,4.0,2048,4096,256,1024,640,2092.23,2124.32,2087.26,-0.1547
mixed,8,4,0.5,4.0,2048,4096,512,2048,1280,2145.51,2209.57,2135.78,-0.1518
mixed,8,4,0.5,4.0,2048,4096,1024,4096,2560,2257.89,2369.32,2276.62,0.1681
mixed,8,4,0.5,4.0,2048,4096,2048,8192,5120,2440.39,2864.84,2608.74,0.3966
mixed,8,4,0.5,4.0,2048,4096,4096,16384,10240,3106.57,3931.72,3433.29,0.3959
mixed,8,4,0.5,4.0,2048,8192,128,512,320,3537.64,3553.61,3542.44,0.3003
mixed,8,4,0.5,4.0,2048,8192,256,1024,640,3561.2,3579.21,3559.88,-0.0732
mixed,8,4,0.5,4.0,2048,8192,512,2048,1280,3604.23,3659.72,3604.81,0.0103
mixed,8,4,0.5,4.0,2048,8192,1024,4096,2560,3697.73,3823.98,3698.82,0.0086
mixed,8,4,0.5,4.0,2048,8192,2048,8192,5120,3936.07,4093.51,3988.97,0.336
mixed,8,4,0.5,4.0,2048,8192,4096,16384,10240,4336.97,5195.86,4736.27,0.4649
pure,8,6,0.75,4.0,0,0,128,512,416,69.345,74.944,70.849,0.2686
pure,8,6,0.75,4.0,0,0,256,1024,832,98.272,109.024,99.166,0.0831
pure,8,6,0.75,4.0,0,0,512,2048,1664,149.312,178.526,164.254,0.5115
pure,8,6,0.75,4.0,0,0,1024,4096,3328,271.2,321.602,281.057,0.1956
pure,8,6,0.75,4.0,0,0,2048,8192,6656,487.042,587.777,500.032,0.129
pure,8,6,0.75,4.0,0,0,4096,16384,13312,925.377,1113.86,944.417,0.101
mixed,8,6,0.75,4.0,16,0,128,512,416,83.585,98.56,96.384,0.8547
mixed,8,6,0.75,4.0,16,0,256,1024,832,134.144,167.553,163.489,0.8784
mixed,8,6,0.75,4.0,16,0,512,2048,1664,250.656,301.6,295.616,0.8825
mixed,8,6,0.75,4.0,16,0,1024,4096,3328,466.112,569.313,562.179,0.9309
mixed,8,6,0.75,4.0,16,0,2048,8192,6656,905.955,1115.08,1080.45,0.8344
mixed,8,6,0.75,4.0,16,0,4096,16384,13312,1795.78,2206.09,2148.93,0.8607
mixed,8,6,0.75,4.0,16,512,128,512,416,91.648,100.642,97.92,0.6974
mixed,8,6,0.75,4.0,16,512,256,1024,832,134.911,167.904,164.673,0.9021
mixed,8,6,0.75,4.0,16,512,512,2048,1664,250.53,300.833,297.377,0.9313
mixed,8,6,0.75,4.0,16,512,1024,4096,3328,466.753,570.627,563.68,0.9331
mixed,8,6,0.75,4.0,16,512,2048,8192,6656,903.359,1115.71,1083.49,0.8483
mixed,8,6,0.75,4.0,16,512,4096,16384,13312,1799.14,2205.96,2142.89,0.845
mixed,8,6,0.75,4.0,16,1024,128,512,416,124.513,133.184,130.176,0.6531
mixed,8,6,0.75,4.0,16,1024,256,1024,832,150.465,170.047,166.113,0.7991
mixed,8,6,0.75,4.0,16,1024,512,2048,1664,251.52,301.153,297.314,0.9227
mixed,8,6,0.75,4.0,16,1024,1024,4096,3328,469.634,569.697,563.491,0.938
mixed,8,6,0.75,4.0,16,1024,2048,8192,6656,899.811,1107.36,1083.42,0.8847
mixed,8,6,0.75,4.0,16,1024,4096,16384,13312,1800.71,2203.01,2144.45,0.8544
mixed,8,6,0.75,4.0,16,2048,128,512,416,187.648,196.353,192.193,0.5221
mixed,8,6,0.75,4.0,16,2048,256,1024,832,215.073,233.856,228.864,0.7342
mixed,8,6,0.75,4.0,16,2048,512,2048,1664,274.946,304.031,299.521,0.8449
mixed,8,6,0.75,4.0,16,2048,1024,4096,3328,469.568,571.618,565.377,0.9388
mixed,8,6,0.75,4.0,16,2048,2048,8192,6656,901.763,1096.45,1083.24,0.9321
mixed,8,6,0.75,4.0,16,2048,4096,16384,13312,1793.22,2208.23,2143.21,0.8433
mixed,8,6,0.75,4.0,16,4096,128,512,416,313.281,319.36,316.479,0.5261
mixed,8,6,0.75,4.0,16,4096,256,1024,832,337.409,356.705,351.04,0.7064
mixed,8,6,0.75,4.0,16,4096,512,2048,1664,400.671,429.792,423.552,0.7857
mixed,8,6,0.75,4.0,16,4096,1024,4096,3328,518.24,576.481,567.999,0.8544
mixed,8,6,0.75,4.0,16,4096,2048,8192,6656,902.432,1097.51,1087.94,0.951
mixed,8,6,0.75,4.0,16,4096,4096,16384,13312,1782.73,2216.17,2129.77,0.8007
mixed,8,6,0.75,4.0,16,8192,128,512,416,558.657,566.209,563.681,0.6653
mixed,8,6,0.75,4.0,16,8192,256,1024,832,583.84,602.912,601.697,0.9363
mixed,8,6,0.75,4.0,16,8192,512,2048,1664,645.826,675.617,670.208,0.8184
mixed,8,6,0.75,4.0,16,8192,1024,4096,3328,765.155,825.313,812.771,0.7915
mixed,8,6,0.75,4.0,16,8192,2048,8192,6656,1016.45,1131.3,1093.51,0.6709
mixed,8,6,0.75,4.0,16,8192,4096,16384,13312,1759.56,2191.24,2147.23,0.8981
mixed,8,6,0.75,4.0,32,0,128,512,416,83.329,98.591,96.16,0.8407
mixed,8,6,0.75,4.0,32,0,256,1024,832,134.911,167.84,164.576,0.9009
mixed,8,6,0.75,4.0,32,0,512,2048,1664,250.433,300.32,295.393,0.9012
mixed,8,6,0.75,4.0,32,0,1024,4096,3328,464.322,569.41,564.609,0.9543
mixed,8,6,0.75,4.0,32,0,2048,8192,6656,903.426,1118.53,1079.52,0.8186
mixed,8,6,0.75,4.0,32,0,4096,16384,13312,1803.81,2208.1,2141.61,0.8355
mixed,8,6,0.75,4.0,32,512,128,512,416,92.287,101.346,98.818,0.7209
mixed,8,6,0.75,4.0,32,512,256,1024,832,135.52,167.872,165.534,0.9277
mixed,8,6,0.75,4.0,32,512,512,2048,1664,250.592,300.961,295.903,0.8996
mixed,8,6,0.75,4.0,32,512,1024,4096,3328,468.93,569.153,563.361,0.9422
mixed,8,6,0.75,4.0,32,512,2048,8192,6656,901.026,1117.19,1080.96,0.8324
mixed,8,6,0.75,4.0,32,512,4096,16384,13312,1799.56,2206.73,2144.61,0.8474
mixed,8,6,0.75,4.0,32,1024,128,512,416,125.728,133.92,130.368,0.5664
mixed,8,6,0.75,4.0,32,1024,256,1024,832,151.199,169.6,166.079,0.8087
mixed,8,6,0.75,4.0,32,1024,512,2048,1664,251.875,302.144,296.8,0.8937
mixed,8,6,0.75,4.0,32,1024,1024,4096,3328,467.01,571.651,564.546,0.9321
mixed,8,6,0.75,4.0,32,1024,2048,8192,6656,899.394,1106.85,1083.17,0.8859
mixed,8,6,0.75,4.0,32,1024,4096,16384,13312,1800.84,2204.33,2143.04,0.8481
mixed,8,6,0.75,4.0,32,2048,128,512,416,188.641,196.448,193.344,0.6024
mixed,8,6,0.75,4.0,32,2048,256,1024,832,214.401,233.025,228.48,0.756
mixed,8,6,0.75,4.0,32,2048,512,2048,1664,276.481,305.281,298.943,0.7799
mixed,8,6,0.75,4.0,32,2048,1024,4096,3328,471.009,570.497,565.41,0.9489
mixed,8,6,0.75,4.0,32,2048,2048,8192,6656,896.865,1099.88,1081.32,0.9086
mixed,8,6,0.75,4.0,32,2048,4096,16384,13312,1792.58,2202.89,2145.28,0.8596
mixed,8,6,0.75,4.0,32,4096,128,512,416,312.191,320.769,316.832,0.541
mixed,8,6,0.75,4.0,32,4096,256,1024,832,338.656,357.567,352.704,0.7428
mixed,8,6,0.75,4.0,32,4096,512,2048,1664,400.961,428.416,423.169,0.8089
mixed,8,6,0.75,4.0,32,4096,1024,4096,3328,519.712,574.209,568.418,0.8937
mixed,8,6,0.75,4.0,32,4096,2048,8192,6656,900.929,1095.3,1084.67,0.9453
mixed,8,6,0.75,4.0,32,4096,4096,16384,13312,1784.42,2211.33,2129.06,0.8073
mixed,8,6,0.75,4.0,32,8192,128,512,416,559.521,565.985,564.065,0.703
mixed,8,6,0.75,4.0,32,8192,256,1024,832,583.81,605.888,598.209,0.6522
mixed,8,6,0.75,4.0,32,8192,512,2048,1664,646.627,676.097,670.208,0.8002
mixed,8,6,0.75,4.0,32,8192,1024,4096,3328,766.69,823.683,813.986,0.8299
mixed,8,6,0.75,4.0,32,8192,2048,8192,6656,1017.41,1133.06,1097.57,0.6931
mixed,8,6,0.75,4.0,32,8192,4096,16384,13312,1758.85,2186.85,2139.78,0.89
mixed,8,6,0.75,4.0,64,0,128,512,416,83.966,99.296,97.056,0.8539
mixed,8,6,0.75,4.0,64,0,256,1024,832,135.425,168.225,164.608,0.8897
mixed,8,6,0.75,4.0,64,0,512,2048,1664,250.239,300.48,296.128,0.9134
mixed,8,6,0.75,4.0,64,0,1024,4096,3328,466.975,570.304,561.537,0.9152
mixed,8,6,0.75,4.0,64,0,2048,8192,6656,907.875,1120.07,1081.51,0.8183
mixed,8,6,0.75,4.0,64,0,4096,16384,13312,1805.57,2210.76,2152.46,0.8561
mixed,8,6,0.75,4.0,64,512,128,512,416,94.751,101.505,99.456,0.6966
mixed,8,6,0.75,4.0,64,512,256,1024,832,135.424,168.001,164.961,0.9067
mixed,8,6,0.75,4.0,64,512,512,2048,1664,250.015,302.176,296.929,0.8994
mixed,8,6,0.75,4.0,64,512,1024,4096,3328,467.679,569.571,565.792,0.9629
mixed,8,6,0.75,4.0,64,512,2048,8192,6656,901.695,1109.44,1085.16,0.8831
mixed,8,6,0.75,4.0,64,512,4096,16384,13312,1803.08,2211.53,2149.96,0.8493
mixed,8,6,0.75,4.0,64,1024,128,512,416,127.36,134.912,132.449,0.6739
mixed,8,6,0.75,4.0,64,1024,256,1024,832,153.089,170.208,167.264,0.828
mixed,8,6,0.75,4.0,64,1024,512,2048,1664,250.656,302.304,297.312,0.9033
mixed,8,6,0.75,4.0,64,1024,1024,4096,3328,468.929,569.791,563.328,0.9359
mixed,8,6,0.75,4.0,64,1024,2048,8192,6656,902.082,1111.78,1084.13,0.8681
mixed,8,6,0.75,4.0,64,1024,4096,16384,13312,1803.91,2206.82,2145.57,0.848
mixed,8,6,0.75,4.0,64,2048,128,512,416,190.336,198.591,193.63,0.399
mixed,8,6,0.75,4.0,64,2048,256,1024,832,216.93,233.409,230.433,0.8194
mixed,8,6,0.75,4.0,64,2048,512,2048,1664,277.152,305.632,299.809,0.7955
mixed,8,6,0.75,4.0,64,2048,1024,4096,3328,470.977,572.226,564.833,0.927
mixed,8,6,0.75,4.0,64,2048,2048,8192,6656,898.754,1098.85,1088.67,0.9491
mixed,8,6,0.75,4.0,64,2048,4096,16384,13312,1792.01,2209.45,2144.52,0.8445
mixed,8,6,0.75,4.0,64,4096,128,512,416,313.887,321.535,317.951,0.5314
mixed,8,6,0.75,4.0,64,4096,256,1024,832,339.745,357.376,354.433,0.8331
mixed,8,6,0.75,4.0,64,4096,512,2048,1664,400.831,429.824,426.016,0.8687
mixed,8,6,0.75,4.0,64,4096,1024,4096,3328,522.594,574.946,569.728,0.9003
mixed,8,6,0.75,4.0,64,4096,2048,8192,6656,902.724,1099.49,1088.61,0.9447
mixed,8,6,0.75,4.0,64,4096,4096,16384,13312,1782.98,2216.52,2125.35,0.7897
mixed,8,6,0.75,4.0,64,8192,128,512,416,560.61,568.834,565.312,0.5717
mixed,8,6,0.75,4.0,64,8192,256,1024,832,586.082,603.873,600.832,0.8291
mixed,8,6,0.75,4.0,64,8192,512,2048,1664,648.225,677.312,672.194,0.824
mixed,8,6,0.75,4.0,64,8192,1024,4096,3328,767.522,824.226,814.274,0.8245
mixed,8,6,0.75,4.0,64,8192,2048,8192,6656,1020.64,1132.13,1098.88,0.7018
mixed,8,6,0.75,4.0,64,8192,4096,16384,13312,1758.25,2193.7,2144.71,0.8875
mixed,8,6,0.75,4.0,128,0,128,512,416,85.792,100.578,97.472,0.7899
mixed,8,6,0.75,4.0,128,0,256,1024,832,136.862,168.961,164.832,0.8714
mixed,8,6,0.75,4.0,128,0,512,2048,1664,250.752,300.322,296.098,0.9148
mixed,8,6,0.75,4.0,128,0,1024,4096,3328,468.385,568.609,561.156,0.9256
mixed,8,6,0.75,4.0,128,0,2048,8192,6656,905.539,1118.95,1078.76,0.8117
mixed,8,6,0.75,4.0,128,0,4096,16384,13312,1796.36,2205.67,2147.59,0.8581
mixed,8,6,0.75,4.0,128,512,128,512,416,96.992,103.616,102.785,0.8745
mixed,8,6,0.75,4.0,128,512,256,1024,832,137.184,169.28,166.338,0.9083
mixed,8,6,0.75,4.0,128,512,512,2048,1664,253.216,303.33,297.058,0.8748
mixed,8,6,0.75,4.0,128,512,1024,4096,3328,468.8,570.559,560.48,0.901
mixed,8,6,0.75,4.0,128,512,2048,8192,6656,897.218,1101.99,1082.24,0.9036
mixed,8,6,0.75,4.0,128,512,4096,16384,13312,1792.8,2198.7,2137.99,0.8504
mixed,8,6,0.75,4.0,128,1024,128,512,416,130.56,138.144,136.512,0.7848
mixed,8,6,0.75,4.0,128,1024,256,1024,832,156.927,172.704,171.137,0.9007
mixed,8,6,0.75,4.0,128,1024,512,2048,1664,253.248,303.359,297.696,0.887
mixed,8,6,0.75,4.0,128,1024,1024,4096,3328,469.76,569.438,561.794,0.9233
mixed,8,6,0.75,4.0,128,1024,2048,8192,6656,900.324,1099.23,1083.05,0.9186
mixed,8,6,0.75,4.0,128,1024,4096,16384,13312,1784.84,2195.43,2136.84,0.8573
mixed,8,6,0.75,4.0,128,2048,128,512,416,195.395,203.2,199.68,0.549
mixed,8,6,0.75,4.0,128,2048,256,1024,832,221.826,237.44,235.265,0.8607
mixed,8,6,0.75,4.0,128,2048,512,2048,1664,280.576,306.369,303.488,0.8883
mixed,8,6,0.75,4.0,128,2048,1024,4096,3328,472.064,571.969,565.121,0.9315
mixed,8,6,0.75,4.0,128,2048,2048,8192,6656,896.513,1093.92,1084.04,0.9499
mixed,8,6,0.75,4.0,128,2048,4096,16384,13312,1784.8,2199.12,2136.75,0.8495
mixed,8,6,0.75,4.0,128,4096,128,512,416,324.448,330.879,327.551,0.4825
mixed,8,6,0.75,4.0,128,4096,256,1024,832,347.232,363.712,361.889,0.8894
mixed,8,6,0.75,4.0,128,4096,512,2048,1664,406.497,434.306,430.337,0.8573
mixed,8,6,0.75,4.0,128,4096,1024,4096,3328,521.474,574.049,570.69,0.9361
mixed,8,6,0.75,4.0,128,4096,2048,8192,6656,901.538,1093.54,1083.36,0.947
mixed,8,6,0.75,4.0,128,4096,4096,16384,13312,1754.98,2180.81,2137.03,0.8972
mixed,8,6,0.75,4.0,128,8192,128,512,416,572.643,580.449,579.937,0.9344
mixed,8,6,0.75,4.0,128,8192,256,1024,832,599.138,610.882,608.258,0.7766
mixed,8,6,0.75,4.0,128,8192,512,2048,1664,659.263,684.769,679.49,0.793
mixed,8,6,0.75,4.0,128,8192,1024,4096,3328,771.618,824.961,819.745,0.9022
mixed,8,6,0.75,4.0,128,8192,2048,8192,6656,1014.05,1128.04,1091.11,0.676
mixed,8,6,0.75,4.0,128,8192,4096,16384,13312,1765.54,2187.62,2127.88,0.8584
mixed,8,6,0.75,4.0,256,0,128,512,416,95.104,108.928,104.416,0.6736
mixed,8,6,0.75,4.0,256,0,256,1024,832,143.585,174.944,168.64,0.799
mixed,8,6,0.75,4.0,256,0,512,2048,1664,255.873,305.982,298.432,0.8493
mixed,8,6,0.75,4.0,256,0,1024,4096,3328,473.504,573.633,564.832,0.9121
mixed,8,6,0.75,4.0,256,0,2048,8192,6656,908.451,1119.97,1089.28,0.8549
mixed,8,6,0.75,4.0,256,0,4096,16384,13312,1796.61,2209.74,2153.89,0.8648
mixed,8,6,0.75,4.0,256,512,128,512,416,129.184,148.193,126.848,-0.1229
mixed,8,6,0.75,4.0,256,512,256,1024,832,180.544,197.024,175.968,-0.2777
mixed,8,6,0.75,4.0,256,512,512,2048,1664,259.937,308.513,301.985,0.8656
mixed,8,6,0.75,4.0,256,512,1024,4096,3328,475.17,575.713,566.21,0.9055
mixed,8,6,0.75,4.0,256,512,2048,8192,6656,908.162,1103.84,1089.09,0.9246
mixed,8,6,0.75,4.0,256,512,4096,16384,13312,1787.88,2201.83,2141.1,0.8533
mixed,8,6,0.75,4.0,256,1024,128,512,416,181.762,188.672,183.071,0.1894
mixed,8,6,0.75,4.0,256,1024,256,1024,832,201.922,246.401,193.281,-0.1943
mixed,8,6,0.75,4.0,256,1024,512,2048,1664,301.824,326.145,305.858,0.1659
mixed,8,6,0.75,4.0,256,1024,1024,4096,3328,476.482,578.338,566.753,0.8863
mixed,8,6,0.75,4.0,256,1024,2048,8192,6656,906.975,1105.57,1089.92,0.9212
mixed,8,6,0.75,4.0,256,1024,4096,16384,13312,1788.39,2199.59,2138.66,0.8518
mixed,8,6,0.75,4.0,256,2048,128,512,416,247.36,264.161,257.888,0.6266
mixed,8,6,0.75,4.0,256,2048,256,1024,832,298.688,321.475,311.264,0.5519
mixed,8,6,0.75,4.0,256,2048,512,2048,1664,368.255,440.866,326.273,-0.5782
mixed,8,6,0.75,4.0,256,2048,1024,4096,3328,529.376,580.896,572.162,0.8305
mixed,8,6,0.75,4.0,256,2048,2048,8192,6656,911.108,1104.77,1091.49,0.9314
mixed,8,6,0.75,4.0,256,2048,4096,16384,13312,1773.95,2188.26,2122.53,0.8414
mixed,8,6,0.75,4.0,256,4096,128,512,416,375.234,391.617,383.969,0.5332
mixed,8,6,0.75,4.0,256,4096,256,1024,832,427.488,454.721,447.104,0.7203
mixed,8,6,0.75,4.0,256,4096,512,2048,1664,536.962,580.226,572.449,0.8202
mixed,8,6,0.75,4.0,256,4096,1024,4096,3328,678.529,821.731,587.65,-0.6346
mixed,8,6,0.75,4.0,256,4096,2048,8192,6656,990.785,1108.86,1092.22,0.8591
mixed,8,6,0.75,4.0,256,4096,4096,16384,13312,1769.41,2179.72,2127.47,0.8727
mixed,8,6,0.75,4.0,256,8192,128,512,416,630.786,644.547,636.447,0.4114
mixed,8,6,0.75,4.0,256,8192,256,1024,832,674.946,707.906,701.121,0.7941
mixed,8,6,0.75,4.0,256,8192,512,2048,1664,788.128,834.657,826.878,0.8328
mixed,8,6,0.75,4.0,256,8192,1024,4096,3328,998.913,1094.34,1086.31,0.9158
mixed,8,6,0.75,4.0,256,8192,2048,8192,6656,1299.88,1596.8,1112.58,-0.6308
mixed,8,6,0.75,4.0,256,8192,4096,16384,13312,1906.6,2165.09,2128.61,0.8589
mixed,8,6,0.75,4.0,512,0,128,512,416,134.336,151.391,142.401,0.4729
mixed,8,6,0.75,4.0,512,0,256,1024,832,185.377,215.105,201.315,0.5361
mixed,8,6,0.75,4.0,512,0,512,2048,1664,293.536,338.849,312.897,0.4273
mixed,8,6,0.75,4.0,512,0,1024,4096,3328,500.895,595.905,574.85,0.7784
mixed,8,6,0.75,4.0,512,0,2048,8192,6656,924.579,1122.02,1102.28,0.9
mixed,8,6,0.75,4.0,512,0,4096,16384,13312,1806.44,2217.45,2154.63,0.8472
mixed,8,6,0.75,4.0,512,512,128,512,416,200.288,206.848,200.416,0.0195
mixed,8,6,0.75,4.0,512,512,256,1024,832,225.377,255.681,242.432,0.5628
mixed,8,6,0.75,4.0,512,512,512,2048,1664,335.841,379.843,358.687,0.5192
mixed,8,6,0.75,4.0,512,512,1024,4096,3328,536.929,632.193,577.729,0.4283
mixed,8,6,0.75,4.0,512,512,2048,8192,6656,957.377,1147.97,1099.87,0.7476
mixed,8,6,0.75,4.0,512,512,4096,16384,13312,1794.27,2213.19,2143.2,0.8329
mixed,8,6,0.75,4.0,512,1024,128,512,416,261.343,269.665,264.129,0.3348
mixed,8,6,0.75,4.0,512,1024,256,1024,832,292.096,306.945,300.288,0.5517
mixed,8,6,0.75,4.0,512,1024,512,2048,1664,371.838,423.2,400.929,0.5664
mixed,8,6,0.75,4.0,512,1024,1024,4096,3328,574.594,669.569,638.848,0.6765
mixed,8,6,0.75,4.0,512,1024,2048,8192,6656,991.682,1178.18,1100.13,0.5815
mixed,8,6,0.75,4.0,512,1024,4096,16384,13312,1805.54,2204.29,2132.58,0.8202
mixed,8,6,0.75,4.0,512,2048,128,512,416,379.489,388.639,379.842,0.0386
mixed,8,6,0.75,4.0,512,2048,256,1024,832,409.696,428.674,423.97,0.7521
mixed,8,6,0.75,4.0,512,2048,512,2048,1664,472.767,498.528,491.139,0.7132
mixed,8,6,0.75,4.0,512,2048,1024,4096,3328,651.776,744.096,716.672,0.7029
mixed,8,6,0.75,4.0,512,2048,2048,8192,6656,1056.07,1250.72,1146.24,0.4633
mixed,8,6,0.75,4.0,512,2048,4096,16384,13312,1878.18,2246.98,2133.7,0.6928
mixed,8,6,0.75,4.0,512,4096,128,512,416,622.593,634.528,624.098,0.1261
mixed,8,6,0.75,4.0,512,4096,256,1024,832,649.281,667.041,660.036,0.6056
mixed,8,6,0.75,4.0,512,4096,512,2048,1664,713.186,752.867,738.338,0.6339
mixed,8,6,0.75,4.0,512,4096,1024,4096,3328,832.256,878.817,873.985,0.8962
mixed,8,6,0.75,4.0,512,4096,2048,8192,6656,1199.91,1386.37,1352.19,0.8167
mixed,8,6,0.75,4.0,512,4096,4096,16384,13312,2024.49,2414.53,2144.04,0.3065
mixed,8,6,0.75,4.0,512,8192,128,512,416,1115.33,1122.76,1114.53,-0.1077
mixed,8,6,0.75,4.0,512,8192,256,1024,832,1138.66,1155.58,1141.86,0.1889
mixed,8,6,0.75,4.0,512,8192,512,2048,1664,1197.8,1223.04,1212.83,0.5957
mixed,8,6,0.75,4.0,512,8192,1024,4096,3328,1310.12,1388.64,1366.59,0.7192
mixed,8,6,0.75,4.0,512,8192,2048,8192,6656,1535.88,1656.42,1641.25,0.8742
mixed,8,6,0.75,4.0,512,8192,4096,16384,13312,2327.88,2701.8,2621.7,0.7858
mixed,8,6,0.75,4.0,1024,0,128,512,416,255.872,264.544,256.129,0.0296
mixed,8,6,0.75,4.0,1024,0,256,1024,832,286.242,314.851,297.984,0.4104
mixed,8,6,0.75,4.0,1024,0,512,2048,1664,397.153,446.56,413.345,0.3277
mixed,8,6,0.75,4.0,1024,0,1024,4096,3328,595.523,687.939,639.073,0.4712
mixed,8,6,0.75,4.0,1024,0,2048,8192,6656,1011.33,1203.55,1122.31,0.5773
mixed,8,6,0.75,4.0,1024,0,4096,16384,13312,1839.59,2235.05,2150.82,0.787
mixed,8,6,0.75,4.0,1024,512,128,512,416,360.033,370.531,360.962,0.0885
mixed,8,6,0.75,4.0,1024,512,256,1024,832,390.752,409.474,395.073,0.2308
mixed,8,6,0.75,4.0,1024,512,512,2048,1664,481.121,531.68,497.953,0.3329
mixed,8,6,0.75,4.0,1024,512,1024,4096,3328,693.696,782.817,723.808,0.3379
mixed,8,6,0.75,4.0,1024,512,2048,8192,6656,1088.68,1274.5,1185.67,0.522
mixed,8,6,0.75,4.0,1024,512,4096,16384,13312,1894.05,2283.21,2155.08,0.6708
mixed,8,6,0.75,4.0,1024,1024,128,512,416,462.306,473.345,463.266,0.087
mixed,8,6,0.75,4.0,1024,1024,256,1024,832,494.849,513.248,497.571,0.1479
mixed,8,6,0.75,4.0,1024,1024,512,2048,1664,564.96,609.345,574.687,0.2192
mixed,8,6,0.75,4.0,1024,1024,1024,4096,3328,784.801,867.234,809.954,0.3051
mixed,8,6,0.75,4.0,1024,1024,2048,8192,6656,1171.43,1357.8,1258.98,0.4698
mixed,8,6,0.75,4.0,1024,1024,4096,16384,13312,1976.45,2349.83,2181.44,0.549
mixed,8,6,0.75,4.0,1024,2048,128,512,416,650.465,663.203,652.13,0.1307
mixed,8,6,0.75,4.0,1024,2048,256,1024,832,695.621,719.363,702.241,0.2788
mixed,8,6,0.75,4.0,1024,2048,512,2048,1664,769.794,811.967,755.041,-0.3498
mixed,8,6,0.75,4.0,1024,2048,1024,4096,3328,936.321,1033.35,970.083,0.348
mixed,8,6,0.75,4.0,1024,2048,2048,8192,6656,1356.26,1564.42,1422.85,0.3199
mixed,8,6,0.75,4.0,1024,2048,4096,16384,13312,2125.48,2504.93,2330.82,0.5411
mixed,8,6,0.75,4.0,1024,4096,128,512,416,1020.13,1033.28,1021.28,0.0876
mixed,8,6,0.75,4.0,1024,4096,256,1024,832,1069.38,1095.3,1070.72,0.0519
mixed,8,6,0.75,4.0,1024,4096,512,2048,1664,1178.56,1211.66,1190.59,0.3636
mixed,8,6,0.75,4.0,1024,4096,1024,4096,3328,1296.77,1439.49,1260.54,-0.2538
mixed,8,6,0.75,4.0,1024,4096,2048,8192,6656,1661.83,1920.26,1723.01,0.2368
mixed,8,6,0.75,4.0,1024,4096,4096,16384,13312,2561.74,2929.32,2665.06,0.2811
mixed,8,6,0.75,4.0,1024,8192,128,512,416,1755.62,1769.47,1755.68,0.0048
mixed,8,6,0.75,4.0,1024,8192,256,1024,832,1802.37,1828.9,1804.55,0.0819
mixed,8,6,0.75,4.0,1024,8192,512,2048,1664,1913.35,1959.71,1919.11,0.1242
mixed,8,6,0.75,4.0,1024,8192,1024,4096,3328,2129.7,2206.02,2166.05,0.4763
mixed,8,6,0.75,4.0,1024,8192,2048,8192,6656,2414.21,2683.01,2277.96,-0.5069
mixed,8,6,0.75,4.0,1024,8192,4096,16384,13312,3164.23,3737.2,3226.79,0.1092
mixed,8,6,0.75,4.0,2048,0,128,512,416,611.777,623.555,608.865,-0.2472
mixed,8,6,0.75,4.0,2048,0,256,1024,832,644.066,661.441,644.514,0.0258
mixed,8,6,0.75,4.0,2048,0,512,2048,1664,712.799,758.498,725.985,0.2885
mixed,8,6,0.75,4.0,2048,0,1024,4096,3328,926.178,1023.07,963.555,0.3857
mixed,8,6,0.75,4.0,2048,0,2048,8192,6656,1339.94,1526.76,1411.17,0.3813
mixed,8,6,0.75,4.0,2048,0,4096,16384,13312,2124.74,2492.93,2329.41,0.5559
mixed,8,6,0.75,4.0,2048,512,128,512,416,797.09,803.809,796.77,-0.0476
mixed,8,6,0.75,4.0,2048,512,256,1024,832,826.498,849.155,835.618,0.4025
mixed,8,6,0.75,4.0,2048,512,512,2048,1664,897.572,932.58,896.098,-0.0421
mixed,8,6,0.75,4.0,2048,512,1024,4096,3328,1091.49,1189.16,1128.51,0.3791
mixed,8,6,0.75,4.0,2048,512,2048,8192,6656,1520.55,1705.35,1594.05,0.3977
mixed,8,6,0.75,4.0,2048,512,4096,16384,13312,2296.42,2665.68,2477.16,0.4895
mixed,8,6,0.75,4.0,2048,1024,128,512,416,976.386,990.146,979.713,0.2418
mixed,8,6,0.75,4.0,2048,1024,256,1024,832,1009.83,1034.31,1016.45,0.2706
mixed,8,6,0.75,4.0,2048,1024,512,2048,1664,1081.83,1114.98,1083.59,0.0531
mixed,8,6,0.75,4.0,2048,1024,1024,4096,3328,1252.7,1356.01,1290.18,0.3628
mixed,8,6,0.75,4.0,2048,1024,2048,8192,6656,1681.28,1879.49,1761,0.4022
mixed,8,6,0.75,4.0,2048,1024,4096,16384,13312,2490.25,2855.46,2646.76,0.4286
mixed,8,6,0.75,4.0,2048,2048,128,512,416,1344.48,1354.72,1344.58,0.0097
mixed,8,6,0.75,4.0,2048,2048,256,1024,832,1375.94,1400.77,1387.36,0.46
mixed,8,6,0.75,4.0,2048,2048,512,2048,1664,1455.07,1482.18,1452.93,-0.0791
mixed,8,6,0.75,4.0,2048,2048,1024,4096,3328,1578.59,1677.03,1610.12,0.3202
mixed,8,6,0.75,4.0,2048,2048,2048,8192,6656,2011.14,2214.6,2091.78,0.3964
mixed,8,6,0.75,4.0,2048,2048,4096,16384,13312,2852.42,3230.82,2998.51,0.3861
mixed,8,6,0.75,4.0,2048,4096,128,512,416,2078.53,2086.44,2081.86,0.4213
mixed,8,6,0.75,4.0,2048,4096,256,1024,832,2099.87,2123.33,2106.76,0.2937
mixed,8,6,0.75,4.0,2048,4096,512,2048,1664,2188.4,2217.03,2174.34,-0.4909
mixed,8,6,0.75,4.0,2048,4096,1024,4096,3328,2316.32,2364.45,2322.95,0.1376
mixed,8,6,0.75,4.0,2048,4096,2048,8192,6656,2650.92,2860.65,2739.46,0.4222
mixed,8,6,0.75,4.0,2048,4096,4096,16384,13312,3535.11,3930.89,3690.09,0.3916
mixed,8,6,0.75,4.0,2048,8192,128,512,416,3545.51,3555.62,3541.74,-0.3734
mixed,8,6,0.75,4.0,2048,8192,256,1024,832,3568.33,3589.77,3571.21,0.1342
mixed,8,6,0.75,4.0,2048,8192,512,2048,1664,3630.83,3657.58,3633.45,0.098
mixed,8,6,0.75,4.0,2048,8192,1024,4096,3328,3764.94,3835.85,3775.49,0.1488
mixed,8,6,0.75,4.0,2048,8192,2048,8192,6656,4020.14,4093.48,4054.6,0.4699
mixed,8,6,0.75,4.0,2048,8192,4096,16384,13312,4836.78,5192.98,4975.44,0.3893
pure,8,7,0.875,4.0,0,0,128,512,464,72.158,75.134,72.994,0.2809
pure,8,7,0.875,4.0,0,0,256,1024,928,100.704,109.408,104.225,0.4045
pure,8,7,0.875,4.0,0,0,512,2048,1856,164.29,179.266,171.806,0.5019
pure,8,7,0.875,4.0,0,0,1024,4096,3712,293.984,322.493,299.808,0.2043
pure,8,7,0.875,4.0,0,0,2048,8192,7424,536.194,587.298,542.241,0.1183
pure,8,7,0.875,4.0,0,0,4096,16384,14848,1022.78,1115.27,1023.68,0.0097
mixed,8,7,0.875,4.0,16,0,128,512,464,85.759,98.785,97.888,0.9311
mixed,8,7,0.875,4.0,16,0,256,1024,928,151.551,167.04,166.051,0.9361
mixed,8,7,0.875,4.0,16,0,512,2048,1856,268.096,300.129,298.913,0.962
mixed,8,7,0.875,4.0,16,0,1024,4096,3712,518.783,566.112,567.937,1.0386
mixed,8,7,0.875,4.0,16,0,2048,8192,7424,1014.75,1116.19,1102.88,0.8688
mixed,8,7,0.875,4.0,16,0,4096,16384,14848,1998.31,2210.95,2181.54,0.8617
mixed,8,7,0.875,4.0,16,512,128,512,464,93.727,100.61,99.745,0.8743
mixed,8,7,0.875,4.0,16,512,256,1024,928,150.719,168.032,166.943,0.9371
mixed,8,7,0.875,4.0,16,512,512,2048,1856,267.905,301.282,298.016,0.9021
mixed,8,7,0.875,4.0,16,512,1024,4096,3712,517.345,571.04,567.807,0.9398
mixed,8,7,0.875,4.0,16,512,2048,8192,7424,1008.13,1116.71,1093.61,0.7872
mixed,8,7,0.875,4.0,16,512,4096,16384,14848,1998.31,2206.76,2186.02,0.9005
mixed,8,7,0.875,4.0,16,1024,128,512,464,125.633,132.992,130.786,0.7002
mixed,8,7,0.875,4.0,16,1024,256,1024,928,158.336,170.049,167.359,0.7703
mixed,8,7,0.875,4.0,16,1024,512,2048,1856,269.312,301.248,299.264,0.9379
mixed,8,7,0.875,4.0,16,1024,1024,4096,3712,517.185,571.137,567.457,0.9318
mixed,8,7,0.875,4.0,16,1024,2048,8192,7424,1006.53,1109.95,1092.42,0.8305
mixed,8,7,0.875,4.0,16,1024,4096,16384,14848,2006.53,2206.21,2190.66,0.9221
mixed,8,7,0.875,4.0,16,2048,128,512,464,189.568,195.807,193.279,0.5948
mixed,8,7,0.875,4.0,16,2048,256,1024,928,223.234,232.289,230.496,0.802
mixed,8,7,0.875,4.0,16,2048,512,2048,1856,285.536,304.61,302.432,0.8858
mixed,8,7,0.875,4.0,16,2048,1024,4096,3712,521.282,570.944,567.554,0.9317
mixed,8,7,0.875,4.0,16,2048,2048,8192,7424,994.177,1098.21,1092.77,0.9477
mixed,8,7,0.875,4.0,16,2048,4096,16384,14848,1998.66,2208.81,2180.97,0.8675
mixed,8,7,0.875,4.0,16,4096,128,512,464,312.769,319.618,318.657,0.8597
mixed,8,7,0.875,4.0,16,4096,256,1024,928,345.825,356.897,352.831,0.6328
mixed,8,7,0.875,4.0,16,4096,512,2048,1856,410.785,428.96,424.353,0.7465
mixed,8,7,0.875,4.0,16,4096,1024,4096,3712,546.753,574.594,570.946,0.869
mixed,8,7,0.875,4.0,16,4096,2048,8192,7424,999.52,1096.96,1093.25,0.9619
mixed,8,7,0.875,4.0,16,4096,4096,16384,14848,1990.24,2210.11,2170.08,0.8179
mixed,8,7,0.875,4.0,16,8192,128,512,464,558.561,567.072,563.392,0.5676
mixed,8,7,0.875,4.0,16,8192,256,1024,928,593.377,603.648,600.641,0.7072
mixed,8,7,0.875,4.0,16,8192,512,2048,1856,654.528,675.587,672.673,0.8616
mixed,8,7,0.875,4.0,16,8192,1024,4096,3712,794.114,820.483,815.969,0.8288
mixed,8,7,0.875,4.0,16,8192,2048,8192,7424,1071.81,1130.53,1105.6,0.5755
mixed,8,7,0.875,4.0,16,8192,4096,16384,14848,1975.94,2187.59,2179.85,0.9634
mixed,8,7,0.875,4.0,32,0,128,512,464,85.696,98.623,97.664,0.9258
mixed,8,7,0.875,4.0,32,0,256,1024,928,150.591,167.455,166.368,0.9355
mixed,8,7,0.875,4.0,32,0,512,2048,1856,269.408,300.032,299.457,0.9812
mixed,8,7,0.875,4.0,32,0,1024,4096,3712,517.954,569.825,567.04,0.9463
mixed,8,7,0.875,4.0,32,0,2048,8192,7424,1011.84,1116.23,1103.17,0.8749
mixed,8,7,0.875,4.0,32,0,4096,16384,14848,2003.27,2205.06,2182.79,0.8896
mixed,8,7,0.875,4.0,32,512,128,512,464,93.568,100.769,98.912,0.7421
mixed,8,7,0.875,4.0,32,512,256,1024,928,150.178,168.288,166.784,0.917
mixed,8,7,0.875,4.0,32,512,512,2048,1856,268.674,301.569,298.561,0.9086
mixed,8,7,0.875,4.0,32,512,1024,4096,3712,516.927,568.096,567.84,0.995
mixed,8,7,0.875,4.0,32,512,2048,8192,7424,1008.61,1116.87,1094.05,0.7892
mixed,8,7,0.875,4.0,32,512,4096,16384,14848,2001.09,2203.88,2178.82,0.8764
mixed,8,7,0.875,4.0,32,1024,128,512,464,126.561,134.272,131.776,0.6763
mixed,8,7,0.875,4.0,32,1024,256,1024,928,159.777,169.537,167.68,0.8097
mixed,8,7,0.875,4.0,32,1024,512,2048,1856,270.528,301.473,299.425,0.9338
mixed,8,7,0.875,4.0,32,1024,1024,4096,3712,516.579,571.073,567.138,0.9278
mixed,8,7,0.875,4.0,32,1024,2048,8192,7424,1002.95,1108.8,1092.7,0.8479
mixed,8,7,0.875,4.0,32,1024,4096,16384,14848,2003.82,2203.72,2186.18,0.9123
mixed,8,7,0.875,4.0,32,2048,128,512,464,190.208,197.12,194.239,0.5832
mixed,8,7,0.875,4.0,32,2048,256,1024,928,223.266,233.313,230.464,0.7164
mixed,8,7,0.875,4.0,32,2048,512,2048,1856,286.624,304.222,300.384,0.7819
mixed,8,7,0.875,4.0,32,2048,1024,4096,3712,520.515,570.241,570.912,1.0135
mixed,8,7,0.875,4.0,32,2048,2048,8192,7424,993.026,1106.82,1091.78,0.8678
mixed,8,7,0.875,4.0,32,2048,4096,16384,14848,2000.87,2207.27,2177.89,0.8577
mixed,8,7,0.875,4.0,32,4096,128,512,464,313.761,320.288,317.409,0.5589
mixed,8,7,0.875,4.0,32,4096,256,1024,928,347.136,356.703,353.506,0.6658
mixed,8,7,0.875,4.0,32,4096,512,2048,1856,410.4,429.378,424.64,0.7503
mixed,8,7,0.875,4.0,32,4096,1024,4096,3712,545.955,575.169,571.105,0.8609
mixed,8,7,0.875,4.0,32,4096,2048,8192,7424,997.636,1096.04,1091.24,0.9512
mixed,8,7,0.875,4.0,32,4096,4096,16384,14848,1992.07,2213.06,2169.96,0.8049
mixed,8,7,0.875,4.0,32,8192,128,512,464,559.745,568.288,565.123,0.6295
mixed,8,7,0.875,4.0,32,8192,256,1024,928,593.409,602.018,599.201,0.6728
mixed,8,7,0.875,4.0,32,8192,512,2048,1856,655.906,675.264,669.793,0.7174
mixed,8,7,0.875,4.0,32,8192,1024,4096,3712,795.778,825.347,816.226,0.6915
mixed,8,7,0.875,4.0,32,8192,2048,8192,7424,1067.01,1129.95,1113.95,0.7458
mixed,8,7,0.875,4.0,32,8192,4096,16384,14848,1969.32,2188.13,2185.89,0.9898
mixed,8,7,0.875,4.0,64,0,128,512,464,85.728,99.168,98.24,0.931
mixed,8,7,0.875,4.0,64,0,256,1024,928,150.848,168.416,165.954,0.8599
mixed,8,7,0.875,4.0,64,0,512,2048,1856,267.232,300.162,297.824,0.929
mixed,8,7,0.875,4.0,64,0,1024,4096,3712,518.176,567.97,566.241,0.9653
mixed,8,7,0.875,4.0,64,0,2048,8192,7424,1012.48,1119.33,1102.37,0.8413
mixed,8,7,0.875,4.0,64,0,4096,16384,14848,2003.65,2206.82,2185.57,0.8954
mixed,8,7,0.875,4.0,64,512,128,512,464,94.978,102.306,99.36,0.598
mixed,8,7,0.875,4.0,64,512,256,1024,928,151.199,167.585,167.104,0.9706
mixed,8,7,0.875,4.0,64,512,512,2048,1856,268.961,301.953,299.072,0.9127
mixed,8,7,0.875,4.0,64,512,1024,4096,3712,518.818,569.089,567.68,0.972
mixed,8,7,0.875,4.0,64,512,2048,8192,7424,1008.45,1114.53,1096.58,0.8308
mixed,8,7,0.875,4.0,64,512,4096,16384,14848,2004.61,2206.15,2189.92,0.9195
mixed,8,7,0.875,4.0,64,1024,128,512,464,127.488,134.592,132.738,0.739
mixed,8,7,0.875,4.0,64,1024,256,1024,928,161.408,171.072,168.352,0.7185
mixed,8,7,0.875,4.0,64,1024,512,2048,1856,270.881,302.784,299.872,0.9087
mixed,8,7,0.875,4.0,64,1024,1024,4096,3712,519.106,570.113,568.064,0.9598
mixed,8,7,0.875,4.0,64,1024,2048,8192,7424,1009.89,1109.06,1096.48,0.8732
mixed,8,7,0.875,4.0,64,1024,4096,16384,14848,2001.22,2205.61,2186.47,0.9064
mixed,8,7,0.875,4.0,64,2048,128,512,464,190.719,197.695,195.33,0.661
mixed,8,7,0.875,4.0,64,2048,256,1024,928,224.354,233.824,231.552,0.7601
mixed,8,7,0.875,4.0,64,2048,512,2048,1856,287.073,305.76,303.264,0.8664
mixed,8,7,0.875,4.0,64,2048,1024,4096,3712,520.706,573.698,570.019,0.9306
mixed,8,7,0.875,4.0,64,2048,2048,8192,7424,998.178,1100.45,1094.94,0.9461
mixed,8,7,0.875,4.0,64,2048,4096,16384,14848,2005.25,2211.68,2183.68,0.8644
mixed,8,7,0.875,4.0,64,4096,128,512,464,315.072,320.96,318.689,0.6143
mixed,8,7,0.875,4.0,64,4096,256,1024,928,348.224,357.954,356.033,0.8026
mixed,8,7,0.875,4.0,64,4096,512,2048,1856,412.222,430.081,426.881,0.8208
mixed,8,7,0.875,4.0,64,4096,1024,4096,3712,549.858,576.931,572.513,0.8368
mixed,8,7,0.875,4.0,64,4096,2048,8192,7424,1000.06,1099.2,1094.56,0.9532
mixed,8,7,0.875,4.0,64,4096,4096,16384,14848,1995.24,2211.94,2175.33,0.8311
mixed,8,7,0.875,4.0,64,8192,128,512,464,560.77,568.288,565.313,0.6043
mixed,8,7,0.875,4.0,64,8192,256,1024,928,594.657,604.129,600.737,0.6419
mixed,8,7,0.875,4.0,64,8192,512,2048,1856,659.233,678.115,670.689,0.6067
mixed,8,7,0.875,4.0,64,8192,1024,4096,3712,797.441,824.161,819.331,0.8192
mixed,8,7,0.875,4.0,64,8192,2048,8192,7424,1073.44,1132.99,1117.38,0.7377
mixed,8,7,0.875,4.0,64,8192,4096,16384,14848,1974.24,2190.57,2181.99,0.9604
mixed,8,7,0.875,4.0,128,0,128,512,464,87.105,100.544,99.456,0.919
mixed,8,7,0.875,4.0,128,0,256,1024,928,152.834,168.319,167.744,0.9629
mixed,8,7,0.875,4.0,128,0,512,2048,1856,269.89,301.888,298.784,0.903
mixed,8,7,0.875,4.0,128,0,1024,4096,3712,518.593,570.241,565.569,0.9095
mixed,8,7,0.875,4.0,128,0,2048,8192,7424,1012.03,1116.19,1101.92,0.863
mixed,8,7,0.875,4.0,128,0,4096,16384,14848,2001.83,2205.51,2183.37,0.8913
mixed,8,7,0.875,4.0,128,512,128,512,464,97.954,103.776,102.849,0.8408
mixed,8,7,0.875,4.0,128,512,256,1024,928,154.272,170.048,168.032,0.8722
mixed,8,7,0.875,4.0,128,512,512,2048,1856,270.657,301.696,299.359,0.9247
mixed,8,7,0.875,4.0,128,512,1024,4096,3712,519.617,569.76,567.36,0.9521
mixed,8,7,0.875,4.0,128,512,2048,8192,7424,1000.39,1099.39,1091.27,0.9179
mixed,8,7,0.875,4.0,128,512,4096,16384,14848,1996.26,2202.47,2179.08,0.8865
mixed,8,7,0.875,4.0,128,1024,128,512,464,131.489,138.495,136.93,0.7766
mixed,8,7,0.875,4.0,128,1024,256,1024,928,164.864,173.473,172.352,0.8698
mixed,8,7,0.875,4.0,128,1024,512,2048,1856,272.865,302.882,300.962,0.936
mixed,8,7,0.875,4.0,128,1024,1024,4096,3712,520.675,569.634,566.753,0.9412
mixed,8,7,0.875,4.0,128,1024,2048,8192,7424,997.635,1099.14,1090.18,0.9117
mixed,8,7,0.875,4.0,128,1024,4096,16384,14848,1989.77,2202.18,2178.63,0.8891
mixed,8,7,0.875,4.0,128,2048,128,512,464,195.489,203.199,201.247,0.7468
mixed,8,7,0.875,4.0,128,2048,256,1024,928,230.687,238.176,236.768,0.812
mixed,8,7,0.875,4.0,128,2048,512,2048,1856,291.392,307.936,305.022,0.8239
mixed,8,7,0.875,4.0,128,2048,1024,4096,3712,520.866,570.625,569.026,0.9679
mixed,8,7,0.875,4.0,128,2048,2048,8192,7424,994.658,1094.47,1087.39,0.9291
mixed,8,7,0.875,4.0,128,2048,4096,16384,14848,1986.82,2195.08,2168.77,0.8737
mixed,8,7,0.875,4.0,128,4096,128,512,464,323.263,330.337,328.384,0.7239
mixed,8,7,0.875,4.0,128,4096,256,1024,928,355.265,364.831,365.538,1.0739
mixed,8,7,0.875,4.0,128,4096,512,2048,1856,418.016,435.874,432.353,0.8028
mixed,8,7,0.875,4.0,128,4096,1024,4096,3712,550.594,575.587,573.346,0.9103
mixed,8,7,0.875,4.0,128,4096,2048,8192,7424,997.697,1097.25,1093.47,0.962
mixed,8,7,0.875,4.0,128,4096,4096,16384,14848,1963.17,2184.07,2154.31,0.8653
mixed,8,7,0.875,4.0,128,8192,128,512,464,573.826,582.593,578.276,0.5076
mixed,8,7,0.875,4.0,128,8192,256,1024,928,604.257,613.281,611.68,0.8226
mixed,8,7,0.875,4.0,128,8192,512,2048,1856,665.922,681.026,678.498,0.8326
mixed,8,7,0.875,4.0,128,8192,1024,4096,3712,798.626,823.201,823.137,0.9974
mixed,8,7,0.875,4.0,128,8192,2048,8192,7424,1067.52,1128.9,1109.15,0.6783
mixed,8,7,0.875,4.0,128,8192,4096,16384,14848,1981.32,2186.5,2137.44,0.7609
mixed,8,7,0.875,4.0,256,0,128,512,464,97.28,109.023,106.144,0.7548
mixed,8,7,0.875,4.0,256,0,256,1024,928,160.064,174.752,171.647,0.7886
mixed,8,7,0.875,4.0,256,0,512,2048,1856,273.824,305.216,301.217,0.8726
mixed,8,7,0.875,4.0,256,0,1024,4096,3712,522.881,572.545,570.689,0.9626
mixed,8,7,0.875,4.0,256,0,2048,8192,7424,1010.63,1119.14,1106.69,0.8853
mixed,8,7,0.875,4.0,256,0,4096,16384,14848,2006.92,2211.56,2185.8,0.8741
mixed,8,7,0.875,4.0,256,512,128,512,464,129.375,147.936,130.016,0.0345
mixed,8,7,0.875,4.0,256,512,256,1024,928,189.665,197.666,182.08,-0.948
mixed,8,7,0.875,4.0,256,512,512,2048,1856,276.737,309.44,305.281,0.8728
mixed,8,7,0.875,4.0,256,512,1024,4096,3712,524.447,575.136,572.289,0.9438
mixed,8,7,0.875,4.0,256,512,2048,8192,7424,1005.73,1103.08,1098.72,0.9553
mixed,8,7,0.875,4.0,256,512,4096,16384,14848,1991.75,2201.16,2185.57,0.9256
mixed,8,7,0.875,4.0,256,1024,128,512,464,182.433,192.384,187.874,0.5468
mixed,8,7,0.875,4.0,256,1024,256,1024,928,225.345,247.168,204.384,-0.9605
mixed,8,7,0.875,4.0,256,1024,512,2048,1856,310.593,324.609,310.431,-0.0116
mixed,8,7,0.875,4.0,256,1024,1024,4096,3712,526.112,576.832,573.698,0.9382
mixed,8,7,0.875,4.0,256,1024,2048,8192,7424,1003.07,1103.2,1099.33,0.9613
mixed,8,7,0.875,4.0,256,1024,4096,16384,14848,1990.43,2198.28,2168.49,0.8567
mixed,8,7,0.875,4.0,256,2048,128,512,464,248.832,262.241,261.376,0.9355
mixed,8,7,0.875,4.0,256,2048,256,1024,928,310.048,321.41,315.969,0.5211
mixed,8,7,0.875,4.0,256,2048,512,2048,1856,398.018,440.448,350.721,-1.1147
mixed,8,7,0.875,4.0,256,2048,1024,4096,3712,552.098,580.609,576.321,0.8496
mixed,8,7,0.875,4.0,256,2048,2048,8192,7424,1006.21,1105.28,1099.04,0.937
mixed,8,7,0.875,4.0,256,2048,4096,16384,14848,1980.52,2188.1,2157.89,0.8545
mixed,8,7,0.875,4.0,256,4096,128,512,464,375.521,390.4,388.961,0.9033
mixed,8,7,0.875,4.0,256,4096,256,1024,928,440.512,456.321,451.745,0.7105
mixed,8,7,0.875,4.0,256,4096,512,2048,1856,554.111,578.624,573.858,0.8056
mixed,8,7,0.875,4.0,256,4096,1024,4096,3712,749.604,822.785,635.873,-1.5541
mixed,8,7,0.875,4.0,256,4096,2048,8192,7424,1032.42,1105.15,1097.67,0.8971
mixed,8,7,0.875,4.0,256,4096,4096,16384,14848,1973.48,2178.95,2147.3,0.846
mixed,8,7,0.875,4.0,256,8192,128,512,464,630.05,642.114,638.177,0.6737
mixed,8,7,0.875,4.0,256,8192,256,1024,928,690.624,710.273,703.839,0.6726
mixed,8,7,0.875,4.0,256,8192,512,2048,1856,805.985,833.09,831.458,0.9398
mixed,8,7,0.875,4.0,256,8192,1024,4096,3712,1046.85,1092.32,1090.41,0.9579
mixed,8,7,0.875,4.0,256,8192,2048,8192,7424,1436.87,1595.37,1205.19,-1.4617
mixed,8,7,0.875,4.0,256,8192,4096,16384,14848,2011.14,2169.9,2148.23,0.8635
mixed,8,7,0.875,4.0,512,0,128,512,464,135.777,151.422,148.929,0.8407
mixed,8,7,0.875,4.0,512,0,256,1024,928,199.777,214.464,207.552,0.5294
mixed,8,7,0.875,4.0,512,0,512,2048,1856,310.24,339.2,329.44,0.663
mixed,8,7,0.875,4.0,512,0,1024,4096,3712,546.752,593.729,583.36,0.7793
mixed,8,7,0.875,4.0,512,0,2048,8192,7424,1022.66,1123.81,1113.95,0.9025
mixed,8,7,0.875,4.0,512,0,4096,16384,14848,2009.1,2217.03,2193.77,0.8881
mixed,8,7,0.875,4.0,512,512,128,512,464,202.081,207.04,207.202,1.0327
mixed,8,7,0.875,4.0,512,512,256,1024,928,236.064,255.361,248.544,0.6467
mixed,8,7,0.875,4.0,512,512,512,2048,1856,350.976,378.913,368.45,0.6255
mixed,8,7,0.875,4.0,512,512,1024,4096,3712,583.937,631.811,617.346,0.6979
mixed,8,7,0.875,4.0,512,512,2048,8192,7424,1051.14,1144.48,1116.99,0.7055
mixed,8,7,0.875,4.0,512,512,4096,16384,14848,2000.04,2209.77,2185.76,0.8855
mixed,8,7,0.875,4.0,512,1024,128,512,464,259.712,269.538,268.96,0.9412
mixed,8,7,0.875,4.0,512,1024,256,1024,928,298.722,305.922,304.353,0.7821
mixed,8,7,0.875,4.0,512,1024,512,2048,1856,394.369,423.457,412.575,0.6259
mixed,8,7,0.875,4.0,512,1024,1024,4096,3712,620.227,669.122,654.979,0.7107
mixed,8,7,0.875,4.0,512,1024,2048,8192,7424,1088.8,1178.34,1149.83,0.6816
mixed,8,7,0.875,4.0,512,1024,4096,16384,14848,1997.51,2203.2,2164.52,0.8119
mixed,8,7,0.875,4.0,512,2048,128,512,464,380.671,389.857,385.762,0.5542
mixed,8,7,0.875,4.0,512,2048,256,1024,928,418.497,432.161,424.256,0.4215
mixed,8,7,0.875,4.0,512,2048,512,2048,1856,484.097,499.105,496.224,0.808
mixed,8,7,0.875,4.0,512,2048,1024,4096,3712,699.938,745.923,733.375,0.7271
mixed,8,7,0.875,4.0,512,2048,2048,8192,7424,1155.62,1250.37,1217.09,0.6487
mixed,8,7,0.875,4.0,512,2048,4096,16384,14848,2058.95,2247.43,2205.38,0.7769
mixed,8,7,0.875,4.0,512,4096,128,512,464,624.354,630.21,632.641,1.4151
mixed,8,7,0.875,4.0,512,4096,256,1024,928,662.787,667.04,671.234,1.9861
mixed,8,7,0.875,4.0,512,4096,512,2048,1856,724.032,752.224,744.258,0.7174
mixed,8,7,0.875,4.0,512,4096,1024,4096,3712,857.761,874.432,872.866,0.9061
mixed,8,7,0.875,4.0,512,4096,2048,8192,7424,1299.42,1387.3,1368.74,0.7888
mixed,8,7,0.875,4.0,512,4096,4096,16384,14848,2218.25,2410.18,2360.33,0.7402
mixed,8,7,0.875,4.0,512,8192,128,512,464,1114.21,1118.98,1120.83,1.3888
mixed,8,7,0.875,4.0,512,8192,256,1024,928,1147.43,1155.17,1151.27,0.4957
mixed,8,7,0.875,4.0,512,8192,512,2048,1856,1205.64,1226.44,1220.8,0.7291
mixed,8,7,0.875,4.0,512,8192,1024,4096,3712,1334.43,1388.32,1384.1,0.9216
mixed,8,7,0.875,4.0,512,8192,2048,8192,7424,1604.42,1657.12,1649.12,0.8482
mixed,8,7,0.875,4.0,512,8192,4096,16384,14848,2531.08,2699.43,2654.6,0.7337
mixed,8,7,0.875,4.0,1024,0,128,512,464,256.448,264.961,259.842,0.3987
mixed,8,7,0.875,4.0,1024,0,256,1024,928,298.624,314.72,307.072,0.5249
mixed,8,7,0.875,4.0,1024,0,512,2048,1856,414.049,447.682,429.665,0.4643
mixed,8,7,0.875,4.0,1024,0,1024,4096,3712,639.682,687.521,663.747,0.503
mixed,8,7,0.875,4.0,1024,0,2048,8192,7424,1107.81,1204.71,1168.39,0.6252
mixed,8,7,0.875,4.0,1024,0,4096,16384,14848,2037.8,2234.82,2193.28,0.7892
mixed,8,7,0.875,4.0,1024,512,128,512,464,361.089,371.521,366.435,0.5125
mixed,8,7,0.875,4.0,1024,512,256,1024,928,402.56,407.167,402.594,0.0074
mixed,8,7,0.875,4.0,1024,512,512,2048,1856,500.832,531.329,514.369,0.4439
mixed,8,7,0.875,4.0,1024,512,1024,4096,3712,737.374,783.298,751.807,0.3143
mixed,8,7,0.875,4.0,1024,512,2048,8192,7424,1180.61,1271.97,1227.55,0.5138
mixed,8,7,0.875,4.0,1024,512,4096,16384,14848,2090.18,2282.15,2229.22,0.7243
mixed,8,7,0.875,4.0,1024,1024,128,512,464,463.552,470.368,467.585,0.5917
mixed,8,7,0.875,4.0,1024,1024,256,1024,928,504.962,513.343,502.146,-0.336
mixed,8,7,0.875,4.0,1024,1024,512,2048,1856,582.495,605.345,589.537,0.3082
mixed,8,7,0.875,4.0,1024,1024,1024,4096,3712,827.937,867.299,841.44,0.343
mixed,8,7,0.875,4.0,1024,1024,2048,8192,7424,1261.51,1357.09,1305.6,0.4613
mixed,8,7,0.875,4.0,1024,1024,4096,16384,14848,2161.96,2348.45,2282.92,0.6486
mixed,8,7,0.875,4.0,1024,2048,128,512,464,651.201,666.305,661.408,0.6758
mixed,8,7,0.875,4.0,1024,2048,256,1024,928,710.049,721.343,710.561,0.0453
mixed,8,7,0.875,4.0,1024,2048,512,2048,1856,777.25,808.833,762.21,-0.4762
mixed,8,7,0.875,4.0,1024,2048,1024,4096,3712,981.763,1035.49,1006.91,0.4682
mixed,8,7,0.875,4.0,1024,2048,2048,8192,7424,1469.86,1563.04,1464.13,-0.0614
mixed,8,7,0.875,4.0,1024,2048,4096,16384,14848,2318.44,2503.46,2420.81,0.5533
mixed,8,7,0.875,4.0,1024,4096,128,512,464,1018.98,1032.65,1023.56,0.3351
mixed,8,7,0.875,4.0,1024,4096,256,1024,928,1084.13,1100.55,1085.92,0.1092
mixed,8,7,0.875,4.0,1024,4096,512,2048,1856,1192.51,1213.51,1203.07,0.503
mixed,8,7,0.875,4.0,1024,4096,1024,4096,3712,1368.99,1436.19,1270.63,-1.4637
mixed,8,7,0.875,4.0,1024,4096,2048,8192,7424,1793.32,1924.87,1786.69,-0.0503
mixed,8,7,0.875,4.0,1024,4096,4096,16384,14848,2749.77,2932.13,2739.21,-0.0579
mixed,8,7,0.875,4.0,1024,8192,128,512,464,1756.83,1766.75,1762.66,0.5871
mixed,8,7,0.875,4.0,1024,8192,256,1024,928,1817.06,1834.76,1819.84,0.1574
mixed,8,7,0.875,4.0,1024,8192,512,2048,1856,1929.67,1961.51,1944.64,0.4703
mixed,8,7,0.875,4.0,1024,8192,1024,4096,3712,2173.32,2202.37,2189.54,0.5584
mixed,8,7,0.875,4.0,1024,8192,2048,8192,7424,2557.99,2681.42,2323.27,-1.9015
mixed,8,7,0.875,4.0,1024,8192,4096,16384,14848,3465.51,3735.31,3380.49,-0.3151
mixed,8,7,0.875,4.0,2048,0,128,512,464,609.6,620.546,618.369,0.8011
mixed,8,7,0.875,4.0,2048,0,256,1024,928,660.674,666.019,653.889,-1.2694
mixed,8,7,0.875,4.0,2048,0,512,2048,1856,730.914,758.08,743.68,0.4699
mixed,8,7,0.875,4.0,2048,0,1024,4096,3712,973.731,1024.45,992.481,0.3697
mixed,8,7,0.875,4.0,2048,0,2048,8192,7424,1432.26,1524.39,1467.87,0.3865
mixed,8,7,0.875,4.0,2048,0,4096,16384,14848,2304.13,2492.55,2416.84,0.5982
mixed,8,7,0.875,4.0,2048,512,128,512,464,804.1,810.946,809.057,0.7241
mixed,8,7,0.875,4.0,2048,512,256,1024,928,837.409,848.163,837.667,0.024
mixed,8,7,0.875,4.0,2048,512,512,2048,1856,907.3,926.243,911.619,0.228
mixed,8,7,0.875,4.0,2048,512,1024,4096,3712,1144.99,1192.2,1162.37,0.3681
mixed,8,7,0.875,4.0,2048,512,2048,8192,7424,1611.59,1708.77,1652.87,0.4248
mixed,8,7,0.875,4.0,2048,512,4096,16384,14848,2483.88,2662.69,2573.03,0.4986
mixed,8,7,0.875,4.0,2048,1024,128,512,464,979.777,984.225,985.216,1.2228
mixed,8,7,0.875,4.0,2048,1024,256,1024,928,1022.5,1029.89,1026.43,0.5326
mixed,8,7,0.875,4.0,2048,1024,512,2048,1856,1099.04,1111.04,1096.64,-0.2002
mixed,8,7,0.875,4.0,2048,1024,1024,4096,3712,1304.77,1354.05,1324.67,0.4039
mixed,8,7,0.875,4.0,2048,1024,2048,8192,7424,1782.34,1879.39,1815.3,0.3396
mixed,8,7,0.875,4.0,2048,1024,4096,16384,14848,2667.84,2847.11,2750.63,0.4618
mixed,8,7,0.875,4.0,2048,2048,128,512,464,1348.58,1357.51,1351.2,0.2944
mixed,8,7,0.875,4.0,2048,2048,256,1024,928,1384.26,1399.08,1397.51,0.8942
mixed,8,7,0.875,4.0,2048,2048,512,2048,1856,1460.96,1488.29,1466.5,0.2026
mixed,8,7,0.875,4.0,2048,2048,1024,4096,3712,1622.56,1676.74,1640.45,0.3302
mixed,8,7,0.875,4.0,2048,2048,2048,8192,7424,2113.16,2213.12,2153.06,0.3992
mixed,8,7,0.875,4.0,2048,2048,4096,16384,14848,3040.87,3225.9,3112.43,0.3867
mixed,8,7,0.875,4.0,2048,4096,128,512,464,2076.36,2085.32,2081.25,0.5465
mixed,8,7,0.875,4.0,2048,4096,256,1024,928,2110.95,2120.97,2114.08,0.313
mixed,8,7,0.875,4.0,2048,4096,512,2048,1856,2187.91,2210.82,2194.38,0.2821
mixed,8,7,0.875,4.0,2048,4096,1024,4096,3712,2341.54,2361.86,2347.68,0.3023
mixed,8,7,0.875,4.0,2048,4096,2048,8192,7424,2758.18,2863.3,2797.41,0.3732
mixed,8,7,0.875,4.0,2048,4096,4096,16384,14848,3752.68,3931.72,3787.34,0.1936
mixed,8,7,0.875,4.0,2048,8192,128,512,464,3547.4,3549.58,3547.68,0.132
mixed,8,7,0.875,4.0,2048,8192,256,1024,928,3577.74,3588.74,3580.87,0.2844
mixed,8,7,0.875,4.0,2048,8192,512,2048,1856,3629,3661.32,3640.26,0.3485
mixed,8,7,0.875,4.0,2048,8192,1024,4096,3712,3786.98,3823.95,3797.61,0.2875
mixed,8,7,0.875,4.0,2048,8192,2048,8192,7424,4057.9,4097.29,4074.15,0.4126
mixed,8,7,0.875,4.0,2048,8192,4096,16384,14848,5029.23,5193.39,5057.97,0.1751
pure,16,1,0.0625,4.0,0,0,128,512,152,65.088,107.712,65.795,0.0166
pure,16,1,0.0625,4.0,0,0,256,1024,304,83.265,178.241,82.656,-0.0064
pure,16,1,0.0625,4.0,0,0,512,2048,608,119.807,328.834,120.288,0.0023
pure,16,1,0.0625,4.0,0,0,1024,4096,1216,208.257,611.937,208.963,0.0017
pure,16,1,0.0625,4.0,0,0,2048,8192,2432,383.904,1133.67,390.207,0.0084
pure,16,1,0.0625,4.0,0,0,4096,16384,4864,707.557,2188.59,709.89,0.0016
mixed,16,1,0.0625,4.0,16,0,128,512,152,73.281,147.072,94.433,0.2866
mixed,16,1,0.0625,4.0,16,0,256,1024,304,100.865,250.175,145.792,0.3009
mixed,16,1,0.0625,4.0,16,0,512,2048,608,154.049,447.457,243.746,0.3057
mixed,16,1,0.0625,4.0,16,0,1024,4096,1216,278.304,840.195,436.031,0.2807
mixed,16,1,0.0625,4.0,16,0,2048,8192,2432,518.562,1682.09,814.048,0.254
mixed,16,1,0.0625,4.0,16,0,4096,16384,4864,988.353,3306.28,1587.39,0.2584
mixed,16,1,0.0625,4.0,16,512,128,512,152,98.688,148.352,115.071,0.3299
mixed,16,1,0.0625,4.0,16,512,256,1024,304,117.504,250.656,162.239,0.336
mixed,16,1,0.0625,4.0,16,512,512,2048,608,154.847,448.802,242.881,0.2995
mixed,16,1,0.0625,4.0,16,512,1024,4096,1216,278.592,843.523,436.802,0.2801
mixed,16,1,0.0625,4.0,16,512,2048,8192,2432,522.433,1684.39,817.25,0.2537
mixed,16,1,0.0625,4.0,16,512,4096,16384,4864,988.322,3299.66,1589.7,0.2602
mixed,16,1,0.0625,4.0,16,1024,128,512,152,131.487,182.175,147.039,0.3068
mixed,16,1,0.0625,4.0,16,1024,256,1024,304,151.103,251.105,172.641,0.2154
mixed,16,1,0.0625,4.0,16,1024,512,2048,608,187.423,448.48,275.553,0.3376
mixed,16,1,0.0625,4.0,16,1024,1024,4096,1216,278.976,845.026,437.312,0.2797
mixed,16,1,0.0625,4.0,16,1024,2048,8192,2432,518.53,1682.06,822.401,0.2612
mixed,16,1,0.0625,4.0,16,1024,4096,16384,4864,987.429,3300.46,1591.08,0.261
mixed,16,1,0.0625,4.0,16,2048,128,512,152,194.688,246.592,208.832,0.2725
mixed,16,1,0.0625,4.0,16,2048,256,1024,304,213.504,313.793,235.007,0.2144
mixed,16,1,0.0625,4.0,16,2048,512,2048,608,250.723,452.097,284.032,0.1654
mixed,16,1,0.0625,4.0,16,2048,1024,4096,1216,334.496,847.523,501.376,0.3253
mixed,16,1,0.0625,4.0,16,2048,2048,8192,2432,522.657,1670.11,822.241,0.2611
mixed,16,1,0.0625,4.0,16,2048,4096,16384,4864,997.667,3303.82,1591.07,0.2573
mixed,16,1,0.0625,4.0,16,4096,128,512,152,319.232,369.441,331.007,0.2345
mixed,16,1,0.0625,4.0,16,4096,256,1024,304,338.304,437.79,359.232,0.2104
mixed,16,1,0.0625,4.0,16,4096,512,2048,608,374.21,578.401,406.592,0.1586
mixed,16,1,0.0625,4.0,16,4096,1024,4096,1216,460.8,853.889,505.345,0.1133
mixed,16,1,0.0625,4.0,16,4096,2048,8192,2432,627.2,1664.71,943.392,0.3048
mixed,16,1,0.0625,4.0,16,4096,4096,16384,4864,1004.23,3313.61,1598.76,0.2574
mixed,16,1,0.0625,4.0,16,8192,128,512,152,569.568,616.193,577.538,0.1709
mixed,16,1,0.0625,4.0,16,8192,256,1024,304,586.817,686.274,605.091,0.1837
mixed,16,1,0.0625,4.0,16,8192,512,2048,608,621.824,821.826,655.84,0.1701
mixed,16,1,0.0625,4.0,16,8192,1024,4096,1216,706.72,1102.85,750.433,0.1104
mixed,16,1,0.0625,4.0,16,8192,2048,8192,2432,871.489,1729.89,947.683,0.0888
mixed,16,1,0.0625,4.0,16,8192,4096,16384,4864,1228.96,3378.92,1832.55,0.2807
mixed,16,1,0.0625,4.0,32,0,128,512,152,73.504,148.033,94.719,0.2847
mixed,16,1,0.0625,4.0,32,0,256,1024,304,100.512,249.408,145.186,0.3
mixed,16,1,0.0625,4.0,32,0,512,2048,608,154.017,446.4,243.553,0.3062
mixed,16,1,0.0625,4.0,32,0,1024,4096,1216,278.144,844.097,435.074,0.2773
mixed,16,1,0.0625,4.0,32,0,2048,8192,2432,518.881,1680.64,819.682,0.2589
mixed,16,1,0.0625,4.0,32,0,4096,16384,4864,987.46,3304.27,1586.98,0.2588
mixed,16,1,0.0625,4.0,32,512,128,512,152,100,148.928,114.944,0.3054
mixed,16,1,0.0625,4.0,32,512,256,1024,304,118.368,250.72,162.144,0.3308
mixed,16,1,0.0625,4.0,32,512,512,2048,608,154.947,447.617,244.767,0.3069
mixed,16,1,0.0625,4.0,32,512,1024,4096,1216,278.401,846.85,436.608,0.2783
mixed,16,1,0.0625,4.0,32,512,2048,8192,2432,523.648,1683.59,821.346,0.2566
mixed,16,1,0.0625,4.0,32,512,4096,16384,4864,990.435,3306.12,1592.84,0.2601
mixed,16,1,0.0625,4.0,32,1024,128,512,152,131.966,182.143,146.977,0.2992
mixed,16,1,0.0625,4.0,32,1024,256,1024,304,151.521,251.649,173.215,0.2167
mixed,16,1,0.0625,4.0,32,1024,512,2048,608,187.552,451.2,276.609,0.3378
mixed,16,1,0.0625,4.0,32,1024,1024,4096,1216,279.585,846.018,436.832,0.2776
mixed,16,1,0.0625,4.0,32,1024,2048,8192,2432,520.577,1682.54,825.057,0.262
mixed,16,1,0.0625,4.0,32,1024,4096,16384,4864,989.539,3303.88,1592.77,0.2607
mixed,16,1,0.0625,4.0,32,2048,128,512,152,196.32,246.399,209.152,0.2562
mixed,16,1,0.0625,4.0,32,2048,256,1024,304,213.504,314.594,234.912,0.2118
mixed,16,1,0.0625,4.0,32,2048,512,2048,608,250.368,450.337,284.64,0.1714
mixed,16,1,0.0625,4.0,32,2048,1024,4096,1216,334.656,846.208,503.168,0.3294
mixed,16,1,0.0625,4.0,32,2048,2048,8192,2432,523.937,1667.43,824.226,0.2626
mixed,16,1,0.0625,4.0,32,2048,4096,16384,4864,998.308,3302.7,1590.05,0.2568
mixed,16,1,0.0625,4.0,32,4096,128,512,152,318.818,368.353,331.807,0.2622
mixed,16,1,0.0625,4.0,32,4096,256,1024,304,337.44,439.298,358.115,0.203
mixed,16,1,0.0625,4.0,32,4096,512,2048,608,376.448,579.779,406.562,0.1481
mixed,16,1,0.0625,4.0,32,4096,1024,4096,1216,459.713,853.603,506.305,0.1183
mixed,16,1,0.0625,4.0,32,4096,2048,8192,2432,627.809,1665.25,944.513,0.3053
mixed,16,1,0.0625,4.0,32,4096,4096,16384,4864,1003.55,3315.37,1599.33,0.2577
mixed,16,1,0.0625,4.0,32,8192,128,512,152,565.473,615.009,581.569,0.3249
mixed,16,1,0.0625,4.0,32,8192,256,1024,304,585.345,684.163,603.714,0.1859
mixed,16,1,0.0625,4.0,32,8192,512,2048,608,620.225,822.273,653.409,0.1642
mixed,16,1,0.0625,4.0,32,8192,1024,4096,1216,705.186,1105.83,752.13,0.1172
mixed,16,1,0.0625,4.0,32,8192,2048,8192,2432,871.074,1727.08,948.257,0.0902
mixed,16,1,0.0625,4.0,32,8192,4096,16384,4864,1231.65,3374.38,1836.87,0.2825
mixed,16,1,0.0625,4.0,64,0,128,512,152,73.473,147.937,95.393,0.2944
mixed,16,1,0.0625,4.0,64,0,256,1024,304,100.801,250.498,145.825,0.3008
mixed,16,1,0.0625,4.0,64,0,512,2048,608,154.307,447.488,243.712,0.3049
mixed,16,1,0.0625,4.0,64,0,1024,4096,1216,279.329,842.878,436.642,0.2791
mixed,16,1,0.0625,4.0,64,0,2048,8192,2432,520.962,1674.24,820.065,0.2593
mixed,16,1,0.0625,4.0,64,0,4096,16384,4864,990.434,3310.92,1590.6,0.2586
mixed,16,1,0.0625,4.0,64,512,128,512,152,101.248,149.312,116.513,0.3176
mixed,16,1,0.0625,4.0,64,512,256,1024,304,119.68,250.273,164.128,0.3404
mixed,16,1,0.0625,4.0,64,512,512,2048,608,154.944,449.376,244.673,0.3048
mixed,16,1,0.0625,4.0,64,512,1024,4096,1216,279.329,842.626,438.272,0.2822
mixed,16,1,0.0625,4.0,64,512,2048,8192,2432,523.746,1680.61,824.387,0.2599
mixed,16,1,0.0625,4.0,64,512,4096,16384,4864,989.923,3301.51,1592.65,0.2607
mixed,16,1,0.0625,4.0,64,1024,128,512,152,132.64,182.048,148.544,0.3219
mixed,16,1,0.0625,4.0,64,1024,256,1024,304,152.865,252.61,173.888,0.2108
mixed,16,1,0.0625,4.0,64,1024,512,2048,608,189.311,452.321,277.888,0.3368
mixed,16,1,0.0625,4.0,64,1024,1024,4096,1216,279.137,846.755,438.05,0.28
mixed,16,1,0.0625,4.0,64,1024,2048,8192,2432,520.961,1685.32,826.658,0.2625
mixed,16,1,0.0625,4.0,64,1024,4096,16384,4864,990.946,3303.05,1590.47,0.2593
mixed,16,1,0.0625,4.0,64,2048,128,512,152,196.895,246.273,211.105,0.2878
mixed,16,1,0.0625,4.0,64,2048,256,1024,304,216.19,317.472,235.872,0.1943
mixed,16,1,0.0625,4.0,64,2048,512,2048,608,251.743,451.968,285.76,0.1699
mixed,16,1,0.0625,4.0,64,2048,1024,4096,1216,336.898,847.65,502.851,0.3249
mixed,16,1,0.0625,4.0,64,2048,2048,8192,2432,524.674,1673.6,828.867,0.2648
mixed,16,1,0.0625,4.0,64,2048,4096,16384,4864,1000.32,3306.54,1594.15,0.2575
mixed,16,1,0.0625,4.0,64,4096,128,512,152,321.985,370.143,332.863,0.2259
mixed,16,1,0.0625,4.0,64,4096,256,1024,304,340.258,441.122,360.417,0.1999
mixed,16,1,0.0625,4.0,64,4096,512,2048,608,377.152,580.193,408.193,0.1529
mixed,16,1,0.0625,4.0,64,4096,1024,4096,1216,461.633,857.026,507.234,0.1153
mixed,16,1,0.0625,4.0,64,4096,2048,8192,2432,629.698,1672.07,943.969,0.3015
mixed,16,1,0.0625,4.0,64,4096,4096,16384,4864,1008.45,3322.57,1602.15,0.2566
mixed,16,1,0.0625,4.0,64,8192,128,512,152,569.508,617.122,579.297,0.2056
mixed,16,1,0.0625,4.0,64,8192,256,1024,304,587.745,687.108,606.368,0.1874
mixed,16,1,0.0625,4.0,64,8192,512,2048,608,621.89,826.53,654.304,0.1584
mixed,16,1,0.0625,4.0,64,8192,1024,4096,1216,710.112,1110.31,753.314,0.108
mixed,16,1,0.0625,4.0,64,8192,2048,8192,2432,876.769,1729.35,948.963,0.0847
mixed,16,1,0.0625,4.0,64,8192,4096,16384,4864,1237.09,3384.59,1836.93,0.2793
mixed,16,1,0.0625,4.0,128,0,128,512,152,87.2,161.344,109.954,0.3069
mixed,16,1,0.0625,4.0,128,0,256,1024,304,114.145,260.385,161.309,0.3225
mixed,16,1,0.0625,4.0,128,0,512,2048,608,166.078,455.201,259.263,0.3223
mixed,16,1,0.0625,4.0,128,0,1024,4096,1216,288.13,847.362,448.768,0.2872
mixed,16,1,0.0625,4.0,128,0,2048,8192,2432,528.674,1685.19,830.081,0.2606
mixed,16,1,0.0625,4.0,128,0,4096,16384,4864,992.8,3304.4,1595.33,0.2607
mixed,16,1,0.0625,4.0,128,512,128,512,152,121.887,191.905,121.472,-0.0059
mixed,16,1,0.0625,4.0,128,512,256,1024,304,139.745,294.464,174.943,0.2275
mixed,16,1,0.0625,4.0,128,512,512,2048,608,198.016,484.32,286.146,0.3078
mixed,16,1,0.0625,4.0,128,512,1024,4096,1216,321.409,861.602,482.72,0.2986
mixed,16,1,0.0625,4.0,128,512,2048,8192,2432,557.442,1684.87,860.225,0.2686
mixed,16,1,0.0625,4.0,128,512,4096,16384,4864,1002.21,3310.8,1617.35,0.2665
mixed,16,1,0.0625,4.0,128,1024,128,512,152,155.522,220.287,156.288,0.0118
mixed,16,1,0.0625,4.0,128,1024,256,1024,304,181.952,322.625,180.544,-0.01
mixed,16,1,0.0625,4.0,128,1024,512,2048,608,222.527,519.873,286.431,0.2149
mixed,16,1,0.0625,4.0,128,1024,1024,4096,1216,353.153,896.291,508.896,0.2867
mixed,16,1,0.0625,4.0,128,1024,2048,8192,2432,590.178,1682.83,891.427,0.2757
mixed,16,1,0.0625,4.0,128,1024,4096,16384,4864,1036.32,3293,1651.01,0.2724
mixed,16,1,0.0625,4.0,128,2048,128,512,152,218.273,290.689,218.113,-0.0022
mixed,16,1,0.0625,4.0,128,2048,256,1024,304,245.503,387.232,244.609,-0.0063
mixed,16,1,0.0625,4.0,128,2048,512,2048,608,296.545,577.217,295.23,-0.0047
mixed,16,1,0.0625,4.0,128,2048,1024,4096,1216,398.24,961.89,509.632,0.1976
mixed,16,1,0.0625,4.0,128,2048,2048,8192,2432,657.023,1723.62,946.467,0.2714
mixed,16,1,0.0625,4.0,128,2048,4096,16384,4864,1104.22,3308.65,1722.37,0.2804
mixed,16,1,0.0625,4.0,128,4096,128,512,152,347.424,416.736,344.672,-0.0397
mixed,16,1,0.0625,4.0,128,4096,256,1024,304,371.456,514.369,369.568,-0.0132
mixed,16,1,0.0625,4.0,128,4096,512,2048,608,420.64,707.713,421.09,0.0016
mixed,16,1,0.0625,4.0,128,4096,1024,4096,1216,543.682,1092.32,521.09,-0.0412
mixed,16,1,0.0625,4.0,128,4096,2048,8192,2432,735.682,1925.45,954.466,0.1839
mixed,16,1,0.0625,4.0,128,4096,4096,16384,4864,1256.32,3430.73,1842.82,0.2697
mixed,16,1,0.0625,4.0,128,8192,128,512,152,595.651,664.897,596.895,0.018
mixed,16,1,0.0625,4.0,128,8192,256,1024,304,619.745,760.322,620.162,0.003
mixed,16,1,0.0625,4.0,128,8192,512,2048,608,669.217,957.955,670.754,0.0053
mixed,16,1,0.0625,4.0,128,8192,1024,4096,1216,787.555,1347.46,770.913,-0.0297
mixed,16,1,0.0625,4.0,128,8192,2048,8192,2432,1031.59,2188.04,961.57,-0.0605
mixed,16,1,0.0625,4.0,128,8192,4096,16384,4864,1403.17,3992.65,1843.39,0.17
mixed,16,1,0.0625,4.0,256,0,128,512,152,100.416,181.185,121.76,0.2643
mixed,16,1,0.0625,4.0,256,0,256,1024,304,131.04,278.88,177.312,0.313
mixed,16,1,0.0625,4.0,256,0,512,2048,608,185.312,473.155,282.21,0.3366
mixed,16,1,0.0625,4.0,256,0,1024,4096,1216,306.689,860.737,472.898,0.3
mixed,16,1,0.0625,4.0,256,0,2048,8192,2432,545.728,1684.81,847.298,0.2647
mixed,16,1,0.0625,4.0,256,0,4096,16384,4864,1009.76,3303.56,1608.2,0.2609
mixed,16,1,0.0625,4.0,256,512,128,512,152,145.663,212,150.912,0.0791
mixed,16,1,0.0625,4.0,256,512,256,1024,304,168.642,314.526,195.554,0.1845
mixed,16,1,0.0625,4.0,256,512,512,2048,608,217.217,506.113,298.049,0.2798
mixed,16,1,0.0625,4.0,256,512,1024,4096,1216,341.216,897.251,509.888,0.3033
mixed,16,1,0.0625,4.0,256,512,2048,8192,2432,577.985,1684,903.586,0.2944
mixed,16,1,0.0625,4.0,256,512,4096,16384,4864,1043.04,3305.55,1653.38,0.2698
mixed,16,1,0.0625,4.0,256,1024,128,512,152,195.073,249.184,196.288,0.0225
mixed,16,1,0.0625,4.0,256,1024,256,1024,304,217.441,341.698,221.664,0.034
mixed,16,1,0.0625,4.0,256,1024,512,2048,608,254.754,541.153,326.176,0.2494
mixed,16,1,0.0625,4.0,256,1024,1024,4096,1216,367.043,928.258,522.659,0.2773
mixed,16,1,0.0625,4.0,256,1024,2048,8192,2432,609.411,1724.77,941.666,0.2979
mixed,16,1,0.0625,4.0,256,1024,4096,16384,4864,1076.83,3303.79,1712.48,0.2854
mixed,16,1,0.0625,4.0,256,2048,128,512,152,270.081,352.673,274.335,0.0515
mixed,16,1,0.0625,4.0,256,2048,256,1024,304,305.247,411.745,312.608,0.0691
mixed,16,1,0.0625,4.0,256,2048,512,2048,608,355.715,600.353,357.666,0.008
mixed,16,1,0.0625,4.0,256,2048,1024,4096,1216,439.136,993.603,579.041,0.2523
mixed,16,1,0.0625,4.0,256,2048,2048,8192,2432,674.435,1780,964.831,0.2627
mixed,16,1,0.0625,4.0,256,2048,4096,16384,4864,1141.47,3349.68,1820.32,0.3074
mixed,16,1,0.0625,4.0,256,4096,128,512,152,395.937,491.938,401.57,0.0587
mixed,16,1,0.0625,4.0,256,4096,256,1024,304,430.944,607.203,443.969,0.0739
mixed,16,1,0.0625,4.0,256,4096,512,2048,608,500.735,731.489,527.587,0.1164
mixed,16,1,0.0625,4.0,256,4096,1024,4096,1216,645.281,1115.62,638.913,-0.0135
mixed,16,1,0.0625,4.0,256,4096,2048,8192,2432,804.259,1998.73,1076.55,0.228
mixed,16,1,0.0625,4.0,256,4096,4096,16384,4864,1274.53,3631.44,1855.11,0.2463
mixed,16,1,0.0625,4.0,256,8192,128,512,152,652.289,741.603,655.008,0.0304
mixed,16,1,0.0625,4.0,256,8192,256,1024,304,681.025,870.882,691.65,0.056
mixed,16,1,0.0625,4.0,256,8192,512,2048,608,748.673,1108.13,776.066,0.0762
mixed,16,1,0.0625,4.0,256,8192,1024,4096,1216,905.955,1378.85,937.154,0.066
mixed,16,1,0.0625,4.0,256,8192,2048,8192,2432,1207.65,2192.39,1208.48,0.0008
mixed,16,1,0.0625,4.0,256,8192,4096,16384,4864,1525.64,4187.69,2099.24,0.2155
mixed,16,1,0.0625,4.0,512,0,128,512,152,153.216,222.398,160.192,0.1008
mixed,16,1,0.0625,4.0,512,0,256,1024,304,174.946,333.343,215.649,0.257
mixed,16,1,0.0625,4.0,512,0,512,2048,608,226.049,529.12,319.905,0.3097
mixed,16,1,0.0625,4.0,512,0,1024,4096,1216,364.353,915.65,524.833,0.2911
mixed,16,1,0.0625,4.0,512,0,2048,8192,2432,602.56,1705.44,913.345,0.2818
mixed,16,1,0.0625,4.0,512,0,4096,16384,4864,1061.8,3313.23,1674.63,0.2722
mixed,16,1,0.0625,4.0,512,512,128,512,152,220,284.479,222.207,0.0342
mixed,16,1,0.0625,4.0,512,512,256,1024,304,242.142,374.305,254.016,0.0898
mixed,16,1,0.0625,4.0,512,512,512,2048,608,287.967,590.944,360.96,0.2409
mixed,16,1,0.0625,4.0,512,512,1024,4096,1216,400.641,979.363,572.643,0.2972
mixed,16,1,0.0625,4.0,512,512,2048,8192,2432,666.594,1759.43,966.273,0.2742
mixed,16,1,0.0625,4.0,512,512,4096,16384,4864,1122.95,3328.68,1754.12,0.2861
mixed,16,1,0.0625,4.0,512,1024,128,512,152,281.472,347.01,282.56,0.0166
mixed,16,1,0.0625,4.0,512,1024,256,1024,304,306.019,429.601,309.698,0.0298
mixed,16,1,0.0625,4.0,512,1024,512,2048,608,352.322,616.865,398.019,0.1727
mixed,16,1,0.0625,4.0,512,1024,1024,4096,1216,460.578,1041.92,614.88,0.2654
mixed,16,1,0.0625,4.0,512,1024,2048,8192,2432,703.938,1821.16,1010.18,0.2741
mixed,16,1,0.0625,4.0,512,1024,4096,16384,4864,1189.25,3380.07,1838.12,0.2962
mixed,16,1,0.0625,4.0,512,2048,128,512,152,402.017,473.347,400.034,-0.0278
mixed,16,1,0.0625,4.0,512,2048,256,1024,304,424.77,568.865,427.17,0.0167
mixed,16,1,0.0625,4.0,512,2048,512,2048,608,476.033,742.211,486.081,0.0377
mixed,16,1,0.0625,4.0,512,2048,1024,4096,1216,583.233,1133.09,684.77,0.1847
mixed,16,1,0.0625,4.0,512,2048,2048,8192,2432,821.155,1940.17,1115.14,0.2627
mixed,16,1,0.0625,4.0,512,2048,4096,16384,4864,1304.77,3496.07,1889.73,0.2669
mixed,16,1,0.0625,4.0,512,4096,128,512,152,641.282,693.441,640.194,-0.0209
mixed,16,1,0.0625,4.0,512,4096,256,1024,304,658.528,801.922,661.794,0.0228
mixed,16,1,0.0625,4.0,512,4096,512,2048,608,707.809,999.042,714.434,0.0227
mixed,16,1,0.0625,4.0,512,4096,1024,4096,1216,849.536,1374.02,829.279,-0.0386
mixed,16,1,0.0625,4.0,512,4096,2048,8192,2432,1032.13,2163.17,1248.71,0.1915
mixed,16,1,0.0625,4.0,512,4096,4096,16384,4864,1508.74,3967.73,2122.12,0.2494
mixed,16,1,0.0625,4.0,512,8192,128,512,152,1126.53,1183.04,1128.99,0.0435
mixed,16,1,0.0625,4.0,512,8192,256,1024,304,1143.43,1253.79,1144.9,0.0133
mixed,16,1,0.0625,4.0,512,8192,512,2048,608,1182.95,1423.46,1186.47,0.0146
mixed,16,1,0.0625,4.0,512,8192,1024,4096,1216,1276.13,1873.96,1261.83,-0.0239
mixed,16,1,0.0625,4.0,512,8192,2048,8192,2432,1564.26,2697.99,1534.98,-0.0258
mixed,16,1,0.0625,4.0,512,8192,4096,16384,4864,1923.17,4364.75,2382.02,0.1879
mixed,16,1,0.0625,4.0,1024,0,128,512,152,283.999,346.209,286.785,0.0448
mixed,16,1,0.0625,4.0,1024,0,256,1024,304,307.424,439.072,316.192,0.0666
mixed,16,1,0.0625,4.0,1024,0,512,2048,608,348.449,651.073,423.104,0.2467
mixed,16,1,0.0625,4.0,1024,0,1024,4096,1216,470.688,1060.26,637.666,0.2832
mixed,16,1,0.0625,4.0,1024,0,2048,8192,2432,731.777,1837.92,1043.04,0.2814
mixed,16,1,0.0625,4.0,1024,0,4096,16384,4864,1206.18,3400.27,1843.17,0.2903
mixed,16,1,0.0625,4.0,1024,512,128,512,152,389.698,452.32,389.184,-0.0082
mixed,16,1,0.0625,4.0,1024,512,256,1024,304,412.673,533.504,418.784,0.0506
mixed,16,1,0.0625,4.0,1024,512,512,2048,608,457.345,739.65,503.841,0.1647
mixed,16,1,0.0625,4.0,1024,512,1024,4096,1216,558.56,1156.45,716.672,0.2644
mixed,16,1,0.0625,4.0,1024,512,2048,8192,2432,817.22,1949.77,1128.7,0.275
mixed,16,1,0.0625,4.0,1024,512,4096,16384,4864,1320.55,3505.93,1939.43,0.2832
mixed,16,1,0.0625,4.0,1024,1024,128,512,152,490.115,554.784,492.77,0.0411
mixed,16,1,0.0625,4.0,1024,1024,256,1024,304,516.162,635.395,520.512,0.0365
mixed,16,1,0.0625,4.0,1024,1024,512,2048,608,561.919,824.708,576.096,0.0539
mixed,16,1,0.0625,4.0,1024,1024,1024,4096,1216,659.648,1246.72,794.146,0.2291
mixed,16,1,0.0625,4.0,1024,1024,2048,8192,2432,901.058,2069.12,1213.54,0.2675
mixed,16,1,0.0625,4.0,1024,1024,4096,16384,4864,1409.09,3628.84,2021,0.2757
mixed,16,1,0.0625,4.0,1024,2048,128,512,152,680.577,757.537,684.193,0.047
mixed,16,1,0.0625,4.0,1024,2048,256,1024,304,711.074,843.169,720.033,0.0678
mixed,16,1,0.0625,4.0,1024,2048,512,2048,608,762.786,1012,769.058,0.0252
mixed,16,1,0.0625,4.0,1024,2048,1024,4096,1216,867.329,1408.99,942.305,0.1384
mixed,16,1,0.0625,4.0,1024,2048,2048,8192,2432,1081.6,2256.74,1365.44,0.2415
mixed,16,1,0.0625,4.0,1024,2048,4096,16384,4864,1558.02,3925.96,2201.83,0.2719
mixed,16,1,0.0625,4.0,1024,4096,128,512,152,1053.89,1139.46,1053.83,-0.0007
mixed,16,1,0.0625,4.0,1024,4096,256,1024,304,1080.07,1244.87,1089.03,0.0544
mixed,16,1,0.0625,4.0,1024,4096,512,2048,608,1144.48,1406.21,1160.39,0.0608
mixed,16,1,0.0625,4.0,1024,4096,1024,4096,1216,1271.94,1766.09,1277.03,0.0103
mixed,16,1,0.0625,4.0,1024,4096,2048,8192,2432,1471.68,2564.72,1681.67,0.1921
mixed,16,1,0.0625,4.0,1024,4096,4096,16384,4864,1901.93,4882.67,2486.88,0.1962
mixed,16,1,0.0625,4.0,1024,8192,128,512,152,1783.43,1866.76,1787.56,0.0496
mixed,16,1,0.0625,4.0,1024,8192,256,1024,304,1817.47,1995.11,1820.48,0.017
mixed,16,1,0.0625,4.0,1024,8192,512,2048,608,1876.01,2222.47,1890.89,0.043
mixed,16,1,0.0625,4.0,1024,8192,1024,4096,1216,2030.25,2530.73,2032.48,0.0045
mixed,16,1,0.0625,4.0,1024,8192,2048,8192,2432,2315.08,3311.5,2283.43,-0.0318
mixed,16,1,0.0625,4.0,1024,8192,4096,16384,4864,2671.47,4983.89,3173.09,0.2169
mixed,16,1,0.0625,4.0,2048,0,128,512,152,664.098,727.329,662.786,-0.0207
mixed,16,1,0.0625,4.0,2048,0,256,1024,304,687.939,806.465,692.355,0.0373
mixed,16,1,0.0625,4.0,2048,0,512,2048,608,731.553,994.146,747.298,0.06
mixed,16,1,0.0625,4.0,2048,0,1024,4096,1216,829.665,1426.12,961.186,0.2205
mixed,16,1,0.0625,4.0,2048,0,2048,8192,2432,1076.8,2277.96,1384.07,0.2558
mixed,16,1,0.0625,4.0,2048,0,4096,16384,4864,1580.48,3858.28,2189.83,0.2675
mixed,16,1,0.0625,4.0,2048,512,128,512,152,851.427,910.402,853.216,0.0303
mixed,16,1,0.0625,4.0,2048,512,256,1024,304,875.074,992.897,875.426,0.003
mixed,16,1,0.0625,4.0,2048,512,512,2048,608,915.809,1160.04,927.171,0.0465
mixed,16,1,0.0625,4.0,2048,512,1024,4096,1216,1014.31,1592.39,1118.88,0.1809
mixed,16,1,0.0625,4.0,2048,512,2048,8192,2432,1244.19,2449.23,1552.99,0.2563
mixed,16,1,0.0625,4.0,2048,512,4096,16384,4864,1751.43,4118.7,2388.11,0.269
mixed,16,1,0.0625,4.0,2048,1024,128,512,152,1030.08,1094.43,1030.4,0.005
mixed,16,1,0.0625,4.0,2048,1024,256,1024,304,1056.29,1179.87,1060.83,0.0368
mixed,16,1,0.0625,4.0,2048,1024,512,2048,608,1099.27,1344.32,1109.06,0.04
mixed,16,1,0.0625,4.0,2048,1024,1024,4096,1216,1205.25,1758.56,1278.37,0.1322
mixed,16,1,0.0625,4.0,2048,1024,2048,8192,2432,1403.68,2619.21,1705.22,0.2481
mixed,16,1,0.0625,4.0,2048,1024,4096,16384,4864,1918.63,4458.32,2545.09,0.2467
mixed,16,1,0.0625,4.0,2048,2048,128,512,152,1396.13,1460.58,1400.68,0.0705
mixed,16,1,0.0625,4.0,2048,2048,256,1024,304,1415.91,1554.47,1431.08,0.1095
mixed,16,1,0.0625,4.0,2048,2048,512,2048,608,1464.84,1717.44,1473.6,0.0347
mixed,16,1,0.0625,4.0,2048,2048,1024,4096,1216,1568.83,2084.32,1589.03,0.0392
mixed,16,1,0.0625,4.0,2048,2048,2048,8192,2432,1780.33,2949.67,2023.94,0.2083
mixed,16,1,0.0625,4.0,2048,2048,4096,16384,4864,2247.94,4848.78,2877.9,0.2422
mixed,16,1,0.0625,4.0,2048,4096,128,512,152,2126.09,2185.41,2128.8,0.0458
mixed,16,1,0.0625,4.0,2048,4096,256,1024,304,2143.91,2273.06,2145.16,0.0096
mixed,16,1,0.0625,4.0,2048,4096,512,2048,608,2186.73,2454.82,2201.13,0.0537
mixed,16,1,0.0625,4.0,2048,4096,1024,4096,1216,2296.45,2799.34,2306.7,0.0204
mixed,16,1,0.0625,4.0,2048,4096,2048,8192,2432,2514.12,3612.87,2639.72,0.1143
mixed,16,1,0.0625,4.0,2048,4096,4096,16384,4864,2932.1,5587.6,3528.2,0.2245
mixed,16,1,0.0625,4.0,2048,8192,128,512,152,3594.28,3651.02,3598.22,0.0693
mixed,16,1,0.0625,4.0,2048,8192,256,1024,304,3616.3,3723.91,3623.98,0.0714
mixed,16,1,0.0625,4.0,2048,8192,512,2048,608,3653.67,3904.94,3669.16,0.0616
mixed,16,1,0.0625,4.0,2048,8192,1024,4096,1216,3745.67,4273.99,3746.92,0.0024
mixed,16,1,0.0625,4.0,2048,8192,2048,8192,2432,3966.15,5012.08,3963.44,-0.0026
mixed,16,1,0.0625,4.0,2048,8192,4096,16384,4864,4383.21,6694.42,4759.92,0.163
pure,16,2,0.125,4.0,0,0,128,512,176,66.849,107.808,69.76,0.0711
pure,16,2,0.125,4.0,0,0,256,1024,352,90.306,179.425,88.094,-0.0248
pure,16,2,0.125,4.0,0,0,512,2048,704,130.369,329.311,133.473,0.0156
pure,16,2,0.125,4.0,0,0,1024,4096,1408,245.473,613.088,242.148,-0.009
pure,16,2,0.125,4.0,0,0,2048,8192,2816,434.497,1133.35,433.029,-0.0021
pure,16,2,0.125,4.0,0,0,4096,16384,5632,804.418,2187.37,800.354,-0.0029
mixed,16,2,0.125,4.0,16,0,128,512,176,74.399,147.456,105.088,0.4201
mixed,16,2,0.125,4.0,16,0,256,1024,352,102.848,249.217,163.906,0.4172
mixed,16,2,0.125,4.0,16,0,512,2048,704,177.088,447.747,280.065,0.3805
mixed,16,2,0.125,4.0,16,0,1024,4096,1408,323.009,841.698,500.896,0.343
mixed,16,2,0.125,4.0,16,0,2048,8192,2816,594.21,1682.12,946.627,0.3239
mixed,16,2,0.125,4.0,16,0,4096,16384,5632,1153.73,3303.28,1820.96,0.3104
mixed,16,2,0.125,4.0,16,512,128,512,176,99.551,148.511,116.416,0.3445
mixed,16,2,0.125,4.0,16,512,256,1024,352,119.296,249.664,172.32,0.4067
mixed,16,2,0.125,4.0,16,512,512,2048,704,176.288,448.704,284.928,0.3988
mixed,16,2,0.125,4.0,16,512,1024,4096,1408,324.257,846.785,500.642,0.3376
mixed,16,2,0.125,4.0,16,512,2048,8192,2816,595.138,1680.64,939.169,0.3169
mixed,16,2,0.125,4.0,16,512,4096,16384,5632,1154.53,3301.23,1819.43,0.3097
mixed,16,2,0.125,4.0,16,1024,128,512,176,132.993,181.375,147.808,0.3062
mixed,16,2,0.125,4.0,16,1024,256,1024,352,152.673,251.584,174.56,0.2213
mixed,16,2,0.125,4.0,16,1024,512,2048,704,200.897,450.177,284.865,0.3368
mixed,16,2,0.125,4.0,16,1024,1024,4096,1408,324.927,844.096,506.913,0.3505
mixed,16,2,0.125,4.0,16,1024,2048,8192,2816,594.307,1681.35,943.455,0.3212
mixed,16,2,0.125,4.0,16,1024,4096,16384,5632,1152.99,3304.43,1821.99,0.311
mixed,16,2,0.125,4.0,16,2048,128,512,176,196.512,244.737,211.424,0.3092
mixed,16,2,0.125,4.0,16,2048,256,1024,352,217.088,312.929,237.12,0.209
mixed,16,2,0.125,4.0,16,2048,512,2048,704,265.441,450.592,286.654,0.1146
mixed,16,2,0.125,4.0,16,2048,1024,4096,1408,366.433,844.385,507.969,0.2961
mixed,16,2,0.125,4.0,16,2048,2048,8192,2816,598.176,1672.52,949.187,0.3267
mixed,16,2,0.125,4.0,16,2048,4096,16384,5632,1149.57,3307.05,1822.37,0.3118
mixed,16,2,0.125,4.0,16,4096,128,512,176,318.977,370.239,334.017,0.2934
mixed,16,2,0.125,4.0,16,4096,256,1024,352,341.6,438.177,360.801,0.1988
mixed,16,2,0.125,4.0,16,4096,512,2048,704,389.473,581.44,409.249,0.103
mixed,16,2,0.125,4.0,16,4096,1024,4096,1408,491.073,854.69,509.41,0.0504
mixed,16,2,0.125,4.0,16,4096,2048,8192,2816,677.762,1667.62,950.242,0.2753
mixed,16,2,0.125,4.0,16,4096,4096,16384,5632,1165.28,3319.85,1857.03,0.3211
mixed,16,2,0.125,4.0,16,8192,128,512,176,569.442,614.819,582.37,0.2849
mixed,16,2,0.125,4.0,16,8192,256,1024,352,588.195,684.227,606.37,0.1893
mixed,16,2,0.125,4.0,16,8192,512,2048,704,637.856,827.874,656.96,0.1005
mixed,16,2,0.125,4.0,16,8192,1024,4096,1408,736.128,1102.08,755.011,0.0516
mixed,16,2,0.125,4.0,16,8192,2048,8192,2816,929.539,1726.82,953.121,0.0296
mixed,16,2,0.125,4.0,16,8192,4096,16384,5632,1343.97,3385.8,1842.66,0.2442
mixed,16,2,0.125,4.0,32,0,128,512,176,75.168,147.808,106.336,0.4291
mixed,16,2,0.125,4.0,32,0,256,1024,352,103.359,251.328,164.064,0.4103
mixed,16,2,0.125,4.0,32,0,512,2048,704,177.312,447.456,279.999,0.3801
mixed,16,2,0.125,4.0,32,0,1024,4096,1408,322.914,844.096,500.8,0.3413
mixed,16,2,0.125,4.0,32,0,2048,8192,2816,595.137,1684.33,943.297,0.3197
mixed,16,2,0.125,4.0,32,0,4096,16384,5632,1154.76,3304.27,1817.12,0.3081
mixed,16,2,0.125,4.0,32,512,128,512,176,99.519,148.897,116.929,0.3526
mixed,16,2,0.125,4.0,32,512,256,1024,352,120.704,250.977,172.863,0.4004
mixed,16,2,0.125,4.0,32,512,512,2048,704,177.345,448.769,283.264,0.3902
mixed,16,2,0.125,4.0,32,512,1024,4096,1408,324.929,844.035,500.995,0.3392
mixed,16,2,0.125,4.0,32,512,2048,8192,2816,597.955,1676.93,941.442,0.3183
mixed,16,2,0.125,4.0,32,512,4096,16384,5632,1152.04,3306.12,1816.8,0.3086
mixed,16,2,0.125,4.0,32,1024,128,512,176,133.408,181.952,149.697,0.3356
mixed,16,2,0.125,4.0,32,1024,256,1024,352,154.114,250.881,174.304,0.2086
mixed,16,2,0.125,4.0,32,1024,512,2048,704,202.08,449.76,284.288,0.3319
mixed,16,2,0.125,4.0,32,1024,1024,4096,1408,324.287,846.017,505.599,0.3475
mixed,16,2,0.125,4.0,32,1024,2048,8192,2816,597.378,1677.76,943.906,0.3207
mixed,16,2,0.125,4.0,32,1024,4096,16384,5632,1154.12,3307.15,1819.62,0.3091
mixed,16,2,0.125,4.0,32,2048,128,512,176,194.943,245.568,211.231,0.3217
mixed,16,2,0.125,4.0,32,2048,256,1024,352,216.992,315.297,237.28,0.2064
mixed,16,2,0.125,4.0,32,2048,512,2048,704,267.585,449.633,286.723,0.1051
mixed,16,2,0.125,4.0,32,2048,1024,4096,1408,364.768,847.458,507.873,0.2965
mixed,16,2,0.125,4.0,32,2048,2048,8192,2816,596.866,1664.68,951.808,0.3324
mixed,16,2,0.125,4.0,32,2048,4096,16384,5632,1148.99,3304.53,1822.56,0.3125
mixed,16,2,0.125,4.0,32,4096,128,512,176,320.288,369.312,334.179,0.2834
mixed,16,2,0.125,4.0,32,4096,256,1024,352,340.706,440.608,360.574,0.1989
mixed,16,2,0.125,4.0,32,4096,512,2048,704,390.08,579.808,409.824,0.1041
mixed,16,2,0.125,4.0,32,4096,1024,4096,1408,492.449,855.618,511.425,0.0523
mixed,16,2,0.125,4.0,32,4096,2048,8192,2816,681.379,1668.81,949.922,0.272
mixed,16,2,0.125,4.0,32,4096,4096,16384,5632,1164.8,3318.09,1854.47,0.3203
mixed,16,2,0.125,4.0,32,8192,128,512,176,567.873,617.282,582.306,0.2921
mixed,16,2,0.125,4.0,32,8192,256,1024,352,589.248,685.697,606.721,0.1812
mixed,16,2,0.125,4.0,32,8192,512,2048,704,635.49,822.625,656.097,0.1101
mixed,16,2,0.125,4.0,32,8192,1024,4096,1408,737.632,1103.42,756.097,0.0505
mixed,16,2,0.125,4.0,32,8192,2048,8192,2816,927.204,1726.18,953.955,0.0335
mixed,16,2,0.125,4.0,32,8192,4096,16384,5632,1348.16,3380.33,1849,0.2465
mixed,16,2,0.125,4.0,64,0,128,512,176,75.392,147.841,106.977,0.436
mixed,16,2,0.125,4.0,64,0,256,1024,352,102.945,249.633,164.769,0.4215
mixed,16,2,0.125,4.0,64,0,512,2048,704,177.824,446.016,279.872,0.3805
mixed,16,2,0.125,4.0,64,0,1024,4096,1408,324.001,843.364,501.535,0.3418
mixed,16,2,0.125,4.0,64,0,2048,8192,2816,597.025,1687.65,942.084,0.3164
mixed,16,2,0.125,4.0,64,0,4096,16384,5632,1156.01,3305.26,1820.9,0.3094
mixed,16,2,0.125,4.0,64,512,128,512,176,101.055,150.048,117.534,0.3364
mixed,16,2,0.125,4.0,64,512,256,1024,352,122.367,250.178,172.162,0.3896
mixed,16,2,0.125,4.0,64,512,512,2048,704,177.439,447.905,284.672,0.3965
mixed,16,2,0.125,4.0,64,512,1024,4096,1408,325.759,845.602,502.915,0.3408
mixed,16,2,0.125,4.0,64,512,2048,8192,2816,600.128,1687.27,944.61,0.3169
mixed,16,2,0.125,4.0,64,512,4096,16384,5632,1157.32,3305.74,1823.59,0.3101
mixed,16,2,0.125,4.0,64,1024,128,512,176,134.785,182.656,150.432,0.3269
mixed,16,2,0.125,4.0,64,1024,256,1024,352,154.304,253.025,175.489,0.2146
mixed,16,2,0.125,4.0,64,1024,512,2048,704,204.321,452.196,285.25,0.3265
mixed,16,2,0.125,4.0,64,1024,1024,4096,1408,325.09,843.553,506.819,0.3505
mixed,16,2,0.125,4.0,64,1024,2048,8192,2816,598.882,1682.15,945.601,0.3201
mixed,16,2,0.125,4.0,64,1024,4096,16384,5632,1157.12,3304.62,1815.78,0.3067
mixed,16,2,0.125,4.0,64,2048,128,512,176,197.567,246.336,212.386,0.3039
mixed,16,2,0.125,4.0,64,2048,256,1024,352,217.44,315.904,238.721,0.2161
mixed,16,2,0.125,4.0,64,2048,512,2048,704,265.855,451.683,287.519,0.1166
mixed,16,2,0.125,4.0,64,2048,1024,4096,1408,366.976,845.987,507.872,0.2941
mixed,16,2,0.125,4.0,64,2048,2048,8192,2816,601.699,1674.82,950.946,0.3254
mixed,16,2,0.125,4.0,64,2048,4096,16384,5632,1151.78,3304.36,1822.54,0.3116
mixed,16,2,0.125,4.0,64,4096,128,512,176,321.346,371.074,336.192,0.2985
mixed,16,2,0.125,4.0,64,4096,256,1024,352,341.024,439.843,362.37,0.216
mixed,16,2,0.125,4.0,64,4096,512,2048,704,390.752,579.201,411.617,0.1107
mixed,16,2,0.125,4.0,64,4096,1024,4096,1408,494.527,857.407,511.649,0.0472
mixed,16,2,0.125,4.0,64,4096,2048,8192,2816,681.762,1669.93,950.752,0.2722
mixed,16,2,0.125,4.0,64,4096,4096,16384,5632,1168.45,3321.1,1857.55,0.3201
mixed,16,2,0.125,4.0,64,8192,128,512,176,568.515,616.993,583.105,0.301
mixed,16,2,0.125,4.0,64,8192,256,1024,352,592.353,690.113,609.568,0.1761
mixed,16,2,0.125,4.0,64,8192,512,2048,704,639.01,829.381,658.24,0.101
mixed,16,2,0.125,4.0,64,8192,1024,4096,1408,742.786,1113.47,757.121,0.0387
mixed,16,2,0.125,4.0,64,8192,2048,8192,2816,933.25,1730.24,955.266,0.0276
mixed,16,2,0.125,4.0,64,8192,4096,16384,5632,1349.63,3386.19,1851.14,0.2463
mixed,16,2,0.125,4.0,128,0,128,512,176,87.969,160.704,113.665,0.3533
mixed,16,2,0.125,4.0,128,0,256,1024,352,115.905,261.184,168.737,0.3637
mixed,16,2,0.125,4.0,128,0,512,2048,704,189.28,455.618,282.944,0.3517
mixed,16,2,0.125,4.0,128,0,1024,4096,1408,334.497,849.155,502.304,0.3261
mixed,16,2,0.125,4.0,128,0,2048,8192,2816,600.929,1679.27,945.251,0.3193
mixed,16,2,0.125,4.0,128,0,4096,16384,5632,1150.69,3303.3,1819.81,0.3108
mixed,16,2,0.125,4.0,128,512,128,512,176,122.881,191.714,123.17,0.0042
mixed,16,2,0.125,4.0,128,512,256,1024,352,140.161,295.168,177.282,0.2395
mixed,16,2,0.125,4.0,128,512,512,2048,704,223.263,485.666,289.249,0.2515
mixed,16,2,0.125,4.0,128,512,1024,4096,1408,366.081,862.048,505.888,0.2819
mixed,16,2,0.125,4.0,128,512,2048,8192,2816,627.137,1684.3,944.289,0.3
mixed,16,2,0.125,4.0,128,512,4096,16384,5632,1151.9,3303.82,1822.43,0.3116
mixed,16,2,0.125,4.0,128,1024,128,512,176,157.535,223.585,157.568,0.0005
mixed,16,2,0.125,4.0,128,1024,256,1024,352,183.937,323.105,183.136,-0.0058
mixed,16,2,0.125,4.0,128,1024,512,2048,704,230.978,518.755,292.576,0.214
mixed,16,2,0.125,4.0,128,1024,1024,4096,1408,397.986,891.234,513.057,0.2333
mixed,16,2,0.125,4.0,128,1024,2048,8192,2816,659.778,1678.37,949.314,0.2843
mixed,16,2,0.125,4.0,128,1024,4096,16384,5632,1176.32,3303.65,1824.68,0.3048
mixed,16,2,0.125,4.0,128,2048,128,512,176,219.394,291.008,221.281,0.0263
mixed,16,2,0.125,4.0,128,2048,256,1024,352,247.552,389.505,259.873,0.0868
mixed,16,2,0.125,4.0,128,2048,512,2048,704,317.825,576.416,303.263,-0.0563
mixed,16,2,0.125,4.0,128,2048,1024,4096,1408,420.193,966.337,519.104,0.1811
mixed,16,2,0.125,4.0,128,2048,2048,8192,2816,726.371,1718.28,955.299,0.2308
mixed,16,2,0.125,4.0,128,2048,4096,16384,5632,1246.5,3305.8,1830.5,0.2836
mixed,16,2,0.125,4.0,128,4096,128,512,176,346.113,416.544,347.041,0.0132
mixed,16,2,0.125,4.0,128,4096,256,1024,352,373.185,514.883,385.313,0.0856
mixed,16,2,0.125,4.0,128,4096,512,2048,704,443.906,706.658,456.93,0.0496
mixed,16,2,0.125,4.0,128,4096,1024,4096,1408,585.825,1093.95,572.898,-0.0254
mixed,16,2,0.125,4.0,128,4096,2048,8192,2816,775.139,1921.19,963.36,0.1642
mixed,16,2,0.125,4.0,128,4096,4096,16384,5632,1414.02,3434.09,1855.81,0.2187
mixed,16,2,0.125,4.0,128,8192,128,512,176,590.593,663.972,597.187,0.0899
mixed,16,2,0.125,4.0,128,8192,256,1024,352,620.13,762.623,631.011,0.0764
mixed,16,2,0.125,4.0,128,8192,512,2048,704,692.064,957.056,704.193,0.0458
mixed,16,2,0.125,4.0,128,8192,1024,4096,1408,833.697,1348.83,831.458,-0.0043
mixed,16,2,0.125,4.0,128,8192,2048,8192,2816,1104.87,2190.24,1088.13,-0.0154
mixed,16,2,0.125,4.0,128,8192,4096,16384,5632,1482.88,3995.15,1860.23,0.1502
mixed,16,2,0.125,4.0,256,0,128,512,176,101.409,180.481,125.312,0.3023
mixed,16,2,0.125,4.0,256,0,256,1024,352,133.665,279.682,182.594,0.3351
mixed,16,2,0.125,4.0,256,0,512,2048,704,209.311,472.128,292.256,0.3156
mixed,16,2,0.125,4.0,256,0,1024,4096,1408,352.512,865.377,512.002,0.311
mixed,16,2,0.125,4.0,256,0,2048,8192,2816,618.046,1681.8,947.458,0.3097
mixed,16,2,0.125,4.0,256,0,4096,16384,5632,1161.32,3302.35,1829.44,0.3121
mixed,16,2,0.125,4.0,256,512,128,512,176,147.744,211.776,156.512,0.1369
mixed,16,2,0.125,4.0,256,512,256,1024,352,169.92,314.368,204.064,0.2364
mixed,16,2,0.125,4.0,256,512,512,2048,704,236.767,508.225,304.961,0.2512
mixed,16,2,0.125,4.0,256,512,1024,4096,1408,386.431,896.802,519.778,0.2613
mixed,16,2,0.125,4.0,256,512,2048,8192,2816,652.256,1689.67,952.035,0.289
mixed,16,2,0.125,4.0,256,512,4096,16384,5632,1195.62,3306.58,1835.85,0.3033
mixed,16,2,0.125,4.0,256,1024,128,512,176,196.32,248.799,202.017,0.1086
mixed,16,2,0.125,4.0,256,1024,256,1024,352,217.599,343.137,226.273,0.0691
mixed,16,2,0.125,4.0,256,1024,512,2048,704,275.233,538.561,336.897,0.2342
mixed,16,2,0.125,4.0,256,1024,1024,4096,1408,418.754,928.769,533.922,0.2258
mixed,16,2,0.125,4.0,256,1024,2048,8192,2816,682.53,1719.72,962.5,0.2699
mixed,16,2,0.125,4.0,256,1024,4096,16384,5632,1225.25,3304.34,1834.27,0.2929
mixed,16,2,0.125,4.0,256,2048,128,512,176,272.128,353.28,280.866,0.1077
mixed,16,2,0.125,4.0,256,2048,256,1024,352,308.994,411.393,316.385,0.0722
mixed,16,2,0.125,4.0,256,2048,512,2048,704,368.193,598.402,362.561,-0.0245
mixed,16,2,0.125,4.0,256,2048,1024,4096,1408,481.505,995.938,591.746,0.2143
mixed,16,2,0.125,4.0,256,2048,2048,8192,2816,749.475,1781.16,974.626,0.2182
mixed,16,2,0.125,4.0,256,2048,4096,16384,5632,1288.84,3355.09,1849.48,0.2713
mixed,16,2,0.125,4.0,256,4096,128,512,176,398.88,493.314,406.146,0.0769
mixed,16,2,0.125,4.0,256,4096,256,1024,352,434.241,608.611,460.323,0.1496
mixed,16,2,0.125,4.0,256,4096,512,2048,704,530.563,731.617,562.145,0.1571
mixed,16,2,0.125,4.0,256,4096,1024,4096,1408,667.521,1120.04,654.978,-0.0277
mixed,16,2,0.125,4.0,256,4096,2048,8192,2816,876.322,2009.99,1095.97,0.1937
mixed,16,2,0.125,4.0,256,4096,4096,16384,5632,1425.19,3625.58,1872.04,0.2031
mixed,16,2,0.125,4.0,256,8192,128,512,176,645.889,742.913,659.713,0.1425
mixed,16,2,0.125,4.0,256,8192,256,1024,352,687.136,869.444,705.89,0.1029
mixed,16,2,0.125,4.0,256,8192,512,2048,704,780.546,1112.8,810.178,0.0892
mixed,16,2,0.125,4.0,256,8192,1024,4096,1408,968.037,1378.95,997.537,0.0718
mixed,16,2,0.125,4.0,256,8192,2048,8192,2816,1264.64,2198.09,1236.55,-0.0301
mixed,16,2,0.125,4.0,256,8192,4096,16384,5632,1676.49,4186.15,2118.12,0.176
mixed,16,2,0.125,4.0,512,0,128,512,176,153.441,221.601,165.696,0.1798
mixed,16,2,0.125,4.0,512,0,256,1024,352,176.064,333.408,223.007,0.2983
mixed,16,2,0.125,4.0,512,0,512,2048,704,251.969,528.098,333.09,0.2938
mixed,16,2,0.125,4.0,512,0,1024,4096,1408,407.649,916.483,546.37,0.2726
mixed,16,2,0.125,4.0,512,0,2048,8192,2816,675.041,1708.87,967.298,0.2827
mixed,16,2,0.125,4.0,512,0,4096,16384,5632,1210.82,3301.73,1851.72,0.3065
mixed,16,2,0.125,4.0,512,512,128,512,176,219.968,281.856,227.457,0.121
mixed,16,2,0.125,4.0,512,512,256,1024,352,244.767,373.888,261.919,0.1328
mixed,16,2,0.125,4.0,512,512,512,2048,704,304.993,590.433,372.831,0.2377
mixed,16,2,0.125,4.0,512,512,1024,4096,1408,449.314,976.802,590.176,0.267
mixed,16,2,0.125,4.0,512,512,2048,8192,2816,738.017,1757.03,1015.01,0.2718
mixed,16,2,0.125,4.0,512,512,4096,16384,5632,1271.72,3332.24,1860.84,0.2859
mixed,16,2,0.125,4.0,512,1024,128,512,176,280.512,348.802,289.728,0.135
mixed,16,2,0.125,4.0,512,1024,256,1024,352,309.154,430.306,320.033,0.0898
mixed,16,2,0.125,4.0,512,1024,512,2048,704,369.375,618.434,410.465,0.165
mixed,16,2,0.125,4.0,512,1024,1024,4096,1408,508.577,1045.18,634.69,0.235
mixed,16,2,0.125,4.0,512,1024,2048,8192,2816,792.513,1815.33,1068.32,0.2697
mixed,16,2,0.125,4.0,512,1024,4096,16384,5632,1335.04,3374.76,1875.27,0.2649
mixed,16,2,0.125,4.0,512,2048,128,512,176,400.994,474.464,408.673,0.1045
mixed,16,2,0.125,4.0,512,2048,256,1024,352,423.329,566.37,437.985,0.1025
mixed,16,2,0.125,4.0,512,2048,512,2048,704,501.026,741.121,501.184,0.0007
mixed,16,2,0.125,4.0,512,2048,1024,4096,1408,615.361,1132.1,704.802,0.1731
mixed,16,2,0.125,4.0,512,2048,2048,8192,2816,881.025,1940.32,1137.19,0.2418
mixed,16,2,0.125,4.0,512,2048,4096,16384,5632,1457.32,3492.04,2016.23,0.2747
mixed,16,2,0.125,4.0,512,4096,128,512,176,640.962,700.225,642.946,0.0335
mixed,16,2,0.125,4.0,512,4096,256,1024,352,660.127,801.443,669.313,0.065
mixed,16,2,0.125,4.0,512,4096,512,2048,704,726.241,1007.81,731.777,0.0197
mixed,16,2,0.125,4.0,512,4096,1024,4096,1408,870.273,1373.77,853.858,-0.0326
mixed,16,2,0.125,4.0,512,4096,2048,8192,2816,1085.22,2160.58,1271.14,0.1729
mixed,16,2,0.125,4.0,512,4096,4096,16384,5632,1604.29,3934.63,2145.99,0.2325
mixed,16,2,0.125,4.0,512,8192,128,512,176,1127.26,1174.92,1130.37,0.0652
mixed,16,2,0.125,4.0,512,8192,256,1024,352,1145.95,1253.22,1153.28,0.0683
mixed,16,2,0.125,4.0,512,8192,512,2048,704,1199.59,1433.03,1211.74,0.0521
mixed,16,2,0.125,4.0,512,8192,1024,4096,1408,1314.63,1878.18,1333.92,0.0342
mixed,16,2,0.125,4.0,512,8192,2048,8192,2816,1612.58,2692.78,1580.96,-0.0293
mixed,16,2,0.125,4.0,512,8192,4096,16384,5632,2025.03,4361.1,2410.44,0.165
mixed,16,2,0.125,4.0,1024,0,128,512,176,285.408,346.304,290.881,0.0899
mixed,16,2,0.125,4.0,1024,0,256,1024,352,309.569,438.88,325.503,0.1232
mixed,16,2,0.125,4.0,1024,0,512,2048,704,369.441,653.824,440.738,0.2507
mixed,16,2,0.125,4.0,1024,0,1024,4096,1408,521.696,1061.44,658.273,0.253
mixed,16,2,0.125,4.0,1024,0,2048,8192,2816,811.969,1838.56,1089.44,0.2703
mixed,16,2,0.125,4.0,1024,0,4096,16384,5632,1354.5,3394.25,1924.77,0.2796
mixed,16,2,0.125,4.0,1024,512,128,512,176,388.834,453.441,396.866,0.1243
mixed,16,2,0.125,4.0,1024,512,256,1024,352,416.354,534.655,425.057,0.0736
mixed,16,2,0.125,4.0,1024,512,512,2048,704,476.867,739.841,518.625,0.1588
mixed,16,2,0.125,4.0,1024,512,1024,4096,1408,605.185,1158.91,740.355,0.2441
mixed,16,2,0.125,4.0,1024,512,2048,8192,2816,896.579,1951.69,1178.59,0.2673
mixed,16,2,0.125,4.0,1024,512,4096,16384,5632,1475.3,3501.26,2024.68,0.2712
mixed,16,2,0.125,4.0,1024,1024,128,512,176,493.665,553.952,496.64,0.0493
mixed,16,2,0.125,4.0,1024,1024,256,1024,352,517.441,638.849,526.689,0.0762
mixed,16,2,0.125,4.0,1024,1024,512,2048,704,578.654,821.666,594.049,0.0634
mixed,16,2,0.125,4.0,1024,1024,1024,4096,1408,702.305,1243.33,820.003,0.2175
mixed,16,2,0.125,4.0,1024,1024,2048,8192,2816,982.273,2070.28,1258.88,0.2542
mixed,16,2,0.125,4.0,1024,1024,4096,16384,5632,1560.36,3623.31,2117.12,0.2699
mixed,16,2,0.125,4.0,1024,2048,128,512,176,682.943,759.298,692.16,0.1207
mixed,16,2,0.125,4.0,1024,2048,256,1024,352,712.863,842.049,731.232,0.1422
mixed,16,2,0.125,4.0,1024,2048,512,2048,704,782.626,1009.92,789.475,0.0301
mixed,16,2,0.125,4.0,1024,2048,1024,4096,1408,901.859,1410.31,972.994,0.1399
mixed,16,2,0.125,4.0,1024,2048,2048,8192,2816,1148.7,2257.86,1420.26,0.2448
mixed,16,2,0.125,4.0,1024,2048,4096,16384,5632,1722.28,3940.84,2297.96,0.2595
mixed,16,2,0.125,4.0,1024,4096,128,512,176,1051.84,1137.7,1059.91,0.0939
mixed,16,2,0.125,4.0,1024,4096,256,1024,352,1080.35,1245.28,1101.44,0.1279
mixed,16,2,0.125,4.0,1024,4096,512,2048,704,1170.18,1403.27,1182.27,0.0519
mixed,16,2,0.125,4.0,1024,4096,1024,4096,1408,1311.81,1770.95,1304.32,-0.0163
mixed,16,2,0.125,4.0,1024,4096,2048,8192,2816,1536.51,2562.41,1726.37,0.1851
mixed,16,2,0.125,4.0,1024,4096,4096,16384,5632,2062.28,4940.08,2651.91,0.2049
mixed,16,2,0.125,4.0,1024,8192,128,512,176,1788.36,1870.63,1790.47,0.0256
mixed,16,2,0.125,4.0,1024,8192,256,1024,352,1814.88,1996.71,1828.13,0.0729
mixed,16,2,0.125,4.0,1024,8192,512,2048,704,1903.46,2223.33,1917.77,0.0447
mixed,16,2,0.125,4.0,1024,8192,1024,4096,1408,2093.92,2529.57,2109.48,0.0357
mixed,16,2,0.125,4.0,1024,8192,2048,8192,2816,2372.93,3309.67,2350.28,-0.0242
mixed,16,2,0.125,4.0,1024,8192,4096,16384,5632,2809.06,4987.79,3229.65,0.193
mixed,16,2,0.125,4.0,2048,0,128,512,176,661.76,728.323,670.562,0.1322
mixed,16,2,0.125,4.0,2048,0,256,1024,352,688.067,805.888,704.577,0.1401
mixed,16,2,0.125,4.0,2048,0,512,2048,704,757.571,994.177,766.785,0.0389
mixed,16,2,0.125,4.0,2048,0,1024,4096,1408,866.497,1428.45,991.041,0.2216
mixed,16,2,0.125,4.0,2048,0,2048,8192,2816,1154.47,2281.83,1437.38,0.2509
mixed,16,2,0.125,4.0,2048,0,4096,16384,5632,1748.07,3860.84,2301.22,0.2618
mixed,16,2,0.125,4.0,2048,512,128,512,176,852.77,914.178,859.233,0.1052
mixed,16,2,0.125,4.0,2048,512,256,1024,352,871.969,990.016,887.201,0.129
mixed,16,2,0.125,4.0,2048,512,512,2048,704,933.89,1161.32,941.6,0.0339
mixed,16,2,0.125,4.0,2048,512,1024,4096,1408,1064.83,1602.47,1158.15,0.1736
mixed,16,2,0.125,4.0,2048,512,2048,8192,2816,1327.71,2448.94,1609.93,0.2517
mixed,16,2,0.125,4.0,2048,512,4096,16384,5632,1913,4128.23,2479.08,0.2555
mixed,16,2,0.125,4.0,2048,1024,128,512,176,1040.42,1094.69,1038.69,-0.0318
mixed,16,2,0.125,4.0,2048,1024,256,1024,352,1056.55,1179.23,1066.37,0.0801
mixed,16,2,0.125,4.0,2048,1024,512,2048,704,1121.73,1339.97,1131.23,0.0435
mixed,16,2,0.125,4.0,2048,1024,1024,4096,1408,1242.5,1758.98,1318.15,0.1465
mixed,16,2,0.125,4.0,2048,1024,2048,8192,2816,1486.56,2623.43,1767.24,0.2469
mixed,16,2,0.125,4.0,2048,1024,4096,16384,5632,2082.98,4452.33,2648.88,0.2388
mixed,16,2,0.125,4.0,2048,2048,128,512,176,1401.73,1456.87,1405.47,0.0679
mixed,16,2,0.125,4.0,2048,2048,256,1024,352,1422.24,1546.4,1437.48,0.1227
mixed,16,2,0.125,4.0,2048,2048,512,2048,704,1486.91,1718.12,1496.55,0.0417
mixed,16,2,0.125,4.0,2048,2048,1024,4096,1408,1613.83,2086.56,1622.4,0.0181
mixed,16,2,0.125,4.0,2048,2048,2048,8192,2816,1843.3,2951.37,2088.23,0.221
mixed,16,2,0.125,4.0,2048,2048,4096,16384,5632,2414.59,4856.75,2994.09,0.2373
mixed,16,2,0.125,4.0,2048,4096,128,512,176,2125.09,2194.28,2138.89,0.1995
mixed,16,2,0.125,4.0,2048,4096,256,1024,352,2152,2277.86,2157.6,0.0445
mixed,16,2,0.125,4.0,2048,4096,512,2048,704,2213.58,2452.36,2220.84,0.0304
mixed,16,2,0.125,4.0,2048,4096,1024,4096,1408,2340.8,2787.78,2337.7,-0.0069
mixed,16,2,0.125,4.0,2048,4096,2048,8192,2816,2573.93,3613.39,2719.01,0.1396
mixed,16,2,0.125,4.0,2048,4096,4096,16384,5632,3076.58,5540.08,3631.37,0.2252
mixed,16,2,0.125,4.0,2048,8192,128,512,176,3594.19,3651.47,3595.02,0.0145
mixed,16,2,0.125,4.0,2048,8192,256,1024,352,3614.64,3720.84,3629.46,0.1396
mixed,16,2,0.125,4.0,2048,8192,512,2048,704,3669.77,3902.64,3669.71,-0.0003
mixed,16,2,0.125,4.0,2048,8192,1024,4096,1408,3787.24,4276.36,3783.17,-0.0083
mixed,16,2,0.125,4.0,2048,8192,2048,8192,2816,4035.73,5025.65,4043.95,0.0083
mixed,16,2,0.125,4.0,2048,8192,4096,16384,5632,4507.79,6717.53,4905.55,0.18
pure,16,3,0.1875,4.0,0,0,128,512,200,67.969,107.969,72.898,0.1232
pure,16,3,0.1875,4.0,0,0,256,1024,400,93.216,178.847,95.2,0.0232
pure,16,3,0.1875,4.0,0,0,512,2048,800,148.415,330.529,145.728,-0.0148
pure,16,3,0.1875,4.0,0,0,1024,4096,1600,270.306,609.889,271.134,0.0024
pure,16,3,0.1875,4.0,0,0,2048,8192,3200,487.552,1136.42,494.623,0.0109
pure,16,3,0.1875,4.0,0,0,4096,16384,6400,916.835,2186.15,908.9,-0.0063
mixed,16,3,0.1875,4.0,16,0,128,512,200,75.84,146.687,112.673,0.5199
mixed,16,3,0.1875,4.0,16,0,256,1024,400,123.808,249.504,171.392,0.3786
mixed,16,3,0.1875,4.0,16,0,512,2048,800,200.897,447.33,285.089,0.3416
mixed,16,3,0.1875,4.0,16,0,1024,4096,1600,352.351,841.727,507.873,0.3178
mixed,16,3,0.1875,4.0,16,0,2048,8192,3200,671.938,1684.64,956.29,0.2808
mixed,16,3,0.1875,4.0,16,0,4096,16384,6400,1303.94,3306.88,1842.37,0.2688
mixed,16,3,0.1875,4.0,16,512,128,512,200,101.185,148.989,117.28,0.3367
mixed,16,3,0.1875,4.0,16,512,256,1024,400,133.184,250.177,173.92,0.3482
mixed,16,3,0.1875,4.0,16,512,512,2048,800,201.41,448.255,286.496,0.3447
mixed,16,3,0.1875,4.0,16,512,1024,4096,1600,353.313,845.666,507.97,0.3141
mixed,16,3,0.1875,4.0,16,512,2048,8192,3200,670.274,1681.44,954.594,0.2812
mixed,16,3,0.1875,4.0,16,512,4096,16384,6400,1305.64,3302.6,1845.64,0.2704
mixed,16,3,0.1875,4.0,16,1024,128,512,200,133.632,180.704,149.984,0.3474
mixed,16,3,0.1875,4.0,16,1024,256,1024,400,165.922,250.944,176.704,0.1268
mixed,16,3,0.1875,4.0,16,1024,512,2048,800,217.632,449.794,288.607,0.3057
mixed,16,3,0.1875,4.0,16,1024,1024,4096,1600,357.216,844.579,510.528,0.3146
mixed,16,3,0.1875,4.0,16,1024,2048,8192,3200,671.745,1679.11,955.264,0.2814
mixed,16,3,0.1875,4.0,16,1024,4096,16384,6400,1303.71,3305.61,1843.59,0.2697
mixed,16,3,0.1875,4.0,16,2048,128,512,200,197.153,244.639,211.456,0.3012
mixed,16,3,0.1875,4.0,16,2048,256,1024,400,230.017,315.04,239.649,0.1133
mixed,16,3,0.1875,4.0,16,2048,512,2048,800,281.409,450.403,299.905,0.1094
mixed,16,3,0.1875,4.0,16,2048,1024,4096,1600,387.904,845.281,514.626,0.2771
mixed,16,3,0.1875,4.0,16,2048,2048,8192,3200,676.129,1666.53,954.499,0.2811
mixed,16,3,0.1875,4.0,16,2048,4096,16384,6400,1293.25,3305.2,1843.59,0.2735
mixed,16,3,0.1875,4.0,16,4096,128,512,200,320.673,369.376,336.48,0.3246
mixed,16,3,0.1875,4.0,16,4096,256,1024,400,354.113,440.193,363.168,0.1052
mixed,16,3,0.1875,4.0,16,4096,512,2048,800,404.672,579.457,422.689,0.1031
mixed,16,3,0.1875,4.0,16,4096,1024,4096,1600,513.953,853.635,572.577,0.1726
mixed,16,3,0.1875,4.0,16,4096,2048,8192,3200,730.083,1667.84,956.481,0.2414
mixed,16,3,0.1875,4.0,16,4096,4096,16384,6400,1313.48,3317.99,1859.43,0.2724
mixed,16,3,0.1875,4.0,16,8192,128,512,200,569.507,617.376,581.57,0.252
mixed,16,3,0.1875,4.0,16,8192,256,1024,400,602.336,686.848,608.418,0.072
mixed,16,3,0.1875,4.0,16,8192,512,2048,800,652.771,823.49,667.105,0.084
mixed,16,3,0.1875,4.0,16,8192,1024,4096,1600,761.984,1103.14,817.57,0.1629
mixed,16,3,0.1875,4.0,16,8192,2048,8192,3200,975.651,1725.7,1078.91,0.1377
mixed,16,3,0.1875,4.0,16,8192,4096,16384,6400,1468.39,3377.67,1861.38,0.2058
mixed,16,3,0.1875,4.0,32,0,128,512,200,76.064,147.999,112.064,0.5005
mixed,16,3,0.1875,4.0,32,0,256,1024,400,123.648,249.407,171.52,0.3807
mixed,16,3,0.1875,4.0,32,0,512,2048,800,201.632,446.626,285.121,0.3408
mixed,16,3,0.1875,4.0,32,0,1024,4096,1600,352.832,844.674,508.768,0.317
mixed,16,3,0.1875,4.0,32,0,2048,8192,3200,672.802,1683.33,955.104,0.2794
mixed,16,3,0.1875,4.0,32,0,4096,16384,6400,1300.61,3293.68,1846.05,0.2737
mixed,16,3,0.1875,4.0,32,512,128,512,200,100.064,148.77,117.121,0.3502
mixed,16,3,0.1875,4.0,32,512,256,1024,400,133.056,249.666,175.265,0.362
mixed,16,3,0.1875,4.0,32,512,512,2048,800,201.823,449.25,286.596,0.3426
mixed,16,3,0.1875,4.0,32,512,1024,4096,1600,354.434,844.195,508.192,0.3139
mixed,16,3,0.1875,4.0,32,512,2048,8192,3200,671.682,1689.35,955.366,0.2788
mixed,16,3,0.1875,4.0,32,512,4096,16384,6400,1303.17,3303.66,1845.96,0.2713
mixed,16,3,0.1875,4.0,32,1024,128,512,200,134.336,182.592,149.696,0.3183
mixed,16,3,0.1875,4.0,32,1024,256,1024,400,166.977,251.49,176.096,0.1079
mixed,16,3,0.1875,4.0,32,1024,512,2048,800,218.56,449.377,287.328,0.2979
mixed,16,3,0.1875,4.0,32,1024,1024,4096,1600,356.801,845.824,510.209,0.3137
mixed,16,3,0.1875,4.0,32,1024,2048,8192,3200,673.699,1677.09,952.704,0.2781
mixed,16,3,0.1875,4.0,32,1024,4096,16384,6400,1303.3,3308.14,1847.27,0.2713
mixed,16,3,0.1875,4.0,32,2048,128,512,200,196.768,246.017,212.032,0.3099
mixed,16,3,0.1875,4.0,32,2048,256,1024,400,229.921,314.817,239.328,0.1108
mixed,16,3,0.1875,4.0,32,2048,512,2048,800,282.945,449.537,299.426,0.0989
mixed,16,3,0.1875,4.0,32,2048,1024,4096,1600,388.8,845.251,514.304,0.275
mixed,16,3,0.1875,4.0,32,2048,2048,8192,3200,675.522,1664.07,953.922,0.2816
mixed,16,3,0.1875,4.0,32,2048,4096,16384,6400,1291.23,3306,1847.17,0.2759
mixed,16,3,0.1875,4.0,32,4096,128,512,200,321.984,370.176,336.8,0.3074
mixed,16,3,0.1875,4.0,32,4096,256,1024,400,353.792,440.418,363.681,0.1142
mixed,16,3,0.1875,4.0,32,4096,512,2048,800,405.344,581.922,423.681,0.1038
mixed,16,3,0.1875,4.0,32,4096,1024,4096,1600,514.592,856.866,570.689,0.1639
mixed,16,3,0.1875,4.0,32,4096,2048,8192,3200,729.635,1667.4,957.122,0.2426
mixed,16,3,0.1875,4.0,32,4096,4096,16384,6400,1309.09,3314.38,1859.4,0.2744
mixed,16,3,0.1875,4.0,32,8192,128,512,200,570.305,616.097,584.29,0.3054
mixed,16,3,0.1875,4.0,32,8192,256,1024,400,602.114,683.553,610.433,0.1022
mixed,16,3,0.1875,4.0,32,8192,512,2048,800,652.066,825.665,668.579,0.0951
mixed,16,3,0.1875,4.0,32,8192,1024,4096,1600,757.121,1105.77,817.155,0.1722
mixed,16,3,0.1875,4.0,32,8192,2048,8192,3200,979.555,1727.91,1077.35,0.1307
mixed,16,3,0.1875,4.0,32,8192,4096,16384,6400,1463.62,3377.87,1862.92,0.2086
mixed,16,3,0.1875,4.0,64,0,128,512,200,76.096,147.584,112.257,0.5058
mixed,16,3,0.1875,4.0,64,0,256,1024,400,124.385,250.529,171.361,0.3724
mixed,16,3,0.1875,4.0,64,0,512,2048,800,200.929,447.841,285.057,0.3407
mixed,16,3,0.1875,4.0,64,0,1024,4096,1600,353.41,845.634,509.12,0.3163
mixed,16,3,0.1875,4.0,64,0,2048,8192,3200,672.385,1687.04,956.58,0.2801
mixed,16,3,0.1875,4.0,64,0,4096,16384,6400,1305.28,3308.65,1850.63,0.2722
mixed,16,3,0.1875,4.0,64,512,128,512,200,102.336,149.921,118.85,0.347
mixed,16,3,0.1875,4.0,64,512,256,1024,400,133.762,250.144,175.744,0.3607
mixed,16,3,0.1875,4.0,64,512,512,2048,800,201.92,448.258,287.585,0.3478
mixed,16,3,0.1875,4.0,64,512,1024,4096,1600,355.007,843.715,509.378,0.3159
mixed,16,3,0.1875,4.0,64,512,2048,8192,3200,675.265,1684.77,953.924,0.276
mixed,16,3,0.1875,4.0,64,512,4096,16384,6400,1301.63,3306.76,1850.47,0.2737
mixed,16,3,0.1875,4.0,64,1024,128,512,200,135.552,183.52,151.136,0.3249
mixed,16,3,0.1875,4.0,64,1024,256,1024,400,167.585,252.384,177.12,0.1124
mixed,16,3,0.1875,4.0,64,1024,512,2048,800,218.178,451.073,288.257,0.3009
mixed,16,3,0.1875,4.0,64,1024,1024,4096,1600,355.839,846.306,510.368,0.3151
mixed,16,3,0.1875,4.0,64,1024,2048,8192,3200,676.321,1684.26,954.466,0.276
mixed,16,3,0.1875,4.0,64,1024,4096,16384,6400,1298.95,3301.45,1851.04,0.2757
mixed,16,3,0.1875,4.0,64,2048,128,512,200,198.178,246.369,212.833,0.3041
mixed,16,3,0.1875,4.0,64,2048,256,1024,400,231.521,315.456,240.289,0.1045
mixed,16,3,0.1875,4.0,64,2048,512,2048,800,282.21,451.65,300.32,0.1069
mixed,16,3,0.1875,4.0,64,2048,1024,4096,1600,389.985,847.107,515.552,0.2747
mixed,16,3,0.1875,4.0,64,2048,2048,8192,3200,676.771,1672.45,956.227,0.2807
mixed,16,3,0.1875,4.0,64,2048,4096,16384,6400,1297.95,3306.35,1849.58,0.2747
mixed,16,3,0.1875,4.0,64,4096,128,512,200,323.521,371.714,337.215,0.2841
mixed,16,3,0.1875,4.0,64,4096,256,1024,400,354.335,440.802,364.064,0.1125
mixed,16,3,0.1875,4.0,64,4096,512,2048,800,405.57,580.257,424.769,0.1099
mixed,16,3,0.1875,4.0,64,4096,1024,4096,1600,516.163,857.251,569.858,0.1574
mixed,16,3,0.1875,4.0,64,4096,2048,8192,3200,733.25,1673.25,959.938,0.2412
mixed,16,3,0.1875,4.0,64,4096,4096,16384,6400,1314.34,3325.07,1858.05,0.2704
mixed,16,3,0.1875,4.0,64,8192,128,512,200,570.434,617.056,584.352,0.2985
mixed,16,3,0.1875,4.0,64,8192,256,1024,400,601.248,686.595,612.961,0.1372
mixed,16,3,0.1875,4.0,64,8192,512,2048,800,652.032,825.154,668.864,0.0972
mixed,16,3,0.1875,4.0,64,8192,1024,4096,1600,760.129,1109.13,819.011,0.1687
mixed,16,3,0.1875,4.0,64,8192,2048,8192,3200,981.185,1728.04,1078.37,0.1301
mixed,16,3,0.1875,4.0,64,8192,4096,16384,6400,1461.95,3383.95,1862.98,0.2087
mixed,16,3,0.1875,4.0,128,0,128,512,200,88.897,160.896,115.904,0.3751
mixed,16,3,0.1875,4.0,128,0,256,1024,400,137.375,260.993,175.009,0.3044
mixed,16,3,0.1875,4.0,128,0,512,2048,800,213.44,454.37,288.896,0.3132
mixed,16,3,0.1875,4.0,128,0,1024,4096,1600,361.279,848.93,513.345,0.3118
mixed,16,3,0.1875,4.0,128,0,2048,8192,3200,676.193,1681.8,960.547,0.2828
mixed,16,3,0.1875,4.0,128,0,4096,16384,6400,1303.39,3288.11,1850.95,0.2759
mixed,16,3,0.1875,4.0,128,512,128,512,200,124.221,192.288,125.184,0.0141
mixed,16,3,0.1875,4.0,128,512,256,1024,400,161.952,295.231,182.144,0.1515
mixed,16,3,0.1875,4.0,128,512,512,2048,800,247.745,483.967,293.569,0.194
mixed,16,3,0.1875,4.0,128,512,1024,4096,1600,393.024,858.915,515.936,0.2638
mixed,16,3,0.1875,4.0,128,512,2048,8192,3200,695.97,1683.65,959.076,0.2664
mixed,16,3,0.1875,4.0,128,512,4096,16384,6400,1303.56,3289.51,1846.75,0.2735
mixed,16,3,0.1875,4.0,128,1024,128,512,200,158.56,221.536,161.024,0.0391
mixed,16,3,0.1875,4.0,128,1024,256,1024,400,204.801,322.529,198.754,-0.0514
mixed,16,3,0.1875,4.0,128,1024,512,2048,800,260.161,520.962,301.631,0.159
mixed,16,3,0.1875,4.0,128,1024,1024,4096,1600,426.913,891.01,520,0.2006
mixed,16,3,0.1875,4.0,128,1024,2048,8192,3200,729.953,1682.34,959.427,0.2409
mixed,16,3,0.1875,4.0,128,1024,4096,16384,6400,1321.38,3306.79,1854.06,0.2683
mixed,16,3,0.1875,4.0,128,2048,128,512,200,221.441,292.577,223.712,0.0319
mixed,16,3,0.1875,4.0,128,2048,256,1024,400,269.665,389.889,265.471,-0.0349
mixed,16,3,0.1875,4.0,128,2048,512,2048,800,341.73,578.883,337.153,-0.0193
mixed,16,3,0.1875,4.0,128,2048,1024,4096,1600,455.425,964.866,567.873,0.2207
mixed,16,3,0.1875,4.0,128,2048,2048,8192,3200,802.081,1718.25,962.98,0.1756
mixed,16,3,0.1875,4.0,128,2048,4096,16384,6400,1380.16,3304.3,1851.24,0.2448
mixed,16,3,0.1875,4.0,128,4096,128,512,200,347.615,414.817,350.081,0.0367
mixed,16,3,0.1875,4.0,128,4096,256,1024,400,394.753,515.49,390.881,-0.0321
mixed,16,3,0.1875,4.0,128,4096,512,2048,800,468.546,708.194,464.897,-0.0152
mixed,16,3,0.1875,4.0,128,4096,1024,4096,1600,613.601,1091.52,591.361,-0.0465
mixed,16,3,0.1875,4.0,128,4096,2048,8192,3200,868.417,1932.16,1080.8,0.1997
mixed,16,3,0.1875,4.0,128,4096,4096,16384,6400,1560.77,3448.46,1876.71,0.1674
mixed,16,3,0.1875,4.0,128,8192,128,512,200,596.353,666.658,603.874,0.107
mixed,16,3,0.1875,4.0,128,8192,256,1024,400,641.058,761.729,643.362,0.0191
mixed,16,3,0.1875,4.0,128,8192,512,2048,800,717.186,956.93,711.457,-0.0239
mixed,16,3,0.1875,4.0,128,8192,1024,4096,1600,864.483,1347.01,842.592,-0.0454
mixed,16,3,0.1875,4.0,128,8192,2048,8192,3200,1181.7,2183.49,1094.92,-0.0866
mixed,16,3,0.1875,4.0,128,8192,4096,16384,6400,1690.85,3991.95,2110.79,0.1825
mixed,16,3,0.1875,4.0,256,0,128,512,200,102.335,180.287,128.576,0.3366
mixed,16,3,0.1875,4.0,256,0,256,1024,400,157.888,279.842,189.537,0.2595
mixed,16,3,0.1875,4.0,256,0,512,2048,800,233.056,474.112,300.577,0.2801
mixed,16,3,0.1875,4.0,256,0,1024,4096,1600,381.473,862.083,528.162,0.3052
mixed,16,3,0.1875,4.0,256,0,2048,8192,3200,691.615,1682.82,970.531,0.2814
mixed,16,3,0.1875,4.0,256,0,4096,16384,6400,1309.8,3302.03,1855.11,0.2737
mixed,16,3,0.1875,4.0,256,512,128,512,200,149.376,211.2,159.776,0.1682
mixed,16,3,0.1875,4.0,256,512,256,1024,400,190.048,314.688,210.369,0.163
mixed,16,3,0.1875,4.0,256,512,512,2048,800,264.13,506.368,327.84,0.263
mixed,16,3,0.1875,4.0,256,512,1024,4096,1600,413.024,895.264,560.64,0.3061
mixed,16,3,0.1875,4.0,256,512,2048,8192,3200,723.938,1682.76,979.586,0.2666
mixed,16,3,0.1875,4.0,256,512,4096,16384,6400,1341.89,3305.36,1867.2,0.2675
mixed,16,3,0.1875,4.0,256,1024,128,512,200,196.609,249.216,204.928,0.1581
mixed,16,3,0.1875,4.0,256,1024,256,1024,400,229.856,342.4,235.746,0.0523
mixed,16,3,0.1875,4.0,256,1024,512,2048,800,298.208,540.449,344.864,0.1926
mixed,16,3,0.1875,4.0,256,1024,1024,4096,1600,447.105,927.394,572.961,0.262
mixed,16,3,0.1875,4.0,256,1024,2048,8192,3200,757.571,1720.04,1033.03,0.2862
mixed,16,3,0.1875,4.0,256,1024,4096,16384,6400,1372.77,3308.33,1870.66,0.2572
mixed,16,3,0.1875,4.0,256,2048,128,512,200,272.672,352.641,286.528,0.1733
mixed,16,3,0.1875,4.0,256,2048,256,1024,400,324.001,412.289,321.76,-0.0254
mixed,16,3,0.1875,4.0,256,2048,512,2048,800,375.521,599.074,383.585,0.0361
mixed,16,3,0.1875,4.0,256,2048,1024,4096,1600,510.657,996.066,600.865,0.1858
mixed,16,3,0.1875,4.0,256,2048,2048,8192,3200,825.411,1779.11,1092.22,0.2798
mixed,16,3,0.1875,4.0,256,2048,4096,16384,6400,1432.49,3348.46,1977.99,0.2847
mixed,16,3,0.1875,4.0,256,4096,128,512,200,400.417,492.095,412.701,0.134
mixed,16,3,0.1875,4.0,256,4096,256,1024,400,463.328,607.105,472.609,0.0646
mixed,16,3,0.1875,4.0,256,4096,512,2048,800,560.48,730.817,570.146,0.0567
mixed,16,3,0.1875,4.0,256,4096,1024,4096,1600,676.419,1115.17,667.904,-0.0194
mixed,16,3,0.1875,4.0,256,4096,2048,8192,3200,949.603,2011.2,1110.44,0.1515
mixed,16,3,0.1875,4.0,256,4096,4096,16384,6400,1572.93,3645.77,2117.25,0.2626
mixed,16,3,0.1875,4.0,256,8192,128,512,200,651.937,744.834,665.345,0.1443
mixed,16,3,0.1875,4.0,256,8192,256,1024,400,714.624,868.643,722.08,0.0484
mixed,16,3,0.1875,4.0,256,8192,512,2048,800,812.063,1110.21,826.56,0.0486
mixed,16,3,0.1875,4.0,256,8192,1024,4096,1600,1002.34,1376.93,1053.12,0.1356
mixed,16,3,0.1875,4.0,256,8192,2048,8192,3200,1283.14,2187.49,1244.61,-0.0426
mixed,16,3,0.1875,4.0,256,8192,4096,16384,6400,1834.73,4184.3,2136.07,0.1283
mixed,16,3,0.1875,4.0,512,0,128,512,200,154.976,221.697,169.056,0.211
mixed,16,3,0.1875,4.0,512,0,256,1024,400,196.288,333.758,230.753,0.2507
mixed,16,3,0.1875,4.0,512,0,512,2048,800,278.816,528.831,346.273,0.2698
mixed,16,3,0.1875,4.0,512,0,1024,4096,1600,435.875,914.786,575.52,0.2916
mixed,16,3,0.1875,4.0,512,0,2048,8192,3200,746.593,1710.6,1010.24,0.2735
mixed,16,3,0.1875,4.0,512,0,4096,16384,6400,1359.01,3315.05,1897.28,0.2752
mixed,16,3,0.1875,4.0,512,512,128,512,200,222.178,283.266,231.17,0.1472
mixed,16,3,0.1875,4.0,512,512,256,1024,400,263.104,373.6,269.858,0.0611
mixed,16,3,0.1875,4.0,512,512,512,2048,800,327.905,591.809,387.519,0.2259
mixed,16,3,0.1875,4.0,512,512,1024,4096,1600,480.703,980.258,616.352,0.2715
mixed,16,3,0.1875,4.0,512,512,2048,8192,3200,810.307,1757.95,1072.7,0.2769
mixed,16,3,0.1875,4.0,512,512,4096,16384,6400,1415.01,3336.81,1931.01,0.2685
mixed,16,3,0.1875,4.0,512,1024,128,512,200,281.151,347.712,294.242,0.1967
mixed,16,3,0.1875,4.0,512,1024,256,1024,400,329.057,426.945,326.784,-0.0232
mixed,16,3,0.1875,4.0,512,1024,512,2048,800,391.168,618.017,425.025,0.1492
mixed,16,3,0.1875,4.0,512,1024,1024,4096,1600,532.482,1042.37,652.418,0.2352
mixed,16,3,0.1875,4.0,512,1024,2048,8192,3200,873.76,1817.51,1106.4,0.2465
mixed,16,3,0.1875,4.0,512,1024,4096,16384,6400,1476.29,3380.43,1983.91,0.2666
mixed,16,3,0.1875,4.0,512,2048,128,512,200,399.008,471.679,412.128,0.1805
mixed,16,3,0.1875,4.0,512,2048,256,1024,400,445.538,568.548,448.417,0.0234
mixed,16,3,0.1875,4.0,512,2048,512,2048,800,520.191,740.994,518.465,-0.0078
mixed,16,3,0.1875,4.0,512,2048,1024,4096,1600,639.745,1133.15,733.025,0.1891
mixed,16,3,0.1875,4.0,512,2048,2048,8192,3200,932.258,1938.6,1195.94,0.262
mixed,16,3,0.1875,4.0,512,2048,4096,16384,6400,1602.82,3490.09,2128.29,0.2784
mixed,16,3,0.1875,4.0,512,4096,128,512,200,640.705,705.57,646.977,0.0967
mixed,16,3,0.1875,4.0,512,4096,256,1024,400,676.385,800.867,678.592,0.0177
mixed,16,3,0.1875,4.0,512,4096,512,2048,800,740.002,1002.34,747.17,0.0273
mixed,16,3,0.1875,4.0,512,4096,1024,4096,1600,891.103,1373.22,899.041,0.0165
mixed,16,3,0.1875,4.0,512,4096,2048,8192,3200,1162.5,2165.12,1367.49,0.2045
mixed,16,3,0.1875,4.0,512,4096,4096,16384,6400,1722.57,3933.99,2344.58,0.2813
mixed,16,3,0.1875,4.0,512,8192,128,512,200,1125.98,1184.35,1133.6,0.1305
mixed,16,3,0.1875,4.0,512,8192,256,1024,400,1158.75,1245.96,1157.15,-0.0183
mixed,16,3,0.1875,4.0,512,8192,512,2048,800,1215.11,1431.75,1219.65,0.021
mixed,16,3,0.1875,4.0,512,8192,1024,4096,1600,1341.38,1878.85,1344.19,0.0052
mixed,16,3,0.1875,4.0,512,8192,2048,8192,3200,1643.36,2691.78,1655.08,0.0112
mixed,16,3,0.1875,4.0,512,8192,4096,16384,6400,2158.91,4355.15,2628.9,0.214
mixed,16,3,0.1875,4.0,1024,0,128,512,200,284.93,345.441,294.08,0.1512
mixed,16,3,0.1875,4.0,1024,0,256,1024,400,326.401,439.711,333.313,0.061
mixed,16,3,0.1875,4.0,1024,0,512,2048,800,387.458,651.49,453.952,0.2518
mixed,16,3,0.1875,4.0,1024,0,1024,4096,1600,550.529,1058.98,684.033,0.2626
mixed,16,3,0.1875,4.0,1024,0,2048,8192,3200,892.964,1841.13,1134.31,0.2545
mixed,16,3,0.1875,4.0,1024,0,4096,16384,6400,1499.53,3398.35,2018.5,0.2733
mixed,16,3,0.1875,4.0,1024,512,128,512,200,392.32,452.479,399.265,0.1154
mixed,16,3,0.1875,4.0,1024,512,256,1024,400,433.378,533.92,433.217,-0.0016
mixed,16,3,0.1875,4.0,1024,512,512,2048,800,494.85,738.819,533.151,0.157
mixed,16,3,0.1875,4.0,1024,512,1024,4096,1600,634.177,1157.41,769.571,0.2588
mixed,16,3,0.1875,4.0,1024,512,2048,8192,3200,977.379,1949.61,1227.52,0.2573
mixed,16,3,0.1875,4.0,1024,512,4096,16384,6400,1618.85,3508.02,2137.99,0.2748
mixed,16,3,0.1875,4.0,1024,1024,128,512,200,490.337,557.25,503.617,0.1985
mixed,16,3,0.1875,4.0,1024,1024,256,1024,400,535.456,640.516,535.711,0.0024
mixed,16,3,0.1875,4.0,1024,1024,512,2048,800,600.321,822.403,610.848,0.0474
mixed,16,3,0.1875,4.0,1024,1024,1024,4096,1600,726.948,1244.58,851.908,0.2414
mixed,16,3,0.1875,4.0,1024,1024,2048,8192,3200,1059.78,2070.12,1314.28,0.2519
mixed,16,3,0.1875,4.0,1024,1024,4096,16384,6400,1728.99,3624.26,2213.99,0.2559
mixed,16,3,0.1875,4.0,1024,2048,128,512,200,685.122,758.047,698.817,0.1878
mixed,16,3,0.1875,4.0,1024,2048,256,1024,400,735.397,844.899,736.962,0.0143
mixed,16,3,0.1875,4.0,1024,2048,512,2048,800,802.85,1011.81,804.448,0.0076
mixed,16,3,0.1875,4.0,1024,2048,1024,4096,1600,929.505,1412.01,1002.11,0.1505
mixed,16,3,0.1875,4.0,1024,2048,2048,8192,3200,1229.79,2258.66,1484.22,0.2473
mixed,16,3,0.1875,4.0,1024,2048,4096,16384,6400,1897.41,3918.99,2393.03,0.2452
mixed,16,3,0.1875,4.0,1024,4096,128,512,200,1053.35,1135.07,1064.83,0.1406
mixed,16,3,0.1875,4.0,1024,4096,256,1024,400,1112.9,1244.9,1109.73,-0.024
mixed,16,3,0.1875,4.0,1024,4096,512,2048,800,1202.59,1408.2,1202.27,-0.0016
mixed,16,3,0.1875,4.0,1024,4096,1024,4096,1600,1332.39,1767.05,1335.75,0.0077
mixed,16,3,0.1875,4.0,1024,4096,2048,8192,3200,1603.97,2562.98,1780.23,0.1838
mixed,16,3,0.1875,4.0,1024,4096,4096,16384,6400,2213.22,4930.7,2734.92,0.192
mixed,16,3,0.1875,4.0,1024,8192,128,512,200,1786.15,1867.75,1794.28,0.0996
mixed,16,3,0.1875,4.0,1024,8192,256,1024,400,1841.28,1996.96,1844.77,0.0224
mixed,16,3,0.1875,4.0,1024,8192,512,2048,800,1932.74,2227.3,1947.4,0.0498
mixed,16,3,0.1875,4.0,1024,8192,1024,4096,1600,2134.06,2527.65,2162.09,0.0712
mixed,16,3,0.1875,4.0,1024,8192,2048,8192,3200,2407.52,3312.11,2396.04,-0.0127
mixed,16,3,0.1875,4.0,1024,8192,4096,16384,6400,2952.68,4985.1,3375.78,0.2082
mixed,16,3,0.1875,4.0,2048,0,128,512,200,665.059,732.292,672.961,0.1175
mixed,16,3,0.1875,4.0,2048,0,256,1024,400,705.856,808.483,709.281,0.0334
mixed,16,3,0.1875,4.0,2048,0,512,2048,800,772.193,994.211,785.762,0.0611
mixed,16,3,0.1875,4.0,2048,0,1024,4096,1600,888.931,1431.91,1027.33,0.2549
mixed,16,3,0.1875,4.0,2048,0,2048,8192,3200,1240.96,2285.12,1489.54,0.2381
mixed,16,3,0.1875,4.0,2048,0,4096,16384,6400,1916.36,3859.18,2398.69,0.2483
mixed,16,3,0.1875,4.0,2048,512,128,512,200,853.057,911.585,861.153,0.1383
mixed,16,3,0.1875,4.0,2048,512,256,1024,400,892.223,994.528,890.689,-0.015
mixed,16,3,0.1875,4.0,2048,512,512,2048,800,950.562,1165.38,956.131,0.0259
mixed,16,3,0.1875,4.0,2048,512,1024,4096,1600,1078.6,1590.31,1182.59,0.2032
mixed,16,3,0.1875,4.0,2048,512,2048,8192,3200,1407.65,2448.39,1667.14,0.2493
mixed,16,3,0.1875,4.0,2048,512,4096,16384,6400,2075.11,4116.3,2584.74,0.2497
mixed,16,3,0.1875,4.0,2048,1024,128,512,200,1029.41,1094.91,1043.75,0.2188
mixed,16,3,0.1875,4.0,2048,1024,256,1024,400,1077.66,1180.23,1076.7,-0.0094
mixed,16,3,0.1875,4.0,2048,1024,512,2048,800,1146.15,1342.47,1139.3,-0.0349
mixed,16,3,0.1875,4.0,2048,1024,1024,4096,1600,1262.57,1759.04,1349.22,0.1745
mixed,16,3,0.1875,4.0,2048,1024,2048,8192,3200,1570.21,2629,1825.6,0.2412
mixed,16,3,0.1875,4.0,2048,1024,4096,16384,6400,2240.65,4467.25,2751.27,0.2293
mixed,16,3,0.1875,4.0,2048,2048,128,512,200,1400.17,1458.6,1407.14,0.1194
mixed,16,3,0.1875,4.0,2048,2048,256,1024,400,1443.97,1546.18,1450.37,0.0626
mixed,16,3,0.1875,4.0,2048,2048,512,2048,800,1502.12,1715.43,1505.09,0.0139
mixed,16,3,0.1875,4.0,2048,2048,1024,4096,1600,1633.67,2088.07,1652.87,0.0422
mixed,16,3,0.1875,4.0,2048,2048,2048,8192,3200,1900.64,2947.53,2150.6,0.2388
mixed,16,3,0.1875,4.0,2048,2048,4096,16384,6400,2571.24,4848.21,3098.73,0.2317
mixed,16,3,0.1875,4.0,2048,4096,128,512,200,2125.26,2189.61,2136.84,0.18
mixed,16,3,0.1875,4.0,2048,4096,256,1024,400,2164.29,2274.08,2170.85,0.0597
mixed,16,3,0.1875,4.0,2048,4096,512,2048,800,2232.64,2448.01,2228.39,-0.0198
mixed,16,3,0.1875,4.0,2048,4096,1024,4096,1600,2365.22,2790.18,2380.94,0.037
mixed,16,3,0.1875,4.0,2048,4096,2048,8192,3200,2639.66,3614.47,2777.29,0.1412
mixed,16,3,0.1875,4.0,2048,4096,4096,16384,6400,3225.48,5604.53,3749.71,0.2204
mixed,16,3,0.1875,4.0,2048,8192,128,512,200,3589.64,3650.72,3601.03,0.1866
mixed,16,3,0.1875,4.0,2048,8192,256,1024,400,3632.43,3726.7,3632.97,0.0057
mixed,16,3,0.1875,4.0,2048,8192,512,2048,800,3691.4,3902.35,3687.53,-0.0183
mixed,16,3,0.1875,4.0,2048,8192,1024,4096,1600,3807.75,4276.49,3830.16,0.0478
mixed,16,3,0.1875,4.0,2048,8192,2048,8192,3200,4119.06,5020.33,4116.62,-0.0027
mixed,16,3,0.1875,4.0,2048,8192,4096,16384,6400,4627.79,6693.55,5024.43,0.192
pure,16,4,0.25,4.0,0,0,128,512,224,70.753,107.746,75.967,0.1409
pure,16,4,0.25,4.0,0,0,256,1024,448,98.528,178.401,100.767,0.028
pure,16,4,0.25,4.0,0,0,512,2048,896,158.655,329.121,158.948,0.0017
pure,16,4,0.25,4.0,0,0,1024,4096,1792,297.666,611.457,296.483,-0.0038
pure,16,4,0.25,4.0,0,0,2048,8192,3584,541.058,1135.59,535.779,-0.0089
pure,16,4,0.25,4.0,0,0,4096,16384,7168,1012.99,2187.39,998.755,-0.0121
mixed,16,4,0.25,4.0,16,0,128,512,224,76.961,147.553,114.304,0.529
mixed,16,4,0.25,4.0,16,0,256,1024,448,125.952,250.21,173.824,0.3853
mixed,16,4,0.25,4.0,16,0,512,2048,896,223.426,446.849,297.152,0.33
mixed,16,4,0.25,4.0,16,0,1024,4096,1792,398.818,842.274,521.313,0.2762
mixed,16,4,0.25,4.0,16,0,2048,8192,3584,745.186,1686.98,960.803,0.2289
mixed,16,4,0.25,4.0,16,0,4096,16384,7168,1471.56,3311.18,1855.3,0.2086
mixed,16,4,0.25,4.0,16,512,128,512,224,102.049,148.575,118.4,0.3514
mixed,16,4,0.25,4.0,16,512,256,1024,448,134.016,250.593,177.506,0.3731
mixed,16,4,0.25,4.0,16,512,512,2048,896,224.129,449.282,297.889,0.3276
mixed,16,4,0.25,4.0,16,512,1024,4096,1792,398.305,843.779,553.187,0.3477
mixed,16,4,0.25,4.0,16,512,2048,8192,3584,746.113,1681.99,996.262,0.2673
mixed,16,4,0.25,4.0,16,512,4096,16384,7168,1474.18,3308.43,1884.61,0.2238
mixed,16,4,0.25,4.0,16,1024,128,512,224,135.009,181.567,150.817,0.3395
mixed,16,4,0.25,4.0,16,1024,256,1024,448,166.371,251.008,178.529,0.1436
mixed,16,4,0.25,4.0,16,1024,512,2048,896,232.673,449.984,300.607,0.3126
mixed,16,4,0.25,4.0,16,1024,1024,4096,1792,399.488,845.249,568.033,0.3781
mixed,16,4,0.25,4.0,16,1024,2048,8192,3584,746.561,1677.93,1027.81,0.302
mixed,16,4,0.25,4.0,16,1024,4096,16384,7168,1463.97,3294.47,1916.04,0.247
mixed,16,4,0.25,4.0,16,2048,128,512,224,197.824,245.216,214.049,0.3424
mixed,16,4,0.25,4.0,16,2048,256,1024,448,232.575,315.777,255.745,0.2785
mixed,16,4,0.25,4.0,16,2048,512,2048,896,296.48,450.432,302.145,0.0368
mixed,16,4,0.25,4.0,16,2048,1024,4096,1792,415.457,842.401,574.272,0.372
mixed,16,4,0.25,4.0,16,2048,2048,8192,3584,747.104,1666.89,1081.31,0.3634
mixed,16,4,0.25,4.0,16,2048,4096,16384,7168,1455.62,3301.45,1976.64,0.2823
mixed,16,4,0.25,4.0,16,4096,128,512,224,323.841,368.704,337.889,0.3131
mixed,16,4,0.25,4.0,16,4096,256,1024,448,356.672,437.475,378.88,0.2748
mixed,16,4,0.25,4.0,16,4096,512,2048,896,419.489,580.322,450.977,0.1958
mixed,16,4,0.25,4.0,16,4096,1024,4096,1792,543.681,852.675,571.487,0.09
mixed,16,4,0.25,4.0,16,4096,2048,8192,3584,778.946,1666.34,1087.49,0.3477
mixed,16,4,0.25,4.0,16,4096,4096,16384,7168,1466.31,3320.36,2099.18,0.3413
mixed,16,4,0.25,4.0,16,8192,128,512,224,570.177,615.745,583.491,0.2922
mixed,16,4,0.25,4.0,16,8192,256,1024,448,600.992,684.609,626.371,0.3035
mixed,16,4,0.25,4.0,16,8192,512,2048,896,664.929,824.866,697.312,0.2025
mixed,16,4,0.25,4.0,16,8192,1024,4096,1792,789.091,1102.88,830.913,0.1333
mixed,16,4,0.25,4.0,16,8192,2048,8192,3584,1035.11,1729.03,1090.91,0.0804
mixed,16,4,0.25,4.0,16,8192,4096,16384,7168,1584.61,3382.03,2145.89,0.3123
mixed,16,4,0.25,4.0,32,0,128,512,224,77.472,147.266,114.624,0.5323
mixed,16,4,0.25,4.0,32,0,256,1024,448,126.144,249.857,173.953,0.3865
mixed,16,4,0.25,4.0,32,0,512,2048,896,223.553,447.936,297.856,0.3311
mixed,16,4,0.25,4.0,32,0,1024,4096,1792,400.544,843.842,521.281,0.2724
mixed,16,4,0.25,4.0,32,0,2048,8192,3584,743.937,1682.44,964.706,0.2352
mixed,16,4,0.25,4.0,32,0,4096,16384,7168,1474.4,3302.38,1857.38,0.2095
mixed,16,4,0.25,4.0,32,512,128,512,224,102.113,148.768,118.145,0.3436
mixed,16,4,0.25,4.0,32,512,256,1024,448,134.946,250.879,177.793,0.3696
mixed,16,4,0.25,4.0,32,512,512,2048,896,223.362,449.407,298.016,0.3303
mixed,16,4,0.25,4.0,32,512,1024,4096,1792,399.136,846.402,552.13,0.3421
mixed,16,4,0.25,4.0,32,512,2048,8192,3584,745.794,1680.55,993.123,0.2646
mixed,16,4,0.25,4.0,32,512,4096,16384,7168,1474.43,3303.08,1880.07,0.2218
mixed,16,4,0.25,4.0,32,1024,128,512,224,135.104,181.344,151.425,0.353
mixed,16,4,0.25,4.0,32,1024,256,1024,448,168.608,251.808,179.008,0.125
mixed,16,4,0.25,4.0,32,1024,512,2048,896,232.704,450.336,300.128,0.3098
mixed,16,4,0.25,4.0,32,1024,1024,4096,1792,400.769,844.163,569.409,0.3803
mixed,16,4,0.25,4.0,32,1024,2048,8192,3584,746.339,1679.75,1028.35,0.3021
mixed,16,4,0.25,4.0,32,1024,4096,16384,7168,1464.87,3281.16,1911.39,0.2458
mixed,16,4,0.25,4.0,32,2048,128,512,224,198.177,246.304,215.488,0.3597
mixed,16,4,0.25,4.0,32,2048,256,1024,448,231.233,315.072,256.96,0.3069
mixed,16,4,0.25,4.0,32,2048,512,2048,896,296.608,450.177,303.201,0.0429
mixed,16,4,0.25,4.0,32,2048,1024,4096,1792,417.793,845.667,575.876,0.3695
mixed,16,4,0.25,4.0,32,2048,2048,8192,3584,749.954,1666.6,1080.58,0.3607
mixed,16,4,0.25,4.0,32,2048,4096,16384,7168,1455.49,3304.91,1978.82,0.283
mixed,16,4,0.25,4.0,32,4096,128,512,224,323.97,369.855,338.689,0.3208
mixed,16,4,0.25,4.0,32,4096,256,1024,448,356.097,439.489,379.682,0.2828
mixed,16,4,0.25,4.0,32,4096,512,2048,896,421.505,577.632,452.194,0.1966
mixed,16,4,0.25,4.0,32,4096,1024,4096,1792,544.321,855.619,573.922,0.0951
mixed,16,4,0.25,4.0,32,4096,2048,8192,3584,780.707,1665.32,1086.59,0.3458
mixed,16,4,0.25,4.0,32,4096,4096,16384,7168,1471.75,3316.55,2101.57,0.3414
mixed,16,4,0.25,4.0,32,8192,128,512,224,570.562,616.896,585.856,0.3301
mixed,16,4,0.25,4.0,32,8192,256,1024,448,600.386,688.962,624.258,0.2695
mixed,16,4,0.25,4.0,32,8192,512,2048,896,668.706,825.25,696.833,0.1797
mixed,16,4,0.25,4.0,32,8192,1024,4096,1792,789.953,1103.33,824.035,0.1088
mixed,16,4,0.25,4.0,32,8192,2048,8192,3584,1034.72,1729.57,1093.28,0.0843
mixed,16,4,0.25,4.0,32,8192,4096,16384,7168,1581.89,3380.3,2140.17,0.3104
mixed,16,4,0.25,4.0,64,0,128,512,224,78.305,148.481,114.529,0.5162
mixed,16,4,0.25,4.0,64,0,256,1024,448,126.368,249.665,174.271,0.3885
mixed,16,4,0.25,4.0,64,0,512,2048,896,223.712,446.914,296.736,0.3272
mixed,16,4,0.25,4.0,64,0,1024,4096,1792,398.914,843.012,521.344,0.2757
mixed,16,4,0.25,4.0,64,0,2048,8192,3584,747.65,1684.68,964.867,0.2318
mixed,16,4,0.25,4.0,64,0,4096,16384,7168,1478.79,3302.7,1862.18,0.2102
mixed,16,4,0.25,4.0,64,512,128,512,224,103.297,149.538,119.776,0.3564
mixed,16,4,0.25,4.0,64,512,256,1024,448,136.099,250.24,178.498,0.3715
mixed,16,4,0.25,4.0,64,512,512,2048,896,224.61,449.376,299.071,0.3313
mixed,16,4,0.25,4.0,64,512,1024,4096,1792,398.592,846.049,553.89,0.3471
mixed,16,4,0.25,4.0,64,512,2048,8192,3584,746.719,1687.37,995.491,0.2645
mixed,16,4,0.25,4.0,64,512,4096,16384,7168,1477.25,3313.35,1885.8,0.2225
mixed,16,4,0.25,4.0,64,1024,128,512,224,136.609,183.137,152.132,0.3336
mixed,16,4,0.25,4.0,64,1024,256,1024,448,169.76,252.385,180.159,0.1259
mixed,16,4,0.25,4.0,64,1024,512,2048,896,233.666,452.705,300.449,0.3049
mixed,16,4,0.25,4.0,64,1024,1024,4096,1792,402.113,847.298,570.241,0.3777
mixed,16,4,0.25,4.0,64,1024,2048,8192,3584,746.85,1684.8,1030.15,0.302
mixed,16,4,0.25,4.0,64,1024,4096,16384,7168,1463.62,3292.68,1916.04,0.2473
mixed,16,4,0.25,4.0,64,2048,128,512,224,200.544,247.201,216.321,0.3381
mixed,16,4,0.25,4.0,64,2048,256,1024,448,234.081,315.585,257.346,0.2854
mixed,16,4,0.25,4.0,64,2048,512,2048,896,298.689,451.457,303.104,0.0289
mixed,16,4,0.25,4.0,64,2048,1024,4096,1792,418.592,846.371,574.626,0.3648
mixed,16,4,0.25,4.0,64,2048,2048,8192,3584,750.08,1676.93,1083.17,0.3594
mixed,16,4,0.25,4.0,64,2048,4096,16384,7168,1457.26,3308.72,1978.92,0.2818
mixed,16,4,0.25,4.0,64,4096,128,512,224,324.416,370.88,339.264,0.3196
mixed,16,4,0.25,4.0,64,4096,256,1024,448,357.153,441.41,379.936,0.2704
mixed,16,4,0.25,4.0,64,4096,512,2048,896,422.112,582.785,454.529,0.2018
mixed,16,4,0.25,4.0,64,4096,1024,4096,1792,545.376,855.682,577.283,0.1028
mixed,16,4,0.25,4.0,64,4096,2048,8192,3584,783.459,1669.61,1089.38,0.3452
mixed,16,4,0.25,4.0,64,4096,4096,16384,7168,1473.22,3318.51,2101.89,0.3407
mixed,16,4,0.25,4.0,64,8192,128,512,224,573.634,617.602,587.968,0.326
mixed,16,4,0.25,4.0,64,8192,256,1024,448,602.69,687.651,626.179,0.2765
mixed,16,4,0.25,4.0,64,8192,512,2048,896,669.506,825.983,697.825,0.181
mixed,16,4,0.25,4.0,64,8192,1024,4096,1792,791.234,1108.39,827.714,0.115
mixed,16,4,0.25,4.0,64,8192,2048,8192,3584,1038.46,1728.39,1093.8,0.0802
mixed,16,4,0.25,4.0,64,8192,4096,16384,7168,1591.23,3381.48,2141.41,0.3073
mixed,16,4,0.25,4.0,128,0,128,512,224,90.592,161.633,118.498,0.3928
mixed,16,4,0.25,4.0,128,0,256,1024,448,139.681,260.609,179.585,0.33
mixed,16,4,0.25,4.0,128,0,512,2048,896,235.36,454.88,297.888,0.2848
mixed,16,4,0.25,4.0,128,0,1024,4096,1792,407.647,848.513,534.017,0.2866
mixed,16,4,0.25,4.0,128,0,2048,8192,3584,746.693,1679.65,974.915,0.2446
mixed,16,4,0.25,4.0,128,0,4096,16384,7168,1477.35,3300.17,1869.28,0.215
mixed,16,4,0.25,4.0,128,512,128,512,224,126.336,192.577,127.713,0.0208
mixed,16,4,0.25,4.0,128,512,256,1024,448,163.423,294.081,195.968,0.2491
mixed,16,4,0.25,4.0,128,512,512,2048,896,268.769,484.16,300.959,0.1494
mixed,16,4,0.25,4.0,128,512,1024,4096,1792,437.92,859.458,565.217,0.302
mixed,16,4,0.25,4.0,128,512,2048,8192,3584,767.458,1684.55,1010.02,0.2645
mixed,16,4,0.25,4.0,128,512,4096,16384,7168,1473.8,3299.59,1904.36,0.2358
mixed,16,4,0.25,4.0,128,1024,128,512,224,159.393,222.208,167.392,0.1273
mixed,16,4,0.25,4.0,128,1024,256,1024,448,206.368,322.274,201.537,-0.0417
mixed,16,4,0.25,4.0,128,1024,512,2048,896,288.802,518.305,327.426,0.1683
mixed,16,4,0.25,4.0,128,1024,1024,4096,1792,470.401,894.499,571.969,0.2395
mixed,16,4,0.25,4.0,128,1024,2048,8192,3584,799.939,1678.05,1047.62,0.2821
mixed,16,4,0.25,4.0,128,1024,4096,16384,7168,1460.1,3307.73,1941.41,0.2605
mixed,16,4,0.25,4.0,128,2048,128,512,224,221.953,291.297,237.023,0.2173
mixed,16,4,0.25,4.0,128,2048,256,1024,448,270.367,389.76,273.41,0.0255
mixed,16,4,0.25,4.0,128,2048,512,2048,896,362.721,578.975,343.904,-0.087
mixed,16,4,0.25,4.0,128,2048,1024,4096,1792,515.01,963.746,582.465,0.1503
mixed,16,4,0.25,4.0,128,2048,2048,8192,3584,869.891,1718.4,1088.8,0.258
mixed,16,4,0.25,4.0,128,2048,4096,16384,7168,1527.33,3306.34,2003.36,0.2676
mixed,16,4,0.25,4.0,128,4096,128,512,224,348.865,417.121,363.648,0.2166
mixed,16,4,0.25,4.0,128,4096,256,1024,448,396.161,515.424,397.826,0.014
mixed,16,4,0.25,4.0,128,4096,512,2048,896,487.713,709.633,473.729,-0.063
mixed,16,4,0.25,4.0,128,4096,1024,4096,1792,659.107,1090.18,628.897,-0.0701
mixed,16,4,0.25,4.0,128,4096,2048,8192,3584,964.003,1931.94,1094.18,0.1345
mixed,16,4,0.25,4.0,128,4096,4096,16384,7168,1707.81,3441.07,2120.1,0.2379
mixed,16,4,0.25,4.0,128,8192,128,512,224,595.808,663.395,610.914,0.2235
mixed,16,4,0.25,4.0,128,8192,256,1024,448,642.976,763.458,645.219,0.0186
mixed,16,4,0.25,4.0,128,8192,512,2048,896,736.291,957.442,720.961,-0.0693
mixed,16,4,0.25,4.0,128,8192,1024,4096,1792,908.611,1345.35,890.017,-0.0426
mixed,16,4,0.25,4.0,128,8192,2048,8192,3584,1253.54,2188.93,1196.23,-0.0613
mixed,16,4,0.25,4.0,128,8192,4096,16384,7168,1921.29,4003.31,2131.65,0.101
mixed,16,4,0.25,4.0,256,0,128,512,224,103.488,180.8,131.84,0.3667
mixed,16,4,0.25,4.0,256,0,256,1024,448,158.912,278.848,197.889,0.325
mixed,16,4,0.25,4.0,256,0,512,2048,896,255.52,473.376,315.681,0.2762
mixed,16,4,0.25,4.0,256,0,1024,4096,1792,424.706,862.626,563.811,0.3176
mixed,16,4,0.25,4.0,256,0,2048,8192,3584,762.723,1681.12,1011.94,0.2714
mixed,16,4,0.25,4.0,256,0,4096,16384,7168,1467.78,3301.32,1894.21,0.2326
mixed,16,4,0.25,4.0,256,512,128,512,224,150.208,211.904,162.527,0.1997
mixed,16,4,0.25,4.0,256,512,256,1024,448,192.449,314.624,217.25,0.203
mixed,16,4,0.25,4.0,256,512,512,2048,896,287.905,506.144,344.321,0.2585
mixed,16,4,0.25,4.0,256,512,1024,4096,1792,459.136,895.939,574.624,0.2644
mixed,16,4,0.25,4.0,256,512,2048,8192,3584,796.994,1687.56,1076.77,0.3142
mixed,16,4,0.25,4.0,256,512,4096,16384,7168,1487.14,3303.05,1963.27,0.2622
mixed,16,4,0.25,4.0,256,1024,128,512,224,198.209,248.576,209.825,0.2306
mixed,16,4,0.25,4.0,256,1024,256,1024,448,233.376,342.177,246.112,0.1171
mixed,16,4,0.25,4.0,256,1024,512,2048,896,319.841,538.593,351.49,0.1447
mixed,16,4,0.25,4.0,256,1024,1024,4096,1792,491.969,929.122,604.448,0.2573
mixed,16,4,0.25,4.0,256,1024,2048,8192,3584,829.762,1718.02,1084.55,0.2868
mixed,16,4,0.25,4.0,256,1024,4096,16384,7168,1519.14,3307.92,2028.32,0.2847
mixed,16,4,0.25,4.0,256,2048,128,512,224,274.208,352.993,295.359,0.2685
mixed,16,4,0.25,4.0,256,2048,256,1024,448,325.761,411.968,337.824,0.1399
mixed,16,4,0.25,4.0,256,2048,512,2048,896,390.976,598.753,404.324,0.0642
mixed,16,4,0.25,4.0,256,2048,1024,4096,1792,553.855,993.344,642.562,0.2018
mixed,16,4,0.25,4.0,256,2048,2048,8192,3584,897.345,1780.55,1109.44,0.2401
mixed,16,4,0.25,4.0,256,2048,4096,16384,7168,1580.71,3348.62,2114.95,0.3022
mixed,16,4,0.25,4.0,256,4096,128,512,224,400.192,493.347,423.17,0.2467
mixed,16,4,0.25,4.0,256,4096,256,1024,448,464.482,610.337,484.578,0.1378
mixed,16,4,0.25,4.0,256,4096,512,2048,896,576.736,731.745,577.186,0.0029
mixed,16,4,0.25,4.0,256,4096,1024,4096,1792,693.442,1120.07,722.528,0.0682
mixed,16,4,0.25,4.0,256,4096,2048,8192,3584,1024.8,2013.28,1218.88,0.1963
mixed,16,4,0.25,4.0,256,4096,4096,16384,7168,1747.43,3617.35,2131.17,0.2052
mixed,16,4,0.25,4.0,256,8192,128,512,224,650.305,744.865,675.393,0.2653
mixed,16,4,0.25,4.0,256,8192,256,1024,448,713.826,872.386,732.481,0.1177
mixed,16,4,0.25,4.0,256,8192,512,2048,896,840.031,1110.4,868.449,0.1051
mixed,16,4,0.25,4.0,256,8192,1024,4096,1792,1063.36,1380.93,1080.52,0.054
mixed,16,4,0.25,4.0,256,8192,2048,8192,3584,1311.52,2193.13,1353.22,0.0473
mixed,16,4,0.25,4.0,256,8192,4096,16384,7168,2018.5,4168.62,2357.03,0.1574
mixed,16,4,0.25,4.0,512,0,128,512,224,156.577,221.696,173.152,0.2545
mixed,16,4,0.25,4.0,512,0,256,1024,448,198.05,334.72,237.699,0.2901
mixed,16,4,0.25,4.0,512,0,512,2048,896,304.959,528.898,357.506,0.2346
mixed,16,4,0.25,4.0,512,0,1024,4096,1792,479.904,914.048,597.859,0.2717
mixed,16,4,0.25,4.0,512,0,2048,8192,3584,818.208,1709.12,1098.76,0.3149
mixed,16,4,0.25,4.0,512,0,4096,16384,7168,1510.02,3324.01,1992.29,0.2659
mixed,16,4,0.25,4.0,512,512,128,512,224,221.761,282.304,233.921,0.2008
mixed,16,4,0.25,4.0,512,512,256,1024,448,263.84,373.922,276.831,0.118
mixed,16,4,0.25,4.0,512,512,512,2048,896,350.144,592.034,402.882,0.218
mixed,16,4,0.25,4.0,512,512,1024,4096,1792,533.954,977.602,645.154,0.2506
mixed,16,4,0.25,4.0,512,512,2048,8192,3584,882.115,1758.69,1111.27,0.2614
mixed,16,4,0.25,4.0,512,512,4096,16384,7168,1561.77,3328.33,2106.79,0.3085
mixed,16,4,0.25,4.0,512,1024,128,512,224,283.936,351.233,298.497,0.2164
mixed,16,4,0.25,4.0,512,1024,256,1024,448,328.863,428.578,335.745,0.069
mixed,16,4,0.25,4.0,512,1024,512,2048,896,409.794,617.154,443.681,0.1634
mixed,16,4,0.25,4.0,512,1024,1024,4096,1792,570.307,1043.24,681.247,0.2346
mixed,16,4,0.25,4.0,512,1024,2048,8192,3584,946.563,1817.83,1164.36,0.25
mixed,16,4,0.25,4.0,512,1024,4096,16384,7168,1623.97,3382.99,2134.12,0.29
mixed,16,4,0.25,4.0,512,2048,128,512,224,400.417,473.345,412.033,0.1593
mixed,16,4,0.25,4.0,512,2048,256,1024,448,446.753,566.531,460.832,0.1175
mixed,16,4,0.25,4.0,512,2048,512,2048,896,547.744,742.594,532.353,-0.079
mixed,16,4,0.25,4.0,512,2048,1024,4096,1792,676.29,1131.78,763.619,0.1917
mixed,16,4,0.25,4.0,512,2048,2048,8192,3584,1012.32,1936.96,1255.17,0.2626
mixed,16,4,0.25,4.0,512,2048,4096,16384,7168,1746.31,3493.58,2182.44,0.2496
mixed,16,4,0.25,4.0,512,4096,128,512,224,642.689,698.69,652.831,0.1811
mixed,16,4,0.25,4.0,512,4096,256,1024,448,680.067,800.993,689.731,0.0799
mixed,16,4,0.25,4.0,512,4096,512,2048,896,755.841,1004.45,778.851,0.0926
mixed,16,4,0.25,4.0,512,4096,1024,4096,1792,959.106,1374.69,929.953,-0.0701
mixed,16,4,0.25,4.0,512,4096,2048,8192,3584,1227.75,2165.9,1394.57,0.1778
mixed,16,4,0.25,4.0,512,4096,4096,16384,7168,1913.38,3979.28,2399.91,0.2355
mixed,16,4,0.25,4.0,512,8192,128,512,224,1128.77,1182.02,1138.08,0.1748
mixed,16,4,0.25,4.0,512,8192,256,1024,448,1162.31,1249.15,1164.8,0.0287
mixed,16,4,0.25,4.0,512,8192,512,2048,896,1230.25,1428.58,1239.87,0.0485
mixed,16,4,0.25,4.0,512,8192,1024,4096,1792,1359.01,1877.25,1395.46,0.0703
mixed,16,4,0.25,4.0,512,8192,2048,8192,3584,1762.24,2688.45,1718.47,-0.0473
mixed,16,4,0.25,4.0,512,8192,4096,16384,7168,2377.29,4356.88,2659.24,0.1424
mixed,16,4,0.25,4.0,1024,0,128,512,224,285.697,345.952,298.241,0.2082
mixed,16,4,0.25,4.0,1024,0,256,1024,448,328.864,439.68,340.962,0.1092
mixed,16,4,0.25,4.0,1024,0,512,2048,896,411.841,652.611,467.873,0.2327
mixed,16,4,0.25,4.0,1024,0,1024,4096,1792,598.562,1060.42,711.745,0.2451
mixed,16,4,0.25,4.0,1024,0,2048,8192,3584,963.299,1836.45,1191.87,0.2618
mixed,16,4,0.25,4.0,1024,0,4096,16384,7168,1644,3398.03,2157.8,0.2929
mixed,16,4,0.25,4.0,1024,512,128,512,224,391.902,450.434,402.912,0.1881
mixed,16,4,0.25,4.0,1024,512,256,1024,448,433.794,533.026,441.311,0.0758
mixed,16,4,0.25,4.0,1024,512,512,2048,896,513.632,740.195,549.025,0.1562
mixed,16,4,0.25,4.0,1024,512,1024,4096,1792,683.876,1155.08,797.058,0.2402
mixed,16,4,0.25,4.0,1024,512,2048,8192,3584,1058.79,1951.72,1281.86,0.2498
mixed,16,4,0.25,4.0,1024,512,4096,16384,7168,1760.07,3503.18,2224.65,0.2665
mixed,16,4,0.25,4.0,1024,1024,128,512,224,492.513,555.459,505.665,0.2089
mixed,16,4,0.25,4.0,1024,1024,256,1024,448,534.754,637.09,544.578,0.096
mixed,16,4,0.25,4.0,1024,1024,512,2048,896,616.961,822.69,624.097,0.0347
mixed,16,4,0.25,4.0,1024,1024,1024,4096,1792,769.507,1247.36,878.019,0.2271
mixed,16,4,0.25,4.0,1024,1024,2048,8192,3584,1136.16,2069.77,1363.74,0.2438
mixed,16,4,0.25,4.0,1024,1024,4096,16384,7168,1883.05,3633.58,2318.98,0.249
mixed,16,4,0.25,4.0,1024,2048,128,512,224,684.992,756.707,701.826,0.2347
mixed,16,4,0.25,4.0,1024,2048,256,1024,448,734.051,842.691,750.752,0.1537
mixed,16,4,0.25,4.0,1024,2048,512,2048,896,823.234,1013.95,816.737,-0.0341
mixed,16,4,0.25,4.0,1024,2048,1024,4096,1792,964.706,1411.9,1035.33,0.1579
mixed,16,4,0.25,4.0,1024,2048,2048,8192,3584,1307.46,2262.79,1538.98,0.2423
mixed,16,4,0.25,4.0,1024,2048,4096,16384,7168,2062.02,3943.69,2502.92,0.2343
mixed,16,4,0.25,4.0,1024,4096,128,512,224,1050.72,1137.28,1071.04,0.2348
mixed,16,4,0.25,4.0,1024,4096,256,1024,448,1112.7,1242.11,1124.19,0.0888
mixed,16,4,0.25,4.0,1024,4096,512,2048,896,1220.67,1401.6,1229,0.046
mixed,16,4,0.25,4.0,1024,4096,1024,4096,1792,1367.3,1767.3,1363.78,-0.0088
mixed,16,4,0.25,4.0,1024,4096,2048,8192,3584,1677.32,2563.88,1848.96,0.1936
mixed,16,4,0.25,4.0,1024,4096,4096,16384,7168,2377.87,4960.62,2810.89,0.1677
mixed,16,4,0.25,4.0,1024,8192,128,512,224,1784.13,1867.62,1806.18,0.2641
mixed,16,4,0.25,4.0,1024,8192,256,1024,448,1844.23,1996.13,1855.27,0.0727
mixed,16,4,0.25,4.0,1024,8192,512,2048,896,1964.58,2228.84,1977.35,0.0483
mixed,16,4,0.25,4.0,1024,8192,1024,4096,1792,2187.72,2531.37,2188.23,0.0015
mixed,16,4,0.25,4.0,1024,8192,2048,8192,3584,2457.67,3311.4,2465.48,0.0091
mixed,16,4,0.25,4.0,1024,8192,4096,16384,7168,3105.39,4982.6,3476.26,0.1976
mixed,16,4,0.25,4.0,2048,0,128,512,224,662.402,726.338,678.305,0.2487
mixed,16,4,0.25,4.0,2048,0,256,1024,448,706.818,806.466,718.209,0.1143
mixed,16,4,0.25,4.0,2048,0,512,2048,896,787.041,992.995,796.577,0.0463
mixed,16,4,0.25,4.0,2048,0,1024,4096,1792,937.571,1422.63,1053.09,0.2381
mixed,16,4,0.25,4.0,2048,0,2048,8192,3584,1314.72,2281.19,1546.92,0.2402
mixed,16,4,0.25,4.0,2048,0,4096,16384,7168,2072.55,3862.22,2503.53,0.2408
mixed,16,4,0.25,4.0,2048,512,128,512,224,851.587,910.465,864.64,0.2217
mixed,16,4,0.25,4.0,2048,512,256,1024,448,890.531,997.602,903.392,0.1201
mixed,16,4,0.25,4.0,2048,512,512,2048,896,972.323,1159.84,967.426,-0.0261
mixed,16,4,0.25,4.0,2048,512,1024,4096,1792,1117.96,1591.59,1218.95,0.2132
mixed,16,4,0.25,4.0,2048,512,2048,8192,3584,1486.92,2448.39,1717.38,0.2397
mixed,16,4,0.25,4.0,2048,512,4096,16384,7168,2235.37,4124.46,2678.7,0.2347
mixed,16,4,0.25,4.0,2048,1024,128,512,224,1036.42,1093.35,1046.79,0.1821
mixed,16,4,0.25,4.0,2048,1024,256,1024,448,1079.26,1179.68,1086.76,0.0746
mixed,16,4,0.25,4.0,2048,1024,512,2048,896,1169.06,1339.75,1158.18,-0.0638
mixed,16,4,0.25,4.0,2048,1024,1024,4096,1792,1302.28,1757.28,1375.42,0.1608
mixed,16,4,0.25,4.0,2048,1024,2048,8192,3584,1651.04,2619.37,1882.31,0.2388
mixed,16,4,0.25,4.0,2048,1024,4096,16384,7168,2405.09,4445.07,2851.73,0.2189
mixed,16,4,0.25,4.0,2048,2048,128,512,224,1403.43,1455.84,1413.41,0.1904
mixed,16,4,0.25,4.0,2048,2048,256,1024,448,1442.24,1546.5,1452.45,0.0979
mixed,16,4,0.25,4.0,2048,2048,512,2048,896,1529.32,1717,1524.54,-0.0254
mixed,16,4,0.25,4.0,2048,2048,1024,4096,1792,1669.64,2089.35,1689.89,0.0483
mixed,16,4,0.25,4.0,2048,2048,2048,8192,3584,1975.78,2948.59,2213.25,0.2441
mixed,16,4,0.25,4.0,2048,2048,4096,16384,7168,2734.7,4851.5,3202.45,0.221
mixed,16,4,0.25,4.0,2048,4096,128,512,224,2125.09,2182.15,2136.9,0.2069
mixed,16,4,0.25,4.0,2048,4096,256,1024,448,2165.09,2271.21,2176.29,0.1055
mixed,16,4,0.25,4.0,2048,4096,512,2048,896,2252.49,2448.68,2250.4,-0.0106
mixed,16,4,0.25,4.0,2048,4096,1024,4096,1792,2407.14,2789.96,2405.83,-0.0034
mixed,16,4,0.25,4.0,2048,4096,2048,8192,3584,2704.81,3613.39,2848.08,0.1577
mixed,16,4,0.25,4.0,2048,4096,4096,16384,7168,3389.45,5585.23,3873.9,0.2206
mixed,16,4,0.25,4.0,2048,8192,128,512,224,3595.43,3650.63,3609.16,0.2487
mixed,16,4,0.25,4.0,2048,8192,256,1024,448,3633,3725.16,3636.49,0.0378
mixed,16,4,0.25,4.0,2048,8192,512,2048,896,3707.91,3896.62,3704.37,-0.0188
mixed,16,4,0.25,4.0,2048,8192,1024,4096,1792,3852.11,4275.66,3849.62,-0.0059
mixed,16,4,0.25,4.0,2048,8192,2048,8192,3584,4183.24,5017.1,4169.9,-0.016
mixed,16,4,0.25,4.0,2048,8192,4096,16384,7168,4762,6711,5148.66,0.1984
pure,16,8,0.5,4.0,0,0,128,512,320,86.974,107.872,86.367,-0.029
pure,16,8,0.5,4.0,0,0,256,1024,640,124.256,178.177,126.014,0.0326
pure,16,8,0.5,4.0,0,0,512,2048,1280,223.842,330.016,218.913,-0.0464
pure,16,8,0.5,4.0,0,0,1024,4096,2560,398.271,610.304,398.915,0.003
pure,16,8,0.5,4.0,0,0,2048,8192,5120,744.737,1135.72,735.041,-0.0248
pure,16,8,0.5,4.0,0,0,4096,16384,10240,1412.83,2187.11,1394.89,-0.0232
mixed,16,8,0.5,4.0,16,0,128,512,320,101.569,147.551,121.569,0.435
mixed,16,8,0.5,4.0,16,0,256,1024,640,173.183,250.465,198.751,0.3308
mixed,16,8,0.5,4.0,16,0,512,2048,1280,298.624,446.528,346.466,0.3235
mixed,16,8,0.5,4.0,16,0,1024,4096,2560,545.122,843.906,642.113,0.3246
mixed,16,8,0.5,4.0,16,0,2048,8192,5120,1044.64,1683.39,1213.35,0.2641
mixed,16,8,0.5,4.0,16,0,4096,16384,10240,2087.33,3304.17,2380.84,0.2412
mixed,16,8,0.5,4.0,16,512,128,512,320,117.762,148.576,138.465,0.6719
mixed,16,8,0.5,4.0,16,512,256,1024,640,173.762,250.689,200.064,0.3419
mixed,16,8,0.5,4.0,16,512,512,2048,1280,300.384,448.706,348.64,0.3253
mixed,16,8,0.5,4.0,16,512,1024,4096,2560,548.994,844.261,649.057,0.3389
mixed,16,8,0.5,4.0,16,512,2048,8192,5120,1045.99,1681.86,1237.54,0.3012
mixed,16,8,0.5,4.0,16,512,4096,16384,10240,2088.17,3303.91,2393.13,0.2508
mixed,16,8,0.5,4.0,16,1024,128,512,320,150.975,181.984,171.552,0.6636
mixed,16,8,0.5,4.0,16,1024,256,1024,640,198.947,251.361,208.161,0.1758
mixed,16,8,0.5,4.0,16,1024,512,2048,1280,299.904,451.361,349.312,0.3262
mixed,16,8,0.5,4.0,16,1024,1024,4096,2560,547.458,845.155,651.968,0.3511
mixed,16,8,0.5,4.0,16,1024,2048,8192,5120,1047.94,1679.81,1233.45,0.2936
mixed,16,8,0.5,4.0,16,1024,4096,16384,10240,2084.74,3302.32,2402.28,0.2608
mixed,16,8,0.5,4.0,16,2048,128,512,320,214.303,245.183,234.944,0.6684
mixed,16,8,0.5,4.0,16,2048,256,1024,640,262.368,314.849,286.912,0.4677
mixed,16,8,0.5,4.0,16,2048,512,2048,1280,348.416,451.586,352.577,0.0403
mixed,16,8,0.5,4.0,16,2048,1024,4096,2560,549.57,846.818,653.056,0.3481
mixed,16,8,0.5,4.0,16,2048,2048,8192,5120,1046.12,1672.87,1240.19,0.3097
mixed,16,8,0.5,4.0,16,2048,4096,16384,10240,2092.29,3305.1,2406.98,0.2595
mixed,16,8,0.5,4.0,16,4096,128,512,320,339.936,369.41,358.207,0.6199
mixed,16,8,0.5,4.0,16,4096,256,1024,640,385.185,437.476,410.977,0.4932
mixed,16,8,0.5,4.0,16,4096,512,2048,1280,474.498,579.713,506.755,0.3066
mixed,16,8,0.5,4.0,16,4096,1024,4096,2560,645.184,850.369,655.616,0.0508
mixed,16,8,0.5,4.0,16,4096,2048,8192,5120,1057.31,1670.21,1236.9,0.293
mixed,16,8,0.5,4.0,16,4096,4096,16384,10240,2095.72,3317.45,2439.08,0.281
mixed,16,8,0.5,4.0,16,8192,128,512,320,585.122,615.234,604.226,0.6344
mixed,16,8,0.5,4.0,16,8192,256,1024,640,631.518,683.842,656.32,0.474
mixed,16,8,0.5,4.0,16,8192,512,2048,1280,719.937,821.73,753.282,0.3276
mixed,16,8,0.5,4.0,16,8192,1024,4096,2560,896.641,1104.42,945.922,0.2372
mixed,16,8,0.5,4.0,16,8192,2048,8192,5120,1271.49,1728.29,1245.09,-0.0578
mixed,16,8,0.5,4.0,16,8192,4096,16384,10240,2106.37,3381.64,2465.06,0.2813
mixed,16,8,0.5,4.0,32,0,128,512,320,101.408,147.425,121.472,0.436
mixed,16,8,0.5,4.0,32,0,256,1024,640,173.409,249.472,198.944,0.3357
mixed,16,8,0.5,4.0,32,0,512,2048,1280,298.944,448.864,345.824,0.3127
mixed,16,8,0.5,4.0,32,0,1024,4096,2560,547.36,842.882,643.618,0.3257
mixed,16,8,0.5,4.0,32,0,2048,8192,5120,1046.79,1680.32,1213.57,0.2633
mixed,16,8,0.5,4.0,32,0,4096,16384,10240,2090.15,3298.73,2382.76,0.2421
mixed,16,8,0.5,4.0,32,512,128,512,320,117.984,148.833,138.527,0.6659
mixed,16,8,0.5,4.0,32,512,256,1024,640,173.183,250.401,199.584,0.3419
mixed,16,8,0.5,4.0,32,512,512,2048,1280,299.168,449.568,348.257,0.3264
mixed,16,8,0.5,4.0,32,512,1024,4096,2560,549.698,842.785,649.249,0.3397
mixed,16,8,0.5,4.0,32,512,2048,8192,5120,1045.38,1677.54,1234.4,0.299
mixed,16,8,0.5,4.0,32,512,4096,16384,10240,2086.6,3302.83,2390.5,0.2499
mixed,16,8,0.5,4.0,32,1024,128,512,320,152.385,182.4,172.001,0.6535
mixed,16,8,0.5,4.0,32,1024,256,1024,640,199.007,251.488,207.199,0.1561
mixed,16,8,0.5,4.0,32,1024,512,2048,1280,299.619,451.393,348.8,0.324
mixed,16,8,0.5,4.0,32,1024,1024,4096,2560,550.434,845.667,652.962,0.3473
mixed,16,8,0.5,4.0,32,1024,2048,8192,5120,1047.36,1681.48,1233.73,0.2939
mixed,16,8,0.5,4.0,32,1024,4096,16384,10240,2087.85,3306.96,2401.03,0.2569
mixed,16,8,0.5,4.0,32,2048,128,512,320,214.241,246.146,234.305,0.6289
mixed,16,8,0.5,4.0,32,2048,256,1024,640,263.169,315.648,287.617,0.4659
mixed,16,8,0.5,4.0,32,2048,512,2048,1280,347.36,449.729,350.913,0.0347
mixed,16,8,0.5,4.0,32,2048,1024,4096,2560,552.417,845.731,652.321,0.3406
mixed,16,8,0.5,4.0,32,2048,2048,8192,5120,1045.96,1661.38,1238.5,0.3129
mixed,16,8,0.5,4.0,32,2048,4096,16384,10240,2088.36,3307.34,2404.04,0.259
mixed,16,8,0.5,4.0,32,4096,128,512,320,341.217,369.601,358.114,0.5953
mixed,16,8,0.5,4.0,32,4096,256,1024,640,387.04,438.048,410.817,0.4661
mixed,16,8,0.5,4.0,32,4096,512,2048,1280,473.985,582.881,507.425,0.3071
mixed,16,8,0.5,4.0,32,4096,1024,4096,2560,643.905,857.156,659.33,0.0723
mixed,16,8,0.5,4.0,32,4096,2048,8192,5120,1056.61,1665.12,1234.4,0.2922
mixed,16,8,0.5,4.0,32,4096,4096,16384,10240,2097.58,3325.52,2447.37,0.2849
mixed,16,8,0.5,4.0,32,8192,128,512,320,586.05,616.289,604.322,0.6043
mixed,16,8,0.5,4.0,32,8192,256,1024,640,633.504,683.876,657.474,0.4759
mixed,16,8,0.5,4.0,32,8192,512,2048,1280,721.282,827.106,753.635,0.3057
mixed,16,8,0.5,4.0,32,8192,1024,4096,2560,898.148,1103.68,947.299,0.2391
mixed,16,8,0.5,4.0,32,8192,2048,8192,5120,1267.65,1723.43,1240.9,-0.0587
mixed,16,8,0.5,4.0,32,8192,4096,16384,10240,2105.99,3384.94,2465.29,0.2809
mixed,16,8,0.5,4.0,64,0,128,512,320,101.056,147.297,121.729,0.4471
mixed,16,8,0.5,4.0,64,0,256,1024,640,172.897,250.431,198.657,0.3322
mixed,16,8,0.5,4.0,64,0,512,2048,1280,298.88,447.678,345.73,0.3149
mixed,16,8,0.5,4.0,64,0,1024,4096,2560,549.922,843.68,644.258,0.3211
mixed,16,8,0.5,4.0,64,0,2048,8192,5120,1047.56,1684.87,1215.68,0.2638
mixed,16,8,0.5,4.0,64,0,4096,16384,10240,2089.57,3282.41,2380.87,0.2442
mixed,16,8,0.5,4.0,64,512,128,512,320,119.617,149.698,139.2,0.651
mixed,16,8,0.5,4.0,64,512,256,1024,640,173.6,251.201,199.874,0.3386
mixed,16,8,0.5,4.0,64,512,512,2048,1280,299.233,449.249,348.865,0.3308
mixed,16,8,0.5,4.0,64,512,1024,4096,2560,548.162,845.313,651.489,0.3477
mixed,16,8,0.5,4.0,64,512,2048,8192,5120,1049.38,1687.24,1234.05,0.2895
mixed,16,8,0.5,4.0,64,512,4096,16384,10240,2087.72,3305.83,2397.26,0.2541
mixed,16,8,0.5,4.0,64,1024,128,512,320,154.176,182.88,173.28,0.6656
mixed,16,8,0.5,4.0,64,1024,256,1024,640,200.703,252.256,207.136,0.1248
mixed,16,8,0.5,4.0,64,1024,512,2048,1280,299.583,452.545,350.273,0.3314
mixed,16,8,0.5,4.0,64,1024,1024,4096,2560,552.255,845.697,652.803,0.3427
mixed,16,8,0.5,4.0,64,1024,2048,8192,5120,1049.47,1685.28,1238.72,0.2977
mixed,16,8,0.5,4.0,64,1024,4096,16384,10240,2094.15,3309.26,2404.61,0.2555
mixed,16,8,0.5,4.0,64,2048,128,512,320,216.832,246.624,236.129,0.6477
mixed,16,8,0.5,4.0,64,2048,256,1024,640,263.393,316.192,288.864,0.4824
mixed,16,8,0.5,4.0,64,2048,512,2048,1280,349.986,453.026,353.887,0.0379
mixed,16,8,0.5,4.0,64,2048,1024,4096,2560,552.578,847.811,655.425,0.3484
mixed,16,8,0.5,4.0,64,2048,2048,8192,5120,1050.85,1672.42,1243.59,0.3101
mixed,16,8,0.5,4.0,64,2048,4096,16384,10240,2093.32,3306.06,2410.76,0.2618
mixed,16,8,0.5,4.0,64,4096,128,512,320,340.705,370.944,360.803,0.6646
mixed,16,8,0.5,4.0,64,4096,256,1024,640,386.88,439.968,410.944,0.4533
mixed,16,8,0.5,4.0,64,4096,512,2048,1280,476.482,578.753,509.091,0.3188
mixed,16,8,0.5,4.0,64,4096,1024,4096,2560,648.451,856.002,658.113,0.0466
mixed,16,8,0.5,4.0,64,4096,2048,8192,5120,1058.69,1669.61,1240.07,0.2969
mixed,16,8,0.5,4.0,64,4096,4096,16384,10240,2097.1,3326.03,2447.08,0.2848
mixed,16,8,0.5,4.0,64,8192,128,512,320,590.658,619.297,606.624,0.5575
mixed,16,8,0.5,4.0,64,8192,256,1024,640,633.891,688.482,657.187,0.4267
mixed,16,8,0.5,4.0,64,8192,512,2048,1280,724.45,828.866,753.73,0.2804
mixed,16,8,0.5,4.0,64,8192,1024,4096,2560,903.074,1110.08,946.115,0.2079
mixed,16,8,0.5,4.0,64,8192,2048,8192,5120,1274.4,1732.71,1245.7,-0.0626
mixed,16,8,0.5,4.0,64,8192,4096,16384,10240,2114.47,3387.85,2468.74,0.2782
mixed,16,8,0.5,4.0,128,0,128,512,320,114.463,161.728,134.784,0.4299
mixed,16,8,0.5,4.0,128,0,256,1024,640,185.952,260.706,204.481,0.2479
mixed,16,8,0.5,4.0,128,0,512,2048,1280,309.984,456.321,349.761,0.2718
mixed,16,8,0.5,4.0,128,0,1024,4096,2560,554.848,849.217,647.075,0.3133
mixed,16,8,0.5,4.0,128,0,2048,8192,5120,1047.68,1687.11,1224.26,0.2761
mixed,16,8,0.5,4.0,128,0,4096,16384,10240,2085.1,3300.49,2391.57,0.2522
mixed,16,8,0.5,4.0,128,512,128,512,320,139.105,192.385,146.978,0.1478
mixed,16,8,0.5,4.0,128,512,256,1024,640,220.064,293.538,226.177,0.0832
mixed,16,8,0.5,4.0,128,512,512,2048,1280,342.785,484.288,355.136,0.0873
mixed,16,8,0.5,4.0,128,512,1024,4096,2560,580.096,859.266,651.616,0.2562
mixed,16,8,0.5,4.0,128,512,2048,8192,5120,1051.33,1680.67,1237.7,0.2961
mixed,16,8,0.5,4.0,128,512,4096,16384,10240,2093.09,3302.41,2406.82,0.2594
mixed,16,8,0.5,4.0,128,1024,128,512,320,182.751,222.689,182.304,-0.0112
mixed,16,8,0.5,4.0,128,1024,256,1024,640,229.216,323.071,234.239,0.0535
mixed,16,8,0.5,4.0,128,1024,512,2048,1280,374.592,518.689,382.465,0.0546
mixed,16,8,0.5,4.0,128,1024,1024,4096,2560,613.76,893.345,654.083,0.1442
mixed,16,8,0.5,4.0,128,1024,2048,8192,5120,1085.63,1677.96,1240.45,0.2614
mixed,16,8,0.5,4.0,128,1024,4096,16384,10240,2091.27,3305.1,2409.7,0.2623
mixed,16,8,0.5,4.0,128,2048,128,512,320,247.168,291.52,248.8,0.0368
mixed,16,8,0.5,4.0,128,2048,256,1024,640,313.375,387.841,304,-0.1259
mixed,16,8,0.5,4.0,128,2048,512,2048,1280,406.849,579.327,395.523,-0.0657
mixed,16,8,0.5,4.0,128,2048,1024,4096,2560,681.636,962.821,701.186,0.0695
mixed,16,8,0.5,4.0,128,2048,2048,8192,5120,1155.27,1720.9,1239.01,0.1481
mixed,16,8,0.5,4.0,128,2048,4096,16384,10240,2100.23,3309.19,2410.82,0.2569
mixed,16,8,0.5,4.0,128,4096,128,512,320,372.608,415.555,372.449,-0.0037
mixed,16,8,0.5,4.0,128,4096,256,1024,640,440.705,514.017,438.112,-0.0354
mixed,16,8,0.5,4.0,128,4096,512,2048,1280,563.007,707.936,561.954,-0.0073
mixed,16,8,0.5,4.0,128,4096,1024,4096,2560,746.211,1092.39,717.473,-0.083
mixed,16,8,0.5,4.0,128,4096,2048,8192,5120,1308.84,1922.12,1333.89,0.0409
mixed,16,8,0.5,4.0,128,4096,4096,16384,10240,2292.93,3433.13,2437.7,0.127
mixed,16,8,0.5,4.0,128,8192,128,512,320,619.714,662.914,622.21,0.0578
mixed,16,8,0.5,4.0,128,8192,256,1024,640,689.922,764.224,684.639,-0.0711
mixed,16,8,0.5,4.0,128,8192,512,2048,1280,812.289,958.083,811.428,-0.0059
mixed,16,8,0.5,4.0,128,8192,1024,4096,2560,1059.39,1349.57,1039.88,-0.0673
mixed,16,8,0.5,4.0,128,8192,2048,8192,5120,1414.66,2188.71,1352.26,-0.0806
mixed,16,8,0.5,4.0,128,8192,4096,16384,10240,2579.82,3971.92,2697.13,0.0843
mixed,16,8,0.5,4.0,256,0,128,512,320,131.776,181.664,149.472,0.3547
mixed,16,8,0.5,4.0,256,0,256,1024,640,206.433,279.04,227.331,0.2878
mixed,16,8,0.5,4.0,256,0,512,2048,1280,328.673,472.545,368.385,0.276
mixed,16,8,0.5,4.0,256,0,1024,4096,2560,569.986,861.923,654.624,0.2899
mixed,16,8,0.5,4.0,256,0,2048,8192,5120,1060.26,1675.62,1237.54,0.2881
mixed,16,8,0.5,4.0,256,0,4096,16384,10240,2091.53,3295.4,2409.99,0.2645
mixed,16,8,0.5,4.0,256,512,128,512,320,169.409,212.032,177.184,0.1824
mixed,16,8,0.5,4.0,256,512,256,1024,640,233.632,314.081,248.45,0.1842
mixed,16,8,0.5,4.0,256,512,512,2048,1280,362.048,506.464,398.56,0.2528
mixed,16,8,0.5,4.0,256,512,1024,4096,2560,604.801,895.586,683.521,0.2707
mixed,16,8,0.5,4.0,256,512,2048,8192,5120,1092.2,1687.91,1245.66,0.2576
mixed,16,8,0.5,4.0,256,512,4096,16384,10240,2091.97,3303.88,2413.22,0.2651
mixed,16,8,0.5,4.0,256,1024,128,512,320,219.65,249.248,225.216,0.1881
mixed,16,8,0.5,4.0,256,1024,256,1024,640,272.799,342.562,273.025,0.0032
mixed,16,8,0.5,4.0,256,1024,512,2048,1280,392.321,539.715,420.865,0.1937
mixed,16,8,0.5,4.0,256,1024,1024,4096,2560,635.778,928.547,713.891,0.2668
mixed,16,8,0.5,4.0,256,1024,2048,8192,5120,1125.73,1720.16,1274.21,0.2498
mixed,16,8,0.5,4.0,256,1024,4096,16384,10240,2113.64,3307.44,2419.81,0.2565
mixed,16,8,0.5,4.0,256,2048,128,512,320,307.36,352.194,313.347,0.1335
mixed,16,8,0.5,4.0,256,2048,256,1024,640,367.81,411.616,361.601,-0.1417
mixed,16,8,0.5,4.0,256,2048,512,2048,1280,460.162,598.946,460.387,0.0016
mixed,16,8,0.5,4.0,256,2048,1024,4096,2560,701.633,993.988,737.058,0.1212
mixed,16,8,0.5,4.0,256,2048,2048,8192,5120,1188.51,1781.92,1344.23,0.2624
mixed,16,8,0.5,4.0,256,2048,4096,16384,10240,2177.99,3359.44,2463.5,0.2417
mixed,16,8,0.5,4.0,256,4096,128,512,320,432.64,493.953,447.808,0.2474
mixed,16,8,0.5,4.0,256,4096,256,1024,640,524.002,606.944,538.786,0.1782
mixed,16,8,0.5,4.0,256,4096,512,2048,1280,666.434,730.818,629.218,-0.578
mixed,16,8,0.5,4.0,256,4096,1024,4096,2560,830.723,1119.49,846.625,0.0551
mixed,16,8,0.5,4.0,256,4096,2048,8192,5120,1322.31,2012.55,1378.98,0.0821
mixed,16,8,0.5,4.0,256,4096,4096,16384,10240,2437.67,3627.53,2726.31,0.2426
mixed,16,8,0.5,4.0,256,8192,128,512,320,687.906,743.523,696.292,0.1508
mixed,16,8,0.5,4.0,256,8192,256,1024,640,774.915,869.636,787.011,0.1277
mixed,16,8,0.5,4.0,256,8192,512,2048,1280,933.696,1112.42,965.472,0.1778
mixed,16,8,0.5,4.0,256,8192,1024,4096,2560,1240.19,1379.17,1173.41,-0.4806
mixed,16,8,0.5,4.0,256,8192,2048,8192,5120,1575.33,2190.7,1619.59,0.0719
mixed,16,8,0.5,4.0,256,8192,4096,16384,10240,2629.8,4181.07,2713.64,0.054
mixed,16,8,0.5,4.0,512,0,128,512,320,175.456,221.121,189.631,0.3104
mixed,16,8,0.5,4.0,512,0,256,1024,640,249.57,333.248,267.298,0.2119
mixed,16,8,0.5,4.0,512,0,512,2048,1280,385.76,527.073,413.536,0.1966
mixed,16,8,0.5,4.0,512,0,1024,4096,2560,625.186,914.851,699.362,0.2561
mixed,16,8,0.5,4.0,512,0,2048,8192,5120,1110.85,1708.39,1274.66,0.2741
mixed,16,8,0.5,4.0,512,0,4096,16384,10240,2106.66,3319.24,2438.99,0.2741
mixed,16,8,0.5,4.0,512,512,128,512,320,242.688,283.391,250.018,0.1801
mixed,16,8,0.5,4.0,512,512,256,1024,640,302.435,375.489,309.087,0.0911
mixed,16,8,0.5,4.0,512,512,512,2048,1280,422.975,589.155,460.16,0.2238
mixed,16,8,0.5,4.0,512,512,1024,4096,2560,691.778,980.258,748.386,0.1962
mixed,16,8,0.5,4.0,512,512,2048,8192,5120,1176.13,1754.02,1324.19,0.2562
mixed,16,8,0.5,4.0,512,512,4096,16384,10240,2150.63,3329.87,2460.36,0.2627
mixed,16,8,0.5,4.0,512,1024,128,512,320,306.687,347.457,312.032,0.1311
mixed,16,8,0.5,4.0,512,1024,256,1024,640,367.04,432.897,366.656,-0.0058
mixed,16,8,0.5,4.0,512,1024,512,2048,1280,483.84,619.106,501.602,0.1313
mixed,16,8,0.5,4.0,512,1024,1024,4096,2560,733.344,1043.78,809.283,0.2446
mixed,16,8,0.5,4.0,512,1024,2048,8192,5120,1237.7,1815.94,1369.99,0.2288
mixed,16,8,0.5,4.0,512,1024,4096,16384,10240,2206.6,3385.58,2514.79,0.2614
mixed,16,8,0.5,4.0,512,2048,128,512,320,425.44,475.297,430.657,0.1046
mixed,16,8,0.5,4.0,512,2048,256,1024,640,496.769,569.023,493.408,-0.0465
mixed,16,8,0.5,4.0,512,2048,512,2048,1280,596.287,741.602,590.4,-0.0405
mixed,16,8,0.5,4.0,512,2048,1024,4096,2560,843.138,1132.45,881.474,0.1325
mixed,16,8,0.5,4.0,512,2048,2048,8192,5120,1355.75,1941.57,1477.44,0.2077
mixed,16,8,0.5,4.0,512,2048,4096,16384,10240,2329.25,3492.68,2619.95,0.2499
mixed,16,8,0.5,4.0,512,4096,128,512,320,659.139,694.784,665.73,0.1849
mixed,16,8,0.5,4.0,512,4096,256,1024,640,718.339,802.146,716.546,-0.0214
mixed,16,8,0.5,4.0,512,4096,512,2048,1280,864.961,1004.29,844.61,-0.1461
mixed,16,8,0.5,4.0,512,4096,1024,4096,2560,1048.71,1373.54,1029.28,-0.0598
mixed,16,8,0.5,4.0,512,4096,2048,8192,5120,1541.96,2163.52,1635.33,0.1502
mixed,16,8,0.5,4.0,512,4096,4096,16384,10240,2583.46,4001.42,2744.23,0.1134
mixed,16,8,0.5,4.0,512,8192,128,512,320,1146.43,1177.25,1149.76,0.108
mixed,16,8,0.5,4.0,512,8192,256,1024,640,1191.87,1257.42,1199.05,0.1094
mixed,16,8,0.5,4.0,512,8192,512,2048,1280,1282.69,1426.56,1296.26,0.0943
mixed,16,8,0.5,4.0,512,8192,1024,4096,2560,1601.57,1878.5,1552.04,-0.1789
mixed,16,8,0.5,4.0,512,8192,2048,8192,5120,1953,2688.36,1914.76,-0.052
mixed,16,8,0.5,4.0,512,8192,4096,16384,10240,2991.11,4356.15,3172.62,0.133
mixed,16,8,0.5,4.0,1024,0,128,512,320,307.457,345.154,313.826,0.169
mixed,16,8,0.5,4.0,1024,0,256,1024,640,365.313,439.583,374.369,0.1219
mixed,16,8,0.5,4.0,1024,0,512,2048,1280,493.792,652.098,526.339,0.2056
mixed,16,8,0.5,4.0,1024,0,1024,4096,2560,758.818,1059.68,823.235,0.2141
mixed,16,8,0.5,4.0,1024,0,2048,8192,5120,1255.52,1838.63,1398.76,0.2456
mixed,16,8,0.5,4.0,1024,0,4096,16384,10240,2233.03,3400.94,2526.57,0.2513
mixed,16,8,0.5,4.0,1024,512,128,512,320,413.665,451.649,421.343,0.2021
mixed,16,8,0.5,4.0,1024,512,256,1024,640,472.8,535.297,471.395,-0.0225
mixed,16,8,0.5,4.0,1024,512,512,2048,1280,577.822,738.689,612.194,0.2137
mixed,16,8,0.5,4.0,1024,512,1024,4096,2560,843.426,1159.36,916.193,0.2303
mixed,16,8,0.5,4.0,1024,512,2048,8192,5120,1374.85,1948.26,1491.2,0.2029
mixed,16,8,0.5,4.0,1024,512,4096,16384,10240,2337.26,3500.17,2632.3,0.2537
mixed,16,8,0.5,4.0,1024,1024,128,512,320,516.065,553.568,523.201,0.1903
mixed,16,8,0.5,4.0,1024,1024,256,1024,640,574.817,642.177,575.712,0.0133
mixed,16,8,0.5,4.0,1024,1024,512,2048,1280,677.377,822.978,689.185,0.0811
mixed,16,8,0.5,4.0,1024,1024,1024,4096,2560,929.859,1244.36,998.529,0.2183
mixed,16,8,0.5,4.0,1024,1024,2048,8192,5120,1457.06,2067.3,1591.24,0.2199
mixed,16,8,0.5,4.0,1024,1024,4096,16384,10240,2449.13,3619.63,2723.28,0.2342
mixed,16,8,0.5,4.0,1024,2048,128,512,320,708.512,757.505,721.475,0.2646
mixed,16,8,0.5,4.0,1024,2048,256,1024,640,778.847,842.658,776.738,-0.0331
mixed,16,8,0.5,4.0,1024,2048,512,2048,1280,883.234,1012.71,880.13,-0.024
mixed,16,8,0.5,4.0,1024,2048,1024,4096,2560,1102.02,1409.99,1158.5,0.1834
mixed,16,8,0.5,4.0,1024,2048,2048,8192,5120,1607.71,2259.49,1766.28,0.2433
mixed,16,8,0.5,4.0,1024,2048,4096,16384,10240,2697.9,3932.07,2922.02,0.1816
mixed,16,8,0.5,4.0,1024,4096,128,512,320,1081.7,1137.7,1094.15,0.2224
mixed,16,8,0.5,4.0,1024,4096,256,1024,640,1169.83,1244.42,1174.98,0.0691
mixed,16,8,0.5,4.0,1024,4096,512,2048,1280,1290.85,1400,1285.76,-0.0466
mixed,16,8,0.5,4.0,1024,4096,1024,4096,2560,1494.5,1764.1,1507.3,0.0475
mixed,16,8,0.5,4.0,1024,4096,2048,8192,5120,1958.34,2561.25,2090.41,0.219
mixed,16,8,0.5,4.0,1024,4096,4096,16384,10240,3007.91,4858,3290.92,0.153
mixed,16,8,0.5,4.0,1024,8192,128,512,320,1812.07,1869.57,1823.11,0.192
mixed,16,8,0.5,4.0,1024,8192,256,1024,640,1897.57,1996.29,1905.09,0.0761
mixed,16,8,0.5,4.0,1024,8192,512,2048,1280,2066.82,2230.66,2071.78,0.0303
mixed,16,8,0.5,4.0,1024,8192,1024,4096,2560,2344.07,2526.28,2298.34,-0.251
mixed,16,8,0.5,4.0,1024,8192,2048,8192,5120,2714.82,3312.94,2737.65,0.0382
mixed,16,8,0.5,4.0,1024,8192,4096,16384,10240,3702.16,4986.19,3994.8,0.2279
mixed,16,8,0.5,4.0,2048,0,128,512,320,685.347,727.075,692.801,0.1786
mixed,16,8,0.5,4.0,2048,0,256,1024,640,747.521,801.986,744.161,-0.0617
mixed,16,8,0.5,4.0,2048,0,512,2048,1280,853.346,993.762,863.747,0.0741
mixed,16,8,0.5,4.0,2048,0,1024,4096,2560,1101.38,1424.55,1178.21,0.2378
mixed,16,8,0.5,4.0,2048,0,2048,8192,5120,1634.76,2280.01,1778.63,0.223
mixed,16,8,0.5,4.0,2048,0,4096,16384,10240,2683.37,3853.68,2922.44,0.2043
mixed,16,8,0.5,4.0,2048,512,128,512,320,873.796,909.793,881.058,0.2017
mixed,16,8,0.5,4.0,2048,512,256,1024,640,930.689,990.786,927.49,-0.0532
mixed,16,8,0.5,4.0,2048,512,512,2048,1280,1033.44,1161.35,1039.56,0.0478
mixed,16,8,0.5,4.0,2048,512,1024,4096,2560,1277.28,1593.38,1341.51,0.2032
mixed,16,8,0.5,4.0,2048,512,2048,8192,5120,1804.48,2450.05,1955.62,0.2341
mixed,16,8,0.5,4.0,2048,512,4096,16384,10240,2868.2,4123.15,3124.91,0.2046
mixed,16,8,0.5,4.0,2048,1024,128,512,320,1054.21,1095.68,1063.36,0.2207
mixed,16,8,0.5,4.0,2048,1024,256,1024,640,1117.09,1179.14,1115.59,-0.0242
mixed,16,8,0.5,4.0,2048,1024,512,2048,1280,1221.82,1341.44,1221.12,-0.0059
mixed,16,8,0.5,4.0,2048,1024,1024,4096,2560,1435.68,1759.33,1509.19,0.2271
mixed,16,8,0.5,4.0,2048,1024,2048,8192,5120,1971.91,2621.86,2116.58,0.2226
mixed,16,8,0.5,4.0,2048,1024,4096,16384,10240,3033.74,4467.54,3309.38,0.1922
mixed,16,8,0.5,4.0,2048,2048,128,512,320,1422.34,1462.15,1431.36,0.2266
mixed,16,8,0.5,4.0,2048,2048,256,1024,640,1483.62,1548.55,1490.12,0.1001
mixed,16,8,0.5,4.0,2048,2048,512,2048,1280,1593.92,1718.76,1589.92,-0.0321
mixed,16,8,0.5,4.0,2048,2048,1024,4096,2560,1798.37,2088.94,1827.59,0.1005
mixed,16,8,0.5,4.0,2048,2048,2048,8192,5120,2308.26,2951.75,2456.52,0.2304
mixed,16,8,0.5,4.0,2048,2048,4096,16384,10240,3372.97,4853.65,3663.02,0.1959
mixed,16,8,0.5,4.0,2048,4096,128,512,320,2149.7,2183.01,2155.97,0.1882
mixed,16,8,0.5,4.0,2048,4096,256,1024,640,2205.12,2268.97,2206.41,0.0201
mixed,16,8,0.5,4.0,2048,4096,512,2048,1280,2322.22,2458.09,2321.7,-0.0038
mixed,16,8,0.5,4.0,2048,4096,1024,4096,2560,2539.65,2792.26,2529.38,-0.0407
mixed,16,8,0.5,4.0,2048,4096,2048,8192,5120,2975.34,3617.84,3092.62,0.1825
mixed,16,8,0.5,4.0,2048,4096,4096,16384,10240,4026.12,5586.01,4353.1,0.2096
mixed,16,8,0.5,4.0,2048,8192,128,512,320,3617.61,3648.01,3624.17,0.2157
mixed,16,8,0.5,4.0,2048,8192,256,1024,640,3668.97,3722.24,3668.2,-0.0144
mixed,16,8,0.5,4.0,2048,8192,512,2048,1280,3764.17,3903.94,3761.26,-0.0208
mixed,16,8,0.5,4.0,2048,8192,1024,4096,2560,3987.82,4273.9,4005.26,0.061
mixed,16,8,0.5,4.0,2048,8192,2048,8192,5120,4420.34,5016.91,4382.6,-0.0632
mixed,16,8,0.5,4.0,2048,8192,4096,16384,10240,5417.33,6699.1,5621.81,0.1595
pure,16,12,0.75,4.0,0,0,128,512,416,94.208,108.034,96.446,0.1619
pure,16,12,0.75,4.0,0,0,256,1024,832,152.384,178.019,150.623,-0.0687
pure,16,12,0.75,4.0,0,0,512,2048,1664,278.847,329.41,283.775,0.0975
pure,16,12,0.75,4.0,0,0,1024,4096,3328,509.279,613.795,505.727,-0.034
pure,16,12,0.75,4.0,0,0,2048,8192,6656,942.818,1135.84,931.36,-0.0594
pure,16,12,0.75,4.0,0,0,4096,16384,13312,1787.17,2190.5,1790.02,0.0071
mixed,16,12,0.75,4.0,16,0,128,512,416,124.127,147.136,144.191,0.872
mixed,16,12,0.75,4.0,16,0,256,1024,832,202.914,249.921,244.576,0.8863
mixed,16,12,0.75,4.0,16,0,512,2048,1664,374.208,446.082,439.2,0.9042
mixed,16,12,0.75,4.0,16,0,1024,4096,3328,695.104,841.507,826.721,0.899
mixed,16,12,0.75,4.0,16,0,2048,8192,6656,1372.8,1684.67,1604.97,0.7444
mixed,16,12,0.75,4.0,16,0,4096,16384,13312,2694.47,3306.28,3247.85,0.9045
mixed,16,12,0.75,4.0,16,512,128,512,416,132.768,148.193,145.985,0.8569
mixed,16,12,0.75,4.0,16,512,256,1024,832,203.04,249.696,245.088,0.9012
mixed,16,12,0.75,4.0,16,512,512,2048,1664,374.817,449.666,439.457,0.8636
mixed,16,12,0.75,4.0,16,512,1024,4096,3328,696.035,844.608,829.986,0.9016
mixed,16,12,0.75,4.0,16,512,2048,8192,6656,1363.62,1685.28,1603.78,0.7466
mixed,16,12,0.75,4.0,16,512,4096,16384,13312,2693.03,3308.65,3243.37,0.894
mixed,16,12,0.75,4.0,16,1024,128,512,416,165.952,181.313,178.304,0.8041
mixed,16,12,0.75,4.0,16,1024,256,1024,832,219.361,251.233,246.239,0.8433
mixed,16,12,0.75,4.0,16,1024,512,2048,1664,377.537,449.92,440.225,0.8661
mixed,16,12,0.75,4.0,16,1024,1024,4096,3328,696.353,846.499,829.891,0.8894
mixed,16,12,0.75,4.0,16,1024,2048,8192,6656,1357.96,1677.03,1609.7,0.789
mixed,16,12,0.75,4.0,16,1024,4096,16384,13312,2696.43,3304.97,3233.48,0.8825
mixed,16,12,0.75,4.0,16,2048,128,512,416,230.24,244.896,241.247,0.751
mixed,16,12,0.75,4.0,16,2048,256,1024,832,282.784,313.92,309.279,0.8509
mixed,16,12,0.75,4.0,16,2048,512,2048,1664,401.825,452.098,443.233,0.8237
mixed,16,12,0.75,4.0,16,2048,1024,4096,3328,698.243,846.307,835.426,0.9265
mixed,16,12,0.75,4.0,16,2048,2048,8192,6656,1354.72,1666.05,1608.55,0.8153
mixed,16,12,0.75,4.0,16,2048,4096,16384,13312,2694.95,3303.4,3238.63,0.8935
mixed,16,12,0.75,4.0,16,4096,128,512,416,353.953,369.121,366.338,0.8165
mixed,16,12,0.75,4.0,16,4096,256,1024,832,406.943,438.401,432.96,0.827
mixed,16,12,0.75,4.0,16,4096,512,2048,1664,527.331,580.033,568.161,0.7747
mixed,16,12,0.75,4.0,16,4096,1024,4096,3328,743.874,851.939,839.136,0.8815
mixed,16,12,0.75,4.0,16,4096,2048,8192,6656,1359.97,1667.24,1624.26,0.8601
mixed,16,12,0.75,4.0,16,4096,4096,16384,13312,2712.97,3315.72,3289.83,0.957
mixed,16,12,0.75,4.0,16,8192,128,512,416,600.898,615.426,610.274,0.6454
mixed,16,12,0.75,4.0,16,8192,256,1024,832,655.714,685.505,679.811,0.8089
mixed,16,12,0.75,4.0,16,8192,512,2048,1664,772.769,825.507,813.761,0.7773
mixed,16,12,0.75,4.0,16,8192,1024,4096,3328,996.802,1105.41,1087.07,0.8312
mixed,16,12,0.75,4.0,16,8192,2048,8192,6656,1508.55,1730.4,1638.05,0.5837
mixed,16,12,0.75,4.0,16,8192,4096,16384,13312,2713.99,3375.88,3437.45,1.093
mixed,16,12,0.75,4.0,32,0,128,512,416,125.92,147.584,144.224,0.8449
mixed,16,12,0.75,4.0,32,0,256,1024,832,202.688,249.121,243.551,0.88
mixed,16,12,0.75,4.0,32,0,512,2048,1664,374.818,448.067,438.369,0.8676
mixed,16,12,0.75,4.0,32,0,1024,4096,3328,695.425,844.771,830.497,0.9044
mixed,16,12,0.75,4.0,32,0,2048,8192,6656,1371.81,1679.56,1605.64,0.7598
mixed,16,12,0.75,4.0,32,0,4096,16384,13312,2695.4,3307.95,3242.28,0.8928
mixed,16,12,0.75,4.0,32,512,128,512,416,133.282,148.673,146.335,0.8481
mixed,16,12,0.75,4.0,32,512,256,1024,832,202.561,250.113,245.922,0.9119
mixed,16,12,0.75,4.0,32,512,512,2048,1664,375.746,448.706,439.328,0.8715
mixed,16,12,0.75,4.0,32,512,1024,4096,3328,697.154,846.594,831.297,0.8976
mixed,16,12,0.75,4.0,32,512,2048,8192,6656,1363.97,1684.74,1606.28,0.7554
mixed,16,12,0.75,4.0,32,512,4096,16384,13312,2695.72,3310.22,3241.8,0.8887
mixed,16,12,0.75,4.0,32,1024,128,512,416,166.656,181.632,178.69,0.8036
mixed,16,12,0.75,4.0,32,1024,256,1024,832,218.881,251.521,246.656,0.8509
mixed,16,12,0.75,4.0,32,1024,512,2048,1664,377.761,449.889,441.505,0.8838
mixed,16,12,0.75,4.0,32,1024,1024,4096,3328,696.45,843.937,835.201,0.9408
mixed,16,12,0.75,4.0,32,1024,2048,8192,6656,1359.04,1674.79,1607.08,0.7855
mixed,16,12,0.75,4.0,32,1024,4096,16384,13312,2690.41,3302.25,3239.43,0.8973
mixed,16,12,0.75,4.0,32,2048,128,512,416,230.209,246.144,240.833,0.6667
mixed,16,12,0.75,4.0,32,2048,256,1024,832,283.649,314.943,308.192,0.7843
mixed,16,12,0.75,4.0,32,2048,512,2048,1664,402.305,451.104,442.561,0.8249
mixed,16,12,0.75,4.0,32,2048,1024,4096,3328,696.768,845.155,835.811,0.937
mixed,16,12,0.75,4.0,32,2048,2048,8192,6656,1351.3,1667.11,1607.3,0.8106
mixed,16,12,0.75,4.0,32,2048,4096,16384,13312,2697.13,3301.42,3240.43,0.8991
mixed,16,12,0.75,4.0,32,4096,128,512,416,353.601,369.857,366.594,0.7993
mixed,16,12,0.75,4.0,32,4096,256,1024,832,407.392,438.817,433.953,0.8452
mixed,16,12,0.75,4.0,32,4096,512,2048,1664,529.12,580.289,569.09,0.7811
mixed,16,12,0.75,4.0,32,4096,1024,4096,3328,744.387,856.931,840.739,0.8561
mixed,16,12,0.75,4.0,32,4096,2048,8192,6656,1364.67,1669.19,1619.27,0.8361
mixed,16,12,0.75,4.0,32,4096,4096,16384,13312,2715.11,3321.32,3266.54,0.9096
mixed,16,12,0.75,4.0,32,8192,128,512,416,605.663,616.322,613.409,0.7267
mixed,16,12,0.75,4.0,32,8192,256,1024,832,655.937,687.202,679.616,0.7574
mixed,16,12,0.75,4.0,32,8192,512,2048,1664,772.321,826.37,814.721,0.7845
mixed,16,12,0.75,4.0,32,8192,1024,4096,3328,994.594,1105.79,1088.22,0.842
mixed,16,12,0.75,4.0,32,8192,2048,8192,6656,1513.38,1726.98,1637.35,0.5804
mixed,16,12,0.75,4.0,32,8192,4096,16384,13312,2709.19,3380.11,3434.66,1.0813
mixed,16,12,0.75,4.0,64,0,128,512,416,124.448,147.809,144.416,0.8548
mixed,16,12,0.75,4.0,64,0,256,1024,832,203.167,249.697,244.833,0.8955
mixed,16,12,0.75,4.0,64,0,512,2048,1664,376.259,446.977,439.328,0.8918
mixed,16,12,0.75,4.0,64,0,1024,4096,3328,696.482,844.803,830.465,0.9033
mixed,16,12,0.75,4.0,64,0,2048,8192,6656,1370.82,1685.67,1609.38,0.7577
mixed,16,12,0.75,4.0,64,0,4096,16384,13312,2698.76,3300.9,3264.36,0.9393
mixed,16,12,0.75,4.0,64,512,128,512,416,134.593,149.568,146.688,0.8077
mixed,16,12,0.75,4.0,64,512,256,1024,832,202.913,250.529,245.665,0.8978
mixed,16,12,0.75,4.0,64,512,512,2048,1664,376.704,449.409,440.32,0.875
mixed,16,12,0.75,4.0,64,512,1024,4096,3328,696.676,843.487,830.658,0.9126
mixed,16,12,0.75,4.0,64,512,2048,8192,6656,1366.82,1685.64,1605.67,0.7492
mixed,16,12,0.75,4.0,64,512,4096,16384,13312,2697.29,3302.86,3250.09,0.9129
mixed,16,12,0.75,4.0,64,1024,128,512,416,169.088,182.688,179.585,0.7718
mixed,16,12,0.75,4.0,64,1024,256,1024,832,220.545,252.129,247.265,0.846
mixed,16,12,0.75,4.0,64,1024,512,2048,1664,377.504,452.065,441.119,0.8532
mixed,16,12,0.75,4.0,64,1024,1024,4096,3328,699.103,846.05,832.259,0.9061
mixed,16,12,0.75,4.0,64,1024,2048,8192,6656,1359.68,1686.18,1609.47,0.7651
mixed,16,12,0.75,4.0,64,1024,4096,16384,13312,2699.82,3300.39,3228.97,0.8811
mixed,16,12,0.75,4.0,64,2048,128,512,416,231.842,247.359,242.85,0.7094
mixed,16,12,0.75,4.0,64,2048,256,1024,832,284.482,316.449,309.056,0.7687
mixed,16,12,0.75,4.0,64,2048,512,2048,1664,404.449,451.358,444.577,0.8554
mixed,16,12,0.75,4.0,64,2048,1024,4096,3328,699.778,845.283,837.953,0.9496
mixed,16,12,0.75,4.0,64,2048,2048,8192,6656,1355.4,1674.18,1615.59,0.8162
mixed,16,12,0.75,4.0,64,2048,4096,16384,13312,2700.23,3306.34,3242.22,0.8942
mixed,16,12,0.75,4.0,64,4096,128,512,416,355.649,370.082,366.752,0.7693
mixed,16,12,0.75,4.0,64,4096,256,1024,832,409.248,442.4,436.224,0.8137
mixed,16,12,0.75,4.0,64,4096,512,2048,1664,529.985,580.45,569.314,0.7793
mixed,16,12,0.75,4.0,64,4096,1024,4096,3328,747.746,854.659,843.17,0.8925
mixed,16,12,0.75,4.0,64,4096,2048,8192,6656,1369.19,1672.29,1620.52,0.8292
mixed,16,12,0.75,4.0,64,4096,4096,16384,13312,2714.47,3326.89,3283.27,0.9288
mixed,16,12,0.75,4.0,64,8192,128,512,416,602.976,619.521,614.689,0.7079
mixed,16,12,0.75,4.0,64,8192,256,1024,832,653.217,687.682,680.481,0.7911
mixed,16,12,0.75,4.0,64,8192,512,2048,1664,776.739,830.243,819.555,0.8002
mixed,16,12,0.75,4.0,64,8192,1024,4096,3328,997.954,1110.76,1092.19,0.8355
mixed,16,12,0.75,4.0,64,8192,2048,8192,6656,1518.06,1728.13,1644.77,0.6032
mixed,16,12,0.75,4.0,64,8192,4096,16384,13312,2710.82,3382.35,3440.81,1.0871
mixed,16,12,0.75,4.0,128,0,128,512,416,138.432,161.312,147.744,0.407
mixed,16,12,0.75,4.0,128,0,256,1024,832,215.681,261.345,246.721,0.6797
mixed,16,12,0.75,4.0,128,0,512,2048,1664,384.607,455.264,440.61,0.7926
mixed,16,12,0.75,4.0,128,0,1024,4096,3328,699.746,848.161,831.585,0.8883
mixed,16,12,0.75,4.0,128,0,2048,8192,6656,1365.63,1682.18,1606.15,0.7598
mixed,16,12,0.75,4.0,128,0,4096,16384,13312,2695.08,3301.68,3245.22,0.9069
mixed,16,12,0.75,4.0,128,512,128,512,416,162.049,192.385,153.248,-0.2901
mixed,16,12,0.75,4.0,128,512,256,1024,832,248.097,293.792,248.961,0.0189
mixed,16,12,0.75,4.0,128,512,512,2048,1664,414.433,485.888,443.553,0.4075
mixed,16,12,0.75,4.0,128,512,1024,4096,3328,720.417,861.89,834.081,0.8034
mixed,16,12,0.75,4.0,128,512,2048,8192,6656,1364.07,1682.21,1607.08,0.7638
mixed,16,12,0.75,4.0,128,512,4096,16384,13312,2699.85,3295.82,3227.94,0.8861
mixed,16,12,0.75,4.0,128,1024,128,512,416,206.305,220.225,202.177,-0.2966
mixed,16,12,0.75,4.0,128,1024,256,1024,832,260.833,322.432,253.153,-0.1247
mixed,16,12,0.75,4.0,128,1024,512,2048,1664,446.657,518.403,445.249,-0.0196
mixed,16,12,0.75,4.0,128,1024,1024,4096,3328,755.072,896.673,835.393,0.5672
mixed,16,12,0.75,4.0,128,1024,2048,8192,6656,1368.71,1680.9,1611.49,0.7777
mixed,16,12,0.75,4.0,128,1024,4096,16384,13312,2702.25,3307.37,3225.64,0.8649
mixed,16,12,0.75,4.0,128,2048,128,512,416,269.505,291.906,269.699,0.0087
mixed,16,12,0.75,4.0,128,2048,256,1024,832,342.209,383.682,336.673,-0.1335
mixed,16,12,0.75,4.0,128,2048,512,2048,1664,483.137,580.227,450.464,-0.3365
mixed,16,12,0.75,4.0,128,2048,1024,4096,3328,822.723,965.986,841.828,0.1334
mixed,16,12,0.75,4.0,128,2048,2048,8192,6656,1436.2,1721.8,1614.27,0.6235
mixed,16,12,0.75,4.0,128,2048,4096,16384,13312,2701.57,3303.37,3248.87,0.9094
mixed,16,12,0.75,4.0,128,4096,128,512,416,395.424,416.161,395.266,-0.0076
mixed,16,12,0.75,4.0,128,4096,256,1024,832,468.866,515.168,467.938,-0.02
mixed,16,12,0.75,4.0,128,4096,512,2048,1664,633.28,705.89,609.057,-0.3336
mixed,16,12,0.75,4.0,128,4096,1024,4096,3328,899.267,1093.38,853.665,-0.2349
mixed,16,12,0.75,4.0,128,4096,2048,8192,6656,1602.6,1930.24,1617.73,0.0462
mixed,16,12,0.75,4.0,128,4096,4096,16384,13312,2896.07,3443.18,3471.11,1.0511
mixed,16,12,0.75,4.0,128,8192,128,512,416,645.218,666.946,643.234,-0.0913
mixed,16,12,0.75,4.0,128,8192,256,1024,832,718.211,763.587,716.002,-0.0487
mixed,16,12,0.75,4.0,128,8192,512,2048,1664,885.122,959.619,864.192,-0.281
mixed,16,12,0.75,4.0,128,8192,1024,4096,3328,1204.71,1337.73,1145.12,-0.4479
mixed,16,12,0.75,4.0,128,8192,2048,8192,6656,1780.1,2195.24,1651.78,-0.3091
mixed,16,12,0.75,4.0,128,8192,4096,16384,13312,3308.62,3988.53,3488.37,0.2644
mixed,16,12,0.75,4.0,256,0,128,512,416,157.153,180.32,164.928,0.3356
mixed,16,12,0.75,4.0,256,0,256,1024,832,232.928,279.553,255.457,0.4832
mixed,16,12,0.75,4.0,256,0,512,2048,1664,401.088,471.648,445.953,0.6358
mixed,16,12,0.75,4.0,256,0,1024,4096,3328,715.712,861.125,832.452,0.8028
mixed,16,12,0.75,4.0,256,0,2048,8192,6656,1362.28,1679.01,1604.58,0.765
mixed,16,12,0.75,4.0,256,0,4096,16384,13312,2694.28,3293.74,3271.5,0.9629
mixed,16,12,0.75,4.0,256,512,128,512,416,190.849,212.352,191.073,0.0104
mixed,16,12,0.75,4.0,256,512,256,1024,832,264.352,313.187,279.616,0.3126
mixed,16,12,0.75,4.0,256,512,512,2048,1664,434.721,506.849,452.353,0.2445
mixed,16,12,0.75,4.0,256,512,1024,4096,3328,745.825,895.811,836.708,0.6059
mixed,16,12,0.75,4.0,256,512,2048,8192,6656,1393.03,1684.58,1613.57,0.7564
mixed,16,12,0.75,4.0,256,512,4096,16384,13312,2689.26,3299.28,3237.74,0.8991
mixed,16,12,0.75,4.0,256,1024,128,512,416,230.016,249.728,237.855,0.3977
mixed,16,12,0.75,4.0,256,1024,256,1024,832,299.553,342.304,298.946,-0.0142
mixed,16,12,0.75,4.0,256,1024,512,2048,1664,467.969,540.034,478.753,0.1496
mixed,16,12,0.75,4.0,256,1024,1024,4096,3328,783.777,929.154,840.737,0.3918
mixed,16,12,0.75,4.0,256,1024,2048,8192,6656,1421.8,1719.17,1613.7,0.6453
mixed,16,12,0.75,4.0,256,1024,4096,16384,13312,2699.62,3299.95,3242.16,0.9037
mixed,16,12,0.75,4.0,256,2048,128,512,416,323.616,352.16,327.873,0.1491
mixed,16,12,0.75,4.0,256,2048,256,1024,832,377.857,412.001,396.544,0.5473
mixed,16,12,0.75,4.0,256,2048,512,2048,1664,531.328,599.874,507.938,-0.3412
mixed,16,12,0.75,4.0,256,2048,1024,4096,3328,846.882,996.386,859.362,0.0835
mixed,16,12,0.75,4.0,256,2048,2048,8192,6656,1485.95,1778.82,1635.49,0.5106
mixed,16,12,0.75,4.0,256,2048,4096,16384,13312,2764.14,3346.18,3273.58,0.8753
mixed,16,12,0.75,4.0,256,4096,128,512,416,464.355,492.609,476.48,0.4291
mixed,16,12,0.75,4.0,256,4096,256,1024,832,561.601,608.674,568.45,0.1455
mixed,16,12,0.75,4.0,256,4096,512,2048,1664,683.648,733.346,719.843,0.7283
mixed,16,12,0.75,4.0,256,4096,1024,4096,3328,974.275,1119.59,924.063,-0.3456
mixed,16,12,0.75,4.0,256,4096,2048,8192,6656,1626.69,2008.71,1629.06,0.0062
mixed,16,12,0.75,4.0,256,4096,4096,16384,13312,3113.71,3621.29,3532.55,0.8252
mixed,16,12,0.75,4.0,256,8192,128,512,416,711.01,744.514,728.353,0.5176
mixed,16,12,0.75,4.0,256,8192,256,1024,832,809.923,871.938,841.633,0.5113
mixed,16,12,0.75,4.0,256,8192,512,2048,1664,1031.43,1108.93,1068.29,0.4756
mixed,16,12,0.75,4.0,256,8192,1024,4096,3328,1289.57,1378.31,1350.88,0.6909
mixed,16,12,0.75,4.0,256,8192,2048,8192,6656,1903.43,2192.45,1769.7,-0.4627
mixed,16,12,0.75,4.0,256,8192,4096,16384,13312,3424.49,4162.28,3503.59,0.1072
mixed,16,12,0.75,4.0,512,0,128,512,416,196.544,220.767,206.176,0.3976
mixed,16,12,0.75,4.0,512,0,256,1024,832,280.353,334.656,296.32,0.294
mixed,16,12,0.75,4.0,512,0,512,2048,1664,456.289,527.265,478.913,0.3188
mixed,16,12,0.75,4.0,512,0,1024,4096,3328,771.68,913.858,856.866,0.5992
mixed,16,12,0.75,4.0,512,0,2048,8192,6656,1407.49,1707.72,1636.36,0.7623
mixed,16,12,0.75,4.0,512,0,4096,16384,13312,2714.98,3320.33,3260.39,0.901
mixed,16,12,0.75,4.0,512,512,128,512,416,263.456,281.985,264.897,0.0778
mixed,16,12,0.75,4.0,512,512,256,1024,832,328.896,374.274,338.848,0.2193
mixed,16,12,0.75,4.0,512,512,512,2048,1664,505.538,590.465,519.201,0.1609
mixed,16,12,0.75,4.0,512,512,1024,4096,3328,834.659,978.85,889.507,0.3804
mixed,16,12,0.75,4.0,512,512,2048,8192,6656,1464.58,1753.92,1637.16,0.5964
mixed,16,12,0.75,4.0,512,512,4096,16384,13312,2744.91,3330.38,3266.09,0.8902
mixed,16,12,0.75,4.0,512,1024,128,512,416,329.664,349.986,328.16,-0.074
mixed,16,12,0.75,4.0,512,1024,256,1024,832,390.463,425.888,394.657,0.1184
mixed,16,12,0.75,4.0,512,1024,512,2048,1664,552.001,620.063,560.897,0.1307
mixed,16,12,0.75,4.0,512,1024,1024,4096,3328,898.69,1042.79,928.834,0.2092
mixed,16,12,0.75,4.0,512,1024,2048,8192,6656,1527.11,1819.62,1645.28,0.404
mixed,16,12,0.75,4.0,512,1024,4096,16384,13312,2791.11,3378.51,3277.84,0.8286
mixed,16,12,0.75,4.0,512,2048,128,512,416,447.872,471.906,450.275,0.1
mixed,16,12,0.75,4.0,512,2048,256,1024,832,522.655,568.321,523.904,0.0274
mixed,16,12,0.75,4.0,512,2048,512,2048,1664,659.842,742.276,646.657,-0.1599
mixed,16,12,0.75,4.0,512,2048,1024,4096,3328,954.595,1131.2,1006.37,0.2932
mixed,16,12,0.75,4.0,512,2048,2048,8192,6656,1652.93,1939.85,1739.81,0.3028
mixed,16,12,0.75,4.0,512,2048,4096,16384,13312,2915.37,3496.62,3333.39,0.7192
mixed,16,12,0.75,4.0,512,4096,128,512,416,682.145,704.513,684.321,0.0973
mixed,16,12,0.75,4.0,512,4096,256,1024,832,740.993,801.505,756.641,0.2586
mixed,16,12,0.75,4.0,512,4096,512,2048,1664,921.569,1005.28,899.136,-0.268
mixed,16,12,0.75,4.0,512,4096,1024,4096,3328,1162.69,1372.83,1157.73,-0.0236
mixed,16,12,0.75,4.0,512,4096,2048,8192,6656,1788.61,2165.7,1898.53,0.2915
mixed,16,12,0.75,4.0,512,4096,4096,16384,13312,3296.43,3983.21,3564.26,0.39
mixed,16,12,0.75,4.0,512,8192,128,512,416,1159.3,1176.99,1166.79,0.4233
mixed,16,12,0.75,4.0,512,8192,256,1024,832,1218.27,1254.53,1229.44,0.3081
mixed,16,12,0.75,4.0,512,8192,512,2048,1664,1348.32,1429.77,1376.1,0.3411
mixed,16,12,0.75,4.0,512,8192,1024,4096,3328,1680.1,1876.13,1655.62,-0.1249
mixed,16,12,0.75,4.0,512,8192,2048,8192,6656,2189.45,2691.94,2185.99,-0.0069
mixed,16,12,0.75,4.0,512,8192,4096,16384,13312,3506.38,4371.66,3743.27,0.2738
mixed,16,12,0.75,4.0,1024,0,128,512,416,327.969,345.824,330.401,0.1362
mixed,16,12,0.75,4.0,1024,0,256,1024,832,387.296,439.361,406.815,0.3749
mixed,16,12,0.75,4.0,1024,0,512,2048,1664,574.914,651.33,589.535,0.1913
mixed,16,12,0.75,4.0,1024,0,1024,4096,3328,919.073,1058.28,950.465,0.2255
mixed,16,12,0.75,4.0,1024,0,2048,8192,6656,1547.14,1838.92,1691.94,0.4963
mixed,16,12,0.75,4.0,1024,0,4096,16384,13312,2815.27,3393.29,3280.2,0.8044
mixed,16,12,0.75,4.0,1024,512,128,512,416,433.986,452.45,436.033,0.1109
mixed,16,12,0.75,4.0,1024,512,256,1024,832,496.161,533.987,502.849,0.1768
mixed,16,12,0.75,4.0,1024,512,512,2048,1664,658.336,739.84,673.312,0.1837
mixed,16,12,0.75,4.0,1024,512,1024,4096,3328,1005.5,1155.91,1031.36,0.1719
mixed,16,12,0.75,4.0,1024,512,2048,8192,6656,1662.82,1952.26,1756.71,0.3244
mixed,16,12,0.75,4.0,1024,512,4096,16384,13312,2922.25,3506.15,3369.97,0.7668
mixed,16,12,0.75,4.0,1024,1024,128,512,416,535.104,554.239,538.082,0.1556
mixed,16,12,0.75,4.0,1024,1024,256,1024,832,600.513,640.608,608,0.1867
mixed,16,12,0.75,4.0,1024,1024,512,2048,1664,743.618,821.538,754.435,0.1388
mixed,16,12,0.75,4.0,1024,1024,1024,4096,3328,1086.4,1245.38,1119.55,0.2085
mixed,16,12,0.75,4.0,1024,1024,2048,8192,6656,1782.98,2068.2,1835.08,0.1827
mixed,16,12,0.75,4.0,1024,1024,4096,16384,13312,3042.32,3620.55,3416.55,0.6472
mixed,16,12,0.75,4.0,1024,2048,128,512,416,737.859,760.226,741.122,0.1459
mixed,16,12,0.75,4.0,1024,2048,256,1024,832,807.107,843.458,813.536,0.1769
mixed,16,12,0.75,4.0,1024,2048,512,2048,1664,948.067,1015.62,940.192,-0.1166
mixed,16,12,0.75,4.0,1024,2048,1024,4096,3328,1255.11,1412.64,1283.81,0.1822
mixed,16,12,0.75,4.0,1024,2048,2048,8192,6656,1953.61,2255.91,1993.92,0.1334
mixed,16,12,0.75,4.0,1024,2048,4096,16384,13312,3344.04,3927.95,3520.01,0.3014
mixed,16,12,0.75,4.0,1024,4096,128,512,416,1110.82,1137.09,1117.64,0.2595
mixed,16,12,0.75,4.0,1024,4096,256,1024,832,1197.92,1245.15,1210.95,0.2758
mixed,16,12,0.75,4.0,1024,4096,512,2048,1664,1345.57,1406.4,1354.05,0.1394
mixed,16,12,0.75,4.0,1024,4096,1024,4096,3328,1629.41,1767.33,1595.84,-0.2434
mixed,16,12,0.75,4.0,1024,4096,2048,8192,6656,2256.93,2563.78,2330.18,0.2387
mixed,16,12,0.75,4.0,1024,4096,4096,16384,13312,3820.56,4916.05,3827.37,0.0062
mixed,16,12,0.75,4.0,1024,8192,128,512,416,1840.19,1870.66,1845.6,0.1776
mixed,16,12,0.75,4.0,1024,8192,256,1024,832,1934.02,2001.89,1948.65,0.2155
mixed,16,12,0.75,4.0,1024,8192,512,2048,1664,2162.24,2226.44,2160.1,-0.0334
mixed,16,12,0.75,4.0,1024,8192,1024,4096,3328,2425.48,2528.16,2465.32,0.388
mixed,16,12,0.75,4.0,1024,8192,2048,8192,6656,3003.02,3306.22,2919.14,-0.2766
mixed,16,12,0.75,4.0,1024,8192,4096,16384,13312,4330.12,4979.47,4479.63,0.2302
mixed,16,12,0.75,4.0,2048,0,128,512,416,705.699,726.146,710.691,0.2441
mixed,16,12,0.75,4.0,2048,0,256,1024,832,770.306,807.841,775.715,0.1441
mixed,16,12,0.75,4.0,2048,0,512,2048,1664,914.337,992.643,932.098,0.2268
mixed,16,12,0.75,4.0,2048,0,1024,4096,3328,1265.32,1424.42,1302.91,0.2363
mixed,16,12,0.75,4.0,2048,0,2048,8192,6656,1966.6,2281.35,2015.14,0.1542
mixed,16,12,0.75,4.0,2048,0,4096,16384,13312,3275.47,3853.48,3496.23,0.3819
mixed,16,12,0.75,4.0,2048,512,128,512,416,893.282,910.784,896.544,0.1864
mixed,16,12,0.75,4.0,2048,512,256,1024,832,958.659,995.81,965.251,0.1774
mixed,16,12,0.75,4.0,2048,512,512,2048,1664,1094.59,1164.32,1094.53,-0.0009
mixed,16,12,0.75,4.0,2048,512,1024,4096,3328,1430.47,1596.87,1463.62,0.1992
mixed,16,12,0.75,4.0,2048,512,2048,8192,6656,2133.57,2451.2,2194.09,0.1905
mixed,16,12,0.75,4.0,2048,512,4096,16384,13312,3518.99,4132.05,3670.99,0.2479
mixed,16,12,0.75,4.0,2048,1024,128,512,416,1075.59,1098.4,1078.37,0.122
mixed,16,12,0.75,4.0,2048,1024,256,1024,832,1139.81,1176.84,1143.59,0.102
mixed,16,12,0.75,4.0,2048,1024,512,2048,1664,1288.17,1345.06,1282.76,-0.0951
mixed,16,12,0.75,4.0,2048,1024,1024,4096,3328,1596.16,1759.62,1640.13,0.269
mixed,16,12,0.75,4.0,2048,1024,2048,8192,6656,2294.02,2625.03,2364.26,0.2122
mixed,16,12,0.75,4.0,2048,1024,4096,16384,13312,3698.61,4451.6,3840.46,0.1884
mixed,16,12,0.75,4.0,2048,2048,128,512,416,1447.24,1459.14,1448.1,0.0723
mixed,16,12,0.75,4.0,2048,2048,256,1024,832,1506.05,1544.84,1519.78,0.354
mixed,16,12,0.75,4.0,2048,2048,512,2048,1664,1652.65,1717.19,1654.85,0.0342
mixed,16,12,0.75,4.0,2048,2048,1024,4096,3328,1915.46,2091.27,1959.08,0.2481
mixed,16,12,0.75,4.0,2048,2048,2048,8192,6656,2635.21,2949.29,2710.34,0.2392
mixed,16,12,0.75,4.0,2048,2048,4096,16384,13312,4000.01,4851.86,4176.24,0.2069
mixed,16,12,0.75,4.0,2048,4096,128,512,416,2168.77,2186.75,2168.45,-0.0179
mixed,16,12,0.75,4.0,2048,4096,256,1024,832,2223.84,2272.04,2236.26,0.2577
mixed,16,12,0.75,4.0,2048,4096,512,2048,1664,2391.68,2454.76,2392.07,0.0061
mixed,16,12,0.75,4.0,2048,4096,1024,4096,3328,2663.27,2791.05,2654.41,-0.0694
mixed,16,12,0.75,4.0,2048,4096,2048,8192,6656,3283.62,3612.91,3349,0.1985
mixed,16,12,0.75,4.0,2048,4096,4096,16384,13312,4712.75,5566.19,4850.39,0.1613
mixed,16,12,0.75,4.0,2048,8192,128,512,416,3626.89,3654.99,3640.23,0.4749
mixed,16,12,0.75,4.0,2048,8192,256,1024,832,3691.56,3722.82,3700.56,0.2879
mixed,16,12,0.75,4.0,2048,8192,512,2048,1664,3830.44,3893.23,3839.05,0.1371
mixed,16,12,0.75,4.0,2048,8192,1024,4096,3328,4137.1,4267.66,4120.75,-0.1252
mixed,16,12,0.75,4.0,2048,8192,2048,8192,6656,4660.81,5015.47,4655.15,-0.016
mixed,16,12,0.75,4.0,2048,8192,4096,16384,13312,6057.91,6706.32,6151.35,0.1441
pure,16,14,0.875,4.0,0,0,128,512,464,100.192,107.614,102.623,0.3275
pure,16,14,0.875,4.0,0,0,256,1024,928,163.712,178.305,163.807,0.0065
pure,16,14,0.875,4.0,0,0,512,2048,1856,305.022,328.864,304.801,-0.0093
pure,16,14,0.875,4.0,0,0,1024,4096,3712,555.553,613.282,553.985,-0.0272
pure,16,14,0.875,4.0,0,0,2048,8192,7424,1043.01,1138.98,1033.73,-0.0967
pure,16,14,0.875,4.0,0,0,4096,16384,14848,1995.53,2187.17,1987.3,-0.0429
mixed,16,14,0.875,4.0,16,0,128,512,464,126.913,147.328,146.37,0.9531
mixed,16,14,0.875,4.0,16,0,256,1024,928,225.951,249.793,248.481,0.945
mixed,16,14,0.875,4.0,16,0,512,2048,1856,402.689,447.745,445.729,0.9553
mixed,16,14,0.875,4.0,16,0,1024,4096,3712,768.385,842.529,846.689,1.0561
mixed,16,14,0.875,4.0,16,0,2048,8192,7424,1529.86,1685.19,1658.53,0.8284
mixed,16,14,0.875,4.0,16,0,4096,16384,14848,2996.04,3300.97,3316.72,1.0516
mixed,16,14,0.875,4.0,16,512,128,512,464,134.785,148.129,146.88,0.9064
mixed,16,14,0.875,4.0,16,512,256,1024,928,225.889,249.664,247.455,0.9071
mixed,16,14,0.875,4.0,16,512,512,2048,1856,401.762,450.658,447.809,0.9417
mixed,16,14,0.875,4.0,16,512,1024,4096,3712,770.562,844.132,847.33,1.0435
mixed,16,14,0.875,4.0,16,512,2048,8192,7424,1513.67,1677.64,1658.6,0.8839
mixed,16,14,0.875,4.0,16,512,4096,16384,14848,2999.62,3304.04,3327.79,1.078
mixed,16,14,0.875,4.0,16,1024,128,512,464,168.897,180.671,180.257,0.9648
mixed,16,14,0.875,4.0,16,1024,256,1024,928,233.697,251.008,248.609,0.8614
mixed,16,14,0.875,4.0,16,1024,512,2048,1856,403.553,450.113,448.673,0.9691
mixed,16,14,0.875,4.0,16,1024,1024,4096,3712,769.601,844.387,849.123,1.0633
mixed,16,14,0.875,4.0,16,1024,2048,8192,7424,1508.07,1684.17,1664.65,0.8892
mixed,16,14,0.875,4.0,16,1024,4096,16384,14848,2999.24,3307.75,3339.34,1.1024
mixed,16,14,0.875,4.0,16,2048,128,512,464,231.362,245.473,243.968,0.8933
mixed,16,14,0.875,4.0,16,2048,256,1024,928,298.848,313.953,311.393,0.8305
mixed,16,14,0.875,4.0,16,2048,512,2048,1856,418.786,450.752,446.916,0.88
mixed,16,14,0.875,4.0,16,2048,1024,4096,3712,769.923,847.553,847.171,0.9951
mixed,16,14,0.875,4.0,16,2048,2048,8192,7424,1505.54,1667.85,1664.01,0.9764
mixed,16,14,0.875,4.0,16,2048,4096,16384,14848,2998.89,3305.1,3343.47,1.1253
mixed,16,14,0.875,4.0,16,4096,128,512,464,356.608,369.664,367.682,0.8482
mixed,16,14,0.875,4.0,16,4096,256,1024,928,422.752,438.049,436.129,0.8745
mixed,16,14,0.875,4.0,16,4096,512,2048,1856,549.153,579.617,573.632,0.8035
mixed,16,14,0.875,4.0,16,4096,1024,4096,3712,797.441,853.41,845.825,0.8645
mixed,16,14,0.875,4.0,16,4096,2048,8192,7424,1510.41,1663.85,1636.81,0.8238
mixed,16,14,0.875,4.0,16,4096,4096,16384,14848,3013.51,3317.42,3456.97,1.4592
mixed,16,14,0.875,4.0,16,8192,128,512,464,601.601,616.162,615.777,0.9736
mixed,16,14,0.875,4.0,16,8192,256,1024,928,668.322,687.392,685.891,0.9213
mixed,16,14,0.875,4.0,16,8192,512,2048,1856,792.223,821.923,818.176,0.8738
mixed,16,14,0.875,4.0,16,8192,1024,4096,3712,1050.21,1106.18,1095.87,0.8159
mixed,16,14,0.875,4.0,16,8192,2048,8192,7424,1618.05,1728.39,1673.77,0.5049
mixed,16,14,0.875,4.0,16,8192,4096,16384,14848,3057.22,3379.78,3426.89,1.1461
mixed,16,14,0.875,4.0,32,0,128,512,464,127.2,148.798,146.272,0.883
mixed,16,14,0.875,4.0,32,0,256,1024,928,225.888,249.281,248.513,0.9672
mixed,16,14,0.875,4.0,32,0,512,2048,1856,402.402,446.913,445.632,0.9712
mixed,16,14,0.875,4.0,32,0,1024,4096,3712,768.802,844.418,847.138,1.036
mixed,16,14,0.875,4.0,32,0,2048,8192,7424,1522.5,1682.76,1661.64,0.8682
mixed,16,14,0.875,4.0,32,0,4096,16384,14848,2995.72,3286.54,3327.72,1.1416
mixed,16,14,0.875,4.0,32,512,128,512,464,134.687,148.768,147.105,0.8819
mixed,16,14,0.875,4.0,32,512,256,1024,928,225.503,250.208,248.576,0.9339
mixed,16,14,0.875,4.0,32,512,512,2048,1856,402.08,448.738,449.474,1.0158
mixed,16,14,0.875,4.0,32,512,1024,4096,3712,772.258,843.971,848.547,1.0638
mixed,16,14,0.875,4.0,32,512,2048,8192,7424,1513.25,1683.4,1660.74,0.8669
mixed,16,14,0.875,4.0,32,512,4096,16384,14848,3001,3305.94,3316.55,1.0348
mixed,16,14,0.875,4.0,32,1024,128,512,464,169.088,181.473,179.361,0.8295
mixed,16,14,0.875,4.0,32,1024,256,1024,928,234.369,251.233,248.385,0.8311
mixed,16,14,0.875,4.0,32,1024,512,2048,1856,405.282,449.025,448.867,0.9964
mixed,16,14,0.875,4.0,32,1024,1024,4096,3712,770.69,845.281,849.635,1.0584
mixed,16,14,0.875,4.0,32,1024,2048,8192,7424,1510.85,1671.81,1660.26,0.9282
mixed,16,14,0.875,4.0,32,1024,4096,16384,14848,3001,3307.31,3328.52,1.0693
mixed,16,14,0.875,4.0,32,2048,128,512,464,232.77,246.433,243.36,0.7751
mixed,16,14,0.875,4.0,32,2048,256,1024,928,299.776,314.528,310.818,0.7485
mixed,16,14,0.875,4.0,32,2048,512,2048,1856,419.457,451.394,447.425,0.8757
mixed,16,14,0.875,4.0,32,2048,1024,4096,3712,773.153,847.201,848.226,1.0138
mixed,16,14,0.875,4.0,32,2048,2048,8192,7424,1503.84,1671.11,1657.09,0.9162
mixed,16,14,0.875,4.0,32,2048,4096,16384,14848,2997.07,3301.39,3351.47,1.1645
mixed,16,14,0.875,4.0,32,4096,128,512,464,357.89,370.945,367.265,0.7181
mixed,16,14,0.875,4.0,32,4096,256,1024,928,423.745,440.194,434.912,0.6789
mixed,16,14,0.875,4.0,32,4096,512,2048,1856,549.632,578.978,572.931,0.7939
mixed,16,14,0.875,4.0,32,4096,1024,4096,3712,798.82,853.41,847.199,0.8862
mixed,16,14,0.875,4.0,32,4096,2048,8192,7424,1512.55,1666.37,1636.84,0.808
mixed,16,14,0.875,4.0,32,4096,4096,16384,14848,3019.37,3317.32,3464.08,1.4926
mixed,16,14,0.875,4.0,32,8192,128,512,464,602.784,617.696,613.313,0.7061
mixed,16,14,0.875,4.0,32,8192,256,1024,928,671.392,684.641,684.993,1.0266
mixed,16,14,0.875,4.0,32,8192,512,2048,1856,792.644,824.994,819.426,0.8279
mixed,16,14,0.875,4.0,32,8192,1024,4096,3712,1051.3,1104.61,1093.51,0.7917
mixed,16,14,0.875,4.0,32,8192,2048,8192,7424,1616.64,1727.49,1675.05,0.5269
mixed,16,14,0.875,4.0,32,8192,4096,16384,14848,3062.7,3374.92,3427.56,1.1686
mixed,16,14,0.875,4.0,64,0,128,512,464,126.944,147.775,146.433,0.9356
mixed,16,14,0.875,4.0,64,0,256,1024,928,226.336,250.753,247.937,0.8847
mixed,16,14,0.875,4.0,64,0,512,2048,1856,402.624,448.576,446.37,0.952
mixed,16,14,0.875,4.0,64,0,1024,4096,3712,770.625,844.513,849.345,1.0654
mixed,16,14,0.875,4.0,64,0,2048,8192,7424,1530.47,1682.24,1668.42,0.9089
mixed,16,14,0.875,4.0,64,0,4096,16384,14848,3006.57,3304.49,3318.12,1.0458
mixed,16,14,0.875,4.0,64,512,128,512,464,136.544,149.535,147.649,0.8548
mixed,16,14,0.875,4.0,64,512,256,1024,928,227.167,250.817,247.841,0.8742
mixed,16,14,0.875,4.0,64,512,512,2048,1856,402.659,449.666,450.561,1.019
mixed,16,14,0.875,4.0,64,512,1024,4096,3712,771.362,845.89,849.151,1.0438
mixed,16,14,0.875,4.0,64,512,2048,8192,7424,1509.57,1680.93,1666.66,0.9167
mixed,16,14,0.875,4.0,64,512,4096,16384,14848,3000.01,3305.1,3325.87,1.0681
mixed,16,14,0.875,4.0,64,1024,128,512,464,170.337,182.625,181.505,0.9089
mixed,16,14,0.875,4.0,64,1024,256,1024,928,235.809,252.449,250.24,0.8672
mixed,16,14,0.875,4.0,64,1024,512,2048,1856,404.831,451.746,448.416,0.929
mixed,16,14,0.875,4.0,64,1024,1024,4096,3712,772.865,846.143,848.002,1.0254
mixed,16,14,0.875,4.0,64,1024,2048,8192,7424,1513.12,1680.39,1671.08,0.9443
mixed,16,14,0.875,4.0,64,1024,4096,16384,14848,3001.77,3305.96,3341.77,1.1177
mixed,16,14,0.875,4.0,64,2048,128,512,464,233.63,247.39,244.865,0.8165
mixed,16,14,0.875,4.0,64,2048,256,1024,928,300.225,317.091,312.128,0.7057
mixed,16,14,0.875,4.0,64,2048,512,2048,1856,421.952,452.033,448.801,0.8926
mixed,16,14,0.875,4.0,64,2048,1024,4096,3712,773.249,847.106,848.833,1.0234
mixed,16,14,0.875,4.0,64,2048,2048,8192,7424,1507.52,1672.64,1662.72,0.9399
mixed,16,14,0.875,4.0,64,2048,4096,16384,14848,3007.11,3313.36,3348.46,1.1146
mixed,16,14,0.875,4.0,64,4096,128,512,464,357.921,370.529,368.48,0.8375
mixed,16,14,0.875,4.0,64,4096,256,1024,928,423.105,440.707,436.45,0.7582
mixed,16,14,0.875,4.0,64,4096,512,2048,1856,550.816,583.295,573.986,0.7134
mixed,16,14,0.875,4.0,64,4096,1024,4096,3712,801.219,856.961,848.225,0.8433
mixed,16,14,0.875,4.0,64,4096,2048,8192,7424,1514.43,1670.28,1647.21,0.852
mixed,16,14,0.875,4.0,64,4096,4096,16384,14848,3021.93,3322.89,3464.17,1.4694
mixed,16,14,0.875,4.0,64,8192,128,512,464,605.028,616.449,616.195,0.9778
mixed,16,14,0.875,4.0,64,8192,256,1024,928,670.656,687.554,685.793,0.8958
mixed,16,14,0.875,4.0,64,8192,512,2048,1856,797.982,829.347,823.041,0.7989
mixed,16,14,0.875,4.0,64,8192,1024,4096,3712,1053.22,1106.5,1097.89,0.8384
mixed,16,14,0.875,4.0,64,8192,2048,8192,7424,1618.02,1732.13,1673.86,0.4893
mixed,16,14,0.875,4.0,64,8192,4096,16384,14848,3066.96,3383.37,3433.51,1.1585
mixed,16,14,0.875,4.0,128,0,128,512,464,139.744,161.504,150.657,0.5015
mixed,16,14,0.875,4.0,128,0,256,1024,928,238.145,259.938,250.944,0.5873
mixed,16,14,0.875,4.0,128,0,512,2048,1856,408.258,456.159,451.778,0.9085
mixed,16,14,0.875,4.0,128,0,1024,4096,3712,776.195,847.843,851.937,1.0571
mixed,16,14,0.875,4.0,128,0,2048,8192,7424,1528.77,1683.81,1660.29,0.8483
mixed,16,14,0.875,4.0,128,0,4096,16384,14848,2989.83,3309.61,3327.76,1.0568
mixed,16,14,0.875,4.0,128,512,128,512,464,164.64,192.095,167.488,0.1037
mixed,16,14,0.875,4.0,128,512,256,1024,928,270.848,294.368,253.792,-0.7252
mixed,16,14,0.875,4.0,128,512,512,2048,1856,442.018,486.179,451.714,0.2196
mixed,16,14,0.875,4.0,128,512,1024,4096,3712,789.602,860.864,852.514,0.8828
mixed,16,14,0.875,4.0,128,512,2048,8192,7424,1508.42,1683.59,1662.5,0.8796
mixed,16,14,0.875,4.0,128,512,4096,16384,14848,3000.1,3310.73,3317.68,1.0223
mixed,16,14,0.875,4.0,128,1024,128,512,464,208.191,220.129,209.887,0.1421
mixed,16,14,0.875,4.0,128,1024,256,1024,928,291.905,321.953,275.041,-0.5612
mixed,16,14,0.875,4.0,128,1024,512,2048,1856,473.314,519.04,452.641,-0.4521
mixed,16,14,0.875,4.0,128,1024,1024,4096,3712,823.841,895.458,852.257,0.3968
mixed,16,14,0.875,4.0,128,1024,2048,8192,7424,1510.31,1681.06,1664.23,0.9014
mixed,16,14,0.875,4.0,128,1024,4096,16384,14848,3004.49,3310.44,3326.06,1.051
mixed,16,14,0.875,4.0,128,2048,128,512,464,270.945,291.487,286.721,0.768
mixed,16,14,0.875,4.0,128,2048,256,1024,928,365.888,388.002,348.448,-0.7886
mixed,16,14,0.875,4.0,128,2048,512,2048,1856,516.641,579.104,484.321,-0.5174
mixed,16,14,0.875,4.0,128,2048,1024,4096,3712,892.13,966.371,850.53,-0.5603
mixed,16,14,0.875,4.0,128,2048,2048,8192,7424,1577.28,1713.7,1665.64,0.6477
mixed,16,14,0.875,4.0,128,2048,4096,16384,14848,3004.65,3305.2,3372.68,1.2246
mixed,16,14,0.875,4.0,128,4096,128,512,464,396.866,416.897,410.401,0.6757
mixed,16,14,0.875,4.0,128,4096,256,1024,928,490.945,515.872,507.522,0.665
mixed,16,14,0.875,4.0,128,4096,512,2048,1856,662.914,705.472,621.633,-0.97
mixed,16,14,0.875,4.0,128,4096,1024,4096,3712,996.451,1091.78,892.964,-1.0856
mixed,16,14,0.875,4.0,128,4096,2048,8192,7424,1759.49,1934.34,1645.99,-0.6492
mixed,16,14,0.875,4.0,128,4096,4096,16384,14848,3153.45,3451.21,3496.29,1.1514
mixed,16,14,0.875,4.0,128,8192,128,512,464,644.865,661.408,655.427,0.6385
mixed,16,14,0.875,4.0,128,8192,256,1024,928,738.143,761.984,754.242,0.6753
mixed,16,14,0.875,4.0,128,8192,512,2048,1856,913.796,956.578,943.907,0.7038
mixed,16,14,0.875,4.0,128,8192,1024,4096,3712,1277.89,1346.69,1167.23,-1.6084
mixed,16,14,0.875,4.0,128,8192,2048,8192,7424,1979.88,2190.53,1718.92,-1.2388
mixed,16,14,0.875,4.0,128,8192,4096,16384,14848,3655.21,3987.15,3510.13,-0.4371
mixed,16,14,0.875,4.0,256,0,128,512,464,158.239,180.386,172.896,0.6618
mixed,16,14,0.875,4.0,256,0,256,1024,928,256.386,279.137,270.369,0.6146
mixed,16,14,0.875,4.0,256,0,512,2048,1856,428.289,473.249,463.488,0.7829
mixed,16,14,0.875,4.0,256,0,1024,4096,3712,788.482,863.97,854.178,0.8703
mixed,16,14,0.875,4.0,256,0,2048,8192,7424,1524.8,1678.37,1669.96,0.9452
mixed,16,14,0.875,4.0,256,0,4096,16384,14848,2997.39,3299.21,3329.07,1.0989
mixed,16,14,0.875,4.0,256,512,128,512,464,193.185,211.905,205.632,0.6649
mixed,16,14,0.875,4.0,256,512,256,1024,928,291.553,314.562,296.48,0.2141
mixed,16,14,0.875,4.0,256,512,512,2048,1856,461.664,506.528,492.129,0.6791
mixed,16,14,0.875,4.0,256,512,1024,4096,3712,821.793,894.401,873.861,0.7171
mixed,16,14,0.875,4.0,256,512,2048,8192,7424,1538.09,1685.54,1667.49,0.8776
mixed,16,14,0.875,4.0,256,512,4096,16384,14848,2997.29,3297.54,3329.67,1.107
mixed,16,14,0.875,4.0,256,1024,128,512,464,233.632,250.015,244.417,0.6583
mixed,16,14,0.875,4.0,256,1024,256,1024,928,322.081,341.504,332.577,0.5404
mixed,16,14,0.875,4.0,256,1024,512,2048,1856,495.203,538.082,509.601,0.3358
mixed,16,14,0.875,4.0,256,1024,1024,4096,3712,854.434,929.152,903.81,0.6608
mixed,16,14,0.875,4.0,256,1024,2048,8192,7424,1568.1,1726.69,1668.52,0.6332
mixed,16,14,0.875,4.0,256,1024,4096,16384,14848,3000.74,3306.54,3342.41,1.1173
mixed,16,14,0.875,4.0,256,2048,128,512,464,326.082,352.802,339.103,0.4873
mixed,16,14,0.875,4.0,256,2048,256,1024,928,394.881,412.417,406.017,0.635
mixed,16,14,0.875,4.0,256,2048,512,2048,1856,558.081,598.945,582.912,0.6076
mixed,16,14,0.875,4.0,256,2048,1024,4096,3712,921.474,995.106,928.992,0.1021
mixed,16,14,0.875,4.0,256,2048,2048,8192,7424,1629.41,1781.44,1723.91,0.6215
mixed,16,14,0.875,4.0,256,2048,4096,16384,14848,3054.25,3348.72,3372.81,1.0818
mixed,16,14,0.875,4.0,256,4096,128,512,464,465.377,493.058,483.586,0.6578
mixed,16,14,0.875,4.0,256,4096,256,1024,928,579.362,608.322,592.162,0.442
mixed,16,14,0.875,4.0,256,4096,512,2048,1856,696.48,732.514,723.14,0.7399
mixed,16,14,0.875,4.0,256,4096,1024,4096,3712,1051.01,1116.06,1092,0.6301
mixed,16,14,0.875,4.0,256,4096,2048,8192,7424,1796.99,2004.96,1771.78,-0.1212
mixed,16,14,0.875,4.0,256,4096,4096,16384,14848,3378.79,3596.59,3462.51,0.3844
mixed,16,14,0.875,4.0,256,8192,128,512,464,717.953,742.178,736.513,0.7662
mixed,16,14,0.875,4.0,256,8192,256,1024,928,840.64,875.649,863.136,0.6426
mixed,16,14,0.875,4.0,256,8192,512,2048,1856,1065.47,1111.04,1086.46,0.4606
mixed,16,14,0.875,4.0,256,8192,1024,4096,3712,1319.17,1377.19,1367.75,0.8373
mixed,16,14,0.875,4.0,256,8192,2048,8192,7424,2055.72,2188.58,2142.25,0.6513
mixed,16,14,0.875,4.0,256,8192,4096,16384,14848,3831.78,4184.81,3684.2,-0.418
mixed,16,14,0.875,4.0,512,0,128,512,464,198.754,221.856,213.472,0.6371
mixed,16,14,0.875,4.0,512,0,256,1024,928,308.097,332.928,313.6,0.2216
mixed,16,14,0.875,4.0,512,0,512,2048,1856,482.37,527.424,504.96,0.5014
mixed,16,14,0.875,4.0,512,0,1024,4096,3712,841.827,915.362,901.859,0.8164
mixed,16,14,0.875,4.0,512,0,2048,8192,7424,1554.5,1708.7,1696.74,0.9224
mixed,16,14,0.875,4.0,512,0,4096,16384,14848,3017.57,3318.73,3352.9,1.1135
mixed,16,14,0.875,4.0,512,512,128,512,464,264.801,284.126,274.082,0.4803
mixed,16,14,0.875,4.0,512,512,256,1024,928,352.546,373.92,352.287,-0.0121
mixed,16,14,0.875,4.0,512,512,512,2048,1856,536.322,590.146,552.449,0.2996
mixed,16,14,0.875,4.0,512,512,1024,4096,3712,905.667,975.65,936.803,0.4449
mixed,16,14,0.875,4.0,512,512,2048,8192,7424,1609.12,1755.24,1725.28,0.795
mixed,16,14,0.875,4.0,512,512,4096,16384,14848,3035.72,3330.64,3380.65,1.1696
mixed,16,14,0.875,4.0,512,1024,128,512,464,330.496,349.312,338.977,0.4507
mixed,16,14,0.875,4.0,512,1024,256,1024,928,412.449,428.609,403.969,-0.5248
mixed,16,14,0.875,4.0,512,1024,512,2048,1856,572.226,617.441,593.697,0.4749
mixed,16,14,0.875,4.0,512,1024,1024,4096,3712,970.082,1043.36,963.521,-0.0895
mixed,16,14,0.875,4.0,512,1024,2048,8192,7424,1669.38,1820.96,1753.54,0.5552
mixed,16,14,0.875,4.0,512,1024,4096,16384,14848,3087.69,3373.86,3379.66,1.0202
mixed,16,14,0.875,4.0,512,2048,128,512,464,448.577,472.385,459.84,0.4731
mixed,16,14,0.875,4.0,512,2048,256,1024,928,545.409,570.21,534.336,-0.4465
mixed,16,14,0.875,4.0,512,2048,512,2048,1856,678.627,741.635,659.776,-0.2992
mixed,16,14,0.875,4.0,512,2048,1024,4096,3712,1040.67,1132.55,1075.56,0.3797
mixed,16,14,0.875,4.0,512,2048,2048,8192,7424,1793.35,1944.64,1809.32,0.1056
mixed,16,14,0.875,4.0,512,2048,4096,16384,14848,3202.12,3496.43,3407.53,0.6979
mixed,16,14,0.875,4.0,512,4096,128,512,464,680.643,694.243,698.017,1.2775
mixed,16,14,0.875,4.0,512,4096,256,1024,928,760.161,802.784,773.762,0.3191
mixed,16,14,0.875,4.0,512,4096,512,2048,1856,963.907,999.234,923.168,-1.1532
mixed,16,14,0.875,4.0,512,4096,1024,4096,3712,1266.72,1373.92,1182.92,-0.7818
mixed,16,14,0.875,4.0,512,4096,2048,8192,7424,1977.67,2165.38,2024.04,0.247
mixed,16,14,0.875,4.0,512,4096,4096,16384,14848,3618.31,3950.77,3702.38,0.2529
mixed,16,14,0.875,4.0,512,8192,128,512,464,1162.34,1188.29,1172.45,0.3896
mixed,16,14,0.875,4.0,512,8192,256,1024,928,1230.37,1256.45,1251.68,0.8172
mixed,16,14,0.875,4.0,512,8192,512,2048,1856,1361.35,1425.15,1393.44,0.503
mixed,16,14,0.875,4.0,512,8192,1024,4096,3712,1805.89,1872.36,1697.19,-1.6356
mixed,16,14,0.875,4.0,512,8192,2048,8192,7424,2457.45,2690.85,2250.44,-0.8869
mixed,16,14,0.875,4.0,512,8192,4096,16384,14848,4020.27,4359.92,4096.3,0.2239
mixed,16,14,0.875,4.0,1024,0,128,512,464,328.896,345.281,336.961,0.4922
mixed,16,14,0.875,4.0,1024,0,256,1024,928,413.888,440.641,422.529,0.323
mixed,16,14,0.875,4.0,1024,0,512,2048,1856,602.563,652.832,619.968,0.3462
mixed,16,14,0.875,4.0,1024,0,1024,4096,3712,990.081,1059.49,999.073,0.1296
mixed,16,14,0.875,4.0,1024,0,2048,8192,7424,1689.48,1838.53,1786.18,0.6488
mixed,16,14,0.875,4.0,1024,0,4096,16384,14848,3102.66,3395.41,3401.1,1.0194
mixed,16,14,0.875,4.0,1024,512,128,512,464,434.049,453.058,444.448,0.5471
mixed,16,14,0.875,4.0,1024,512,256,1024,928,514.787,535.234,518.66,0.1894
mixed,16,14,0.875,4.0,1024,512,512,2048,1856,688.736,739.555,706.563,0.3508
mixed,16,14,0.875,4.0,1024,512,1024,4096,3712,1083.52,1158.92,1096.64,0.174
mixed,16,14,0.875,4.0,1024,512,2048,8192,7424,1807.94,1951.62,1857.12,0.3423
mixed,16,14,0.875,4.0,1024,512,4096,16384,14848,3210.76,3500.27,3426.25,0.7443
mixed,16,14,0.875,4.0,1024,1024,128,512,464,540.351,554.047,548.067,0.5634
mixed,16,14,0.875,4.0,1024,1024,256,1024,928,621.216,640.098,623.139,0.1018
mixed,16,14,0.875,4.0,1024,1024,512,2048,1856,772.674,822.818,786.847,0.2826
mixed,16,14,0.875,4.0,1024,1024,1024,4096,3712,1161.92,1247.4,1182.95,0.2459
mixed,16,14,0.875,4.0,1024,1024,2048,8192,7424,1930.66,2071.39,1941.86,0.0796
mixed,16,14,0.875,4.0,1024,1024,4096,16384,14848,3320.26,3621.39,3518.47,0.6582
mixed,16,14,0.875,4.0,1024,2048,128,512,464,738.915,754.563,750.177,0.7197
mixed,16,14,0.875,4.0,1024,2048,256,1024,928,825.218,843.94,826.69,0.0786
mixed,16,14,0.875,4.0,1024,2048,512,2048,1856,972.419,1013.79,981.638,0.2228
mixed,16,14,0.875,4.0,1024,2048,1024,4096,3712,1329.63,1411.71,1350.98,0.26
mixed,16,14,0.875,4.0,1024,2048,2048,8192,7424,2114.47,2260.62,2130.12,0.1071
mixed,16,14,0.875,4.0,1024,2048,4096,16384,14848,3609.86,3928.24,3683.91,0.2326
mixed,16,14,0.875,4.0,1024,4096,128,512,464,1108.03,1138.98,1123.91,0.513
mixed,16,14,0.875,4.0,1024,4096,256,1024,928,1225.76,1245.31,1227.84,0.1063
mixed,16,14,0.875,4.0,1024,4096,512,2048,1856,1370.98,1403.27,1385.38,0.446
mixed,16,14,0.875,4.0,1024,4096,1024,4096,3712,1698.72,1771.49,1726.05,0.3756
mixed,16,14,0.875,4.0,1024,4096,2048,8192,7424,2425.29,2562.69,2481.83,0.4115
mixed,16,14,0.875,4.0,1024,4096,4096,16384,14848,4168.72,4940.43,4381.04,0.2751
mixed,16,14,0.875,4.0,1024,8192,128,512,464,1846.86,1866.66,1854.6,0.391
mixed,16,14,0.875,4.0,1024,8192,256,1024,928,1966.63,1997.25,1971.88,0.1713
mixed,16,14,0.875,4.0,1024,8192,512,2048,1856,2193.7,2224.55,2197.93,0.1369
mixed,16,14,0.875,4.0,1024,8192,1024,4096,3712,2468.94,2529.09,2505,0.5995
mixed,16,14,0.875,4.0,1024,8192,2048,8192,7424,3152.77,3307.85,3229.32,0.4936
mixed,16,14,0.875,4.0,1024,8192,4096,16384,14848,4664.46,4976.27,4893.74,0.7353
mixed,16,14,0.875,4.0,2048,0,128,512,464,707.107,728.449,718.658,0.5412
mixed,16,14,0.875,4.0,2048,0,256,1024,928,791.169,804.865,793.377,0.1612
mixed,16,14,0.875,4.0,2048,0,512,2048,1856,945.636,995.233,964.13,0.3729
mixed,16,14,0.875,4.0,2048,0,1024,4096,3712,1341.16,1430.05,1360.74,0.2203
mixed,16,14,0.875,4.0,2048,0,2048,8192,7424,2122.43,2281.32,2134.41,0.0754
mixed,16,14,0.875,4.0,2048,0,4096,16384,14848,3562.32,3853.35,3705.68,0.4926
mixed,16,14,0.875,4.0,2048,512,128,512,464,897.378,909.027,904.898,0.6455
mixed,16,14,0.875,4.0,2048,512,256,1024,928,978.435,996.641,981.827,0.1863
mixed,16,14,0.875,4.0,2048,512,512,2048,1856,1117.66,1164.58,1130.43,0.2722
mixed,16,14,0.875,4.0,2048,512,1024,4096,3712,1522.12,1593.51,1527.2,0.0713
mixed,16,14,0.875,4.0,2048,512,2048,8192,7424,2293.51,2449.96,2331.75,0.2444
mixed,16,14,0.875,4.0,2048,512,4096,16384,14848,3805.48,4126.32,3873.51,0.212
mixed,16,14,0.875,4.0,2048,1024,128,512,464,1077.92,1097.54,1083.94,0.3067
mixed,16,14,0.875,4.0,2048,1024,256,1024,928,1160.74,1182.46,1162.63,0.0869
mixed,16,14,0.875,4.0,2048,1024,512,2048,1856,1308.07,1345.31,1309.51,0.0386
mixed,16,14,0.875,4.0,2048,1024,1024,4096,3712,1680.23,1760.01,1694.57,0.1797
mixed,16,14,0.875,4.0,2048,1024,2048,8192,7424,2461.96,2624.84,2492.33,0.1864
mixed,16,14,0.875,4.0,2048,1024,4096,16384,14848,4054.03,4463.38,4074.45,0.0499
mixed,16,14,0.875,4.0,2048,2048,128,512,464,1446.63,1457.89,1455.2,0.7615
mixed,16,14,0.875,4.0,2048,2048,256,1024,928,1524.81,1550.4,1541.41,0.6487
mixed,16,14,0.875,4.0,2048,2048,512,2048,1856,1676.01,1721.67,1684.07,0.1765
mixed,16,14,0.875,4.0,2048,2048,1024,4096,3712,2001.45,2090.57,2019.91,0.2072
mixed,16,14,0.875,4.0,2048,2048,2048,8192,7424,2793.77,2951.79,2823.88,0.1906
mixed,16,14,0.875,4.0,2048,2048,4096,16384,14848,4332.88,4856.98,4576.05,0.464
mixed,16,14,0.875,4.0,2048,4096,128,512,464,2171.53,2188.84,2174.69,0.183
mixed,16,14,0.875,4.0,2048,4096,256,1024,928,2247.3,2273.48,2257,0.3705
mixed,16,14,0.875,4.0,2048,4096,512,2048,1856,2415.69,2448.99,2415.36,-0.0097
mixed,16,14,0.875,4.0,2048,4096,1024,4096,3712,2720.14,2799.75,2707.59,-0.1576
mixed,16,14,0.875,4.0,2048,4096,2048,8192,7424,3440.52,3613.07,3481.86,0.2396
mixed,16,14,0.875,4.0,2048,4096,4096,16384,14848,5032.4,5580.76,5152.88,0.2197
mixed,16,14,0.875,4.0,2048,8192,128,512,464,3632.62,3651.02,3641,0.4557
mixed,16,14,0.875,4.0,2048,8192,256,1024,928,3713.77,3724.11,3717.56,0.3662
mixed,16,14,0.875,4.0,2048,8192,512,2048,1856,3851.24,3898.28,3857.52,0.1335
mixed,16,14,0.875,4.0,2048,8192,1024,4096,3712,4199.89,4273.32,4167.88,-0.4359
mixed,16,14,0.875,4.0,2048,8192,2048,8192,7424,4828.69,5032.18,4722.29,-0.5229
mixed,16,14,0.875,4.0,2048,8192,4096,16384,14848,6356.56,6706.55,6539.67,0.5232
pure,32,1,0.0312,4.0,0,0,128,512,140,77.982,189.791,88.642,0.0953
pure,32,1,0.0312,4.0,0,0,256,1024,280,111.391,354.978,115.552,0.0171
pure,32,1,0.0312,4.0,0,0,512,2048,560,207.424,635.073,209.89,0.0058
pure,32,1,0.0312,4.0,0,0,1024,4096,1120,384.034,1168.84,384.416,0.0005
pure,32,1,0.0312,4.0,0,0,2048,8192,2240,682.688,2227.98,682.722,0.0
pure,32,1,0.0312,4.0,0,0,4096,16384,4480,1260.48,4318.99,1262.41,0.0006
mixed,32,1,0.0312,4.0,16,0,128,512,140,135.936,286.879,155.936,0.1325
mixed,32,1,0.0312,4.0,16,0,256,1024,280,188.514,498.785,230.783,0.1362
mixed,32,1,0.0312,4.0,16,0,512,2048,560,294.914,885.09,377.954,0.1407
mixed,32,1,0.0312,4.0,16,0,1024,4096,1120,505.378,1725.19,677.09,0.1408
mixed,32,1,0.0312,4.0,16,0,2048,8192,2240,942.243,3524.14,1257.25,0.122
mixed,32,1,0.0312,4.0,16,0,4096,16384,4480,1913.57,6938.36,2485.77,0.1139
mixed,32,1,0.0312,4.0,16,512,128,512,140,161.537,287.585,160.223,-0.0104
mixed,32,1,0.0312,4.0,16,512,256,1024,280,205.664,499.234,234.56,0.0984
mixed,32,1,0.0312,4.0,16,512,512,2048,560,296.226,885.443,380.001,0.1422
mixed,32,1,0.0312,4.0,16,512,1024,4096,1120,505.249,1724.74,672.161,0.1369
mixed,32,1,0.0312,4.0,16,512,2048,8192,2240,943.459,3528.14,1255.78,0.1208
mixed,32,1,0.0312,4.0,16,512,4096,16384,4480,1905.54,6942.1,2482.31,0.1145
mixed,32,1,0.0312,4.0,16,1024,128,512,140,194.145,315.52,194.335,0.0016
mixed,32,1,0.0312,4.0,16,1024,256,1024,280,237.216,500.544,237.249,0.0001
mixed,32,1,0.0312,4.0,16,1024,512,2048,560,321.857,884.45,382.112,0.1071
mixed,32,1,0.0312,4.0,16,1024,1024,4096,1120,510.081,1730.47,673.41,0.1338
mixed,32,1,0.0312,4.0,16,1024,2048,8192,2240,943.425,3534.25,1252.36,0.1192
mixed,32,1,0.0312,4.0,16,1024,4096,16384,4480,1907.88,6947,2477.41,0.113
mixed,32,1,0.0312,4.0,16,2048,128,512,140,256.896,380.546,269.889,0.1051
mixed,32,1,0.0312,4.0,16,2048,256,1024,280,301.215,547.489,318.273,0.0693
mixed,32,1,0.0312,4.0,16,2048,512,2048,560,387.009,894.496,397.505,0.0207
mixed,32,1,0.0312,4.0,16,2048,1024,4096,1120,558.658,1717.35,686.53,0.1104
mixed,32,1,0.0312,4.0,16,2048,2048,8192,2240,948.45,3524.81,1256.96,0.1197
mixed,32,1,0.0312,4.0,16,2048,4096,16384,4480,1891.24,6950.9,2474.82,0.1153
mixed,32,1,0.0312,4.0,16,4096,128,512,140,381.441,505.088,391.329,0.08
mixed,32,1,0.0312,4.0,16,4096,256,1024,280,425.986,675.298,442.624,0.0667
mixed,32,1,0.0312,4.0,16,4096,512,2048,560,511.776,1008.42,543.745,0.0644
mixed,32,1,0.0312,4.0,16,4096,1024,4096,1120,684.609,1781.19,743.201,0.0534
mixed,32,1,0.0312,4.0,16,4096,2048,8192,2240,1058.21,3687.88,1267.97,0.0798
mixed,32,1,0.0312,4.0,16,4096,4096,16384,4480,1974.76,7530.55,2495.88,0.0938
mixed,32,1,0.0312,4.0,16,8192,128,512,140,629.602,753.857,636.067,0.052
mixed,32,1,0.0312,4.0,16,8192,256,1024,280,670.274,924.771,688.384,0.0712
mixed,32,1,0.0312,4.0,16,8192,512,2048,560,760.163,1259.33,789.987,0.0597
mixed,32,1,0.0312,4.0,16,8192,1024,4096,1120,938.084,2002.66,992.675,0.0513
mixed,32,1,0.0312,4.0,16,8192,2048,8192,2240,1307.2,3687.59,1376.13,0.029
mixed,32,1,0.0312,4.0,16,8192,4096,16384,4480,2153.67,7662.04,2518.5,0.0662
mixed,32,1,0.0312,4.0,32,0,128,512,140,135.905,286.753,155.904,0.1326
mixed,32,1,0.0312,4.0,32,0,256,1024,280,188.449,498.561,230.752,0.1364
mixed,32,1,0.0312,4.0,32,0,512,2048,560,295.711,886.467,378.624,0.1404
mixed,32,1,0.0312,4.0,32,0,1024,4096,1120,505.409,1723.08,677.186,0.1411
mixed,32,1,0.0312,4.0,32,0,2048,8192,2240,942.659,3528.23,1259.17,0.1224
mixed,32,1,0.0312,4.0,32,0,4096,16384,4480,1915.01,6922.14,2482.86,0.1134
mixed,32,1,0.0312,4.0,32,512,128,512,140,161.793,287.264,160.318,-0.0118
mixed,32,1,0.0312,4.0,32,512,256,1024,280,205.375,498.628,234.497,0.0993
mixed,32,1,0.0312,4.0,32,512,512,2048,560,297.665,885.281,378.882,0.1382
mixed,32,1,0.0312,4.0,32,512,1024,4096,1120,506.72,1726.15,674.114,0.1373
mixed,32,1,0.0312,4.0,32,512,2048,8192,2240,944.835,3540.46,1257.32,0.1204
mixed,32,1,0.0312,4.0,32,512,4096,16384,4480,1916.74,6946.3,2484.94,0.113
mixed,32,1,0.0312,4.0,32,1024,128,512,140,194.815,316.961,194.368,-0.0037
mixed,32,1,0.0312,4.0,32,1024,256,1024,280,237.793,501.762,236.994,-0.003
mixed,32,1,0.0312,4.0,32,1024,512,2048,560,321.057,885.667,380.769,0.1058
mixed,32,1,0.0312,4.0,32,1024,1024,4096,1120,509.955,1731.21,676.449,0.1363
mixed,32,1,0.0312,4.0,32,1024,2048,8192,2240,943.426,3550.41,1254.37,0.1193
mixed,32,1,0.0312,4.0,32,1024,4096,16384,4480,1910.92,6941.46,2481.57,0.1134
mixed,32,1,0.0312,4.0,32,2048,128,512,140,258.144,380.609,269.343,0.0914
mixed,32,1,0.0312,4.0,32,2048,256,1024,280,301.28,551.522,318.722,0.0697
mixed,32,1,0.0312,4.0,32,2048,512,2048,560,387.616,893.923,391.392,0.0075
mixed,32,1,0.0312,4.0,32,2048,1024,4096,1120,560.738,1724.39,687.554,0.109
mixed,32,1,0.0312,4.0,32,2048,2048,8192,2240,950.37,3539.5,1259.24,0.1193
mixed,32,1,0.0312,4.0,32,2048,4096,16384,4480,1888.65,6959.06,2478.09,0.1163
mixed,32,1,0.0312,4.0,32,4096,128,512,140,383.042,506.369,392.29,0.075
mixed,32,1,0.0312,4.0,32,4096,256,1024,280,426.82,676.162,443.136,0.0654
mixed,32,1,0.0312,4.0,32,4096,512,2048,560,512.643,1008.93,542.753,0.0607
mixed,32,1,0.0312,4.0,32,4096,1024,4096,1120,686.594,1787.01,746.913,0.0548
mixed,32,1,0.0312,4.0,32,4096,2048,8192,2240,1058.82,3644.94,1268.9,0.0812
mixed,32,1,0.0312,4.0,32,4096,4096,16384,4480,1974.98,7477.02,2506.34,0.0966
mixed,32,1,0.0312,4.0,32,8192,128,512,140,629.25,751.778,637.252,0.0653
mixed,32,1,0.0312,4.0,32,8192,256,1024,280,672.033,928.034,688.226,0.0633
mixed,32,1,0.0312,4.0,32,8192,512,2048,560,760.288,1261.73,789.731,0.0587
mixed,32,1,0.0312,4.0,32,8192,1024,4096,1120,937.732,2002.89,992.324,0.0513
mixed,32,1,0.0312,4.0,32,8192,2048,8192,2240,1306.76,3689.52,1374.79,0.0286
mixed,32,1,0.0312,4.0,32,8192,4096,16384,4480,2157.8,7644.13,2516.43,0.0654
mixed,32,1,0.0312,4.0,64,0,128,512,140,135.905,288.577,156.32,0.1337
mixed,32,1,0.0312,4.0,64,0,256,1024,280,188.865,503.108,232.066,0.1375
mixed,32,1,0.0312,4.0,64,0,512,2048,560,297.345,899.074,378.914,0.1356
mixed,32,1,0.0312,4.0,64,0,1024,4096,1120,509.183,1736.04,678.403,0.1379
mixed,32,1,0.0312,4.0,64,0,2048,8192,2240,954.754,3536.11,1272.22,0.123
mixed,32,1,0.0312,4.0,64,0,4096,16384,4480,1925.57,6927.51,2491.37,0.1131
mixed,32,1,0.0312,4.0,64,512,128,512,140,163.872,290.755,162.785,-0.0086
mixed,32,1,0.0312,4.0,64,512,256,1024,280,206.529,500.931,235.201,0.0974
mixed,32,1,0.0312,4.0,64,512,512,2048,560,298.466,897.315,380.929,0.1377
mixed,32,1,0.0312,4.0,64,512,1024,4096,1120,508.514,1727.4,674.528,0.1362
mixed,32,1,0.0312,4.0,64,512,2048,8192,2240,956.835,3550.25,1270.34,0.1209
mixed,32,1,0.0312,4.0,64,512,4096,16384,4480,1907.27,6947.64,2489.86,0.1156
mixed,32,1,0.0312,4.0,64,1024,128,512,140,196.449,318.048,194.912,-0.0126
mixed,32,1,0.0312,4.0,64,1024,256,1024,280,238.784,502.915,238.177,-0.0023
mixed,32,1,0.0312,4.0,64,1024,512,2048,560,324.703,896.77,384.096,0.1038
mixed,32,1,0.0312,4.0,64,1024,1024,4096,1120,511.841,1729.8,674.978,0.1339
mixed,32,1,0.0312,4.0,64,1024,2048,8192,2240,960.099,3544.94,1268.9,0.1195
mixed,32,1,0.0312,4.0,64,1024,4096,16384,4480,1914.95,6960.22,2488.84,0.1137
mixed,32,1,0.0312,4.0,64,2048,128,512,140,258.945,384.162,270.335,0.091
mixed,32,1,0.0312,4.0,64,2048,256,1024,280,304,551.426,319.296,0.0618
mixed,32,1,0.0312,4.0,64,2048,512,2048,560,389.826,906.209,396.129,0.0122
mixed,32,1,0.0312,4.0,64,2048,1024,4096,1120,564.29,1731.59,686.37,0.1046
mixed,32,1,0.0312,4.0,64,2048,2048,8192,2240,960.866,3558.25,1265.18,0.1172
mixed,32,1,0.0312,4.0,64,2048,4096,16384,4480,1898.82,6945.91,2481.93,0.1155
mixed,32,1,0.0312,4.0,64,4096,128,512,140,383.297,509.28,393.059,0.0775
mixed,32,1,0.0312,4.0,64,4096,256,1024,280,427.362,678.02,444.289,0.0675
mixed,32,1,0.0312,4.0,64,4096,512,2048,560,515.169,1017.57,546.563,0.0625
mixed,32,1,0.0312,4.0,64,4096,1024,4096,1120,688.452,1790.5,745.635,0.0519
mixed,32,1,0.0312,4.0,64,4096,2048,8192,2240,1065.31,3655.47,1273.09,0.0802
mixed,32,1,0.0312,4.0,64,4096,4096,16384,4480,1994.12,7515.93,2508.33,0.0931
mixed,32,1,0.0312,4.0,64,8192,128,512,140,630.498,755.521,639.999,0.076
mixed,32,1,0.0312,4.0,64,8192,256,1024,280,675.298,928.643,689.922,0.0577
mixed,32,1,0.0312,4.0,64,8192,512,2048,560,764.483,1266.05,791.072,0.053
mixed,32,1,0.0312,4.0,64,8192,1024,4096,1120,937.505,2014.95,992.705,0.0512
mixed,32,1,0.0312,4.0,64,8192,2048,8192,2240,1314.02,3691.18,1384.81,0.0298
mixed,32,1,0.0312,4.0,64,8192,4096,16384,4480,2176.81,7677.4,2527.62,0.0638
mixed,32,1,0.0312,4.0,128,0,128,512,140,144.608,294.208,165.249,0.138
mixed,32,1,0.0312,4.0,128,0,256,1024,280,196.704,504.707,240.768,0.1431
mixed,32,1,0.0312,4.0,128,0,512,2048,560,301.345,901.509,387.936,0.1443
mixed,32,1,0.0312,4.0,128,0,1024,4096,1120,510.753,1732.74,684.993,0.1426
mixed,32,1,0.0312,4.0,128,0,2048,8192,2240,961.25,3562.35,1277.03,0.1214
mixed,32,1,0.0312,4.0,128,0,4096,16384,4480,1924.01,6967.2,2503.66,0.1149
mixed,32,1,0.0312,4.0,128,512,128,512,140,176.064,296.961,182.368,0.0521
mixed,32,1,0.0312,4.0,128,512,256,1024,280,217.824,497.794,255.68,0.1352
mixed,32,1,0.0312,4.0,128,512,512,2048,560,301.794,898.883,392.833,0.1525
mixed,32,1,0.0312,4.0,128,512,1024,4096,1120,504.896,1729.89,694.049,0.1544
mixed,32,1,0.0312,4.0,128,512,2048,8192,2240,962.178,3560.24,1271.74,0.1192
mixed,32,1,0.0312,4.0,128,512,4096,16384,4480,1919.69,6948.53,2491.69,0.1137
mixed,32,1,0.0312,4.0,128,1024,128,512,140,220.383,333.633,219.425,-0.0085
mixed,32,1,0.0312,4.0,128,1024,256,1024,280,261.377,498.69,267.713,0.0267
mixed,32,1,0.0312,4.0,128,1024,512,2048,560,340.033,897.954,422.275,0.1474
mixed,32,1,0.0312,4.0,128,1024,1024,4096,1120,507.778,1718.72,697.121,0.1564
mixed,32,1,0.0312,4.0,128,1024,2048,8192,2240,956.9,3583.18,1277.25,0.122
mixed,32,1,0.0312,4.0,128,1024,4096,16384,4480,1896.58,6980.92,2489.9,0.1167
mixed,32,1,0.0312,4.0,128,2048,128,512,140,287.617,428.513,289.056,0.0102
mixed,32,1,0.0312,4.0,128,2048,256,1024,280,337.859,577.666,337.281,-0.0024
mixed,32,1,0.0312,4.0,128,2048,512,2048,560,434.946,903.908,434.594,-0.0008
mixed,32,1,0.0312,4.0,128,2048,1024,4096,1120,583.587,1713,743.234,0.1414
mixed,32,1,0.0312,4.0,128,2048,2048,8192,2240,955.938,3563.47,1285.86,0.1265
mixed,32,1,0.0312,4.0,128,2048,4096,16384,4480,1870.69,7015.68,2481.29,0.1187
mixed,32,1,0.0312,4.0,128,4096,128,512,140,412.483,558.208,414.913,0.0167
mixed,32,1,0.0312,4.0,128,4096,256,1024,280,463.713,750.371,471.938,0.0287
mixed,32,1,0.0312,4.0,128,4096,512,2048,560,563.648,1044.71,566.337,0.0056
mixed,32,1,0.0312,4.0,128,4096,1024,4096,1120,759.457,1767.17,755.33,-0.0041
mixed,32,1,0.0312,4.0,128,4096,2048,8192,2240,1089.76,3615.08,1392.35,0.1198
mixed,32,1,0.0312,4.0,128,4096,4096,16384,4480,1943.46,7947.96,2496.55,0.0921
mixed,32,1,0.0312,4.0,128,8192,128,512,140,659.779,804.352,660.194,0.0029
mixed,32,1,0.0312,4.0,128,8192,256,1024,280,710.019,998.56,717.57,0.0262
mixed,32,1,0.0312,4.0,128,8192,512,2048,560,808.451,1397.32,833.027,0.0417
mixed,32,1,0.0312,4.0,128,8192,1024,4096,1120,1006.95,1984.61,1059.46,0.0537
mixed,32,1,0.0312,4.0,128,8192,2048,8192,2240,1449.64,3582.54,1408.48,-0.0193
mixed,32,1,0.0312,4.0,128,8192,4096,16384,4480,2124.71,8001.98,2728.55,0.1027
mixed,32,1,0.0312,4.0,256,0,128,512,140,167.329,313.441,188.319,0.1437
mixed,32,1,0.0312,4.0,256,0,256,1024,280,220.702,511.873,264.514,0.1505
mixed,32,1,0.0312,4.0,256,0,512,2048,560,319.46,916.994,410.175,0.1518
mixed,32,1,0.0312,4.0,256,0,1024,4096,1120,521.41,1744.52,701.122,0.1469
mixed,32,1,0.0312,4.0,256,0,2048,8192,2240,975.811,3581.55,1294.31,0.1222
mixed,32,1,0.0312,4.0,256,0,4096,16384,4480,1950.88,6990.01,2523.34,0.1136
mixed,32,1,0.0312,4.0,256,512,128,512,140,216.384,343.585,217.569,0.0093
mixed,32,1,0.0312,4.0,256,512,256,1024,280,260.544,536.737,283.777,0.0841
mixed,32,1,0.0312,4.0,256,512,512,2048,560,348.288,921.091,438.785,0.158
mixed,32,1,0.0312,4.0,256,512,1024,4096,1120,545.985,1729,730.849,0.1563
mixed,32,1,0.0312,4.0,256,512,2048,8192,2240,974.242,3579.82,1310.44,0.129
mixed,32,1,0.0312,4.0,256,512,4096,16384,4480,1916.36,6972.5,2508.39,0.1171
mixed,32,1,0.0312,4.0,256,1024,128,512,140,263.041,384.545,264.417,0.0113
mixed,32,1,0.0312,4.0,256,1024,256,1024,280,305.73,573.057,311.905,0.0231
mixed,32,1,0.0312,4.0,256,1024,512,2048,560,388.417,939.938,442.401,0.0979
mixed,32,1,0.0312,4.0,256,1024,1024,4096,1120,581.314,1719.01,755.745,0.1533
mixed,32,1,0.0312,4.0,256,1024,2048,8192,2240,990.083,3583.4,1348.52,0.1382
mixed,32,1,0.0312,4.0,256,1024,4096,16384,4480,1888.45,6997.75,2516.71,0.123
mixed,32,1,0.0312,4.0,256,2048,128,512,140,349.538,483.009,350.113,0.0043
mixed,32,1,0.0312,4.0,256,2048,256,1024,280,398.754,645.089,401.409,0.0108
mixed,32,1,0.0312,4.0,256,2048,512,2048,560,488.707,1035.84,500.003,0.0206
mixed,32,1,0.0312,4.0,256,2048,1024,4096,1120,655.298,1747.91,774.465,0.1091
mixed,32,1,0.0312,4.0,256,2048,2048,8192,2240,1097.92,3628.36,1402.79,0.1205
mixed,32,1,0.0312,4.0,256,2048,4096,16384,4480,1880.23,7228.67,2576.23,0.1301
mixed,32,1,0.0312,4.0,256,4096,128,512,140,499.746,664.673,502.466,0.0165
mixed,32,1,0.0312,4.0,256,4096,256,1024,280,571.233,835.972,575.235,0.0151
mixed,32,1,0.0312,4.0,256,4096,512,2048,560,666.593,1174.85,672.064,0.0108
mixed,32,1,0.0312,4.0,256,4096,1024,4096,1120,845.54,1982.57,856.129,0.0093
mixed,32,1,0.0312,4.0,256,4096,2048,8192,2240,1218.98,3848.62,1430.18,0.0803
mixed,32,1,0.0312,4.0,256,4096,4096,16384,4480,2164.36,9168.13,2730.5,0.0808
mixed,32,1,0.0312,4.0,256,8192,128,512,140,754.724,962.34,755.522,0.0038
mixed,32,1,0.0312,4.0,256,8192,256,1024,280,825.538,1184.26,831.425,0.0164
mixed,32,1,0.0312,4.0,256,8192,512,2048,560,968.291,1556.48,985.762,0.0297
mixed,32,1,0.0312,4.0,256,8192,1024,4096,1120,1197.09,2244.65,1219.17,0.0211
mixed,32,1,0.0312,4.0,256,8192,2048,8192,2240,1605.16,4056.69,1580.74,-0.01
mixed,32,1,0.0312,4.0,256,8192,4096,16384,4480,2379.69,9482.44,2771.21,0.0551
mixed,32,1,0.0312,4.0,512,0,128,512,140,229.121,363.682,235.106,0.0445
mixed,32,1,0.0312,4.0,512,0,256,1024,280,271.907,556.226,310.657,0.1363
mixed,32,1,0.0312,4.0,512,0,512,2048,560,370.178,944.002,458.177,0.1534
mixed,32,1,0.0312,4.0,512,0,1024,4096,1120,564.96,1746.02,750.818,0.1574
mixed,32,1,0.0312,4.0,512,0,2048,8192,2240,997.795,3591.5,1324.03,0.1258
mixed,32,1,0.0312,4.0,512,0,4096,16384,4480,1922.02,7017.02,2522.22,0.1178
mixed,32,1,0.0312,4.0,512,512,128,512,140,295.873,421.409,297.474,0.0128
mixed,32,1,0.0312,4.0,512,512,256,1024,280,342.049,593.923,350.337,0.0329
mixed,32,1,0.0312,4.0,512,512,512,2048,560,424.226,986.116,503.039,0.1403
mixed,32,1,0.0312,4.0,512,512,1024,4096,1120,606.115,1777.93,793.539,0.1599
mixed,32,1,0.0312,4.0,512,512,2048,8192,2240,1040.8,3619.98,1384.04,0.1331
mixed,32,1,0.0312,4.0,512,512,4096,16384,4480,1924.58,7059.9,2551.15,0.122
mixed,32,1,0.0312,4.0,512,1024,128,512,140,361.665,485.504,364.192,0.0204
mixed,32,1,0.0312,4.0,512,1024,256,1024,280,409.375,647.393,411.394,0.0085
mixed,32,1,0.0312,4.0,512,1024,512,2048,560,493.793,1026.47,538.754,0.0844
mixed,32,1,0.0312,4.0,512,1024,1024,4096,1120,651.329,1806.02,826.691,0.1519
mixed,32,1,0.0312,4.0,512,1024,2048,8192,2240,1082.4,3626.25,1412.74,0.1299
mixed,32,1,0.0312,4.0,512,1024,4096,16384,4480,1953.8,7084.22,2606.28,0.1272
mixed,32,1,0.0312,4.0,512,2048,128,512,140,483.455,616.418,490.53,0.0532
mixed,32,1,0.0312,4.0,512,2048,256,1024,280,533.826,773.346,533.218,-0.0025
mixed,32,1,0.0312,4.0,512,2048,512,2048,560,622.463,1093.47,633.762,0.024
mixed,32,1,0.0312,4.0,512,2048,1024,4096,1120,778.37,1876.16,912.066,0.1218
mixed,32,1,0.0312,4.0,512,2048,2048,8192,2240,1133.73,3677.51,1465.58,0.1305
mixed,32,1,0.0312,4.0,512,2048,4096,16384,4480,2022.82,7333.98,2687.08,0.1251
mixed,32,1,0.0312,4.0,512,4096,128,512,140,719.969,861.219,717.122,-0.0202
mixed,32,1,0.0312,4.0,512,4096,256,1024,280,763.138,1037.28,769.857,0.0245
mixed,32,1,0.0312,4.0,512,4096,512,2048,560,867.458,1346.6,879.427,0.025
mixed,32,1,0.0312,4.0,512,4096,1024,4096,1120,1039.84,1989.1,1071.52,0.0334
mixed,32,1,0.0312,4.0,512,4096,2048,8192,2240,1395.14,4270.7,1665.19,0.0939
mixed,32,1,0.0312,4.0,512,4096,4096,16384,4480,2138.76,10687.6,2937.62,0.0934
mixed,32,1,0.0312,4.0,512,8192,128,512,140,1205.51,1334.37,1201.51,-0.031
mixed,32,1,0.0312,4.0,512,8192,256,1024,280,1243.81,1511.11,1250.66,0.0256
mixed,32,1,0.0312,4.0,512,8192,512,2048,560,1336.42,1884.42,1347.68,0.0206
mixed,32,1,0.0312,4.0,512,8192,1024,4096,1120,1529.06,2503.15,1560.84,0.0326
mixed,32,1,0.0312,4.0,512,8192,2048,8192,2240,1919.78,3985.9,1946.12,0.0127
mixed,32,1,0.0312,4.0,512,8192,4096,16384,4480,2635.78,9809.5,3184.01,0.0764
mixed,32,1,0.0312,4.0,1024,0,128,512,140,382.082,506.849,383.552,0.0118
mixed,32,1,0.0312,4.0,1024,0,256,1024,280,426.304,688.929,435.936,0.0367
mixed,32,1,0.0312,4.0,1024,0,512,2048,560,509.922,1079.23,586.178,0.1339
mixed,32,1,0.0312,4.0,1024,0,1024,4096,1120,695.523,1873.9,885.665,0.1614
mixed,32,1,0.0312,4.0,1024,0,2048,8192,2240,1134.37,3691.02,1466.27,0.1298
mixed,32,1,0.0312,4.0,1024,0,4096,16384,4480,2029.51,7150.4,2656.94,0.1225
mixed,32,1,0.0312,4.0,1024,512,128,512,140,490.306,613.699,490.112,-0.0016
mixed,32,1,0.0312,4.0,1024,512,256,1024,280,533.12,775.587,537.024,0.0161
mixed,32,1,0.0312,4.0,1024,512,512,2048,560,617.409,1160.61,664.131,0.086
mixed,32,1,0.0312,4.0,1024,512,1024,4096,1120,783.552,1952.01,961.476,0.1523
mixed,32,1,0.0312,4.0,1024,512,2048,8192,2240,1215.05,3714.8,1548.1,0.1332
mixed,32,1,0.0312,4.0,1024,512,4096,16384,4480,2106.99,7323.9,2740.07,0.1214
mixed,32,1,0.0312,4.0,1024,1024,128,512,140,593.473,721.283,594.016,0.0042
mixed,32,1,0.0312,4.0,1024,1024,256,1024,280,638.528,883.937,640.352,0.0074
mixed,32,1,0.0312,4.0,1024,1024,512,2048,560,725.345,1239.08,739.651,0.0278
mixed,32,1,0.0312,4.0,1024,1024,1024,4096,1120,897.317,2028.84,1042.02,0.1279
mixed,32,1,0.0312,4.0,1024,1024,2048,8192,2240,1292.29,3781.84,1629.29,0.1354
mixed,32,1,0.0312,4.0,1024,1024,4096,16384,4480,2181.76,7665.34,2814.51,0.1154
mixed,32,1,0.0312,4.0,1024,2048,128,512,140,793.315,926.401,794.497,0.0089
mixed,32,1,0.0312,4.0,1024,2048,256,1024,280,840.867,1091.36,845.825,0.0198
mixed,32,1,0.0312,4.0,1024,2048,512,2048,560,932.61,1425.16,937.826,0.0106
mixed,32,1,0.0312,4.0,1024,2048,1024,4096,1120,1101.76,2183.69,1194.69,0.0859
mixed,32,1,0.0312,4.0,1024,2048,2048,8192,2240,1466.37,4041.04,1791.08,0.1261
mixed,32,1,0.0312,4.0,1024,2048,4096,16384,4480,2341.38,8716.93,2949.51,0.0954
mixed,32,1,0.0312,4.0,1024,4096,128,512,140,1173.76,1326.21,1187.11,0.0875
mixed,32,1,0.0312,4.0,1024,4096,256,1024,280,1231.81,1504.29,1242.37,0.0387
mixed,32,1,0.0312,4.0,1024,4096,512,2048,560,1332.29,1847.75,1343.27,0.0213
mixed,32,1,0.0312,4.0,1024,4096,1024,4096,1120,1515.17,2545.83,1540.93,0.025
mixed,32,1,0.0312,4.0,1024,4096,2048,8192,2240,1893.32,4638.32,2086.98,0.0706
mixed,32,1,0.0312,4.0,1024,4096,4096,16384,4480,2696.55,12177.1,3305.23,0.0642
mixed,32,1,0.0312,4.0,1024,8192,128,512,140,1910.18,2090.5,1914.02,0.0213
mixed,32,1,0.0312,4.0,1024,8192,256,1024,280,1974.82,2304.1,1976.93,0.0064
mixed,32,1,0.0312,4.0,1024,8192,512,2048,560,2098.76,2670.76,2118.85,0.0351
mixed,32,1,0.0312,4.0,1024,8192,1024,4096,1120,2313.26,3360.23,2341.86,0.0273
mixed,32,1,0.0312,4.0,1024,8192,2048,8192,2240,2702.31,4991.8,2719.11,0.0073
mixed,32,1,0.0312,4.0,1024,8192,4096,16384,4480,3469.96,10329.5,3850.06,0.0554
mixed,32,1,0.0312,4.0,2048,0,128,512,140,808.196,936.642,812.257,0.0316
mixed,32,1,0.0312,4.0,2048,0,256,1024,280,855.874,1100.2,860.161,0.0175
mixed,32,1,0.0312,4.0,2048,0,512,2048,560,940.835,1468.1,959.458,0.0353
mixed,32,1,0.0312,4.0,2048,0,1024,4096,1120,1107.52,2249.51,1259.3,0.1329
mixed,32,1,0.0312,4.0,2048,0,2048,8192,2240,1518.12,3952.56,1847.97,0.1355
mixed,32,1,0.0312,4.0,2048,0,4096,16384,4480,2397.93,8509.6,3020.9,0.1019
mixed,32,1,0.0312,4.0,2048,512,128,512,140,1000.42,1122.28,1000.16,-0.0021
mixed,32,1,0.0312,4.0,2048,512,256,1024,280,1046.5,1293.06,1044.36,-0.0087
mixed,32,1,0.0312,4.0,2048,512,512,2048,560,1124.67,1637.64,1137.76,0.0255
mixed,32,1,0.0312,4.0,2048,512,1024,4096,1120,1300.58,2402.51,1416.42,0.1051
mixed,32,1,0.0312,4.0,2048,512,2048,8192,2240,1689.83,4188.4,2018.31,0.1315
mixed,32,1,0.0312,4.0,2048,512,4096,16384,4480,2552.33,8936.32,3191.95,0.1002
mixed,32,1,0.0312,4.0,2048,1024,128,512,140,1175.68,1311.08,1180.68,0.0369
mixed,32,1,0.0312,4.0,2048,1024,256,1024,280,1226.37,1477.41,1226.63,0.001
mixed,32,1,0.0312,4.0,2048,1024,512,2048,560,1316.07,1806.18,1327.62,0.0236
mixed,32,1,0.0312,4.0,2048,1024,1024,4096,1120,1477.83,2567.88,1573.16,0.0875
mixed,32,1,0.0312,4.0,2048,1024,2048,8192,2240,1848.93,4296.02,2174.92,0.1332
mixed,32,1,0.0312,4.0,2048,1024,4096,16384,4480,2711.6,10876.5,3339.98,0.077
mixed,32,1,0.0312,4.0,2048,2048,128,512,140,1550.28,1680.1,1553.25,0.0229
mixed,32,1,0.0312,4.0,2048,2048,256,1024,280,1587.65,1843.21,1595.17,0.0294
mixed,32,1,0.0312,4.0,2048,2048,512,2048,560,1677.6,2190.63,1682.72,0.01
mixed,32,1,0.0312,4.0,2048,2048,1024,4096,1120,1853.83,2911.27,1885.61,0.0301
mixed,32,1,0.0312,4.0,2048,2048,2048,8192,2240,2230.47,4538.6,2491.94,0.1133
mixed,32,1,0.0312,4.0,2048,2048,4096,16384,4480,3049.64,13439.7,3675.73,0.0603
mixed,32,1,0.0312,4.0,2048,4096,128,512,140,2267.75,2402.79,2272.36,0.0341
mixed,32,1,0.0312,4.0,2048,4096,256,1024,280,2310.57,2582.25,2323.75,0.0485
mixed,32,1,0.0312,4.0,2048,4096,512,2048,560,2406.63,2924.94,2421.93,0.0295
mixed,32,1,0.0312,4.0,2048,4096,1024,4096,1120,2585.8,3582.6,2608.68,0.023
mixed,32,1,0.0312,4.0,2048,4096,2048,8192,2240,2963.91,5201.81,3106.54,0.0637
mixed,32,1,0.0312,4.0,2048,4096,4096,16384,4480,3710.7,15899.3,4310.54,0.0492
mixed,32,1,0.0312,4.0,2048,8192,128,512,140,3738.54,3844.66,3737.29,-0.0118
mixed,32,1,0.0312,4.0,2048,8192,256,1024,280,3769.52,4037.32,3779.53,0.0374
mixed,32,1,0.0312,4.0,2048,8192,512,2048,560,3851.56,4379.53,3856.11,0.0086
mixed,32,1,0.0312,4.0,2048,8192,1024,4096,1120,4034.86,5052.11,4067.88,0.0325
mixed,32,1,0.0312,4.0,2048,8192,2048,8192,2240,4427.56,6443.48,4444.24,0.0083
mixed,32,1,0.0312,4.0,2048,8192,4096,16384,4480,5178.9,9896,5587.22,0.0866
pure,32,2,0.0625,4.0,0,0,128,512,152,78.685,189.983,91.521,0.1153
pure,32,2,0.0625,4.0,0,0,256,1024,304,114.977,355.33,123.456,0.0353
pure,32,2,0.0625,4.0,0,0,512,2048,608,225.954,633.987,227.712,0.0043
pure,32,2,0.0625,4.0,0,0,1024,4096,1216,410.721,1167.43,411.2,0.0006
pure,32,2,0.0625,4.0,0,0,2048,8192,2432,733.089,2226.54,731.745,-0.0009
pure,32,2,0.0625,4.0,0,0,4096,16384,4864,1360.39,4322.35,1368.9,0.0029
mixed,32,2,0.0625,4.0,16,0,128,512,152,136.481,287.585,158.463,0.1455
mixed,32,2,0.0625,4.0,16,0,256,1024,304,191.007,498.018,235.265,0.1442
mixed,32,2,0.0625,4.0,16,0,512,2048,608,303.201,884.29,384.962,0.1407
mixed,32,2,0.0625,4.0,16,0,1024,4096,1216,551.457,1725.22,696.45,0.1235
mixed,32,2,0.0625,4.0,16,0,2048,8192,2432,1037.44,3530.19,1276.61,0.0959
mixed,32,2,0.0625,4.0,16,0,4096,16384,4864,2101.7,6949.31,2528.81,0.0881
mixed,32,2,0.0625,4.0,16,512,128,512,152,162.656,286.753,163.361,0.0057
mixed,32,2,0.0625,4.0,16,512,256,1024,304,207.393,497.986,249.857,0.1461
mixed,32,2,0.0625,4.0,16,512,512,2048,608,302.05,884.802,396.064,0.1613
mixed,32,2,0.0625,4.0,16,512,1024,4096,1216,552.642,1722.66,714.881,0.1387
mixed,32,2,0.0625,4.0,16,512,2048,8192,2432,1035.65,3538.64,1319.43,0.1134
mixed,32,2,0.0625,4.0,16,512,4096,16384,4864,2108.52,6919.68,2521.26,0.0858
mixed,32,2,0.0625,4.0,16,1024,128,512,152,195.329,315.042,205.055,0.0812
mixed,32,2,0.0625,4.0,16,1024,256,1024,304,239.936,499.49,253.504,0.0523
mixed,32,2,0.0625,4.0,16,1024,512,2048,608,325.954,886.815,414.593,0.158
mixed,32,2,0.0625,4.0,16,1024,1024,4096,1216,552.384,1726.82,741.699,0.1612
mixed,32,2,0.0625,4.0,16,1024,2048,8192,2432,1036.48,3525.29,1345.16,0.124
mixed,32,2,0.0625,4.0,16,1024,4096,16384,4864,2105.48,6961.34,2570.7,0.0958
mixed,32,2,0.0625,4.0,16,2048,128,512,152,257.826,379.231,271.715,0.1144
mixed,32,2,0.0625,4.0,16,2048,256,1024,304,303.489,548.896,322.112,0.0759
mixed,32,2,0.0625,4.0,16,2048,512,2048,608,392.897,893.283,422.625,0.0594
mixed,32,2,0.0625,4.0,16,2048,1024,4096,1216,600.612,1713.67,735.458,0.1211
mixed,32,2,0.0625,4.0,16,2048,2048,8192,2432,1042.02,3544.49,1377.15,0.1339
mixed,32,2,0.0625,4.0,16,2048,4096,16384,4864,2076.93,6949.98,2633.93,0.1143
mixed,32,2,0.0625,4.0,16,4096,128,512,152,382.241,505.344,395.201,0.1053
mixed,32,2,0.0625,4.0,16,4096,256,1024,304,426.112,676.226,444.993,0.0755
mixed,32,2,0.0625,4.0,16,4096,512,2048,608,518.432,1005.89,549.216,0.0632
mixed,32,2,0.0625,4.0,16,4096,1024,4096,1216,724.417,1790.98,740.319,0.0149
mixed,32,2,0.0625,4.0,16,4096,2048,8192,2432,1136.9,3668.08,1384.36,0.0978
mixed,32,2,0.0625,4.0,16,4096,4096,16384,4864,2168.9,7467.45,2775.01,0.1144
mixed,32,2,0.0625,4.0,16,8192,128,512,152,629.248,752.738,641.219,0.0969
mixed,32,2,0.0625,4.0,16,8192,256,1024,304,674.911,925.859,691.459,0.0659
mixed,32,2,0.0625,4.0,16,8192,512,2048,608,767.458,1257.63,796.707,0.0597
mixed,32,2,0.0625,4.0,16,8192,1024,4096,1216,971.843,2007.43,990.946,0.0184
mixed,32,2,0.0625,4.0,16,8192,2048,8192,2432,1390.79,3694.61,1388.68,-0.0009
mixed,32,2,0.0625,4.0,16,8192,4096,16384,4864,2307.91,7656.67,2757.7,0.0841
mixed,32,2,0.0625,4.0,32,0,128,512,152,136.351,287.554,158.912,0.1492
mixed,32,2,0.0625,4.0,32,0,256,1024,304,190.658,498.626,234.944,0.1438
mixed,32,2,0.0625,4.0,32,0,512,2048,608,304.224,887.107,388.16,0.144
mixed,32,2,0.0625,4.0,32,0,1024,4096,1216,554.338,1726.95,693.027,0.1183
mixed,32,2,0.0625,4.0,32,0,2048,8192,2432,1042.37,3541.77,1286.5,0.0977
mixed,32,2,0.0625,4.0,32,0,4096,16384,4864,2108.87,6955.32,2513.45,0.0835
mixed,32,2,0.0625,4.0,32,512,128,512,152,162.56,287.585,163.296,0.0059
mixed,32,2,0.0625,4.0,32,512,256,1024,304,207.296,499.811,249.952,0.1458
mixed,32,2,0.0625,4.0,32,512,512,2048,608,301.025,884.582,396.354,0.1634
mixed,32,2,0.0625,4.0,32,512,1024,4096,1216,553.12,1725.63,716.002,0.1389
mixed,32,2,0.0625,4.0,32,512,2048,8192,2432,1037.73,3536.24,1321.67,0.1136
mixed,32,2,0.0625,4.0,32,512,4096,16384,4864,2110.21,6933.27,2525.22,0.086
mixed,32,2,0.0625,4.0,32,1024,128,512,152,195.585,315.491,205.89,0.0859
mixed,32,2,0.0625,4.0,32,1024,256,1024,304,239.65,501.345,255.232,0.0595
mixed,32,2,0.0625,4.0,32,1024,512,2048,608,326.337,887.171,414.56,0.1573
mixed,32,2,0.0625,4.0,32,1024,1024,4096,1216,553.763,1730.79,743.299,0.161
mixed,32,2,0.0625,4.0,32,1024,2048,8192,2432,1035.91,3536.01,1345.32,0.1238
mixed,32,2,0.0625,4.0,32,1024,4096,16384,4864,2115.24,6956.64,2585,0.097
mixed,32,2,0.0625,4.0,32,2048,128,512,152,258.048,380.834,271.104,0.1063
mixed,32,2,0.0625,4.0,32,2048,256,1024,304,303.106,551.394,321.953,0.0759
mixed,32,2,0.0625,4.0,32,2048,512,2048,608,391.777,893.059,423.235,0.0628
mixed,32,2,0.0625,4.0,32,2048,1024,4096,1216,600.801,1722.5,736.579,0.121
mixed,32,2,0.0625,4.0,32,2048,2048,8192,2432,1045.28,3553.99,1380.8,0.1337
mixed,32,2,0.0625,4.0,32,2048,4096,16384,4864,2076.68,6959.36,2632.33,0.1138
mixed,32,2,0.0625,4.0,32,4096,128,512,152,382.081,503.807,395.394,0.1094
mixed,32,2,0.0625,4.0,32,4096,256,1024,304,427.296,675.94,447.968,0.0831
mixed,32,2,0.0625,4.0,32,4096,512,2048,608,519.329,1009.28,547.776,0.0581
mixed,32,2,0.0625,4.0,32,4096,1024,4096,1216,724.16,1793.09,740.162,0.015
mixed,32,2,0.0625,4.0,32,4096,2048,8192,2432,1140.93,3656.85,1384.32,0.0967
mixed,32,2,0.0625,4.0,32,4096,4096,16384,4864,2168.07,7509.37,2770.57,0.1128
mixed,32,2,0.0625,4.0,32,8192,128,512,152,629.41,751.266,640.772,0.0932
mixed,32,2,0.0625,4.0,32,8192,256,1024,304,674.885,927.462,691.267,0.0649
mixed,32,2,0.0625,4.0,32,8192,512,2048,608,764.929,1260.2,796.033,0.0628
mixed,32,2,0.0625,4.0,32,8192,1024,4096,1216,972.004,2003.01,991.812,0.0192
mixed,32,2,0.0625,4.0,32,8192,2048,8192,2432,1388.39,3688.65,1388.52,0.0001
mixed,32,2,0.0625,4.0,32,8192,4096,16384,4864,2312.84,7638.52,2775.66,0.0869
mixed,32,2,0.0625,4.0,64,0,128,512,152,136.672,288.706,158.784,0.1454
mixed,32,2,0.0625,4.0,64,0,256,1024,304,190.977,503.584,236.162,0.1445
mixed,32,2,0.0625,4.0,64,0,512,2048,608,306.112,899.459,388.386,0.1387
mixed,32,2,0.0625,4.0,64,0,1024,4096,1216,557.892,1736.1,694.882,0.1163
mixed,32,2,0.0625,4.0,64,0,2048,8192,2432,1047.36,3547.15,1289.73,0.097
mixed,32,2,0.0625,4.0,64,0,4096,16384,4864,2112.1,6952.54,2524.59,0.0852
mixed,32,2,0.0625,4.0,64,512,128,512,152,164.543,289.411,164.32,-0.0018
mixed,32,2,0.0625,4.0,64,512,256,1024,304,209.185,501.41,251.713,0.1455
mixed,32,2,0.0625,4.0,64,512,512,2048,608,303.169,896.867,397.409,0.1587
mixed,32,2,0.0625,4.0,64,512,1024,4096,1216,553.12,1732.55,719.809,0.1413
mixed,32,2,0.0625,4.0,64,512,2048,8192,2432,1047.88,3546.41,1325.35,0.1111
mixed,32,2,0.0625,4.0,64,512,4096,16384,4864,2119.72,6977.85,2537.71,0.086
mixed,32,2,0.0625,4.0,64,1024,128,512,152,198.209,320.065,209.6,0.0935
mixed,32,2,0.0625,4.0,64,1024,256,1024,304,242.945,506.305,257.153,0.0539
mixed,32,2,0.0625,4.0,64,1024,512,2048,608,329.856,903.01,419.073,0.1557
mixed,32,2,0.0625,4.0,64,1024,1024,4096,1216,557.122,1733.38,743.299,0.1583
mixed,32,2,0.0625,4.0,64,1024,2048,8192,2432,1048.77,3551.63,1355.23,0.1224
mixed,32,2,0.0625,4.0,64,1024,4096,16384,4864,2109.32,6970.49,2591.08,0.0991
mixed,32,2,0.0625,4.0,64,2048,128,512,152,261.794,385.089,274.626,0.1041
mixed,32,2,0.0625,4.0,64,2048,256,1024,304,305.568,555.136,325.633,0.0804
mixed,32,2,0.0625,4.0,64,2048,512,2048,608,397.375,911.237,428.13,0.0599
mixed,32,2,0.0625,4.0,64,2048,1024,4096,1216,605.186,1734.21,741.571,0.1208
mixed,32,2,0.0625,4.0,64,2048,2048,8192,2432,1052.8,3554.96,1388.68,0.1342
mixed,32,2,0.0625,4.0,64,2048,4096,16384,4864,2091.94,6968.38,2659.24,0.1163
mixed,32,2,0.0625,4.0,64,4096,128,512,152,386.369,511.233,398.754,0.0992
mixed,32,2,0.0625,4.0,64,4096,256,1024,304,430.178,682.306,448,0.0707
mixed,32,2,0.0625,4.0,64,4096,512,2048,608,525.346,1019.24,553.921,0.0579
mixed,32,2,0.0625,4.0,64,4096,1024,4096,1216,726.658,1796.81,747.427,0.0194
mixed,32,2,0.0625,4.0,64,4096,2048,8192,2432,1148.83,3673.52,1392.1,0.0964
mixed,32,2,0.0625,4.0,64,4096,4096,16384,4864,2184.14,7526.46,2778.06,0.1112
mixed,32,2,0.0625,4.0,64,8192,128,512,152,631.458,758.243,644.099,0.0997
mixed,32,2,0.0625,4.0,64,8192,256,1024,304,678.69,929.89,698.051,0.0771
mixed,32,2,0.0625,4.0,64,8192,512,2048,608,772.29,1270.24,798.787,0.0532
mixed,32,2,0.0625,4.0,64,8192,1024,4096,1216,975.811,2021.35,995.971,0.0193
mixed,32,2,0.0625,4.0,64,8192,2048,8192,2432,1396.71,3700.97,1402.09,0.0023
mixed,32,2,0.0625,4.0,64,8192,4096,16384,4864,2324.11,7711.8,2776.52,0.084
mixed,32,2,0.0625,4.0,128,0,128,512,152,144.673,294.243,169.632,0.1669
mixed,32,2,0.0625,4.0,128,0,256,1024,304,198.752,503.106,252.288,0.1759
mixed,32,2,0.0625,4.0,128,0,512,2048,608,307.776,902.337,401.024,0.1568
mixed,32,2,0.0625,4.0,128,0,1024,4096,1216,559.876,1736.68,709.25,0.1269
mixed,32,2,0.0625,4.0,128,0,2048,8192,2432,1053.73,3543.66,1310.24,0.103
mixed,32,2,0.0625,4.0,128,0,4096,16384,4864,2117.64,6990.91,2536.42,0.0859
mixed,32,2,0.0625,4.0,128,512,128,512,152,176.192,296.512,186.529,0.0859
mixed,32,2,0.0625,4.0,128,512,256,1024,304,220.545,497.601,262.977,0.1532
mixed,32,2,0.0625,4.0,128,512,512,2048,608,307.585,898.305,429.059,0.2056
mixed,32,2,0.0625,4.0,128,512,1024,4096,1216,553.283,1728.36,727.041,0.1479
mixed,32,2,0.0625,4.0,128,512,2048,8192,2432,1052.93,3569.84,1358.4,0.1214
mixed,32,2,0.0625,4.0,128,512,4096,16384,4864,2123.56,6979.55,2580.17,0.094
mixed,32,2,0.0625,4.0,128,1024,128,512,152,219.936,332.642,222.112,0.0193
mixed,32,2,0.0625,4.0,128,1024,256,1024,304,264.032,499.327,271.298,0.0309
mixed,32,2,0.0625,4.0,128,1024,512,2048,608,346.336,900.001,429.761,0.1507
mixed,32,2,0.0625,4.0,128,1024,1024,4096,1216,552.388,1717.61,746.881,0.1669
mixed,32,2,0.0625,4.0,128,1024,2048,8192,2432,1051.56,3568.08,1348.26,0.1179
mixed,32,2,0.0625,4.0,128,1024,4096,16384,4864,2099.15,6982.52,2629.99,0.1087
mixed,32,2,0.0625,4.0,128,2048,128,512,152,287.264,428.354,297.026,0.0692
mixed,32,2,0.0625,4.0,128,2048,256,1024,304,338.08,575.169,349.889,0.0498
mixed,32,2,0.0625,4.0,128,2048,512,2048,608,439.521,904.77,441.378,0.004
mixed,32,2,0.0625,4.0,128,2048,1024,4096,1216,616.803,1717.57,750.18,0.1212
mixed,32,2,0.0625,4.0,128,2048,2048,8192,2432,1050.24,3574.03,1400.1,0.1386
mixed,32,2,0.0625,4.0,128,2048,4096,16384,4864,2030.47,7028.86,2671.5,0.1282
mixed,32,2,0.0625,4.0,128,4096,128,512,152,412.195,558.591,422.464,0.0701
mixed,32,2,0.0625,4.0,128,4096,256,1024,304,465.6,749.537,484.482,0.0665
mixed,32,2,0.0625,4.0,128,4096,512,2048,608,571.871,1041.95,601.026,0.062
mixed,32,2,0.0625,4.0,128,4096,1024,4096,1216,802.659,1771.01,788.354,-0.0148
mixed,32,2,0.0625,4.0,128,4096,2048,8192,2432,1172.74,3604.62,1406.6,0.0962
mixed,32,2,0.0625,4.0,128,4096,4096,16384,4864,2109.26,7959.65,2761.61,0.1115
mixed,32,2,0.0625,4.0,128,8192,128,512,152,658.146,803.714,667.587,0.0649
mixed,32,2,0.0625,4.0,128,8192,256,1024,304,713.954,999.362,729.601,0.0548
mixed,32,2,0.0625,4.0,128,8192,512,2048,608,813.665,1395.27,849.731,0.062
mixed,32,2,0.0625,4.0,128,8192,1024,4096,1216,1054.18,1979.24,1076.51,0.0241
mixed,32,2,0.0625,4.0,128,8192,2048,8192,2432,1544.58,3597.29,1502.18,-0.0207
mixed,32,2,0.0625,4.0,128,8192,4096,16384,4864,2268.26,8126.05,2779.14,0.0872
mixed,32,2,0.0625,4.0,256,0,128,512,152,167.105,311.712,190.304,0.1604
mixed,32,2,0.0625,4.0,256,0,256,1024,304,220.992,509.187,270.56,0.172
mixed,32,2,0.0625,4.0,256,0,512,2048,608,320.352,914.787,427.811,0.1808
mixed,32,2,0.0625,4.0,256,0,1024,4096,1216,566.849,1739.08,726.209,0.1359
mixed,32,2,0.0625,4.0,256,0,2048,8192,2432,1065.16,3576.84,1349.19,0.1131
mixed,32,2,0.0625,4.0,256,0,4096,16384,4864,2143.27,6961.11,2567.14,0.088
mixed,32,2,0.0625,4.0,256,512,128,512,152,215.554,344.61,222.304,0.0523
mixed,32,2,0.0625,4.0,256,512,256,1024,304,262.015,536.801,292.031,0.1092
mixed,32,2,0.0625,4.0,256,512,512,2048,608,352.866,920.611,446.37,0.1647
mixed,32,2,0.0625,4.0,256,512,1024,4096,1216,588.418,1731.01,753.666,0.1446
mixed,32,2,0.0625,4.0,256,512,2048,8192,2432,1068.23,3567.76,1380.29,0.1248
mixed,32,2,0.0625,4.0,256,512,4096,16384,4864,2114.5,6982.33,2671.53,0.1144
mixed,32,2,0.0625,4.0,256,1024,128,512,152,263.649,385.95,268.29,0.0379
mixed,32,2,0.0625,4.0,256,1024,256,1024,304,311.201,575.169,318.943,0.0293
mixed,32,2,0.0625,4.0,256,1024,512,2048,608,396.417,947.682,470.114,0.1337
mixed,32,2,0.0625,4.0,256,1024,1024,4096,1216,628.547,1723.62,770.244,0.1294
mixed,32,2,0.0625,4.0,256,1024,2048,8192,2432,1085.89,3590.89,1395.43,0.1236
mixed,32,2,0.0625,4.0,256,1024,4096,16384,4864,2064.58,6986.43,2676.84,0.1244
mixed,32,2,0.0625,4.0,256,2048,128,512,152,354.432,483.298,357.985,0.0276
mixed,32,2,0.0625,4.0,256,2048,256,1024,304,397.347,642.626,410.529,0.0537
mixed,32,2,0.0625,4.0,256,2048,512,2048,608,493.313,1034.69,507.939,0.027
mixed,32,2,0.0625,4.0,256,2048,1024,4096,1216,694.304,1741.06,817.346,0.1175
mixed,32,2,0.0625,4.0,256,2048,2048,8192,2432,1192.16,3629.84,1422.53,0.0945
mixed,32,2,0.0625,4.0,256,2048,4096,16384,4864,2038.15,7280.89,2694.31,0.1252
mixed,32,2,0.0625,4.0,256,4096,128,512,152,504.031,665.409,510.847,0.0422
mixed,32,2,0.0625,4.0,256,4096,256,1024,304,577.218,840.003,586.404,0.035
mixed,32,2,0.0625,4.0,256,4096,512,2048,608,673.73,1179.97,685.635,0.0235
mixed,32,2,0.0625,4.0,256,4096,1024,4096,1216,896.804,1985.92,891.65,-0.0047
mixed,32,2,0.0625,4.0,256,4096,2048,8192,2432,1314.69,3807.79,1526.47,0.0849
mixed,32,2,0.0625,4.0,256,4096,4096,16384,4864,2319.85,9125.12,2789.1,0.069
mixed,32,2,0.0625,4.0,256,8192,128,512,152,756.098,961.411,759.873,0.0184
mixed,32,2,0.0625,4.0,256,8192,256,1024,304,829.666,1187.17,847.682,0.0504
mixed,32,2,0.0625,4.0,256,8192,512,2048,608,975.363,1555.78,1012.13,0.0633
mixed,32,2,0.0625,4.0,256,8192,1024,4096,1216,1247.14,2243.84,1249.32,0.0022
mixed,32,2,0.0625,4.0,256,8192,2048,8192,2432,1721.35,4052.97,1668.23,-0.0228
mixed,32,2,0.0625,4.0,256,8192,4096,16384,4864,2534.44,9074.47,3090.12,0.085
mixed,32,2,0.0625,4.0,512,0,128,512,152,228.416,363.968,239.073,0.0786
mixed,32,2,0.0625,4.0,512,0,256,1024,304,273.985,556.321,318.591,0.158
mixed,32,2,0.0625,4.0,512,0,512,2048,608,375.585,948.611,474.915,0.1733
mixed,32,2,0.0625,4.0,512,0,1024,4096,1216,611.619,1751.46,781.698,0.1492
mixed,32,2,0.0625,4.0,512,0,2048,8192,2432,1094.15,3609.45,1385.32,0.1158
mixed,32,2,0.0625,4.0,512,0,4096,16384,4864,2131.46,7036.83,2682.73,0.1124
mixed,32,2,0.0625,4.0,512,512,128,512,152,298.592,418.944,304.61,0.05
mixed,32,2,0.0625,4.0,512,512,256,1024,304,342.752,595.202,360.834,0.0716
mixed,32,2,0.0625,4.0,512,512,512,2048,608,431.074,988.932,516.065,0.1524
mixed,32,2,0.0625,4.0,512,512,1024,4096,1216,655.138,1776.87,823.107,0.1497
mixed,32,2,0.0625,4.0,512,512,2048,8192,2432,1131.65,3597.55,1421.09,0.1174
mixed,32,2,0.0625,4.0,512,512,4096,16384,4864,2088.16,7047.74,2692.2,0.1218
mixed,32,2,0.0625,4.0,512,1024,128,512,152,363.008,490.786,367.969,0.0388
mixed,32,2,0.0625,4.0,512,1024,256,1024,304,409.73,647.138,419.778,0.0423
mixed,32,2,0.0625,4.0,512,1024,512,2048,608,495.234,1030.69,555.171,0.1119
mixed,32,2,0.0625,4.0,512,1024,1024,4096,1216,690.111,1809.61,868.418,0.1593
mixed,32,2,0.0625,4.0,512,1024,2048,8192,2432,1175.65,3632.46,1471.84,0.1206
mixed,32,2,0.0625,4.0,512,1024,4096,16384,4864,2113.61,7104.31,2712.33,0.12
mixed,32,2,0.0625,4.0,512,2048,128,512,152,489.185,618.914,490.53,0.0104
mixed,32,2,0.0625,4.0,512,2048,256,1024,304,535.68,775.909,551.554,0.0661
mixed,32,2,0.0625,4.0,512,2048,512,2048,608,627.586,1097.7,649.28,0.0461
mixed,32,2,0.0625,4.0,512,2048,1024,4096,1216,827.522,1882.63,937.635,0.1044
mixed,32,2,0.0625,4.0,512,2048,2048,8192,2432,1221.8,3672.84,1555.3,0.1361
mixed,32,2,0.0625,4.0,512,2048,4096,16384,4864,2169.67,7316.5,2773.8,0.1174
mixed,32,2,0.0625,4.0,512,4096,128,512,152,722.467,859.779,728.61,0.0447
mixed,32,2,0.0625,4.0,512,4096,256,1024,304,767.33,1035.23,780.675,0.0498
mixed,32,2,0.0625,4.0,512,4096,512,2048,608,871.523,1344.32,902.274,0.065
mixed,32,2,0.0625,4.0,512,4096,1024,4096,1216,1076.13,1990.18,1095.17,0.0208
mixed,32,2,0.0625,4.0,512,4096,2048,8192,2432,1485.86,4285.04,1696.71,0.0753
mixed,32,2,0.0625,4.0,512,4096,4096,16384,4864,2298.89,10722.4,3046.44,0.0887
mixed,32,2,0.0625,4.0,512,8192,128,512,152,1196.8,1335.11,1208.77,0.0865
mixed,32,2,0.0625,4.0,512,8192,256,1024,304,1240.93,1518.43,1246.57,0.0203
mixed,32,2,0.0625,4.0,512,8192,512,2048,608,1344.61,1883.85,1352.48,0.0146
mixed,32,2,0.0625,4.0,512,8192,1024,4096,1216,1576.04,2496.2,1590.85,0.0161
mixed,32,2,0.0625,4.0,512,8192,2048,8192,2432,1975.82,3982.51,1993.13,0.0086
mixed,32,2,0.0625,4.0,512,8192,4096,16384,4864,2787.91,9815.91,3248.87,0.0656
mixed,32,2,0.0625,4.0,1024,0,128,512,152,382.881,505.092,389.503,0.0542
mixed,32,2,0.0625,4.0,1024,0,256,1024,304,428.384,691.265,442.338,0.0531
mixed,32,2,0.0625,4.0,1024,0,512,2048,608,513.601,1081.86,597.665,0.1479
mixed,32,2,0.0625,4.0,1024,0,1024,4096,1216,741.057,1872.26,909.442,0.1489
mixed,32,2,0.0625,4.0,1024,0,2048,8192,2432,1226.02,3691.5,1520.16,0.1193
mixed,32,2,0.0625,4.0,1024,0,4096,16384,4864,2182.76,7134.39,2771.3,0.1189
mixed,32,2,0.0625,4.0,1024,512,128,512,152,490.144,614.018,494.594,0.0359
mixed,32,2,0.0625,4.0,1024,512,256,1024,304,534.881,776.418,545.121,0.0424
mixed,32,2,0.0625,4.0,1024,512,512,2048,608,621.602,1160.77,680.29,0.1088
mixed,32,2,0.0625,4.0,1024,512,1024,4096,1216,826.754,1950.53,992.066,0.1471
mixed,32,2,0.0625,4.0,1024,512,2048,8192,2432,1314.53,3702.38,1605.73,0.122
mixed,32,2,0.0625,4.0,1024,512,4096,16384,4864,2253.8,7265.44,2838.09,0.1166
mixed,32,2,0.0625,4.0,1024,1024,128,512,152,594.402,719.649,598.339,0.0314
mixed,32,2,0.0625,4.0,1024,1024,256,1024,304,639.587,884.096,650.946,0.0465
mixed,32,2,0.0625,4.0,1024,1024,512,2048,608,725.026,1239.33,757.348,0.0628
mixed,32,2,0.0625,4.0,1024,1024,1024,4096,1216,935.875,2038.34,1071.53,0.123
mixed,32,2,0.0625,4.0,1024,1024,2048,8192,2432,1386.47,3788.72,1682.18,0.1231
mixed,32,2,0.0625,4.0,1024,1024,4096,16384,4864,2332.42,7625.69,2914.8,0.11
mixed,32,2,0.0625,4.0,1024,2048,128,512,152,795.49,925.604,801.06,0.0428
mixed,32,2,0.0625,4.0,1024,2048,256,1024,304,843.076,1096.99,854.049,0.0432
mixed,32,2,0.0625,4.0,1024,2048,512,2048,608,933.189,1424.49,955.618,0.0457
mixed,32,2,0.0625,4.0,1024,2048,1024,4096,1216,1141.03,2181.7,1225.12,0.0808
mixed,32,2,0.0625,4.0,1024,2048,2048,8192,2432,1563.75,4012.14,1842.15,0.1137
mixed,32,2,0.0625,4.0,1024,2048,4096,16384,4864,2497.64,8766.24,3079.11,0.0928
mixed,32,2,0.0625,4.0,1024,4096,128,512,152,1180.61,1329.73,1185.7,0.0341
mixed,32,2,0.0625,4.0,1024,4096,256,1024,304,1236.19,1499.3,1253.09,0.0642
mixed,32,2,0.0625,4.0,1024,4096,512,2048,608,1337.44,1851.21,1362.05,0.0479
mixed,32,2,0.0625,4.0,1024,4096,1024,4096,1216,1549.09,2543.05,1565.8,0.0168
mixed,32,2,0.0625,4.0,1024,4096,2048,8192,2432,1965.41,4634.67,2164.48,0.0746
mixed,32,2,0.0625,4.0,1024,4096,4096,16384,4864,2825.57,12516.6,3368.56,0.056
mixed,32,2,0.0625,4.0,1024,8192,128,512,152,1912.48,2088.49,1924.64,0.0691
mixed,32,2,0.0625,4.0,1024,8192,256,1024,304,1973.32,2303.37,1988.04,0.0446
mixed,32,2,0.0625,4.0,1024,8192,512,2048,608,2105.86,2666.12,2140.23,0.0613
mixed,32,2,0.0625,4.0,1024,8192,1024,4096,1216,2358.67,3359.24,2382.89,0.0242
mixed,32,2,0.0625,4.0,1024,8192,2048,8192,2432,2778.63,4998.17,2798.18,0.0088
mixed,32,2,0.0625,4.0,1024,8192,4096,16384,4864,3595.15,10198.7,4038.32,0.0671
mixed,32,2,0.0625,4.0,2048,0,128,512,152,810.464,940.676,821.41,0.0841
mixed,32,2,0.0625,4.0,2048,0,256,1024,304,857.251,1098.28,868.931,0.0485
mixed,32,2,0.0625,4.0,2048,0,512,2048,608,943.875,1468.55,972.386,0.0543
mixed,32,2,0.0625,4.0,2048,0,1024,4096,1216,1145.7,2250.64,1289.44,0.1301
mixed,32,2,0.0625,4.0,2048,0,2048,8192,2432,1608.81,3963.06,1908.1,0.1271
mixed,32,2,0.0625,4.0,2048,0,4096,16384,4864,2552.46,8480.54,3135.47,0.0983
mixed,32,2,0.0625,4.0,2048,512,128,512,152,1005.95,1123.2,1005.6,-0.003
mixed,32,2,0.0625,4.0,2048,512,256,1024,304,1044.48,1293.38,1052.74,0.0332
mixed,32,2,0.0625,4.0,2048,512,512,2048,608,1129.51,1636.87,1152.93,0.0462
mixed,32,2,0.0625,4.0,2048,512,1024,4096,1216,1338.73,2399.01,1448.23,0.1033
mixed,32,2,0.0625,4.0,2048,512,2048,8192,2432,1786.15,4184.34,2076.13,0.1209
mixed,32,2,0.0625,4.0,2048,512,4096,16384,4864,2704.75,8988,3296.94,0.0942
mixed,32,2,0.0625,4.0,2048,1024,128,512,152,1178.05,1309.09,1182.12,0.031
mixed,32,2,0.0625,4.0,2048,1024,256,1024,304,1227.27,1479.36,1240.29,0.0517
mixed,32,2,0.0625,4.0,2048,1024,512,2048,608,1317.38,1802.79,1342.82,0.0524
mixed,32,2,0.0625,4.0,2048,1024,1024,4096,1216,1520.13,2567.27,1612,0.0877
mixed,32,2,0.0625,4.0,2048,1024,2048,8192,2432,1943.59,4297.24,2235.21,0.1239
mixed,32,2,0.0625,4.0,2048,1024,4096,16384,4864,2858.12,10777.8,3449.96,0.0747
mixed,32,2,0.0625,4.0,2048,2048,128,512,152,1547.17,1666.31,1551.14,0.0333
mixed,32,2,0.0625,4.0,2048,2048,256,1024,304,1588.67,1847.78,1606.28,0.0679
mixed,32,2,0.0625,4.0,2048,2048,512,2048,608,1687.27,2184.9,1708.26,0.0422
mixed,32,2,0.0625,4.0,2048,2048,1024,4096,1216,1901.23,2910.95,1919.82,0.0184
mixed,32,2,0.0625,4.0,2048,2048,2048,8192,2432,2314.54,4537.74,2555.59,0.1084
mixed,32,2,0.0625,4.0,2048,2048,4096,16384,4864,3196.78,13621.9,3807.76,0.0586
mixed,32,2,0.0625,4.0,2048,4096,128,512,152,2269.54,2401.48,2273.74,0.0318
mixed,32,2,0.0625,4.0,2048,4096,256,1024,304,2310.06,2579.5,2318.7,0.0321
mixed,32,2,0.0625,4.0,2048,4096,512,2048,608,2405.89,2921.29,2432.9,0.0524
mixed,32,2,0.0625,4.0,2048,4096,1024,4096,1216,2620.43,3582.41,2641.57,0.022
mixed,32,2,0.0625,4.0,2048,4096,2048,8192,2432,3041.45,5201.71,3172.24,0.0605
mixed,32,2,0.0625,4.0,2048,4096,4096,16384,4864,3827.28,15828.1,4455.18,0.0523
mixed,32,2,0.0625,4.0,2048,8192,128,512,152,3737.2,3842.51,3737.48,0.0027
mixed,32,2,0.0625,4.0,2048,8192,256,1024,304,3773.1,4032.46,3780.81,0.0298
mixed,32,2,0.0625,4.0,2048,8192,512,2048,608,3861.36,4377.46,3877.61,0.0315
mixed,32,2,0.0625,4.0,2048,8192,1024,4096,1216,4082.26,5054.16,4096.59,0.0147
mixed,32,2,0.0625,4.0,2048,8192,2048,8192,2432,4504.91,6443.99,4505.36,0.0002
mixed,32,2,0.0625,4.0,2048,8192,4096,16384,4864,5311.6,9892.9,5703.25,0.0855
pure,32,3,0.0938,4.0,0,0,128,512,164,79.361,190.274,95.264,0.1434
pure,32,3,0.0938,4.0,0,0,256,1024,328,120.095,355.552,129.377,0.0394
pure,32,3,0.0938,4.0,0,0,512,2048,656,242.113,634.977,243.554,0.0037
pure,32,3,0.0938,4.0,0,0,1024,4096,1312,437.056,1169.67,438.69,0.0022
pure,32,3,0.0938,4.0,0,0,2048,8192,2624,779.874,2224.07,782.054,0.0015
pure,32,3,0.0938,4.0,0,0,4096,16384,5248,1462.85,4326.77,1465.06,0.0008
mixed,32,3,0.0938,4.0,16,0,128,512,164,137.696,287.105,161.599,0.16
mixed,32,3,0.0938,4.0,16,0,256,1024,328,192.833,498.947,250.688,0.189
mixed,32,3,0.0938,4.0,16,0,512,2048,656,348.608,885.057,416.161,0.1259
mixed,32,3,0.0938,4.0,16,0,1024,4096,1312,596.612,1720.84,737.6,0.1254
mixed,32,3,0.0938,4.0,16,0,2048,8192,2624,1094.69,3514.92,1379.65,0.1177
mixed,32,3,0.0938,4.0,16,0,4096,16384,5248,2295.69,6934.71,2702.15,0.0876
mixed,32,3,0.0938,4.0,16,512,128,512,164,163.072,287.329,176.577,0.1087
mixed,32,3,0.0938,4.0,16,512,256,1024,328,209.472,498.401,254.337,0.1553
mixed,32,3,0.0938,4.0,16,512,512,2048,656,342.817,884.738,421.952,0.146
mixed,32,3,0.0938,4.0,16,512,1024,4096,1312,596.769,1726.82,736.706,0.1238
mixed,32,3,0.0938,4.0,16,512,2048,8192,2624,1095.52,3529.13,1383.14,0.1182
mixed,32,3,0.0938,4.0,16,512,4096,16384,5248,2287.24,6941.76,2705.22,0.0898
mixed,32,3,0.0938,4.0,16,1024,128,512,164,195.65,315.009,208.065,0.104
mixed,32,3,0.0938,4.0,16,1024,256,1024,328,241.76,500.737,259.489,0.0685
mixed,32,3,0.0938,4.0,16,1024,512,2048,656,363.52,885.728,421.505,0.111
mixed,32,3,0.0938,4.0,16,1024,1024,4096,1312,599.907,1725,740.578,0.125
mixed,32,3,0.0938,4.0,16,1024,2048,8192,2624,1097.31,3534.16,1384.48,0.1178
mixed,32,3,0.0938,4.0,16,1024,4096,16384,5248,2289.06,6961.95,2698.28,0.0876
mixed,32,3,0.0938,4.0,16,2048,128,512,164,259.393,380.066,273.535,0.1172
mixed,32,3,0.0938,4.0,16,2048,256,1024,328,306.528,549.122,323.809,0.0712
mixed,32,3,0.0938,4.0,16,2048,512,2048,656,428.642,892.9,427.65,-0.0021
mixed,32,3,0.0938,4.0,16,2048,1024,4096,1312,639.487,1720.68,746.753,0.0992
mixed,32,3,0.0938,4.0,16,2048,2048,8192,2624,1101.99,3544.65,1390.95,0.1183
mixed,32,3,0.0938,4.0,16,2048,4096,16384,5248,2280.59,6945.15,2693.32,0.0885
mixed,32,3,0.0938,4.0,16,4096,128,512,164,384.513,504.962,396.609,0.1004
mixed,32,3,0.0938,4.0,16,4096,256,1024,328,430.625,675.906,447.936,0.0706
mixed,32,3,0.0938,4.0,16,4096,512,2048,656,553.442,1008.42,555.584,0.0047
mixed,32,3,0.0938,4.0,16,4096,1024,4096,1312,759.457,1788.78,754.691,-0.0046
mixed,32,3,0.0938,4.0,16,4096,2048,8192,2624,1189.64,3658.09,1393,0.0824
mixed,32,3,0.0938,4.0,16,4096,4096,16384,5248,2342.82,7498.3,2747.11,0.0784
mixed,32,3,0.0938,4.0,16,8192,128,512,164,631.426,753.922,643.682,0.1001
mixed,32,3,0.0938,4.0,16,8192,256,1024,328,679.266,924.677,695.393,0.0657
mixed,32,3,0.0938,4.0,16,8192,512,2048,656,801.347,1259.46,799.683,-0.0036
mixed,32,3,0.0938,4.0,16,8192,1024,4096,1312,1008.29,2008.1,1031.46,0.0232
mixed,32,3,0.0938,4.0,16,8192,2048,8192,2624,1440.01,3685.61,1403.11,-0.0164
mixed,32,3,0.0938,4.0,16,8192,4096,16384,5248,2457.8,7656.86,2806.38,0.067
mixed,32,3,0.0938,4.0,32,0,128,512,164,137.088,287.297,161.153,0.1602
mixed,32,3,0.0938,4.0,32,0,256,1024,328,193.503,499.074,249.889,0.1845
mixed,32,3,0.0938,4.0,32,0,512,2048,656,347.584,885.282,418.019,0.131
mixed,32,3,0.0938,4.0,32,0,1024,4096,1312,597.187,1726.03,737.248,0.1241
mixed,32,3,0.0938,4.0,32,0,2048,8192,2624,1095.84,3544.49,1380.96,0.1164
mixed,32,3,0.0938,4.0,32,0,4096,16384,5248,2293.96,6921.11,2698.22,0.0874
mixed,32,3,0.0938,4.0,32,512,128,512,164,163.393,287.809,176.673,0.1067
mixed,32,3,0.0938,4.0,32,512,256,1024,328,209.12,499.169,256,0.1616
mixed,32,3,0.0938,4.0,32,512,512,2048,656,343.425,887.01,422.402,0.1453
mixed,32,3,0.0938,4.0,32,512,1024,4096,1312,598.723,1724.48,738.179,0.1239
mixed,32,3,0.0938,4.0,32,512,2048,8192,2624,1099.97,3533.2,1384.96,0.1171
mixed,32,3,0.0938,4.0,32,512,4096,16384,5248,2295.85,6936.8,2700.94,0.0873
mixed,32,3,0.0938,4.0,32,1024,128,512,164,196.48,315.937,210.88,0.1205
mixed,32,3,0.0938,4.0,32,1024,256,1024,328,242.434,502.337,260.64,0.07
mixed,32,3,0.0938,4.0,32,1024,512,2048,656,363.938,885.956,422.209,0.1116
mixed,32,3,0.0938,4.0,32,1024,1024,4096,1312,599.202,1729.06,740.898,0.1254
mixed,32,3,0.0938,4.0,32,1024,2048,8192,2624,1099.91,3539.57,1384.39,0.1166
mixed,32,3,0.0938,4.0,32,1024,4096,16384,5248,2291.78,6938.36,2700.93,0.0881
mixed,32,3,0.0938,4.0,32,2048,128,512,164,259.071,381.793,272.928,0.1129
mixed,32,3,0.0938,4.0,32,2048,256,1024,328,305.121,550.148,325.665,0.0838
mixed,32,3,0.0938,4.0,32,2048,512,2048,656,430.593,895.683,427.808,-0.006
mixed,32,3,0.0938,4.0,32,2048,1024,4096,1312,639.201,1720.74,746.306,0.099
mixed,32,3,0.0938,4.0,32,2048,2048,8192,2624,1105.19,3567.53,1392.26,0.1166
mixed,32,3,0.0938,4.0,32,2048,4096,16384,5248,2267.11,6942.46,2699.94,0.0926
mixed,32,3,0.0938,4.0,32,4096,128,512,164,383.682,507.169,396.48,0.1036
mixed,32,3,0.0938,4.0,32,4096,256,1024,328,429.344,674.306,449.377,0.0818
mixed,32,3,0.0938,4.0,32,4096,512,2048,656,554.817,1009.63,554.08,-0.0016
mixed,32,3,0.0938,4.0,32,4096,1024,4096,1312,758.531,1793.13,752.866,-0.0055
mixed,32,3,0.0938,4.0,32,4096,2048,8192,2624,1189.95,3650.35,1394.69,0.0832
mixed,32,3,0.0938,4.0,32,4096,4096,16384,5248,2346.89,7481.37,2750.92,0.0787
mixed,32,3,0.0938,4.0,32,8192,128,512,164,631.523,756.066,645.474,0.112
mixed,32,3,0.0938,4.0,32,8192,256,1024,328,680.771,928.354,697.922,0.0693
mixed,32,3,0.0938,4.0,32,8192,512,2048,656,805.122,1262.53,804.193,-0.002
mixed,32,3,0.0938,4.0,32,8192,1024,4096,1312,1012.26,2015.37,1035.27,0.0229
mixed,32,3,0.0938,4.0,32,8192,2048,8192,2624,1444.55,3706.03,1408.84,-0.0158
mixed,32,3,0.0938,4.0,32,8192,4096,16384,5248,2454.6,7704.7,2814.19,0.0685
mixed,32,3,0.0938,4.0,64,0,128,512,164,138.688,289.761,162.112,0.1551
mixed,32,3,0.0938,4.0,64,0,256,1024,328,194.624,505.474,252.257,0.1854
mixed,32,3,0.0938,4.0,64,0,512,2048,656,350.049,902.691,418.656,0.1241
mixed,32,3,0.0938,4.0,64,0,1024,4096,1312,601.602,1734.37,742.371,0.1243
mixed,32,3,0.0938,4.0,64,0,2048,8192,2624,1106.15,3539.37,1390.79,0.117
mixed,32,3,0.0938,4.0,64,0,4096,16384,5248,2294.85,6990.9,2723.3,0.0912
mixed,32,3,0.0938,4.0,64,512,128,512,164,165.889,291.235,178.112,0.0975
mixed,32,3,0.0938,4.0,64,512,256,1024,328,212.192,503.168,258.816,0.1602
mixed,32,3,0.0938,4.0,64,512,512,2048,656,346.144,899.651,426.305,0.1448
mixed,32,3,0.0938,4.0,64,512,1024,4096,1312,599.52,1729.51,742.659,0.1267
mixed,32,3,0.0938,4.0,64,512,2048,8192,2624,1105.51,3556.4,1389.47,0.1159
mixed,32,3,0.0938,4.0,64,512,4096,16384,5248,2308.23,6982.65,2707.94,0.0855
mixed,32,3,0.0938,4.0,64,1024,128,512,164,199.039,319.872,210.88,0.098
mixed,32,3,0.0938,4.0,64,1024,256,1024,328,244.673,504.482,262.37,0.0681
mixed,32,3,0.0938,4.0,64,1024,512,2048,656,368.289,900.675,423.777,0.1042
mixed,32,3,0.0938,4.0,64,1024,1024,4096,1312,599.65,1734.82,745.571,0.1285
mixed,32,3,0.0938,4.0,64,1024,2048,8192,2624,1105.63,3558.29,1394.34,0.1177
mixed,32,3,0.0938,4.0,64,1024,4096,16384,5248,2309.16,6996.09,2708.71,0.0852
mixed,32,3,0.0938,4.0,64,2048,128,512,164,260.705,386.72,276.451,0.125
mixed,32,3,0.0938,4.0,64,2048,256,1024,328,308.96,553.762,326.722,0.0726
mixed,32,3,0.0938,4.0,64,2048,512,2048,656,435.266,909.827,431.873,-0.0071
mixed,32,3,0.0938,4.0,64,2048,1024,4096,1312,642.24,1735.11,749.475,0.0981
mixed,32,3,0.0938,4.0,64,2048,2048,8192,2624,1108.29,3560.55,1398.98,0.1185
mixed,32,3,0.0938,4.0,64,2048,4096,16384,5248,2279.27,6982.52,2707.08,0.091
mixed,32,3,0.0938,4.0,64,4096,128,512,164,387.36,509.984,400.833,0.1099
mixed,32,3,0.0938,4.0,64,4096,256,1024,328,432.93,680.577,451.807,0.0762
mixed,32,3,0.0938,4.0,64,4096,512,2048,656,561.826,1021.44,558.403,-0.0074
mixed,32,3,0.0938,4.0,64,4096,1024,4096,1312,764.609,1808.13,756.258,-0.008
mixed,32,3,0.0938,4.0,64,4096,2048,8192,2624,1196.48,3664.46,1403.62,0.0839
mixed,32,3,0.0938,4.0,64,4096,4096,16384,5248,2364.91,7550.68,2762.12,0.0766
mixed,32,3,0.0938,4.0,64,8192,128,512,164,636.963,756.548,646.435,0.0792
mixed,32,3,0.0938,4.0,64,8192,256,1024,328,680.963,930.69,699.842,0.0756
mixed,32,3,0.0938,4.0,64,8192,512,2048,656,809.41,1270.98,803.811,-0.0121
mixed,32,3,0.0938,4.0,64,8192,1024,4096,1312,1016.61,2019.68,1037.8,0.0211
mixed,32,3,0.0938,4.0,64,8192,2048,8192,2624,1446.6,3698.96,1413.03,-0.0149
mixed,32,3,0.0938,4.0,64,8192,4096,16384,5248,2470.79,7665.6,2819.53,0.0671
mixed,32,3,0.0938,4.0,128,0,128,512,164,145.633,293.536,176.321,0.2075
mixed,32,3,0.0938,4.0,128,0,256,1024,328,201.28,504.993,259.553,0.1919
mixed,32,3,0.0938,4.0,128,0,512,2048,656,351.936,900.195,426.657,0.1363
mixed,32,3,0.0938,4.0,128,0,1024,4096,1312,603.554,1733.89,743.458,0.1238
mixed,32,3,0.0938,4.0,128,0,2048,8192,2624,1110.28,3562.03,1395.43,0.1163
mixed,32,3,0.0938,4.0,128,0,4096,16384,5248,2313,6958.11,2717.35,0.087
mixed,32,3,0.0938,4.0,128,512,128,512,164,178.305,295.969,189.345,0.0938
mixed,32,3,0.0938,4.0,128,512,256,1024,328,222.563,497.346,268.512,0.1672
mixed,32,3,0.0938,4.0,128,512,512,2048,656,350.755,900.069,434.752,0.1529
mixed,32,3,0.0938,4.0,128,512,1024,4096,1312,599.235,1730.57,746.818,0.1305
mixed,32,3,0.0938,4.0,128,512,2048,8192,2624,1108.93,3550.32,1397.15,0.1181
mixed,32,3,0.0938,4.0,128,512,4096,16384,5248,2315.37,6977.88,2707.02,0.084
mixed,32,3,0.0938,4.0,128,1024,128,512,164,219.649,331.969,224.961,0.0473
mixed,32,3,0.0938,4.0,128,1024,256,1024,328,264.226,497.761,276.544,0.0527
mixed,32,3,0.0938,4.0,128,1024,512,2048,656,381.12,895.171,435.009,0.1048
mixed,32,3,0.0938,4.0,128,1024,1024,4096,1312,595.619,1714.73,751.01,0.1389
mixed,32,3,0.0938,4.0,128,1024,2048,8192,2624,1105.22,3551.15,1396.55,0.1191
mixed,32,3,0.0938,4.0,128,1024,4096,16384,5248,2293.7,6978.81,2701.48,0.087
mixed,32,3,0.0938,4.0,128,2048,128,512,164,288.738,427.171,300.352,0.0839
mixed,32,3,0.0938,4.0,128,2048,256,1024,328,339.778,575.553,357.538,0.0753
mixed,32,3,0.0938,4.0,128,2048,512,2048,656,469.088,899.554,450.979,-0.0421
mixed,32,3,0.0938,4.0,128,2048,1024,4096,1312,649.217,1707.68,776.034,0.1198
mixed,32,3,0.0938,4.0,128,2048,2048,8192,2624,1108.67,3572.72,1404.77,0.1202
mixed,32,3,0.0938,4.0,128,2048,4096,16384,5248,2221.89,7016.73,2702.76,0.1003
mixed,32,3,0.0938,4.0,128,4096,128,512,164,413.569,556.354,426.88,0.0932
mixed,32,3,0.0938,4.0,128,4096,256,1024,328,466.113,748.258,488.545,0.0795
mixed,32,3,0.0938,4.0,128,4096,512,2048,656,608.738,1039.27,607.875,-0.002
mixed,32,3,0.0938,4.0,128,4096,1024,4096,1312,841.667,1766.57,818.851,-0.0247
mixed,32,3,0.0938,4.0,128,4096,2048,8192,2624,1215.49,3596.94,1494.56,0.1172
mixed,32,3,0.0938,4.0,128,4096,4096,16384,5248,2280.14,7934.91,2819.08,0.0953
mixed,32,3,0.0938,4.0,128,8192,128,512,164,661.827,804.067,673.088,0.0792
mixed,32,3,0.0938,4.0,128,8192,256,1024,328,712.098,999.396,733.281,0.0737
mixed,32,3,0.0938,4.0,128,8192,512,2048,656,856.032,1396.42,860.771,0.0088
mixed,32,3,0.0938,4.0,128,8192,1024,4096,1312,1099.91,1985.16,1102.18,0.0026
mixed,32,3,0.0938,4.0,128,8192,2048,8192,2624,1604.45,3584.14,1532.61,-0.0363
mixed,32,3,0.0938,4.0,128,8192,4096,16384,5248,2404.61,8057.5,3143.59,0.1307
mixed,32,3,0.0938,4.0,256,0,128,512,164,169.824,315.01,195.615,0.1776
mixed,32,3,0.0938,4.0,256,0,256,1024,328,226.179,510.432,279.584,0.1879
mixed,32,3,0.0938,4.0,256,0,512,2048,656,365.983,919.203,441.856,0.1371
mixed,32,3,0.0938,4.0,256,0,1024,4096,1312,614.851,1746.09,758.499,0.127
mixed,32,3,0.0938,4.0,256,0,2048,8192,2624,1123.59,3565.04,1410.05,0.1173
mixed,32,3,0.0938,4.0,256,0,4096,16384,5248,2323.2,6980.12,2727.95,0.0869
mixed,32,3,0.0938,4.0,256,512,128,512,164,216.865,343.679,225.857,0.0709
mixed,32,3,0.0938,4.0,256,512,256,1024,328,263.554,537.346,300.129,0.1336
mixed,32,3,0.0938,4.0,256,512,512,2048,656,401.761,921.056,456.067,0.1046
mixed,32,3,0.0938,4.0,256,512,1024,4096,1312,631.363,1729.57,776.255,0.1319
mixed,32,3,0.0938,4.0,256,512,2048,8192,2624,1125.03,3579.82,1417.54,0.1192
mixed,32,3,0.0938,4.0,256,512,4096,16384,5248,2332.07,6989.98,2715.88,0.0824
mixed,32,3,0.0938,4.0,256,1024,128,512,164,263.49,386.819,272.162,0.0703
mixed,32,3,0.0938,4.0,256,1024,256,1024,328,310.977,577.57,326.113,0.0568
mixed,32,3,0.0938,4.0,256,1024,512,2048,656,436.163,943.426,484.641,0.0956
mixed,32,3,0.0938,4.0,256,1024,1024,4096,1312,675.105,1722.63,796.994,0.1164
mixed,32,3,0.0938,4.0,256,1024,2048,8192,2624,1135.81,3591.02,1432.58,0.1209
mixed,32,3,0.0938,4.0,256,1024,4096,16384,5248,2285.7,6996.99,2718.06,0.0918
mixed,32,3,0.0938,4.0,256,2048,128,512,164,355.648,487.234,362.114,0.0491
mixed,32,3,0.0938,4.0,256,2048,256,1024,328,404.386,645.635,420.418,0.0665
mixed,32,3,0.0938,4.0,256,2048,512,2048,656,526.274,1035.75,519.81,-0.0127
mixed,32,3,0.0938,4.0,256,2048,1024,4096,1312,739.49,1747.01,835.554,0.0953
mixed,32,3,0.0938,4.0,256,2048,2048,8192,2624,1235.49,3598.47,1507.11,0.1149
mixed,32,3,0.0938,4.0,256,2048,4096,16384,5248,2202.25,7215.46,2735.24,0.1063
mixed,32,3,0.0938,4.0,256,4096,128,512,164,505.251,665.984,519.521,0.0888
mixed,32,3,0.0938,4.0,256,4096,256,1024,328,574.273,840.61,598.081,0.0894
mixed,32,3,0.0938,4.0,256,4096,512,2048,656,702.468,1178.92,703.459,0.0021
mixed,32,3,0.0938,4.0,256,4096,1024,4096,1312,938.401,1985.22,917.858,-0.0196
mixed,32,3,0.0938,4.0,256,4096,2048,8192,2624,1370.47,3848.2,1554.31,0.0742
mixed,32,3,0.0938,4.0,256,4096,4096,16384,5248,2488.36,9137.86,3192.33,0.1059
mixed,32,3,0.0938,4.0,256,8192,128,512,164,754.276,961.86,768.002,0.0661
mixed,32,3,0.0938,4.0,256,8192,256,1024,328,831.808,1185.47,865.473,0.0952
mixed,32,3,0.0938,4.0,256,8192,512,2048,656,1037.35,1558.15,1041.67,0.0083
mixed,32,3,0.0938,4.0,256,8192,1024,4096,1312,1293.76,2245.42,1273.47,-0.0213
mixed,32,3,0.0938,4.0,256,8192,2048,8192,2624,1780.55,4038.1,1703.04,-0.0343
mixed,32,3,0.0938,4.0,256,8192,4096,16384,5248,2684.84,9414.5,3133.16,0.0666
mixed,32,3,0.0938,4.0,512,0,128,512,164,231.969,367.616,245.568,0.1003
mixed,32,3,0.0938,4.0,512,0,256,1024,328,276.834,558.434,328.896,0.1849
mixed,32,3,0.0938,4.0,512,0,512,2048,656,418.721,947.714,490.978,0.1366
mixed,32,3,0.0938,4.0,512,0,1024,4096,1312,658.404,1750.4,807.648,0.1367
mixed,32,3,0.0938,4.0,512,0,2048,8192,2624,1148.87,3606.28,1441.03,0.1189
mixed,32,3,0.0938,4.0,512,0,4096,16384,5248,2343.69,7033.66,2737.45,0.084
mixed,32,3,0.0938,4.0,512,512,128,512,164,299.457,420.833,307.873,0.0693
mixed,32,3,0.0938,4.0,512,512,256,1024,328,348,598.72,368.8,0.083
mixed,32,3,0.0938,4.0,512,512,512,2048,656,461.023,986.756,532.769,0.1365
mixed,32,3,0.0938,4.0,512,512,1024,4096,1312,698.465,1774.69,849.538,0.1404
mixed,32,3,0.0938,4.0,512,512,2048,8192,2624,1184.74,3615.37,1479.05,0.1211
mixed,32,3,0.0938,4.0,512,512,4096,16384,5248,2293,7037.15,2760.4,0.0985
mixed,32,3,0.0938,4.0,512,1024,128,512,164,361.824,489.635,374.08,0.0959
mixed,32,3,0.0938,4.0,512,1024,256,1024,328,412.514,645.249,430.436,0.077
mixed,32,3,0.0938,4.0,512,1024,512,2048,656,532.48,1031.04,569.729,0.0747
mixed,32,3,0.0938,4.0,512,1024,1024,4096,1312,730.178,1810.02,892.387,0.1502
mixed,32,3,0.0938,4.0,512,1024,2048,8192,2624,1227.65,3630.41,1517.8,0.1208
mixed,32,3,0.0938,4.0,512,1024,4096,16384,5248,2272.81,7078.1,2800.01,0.1097
mixed,32,3,0.0938,4.0,512,2048,128,512,164,489.378,617.536,498.083,0.0679
mixed,32,3,0.0938,4.0,512,2048,256,1024,328,540.001,774.882,555.745,0.067
mixed,32,3,0.0938,4.0,512,2048,512,2048,656,664.866,1089.63,656.897,-0.0188
mixed,32,3,0.0938,4.0,512,2048,1024,4096,1312,865.09,1878.76,965.283,0.0988
mixed,32,3,0.0938,4.0,512,2048,2048,8192,2624,1283.36,3678.73,1591.27,0.1285
mixed,32,3,0.0938,4.0,512,2048,4096,16384,5248,2327.88,7322.17,2876.39,0.1098
mixed,32,3,0.0938,4.0,512,4096,128,512,164,719.107,863.235,724.322,0.0362
mixed,32,3,0.0938,4.0,512,4096,256,1024,328,765.154,1037.41,787.104,0.0806
mixed,32,3,0.0938,4.0,512,4096,512,2048,656,914.083,1336.96,914.018,-0.0002
mixed,32,3,0.0938,4.0,512,4096,1024,4096,1312,1117.77,1990.44,1125.03,0.0083
mixed,32,3,0.0938,4.0,512,4096,2048,8192,2624,1523.49,4273.17,1774.85,0.0914
mixed,32,3,0.0938,4.0,512,4096,4096,16384,5248,2469.38,10658.4,3044.39,0.0702
mixed,32,3,0.0938,4.0,512,8192,128,512,164,1205.67,1323.91,1203.49,-0.0184
mixed,32,3,0.0938,4.0,512,8192,256,1024,328,1245.38,1519.04,1256.77,0.0416
mixed,32,3,0.0938,4.0,512,8192,512,2048,656,1381.92,1883.24,1379.11,-0.0056
mixed,32,3,0.0938,4.0,512,8192,1024,4096,1312,1622.21,2494.37,1623.71,0.0017
mixed,32,3,0.0938,4.0,512,8192,2048,8192,2624,2016.65,3980.37,2060.84,0.0225
mixed,32,3,0.0938,4.0,512,8192,4096,16384,5248,2891.31,9868.42,3438.44,0.0784
mixed,32,3,0.0938,4.0,1024,0,128,512,164,384.16,508.386,393.025,0.0714
mixed,32,3,0.0938,4.0,1024,0,256,1024,328,429.311,688.963,452.162,0.088
mixed,32,3,0.0938,4.0,1024,0,512,2048,656,547.842,1081.03,614.531,0.1251
mixed,32,3,0.0938,4.0,1024,0,1024,4096,1312,788.291,1872.71,935.841,0.1361
mixed,32,3,0.0938,4.0,1024,0,2048,8192,2624,1281.54,3692.68,1572,0.1205
mixed,32,3,0.0938,4.0,1024,0,4096,16384,5248,2350.15,7150.17,2861,0.1064
mixed,32,3,0.0938,4.0,1024,512,128,512,164,491.36,611.713,499.234,0.0654
mixed,32,3,0.0938,4.0,1024,512,256,1024,328,536.386,778.466,554.594,0.0752
mixed,32,3,0.0938,4.0,1024,512,512,2048,656,657.347,1166.08,695.843,0.0757
mixed,32,3,0.0938,4.0,1024,512,1024,4096,1312,872.323,1953.86,1020.74,0.1372
mixed,32,3,0.0938,4.0,1024,512,2048,8192,2624,1364,3712.08,1655.84,0.1243
mixed,32,3,0.0938,4.0,1024,512,4096,16384,5248,2406.86,7296.57,2942.15,0.1095
mixed,32,3,0.0938,4.0,1024,1024,128,512,164,595.65,717.762,603.203,0.0619
mixed,32,3,0.0938,4.0,1024,1024,256,1024,328,645.187,884.385,660.002,0.0619
mixed,32,3,0.0938,4.0,1024,1024,512,2048,656,766.72,1243.85,778.338,0.0244
mixed,32,3,0.0938,4.0,1024,1024,1024,4096,1312,968.897,2031.56,1098.85,0.1223
mixed,32,3,0.0938,4.0,1024,1024,2048,8192,2624,1448.35,3783.62,1743.21,0.1263
mixed,32,3,0.0938,4.0,1024,1024,4096,16384,5248,2482.21,7640.51,3023.72,0.105
mixed,32,3,0.0938,4.0,1024,2048,128,512,164,800.003,925.667,808.61,0.0685
mixed,32,3,0.0938,4.0,1024,2048,256,1024,328,849.058,1094.37,859.971,0.0445
mixed,32,3,0.0938,4.0,1024,2048,512,2048,656,977.123,1431.14,970.883,-0.0137
mixed,32,3,0.0938,4.0,1024,2048,1024,4096,1312,1177.6,2184.17,1256.83,0.0787
mixed,32,3,0.0938,4.0,1024,2048,2048,8192,2624,1621.64,4050.13,1899.37,0.1144
mixed,32,3,0.0938,4.0,1024,2048,4096,16384,5248,2657.9,8875.97,3180.33,0.084
mixed,32,3,0.0938,4.0,1024,4096,128,512,164,1178.66,1331.84,1195.17,0.1078
mixed,32,3,0.0938,4.0,1024,4096,256,1024,328,1240.45,1502.41,1261.92,0.082
mixed,32,3,0.0938,4.0,1024,4096,512,2048,656,1377.25,1850.37,1377.41,0.0003
mixed,32,3,0.0938,4.0,1024,4096,1024,4096,1312,1592.84,2546.44,1597.6,0.005
mixed,32,3,0.0938,4.0,1024,4096,2048,8192,2624,2012.84,4675.22,2222.38,0.0787
mixed,32,3,0.0938,4.0,1024,4096,4096,16384,5248,2942.95,12315.4,3544.23,0.0642
mixed,32,3,0.0938,4.0,1024,8192,128,512,164,1913.63,2093.35,1924.2,0.0588
mixed,32,3,0.0938,4.0,1024,8192,256,1024,328,1976.87,2309.03,2004.64,0.0836
mixed,32,3,0.0938,4.0,1024,8192,512,2048,656,2159.43,2663.5,2162.91,0.0069
mixed,32,3,0.0938,4.0,1024,8192,1024,4096,1312,2401.74,3356.62,2407.37,0.0059
mixed,32,3,0.0938,4.0,1024,8192,2048,8192,2624,2820.94,4991.29,2845,0.0111
mixed,32,3,0.0938,4.0,1024,8192,4096,16384,5248,3699.62,10243,4116.65,0.0637
mixed,32,3,0.0938,4.0,2048,0,128,512,164,810.531,939.266,823.042,0.0972
mixed,32,3,0.0938,4.0,2048,0,256,1024,328,861.185,1101.63,874.497,0.0554
mixed,32,3,0.0938,4.0,2048,0,512,2048,656,980.642,1466.59,990.5,0.0203
mixed,32,3,0.0938,4.0,2048,0,1024,4096,1312,1183.39,2250.86,1320.55,0.1285
mixed,32,3,0.0938,4.0,2048,0,2048,8192,2624,1659.72,3952.69,1963.21,0.1324
mixed,32,3,0.0938,4.0,2048,0,4096,16384,5248,2704.74,8521.83,3241.9,0.0923
mixed,32,3,0.0938,4.0,2048,512,128,512,164,997.6,1122.53,1007.3,0.0776
mixed,32,3,0.0938,4.0,2048,512,256,1024,328,1043.78,1293.09,1060.13,0.0656
mixed,32,3,0.0938,4.0,2048,512,512,2048,656,1161.57,1639.75,1169.06,0.0157
mixed,32,3,0.0938,4.0,2048,512,1024,4096,1312,1377.73,2407.14,1478.69,0.0981
mixed,32,3,0.0938,4.0,2048,512,2048,8192,2624,1833.73,4175.82,2135.05,0.1287
mixed,32,3,0.0938,4.0,2048,512,4096,16384,5248,2861.23,8931.56,3410.44,0.0905
mixed,32,3,0.0938,4.0,2048,1024,128,512,164,1178.95,1309.57,1188.07,0.0698
mixed,32,3,0.0938,4.0,2048,1024,256,1024,328,1226.85,1477.92,1245.8,0.0755
mixed,32,3,0.0938,4.0,2048,1024,512,2048,656,1358.98,1805.51,1351.97,-0.0157
mixed,32,3,0.0938,4.0,2048,1024,1024,4096,1312,1566.24,2566.95,1643.62,0.0773
mixed,32,3,0.0938,4.0,2048,1024,2048,8192,2624,2000.29,4293.01,2294.47,0.1283
mixed,32,3,0.0938,4.0,2048,1024,4096,16384,5248,3015.28,11047.7,3567.56,0.0688
mixed,32,3,0.0938,4.0,2048,2048,128,512,164,1548.68,1678.44,1558.28,0.074
mixed,32,3,0.0938,4.0,2048,2048,256,1024,328,1591.59,1846.12,1613.38,0.0856
mixed,32,3,0.0938,4.0,2048,2048,512,2048,656,1723.62,2189.86,1717.96,-0.0121
mixed,32,3,0.0938,4.0,2048,2048,1024,4096,1312,1933.44,2913.1,1955.43,0.0224
mixed,32,3,0.0938,4.0,2048,2048,2048,8192,2624,2353.51,4538.45,2624.36,0.124
mixed,32,3,0.0938,4.0,2048,2048,4096,16384,5248,3340.07,13702.5,3921,0.0561
mixed,32,3,0.0938,4.0,2048,4096,128,512,164,2266.57,2399.02,2277.03,0.079
mixed,32,3,0.0938,4.0,2048,4096,256,1024,328,2311.11,2578.89,2332.3,0.0791
mixed,32,3,0.0938,4.0,2048,4096,512,2048,656,2453,2924.49,2453.54,0.0011
mixed,32,3,0.0938,4.0,2048,4096,1024,4096,1312,2665.45,3579.21,2669.51,0.0044
mixed,32,3,0.0938,4.0,2048,4096,2048,8192,2624,3089.42,5211.09,3245.48,0.0736
mixed,32,3,0.0938,4.0,2048,4096,4096,16384,5248,3977.26,15867.5,4562,0.0492
mixed,32,3,0.0938,4.0,2048,8192,128,512,164,3735.85,3845.89,3735.69,-0.0015
mixed,32,3,0.0938,4.0,2048,8192,256,1024,328,3775.28,4033.9,3794.99,0.0762
mixed,32,3,0.0938,4.0,2048,8192,512,2048,656,3894.73,4383.88,3891.5,-0.0066
mixed,32,3,0.0938,4.0,2048,8192,1024,4096,1312,4131.31,5054.84,4127.24,-0.0044
mixed,32,3,0.0938,4.0,2048,8192,2048,8192,2624,4562.36,6441.78,4571.98,0.0051
mixed,32,3,0.0938,4.0,2048,8192,4096,16384,5248,5447.19,9892.94,5842.96,0.089
pure,32,4,0.125,4.0,0,0,128,512,176,82.563,190.434,99.137,0.1536
pure,32,4,0.125,4.0,0,0,256,1024,352,124.738,355.458,137.025,0.0533
pure,32,4,0.125,4.0,0,0,512,2048,704,259.36,635.201,260.096,0.002
pure,32,4,0.125,4.0,0,0,1024,4096,1408,463.043,1169.06,462.593,-0.0006
pure,32,4,0.125,4.0,0,0,2048,8192,2816,837.026,2227.5,831.33,-0.0041
pure,32,4,0.125,4.0,0,0,4096,16384,5632,1569.63,4326.06,1561.15,-0.0031
mixed,32,4,0.125,4.0,16,0,128,512,176,138.817,287.104,167.584,0.194
mixed,32,4,0.125,4.0,16,0,256,1024,352,196.577,499.457,257.184,0.2001
mixed,32,4,0.125,4.0,16,0,512,2048,704,350.817,885.794,424.512,0.1378
mixed,32,4,0.125,4.0,16,0,1024,4096,1408,638.625,1721.73,747.107,0.1002
mixed,32,4,0.125,4.0,16,0,2048,8192,2816,1189.86,3532.27,1393.7,0.087
mixed,32,4,0.125,4.0,16,0,4096,16384,5632,2457.99,6968.28,2768.3,0.0688
mixed,32,4,0.125,4.0,16,512,128,512,176,164.193,287.457,179.104,0.121
mixed,32,4,0.125,4.0,16,512,256,1024,352,211.422,498.913,261.729,0.175
mixed,32,4,0.125,4.0,16,512,512,2048,704,346.559,884.675,429.824,0.1547
mixed,32,4,0.125,4.0,16,512,1024,4096,1408,638.017,1722.82,749.699,0.103
mixed,32,4,0.125,4.0,16,512,2048,8192,2816,1189.35,3534.47,1396.61,0.0884
mixed,32,4,0.125,4.0,16,512,4096,16384,5632,2471.14,6945.78,2766.38,0.066
mixed,32,4,0.125,4.0,16,1024,128,512,176,197.058,315.968,212.098,0.1265
mixed,32,4,0.125,4.0,16,1024,256,1024,352,244.193,502.08,263.872,0.0763
mixed,32,4,0.125,4.0,16,1024,512,2048,704,367.649,884.995,429.985,0.1205
mixed,32,4,0.125,4.0,16,1024,1024,4096,1408,638.465,1731.62,752.996,0.1048
mixed,32,4,0.125,4.0,16,1024,2048,8192,2816,1190.63,3534.25,1400.93,0.0897
mixed,32,4,0.125,4.0,16,1024,4096,16384,5632,2458.57,6926.65,2756.87,0.0668
mixed,32,4,0.125,4.0,16,2048,128,512,176,259.872,379.009,275.328,0.1297
mixed,32,4,0.125,4.0,16,2048,256,1024,352,308.735,548.514,330.562,0.091
mixed,32,4,0.125,4.0,16,2048,512,2048,704,431.811,892.837,434.753,0.0064
mixed,32,4,0.125,4.0,16,2048,1024,4096,1408,672.225,1721.45,776.227,0.0991
mixed,32,4,0.125,4.0,16,2048,2048,8192,2816,1192.48,3547.05,1403.43,0.0896
mixed,32,4,0.125,4.0,16,2048,4096,16384,5632,2443.3,6966.68,2771.97,0.0727
mixed,32,4,0.125,4.0,16,4096,128,512,176,385.601,505.666,399.649,0.117
mixed,32,4,0.125,4.0,16,4096,256,1024,352,432.576,674.145,462.819,0.1252
mixed,32,4,0.125,4.0,16,4096,512,2048,704,562.112,1009.48,578.594,0.0368
mixed,32,4,0.125,4.0,16,4096,1024,4096,1408,793.762,1798.56,796.258,0.0025
mixed,32,4,0.125,4.0,16,4096,2048,8192,2816,1270.5,3652.59,1490.18,0.0922
mixed,32,4,0.125,4.0,16,4096,4096,16384,5632,2517.38,7513.15,3074.67,0.1116
mixed,32,4,0.125,4.0,16,8192,128,512,176,632.195,752.225,644.897,0.1058
mixed,32,4,0.125,4.0,16,8192,256,1024,352,680.129,923.747,712.065,0.1311
mixed,32,4,0.125,4.0,16,8192,512,2048,704,806.754,1259.75,829.217,0.0496
mixed,32,4,0.125,4.0,16,8192,1024,4096,1408,1047.52,2003.94,1066.12,0.0194
mixed,32,4,0.125,4.0,16,8192,2048,8192,2816,1514.15,3681.13,1501.54,-0.0058
mixed,32,4,0.125,4.0,16,8192,4096,16384,5632,2613.48,7632.48,3302.42,0.1373
mixed,32,4,0.125,4.0,32,0,128,512,176,139.584,287.135,168.64,0.1969
mixed,32,4,0.125,4.0,32,0,256,1024,352,195.489,499.65,256.387,0.2002
mixed,32,4,0.125,4.0,32,0,512,2048,704,351.616,886.72,425.409,0.1379
mixed,32,4,0.125,4.0,32,0,1024,4096,1408,640.386,1724.23,748.386,0.0996
mixed,32,4,0.125,4.0,32,0,2048,8192,2816,1188.23,3529.16,1394.76,0.0882
mixed,32,4,0.125,4.0,32,0,4096,16384,5632,2459.05,6934.71,2769.2,0.0693
mixed,32,4,0.125,4.0,32,512,128,512,176,164.001,287.905,179.584,0.1258
mixed,32,4,0.125,4.0,32,512,256,1024,352,212.225,497.73,261.185,0.1715
mixed,32,4,0.125,4.0,32,512,512,2048,704,346.785,886.018,428,0.1506
mixed,32,4,0.125,4.0,32,512,1024,4096,1408,640.963,1723.88,752.001,0.1025
mixed,32,4,0.125,4.0,32,512,2048,8192,2816,1188.26,3547.05,1396.42,0.0882
mixed,32,4,0.125,4.0,32,512,4096,16384,5632,2463.66,6936.79,2765.9,0.0676
mixed,32,4,0.125,4.0,32,1024,128,512,176,197.856,316.64,211.136,0.1118
mixed,32,4,0.125,4.0,32,1024,256,1024,352,243.905,501.154,263.968,0.078
mixed,32,4,0.125,4.0,32,1024,512,2048,704,367.937,886.529,428.897,0.1175
mixed,32,4,0.125,4.0,32,1024,1024,4096,1408,638.944,1729.7,752.802,0.1044
mixed,32,4,0.125,4.0,32,1024,2048,8192,2816,1192.58,3559.59,1401.7,0.0883
mixed,32,4,0.125,4.0,32,1024,4096,16384,5632,2467.3,6951.77,2764.17,0.0662
mixed,32,4,0.125,4.0,32,2048,128,512,176,260.418,380.672,275.521,0.1256
mixed,32,4,0.125,4.0,32,2048,256,1024,352,309.664,550.178,329.314,0.0817
mixed,32,4,0.125,4.0,32,2048,512,2048,704,431.616,898.115,434.145,0.0054
mixed,32,4,0.125,4.0,32,2048,1024,4096,1408,672.29,1726.05,777.697,0.1
mixed,32,4,0.125,4.0,32,2048,2048,8192,2816,1192.39,3563.7,1403.21,0.0889
mixed,32,4,0.125,4.0,32,2048,4096,16384,5632,2452.1,6984.57,2767.59,0.0696
mixed,32,4,0.125,4.0,32,4096,128,512,176,383.682,506.082,399.583,0.1299
mixed,32,4,0.125,4.0,32,4096,256,1024,352,432.291,677.282,463.298,0.1266
mixed,32,4,0.125,4.0,32,4096,512,2048,704,561.855,1010.27,575.139,0.0296
mixed,32,4,0.125,4.0,32,4096,1024,4096,1408,795.78,1788.42,793.057,-0.0027
mixed,32,4,0.125,4.0,32,4096,2048,8192,2816,1270.6,3662.09,1489.96,0.0917
mixed,32,4,0.125,4.0,32,4096,4096,16384,5632,2520.58,7497.08,3095.08,0.1154
mixed,32,4,0.125,4.0,32,8192,128,512,176,631.266,751.619,644.961,0.1138
mixed,32,4,0.125,4.0,32,8192,256,1024,352,680.097,923.555,708.065,0.1149
mixed,32,4,0.125,4.0,32,8192,512,2048,704,805.315,1258.66,831.234,0.0572
mixed,32,4,0.125,4.0,32,8192,1024,4096,1408,1045.28,2001.51,1067.43,0.0232
mixed,32,4,0.125,4.0,32,8192,2048,8192,2816,1516.9,3679.79,1504.36,-0.0058
mixed,32,4,0.125,4.0,32,8192,4096,16384,5632,2622.92,7657.85,3358.61,0.1461
mixed,32,4,0.125,4.0,64,0,128,512,176,138.367,288.736,168.992,0.2037
mixed,32,4,0.125,4.0,64,0,256,1024,352,196,505.155,256.672,0.1963
mixed,32,4,0.125,4.0,64,0,512,2048,704,349.953,898.531,425.633,0.138
mixed,32,4,0.125,4.0,64,0,1024,4096,1408,639.458,1732.01,748.995,0.1003
mixed,32,4,0.125,4.0,64,0,2048,8192,2816,1191.68,3533.58,1400.87,0.0893
mixed,32,4,0.125,4.0,64,0,4096,16384,5632,2457.16,6938.26,2773.32,0.0706
mixed,32,4,0.125,4.0,64,512,128,512,176,165.632,289.407,180.768,0.1223
mixed,32,4,0.125,4.0,64,512,256,1024,352,213.76,499.906,261.408,0.1665
mixed,32,4,0.125,4.0,64,512,512,2048,704,349.408,898.947,430.05,0.1467
mixed,32,4,0.125,4.0,64,512,1024,4096,1408,638.72,1729.29,749.985,0.102
mixed,32,4,0.125,4.0,64,512,2048,8192,2816,1193.06,3533.13,1400.07,0.0885
mixed,32,4,0.125,4.0,64,512,4096,16384,5632,2464.87,6943.83,2774.66,0.0692
mixed,32,4,0.125,4.0,64,1024,128,512,176,197.952,318.241,213.023,0.1253
mixed,32,4,0.125,4.0,64,1024,256,1024,352,245.983,503.713,265.472,0.0756
mixed,32,4,0.125,4.0,64,1024,512,2048,704,370.401,898.113,430.945,0.1147
mixed,32,4,0.125,4.0,64,1024,1024,4096,1408,640.194,1727.27,752.611,0.1034
mixed,32,4,0.125,4.0,64,1024,2048,8192,2816,1192.77,3550.7,1404.13,0.0896
mixed,32,4,0.125,4.0,64,1024,4096,16384,5632,2472.65,6938.81,2774.57,0.0676
mixed,32,4,0.125,4.0,64,2048,128,512,176,263.041,385.216,278.274,0.1247
mixed,32,4,0.125,4.0,64,2048,256,1024,352,312.993,553.185,332.865,0.0827
mixed,32,4,0.125,4.0,64,2048,512,2048,704,438.05,909.474,439.33,0.0027
mixed,32,4,0.125,4.0,64,2048,1024,4096,1408,676.802,1733.38,784.835,0.1022
mixed,32,4,0.125,4.0,64,2048,2048,8192,2816,1200.9,3550.13,1416.52,0.0918
mixed,32,4,0.125,4.0,64,2048,4096,16384,5632,2459.94,6970.88,2784.84,0.072
mixed,32,4,0.125,4.0,64,4096,128,512,176,388.192,512.034,401.471,0.1072
mixed,32,4,0.125,4.0,64,4096,256,1024,352,434.881,680.227,465.186,0.1235
mixed,32,4,0.125,4.0,64,4096,512,2048,704,568.641,1021.51,576.802,0.018
mixed,32,4,0.125,4.0,64,4096,1024,4096,1408,800.834,1807.62,799.683,-0.0011
mixed,32,4,0.125,4.0,64,4096,2048,8192,2816,1279.14,3647.18,1498.5,0.0926
mixed,32,4,0.125,4.0,64,4096,4096,16384,5632,2528.04,7523.45,3107.91,0.1161
mixed,32,4,0.125,4.0,64,8192,128,512,176,635.458,756.58,649.185,0.1133
mixed,32,4,0.125,4.0,64,8192,256,1024,352,685.027,931.747,712.452,0.1112
mixed,32,4,0.125,4.0,64,8192,512,2048,704,812.385,1272.48,835.265,0.0497
mixed,32,4,0.125,4.0,64,8192,1024,4096,1408,1056.71,2017.45,1071.49,0.0154
mixed,32,4,0.125,4.0,64,8192,2048,8192,2816,1523.65,3692.18,1515.56,-0.0037
mixed,32,4,0.125,4.0,64,8192,4096,16384,5632,2639.56,7644.31,3333.13,0.1386
mixed,32,4,0.125,4.0,128,0,128,512,176,146.496,294.272,180.96,0.2332
mixed,32,4,0.125,4.0,128,0,256,1024,352,202.945,503.777,265.281,0.2072
mixed,32,4,0.125,4.0,128,0,512,2048,704,355.073,900.739,436.834,0.1498
mixed,32,4,0.125,4.0,128,0,1024,4096,1408,644.483,1735.72,759.65,0.1055
mixed,32,4,0.125,4.0,128,0,2048,8192,2816,1202.85,3548.75,1411.78,0.0891
mixed,32,4,0.125,4.0,128,0,4096,16384,5632,2470.57,6944.51,2781.71,0.0695
mixed,32,4,0.125,4.0,128,512,128,512,176,178.082,296.738,191.808,0.1157
mixed,32,4,0.125,4.0,128,512,256,1024,352,223.2,497.921,275.617,0.1908
mixed,32,4,0.125,4.0,128,512,512,2048,704,358.849,899.139,439.682,0.1496
mixed,32,4,0.125,4.0,128,512,1024,4096,1408,638.849,1732.49,781.475,0.1304
mixed,32,4,0.125,4.0,128,512,2048,8192,2816,1202.63,3546.25,1420.23,0.0928
mixed,32,4,0.125,4.0,128,512,4096,16384,5632,2486.34,6986.01,2782.57,0.0658
mixed,32,4,0.125,4.0,128,1024,128,512,176,221.602,331.905,228.13,0.0592
mixed,32,4,0.125,4.0,128,1024,256,1024,352,265.889,497.923,287.808,0.0945
mixed,32,4,0.125,4.0,128,1024,512,2048,704,385.601,897.316,450.689,0.1272
mixed,32,4,0.125,4.0,128,1024,1024,4096,1408,637.122,1717.51,787.008,0.1387
mixed,32,4,0.125,4.0,128,1024,2048,8192,2816,1199.24,3560.46,1454.88,0.1083
mixed,32,4,0.125,4.0,128,1024,4096,16384,5632,2480.87,6972.95,2777.67,0.0661
mixed,32,4,0.125,4.0,128,2048,128,512,176,290.337,427.84,303.936,0.0989
mixed,32,4,0.125,4.0,128,2048,256,1024,352,341.728,574.529,358.945,0.074
mixed,32,4,0.125,4.0,128,2048,512,2048,704,474.913,900.546,478.21,0.0077
mixed,32,4,0.125,4.0,128,2048,1024,4096,1408,684.288,1710.47,815.586,0.1279
mixed,32,4,0.125,4.0,128,2048,2048,8192,2816,1199.49,3568.33,1500.84,0.1272
mixed,32,4,0.125,4.0,128,2048,4096,16384,5632,2417.48,6997.37,2815.66,0.0869
mixed,32,4,0.125,4.0,128,4096,128,512,176,415.456,558.499,433.25,0.1244
mixed,32,4,0.125,4.0,128,4096,256,1024,352,470.114,749.536,501.537,0.1125
mixed,32,4,0.125,4.0,128,4096,512,2048,704,614.017,1042.18,622.689,0.0203
mixed,32,4,0.125,4.0,128,4096,1024,4096,1408,862.755,1770.63,847.106,-0.0172
mixed,32,4,0.125,4.0,128,4096,2048,8192,2816,1289.93,3592.24,1532.99,0.1056
mixed,32,4,0.125,4.0,128,4096,4096,16384,5632,2443.59,7953.15,3202.73,0.1378
mixed,32,4,0.125,4.0,128,8192,128,512,176,668.291,809.857,680.545,0.0866
mixed,32,4,0.125,4.0,128,8192,256,1024,352,717.059,1004.83,748.482,0.1092
mixed,32,4,0.125,4.0,128,8192,512,2048,704,861.73,1401.57,890.626,0.0535
mixed,32,4,0.125,4.0,128,8192,1024,4096,1408,1148,1990.09,1144.32,-0.0044
mixed,32,4,0.125,4.0,128,8192,2048,8192,2816,1658.53,3595.4,1562.95,-0.0493
mixed,32,4,0.125,4.0,128,8192,4096,16384,5632,2565.38,8064.18,3285.9,0.131
mixed,32,4,0.125,4.0,256,0,128,512,176,170.977,315.359,198.975,0.1939
mixed,32,4,0.125,4.0,256,0,256,1024,352,226.976,511.554,287.233,0.2117
mixed,32,4,0.125,4.0,256,0,512,2048,704,370.496,915.139,452.29,0.1502
mixed,32,4,0.125,4.0,256,0,1024,4096,1408,656.322,1738.63,784.61,0.1185
mixed,32,4,0.125,4.0,256,0,2048,8192,2816,1216.04,3562.92,1430.4,0.0913
mixed,32,4,0.125,4.0,256,0,4096,16384,5632,2494.5,6992.12,2785,0.0646
mixed,32,4,0.125,4.0,256,512,128,512,176,218.305,344.128,230.241,0.0949
mixed,32,4,0.125,4.0,256,512,256,1024,352,263.295,537.6,308.256,0.1639
mixed,32,4,0.125,4.0,256,512,512,2048,704,404.576,920.417,479.616,0.1455
mixed,32,4,0.125,4.0,256,512,1024,4096,1408,672.769,1728.36,807.072,0.1272
mixed,32,4,0.125,4.0,256,512,2048,8192,2816,1218.08,3574.41,1471.49,0.1075
mixed,32,4,0.125,4.0,256,512,4096,16384,5632,2502.63,7004.18,2803.4,0.0668
mixed,32,4,0.125,4.0,256,1024,128,512,176,264.866,383.971,275.969,0.0932
mixed,32,4,0.125,4.0,256,1024,256,1024,352,310.913,574.401,334.207,0.0884
mixed,32,4,0.125,4.0,256,1024,512,2048,704,437.666,943.331,494.05,0.1115
mixed,32,4,0.125,4.0,256,1024,1024,4096,1408,717.889,1725,834.913,0.1162
mixed,32,4,0.125,4.0,256,1024,2048,8192,2816,1223.75,3591.63,1506.06,0.1192
mixed,32,4,0.125,4.0,256,1024,4096,16384,5632,2484.97,6988.63,2821.67,0.0748
mixed,32,4,0.125,4.0,256,2048,128,512,176,355.33,484.099,366.304,0.0852
mixed,32,4,0.125,4.0,256,2048,256,1024,352,402.56,645.504,424.194,0.089
mixed,32,4,0.125,4.0,256,2048,512,2048,704,527.586,1033.6,544.257,0.0329
mixed,32,4,0.125,4.0,256,2048,1024,4096,1408,775.009,1740.48,862.821,0.091
mixed,32,4,0.125,4.0,256,2048,2048,8192,2816,1319.94,3609.2,1551.07,0.101
mixed,32,4,0.125,4.0,256,2048,4096,16384,5632,2406.63,7239.38,2899.5,0.102
mixed,32,4,0.125,4.0,256,4096,128,512,176,504,663.52,522.338,0.115
mixed,32,4,0.125,4.0,256,4096,256,1024,352,571.712,838.114,599.683,0.105
mixed,32,4,0.125,4.0,256,4096,512,2048,704,698.466,1173.64,716.612,0.0382
mixed,32,4,0.125,4.0,256,4096,1024,4096,1408,950.498,1983.3,952.994,0.0024
mixed,32,4,0.125,4.0,256,4096,2048,8192,2816,1445.16,3852.36,1644.8,0.0829
mixed,32,4,0.125,4.0,256,4096,4096,16384,5632,2631.3,9171.17,3280.68,0.0993
mixed,32,4,0.125,4.0,256,8192,128,512,176,751.715,959.365,772.162,0.0985
mixed,32,4,0.125,4.0,256,8192,256,1024,352,833.025,1185.6,876.225,0.1225
mixed,32,4,0.125,4.0,256,8192,512,2048,704,1044.1,1556.2,1062.43,0.0358
mixed,32,4,0.125,4.0,256,8192,1024,4096,1408,1291.78,2235.33,1305.92,0.015
mixed,32,4,0.125,4.0,256,8192,2048,8192,2816,1809.64,4043.66,1790.24,-0.0087
mixed,32,4,0.125,4.0,256,8192,4096,16384,5632,2785.03,9111.87,3295.82,0.0807
mixed,32,4,0.125,4.0,512,0,128,512,176,230.144,364.097,248.705,0.1386
mixed,32,4,0.125,4.0,512,0,256,1024,352,275.809,555.969,334.946,0.2111
mixed,32,4,0.125,4.0,512,0,512,2048,704,419.008,944.065,501.057,0.1563
mixed,32,4,0.125,4.0,512,0,1024,4096,1408,698.787,1746.34,829.635,0.1249
mixed,32,4,0.125,4.0,512,0,2048,8192,2816,1238.76,3601.93,1487.2,0.1051
mixed,32,4,0.125,4.0,512,0,4096,16384,5632,2523.21,7028.53,2832.49,0.0686
mixed,32,4,0.125,4.0,512,512,128,512,176,302.338,421.154,312.768,0.0878
mixed,32,4,0.125,4.0,512,512,256,1024,352,344.707,595.588,374.528,0.1189
mixed,32,4,0.125,4.0,512,512,512,2048,704,462.464,983.33,544.672,0.1578
mixed,32,4,0.125,4.0,512,512,1024,4096,1408,747.651,1771.84,874.753,0.1241
mixed,32,4,0.125,4.0,512,512,2048,8192,2816,1271.84,3606.09,1534.82,0.1127
mixed,32,4,0.125,4.0,512,512,4096,16384,5632,2501.73,7064.66,2853.6,0.0771
mixed,32,4,0.125,4.0,512,1024,128,512,176,363.553,485.571,375.041,0.0942
mixed,32,4,0.125,4.0,512,1024,256,1024,352,413.121,642.05,435.074,0.0959
mixed,32,4,0.125,4.0,512,1024,512,2048,704,532.225,1026.88,581.604,0.0998
mixed,32,4,0.125,4.0,512,1024,1024,4096,1408,771.776,1804.8,913.953,0.1376
mixed,32,4,0.125,4.0,512,1024,2048,8192,2816,1309.7,3618.19,1577.86,0.1162
mixed,32,4,0.125,4.0,512,1024,4096,16384,5632,2455.02,7055.93,2925.8,0.1023
mixed,32,4,0.125,4.0,512,2048,128,512,176,485.407,615.171,501.314,0.1226
mixed,32,4,0.125,4.0,512,2048,256,1024,352,532.772,772.003,564.288,0.1317
mixed,32,4,0.125,4.0,512,2048,512,2048,704,663.618,1090.18,677.602,0.0328
mixed,32,4,0.125,4.0,512,2048,1024,4096,1408,899.171,1875.97,993.537,0.0966
mixed,32,4,0.125,4.0,512,2048,2048,8192,2816,1382.31,3671.69,1657.25,0.1201
mixed,32,4,0.125,4.0,512,2048,4096,16384,5632,2485.93,7316.25,2991.24,0.1046
mixed,32,4,0.125,4.0,512,4096,128,512,176,716.386,860.194,726.943,0.0734
mixed,32,4,0.125,4.0,512,4096,256,1024,352,776.132,1030.76,796.034,0.0782
mixed,32,4,0.125,4.0,512,4096,512,2048,704,910.115,1340.81,922.915,0.0297
mixed,32,4,0.125,4.0,512,4096,1024,4096,1408,1163.81,1988.81,1156.07,-0.0094
mixed,32,4,0.125,4.0,512,4096,2048,8192,2816,1600.26,4262.13,1820.33,0.0827
mixed,32,4,0.125,4.0,512,4096,4096,16384,5632,2627.82,10790.5,3218.76,0.0724
mixed,32,4,0.125,4.0,512,8192,128,512,176,1205.51,1320.93,1208.99,0.0302
mixed,32,4,0.125,4.0,512,8192,256,1024,352,1240.48,1515.84,1270.24,0.1081
mixed,32,4,0.125,4.0,512,8192,512,2048,704,1376.83,1885.35,1397.03,0.0397
mixed,32,4,0.125,4.0,512,8192,1024,4096,1408,1650.66,2500.42,1663.97,0.0157
mixed,32,4,0.125,4.0,512,8192,2048,8192,2816,2115.69,3978.29,2114.95,-0.0004
mixed,32,4,0.125,4.0,512,8192,4096,16384,5632,3018.54,9910.72,3565.32,0.0793
mixed,32,4,0.125,4.0,1024,0,128,512,176,384.675,504.898,396.001,0.0942
mixed,32,4,0.125,4.0,1024,0,256,1024,352,430.976,688.546,461.475,0.1184
mixed,32,4,0.125,4.0,1024,0,512,2048,704,550.658,1079.78,631.265,0.1523
mixed,32,4,0.125,4.0,1024,0,1024,4096,1408,834.691,1872.52,965.603,0.1261
mixed,32,4,0.125,4.0,1024,0,2048,8192,2816,1371.36,3699.15,1627.69,0.1101
mixed,32,4,0.125,4.0,1024,0,4096,16384,5632,2542.79,7143.77,2986.5,0.0964
mixed,32,4,0.125,4.0,1024,512,128,512,176,491.586,613.985,502.882,0.0923
mixed,32,4,0.125,4.0,1024,512,256,1024,352,538.273,775.425,561.473,0.0978
mixed,32,4,0.125,4.0,1024,512,512,2048,704,660.163,1160.48,710.946,0.1015
mixed,32,4,0.125,4.0,1024,512,1024,4096,1408,916.42,1950.31,1047.07,0.1264
mixed,32,4,0.125,4.0,1024,512,2048,8192,2816,1456.04,3709.29,1710.82,0.1131
mixed,32,4,0.125,4.0,1024,512,4096,16384,5632,2561.26,7289.98,3049.58,0.1033
mixed,32,4,0.125,4.0,1024,1024,128,512,176,594.815,719.523,606.75,0.0957
mixed,32,4,0.125,4.0,1024,1024,256,1024,352,643.169,883.68,668.932,0.1071
mixed,32,4,0.125,4.0,1024,1024,512,2048,704,765.954,1239.91,788.544,0.0477
mixed,32,4,0.125,4.0,1024,1024,1024,4096,1408,1007.01,2030.41,1129.76,0.1199
mixed,32,4,0.125,4.0,1024,1024,2048,8192,2816,1536.26,3780.08,1797.77,0.1165
mixed,32,4,0.125,4.0,1024,1024,4096,16384,5632,2634.79,7666.31,3133.74,0.0992
mixed,32,4,0.125,4.0,1024,2048,128,512,176,794.465,922.369,811.427,0.1326
mixed,32,4,0.125,4.0,1024,2048,256,1024,352,847.842,1095.52,870.851,0.0929
mixed,32,4,0.125,4.0,1024,2048,512,2048,704,973.445,1424.45,990.019,0.0367
mixed,32,4,0.125,4.0,1024,2048,1024,4096,1408,1220.29,2183.2,1287.52,0.0698
mixed,32,4,0.125,4.0,1024,2048,2048,8192,2816,1699.52,4021.52,1963.81,0.1138
mixed,32,4,0.125,4.0,1024,2048,4096,16384,5632,2807.05,8818.01,3286.86,0.0798
mixed,32,4,0.125,4.0,1024,4096,128,512,176,1187.65,1325.6,1197.06,0.0682
mixed,32,4,0.125,4.0,1024,4096,256,1024,352,1240.45,1503.08,1270.09,0.1128
mixed,32,4,0.125,4.0,1024,4096,512,2048,704,1377.19,1844.74,1394.43,0.0369
mixed,32,4,0.125,4.0,1024,4096,1024,4096,1408,1631.33,2544.87,1624.87,-0.0071
mixed,32,4,0.125,4.0,1024,4096,2048,8192,2816,2084.1,4731.53,2273.26,0.0714
mixed,32,4,0.125,4.0,1024,4096,4096,16384,5632,3074.34,12222.4,3617.42,0.0594
mixed,32,4,0.125,4.0,1024,8192,128,512,176,1913.19,2090.69,1932.33,0.1078
mixed,32,4,0.125,4.0,1024,8192,256,1024,352,1976.93,2307.75,2014.21,0.1127
mixed,32,4,0.125,4.0,1024,8192,512,2048,704,2162.66,2661.71,2186.85,0.0485
mixed,32,4,0.125,4.0,1024,8192,1024,4096,1408,2441.13,3354.99,2437.51,-0.004
mixed,32,4,0.125,4.0,1024,8192,2048,8192,2816,2902.25,4984.88,2909.87,0.0037
mixed,32,4,0.125,4.0,1024,8192,4096,16384,5632,3814.86,10296.7,4313.87,0.077
mixed,32,4,0.125,4.0,2048,0,128,512,176,813.09,936.067,824.836,0.0955
mixed,32,4,0.125,4.0,2048,0,256,1024,352,860.195,1099.68,883.331,0.0966
mixed,32,4,0.125,4.0,2048,0,512,2048,704,986.306,1464.29,1005.7,0.0406
mixed,32,4,0.125,4.0,2048,0,1024,4096,1408,1224.77,2250.92,1348.8,0.1209
mixed,32,4,0.125,4.0,2048,0,2048,8192,2816,1752.55,3950.51,2028.65,0.1256
mixed,32,4,0.125,4.0,2048,0,4096,16384,5632,2861.29,8508.32,3347.72,0.0861
mixed,32,4,0.125,4.0,2048,512,128,512,176,997.317,1122.18,1013.38,0.1286
mixed,32,4,0.125,4.0,2048,512,256,1024,352,1044.96,1295.08,1070.34,0.1015
mixed,32,4,0.125,4.0,2048,512,512,2048,704,1172.19,1639.02,1187.71,0.0332
mixed,32,4,0.125,4.0,2048,512,1024,4096,1408,1418.6,2403.69,1514.37,0.0972
mixed,32,4,0.125,4.0,2048,512,2048,8192,2816,1926.91,4191.79,2198.22,0.1198
mixed,32,4,0.125,4.0,2048,512,4096,16384,5632,3016.62,8962.84,3514.92,0.0838
mixed,32,4,0.125,4.0,2048,1024,128,512,176,1183.46,1306.57,1194.66,0.091
mixed,32,4,0.125,4.0,2048,1024,256,1024,352,1229.83,1473.12,1255.14,0.104
mixed,32,4,0.125,4.0,2048,1024,512,2048,704,1359.88,1803.56,1373.35,0.0304
mixed,32,4,0.125,4.0,2048,1024,1024,4096,1408,1605.83,2572.01,1677.09,0.0738
mixed,32,4,0.125,4.0,2048,1024,2048,8192,2816,2091.78,4290.19,2357.58,0.1209
mixed,32,4,0.125,4.0,2048,1024,4096,16384,5632,3169.99,10614.9,3678.99,0.0684
mixed,32,4,0.125,4.0,2048,2048,128,512,176,1550.76,1677.16,1566.47,0.1243
mixed,32,4,0.125,4.0,2048,2048,256,1024,352,1592.07,1846.92,1627.24,0.138
mixed,32,4,0.125,4.0,2048,2048,512,2048,704,1726.76,2187.72,1734.34,0.0164
mixed,32,4,0.125,4.0,2048,2048,1024,4096,1408,1979.46,2911.85,1990.47,0.0118
mixed,32,4,0.125,4.0,2048,2048,2048,8192,2816,2429.25,4542.54,2694.22,0.1254
mixed,32,4,0.125,4.0,2048,2048,4096,16384,5632,3475.08,13547.7,4026.51,0.0547
mixed,32,4,0.125,4.0,2048,4096,128,512,176,2266.15,2400.26,2279.46,0.0992
mixed,32,4,0.125,4.0,2048,4096,256,1024,352,2311.24,2579.65,2340.77,0.11
mixed,32,4,0.125,4.0,2048,4096,512,2048,704,2458.41,2919.91,2465.09,0.0145
mixed,32,4,0.125,4.0,2048,4096,1024,4096,1408,2705.67,3581.8,2700.01,-0.0065
mixed,32,4,0.125,4.0,2048,4096,2048,8192,2816,3169.8,5207.57,3307.46,0.0676
mixed,32,4,0.125,4.0,2048,4096,4096,16384,5632,4137.23,14939.3,4684.94,0.0507
mixed,32,4,0.125,4.0,2048,8192,128,512,176,3735.05,3854.86,3750.28,0.1271
mixed,32,4,0.125,4.0,2048,8192,256,1024,352,3781.03,4032.78,3803.69,0.09
mixed,32,4,0.125,4.0,2048,8192,512,2048,704,3896.65,4380.05,3908.3,0.0241
mixed,32,4,0.125,4.0,2048,8192,1024,4096,1408,4170.89,5061.23,4173.45,0.0029
mixed,32,4,0.125,4.0,2048,8192,2048,8192,2816,4639.82,6447.32,4632.68,-0.004
mixed,32,4,0.125,4.0,2048,8192,4096,16384,5632,5580.66,9886.57,5951.89,0.0862
pure,32,8,0.25,4.0,0,0,128,512,224,92.254,189.791,108.896,0.1706
pure,32,8,0.25,4.0,0,0,256,1024,448,164.672,354.978,166.848,0.0114
pure,32,8,0.25,4.0,0,0,512,2048,896,317.377,636.065,317.699,0.001
pure,32,8,0.25,4.0,0,0,1024,4096,1792,566.595,1167.84,561.249,-0.0089
pure,32,8,0.25,4.0,0,0,2048,8192,3584,1032.96,2222.6,1028.55,-0.0037
pure,32,8,0.25,4.0,0,0,4096,16384,7168,1964.58,4324.24,1957.48,-0.003
mixed,32,8,0.25,4.0,16,0,128,512,224,142.432,287.617,183.776,0.2848
mixed,32,8,0.25,4.0,16,0,256,1024,448,242.049,499.811,283.936,0.1625
mixed,32,8,0.25,4.0,16,0,512,2048,896,444.162,884.451,480.481,0.0825
mixed,32,8,0.25,4.0,16,0,1024,4096,1792,782.756,1720.01,870.243,0.0933
mixed,32,8,0.25,4.0,16,0,2048,8192,3584,1499.91,3525.64,1643.3,0.0708
mixed,32,8,0.25,4.0,16,0,4096,16384,7168,3091.43,6954.07,3710.25,0.1602
mixed,32,8,0.25,4.0,16,512,128,512,224,168.352,287.843,188.225,0.1663
mixed,32,8,0.25,4.0,16,512,256,1024,448,250.337,498.881,290.784,0.1627
mixed,32,8,0.25,4.0,16,512,512,2048,896,444.192,885.955,482.72,0.0872
mixed,32,8,0.25,4.0,16,512,1024,4096,1792,783.459,1717.7,875.65,0.0987
mixed,32,8,0.25,4.0,16,512,2048,8192,3584,1495.49,3528.75,1641.86,0.072
mixed,32,8,0.25,4.0,16,512,4096,16384,7168,3103.75,6929.78,3738.8,0.166
mixed,32,8,0.25,4.0,16,1024,128,512,224,201.057,317.026,221.44,0.1758
mixed,32,8,0.25,4.0,16,1024,256,1024,448,281.473,500.483,296.321,0.0678
mixed,32,8,0.25,4.0,16,1024,512,2048,896,452.387,886.98,485.152,0.0754
mixed,32,8,0.25,4.0,16,1024,1024,4096,1792,781.763,1734.37,879.523,0.1026
mixed,32,8,0.25,4.0,16,1024,2048,8192,3584,1498.34,3535.31,1646.05,0.0725
mixed,32,8,0.25,4.0,16,1024,4096,16384,7168,3107.15,6933.15,3712.95,0.1583
mixed,32,8,0.25,4.0,16,2048,128,512,224,265.313,379.586,295.393,0.2632
mixed,32,8,0.25,4.0,16,2048,256,1024,448,345.504,549.025,365.698,0.0992
mixed,32,8,0.25,4.0,16,2048,512,2048,896,508.032,892.835,498.593,-0.0245
mixed,32,8,0.25,4.0,16,2048,1024,4096,1792,800.897,1719.85,893.187,0.1004
mixed,32,8,0.25,4.0,16,2048,2048,8192,3584,1501.89,3541.52,1655.81,0.0755
mixed,32,8,0.25,4.0,16,2048,4096,16384,7168,3109.32,6972.92,3555.47,0.1155
mixed,32,8,0.25,4.0,16,4096,128,512,224,388.641,506.305,418.561,0.2543
mixed,32,8,0.25,4.0,16,4096,256,1024,448,469.826,676.034,495.49,0.1245
mixed,32,8,0.25,4.0,16,4096,512,2048,896,635.905,1008.39,640.768,0.0131
mixed,32,8,0.25,4.0,16,4096,1024,4096,1792,923.682,1784.65,919.939,-0.0043
mixed,32,8,0.25,4.0,16,4096,2048,8192,3584,1551.78,3664.49,1671.94,0.0569
mixed,32,8,0.25,4.0,16,4096,4096,16384,7168,3182.82,7516.41,3833.84,0.1502
mixed,32,8,0.25,4.0,16,8192,128,512,224,637.345,752.61,665.95,0.2482
mixed,32,8,0.25,4.0,16,8192,256,1024,448,716.608,927.747,741.057,0.1158
mixed,32,8,0.25,4.0,16,8192,512,2048,896,884.097,1259.2,890.368,0.0167
mixed,32,8,0.25,4.0,16,8192,1024,4096,1792,1168.87,2005.67,1179.39,0.0126
mixed,32,8,0.25,4.0,16,8192,2048,8192,3584,1793.48,3688.91,1751.49,-0.0221
mixed,32,8,0.25,4.0,16,8192,4096,16384,7168,3279.27,7645.37,3875.05,0.1365
mixed,32,8,0.25,4.0,32,0,128,512,224,143.199,287.104,184.322,0.2858
mixed,32,8,0.25,4.0,32,0,256,1024,448,242.627,498.114,284.352,0.1633
mixed,32,8,0.25,4.0,32,0,512,2048,896,444.833,886.243,478.239,0.0757
mixed,32,8,0.25,4.0,32,0,1024,4096,1792,783.843,1724.58,868.067,0.0895
mixed,32,8,0.25,4.0,32,0,2048,8192,3584,1500.9,3524.3,1641.12,0.0693
mixed,32,8,0.25,4.0,32,0,4096,16384,7168,3098.83,6926.81,3713.13,0.1605
mixed,32,8,0.25,4.0,32,512,128,512,224,169.696,288.353,188.224,0.1561
mixed,32,8,0.25,4.0,32,512,256,1024,448,249.92,499.873,290.88,0.1639
mixed,32,8,0.25,4.0,32,512,512,2048,896,444.962,885.921,482.914,0.0861
mixed,32,8,0.25,4.0,32,512,1024,4096,1792,782.307,1718.92,874.37,0.0983
mixed,32,8,0.25,4.0,32,512,2048,8192,3584,1497,3530.89,1643.81,0.0722
mixed,32,8,0.25,4.0,32,512,4096,16384,7168,3111.15,6949.56,3764.81,0.1703
mixed,32,8,0.25,4.0,32,1024,128,512,224,201.568,316.353,223.169,0.1882
mixed,32,8,0.25,4.0,32,1024,256,1024,448,282.21,501.855,296.162,0.0635
mixed,32,8,0.25,4.0,32,1024,512,2048,896,452.738,886.081,486.466,0.0778
mixed,32,8,0.25,4.0,32,1024,1024,4096,1792,780.898,1726.72,884.578,0.1096
mixed,32,8,0.25,4.0,32,1024,2048,8192,3584,1499.11,3529.23,1646.63,0.0727
mixed,32,8,0.25,4.0,32,1024,4096,16384,7168,3107.62,6954.36,3712.65,0.1573
mixed,32,8,0.25,4.0,32,2048,128,512,224,265.152,380.607,296.321,0.27
mixed,32,8,0.25,4.0,32,2048,256,1024,448,345.313,551.587,366.688,0.1036
mixed,32,8,0.25,4.0,32,2048,512,2048,896,510.561,894.306,502.53,-0.0209
mixed,32,8,0.25,4.0,32,2048,1024,4096,1792,801.922,1722.56,892.93,0.0989
mixed,32,8,0.25,4.0,32,2048,2048,8192,3584,1501.12,3559.4,1659.85,0.0771
mixed,32,8,0.25,4.0,32,2048,4096,16384,7168,3105.83,6966.88,3576.01,0.1218
mixed,32,8,0.25,4.0,32,4096,128,512,224,389.696,506.56,418.944,0.2503
mixed,32,8,0.25,4.0,32,4096,256,1024,448,471.876,675.936,495.587,0.1162
mixed,32,8,0.25,4.0,32,4096,512,2048,896,639.426,1010.85,641.504,0.0056
mixed,32,8,0.25,4.0,32,4096,1024,4096,1792,924.193,1785.76,921.282,-0.0034
mixed,32,8,0.25,4.0,32,4096,2048,8192,3584,1555.98,3652.75,1675.24,0.0569
mixed,32,8,0.25,4.0,32,4096,4096,16384,7168,3180.94,7478.23,3857.1,0.1573
mixed,32,8,0.25,4.0,32,8192,128,512,224,635.297,753.603,664.676,0.2483
mixed,32,8,0.25,4.0,32,8192,256,1024,448,715.329,926.593,739.907,0.1163
mixed,32,8,0.25,4.0,32,8192,512,2048,896,883.395,1256.87,891.395,0.0214
mixed,32,8,0.25,4.0,32,8192,1024,4096,1792,1172.48,2011.49,1184.04,0.0138
mixed,32,8,0.25,4.0,32,8192,2048,8192,3584,1796.96,3681.07,1758.21,-0.0206
mixed,32,8,0.25,4.0,32,8192,4096,16384,7168,3271.01,7644.38,3912.81,0.1468
mixed,32,8,0.25,4.0,64,0,128,512,224,143.617,289.088,184.19,0.2789
mixed,32,8,0.25,4.0,64,0,256,1024,448,244.001,503.137,285.442,0.1599
mixed,32,8,0.25,4.0,64,0,512,2048,896,447.617,898.688,480.962,0.0739
mixed,32,8,0.25,4.0,64,0,1024,4096,1792,792.705,1732.71,872.964,0.0854
mixed,32,8,0.25,4.0,64,0,2048,8192,3584,1503.59,3534.76,1645.67,0.0699
mixed,32,8,0.25,4.0,64,0,4096,16384,7168,3112.24,6937.15,3705.1,0.155
mixed,32,8,0.25,4.0,64,512,128,512,224,169.697,290.561,188.736,0.1575
mixed,32,8,0.25,4.0,64,512,256,1024,448,252.383,502.625,290.657,0.1529
mixed,32,8,0.25,4.0,64,512,512,2048,896,446.369,898.019,484.195,0.0838
mixed,32,8,0.25,4.0,64,512,1024,4096,1792,791.552,1732.48,875.363,0.0891
mixed,32,8,0.25,4.0,64,512,2048,8192,3584,1499.97,3544.75,1647.97,0.0724
mixed,32,8,0.25,4.0,64,512,4096,16384,7168,3113.77,6953.37,3740.2,0.1632
mixed,32,8,0.25,4.0,64,1024,128,512,224,203.105,318.945,223.299,0.1743
mixed,32,8,0.25,4.0,64,1024,256,1024,448,283.617,502.946,297.343,0.0626
mixed,32,8,0.25,4.0,64,1024,512,2048,896,455.168,897.411,488.32,0.075
mixed,32,8,0.25,4.0,64,1024,1024,4096,1792,793.763,1730.34,886.273,0.0988
mixed,32,8,0.25,4.0,64,1024,2048,8192,3584,1503.56,3550.54,1650.63,0.0718
mixed,32,8,0.25,4.0,64,1024,4096,16384,7168,3132.49,6951.29,3736.82,0.1583
mixed,32,8,0.25,4.0,64,2048,128,512,224,267.393,382.05,297.6,0.2635
mixed,32,8,0.25,4.0,64,2048,256,1024,448,347.329,551.329,367.072,0.0968
mixed,32,8,0.25,4.0,64,2048,512,2048,896,513.345,908.225,503.232,-0.0256
mixed,32,8,0.25,4.0,64,2048,1024,4096,1792,816.321,1729.25,895.329,0.0865
mixed,32,8,0.25,4.0,64,2048,2048,8192,3584,1507.46,3555.82,1663.97,0.0764
mixed,32,8,0.25,4.0,64,2048,4096,16384,7168,3121.55,7009.94,3590.03,0.1205
mixed,32,8,0.25,4.0,64,4096,128,512,224,391.201,508.513,420.003,0.2455
mixed,32,8,0.25,4.0,64,4096,256,1024,448,474.528,676.865,497.314,0.1126
mixed,32,8,0.25,4.0,64,4096,512,2048,896,637.441,1016.96,642.786,0.0141
mixed,32,8,0.25,4.0,64,4096,1024,4096,1792,930.243,1791.91,922.917,-0.0085
mixed,32,8,0.25,4.0,64,4096,2048,8192,3584,1560.45,3657.84,1683.27,0.0586
mixed,32,8,0.25,4.0,64,4096,4096,16384,7168,3183.88,7525.85,3788.33,0.1392
mixed,32,8,0.25,4.0,64,8192,128,512,224,635.906,754.018,667.683,0.269
mixed,32,8,0.25,4.0,64,8192,256,1024,448,719.331,929.92,742.113,0.1082
mixed,32,8,0.25,4.0,64,8192,512,2048,896,884.417,1265.67,892.484,0.0212
mixed,32,8,0.25,4.0,64,8192,1024,4096,1792,1178.95,2012.39,1184,0.0061
mixed,32,8,0.25,4.0,64,8192,2048,8192,3584,1801.76,3694.38,1757.83,-0.0232
mixed,32,8,0.25,4.0,64,8192,4096,16384,7168,3294.09,7651.51,3917,0.143
mixed,32,8,0.25,4.0,128,0,128,512,224,151.456,293.633,193.377,0.2949
mixed,32,8,0.25,4.0,128,0,256,1024,448,250.465,503.522,295.648,0.1785
mixed,32,8,0.25,4.0,128,0,512,2048,896,450.848,901.729,491.489,0.0901
mixed,32,8,0.25,4.0,128,0,1024,4096,1792,794.979,1733.12,880.61,0.0913
mixed,32,8,0.25,4.0,128,0,2048,8192,3584,1508.1,3555.34,1661.7,0.075
mixed,32,8,0.25,4.0,128,0,4096,16384,7168,3120.27,6959.23,3736.2,0.1604
mixed,32,8,0.25,4.0,128,512,128,512,224,179.842,294.401,207.872,0.2447
mixed,32,8,0.25,4.0,128,512,256,1024,448,260.321,496.739,307.136,0.198
mixed,32,8,0.25,4.0,128,512,512,2048,896,447.138,897.795,494.339,0.1047
mixed,32,8,0.25,4.0,128,512,1024,4096,1792,791.618,1728.93,891.268,0.1063
mixed,32,8,0.25,4.0,128,512,2048,8192,3584,1500.42,3544.08,1661.38,0.0788
mixed,32,8,0.25,4.0,128,512,4096,16384,7168,3132.78,6944.82,3737.93,0.1587
mixed,32,8,0.25,4.0,128,1024,128,512,224,224.833,331.777,245.727,0.1954
mixed,32,8,0.25,4.0,128,1024,256,1024,448,293.377,498.659,316.77,0.114
mixed,32,8,0.25,4.0,128,1024,512,2048,896,457.73,896.161,519.551,0.141
mixed,32,8,0.25,4.0,128,1024,1024,4096,1792,790.018,1717.83,903.81,0.1226
mixed,32,8,0.25,4.0,128,1024,2048,8192,3584,1500.26,3551.05,1666.15,0.0809
mixed,32,8,0.25,4.0,128,1024,4096,16384,7168,3119.21,6955.28,3703.66,0.1524
mixed,32,8,0.25,4.0,128,2048,128,512,224,292.767,427.041,320.256,0.2047
mixed,32,8,0.25,4.0,128,2048,256,1024,448,386.113,574.752,394.017,0.0419
mixed,32,8,0.25,4.0,128,2048,512,2048,896,529.025,899.97,538.691,0.0261
mixed,32,8,0.25,4.0,128,2048,1024,4096,1792,817.635,1713.64,933.507,0.1293
mixed,32,8,0.25,4.0,128,2048,2048,8192,3584,1506.5,3553.91,1691.37,0.0903
mixed,32,8,0.25,4.0,128,2048,4096,16384,7168,3137.9,7000.83,3562.83,0.11
mixed,32,8,0.25,4.0,128,4096,128,512,224,417.666,556.991,451.074,0.2398
mixed,32,8,0.25,4.0,128,4096,256,1024,448,514.144,747.651,537.44,0.0998
mixed,32,8,0.25,4.0,128,4096,512,2048,896,699.042,1038.53,686.147,-0.038
mixed,32,8,0.25,4.0,128,4096,1024,4096,1792,946.082,1766.98,952.226,0.0075
mixed,32,8,0.25,4.0,128,4096,2048,8192,3584,1545.16,3604.62,1772.97,0.1106
mixed,32,8,0.25,4.0,128,4096,4096,16384,7168,3081.9,7906.62,3899.69,0.1695
mixed,32,8,0.25,4.0,128,8192,128,512,224,664.324,805.441,696.706,0.2295
mixed,32,8,0.25,4.0,128,8192,256,1024,448,760.898,1001.89,785.057,0.1002
mixed,32,8,0.25,4.0,128,8192,512,2048,896,953.026,1398.24,956.002,0.0067
mixed,32,8,0.25,4.0,128,8192,1024,4096,1792,1293.86,1983.88,1260.93,-0.0477
mixed,32,8,0.25,4.0,128,8192,2048,8192,3584,1828.58,3586.76,1806.95,-0.0123
mixed,32,8,0.25,4.0,128,8192,4096,16384,7168,3206.15,8051.03,3988.39,0.1615
mixed,32,8,0.25,4.0,256,0,128,512,224,173.474,312.162,215.423,0.3025
mixed,32,8,0.25,4.0,256,0,256,1024,448,270.112,507.809,315.071,0.1891
mixed,32,8,0.25,4.0,256,0,512,2048,896,461.601,914.624,509.186,0.105
mixed,32,8,0.25,4.0,256,0,1024,4096,1792,808.931,1742.98,901.314,0.0989
mixed,32,8,0.25,4.0,256,0,2048,8192,3584,1518.4,3564.01,1672.29,0.0752
mixed,32,8,0.25,4.0,256,0,4096,16384,7168,3134.22,6984.63,3765.01,0.1638
mixed,32,8,0.25,4.0,256,512,128,512,224,220.992,342.241,242.723,0.1792
mixed,32,8,0.25,4.0,256,512,256,1024,448,303.074,535.169,338.754,0.1537
mixed,32,8,0.25,4.0,256,512,512,2048,896,491.105,922.019,539.906,0.1132
mixed,32,8,0.25,4.0,256,512,1024,4096,1792,820.674,1729.73,924.993,0.1148
mixed,32,8,0.25,4.0,256,512,2048,8192,3584,1514.09,3581.32,1692.58,0.0863
mixed,32,8,0.25,4.0,256,512,4096,16384,7168,3140.94,6960.92,3728.91,0.1539
mixed,32,8,0.25,4.0,256,1024,128,512,224,267.97,386.305,290.048,0.1866
mixed,32,8,0.25,4.0,256,1024,256,1024,448,348.449,572.994,363.49,0.067
mixed,32,8,0.25,4.0,256,1024,512,2048,896,516.032,943.874,547.488,0.0735
mixed,32,8,0.25,4.0,256,1024,1024,4096,1792,852.675,1723.88,949.281,0.1109
mixed,32,8,0.25,4.0,256,1024,2048,8192,3584,1518.95,3586.41,1724.81,0.0996
mixed,32,8,0.25,4.0,256,1024,4096,16384,7168,3154.35,6988.95,3693.16,0.1405
mixed,32,8,0.25,4.0,256,2048,128,512,224,357.406,484.704,382.593,0.1979
mixed,32,8,0.25,4.0,256,2048,256,1024,448,446.527,647.329,459.744,0.0658
mixed,32,8,0.25,4.0,256,2048,512,2048,896,604.833,1037.6,601.284,-0.0082
mixed,32,8,0.25,4.0,256,2048,1024,4096,1792,920.194,1748.04,985.411,0.0788
mixed,32,8,0.25,4.0,256,2048,2048,8192,3584,1580.55,3609.58,1788,0.1022
mixed,32,8,0.25,4.0,256,2048,4096,16384,7168,3181.39,7245.5,3540.49,0.0884
mixed,32,8,0.25,4.0,256,4096,128,512,224,509.89,666.625,553.025,0.2752
mixed,32,8,0.25,4.0,256,4096,256,1024,448,616.706,839.042,637.954,0.0956
mixed,32,8,0.25,4.0,256,4096,512,2048,896,789.44,1175.62,783.265,-0.016
mixed,32,8,0.25,4.0,256,4096,1024,4096,1792,1090.5,1986.41,1070.79,-0.022
mixed,32,8,0.25,4.0,256,4096,2048,8192,3584,1734.4,3850.73,1846.95,0.0532
mixed,32,8,0.25,4.0,256,4096,4096,16384,7168,3335.37,9182.49,4071.82,0.126
mixed,32,8,0.25,4.0,256,8192,128,512,224,759.233,960.737,805.856,0.2314
mixed,32,8,0.25,4.0,256,8192,256,1024,448,898.659,1182.08,926.786,0.0992
mixed,32,8,0.25,4.0,256,8192,512,2048,896,1138.72,1556.99,1144.39,0.0135
mixed,32,8,0.25,4.0,256,8192,1024,4096,1792,1459.08,2245.89,1439.59,-0.0248
mixed,32,8,0.25,4.0,256,8192,2048,8192,3584,2056.33,4044.91,2016.3,-0.0201
mixed,32,8,0.25,4.0,256,8192,4096,16384,7168,3581.07,9157.73,3949.99,0.0662
mixed,32,8,0.25,4.0,512,0,128,512,224,233.602,365.377,265.921,0.2453
mixed,32,8,0.25,4.0,512,0,256,1024,448,323.296,558.529,366.113,0.182
mixed,32,8,0.25,4.0,512,0,512,2048,896,512.32,945.027,559.649,0.1094
mixed,32,8,0.25,4.0,512,0,1024,4096,1792,847.298,1746.18,948.579,0.1127
mixed,32,8,0.25,4.0,512,0,2048,8192,3584,1533.51,3605.39,1715.14,0.0877
mixed,32,8,0.25,4.0,512,0,4096,16384,7168,3172.68,7002.2,3775.02,0.1573
mixed,32,8,0.25,4.0,512,512,128,512,224,302.785,420.161,325.057,0.1897
mixed,32,8,0.25,4.0,512,512,256,1024,448,383.458,596.291,406.081,0.1063
mixed,32,8,0.25,4.0,512,512,512,2048,896,546.145,985.185,602.21,0.1277
mixed,32,8,0.25,4.0,512,512,1024,4096,1792,885.793,1770.5,990.467,0.1183
mixed,32,8,0.25,4.0,512,512,2048,8192,3584,1566.24,3622.64,1767.3,0.0978
mixed,32,8,0.25,4.0,512,512,4096,16384,7168,3189.48,7032.73,3643.75,0.1182
mixed,32,8,0.25,4.0,512,1024,128,512,224,366.977,485.952,392.002,0.2103
mixed,32,8,0.25,4.0,512,1024,256,1024,448,449.473,643.04,464.32,0.0767
mixed,32,8,0.25,4.0,512,1024,512,2048,896,606.531,1027.49,643.554,0.0879
mixed,32,8,0.25,4.0,512,1024,1024,4096,1792,924.003,1802.31,1031.52,0.1224
mixed,32,8,0.25,4.0,512,1024,2048,8192,3584,1605.45,3626.96,1802.92,0.0977
mixed,32,8,0.25,4.0,512,1024,4096,16384,7168,3194.73,7104.7,3580.87,0.0988
mixed,32,8,0.25,4.0,512,2048,128,512,224,492.321,614.465,518.69,0.2159
mixed,32,8,0.25,4.0,512,2048,256,1024,448,578.338,774.242,590.241,0.0608
mixed,32,8,0.25,4.0,512,2048,512,2048,896,733.985,1091.46,734.913,0.0026
mixed,32,8,0.25,4.0,512,2048,1024,4096,1792,1012.45,1878.63,1116.64,0.1203
mixed,32,8,0.25,4.0,512,2048,2048,8192,3584,1694.66,3659.05,1892.17,0.1005
mixed,32,8,0.25,4.0,512,2048,4096,16384,7168,3217.9,7332.38,3531.98,0.0763
mixed,32,8,0.25,4.0,512,4096,128,512,224,723.458,860.642,759.329,0.2615
mixed,32,8,0.25,4.0,512,4096,256,1024,448,815.49,1039.72,842.081,0.1186
mixed,32,8,0.25,4.0,512,4096,512,2048,896,987.681,1348.32,992.098,0.0122
mixed,32,8,0.25,4.0,512,4096,1024,4096,1792,1267.07,1987.3,1283.14,0.0223
mixed,32,8,0.25,4.0,512,4096,2048,8192,3584,1834.15,4272.11,2062.15,0.0935
mixed,32,8,0.25,4.0,512,4096,4096,16384,7168,3456.04,10888.6,3904.97,0.0604
mixed,32,8,0.25,4.0,512,8192,128,512,224,1208.39,1324.07,1221.28,0.1114
mixed,32,8,0.25,4.0,512,8192,256,1024,448,1281.57,1512.61,1303.71,0.0958
mixed,32,8,0.25,4.0,512,8192,512,2048,896,1463.17,1885.61,1471.14,0.0189
mixed,32,8,0.25,4.0,512,8192,1024,4096,1792,1769.73,2499.27,1784.84,0.0207
mixed,32,8,0.25,4.0,512,8192,2048,8192,3584,2345.7,3975.21,2356.55,0.0067
mixed,32,8,0.25,4.0,512,8192,4096,16384,7168,3618.39,9848.39,4209.29,0.0948
mixed,32,8,0.25,4.0,1024,0,128,512,224,388.033,505.377,410.691,0.1931
mixed,32,8,0.25,4.0,1024,0,256,1024,448,468.866,688.642,492.098,0.1057
mixed,32,8,0.25,4.0,1024,0,512,2048,896,640.002,1081.92,691.874,0.1174
mixed,32,8,0.25,4.0,1024,0,1024,4096,1792,981.06,1871.81,1087.68,0.1197
mixed,32,8,0.25,4.0,1024,0,2048,8192,3584,1668.84,3689.36,1862.31,0.0958
mixed,32,8,0.25,4.0,1024,0,4096,16384,7168,3259.72,7144.44,3688.2,0.1103
mixed,32,8,0.25,4.0,1024,512,128,512,224,496.292,615.33,518.017,0.1825
mixed,32,8,0.25,4.0,1024,512,256,1024,448,578.53,775.424,596.963,0.0936
mixed,32,8,0.25,4.0,1024,512,512,2048,896,736.451,1160.61,773.25,0.0868
mixed,32,8,0.25,4.0,1024,512,1024,4096,1792,1062.12,1949.64,1167.36,0.1186
mixed,32,8,0.25,4.0,1024,512,2048,8192,3584,1750.95,3700.84,1943.17,0.0986
mixed,32,8,0.25,4.0,1024,512,4096,16384,7168,3268.17,7281.53,3699.02,0.1074
mixed,32,8,0.25,4.0,1024,1024,128,512,224,597.922,718.977,623.651,0.2125
mixed,32,8,0.25,4.0,1024,1024,256,1024,448,680.77,885.252,697.151,0.0801
mixed,32,8,0.25,4.0,1024,1024,512,2048,896,844.321,1242.76,853.124,0.0221
mixed,32,8,0.25,4.0,1024,1024,1024,4096,1792,1143.94,2030.53,1251.97,0.1218
mixed,32,8,0.25,4.0,1024,1024,2048,8192,3584,1839.68,3771.53,2032.39,0.0998
mixed,32,8,0.25,4.0,1024,1024,4096,16384,7168,3296.74,7672.6,3710.73,0.0946
mixed,32,8,0.25,4.0,1024,2048,128,512,224,800,923.971,827.011,0.2179
mixed,32,8,0.25,4.0,1024,2048,256,1024,448,889.091,1095.97,903.973,0.0719
mixed,32,8,0.25,4.0,1024,2048,512,2048,896,1054.24,1423.87,1051.9,-0.0063
mixed,32,8,0.25,4.0,1024,2048,1024,4096,1792,1336.74,2184.8,1410.24,0.0867
mixed,32,8,0.25,4.0,1024,2048,2048,8192,3584,1982.31,4018.68,2201.38,0.1076
mixed,32,8,0.25,4.0,1024,2048,4096,16384,7168,3557.8,8853.08,3830.47,0.0515
mixed,32,8,0.25,4.0,1024,4096,128,512,224,1182.34,1330.85,1219.85,0.2526
mixed,32,8,0.25,4.0,1024,4096,256,1024,448,1287.3,1500.99,1306.85,0.0915
mixed,32,8,0.25,4.0,1024,4096,512,2048,896,1459.72,1848.39,1453.1,-0.017
mixed,32,8,0.25,4.0,1024,4096,1024,4096,1792,1760.23,2543.82,1749.57,-0.0136
mixed,32,8,0.25,4.0,1024,4096,2048,8192,3584,2332.3,4641.94,2517.86,0.0803
mixed,32,8,0.25,4.0,1024,4096,4096,16384,7168,3732.24,12469.3,4266.32,0.0611
mixed,32,8,0.25,4.0,1024,8192,128,512,224,1918.95,2091.23,1953.41,0.2
mixed,32,8,0.25,4.0,1024,8192,256,1024,448,2032.52,2307.88,2058.21,0.0933
mixed,32,8,0.25,4.0,1024,8192,512,2048,896,2255.59,2666.44,2270.18,0.0355
mixed,32,8,0.25,4.0,1024,8192,1024,4096,1792,2588.17,3356.17,2567.3,-0.0272
mixed,32,8,0.25,4.0,1024,8192,2048,8192,3584,3180.33,4987.41,3157.45,-0.0127
mixed,32,8,0.25,4.0,1024,8192,4096,16384,7168,4467.89,10351.8,4855.92,0.0659
mixed,32,8,0.25,4.0,2048,0,128,512,224,816.388,934.403,842.338,0.2199
mixed,32,8,0.25,4.0,2048,0,256,1024,448,900.099,1101.06,912.996,0.0642
mixed,32,8,0.25,4.0,2048,0,512,2048,896,1063.46,1466.89,1074.21,0.0267
mixed,32,8,0.25,4.0,2048,0,1024,4096,1792,1371.04,2249.7,1475.65,0.1191
mixed,32,8,0.25,4.0,2048,0,2048,8192,3584,2044.04,3950.61,2258.76,0.1126
mixed,32,8,0.25,4.0,2048,0,4096,16384,7168,3593.87,8501.82,3891.47,0.0606
mixed,32,8,0.25,4.0,2048,512,128,512,224,1003.59,1124.32,1027.46,0.1977
mixed,32,8,0.25,4.0,2048,512,256,1024,448,1083.43,1292.68,1101.6,0.0869
mixed,32,8,0.25,4.0,2048,512,512,2048,896,1247.56,1635.11,1249.54,0.0051
mixed,32,8,0.25,4.0,2048,512,1024,4096,1792,1540.29,2403.3,1637.32,0.1124
mixed,32,8,0.25,4.0,2048,512,2048,8192,3584,2208.81,4181.55,2431.05,0.1127
mixed,32,8,0.25,4.0,2048,512,4096,16384,7168,3776.65,8935.97,4050.25,0.053
mixed,32,8,0.25,4.0,2048,1024,128,512,224,1186.02,1306.79,1208.03,0.1823
mixed,32,8,0.25,4.0,2048,1024,256,1024,448,1273.98,1480.71,1292.32,0.0887
mixed,32,8,0.25,4.0,2048,1024,512,2048,896,1441.99,1801.99,1437.06,-0.0137
mixed,32,8,0.25,4.0,2048,1024,1024,4096,1792,1729.03,2566.31,1804.13,0.0897
mixed,32,8,0.25,4.0,2048,1024,2048,8192,3584,2377.48,4290.29,2593.83,0.1131
mixed,32,8,0.25,4.0,2048,1024,4096,16384,7168,3893.61,10536.3,4199.21,0.046
mixed,32,8,0.25,4.0,2048,2048,128,512,224,1553.96,1672.39,1577.03,0.1948
mixed,32,8,0.25,4.0,2048,2048,256,1024,448,1638.37,1845.16,1653.29,0.0721
mixed,32,8,0.25,4.0,2048,2048,512,2048,896,1801.6,2184.77,1802.88,0.0033
mixed,32,8,0.25,4.0,2048,2048,1024,4096,1792,2101.45,2912.55,2120.39,0.0234
mixed,32,8,0.25,4.0,2048,2048,2048,8192,3584,2708.78,4536.78,2931.82,0.122
mixed,32,8,0.25,4.0,2048,2048,4096,16384,7168,4186.45,13545.6,4564.78,0.0404
mixed,32,8,0.25,4.0,2048,4096,128,512,224,2276.87,2402.18,2296.01,0.1527
mixed,32,8,0.25,4.0,2048,4096,256,1024,448,2357.48,2577.16,2373.86,0.0746
mixed,32,8,0.25,4.0,2048,4096,512,2048,896,2529.16,2921.19,2532.42,0.0083
mixed,32,8,0.25,4.0,2048,4096,1024,4096,1792,2838.34,3585.1,2830.25,-0.0108
mixed,32,8,0.25,4.0,2048,4096,2048,8192,3584,3420.39,5208.43,3560.3,0.0782
mixed,32,8,0.25,4.0,2048,4096,4096,16384,7168,4845.52,15295.9,5224.11,0.0362
mixed,32,8,0.25,4.0,2048,8192,128,512,224,3738.45,3849.26,3759.95,0.194
mixed,32,8,0.25,4.0,2048,8192,256,1024,448,3810.35,4026.83,3831.88,0.0995
mixed,32,8,0.25,4.0,2048,8192,512,2048,896,3985.87,4379.02,3975.43,-0.0265
mixed,32,8,0.25,4.0,2048,8192,1024,4096,1792,4303.27,5045.65,4300.11,-0.0043
mixed,32,8,0.25,4.0,2048,8192,2048,8192,3584,4890.73,6439.06,4873.45,-0.0112
mixed,32,8,0.25,4.0,2048,8192,4096,16384,7168,6096.83,9898.89,6485.23,0.1022
pure,32,16,0.5,4.0,0,0,128,512,320,119.168,189.825,131.614,0.1761
pure,32,16,0.5,4.0,0,0,256,1024,640,236.641,356.097,236.703,0.0005
pure,32,16,0.5,4.0,0,0,512,2048,1280,428.418,636.355,427.392,-0.0049
pure,32,16,0.5,4.0,0,0,1024,4096,2560,764.29,1166.88,762.659,-0.0041
pure,32,16,0.5,4.0,0,0,2048,8192,5120,1436.1,2224.42,1421.22,-0.0189
pure,32,16,0.5,4.0,0,0,4096,16384,10240,2755.43,4325.23,2735.98,-0.0124
mixed,32,16,0.5,4.0,16,0,128,512,320,191.489,287.233,214.944,0.245
mixed,32,16,0.5,4.0,16,0,256,1024,640,343.776,499.202,350.56,0.0436
mixed,32,16,0.5,4.0,16,0,512,2048,1280,594.914,884,606.434,0.0398
mixed,32,16,0.5,4.0,16,0,1024,4096,2560,1090.72,1722.5,1125.06,0.0544
mixed,32,16,0.5,4.0,16,0,2048,8192,5120,2224.52,3535.05,2159.34,-0.0497
mixed,32,16,0.5,4.0,16,0,4096,16384,10240,4391.12,6925.18,5578.45,0.4685
mixed,32,16,0.5,4.0,16,512,128,512,320,207.839,288.992,226.655,0.2319
mixed,32,16,0.5,4.0,16,512,256,1024,640,341.089,498.051,355.68,0.093
mixed,32,16,0.5,4.0,16,512,512,2048,1280,594.146,885.41,614.114,0.0686
mixed,32,16,0.5,4.0,16,512,1024,4096,2560,1091.84,1727.59,1129.57,0.0593
mixed,32,16,0.5,4.0,16,512,2048,8192,5120,2235.59,3538.86,2153.22,-0.0632
mixed,32,16,0.5,4.0,16,512,4096,16384,10240,4378.73,6944.5,5687.64,0.5101
mixed,32,16,0.5,4.0,16,1024,128,512,320,240.673,315.679,258.368,0.2359
mixed,32,16,0.5,4.0,16,1024,256,1024,640,359.328,501.856,359.874,0.0038
mixed,32,16,0.5,4.0,16,1024,512,2048,1280,593.634,886.499,620.481,0.0917
mixed,32,16,0.5,4.0,16,1024,1024,4096,2560,1090.43,1727.27,1134.76,0.0696
mixed,32,16,0.5,4.0,16,1024,2048,8192,5120,2234.09,3537,2161.64,-0.0556
mixed,32,16,0.5,4.0,16,1024,4096,16384,10240,4385.55,6954.01,5782.64,0.5439
mixed,32,16,0.5,4.0,16,2048,128,512,320,304.546,380.928,325.026,0.2681
mixed,32,16,0.5,4.0,16,2048,256,1024,640,424.93,549.28,428.033,0.025
mixed,32,16,0.5,4.0,16,2048,512,2048,1280,635.36,892.578,631.331,-0.0157
mixed,32,16,0.5,4.0,16,2048,1024,4096,2560,1095.75,1720.68,1137.89,0.0674
mixed,32,16,0.5,4.0,16,2048,2048,8192,5120,2208.84,3536.43,2170.24,-0.0291
mixed,32,16,0.5,4.0,16,2048,4096,16384,10240,4401.36,6959.35,5578.68,0.4602
mixed,32,16,0.5,4.0,16,4096,128,512,320,428.866,504.898,448.513,0.2584
mixed,32,16,0.5,4.0,16,4096,256,1024,640,550.945,677.347,565.664,0.1164
mixed,32,16,0.5,4.0,16,4096,512,2048,1280,757.795,1006.69,759.747,0.0078
mixed,32,16,0.5,4.0,16,4096,1024,4096,2560,1183.97,1784.93,1173.7,-0.0171
mixed,32,16,0.5,4.0,16,4096,2048,8192,5120,2290.92,3665.9,2195.75,-0.0692
mixed,32,16,0.5,4.0,16,4096,4096,16384,10240,4833.01,7494.07,6115.41,0.4819
mixed,32,16,0.5,4.0,16,8192,128,512,320,674.819,753.22,695.937,0.2694
mixed,32,16,0.5,4.0,16,8192,256,1024,640,802.592,925.379,810.467,0.0641
mixed,32,16,0.5,4.0,16,8192,512,2048,1280,1008.48,1258.28,1031.94,0.0939
mixed,32,16,0.5,4.0,16,8192,1024,4096,2560,1431.11,2001.67,1440,0.0156
mixed,32,16,0.5,4.0,16,8192,2048,8192,5120,2399.33,3689.42,2224.9,-0.1352
mixed,32,16,0.5,4.0,16,8192,4096,16384,10240,4526.6,7691.84,6296.28,0.5591
mixed,32,16,0.5,4.0,32,0,128,512,320,191.777,286.784,214.849,0.2428
mixed,32,16,0.5,4.0,32,0,256,1024,640,344.066,498.562,351.521,0.0483
mixed,32,16,0.5,4.0,32,0,512,2048,1280,595.073,887.044,605.986,0.0374
mixed,32,16,0.5,4.0,32,0,1024,4096,2560,1090.88,1728.13,1125.15,0.0538
mixed,32,16,0.5,4.0,32,0,2048,8192,5120,2231.43,3528.36,2158.34,-0.0564
mixed,32,16,0.5,4.0,32,0,4096,16384,10240,4404.46,6931.38,5668.66,0.5003
mixed,32,16,0.5,4.0,32,512,128,512,320,208.16,288.127,227.2,0.2381
mixed,32,16,0.5,4.0,32,512,256,1024,640,341.442,499.009,355.299,0.0879
mixed,32,16,0.5,4.0,32,512,512,2048,1280,594.147,884.58,617.283,0.0797
mixed,32,16,0.5,4.0,32,512,1024,4096,2560,1092.48,1722.05,1129.19,0.0583
mixed,32,16,0.5,4.0,32,512,2048,8192,5120,2234.92,3530.44,2166.89,-0.0525
mixed,32,16,0.5,4.0,32,512,4096,16384,10240,4383.7,6921.05,5627,0.49
mixed,32,16,0.5,4.0,32,1024,128,512,320,240.704,318.145,255.167,0.1868
mixed,32,16,0.5,4.0,32,1024,256,1024,640,361.025,501.346,360.129,-0.0064
mixed,32,16,0.5,4.0,32,1024,512,2048,1280,594.944,887.073,618.72,0.0814
mixed,32,16,0.5,4.0,32,1024,1024,4096,2560,1092.9,1733.57,1135.65,0.0667
mixed,32,16,0.5,4.0,32,1024,2048,8192,5120,2235.36,3545.52,2164.52,-0.0541
mixed,32,16,0.5,4.0,32,1024,4096,16384,10240,4395.18,6938.84,5660.21,0.4973
mixed,32,16,0.5,4.0,32,2048,128,512,320,303.809,381.183,325.73,0.2833
mixed,32,16,0.5,4.0,32,2048,256,1024,640,425.729,549.635,429.377,0.0294
mixed,32,16,0.5,4.0,32,2048,512,2048,1280,636.579,896.609,632.514,-0.0156
mixed,32,16,0.5,4.0,32,2048,1024,4096,2560,1099.84,1723.11,1140.58,0.0654
mixed,32,16,0.5,4.0,32,2048,2048,8192,5120,2206.66,3552.62,2169.77,-0.0274
mixed,32,16,0.5,4.0,32,2048,4096,16384,10240,4412.81,6953.95,5656.31,0.4893
mixed,32,16,0.5,4.0,32,4096,128,512,320,428.992,505.89,450.081,0.2742
mixed,32,16,0.5,4.0,32,4096,256,1024,640,550.723,675.809,566.177,0.1235
mixed,32,16,0.5,4.0,32,4096,512,2048,1280,757.505,1010.53,758.531,0.0041
mixed,32,16,0.5,4.0,32,4096,1024,4096,2560,1184.36,1784.2,1173.8,-0.0176
mixed,32,16,0.5,4.0,32,4096,2048,8192,5120,2293.64,3651.18,2192.84,-0.0743
mixed,32,16,0.5,4.0,32,4096,4096,16384,10240,4765.3,7525.31,6088.88,0.4796
mixed,32,16,0.5,4.0,32,8192,128,512,320,675.619,752.034,694.851,0.2517
mixed,32,16,0.5,4.0,32,8192,256,1024,640,801.25,926.434,810.659,0.0752
mixed,32,16,0.5,4.0,32,8192,512,2048,1280,1007.3,1261.57,1030.43,0.091
mixed,32,16,0.5,4.0,32,8192,1024,4096,2560,1437.03,1998.89,1441.19,0.0074
mixed,32,16,0.5,4.0,32,8192,2048,8192,5120,2403.85,3668.39,2221.83,-0.1439
mixed,32,16,0.5,4.0,32,8192,4096,16384,10240,4538.26,7657.02,6338.71,0.5773
mixed,32,16,0.5,4.0,64,0,128,512,320,192.224,289.345,214.339,0.2277
mixed,32,16,0.5,4.0,64,0,256,1024,640,347.202,501.761,349.216,0.013
mixed,32,16,0.5,4.0,64,0,512,2048,1280,596.194,898.66,610.242,0.0464
mixed,32,16,0.5,4.0,64,0,1024,4096,2560,1097.95,1728.71,1127.05,0.0461
mixed,32,16,0.5,4.0,64,0,2048,8192,5120,2233.03,3530.99,2169.96,-0.0486
mixed,32,16,0.5,4.0,64,0,4096,16384,10240,4390.22,6942.78,5660.34,0.4976
mixed,32,16,0.5,4.0,64,512,128,512,320,209.345,289.919,228.129,0.2331
mixed,32,16,0.5,4.0,64,512,256,1024,640,342.689,501.377,355.616,0.0815
mixed,32,16,0.5,4.0,64,512,512,2048,1280,594.915,899.011,616.641,0.0714
mixed,32,16,0.5,4.0,64,512,1024,4096,2560,1099.94,1723.81,1133.03,0.053
mixed,32,16,0.5,4.0,64,512,2048,8192,5120,2240.94,3536.68,2174.18,-0.0515
mixed,32,16,0.5,4.0,64,512,4096,16384,10240,4406.19,6962.04,5681.14,0.4988
mixed,32,16,0.5,4.0,64,1024,128,512,320,241.763,318.368,260.577,0.2456
mixed,32,16,0.5,4.0,64,1024,256,1024,640,361.76,503.01,360.449,-0.0093
mixed,32,16,0.5,4.0,64,1024,512,2048,1280,595.106,899.748,620.128,0.0821
mixed,32,16,0.5,4.0,64,1024,1024,4096,2560,1100.1,1729.09,1141.09,0.0652
mixed,32,16,0.5,4.0,64,1024,2048,8192,5120,2242.85,3542.64,2173.77,-0.0532
mixed,32,16,0.5,4.0,64,1024,4096,16384,10240,4391.63,6969.05,5670.99,0.4964
mixed,32,16,0.5,4.0,64,2048,128,512,320,306.047,383.906,326.592,0.2639
mixed,32,16,0.5,4.0,64,2048,256,1024,640,425.379,552.099,430.209,0.0381
mixed,32,16,0.5,4.0,64,2048,512,2048,1280,638.979,908.865,634.53,-0.0165
mixed,32,16,0.5,4.0,64,2048,1024,4096,2560,1105.19,1728.93,1143.88,0.062
mixed,32,16,0.5,4.0,64,2048,2048,8192,5120,2215.97,3564.33,2181.8,-0.0253
mixed,32,16,0.5,4.0,64,2048,4096,16384,10240,4419.63,6982.62,5717.14,0.5063
mixed,32,16,0.5,4.0,64,4096,128,512,320,431.551,511.489,451.84,0.2538
mixed,32,16,0.5,4.0,64,4096,256,1024,640,557.858,678.211,565.474,0.0633
mixed,32,16,0.5,4.0,64,4096,512,2048,1280,758.756,1018.85,763.427,0.018
mixed,32,16,0.5,4.0,64,4096,1024,4096,2560,1190.5,1793.48,1175.81,-0.0244
mixed,32,16,0.5,4.0,64,4096,2048,8192,5120,2309.38,3645.1,2202.02,-0.0804
mixed,32,16,0.5,4.0,64,4096,4096,16384,10240,4824.17,7524.51,6248.05,0.5273
mixed,32,16,0.5,4.0,64,8192,128,512,320,677.442,754.947,697.605,0.2602
mixed,32,16,0.5,4.0,64,8192,256,1024,640,802.816,929.378,812.611,0.0774
mixed,32,16,0.5,4.0,64,8192,512,2048,1280,1010.18,1269.22,1032.35,0.0856
mixed,32,16,0.5,4.0,64,8192,1024,4096,2560,1441,2021.03,1443.23,0.0039
mixed,32,16,0.5,4.0,64,8192,2048,8192,5120,2410.76,3703.69,2235.46,-0.1356
mixed,32,16,0.5,4.0,64,8192,4096,16384,10240,4537.96,7649.88,6241.59,0.5475
mixed,32,16,0.5,4.0,128,0,128,512,320,198.912,293.441,227.297,0.3003
mixed,32,16,0.5,4.0,128,0,256,1024,640,345.986,502.401,357.822,0.0757
mixed,32,16,0.5,4.0,128,0,512,2048,1280,599.136,897.955,616.162,0.057
mixed,32,16,0.5,4.0,128,0,1024,4096,2560,1102.91,1729.57,1132.74,0.0476
mixed,32,16,0.5,4.0,128,0,2048,8192,5120,2240.58,3546.64,2169.67,-0.0543
mixed,32,16,0.5,4.0,128,0,4096,16384,10240,4389.45,6950.11,5597.43,0.4717
mixed,32,16,0.5,4.0,128,512,128,512,320,220.16,295.52,239.425,0.2556
mixed,32,16,0.5,4.0,128,512,256,1024,640,345.764,494.913,370.143,0.1635
mixed,32,16,0.5,4.0,128,512,512,2048,1280,591.873,898.562,631.713,0.1299
mixed,32,16,0.5,4.0,128,512,1024,4096,2560,1104,1724.9,1136.19,0.0518
mixed,32,16,0.5,4.0,128,512,2048,8192,5120,2245.32,3540.49,2173.51,-0.0554
mixed,32,16,0.5,4.0,128,512,4096,16384,10240,4418.28,6950.65,5725.9,0.5164
mixed,32,16,0.5,4.0,128,1024,128,512,320,262.721,331.872,276.481,0.199
mixed,32,16,0.5,4.0,128,1024,256,1024,640,375.872,498.401,383.97,0.0661
mixed,32,16,0.5,4.0,128,1024,512,2048,1280,589.474,897.06,638.018,0.1578
mixed,32,16,0.5,4.0,128,1024,1024,4096,2560,1099.91,1714.15,1145.64,0.0744
mixed,32,16,0.5,4.0,128,1024,2048,8192,5120,2248.01,3567.66,2172.42,-0.0573
mixed,32,16,0.5,4.0,128,1024,4096,16384,10240,4410.16,6987.03,5884.92,0.5723
mixed,32,16,0.5,4.0,128,2048,128,512,320,339.104,428.192,356.034,0.19
mixed,32,16,0.5,4.0,128,2048,256,1024,640,471.491,576.609,461.057,-0.0993
mixed,32,16,0.5,4.0,128,2048,512,2048,1280,648.13,902.85,656.226,0.0318
mixed,32,16,0.5,4.0,128,2048,1024,4096,2560,1103.97,1713.09,1177.09,0.12
mixed,32,16,0.5,4.0,128,2048,2048,8192,5120,2153.16,3576.08,2195.88,0.03
mixed,32,16,0.5,4.0,128,2048,4096,16384,10240,4440.59,6985.05,5537.68,0.4312
mixed,32,16,0.5,4.0,128,4096,128,512,320,469.379,558.435,487.009,0.198
mixed,32,16,0.5,4.0,128,4096,256,1024,640,606.947,749.153,609.248,0.0162
mixed,32,16,0.5,4.0,128,4096,512,2048,1280,842.306,1042.66,810.913,-0.1567
mixed,32,16,0.5,4.0,128,4096,1024,4096,2560,1213.67,1768.01,1223.59,0.0179
mixed,32,16,0.5,4.0,128,4096,2048,8192,5120,2224.04,3602.41,2229.54,0.004
mixed,32,16,0.5,4.0,128,4096,4096,16384,10240,4928.95,7892.28,6190.01,0.4256
mixed,32,16,0.5,4.0,128,8192,128,512,320,714.915,807.17,733.219,0.1984
mixed,32,16,0.5,4.0,128,8192,256,1024,640,859.075,1001.92,859.076,0.0
mixed,32,16,0.5,4.0,128,8192,512,2048,1280,1101.86,1400.61,1107.65,0.0194
mixed,32,16,0.5,4.0,128,8192,1024,4096,2560,1600.74,1985.35,1523.56,-0.2007
mixed,32,16,0.5,4.0,128,8192,2048,8192,5120,2361.77,3586.35,2332.01,-0.0243
mixed,32,16,0.5,4.0,128,8192,4096,16384,10240,4396.5,8054.53,5576.56,0.3226
mixed,32,16,0.5,4.0,256,0,128,512,320,224.225,312.864,248.512,0.274
mixed,32,16,0.5,4.0,256,0,256,1024,640,362.176,509.952,381.44,0.1304
mixed,32,16,0.5,4.0,256,0,512,2048,1280,610.915,916.481,638.05,0.0888
mixed,32,16,0.5,4.0,256,0,1024,4096,2560,1121.06,1746.28,1151.17,0.0482
mixed,32,16,0.5,4.0,256,0,2048,8192,5120,2257.89,3569.45,2193.67,-0.049
mixed,32,16,0.5,4.0,256,0,4096,16384,10240,4429.2,6969.62,5760.47,0.524
mixed,32,16,0.5,4.0,256,512,128,512,320,261.312,342.08,274.689,0.1656
mixed,32,16,0.5,4.0,256,512,256,1024,640,395.426,535.616,400.767,0.0381
mixed,32,16,0.5,4.0,256,512,512,2048,1280,624.098,918.178,654.082,0.102
mixed,32,16,0.5,4.0,256,512,1024,4096,2560,1114.24,1726.02,1173.06,0.0961
mixed,32,16,0.5,4.0,256,512,2048,8192,5120,2256.39,3575.95,2193.1,-0.048
mixed,32,16,0.5,4.0,256,512,4096,16384,10240,4425.74,6978.81,5642.43,0.4766
mixed,32,16,0.5,4.0,256,1024,128,512,320,309.666,388.129,326.786,0.2182
mixed,32,16,0.5,4.0,256,1024,256,1024,640,432.192,575.715,426.946,-0.0366
mixed,32,16,0.5,4.0,256,1024,512,2048,1280,671.392,946.018,683.011,0.0423
mixed,32,16,0.5,4.0,256,1024,1024,4096,2560,1134.18,1722.02,1199.59,0.1113
mixed,32,16,0.5,4.0,256,1024,2048,8192,5120,2216.3,3585,2208.29,-0.0058
mixed,32,16,0.5,4.0,256,1024,4096,16384,10240,4437.45,7017.02,5850.93,0.548
mixed,32,16,0.5,4.0,256,2048,128,512,320,401.186,485.538,417.089,0.1885
mixed,32,16,0.5,4.0,256,2048,256,1024,640,522.851,647.554,524.163,0.0105
mixed,32,16,0.5,4.0,256,2048,512,2048,1280,735.264,1036.93,714.787,-0.0679
mixed,32,16,0.5,4.0,256,2048,1024,4096,2560,1232.96,1745.48,1235.2,0.0044
mixed,32,16,0.5,4.0,256,2048,2048,8192,5120,2151.05,3619.79,2262.28,0.0757
mixed,32,16,0.5,4.0,256,2048,4096,16384,10240,4532.69,7218.58,5421.65,0.331
mixed,32,16,0.5,4.0,256,4096,128,512,320,575.042,668.385,591.171,0.1728
mixed,32,16,0.5,4.0,256,4096,256,1024,640,699.907,839.648,704.067,0.0298
mixed,32,16,0.5,4.0,256,4096,512,2048,1280,938.146,1177.51,907.045,-0.1299
mixed,32,16,0.5,4.0,256,4096,1024,4096,2560,1366.31,1981.29,1306.79,-0.0968
mixed,32,16,0.5,4.0,256,4096,2048,8192,5120,2431.4,3865.64,2348.2,-0.058
mixed,32,16,0.5,4.0,256,4096,4096,16384,10240,5322.49,9149.38,5513.91,0.05
mixed,32,16,0.5,4.0,256,8192,128,512,320,829.219,961.316,851.904,0.1717
mixed,32,16,0.5,4.0,256,8192,256,1024,640,1028.42,1182.15,1028.1,-0.0021
mixed,32,16,0.5,4.0,256,8192,512,2048,1280,1281.51,1550.53,1258.4,-0.0859
mixed,32,16,0.5,4.0,256,8192,1024,4096,2560,1772.96,2237.77,1682.15,-0.1954
mixed,32,16,0.5,4.0,256,8192,2048,8192,5120,2626.95,4046,2471.49,-0.1096
mixed,32,16,0.5,4.0,256,8192,4096,16384,10240,4944.66,9130.27,5923.99,0.234
mixed,32,16,0.5,4.0,512,0,128,512,320,274.112,363.68,298.049,0.2672
mixed,32,16,0.5,4.0,512,0,256,1024,640,416.066,558.658,430.658,0.1023
mixed,32,16,0.5,4.0,512,0,512,2048,1280,654.69,945.666,688.099,0.1148
mixed,32,16,0.5,4.0,512,0,1024,4096,2560,1145.03,1750.85,1200.04,0.0908
mixed,32,16,0.5,4.0,512,0,2048,8192,5120,2288.48,3599.63,2218.22,-0.0536
mixed,32,16,0.5,4.0,512,0,4096,16384,10240,4448.5,7016.28,5701.36,0.4879
mixed,32,16,0.5,4.0,512,512,128,512,320,342.817,421.184,359.201,0.2091
mixed,32,16,0.5,4.0,512,512,256,1024,640,460.482,597.861,472.515,0.0876
mixed,32,16,0.5,4.0,512,512,512,2048,1280,698.338,986.275,730.529,0.1118
mixed,32,16,0.5,4.0,512,512,1024,4096,2560,1181.73,1775.88,1240.64,0.0992
mixed,32,16,0.5,4.0,512,512,2048,8192,5120,2222.18,3640.68,2249.77,0.0194
mixed,32,16,0.5,4.0,512,512,4096,16384,10240,4480.46,7049.98,6065.08,0.6167
mixed,32,16,0.5,4.0,512,1024,128,512,320,410.851,488.994,426.593,0.2015
mixed,32,16,0.5,4.0,512,1024,256,1024,640,531.393,646.434,529.793,-0.0139
mixed,32,16,0.5,4.0,512,1024,512,2048,1280,729.091,1031.94,769.892,0.1347
mixed,32,16,0.5,4.0,512,1024,1024,4096,2560,1222.72,1810.53,1281.06,0.0992
mixed,32,16,0.5,4.0,512,1024,2048,8192,5120,2215.85,3619.56,2293.99,0.0557
mixed,32,16,0.5,4.0,512,1024,4096,16384,10240,4508.88,7083.52,5568.37,0.4115
mixed,32,16,0.5,4.0,512,2048,128,512,320,536.513,619.907,556.77,0.2429
mixed,32,16,0.5,4.0,512,2048,256,1024,640,659.007,781.058,659.554,0.0045
mixed,32,16,0.5,4.0,512,2048,512,2048,1280,861.761,1097.44,860.802,-0.0041
mixed,32,16,0.5,4.0,512,2048,1024,4096,2560,1279.2,1882.28,1365.35,0.1428
mixed,32,16,0.5,4.0,512,2048,2048,8192,5120,2272.46,3680.78,2388.52,0.0824
mixed,32,16,0.5,4.0,512,2048,4096,16384,10240,4629.43,7370.17,5493.71,0.3153
mixed,32,16,0.5,4.0,512,4096,128,512,320,766.338,855.457,791.681,0.2844
mixed,32,16,0.5,4.0,512,4096,256,1024,640,907.97,1038.94,908.642,0.0051
mixed,32,16,0.5,4.0,512,4096,512,2048,1280,1116.1,1350.85,1125.25,0.039
mixed,32,16,0.5,4.0,512,4096,1024,4096,2560,1529.67,1997.64,1523.14,-0.014
mixed,32,16,0.5,4.0,512,4096,2048,8192,5120,2412.58,4281.65,2578.5,0.0888
mixed,32,16,0.5,4.0,512,4096,4096,16384,10240,5792.28,10735.5,6307.07,0.1041
mixed,32,16,0.5,4.0,512,8192,128,512,320,1244.26,1326.18,1258.82,0.1777
mixed,32,16,0.5,4.0,512,8192,256,1024,640,1374.02,1521.15,1375.4,0.0094
mixed,32,16,0.5,4.0,512,8192,512,2048,1280,1617.41,1886.92,1627.17,0.0362
mixed,32,16,0.5,4.0,512,8192,1024,4096,2560,2018.34,2507.56,2052.07,0.0689
mixed,32,16,0.5,4.0,512,8192,2048,8192,5120,2856.42,3987.76,2869.58,0.0116
mixed,32,16,0.5,4.0,512,8192,4096,16384,10240,4921.08,9871.05,5496.95,0.1163
mixed,32,16,0.5,4.0,1024,0,128,512,320,428.514,505.09,442.594,0.1839
mixed,32,16,0.5,4.0,1024,0,256,1024,640,544.194,692.579,556.388,0.0822
mixed,32,16,0.5,4.0,1024,0,512,2048,1280,784.8,1081.47,818.978,0.1152
mixed,32,16,0.5,4.0,1024,0,1024,4096,2560,1276.58,1872.65,1337.48,0.1022
mixed,32,16,0.5,4.0,1024,0,2048,8192,5120,2298.76,3700.81,2362.24,0.0453
mixed,32,16,0.5,4.0,1024,0,4096,16384,10240,4577.48,7128.51,5882.1,0.5114
mixed,32,16,0.5,4.0,1024,512,128,512,320,535.17,614.211,551.137,0.202
mixed,32,16,0.5,4.0,1024,512,256,1024,640,653.667,776.32,653.346,-0.0026
mixed,32,16,0.5,4.0,1024,512,512,2048,1280,867.843,1160.23,899.139,0.107
mixed,32,16,0.5,4.0,1024,512,1024,4096,2560,1356.32,1951.72,1416.9,0.1017
mixed,32,16,0.5,4.0,1024,512,2048,8192,5120,2358.95,3710.35,2446.41,0.0647
mixed,32,16,0.5,4.0,1024,512,4096,16384,10240,4624.91,7310.46,5996.73,0.5108
mixed,32,16,0.5,4.0,1024,1024,128,512,320,641.697,717.696,654.849,0.1731
mixed,32,16,0.5,4.0,1024,1024,256,1024,640,762.211,885.348,760.578,-0.0133
mixed,32,16,0.5,4.0,1024,1024,512,2048,1280,968.354,1239.78,981.921,0.05
mixed,32,16,0.5,4.0,1024,1024,1024,4096,2560,1438.95,2032.26,1500.01,0.1029
mixed,32,16,0.5,4.0,1024,1024,2048,8192,5120,2429.54,3775.69,2525.57,0.0713
mixed,32,16,0.5,4.0,1024,1024,4096,16384,10240,4775.15,7678.52,5512.41,0.2539
mixed,32,16,0.5,4.0,1024,2048,128,512,320,844.578,927.716,854.4,0.1181
mixed,32,16,0.5,4.0,1024,2048,256,1024,640,969.285,1092.55,971.681,0.0194
mixed,32,16,0.5,4.0,1024,2048,512,2048,1280,1178.63,1423.81,1174.72,-0.0159
mixed,32,16,0.5,4.0,1024,2048,1024,4096,2560,1613.32,2184.04,1659.01,0.0801
mixed,32,16,0.5,4.0,1024,2048,2048,8192,5120,2605.64,4015.5,2692.87,0.0619
mixed,32,16,0.5,4.0,1024,2048,4096,16384,10240,5021.07,8811.81,5892.53,0.2299
mixed,32,16,0.5,4.0,1024,4096,128,512,320,1240.33,1334.6,1263.68,0.2477
mixed,32,16,0.5,4.0,1024,4096,256,1024,640,1373.83,1506.18,1371.24,-0.0196
mixed,32,16,0.5,4.0,1024,4096,512,2048,1280,1589.44,1846.25,1586.47,-0.0116
mixed,32,16,0.5,4.0,1024,4096,1024,4096,2560,2006.92,2553.06,1997.99,-0.0163
mixed,32,16,0.5,4.0,1024,4096,2048,8192,5120,2900.2,4717.29,3020.27,0.0661
mixed,32,16,0.5,4.0,1024,4096,4096,16384,10240,5847.6,12158.5,6078.23,0.0365
mixed,32,16,0.5,4.0,1024,8192,128,512,320,1978.66,2085.22,2002.41,0.2229
mixed,32,16,0.5,4.0,1024,8192,256,1024,640,2151.21,2305.61,2153.03,0.0118
mixed,32,16,0.5,4.0,1024,8192,512,2048,1280,2400.87,2669.99,2398.02,-0.0106
mixed,32,16,0.5,4.0,1024,8192,1024,4096,2560,2809.77,3354.16,2828.23,0.0339
mixed,32,16,0.5,4.0,1024,8192,2048,8192,5120,3655.51,4990.58,3646.54,-0.0067
mixed,32,16,0.5,4.0,1024,8192,4096,16384,10240,5719.95,10283.9,6483.83,0.1674
mixed,32,16,0.5,4.0,2048,0,128,512,320,856.386,942.821,872.418,0.1855
mixed,32,16,0.5,4.0,2048,0,256,1024,640,984.516,1102.15,977.733,-0.0577
mixed,32,16,0.5,4.0,2048,0,512,2048,1280,1182.6,1467.81,1208.74,0.0917
mixed,32,16,0.5,4.0,2048,0,1024,4096,2560,1664.96,2256.2,1724.29,0.1003
mixed,32,16,0.5,4.0,2048,0,2048,8192,5120,2654.89,3952.4,2748.39,0.0721
mixed,32,16,0.5,4.0,2048,0,4096,16384,10240,5178.13,8523.8,5867.06,0.2059
mixed,32,16,0.5,4.0,2048,512,128,512,320,1045.76,1128.99,1066.12,0.2445
mixed,32,16,0.5,4.0,2048,512,256,1024,640,1163.91,1294.88,1164.26,0.0027
mixed,32,16,0.5,4.0,2048,512,512,2048,1280,1373.51,1647.65,1368.45,-0.0185
mixed,32,16,0.5,4.0,2048,512,1024,4096,2560,1837.51,2404.07,1888.17,0.0894
mixed,32,16,0.5,4.0,2048,512,2048,8192,5120,2813.96,4190.38,2921.19,0.0779
mixed,32,16,0.5,4.0,2048,512,4096,16384,10240,5305.29,8963.58,5987.06,0.1864
mixed,32,16,0.5,4.0,2048,1024,128,512,320,1225.44,1311.3,1244.64,0.2237
mixed,32,16,0.5,4.0,2048,1024,256,1024,640,1352.2,1479.04,1350.59,-0.0126
mixed,32,16,0.5,4.0,2048,1024,512,2048,1280,1561.32,1804.23,1563.75,0.01
mixed,32,16,0.5,4.0,2048,1024,1024,4096,2560,1993.19,2567.05,2057.8,0.1126
mixed,32,16,0.5,4.0,2048,1024,2048,8192,5120,2963.62,4298.83,3087.56,0.0928
mixed,32,16,0.5,4.0,2048,1024,4096,16384,10240,5705.04,10660.9,5772.44,0.0136
mixed,32,16,0.5,4.0,2048,2048,128,512,320,1599.3,1673.16,1614.5,0.2058
mixed,32,16,0.5,4.0,2048,2048,256,1024,640,1717.73,1846.57,1719.94,0.0171
mixed,32,16,0.5,4.0,2048,2048,512,2048,1280,1934.21,2189.45,1928.04,-0.0242
mixed,32,16,0.5,4.0,2048,2048,1024,4096,2560,2351.05,2913.86,2378.85,0.0494
mixed,32,16,0.5,4.0,2048,2048,2048,8192,5120,3292.11,4542.06,3433.61,0.1132
mixed,32,16,0.5,4.0,2048,2048,4096,16384,10240,5948.21,13532.9,6277.37,0.0434
mixed,32,16,0.5,4.0,2048,4096,128,512,320,2311.66,2400.55,2332.1,0.23
mixed,32,16,0.5,4.0,2048,4096,256,1024,640,2437.93,2579.14,2445.35,0.0526
mixed,32,16,0.5,4.0,2048,4096,512,2048,1280,2666.5,2916.49,2672.75,0.025
mixed,32,16,0.5,4.0,2048,4096,1024,4096,2560,3087.98,3585.1,3081.8,-0.0124
mixed,32,16,0.5,4.0,2048,4096,2048,8192,5120,3929.32,5209.52,4099.15,0.1327
mixed,32,16,0.5,4.0,2048,4096,4096,16384,10240,6054.84,14474.1,7091.1,0.1231
mixed,32,16,0.5,4.0,2048,8192,128,512,320,3775.95,3846.44,3785.74,0.1388
mixed,32,16,0.5,4.0,2048,8192,256,1024,640,3896.72,4037,3885.77,-0.078
mixed,32,16,0.5,4.0,2048,8192,512,2048,1280,4128.17,4384.27,4126.73,-0.0056
mixed,32,16,0.5,4.0,2048,8192,1024,4096,2560,4552.78,5056.63,4558.99,0.0123
mixed,32,16,0.5,4.0,2048,8192,2048,8192,5120,5403.28,6441.4,5394.19,-0.0088
mixed,32,16,0.5,4.0,2048,8192,4096,16384,10240,7981.53,9889.67,8314.94,0.1747
pure,32,24,0.75,4.0,0,0,128,512,416,155.264,190.338,157.376,0.0602
pure,32,24,0.75,4.0,0,0,256,1024,832,298.434,355.519,298.37,-0.0011
pure,32,24,0.75,4.0,0,0,512,2048,1664,530.21,633.858,531.488,0.0123
pure,32,24,0.75,4.0,0,0,1024,4096,3328,966.851,1169.19,958.564,-0.041
pure,32,24,0.75,4.0,0,0,2048,8192,6656,1831.75,2222.09,1818.88,-0.033
pure,32,24,0.75,4.0,0,0,4096,16384,13312,3536.85,4321.01,3583.6,0.0596
mixed,32,24,0.75,4.0,16,0,128,512,416,238.848,287.264,253.854,0.3099
mixed,32,24,0.75,4.0,16,0,256,1024,832,399.555,498.786,415.296,0.1586
mixed,32,24,0.75,4.0,16,0,512,2048,1664,732.512,886.21,736.096,0.0233
mixed,32,24,0.75,4.0,16,0,1024,4096,3328,1391.59,1726.82,1387.78,-0.0114
mixed,32,24,0.75,4.0,16,0,2048,8192,6656,2888.14,3532.11,2854.38,-0.0524
mixed,32,24,0.75,4.0,16,0,4096,16384,13312,5654.39,6936.76,7439.52,1.3921
mixed,32,24,0.75,4.0,16,512,128,512,416,247.584,286.784,257.695,0.2579
mixed,32,24,0.75,4.0,16,512,256,1024,832,400.417,498.689,421.41,0.2136
mixed,32,24,0.75,4.0,16,512,512,2048,1664,734.342,884.516,738.755,0.0294
mixed,32,24,0.75,4.0,16,512,1024,4096,3328,1390.21,1731.65,1386.05,-0.0122
mixed,32,24,0.75,4.0,16,512,2048,8192,6656,2892.04,3532.56,2868.52,-0.0367
mixed,32,24,0.75,4.0,16,512,4096,16384,13312,5659.63,6932.53,7299.9,1.2886
mixed,32,24,0.75,4.0,16,1024,128,512,416,279.682,315.362,287.84,0.2286
mixed,32,24,0.75,4.0,16,1024,256,1024,832,413.986,500.355,428.321,0.166
mixed,32,24,0.75,4.0,16,1024,512,2048,1664,733.282,886.176,741.25,0.0521
mixed,32,24,0.75,4.0,16,1024,1024,4096,3328,1392.9,1723.78,1386.82,-0.0184
mixed,32,24,0.75,4.0,16,1024,2048,8192,6656,2894.12,3539.47,2873.03,-0.0327
mixed,32,24,0.75,4.0,16,1024,4096,16384,13312,5689.01,6946.97,7198.01,1.1996
mixed,32,24,0.75,4.0,16,2048,128,512,416,343.49,381.41,354.531,0.2912
mixed,32,24,0.75,4.0,16,2048,256,1024,832,478.849,549.57,490.05,0.1584
mixed,32,24,0.75,4.0,16,2048,512,2048,1664,758.274,894.881,764.193,0.0433
mixed,32,24,0.75,4.0,16,2048,1024,4096,3328,1397.29,1719.82,1389.82,-0.0231
mixed,32,24,0.75,4.0,16,2048,2048,8192,6656,2884.01,3556.72,2886.95,0.0044
mixed,32,24,0.75,4.0,16,2048,4096,16384,13312,5686.26,6953.47,7171.64,1.1722
mixed,32,24,0.75,4.0,16,4096,128,512,416,468.639,508.929,483.744,0.3749
mixed,32,24,0.75,4.0,16,4096,256,1024,832,607.234,679.3,626.018,0.2606
mixed,32,24,0.75,4.0,16,4096,512,2048,1664,884.258,1014.43,889.411,0.0396
mixed,32,24,0.75,4.0,16,4096,1024,4096,3328,1455.33,1782.79,1431.46,-0.0729
mixed,32,24,0.75,4.0,16,4096,2048,8192,6656,2960.78,3667.69,2938.99,-0.0308
mixed,32,24,0.75,4.0,16,4096,4096,16384,13312,6081.2,7482.14,7715.65,1.1667
mixed,32,24,0.75,4.0,16,8192,128,512,416,717.184,752.256,727.905,0.3057
mixed,32,24,0.75,4.0,16,8192,256,1024,832,852.483,928.131,876.771,0.3211
mixed,32,24,0.75,4.0,16,8192,512,2048,1664,1134.56,1263.72,1151.46,0.1308
mixed,32,24,0.75,4.0,16,8192,1024,4096,3328,1697.67,2009.38,1691.62,-0.0194
mixed,32,24,0.75,4.0,16,8192,2048,8192,6656,3086.09,3683.53,3067.4,-0.0313
mixed,32,24,0.75,4.0,16,8192,4096,16384,13312,6016.11,7694.59,8122.27,1.2548
mixed,32,24,0.75,4.0,32,0,128,512,416,240.29,288.481,254.783,0.3007
mixed,32,24,0.75,4.0,32,0,256,1024,832,400.578,500.93,417.409,0.1677
mixed,32,24,0.75,4.0,32,0,512,2048,1664,735.811,889.539,739.842,0.0262
mixed,32,24,0.75,4.0,32,0,1024,4096,3328,1394.15,1730.5,1386.4,-0.023
mixed,32,24,0.75,4.0,32,0,2048,8192,6656,2894.79,3536.27,2874.25,-0.032
mixed,32,24,0.75,4.0,32,0,4096,16384,13312,5658.32,6954.74,7558.27,1.4655
mixed,32,24,0.75,4.0,32,512,128,512,416,248.801,288.994,260.257,0.285
mixed,32,24,0.75,4.0,32,512,256,1024,832,402.977,500.354,423.362,0.2093
mixed,32,24,0.75,4.0,32,512,512,2048,1664,735.363,888.896,742.34,0.0454
mixed,32,24,0.75,4.0,32,512,1024,4096,3328,1391.94,1726.53,1388.74,-0.0096
mixed,32,24,0.75,4.0,32,512,2048,8192,6656,2899.88,3558.73,2861.58,-0.0581
mixed,32,24,0.75,4.0,32,512,4096,16384,13312,5689.75,6973.4,7412.92,1.3424
mixed,32,24,0.75,4.0,32,1024,128,512,416,281.024,316.961,290.914,0.2752
mixed,32,24,0.75,4.0,32,1024,256,1024,832,416.322,502.817,430.337,0.162
mixed,32,24,0.75,4.0,32,1024,512,2048,1664,736.929,889.89,745.696,0.0573
mixed,32,24,0.75,4.0,32,1024,1024,4096,3328,1393.19,1735.56,1393.06,-0.0004
mixed,32,24,0.75,4.0,32,1024,2048,8192,6656,2894.79,3536.2,2883.21,-0.0181
mixed,32,24,0.75,4.0,32,1024,4096,16384,13312,5681.81,6963.06,7222.72,1.2027
mixed,32,24,0.75,4.0,32,2048,128,512,416,343.361,381.441,357.186,0.3631
mixed,32,24,0.75,4.0,32,2048,256,1024,832,479.841,552.257,494.049,0.1962
mixed,32,24,0.75,4.0,32,2048,512,2048,1664,761.057,896.257,766.18,0.0379
mixed,32,24,0.75,4.0,32,2048,1024,4096,3328,1401.41,1724.23,1397.41,-0.0124
mixed,32,24,0.75,4.0,32,2048,2048,8192,6656,2899.46,3560.94,2885.13,-0.0217
mixed,32,24,0.75,4.0,32,2048,4096,16384,13312,5703.7,6991.45,7030.97,1.0307
mixed,32,24,0.75,4.0,32,4096,128,512,416,470.466,509.568,485.219,0.3773
mixed,32,24,0.75,4.0,32,4096,256,1024,832,608.417,680.963,626.466,0.2488
mixed,32,24,0.75,4.0,32,4096,512,2048,1664,885.316,1012.77,892.451,0.056
mixed,32,24,0.75,4.0,32,4096,1024,4096,3328,1462.76,1792.29,1432.55,-0.0917
mixed,32,24,0.75,4.0,32,4096,2048,8192,6656,2953.16,3672.52,2951.31,-0.0026
mixed,32,24,0.75,4.0,32,4096,4096,16384,13312,6054.26,7519.2,7700.32,1.1236
mixed,32,24,0.75,4.0,32,8192,128,512,416,717.762,757.313,729.22,0.2897
mixed,32,24,0.75,4.0,32,8192,256,1024,832,850.82,930.626,874.019,0.2907
mixed,32,24,0.75,4.0,32,8192,512,2048,1664,1136.29,1264.04,1149.76,0.1055
mixed,32,24,0.75,4.0,32,8192,1024,4096,3328,1697.76,2012.39,1685.32,-0.0396
mixed,32,24,0.75,4.0,32,8192,2048,8192,6656,3087.31,3696.01,3066.93,-0.0335
mixed,32,24,0.75,4.0,32,8192,4096,16384,13312,5971.9,7653.69,8008.7,1.2111
mixed,32,24,0.75,4.0,64,0,128,512,416,242.145,289.345,254.947,0.2712
mixed,32,24,0.75,4.0,64,0,256,1024,832,403.074,504.48,417.407,0.1413
mixed,32,24,0.75,4.0,64,0,512,2048,1664,743.012,905.219,738.403,-0.0284
mixed,32,24,0.75,4.0,64,0,1024,4096,3328,1395.49,1735.01,1393.06,-0.0072
mixed,32,24,0.75,4.0,64,0,2048,8192,6656,2898.03,3547.31,2873.77,-0.0374
mixed,32,24,0.75,4.0,64,0,4096,16384,13312,5656.44,6953.44,7417.56,1.3578
mixed,32,24,0.75,4.0,64,512,128,512,416,250.241,291.809,260.224,0.2402
mixed,32,24,0.75,4.0,64,512,256,1024,832,405.281,503.363,424.482,0.1958
mixed,32,24,0.75,4.0,64,512,512,2048,1664,743.331,901.538,743.554,0.0014
mixed,32,24,0.75,4.0,64,512,1024,4096,3328,1394.82,1733.03,1394.05,-0.0023
mixed,32,24,0.75,4.0,64,512,2048,8192,6656,2908.52,3549.84,2879.62,-0.0451
mixed,32,24,0.75,4.0,64,512,4096,16384,13312,5686.64,6954.97,7209.73,1.2009
mixed,32,24,0.75,4.0,64,1024,128,512,416,282.657,320.704,292.417,0.2565
mixed,32,24,0.75,4.0,64,1024,256,1024,832,420.194,506.051,431.777,0.1349
mixed,32,24,0.75,4.0,64,1024,512,2048,1664,744.546,901.826,742.721,-0.0116
mixed,32,24,0.75,4.0,64,1024,1024,4096,3328,1398.21,1734.57,1398.5,0.0009
mixed,32,24,0.75,4.0,64,1024,2048,8192,6656,2913.87,3550.03,2892.87,-0.033
mixed,32,24,0.75,4.0,64,1024,4096,16384,13312,5690.39,6950.74,7061.46,1.0878
mixed,32,24,0.75,4.0,64,2048,128,512,416,346.688,384,359.072,0.3319
mixed,32,24,0.75,4.0,64,2048,256,1024,832,480.225,554.946,489.282,0.1212
mixed,32,24,0.75,4.0,64,2048,512,2048,1664,772.644,916.291,769.122,-0.0245
mixed,32,24,0.75,4.0,64,2048,1024,4096,3328,1404.81,1734.44,1397.89,-0.021
mixed,32,24,0.75,4.0,64,2048,2048,8192,6656,2906.12,3566.86,2901.45,-0.0071
mixed,32,24,0.75,4.0,64,2048,4096,16384,13312,5685.94,6965.24,7076.28,1.0868
mixed,32,24,0.75,4.0,64,4096,128,512,416,471.68,510.914,485.313,0.3475
mixed,32,24,0.75,4.0,64,4096,256,1024,832,606.912,681.988,629.153,0.2962
mixed,32,24,0.75,4.0,64,4096,512,2048,1664,889.955,1022.47,891.333,0.0104
mixed,32,24,0.75,4.0,64,4096,1024,4096,3328,1460.36,1800.55,1434.47,-0.0761
mixed,32,24,0.75,4.0,64,4096,2048,8192,6656,2963.3,3686.7,2963.05,-0.0004
mixed,32,24,0.75,4.0,64,4096,4096,16384,13312,6110.23,7504.12,7645.09,1.1011
mixed,32,24,0.75,4.0,64,8192,128,512,416,717.666,758.851,731.013,0.3241
mixed,32,24,0.75,4.0,64,8192,256,1024,832,852.867,929.601,876.676,0.3103
mixed,32,24,0.75,4.0,64,8192,512,2048,1664,1138.88,1271.11,1155.94,0.129
mixed,32,24,0.75,4.0,64,8192,1024,4096,3328,1705.09,2021.38,1690.92,-0.0448
mixed,32,24,0.75,4.0,64,8192,2048,8192,6656,3113.35,3706.76,3057.23,-0.0946
mixed,32,24,0.75,4.0,64,8192,4096,16384,13312,5942.19,7650.36,8169.86,1.3041
mixed,32,24,0.75,4.0,128,0,128,512,416,246.561,294.048,261.504,0.3147
mixed,32,24,0.75,4.0,128,0,256,1024,832,408.896,504.419,426.594,0.1853
mixed,32,24,0.75,4.0,128,0,512,2048,1664,742.594,901.634,745.89,0.0207
mixed,32,24,0.75,4.0,128,0,1024,4096,3328,1400.29,1737.86,1394.79,-0.0163
mixed,32,24,0.75,4.0,128,0,2048,8192,6656,2905.32,3552.56,2881.99,-0.036
mixed,32,24,0.75,4.0,128,0,4096,16384,13312,5679.77,6992.76,7659.14,1.5075
mixed,32,24,0.75,4.0,128,512,128,512,416,260.354,297.216,270.273,0.2691
mixed,32,24,0.75,4.0,128,512,256,1024,832,407.905,497.728,437.954,0.3345
mixed,32,24,0.75,4.0,128,512,512,2048,1664,743.33,900.613,749.986,0.0423
mixed,32,24,0.75,4.0,128,512,1024,4096,3328,1402.86,1734.31,1400.13,-0.0082
mixed,32,24,0.75,4.0,128,512,2048,8192,6656,2912.01,3561.55,2891.05,-0.0323
mixed,32,24,0.75,4.0,128,512,4096,16384,13312,5686.19,6955.65,7315.48,1.2835
mixed,32,24,0.75,4.0,128,1024,128,512,416,295.745,332.735,308.673,0.3495
mixed,32,24,0.75,4.0,128,1024,256,1024,832,428.449,499.298,445.89,0.2462
mixed,32,24,0.75,4.0,128,1024,512,2048,1664,742.625,899.523,770.434,0.1772
mixed,32,24,0.75,4.0,128,1024,1024,4096,3328,1401.83,1719.49,1405.63,0.012
mixed,32,24,0.75,4.0,128,1024,2048,8192,6656,2917.19,3562,2914.19,-0.0047
mixed,32,24,0.75,4.0,128,1024,4096,16384,13312,5698.96,6971.07,7314.33,1.2698
mixed,32,24,0.75,4.0,128,2048,128,512,416,383.872,428.608,385.923,0.0458
mixed,32,24,0.75,4.0,128,2048,256,1024,832,500.128,577.667,520.29,0.26
mixed,32,24,0.75,4.0,128,2048,512,2048,1664,773.347,903.97,785.12,0.0901
mixed,32,24,0.75,4.0,128,2048,1024,4096,3328,1401.41,1713.96,1432.74,0.1002
mixed,32,24,0.75,4.0,128,2048,2048,8192,6656,2911.91,3565.26,2937.9,0.0398
mixed,32,24,0.75,4.0,128,2048,4096,16384,13312,5755.83,6984.35,7560.22,1.4688
mixed,32,24,0.75,4.0,128,4096,128,512,416,515.747,559.329,527.521,0.2702
mixed,32,24,0.75,4.0,128,4096,256,1024,832,660.354,749.761,670.112,0.1091
mixed,32,24,0.75,4.0,128,4096,512,2048,1664,921.475,1042.69,916.516,-0.0409
mixed,32,24,0.75,4.0,128,4096,1024,4096,3328,1459.65,1767.97,1473.64,0.0454
mixed,32,24,0.75,4.0,128,4096,2048,8192,6656,2857.9,3599.41,2920.3,0.0842
mixed,32,24,0.75,4.0,128,4096,4096,16384,13312,6538.62,8003.33,8044.99,1.0284
mixed,32,24,0.75,4.0,128,8192,128,512,416,761.666,807.681,781.603,0.4333
mixed,32,24,0.75,4.0,128,8192,256,1024,832,912.035,1002.79,937.702,0.2828
mixed,32,24,0.75,4.0,128,8192,512,2048,1664,1249.95,1400.84,1246.85,-0.0206
mixed,32,24,0.75,4.0,128,8192,1024,4096,3328,1773.86,1991.49,1738.5,-0.1625
mixed,32,24,0.75,4.0,128,8192,2048,8192,6656,3028.81,3586.51,3018.03,-0.0193
mixed,32,24,0.75,4.0,128,8192,4096,16384,13312,5952.47,8014.84,7958.2,0.9725
mixed,32,24,0.75,4.0,256,0,128,512,416,269.569,314.047,281.151,0.2604
mixed,32,24,0.75,4.0,256,0,256,1024,832,419.554,511.235,444.994,0.2775
mixed,32,24,0.75,4.0,256,0,512,2048,1664,759.105,914.978,765.602,0.0417
mixed,32,24,0.75,4.0,256,0,1024,4096,3328,1412.01,1747.94,1406.63,-0.016
mixed,32,24,0.75,4.0,256,0,2048,8192,6656,2930.99,3567.18,2897.77,-0.0522
mixed,32,24,0.75,4.0,256,0,4096,16384,13312,5705.3,6971.61,7667.48,1.5495
mixed,32,24,0.75,4.0,256,512,128,512,416,302.016,344.097,307.169,0.1225
mixed,32,24,0.75,4.0,256,512,256,1024,832,453.538,537.217,465.378,0.1415
mixed,32,24,0.75,4.0,256,512,512,2048,1664,772.481,920.29,790.563,0.1223
mixed,32,24,0.75,4.0,256,512,1024,4096,3328,1413.79,1726.79,1429.32,0.0496
mixed,32,24,0.75,4.0,256,512,2048,8192,6656,2936.4,3580.78,2904.39,-0.0497
mixed,32,24,0.75,4.0,256,512,4096,16384,13312,5721.2,6999.07,7342.65,1.2689
mixed,32,24,0.75,4.0,256,1024,128,512,416,349.251,387.65,356.833,0.1975
mixed,32,24,0.75,4.0,256,1024,256,1024,832,475.075,576.735,492.066,0.1671
mixed,32,24,0.75,4.0,256,1024,512,2048,1664,810.564,944.257,805.985,-0.0343
mixed,32,24,0.75,4.0,256,1024,1024,4096,3328,1422.24,1726.88,1456.61,0.1128
mixed,32,24,0.75,4.0,256,1024,2048,8192,6656,2937,3595.82,2940.04,0.0046
mixed,32,24,0.75,4.0,256,1024,4096,16384,13312,5720.98,7012.64,7509.7,1.3848
mixed,32,24,0.75,4.0,256,2048,128,512,416,442.178,486.976,450.433,0.1843
mixed,32,24,0.75,4.0,256,2048,256,1024,832,565.218,647.01,586.56,0.2609
mixed,32,24,0.75,4.0,256,2048,512,2048,1664,862.241,1037.03,846.242,-0.0915
mixed,32,24,0.75,4.0,256,2048,1024,4096,3328,1493.48,1748.74,1488.48,-0.0196
mixed,32,24,0.75,4.0,256,2048,2048,8192,6656,2929.16,3624.59,2980.74,0.0742
mixed,32,24,0.75,4.0,256,2048,4096,16384,13312,5947.51,7258.14,7421.34,1.1245
mixed,32,24,0.75,4.0,256,4096,128,512,416,614.402,665.186,627.011,0.2483
mixed,32,24,0.75,4.0,256,4096,256,1024,832,755.971,840.161,765.698,0.1155
mixed,32,24,0.75,4.0,256,4096,512,2048,1664,1040.16,1177.92,1037.44,-0.0197
mixed,32,24,0.75,4.0,256,4096,1024,4096,3328,1619.08,1983.72,1565.92,-0.1458
mixed,32,24,0.75,4.0,256,4096,2048,8192,6656,3093.45,3808.85,2928.74,-0.2302
mixed,32,24,0.75,4.0,256,4096,4096,16384,13312,7251.19,9323.4,8570.75,0.6368
mixed,32,24,0.75,4.0,256,8192,128,512,416,897.312,965.509,907.556,0.1502
mixed,32,24,0.75,4.0,256,8192,256,1024,832,1108.23,1184.42,1113.47,0.0689
mixed,32,24,0.75,4.0,256,8192,512,2048,1664,1404.36,1555.91,1399.11,-0.0346
mixed,32,24,0.75,4.0,256,8192,1024,4096,3328,1956.39,2247.36,1937.06,-0.0664
mixed,32,24,0.75,4.0,256,8192,2048,8192,6656,3340.43,4052.72,3148.27,-0.2698
mixed,32,24,0.75,4.0,256,8192,4096,16384,13312,7059.93,9184.48,8706.18,0.7749
mixed,32,24,0.75,4.0,512,0,128,512,416,321.281,367.522,332.8,0.2491
mixed,32,24,0.75,4.0,512,0,256,1024,832,469.314,558.082,494.081,0.279
mixed,32,24,0.75,4.0,512,0,512,2048,1664,800.292,946.402,813.217,0.0885
mixed,32,24,0.75,4.0,512,0,1024,4096,3328,1436.9,1747.49,1453.15,0.0523
mixed,32,24,0.75,4.0,512,0,2048,8192,6656,2958.09,3597.58,2930.99,-0.0424
mixed,32,24,0.75,4.0,512,0,4096,16384,13312,5721.72,7023.23,7601.63,1.4444
mixed,32,24,0.75,4.0,512,512,128,512,416,384.256,423.106,390.688,0.1656
mixed,32,24,0.75,4.0,512,512,256,1024,832,508.928,597.761,536.993,0.3159
mixed,32,24,0.75,4.0,512,512,512,2048,1664,844.162,988.517,856.771,0.0873
mixed,32,24,0.75,4.0,512,512,1024,4096,3328,1472.96,1773.99,1494.44,0.0713
mixed,32,24,0.75,4.0,512,512,2048,8192,6656,2971.11,3623.37,2904.4,-0.1023
mixed,32,24,0.75,4.0,512,512,4096,16384,13312,5768.22,7173.47,7128,0.9676
mixed,32,24,0.75,4.0,512,1024,128,512,416,452.417,489.602,459.202,0.1825
mixed,32,24,0.75,4.0,512,1024,256,1024,832,576.675,645.764,590.433,0.1991
mixed,32,24,0.75,4.0,512,1024,512,2048,1664,875.522,1029.06,900.355,0.1617
mixed,32,24,0.75,4.0,512,1024,1024,4096,3328,1508.62,1809.35,1537.32,0.0954
mixed,32,24,0.75,4.0,512,1024,2048,8192,6656,2962.92,3701.74,2970.44,0.0102
mixed,32,24,0.75,4.0,512,1024,4096,16384,13312,5824.41,7099.45,7633.82,1.4191
mixed,32,24,0.75,4.0,512,2048,128,512,416,581.666,620.864,584.771,0.0792
mixed,32,24,0.75,4.0,512,2048,256,1024,832,707.744,775.94,719.521,0.1727
mixed,32,24,0.75,4.0,512,2048,512,2048,1664,982.631,1093.76,981.635,-0.009
mixed,32,24,0.75,4.0,512,2048,1024,4096,3328,1594.85,1885.09,1620.45,0.0882
mixed,32,24,0.75,4.0,512,2048,2048,8192,6656,2950.06,3669.48,2951.3,0.0017
mixed,32,24,0.75,4.0,512,2048,4096,16384,13312,6036.21,7324.03,7542.72,1.1698
mixed,32,24,0.75,4.0,512,4096,128,512,416,818.625,867.683,830.049,0.2329
mixed,32,24,0.75,4.0,512,4096,256,1024,832,957.09,1037.25,978.178,0.2631
mixed,32,24,0.75,4.0,512,4096,512,2048,1664,1245.09,1350.24,1244.23,-0.0082
mixed,32,24,0.75,4.0,512,4096,1024,4096,3328,1763.24,1997.19,1776.55,0.0569
mixed,32,24,0.75,4.0,512,4096,2048,8192,6656,3141.58,4299.95,3172.91,0.027
mixed,32,24,0.75,4.0,512,4096,4096,16384,13312,8187.97,10824.3,9038.18,0.3225
mixed,32,24,0.75,4.0,512,8192,128,512,416,1291.68,1332.68,1292.9,0.0296
mixed,32,24,0.75,4.0,512,8192,256,1024,832,1429.03,1516.36,1459.24,0.3459
mixed,32,24,0.75,4.0,512,8192,512,2048,1664,1749.06,1889.16,1758.08,0.0644
mixed,32,24,0.75,4.0,512,8192,1024,4096,3328,2296.68,2508.61,2303.34,0.0314
mixed,32,24,0.75,4.0,512,8192,2048,8192,6656,3435.59,3990,3456.3,0.0373
mixed,32,24,0.75,4.0,512,8192,4096,16384,13312,8047.84,10173.9,8936.83,0.4181
mixed,32,24,0.75,4.0,1024,0,128,512,416,471.649,505.506,477.825,0.1824
mixed,32,24,0.75,4.0,1024,0,256,1024,832,599.904,690.178,625.443,0.2829
mixed,32,24,0.75,4.0,1024,0,512,2048,1664,934.627,1083.39,946.402,0.0792
mixed,32,24,0.75,4.0,1024,0,1024,4096,3328,1565.25,1875.97,1579.56,0.046
mixed,32,24,0.75,4.0,1024,0,2048,8192,6656,3037.42,3707.44,3004.75,-0.0488
mixed,32,24,0.75,4.0,1024,0,4096,16384,13312,5883.86,7177.6,7589.75,1.3186
mixed,32,24,0.75,4.0,1024,512,128,512,416,577.794,614.434,581.729,0.1074
mixed,32,24,0.75,4.0,1024,512,256,1024,832,702.02,780.355,716.899,0.1899
mixed,32,24,0.75,4.0,1024,512,512,2048,1664,1016.29,1167.36,1032.96,0.1104
mixed,32,24,0.75,4.0,1024,512,1024,4096,3328,1654.28,1953.71,1674.6,0.0679
mixed,32,24,0.75,4.0,1024,512,2048,8192,6656,3018.18,3726.25,3060.43,0.0597
mixed,32,24,0.75,4.0,1024,512,4096,16384,13312,6035.74,7317.15,8188.57,1.68
mixed,32,24,0.75,4.0,1024,1024,128,512,416,682.659,723.427,693.219,0.259
mixed,32,24,0.75,4.0,1024,1024,256,1024,832,814.179,889.38,828.29,0.1876
mixed,32,24,0.75,4.0,1024,1024,512,2048,1664,1096.55,1242.66,1116.36,0.1356
mixed,32,24,0.75,4.0,1024,1024,1024,4096,3328,1740.77,2037.41,1767.85,0.0913
mixed,32,24,0.75,4.0,1024,1024,2048,8192,6656,3059.72,3790.76,3074.19,0.0198
mixed,32,24,0.75,4.0,1024,1024,4096,16384,13312,6254.07,7638.68,7982.39,1.2482
mixed,32,24,0.75,4.0,1024,2048,128,512,416,892.45,927.779,890.21,-0.0634
mixed,32,24,0.75,4.0,1024,2048,256,1024,832,1019.62,1099.23,1037.79,0.2283
mixed,32,24,0.75,4.0,1024,2048,512,2048,1664,1305.48,1424.52,1305.6,0.0011
mixed,32,24,0.75,4.0,1024,2048,1024,4096,3328,1887.72,2184.68,1930.41,0.1438
mixed,32,24,0.75,4.0,1024,2048,2048,8192,6656,3252.43,4049.39,3246.38,-0.0076
mixed,32,24,0.75,4.0,1024,2048,4096,16384,13312,7299.13,8711.97,7976.25,0.4793
mixed,32,24,0.75,4.0,1024,4096,128,512,416,1284.45,1326.21,1292.71,0.1977
mixed,32,24,0.75,4.0,1024,4096,256,1024,832,1423.65,1503.46,1436.04,0.1552
mixed,32,24,0.75,4.0,1024,4096,512,2048,1664,1720.81,1848.2,1719.62,-0.0093
mixed,32,24,0.75,4.0,1024,4096,1024,4096,3328,2256.68,2544.33,2246.38,-0.0358
mixed,32,24,0.75,4.0,1024,4096,2048,8192,6656,3505.1,4668.95,3585.23,0.0688
mixed,32,24,0.75,4.0,1024,4096,4096,16384,13312,9100.92,12273.5,8434.79,-0.21
mixed,32,24,0.75,4.0,1024,8192,128,512,416,2031.43,2088.87,2057.51,0.4541
mixed,32,24,0.75,4.0,1024,8192,256,1024,832,2221.06,2307.65,2248.36,0.3152
mixed,32,24,0.75,4.0,1024,8192,512,2048,1664,2535.68,2672.55,2535.11,-0.0042
mixed,32,24,0.75,4.0,1024,8192,1024,4096,3328,3099.37,3369.16,3082.99,-0.0607
mixed,32,24,0.75,4.0,1024,8192,2048,8192,6656,4187.53,4993.23,4197.8,0.0127
mixed,32,24,0.75,4.0,1024,8192,4096,16384,13312,8384.61,10258.7,8403.47,0.0101
mixed,32,24,0.75,4.0,2048,0,128,512,416,900.419,942.501,901.7,0.0304
mixed,32,24,0.75,4.0,2048,0,256,1024,832,1024.67,1103.43,1043.84,0.2434
mixed,32,24,0.75,4.0,2048,0,512,2048,1664,1332.48,1474.72,1339.69,0.0506
mixed,32,24,0.75,4.0,2048,0,1024,4096,3328,1951.27,2256.58,1974.4,0.0758
mixed,32,24,0.75,4.0,2048,0,2048,8192,6656,3303.11,3952.65,3321.45,0.0282
mixed,32,24,0.75,4.0,2048,0,4096,16384,13312,6961.85,8512.35,7973.47,0.6524
mixed,32,24,0.75,4.0,2048,512,128,512,416,1088.07,1125.32,1099.59,0.3093
mixed,32,24,0.75,4.0,2048,512,256,1024,832,1216.58,1303.49,1233.32,0.1926
mixed,32,24,0.75,4.0,2048,512,512,2048,1664,1495.71,1643.78,1500.23,0.0305
mixed,32,24,0.75,4.0,2048,512,1024,4096,3328,2115.14,2402.31,2151.47,0.1265
mixed,32,24,0.75,4.0,2048,512,2048,8192,6656,3476.59,4198.83,3498.51,0.0303
mixed,32,24,0.75,4.0,2048,512,4096,16384,13312,7443.68,8962.47,8526.79,0.7131
mixed,32,24,0.75,4.0,2048,1024,128,512,416,1275.23,1310.95,1276.29,0.0295
mixed,32,24,0.75,4.0,2048,1024,256,1024,832,1398.12,1480.55,1418.69,0.2496
mixed,32,24,0.75,4.0,2048,1024,512,2048,1664,1690.09,1810.53,1682.09,-0.0664
mixed,32,24,0.75,4.0,2048,1024,1024,4096,3328,2282.95,2573.96,2320.74,0.1299
mixed,32,24,0.75,4.0,2048,1024,2048,8192,6656,3596.3,4292.59,3634.35,0.0546
mixed,32,24,0.75,4.0,2048,1024,4096,16384,13312,8168.9,10857.1,8566.56,0.1479
mixed,32,24,0.75,4.0,2048,2048,128,512,416,1641.29,1675.14,1645.38,0.121
mixed,32,24,0.75,4.0,2048,2048,256,1024,832,1762.76,1845.8,1784.9,0.2667
mixed,32,24,0.75,4.0,2048,2048,512,2048,1664,2066.79,2186.18,2059.85,-0.0582
mixed,32,24,0.75,4.0,2048,2048,1024,4096,3328,2614.95,2917.43,2650.86,0.1187
mixed,32,24,0.75,4.0,2048,2048,2048,8192,6656,3888.88,4540.56,3962.7,0.1133
mixed,32,24,0.75,4.0,2048,2048,4096,16384,13312,9477.28,13585.6,8720.45,-0.1842
mixed,32,24,0.75,4.0,2048,4096,128,512,416,2362.63,2404.04,2367.21,0.1105
mixed,32,24,0.75,4.0,2048,4096,256,1024,832,2498.98,2578.92,2507.18,0.1025
mixed,32,24,0.75,4.0,2048,4096,512,2048,1664,2806.18,2922.44,2802.89,-0.0283
mixed,32,24,0.75,4.0,2048,4096,1024,4096,3328,3335.18,3583.79,3334.25,-0.0037
mixed,32,24,0.75,4.0,2048,4096,2048,8192,6656,4565.94,5207.66,4654.16,0.1375
mixed,32,24,0.75,4.0,2048,4096,4096,16384,13312,10581.9,15831.7,9704.64,-0.1671
mixed,32,24,0.75,4.0,2048,8192,128,512,416,3811.08,3846.41,3816.94,0.1658
mixed,32,24,0.75,4.0,2048,8192,256,1024,832,3943.89,4026.86,3958.67,0.1781
mixed,32,24,0.75,4.0,2048,8192,512,2048,1664,4258.99,4383.44,4258.99,-0.0
mixed,32,24,0.75,4.0,2048,8192,1024,4096,3328,4809.81,5048.11,4831.92,0.0928
mixed,32,24,0.75,4.0,2048,8192,2048,8192,6656,5928.85,6436.41,5918.8,-0.0198
mixed,32,24,0.75,4.0,2048,8192,4096,16384,13312,9257.12,9889.51,10636.6,2.1814
pure,32,29,0.9062,4.0,0,0,128,512,476,174.818,189.791,179.071,0.284
pure,32,29,0.9062,4.0,0,0,256,1024,952,333.57,354.178,332.674,-0.0435
pure,32,29,0.9062,4.0,0,0,512,2048,1904,593.44,635.81,592.674,-0.0181
pure,32,29,0.9062,4.0,0,0,1024,4096,3808,1089.61,1167.14,1091.81,0.0285
pure,32,29,0.9062,4.0,0,0,2048,8192,7616,2063.2,2223.88,2068.87,0.0353
pure,32,29,0.9062,4.0,0,0,4096,16384,15232,4018.7,4323.92,4016.01,-0.0088
mixed,32,29,0.9062,4.0,16,0,128,512,476,246.946,287.521,277.792,0.7602
mixed,32,29,0.9062,4.0,16,0,256,1024,952,451.104,498.913,464.386,0.2778
mixed,32,29,0.9062,4.0,16,0,512,2048,1904,794.05,883.331,815.042,0.2351
mixed,32,29,0.9062,4.0,16,0,1024,4096,3808,1559.88,1730.47,1526.88,-0.1934
mixed,32,29,0.9062,4.0,16,0,2048,8192,7616,3259.08,3523.85,3211.82,-0.1785
mixed,32,29,0.9062,4.0,16,0,4096,16384,15232,6457.65,6922.04,7908.38,3.1239
mixed,32,29,0.9062,4.0,16,512,128,512,476,252.383,287.2,281.697,0.8419
mixed,32,29,0.9062,4.0,16,512,256,1024,952,452.259,499.298,471.777,0.4149
mixed,32,29,0.9062,4.0,16,512,512,2048,1904,793.06,884.45,827.585,0.3778
mixed,32,29,0.9062,4.0,16,512,1024,4096,3808,1560.68,1726.15,1550.24,-0.0631
mixed,32,29,0.9062,4.0,16,512,2048,8192,7616,3284.97,3528.04,3204.94,-0.3292
mixed,32,29,0.9062,4.0,16,512,4096,16384,15232,6455.99,6941.37,7981.18,3.1423
mixed,32,29,0.9062,4.0,16,1024,128,512,476,285.186,315.808,310.305,0.8203
mixed,32,29,0.9062,4.0,16,1024,256,1024,952,460.769,501.152,478.304,0.4342
mixed,32,29,0.9062,4.0,16,1024,512,2048,1904,796.419,885.728,851.521,0.617
mixed,32,29,0.9062,4.0,16,1024,1024,4096,3808,1558.82,1734.76,1562.92,0.0233
mixed,32,29,0.9062,4.0,16,1024,2048,8192,7616,3272.23,3546.57,3209.97,-0.227
mixed,32,29,0.9062,4.0,16,1024,4096,16384,15232,6476.03,6975.1,8070.46,3.1948
mixed,32,29,0.9062,4.0,16,2048,128,512,476,351.136,381.186,377.473,0.8764
mixed,32,29,0.9062,4.0,16,2048,256,1024,952,517.536,551.842,542.754,0.7351
mixed,32,29,0.9062,4.0,16,2048,512,2048,1904,813.665,895.619,871.043,0.7001
mixed,32,29,0.9062,4.0,16,2048,1024,4096,3808,1568.26,1722.4,1609.16,0.2653
mixed,32,29,0.9062,4.0,16,2048,2048,8192,7616,3290.51,3539.69,3237.03,-0.2146
mixed,32,29,0.9062,4.0,16,2048,4096,16384,15232,6469.05,6976.25,8153.91,3.3219
mixed,32,29,0.9062,4.0,16,4096,128,512,476,473.826,508.706,503.778,0.8587
mixed,32,29,0.9062,4.0,16,4096,256,1024,952,644.065,679.009,669.441,0.7262
mixed,32,29,0.9062,4.0,16,4096,512,2048,1904,937.282,1013.7,989.826,0.6876
mixed,32,29,0.9062,4.0,16,4096,1024,4096,3808,1629.03,1782.69,1664.26,0.2293
mixed,32,29,0.9062,4.0,16,4096,2048,8192,7616,3363.24,3657.96,3612.78,0.8467
mixed,32,29,0.9062,4.0,16,4096,4096,16384,15232,7154.24,7506.34,8561.7,3.9974
mixed,32,29,0.9062,4.0,16,8192,128,512,476,722.499,754.787,750.113,0.8552
mixed,32,29,0.9062,4.0,16,8192,256,1024,952,889.825,927.81,917.569,0.7304
mixed,32,29,0.9062,4.0,16,8192,512,2048,1904,1185.89,1260.2,1247.71,0.832
mixed,32,29,0.9062,4.0,16,8192,1024,4096,3808,1859.37,2006.5,1907.08,0.3243
mixed,32,29,0.9062,4.0,16,8192,2048,8192,7616,3435.63,3705.45,3626.48,0.7073
mixed,32,29,0.9062,4.0,16,8192,4096,16384,15232,7045.95,7650.21,8826.79,2.9471
mixed,32,29,0.9062,4.0,32,0,128,512,476,247.042,288.031,277.856,0.7518
mixed,32,29,0.9062,4.0,32,0,256,1024,952,450.882,500.77,466.532,0.3137
mixed,32,29,0.9062,4.0,32,0,512,2048,1904,795.266,889.252,817.796,0.2397
mixed,32,29,0.9062,4.0,32,0,1024,4096,3808,1568.52,1727.78,1534.31,-0.2148
mixed,32,29,0.9062,4.0,32,0,2048,8192,7616,3278.03,3541.87,3224.62,-0.2024
mixed,32,29,0.9062,4.0,32,0,4096,16384,15232,6475.8,6942.2,8140.22,3.5687
mixed,32,29,0.9062,4.0,32,512,128,512,476,253.503,290.785,283.138,0.7949
mixed,32,29,0.9062,4.0,32,512,256,1024,952,455.362,501.25,474.529,0.4177
mixed,32,29,0.9062,4.0,32,512,512,2048,1904,798.978,889.121,830.275,0.3472
mixed,32,29,0.9062,4.0,32,512,1024,4096,3808,1561.64,1724.55,1559.21,-0.0149
mixed,32,29,0.9062,4.0,32,512,2048,8192,7616,3278.12,3553.51,3212.62,-0.2379
mixed,32,29,0.9062,4.0,32,512,4096,16384,15232,6468.82,6951.29,8003.58,3.1811
mixed,32,29,0.9062,4.0,32,1024,128,512,476,286.274,317.858,313.024,0.8469
mixed,32,29,0.9062,4.0,32,1024,256,1024,952,462.85,504.002,480.962,0.4401
mixed,32,29,0.9062,4.0,32,1024,512,2048,1904,798.818,886.85,854.244,0.6296
mixed,32,29,0.9062,4.0,32,1024,1024,4096,3808,1565,1731.21,1574.76,0.0587
mixed,32,29,0.9062,4.0,32,1024,2048,8192,7616,3284.33,3546.28,3205.96,-0.2992
mixed,32,29,0.9062,4.0,32,1024,4096,16384,15232,6477.08,6960.31,8056.93,3.2693
mixed,32,29,0.9062,4.0,32,2048,128,512,476,350.528,382.657,378.304,0.8645
mixed,32,29,0.9062,4.0,32,2048,256,1024,952,517.953,551.776,540.064,0.6537
mixed,32,29,0.9062,4.0,32,2048,512,2048,1904,814.625,896.579,869.795,0.6732
mixed,32,29,0.9062,4.0,32,2048,1024,4096,3808,1573.93,1727.01,1614.31,0.2638
mixed,32,29,0.9062,4.0,32,2048,2048,8192,7616,3298.83,3557.16,3261.87,-0.1431
mixed,32,29,0.9062,4.0,32,2048,4096,16384,15232,6481.08,6968.35,8125.89,3.3756
mixed,32,29,0.9062,4.0,32,4096,128,512,476,476.96,507.841,503.202,0.8498
mixed,32,29,0.9062,4.0,32,4096,256,1024,952,644.833,680.353,670.529,0.7234
mixed,32,29,0.9062,4.0,32,4096,512,2048,1904,936.194,1013.76,990.339,0.698
mixed,32,29,0.9062,4.0,32,4096,1024,4096,3808,1625.32,1787.08,1665.57,0.2489
mixed,32,29,0.9062,4.0,32,4096,2048,8192,7616,3370.67,3664.91,3621.64,0.853
mixed,32,29,0.9062,4.0,32,4096,4096,16384,15232,7155.1,7456.83,8608.73,4.8176
mixed,32,29,0.9062,4.0,32,8192,128,512,476,723.203,754.722,752.13,0.9178
mixed,32,29,0.9062,4.0,32,8192,256,1024,952,891.104,927.394,920.385,0.8069
mixed,32,29,0.9062,4.0,32,8192,512,2048,1904,1189.25,1263.4,1248.03,0.7928
mixed,32,29,0.9062,4.0,32,8192,1024,4096,3808,1863.94,2011.33,1889.44,0.173
mixed,32,29,0.9062,4.0,32,8192,2048,8192,7616,3439.76,3692.62,3590.96,0.598
mixed,32,29,0.9062,4.0,32,8192,4096,16384,15232,7067.51,7691.29,9038.02,3.159
mixed,32,29,0.9062,4.0,64,0,128,512,476,250.977,290.338,280.063,0.739
mixed,32,29,0.9062,4.0,64,0,256,1024,952,455.233,504.832,467.36,0.2445
mixed,32,29,0.9062,4.0,64,0,512,2048,1904,806.595,900.226,819.105,0.1336
mixed,32,29,0.9062,4.0,64,0,1024,4096,3808,1568.87,1729.22,1540.1,-0.1794
mixed,32,29,0.9062,4.0,64,0,2048,8192,7616,3286.54,3554.19,3233.07,-0.1998
mixed,32,29,0.9062,4.0,64,0,4096,16384,15232,6464.76,6958.65,7978.24,3.0644
mixed,32,29,0.9062,4.0,64,512,128,512,476,257.343,291.361,284.385,0.7949
mixed,32,29,0.9062,4.0,64,512,256,1024,952,456.193,502.914,476.193,0.4281
mixed,32,29,0.9062,4.0,64,512,512,2048,1904,808.577,901.699,836.962,0.3048
mixed,32,29,0.9062,4.0,64,512,1024,4096,3808,1569.09,1728.33,1562.18,-0.0434
mixed,32,29,0.9062,4.0,64,512,2048,8192,7616,3284.75,3562.73,3220.78,-0.2301
mixed,32,29,0.9062,4.0,64,512,4096,16384,15232,6473.24,6959.9,8050.85,3.2417
mixed,32,29,0.9062,4.0,64,1024,128,512,476,287.552,320.227,314.656,0.8295
mixed,32,29,0.9062,4.0,64,1024,256,1024,952,465.027,505.537,480.674,0.3863
mixed,32,29,0.9062,4.0,64,1024,512,2048,1904,808.449,901.667,859.905,0.552
mixed,32,29,0.9062,4.0,64,1024,1024,4096,3808,1566.98,1733.86,1579.08,0.0725
mixed,32,29,0.9062,4.0,64,1024,2048,8192,7616,3282.44,3561.48,3220.17,-0.2232
mixed,32,29,0.9062,4.0,64,1024,4096,16384,15232,6497.72,6991.52,8199.68,3.4467
mixed,32,29,0.9062,4.0,64,2048,128,512,476,352.323,385.76,380.64,0.8469
mixed,32,29,0.9062,4.0,64,2048,256,1024,952,517.57,555.267,548.033,0.8081
mixed,32,29,0.9062,4.0,64,2048,512,2048,1904,829.954,909.538,878.179,0.606
mixed,32,29,0.9062,4.0,64,2048,1024,4096,3808,1575.04,1732.07,1615.94,0.2604
mixed,32,29,0.9062,4.0,64,2048,2048,8192,7616,3307.18,3554.93,3261.48,-0.1844
mixed,32,29,0.9062,4.0,64,2048,4096,16384,15232,6497.69,7003.68,8160.26,3.2858
mixed,32,29,0.9062,4.0,64,4096,128,512,476,477.376,511.361,506.178,0.8475
mixed,32,29,0.9062,4.0,64,4096,256,1024,952,647.074,679.074,674.114,0.845
mixed,32,29,0.9062,4.0,64,4096,512,2048,1904,945.666,1020.8,991.713,0.6129
mixed,32,29,0.9062,4.0,64,4096,1024,4096,3808,1632.52,1798.15,1674.63,0.2542
mixed,32,29,0.9062,4.0,64,4096,2048,8192,7616,3386.7,3658.83,3608.78,0.8161
mixed,32,29,0.9062,4.0,64,4096,4096,16384,15232,7213.69,7524.51,8501.12,4.1421
mixed,32,29,0.9062,4.0,64,8192,128,512,476,727.457,757.891,754.337,0.8832
mixed,32,29,0.9062,4.0,64,8192,256,1024,952,892.899,932.003,922.497,0.7569
mixed,32,29,0.9062,4.0,64,8192,512,2048,1904,1196.96,1269.12,1257.41,0.8377
mixed,32,29,0.9062,4.0,64,8192,1024,4096,3808,1869.22,2011.05,1915.08,0.3233
mixed,32,29,0.9062,4.0,64,8192,2048,8192,7616,3450.6,3685.13,3610.25,0.6807
mixed,32,29,0.9062,4.0,64,8192,4096,16384,15232,7099.36,7700.41,9065.18,3.2706
mixed,32,29,0.9062,4.0,128,0,128,512,476,252.513,293.826,285.09,0.7885
mixed,32,29,0.9062,4.0,128,0,256,1024,952,457.505,503.521,474.464,0.3685
mixed,32,29,0.9062,4.0,128,0,512,2048,1904,808.321,903.202,827.298,0.2
mixed,32,29,0.9062,4.0,128,0,1024,4096,3808,1574.66,1735.02,1547.11,-0.1718
mixed,32,29,0.9062,4.0,128,0,2048,8192,7616,3290.61,3545.65,3227.28,-0.2483
mixed,32,29,0.9062,4.0,128,0,4096,16384,15232,6457.85,6957.4,8148.95,3.3852
mixed,32,29,0.9062,4.0,128,512,128,512,476,263.458,296.416,291.905,0.8631
mixed,32,29,0.9062,4.0,128,512,256,1024,952,454.945,498.082,482.69,0.6432
mixed,32,29,0.9062,4.0,128,512,512,2048,1904,805.346,898.37,857.089,0.5562
mixed,32,29,0.9062,4.0,128,512,1024,4096,3808,1568.45,1733.32,1571.49,0.0184
mixed,32,29,0.9062,4.0,128,512,2048,8192,7616,3295.37,3562.48,3210.06,-0.3194
mixed,32,29,0.9062,4.0,128,512,4096,16384,15232,6481.27,6968.25,8258.69,3.6499
mixed,32,29,0.9062,4.0,128,1024,128,512,476,298.498,333.088,324.993,0.766
mixed,32,29,0.9062,4.0,128,1024,256,1024,952,462.816,500.484,498.241,0.9405
mixed,32,29,0.9062,4.0,128,1024,512,2048,1904,806.754,898.529,874.882,0.7423
mixed,32,29,0.9062,4.0,128,1024,1024,4096,3808,1567.62,1719.49,1596.84,0.1924
mixed,32,29,0.9062,4.0,128,1024,2048,8192,7616,3286.8,3571.21,3231.79,-0.1934
mixed,32,29,0.9062,4.0,128,1024,4096,16384,15232,6529.21,6963.64,8187.27,3.8166
mixed,32,29,0.9062,4.0,128,2048,128,512,476,389.633,429.504,402.69,0.3275
mixed,32,29,0.9062,4.0,128,2048,256,1024,952,539.777,576.734,559.714,0.5395
mixed,32,29,0.9062,4.0,128,2048,512,2048,1904,827.619,901.763,887.364,0.8058
mixed,32,29,0.9062,4.0,128,2048,1024,4096,3808,1566.15,1713.93,1649.44,0.5637
mixed,32,29,0.9062,4.0,128,2048,2048,8192,7616,3306.8,3572.18,3294.28,-0.0472
mixed,32,29,0.9062,4.0,128,2048,4096,16384,15232,6547.89,6973.37,8300.83,4.1199
mixed,32,29,0.9062,4.0,128,4096,128,512,476,519.457,560.705,553.185,0.8177
mixed,32,29,0.9062,4.0,128,4096,256,1024,952,707.426,750.784,710.497,0.0708
mixed,32,29,0.9062,4.0,128,4096,512,2048,1904,960.29,1042.72,1015.39,0.6685
mixed,32,29,0.9062,4.0,128,4096,1024,4096,3808,1614.15,1768.74,1677.25,0.4082
mixed,32,29,0.9062,4.0,128,4096,2048,8192,7616,3278.7,3608.72,3382.6,0.3149
mixed,32,29,0.9062,4.0,128,4096,4096,16384,15232,7603,7914.72,8921.41,4.2295
mixed,32,29,0.9062,4.0,128,8192,128,512,476,766.851,808.928,799.747,0.7818
mixed,32,29,0.9062,4.0,128,8192,256,1024,952,959.232,1005.16,990.434,0.6794
mixed,32,29,0.9062,4.0,128,8192,512,2048,1904,1311.52,1404.23,1310.66,-0.0093
mixed,32,29,0.9062,4.0,128,8192,1024,4096,3808,1865.77,1994.21,1937.54,0.5588
mixed,32,29,0.9062,4.0,128,8192,2048,8192,7616,3353.8,3587.88,3367.4,0.0581
mixed,32,29,0.9062,4.0,128,8192,4096,16384,15232,7209.46,8102.17,9503.2,2.5694
mixed,32,29,0.9062,4.0,256,0,128,512,476,273.953,314.56,302.146,0.6943
mixed,32,29,0.9062,4.0,256,0,256,1024,952,468.258,511.394,488.641,0.4725
mixed,32,29,0.9062,4.0,256,0,512,2048,1904,826.499,916.002,855.491,0.3239
mixed,32,29,0.9062,4.0,256,0,1024,4096,3808,1588.48,1742.38,1573.09,-0.1
mixed,32,29,0.9062,4.0,256,0,2048,8192,7616,3310.8,3575.63,3231.98,-0.2976
mixed,32,29,0.9062,4.0,256,0,4096,16384,15232,6520.7,6993.28,7863.52,2.8415
mixed,32,29,0.9062,4.0,256,512,128,512,476,306.883,343.36,324.448,0.4815
mixed,32,29,0.9062,4.0,256,512,256,1024,952,496.961,538.303,505.601,0.209
mixed,32,29,0.9062,4.0,256,512,512,2048,1904,829.604,923.971,884.899,0.586
mixed,32,29,0.9062,4.0,256,512,1024,4096,3808,1576.64,1730.47,1613.67,0.2407
mixed,32,29,0.9062,4.0,256,512,2048,8192,7616,3327.34,3587.44,3246.86,-0.3094
mixed,32,29,0.9062,4.0,256,512,4096,16384,15232,6501.82,6981.08,8299.87,3.7517
mixed,32,29,0.9062,4.0,256,1024,128,512,476,369.216,403.842,394.977,0.744
mixed,32,29,0.9062,4.0,256,1024,256,1024,952,543.937,599.842,523.073,-0.3732
mixed,32,29,0.9062,4.0,256,1024,512,2048,1904,864.929,947.526,895.46,0.3696
mixed,32,29,0.9062,4.0,256,1024,1024,4096,3808,1576.52,1724.23,1659.02,0.5585
mixed,32,29,0.9062,4.0,256,1024,2048,8192,7616,3312.84,3585.55,3273.26,-0.1451
mixed,32,29,0.9062,4.0,256,1024,4096,16384,15232,6535.7,7049.85,8230.72,3.2968
mixed,32,29,0.9062,4.0,256,2048,128,512,476,448.162,486.402,464.322,0.4226
mixed,32,29,0.9062,4.0,256,2048,256,1024,952,610.719,646.722,631.234,0.5698
mixed,32,29,0.9062,4.0,256,2048,512,2048,1904,932.674,1038.18,928.262,-0.0418
mixed,32,29,0.9062,4.0,256,2048,1024,4096,3808,1622.31,1747.24,1681.73,0.4757
mixed,32,29,0.9062,4.0,256,2048,2048,8192,7616,3367.47,3638.77,3404.2,0.1354
mixed,32,29,0.9062,4.0,256,2048,4096,16384,15232,6800.5,7218.65,8269.31,3.5127
mixed,32,29,0.9062,4.0,256,4096,128,512,476,622.211,666.468,651.907,0.671
mixed,32,29,0.9062,4.0,256,4096,256,1024,952,799.491,840.929,805.377,0.142
mixed,32,29,0.9062,4.0,256,4096,512,2048,1904,1097.35,1176.29,1141.77,0.5626
mixed,32,29,0.9062,4.0,256,4096,1024,4096,3808,1802.25,1988.52,1731.05,-0.3822
mixed,32,29,0.9062,4.0,256,4096,2048,8192,7616,3484.59,3831.95,3616.94,0.381
mixed,32,29,0.9062,4.0,256,4096,4096,16384,15232,8463.45,9011.07,9411.39,1.731
mixed,32,29,0.9062,4.0,256,8192,128,512,476,902.499,963.139,940.674,0.6295
mixed,32,29,0.9062,4.0,256,8192,256,1024,952,1145.06,1189.19,1167.17,0.5011
mixed,32,29,0.9062,4.0,256,8192,512,2048,1904,1472.13,1551.52,1491.88,0.2487
mixed,32,29,0.9062,4.0,256,8192,1024,4096,3808,2112.8,2246.44,2169.32,0.4229
mixed,32,29,0.9062,4.0,256,8192,2048,8192,7616,3761.61,4041.65,3559.78,-0.7207
mixed,32,29,0.9062,4.0,256,8192,4096,16384,15232,8440.26,9232.65,9564.36,1.4186
mixed,32,29,0.9062,4.0,512,0,128,512,476,325.633,365.729,353.953,0.7063
mixed,32,29,0.9062,4.0,512,0,256,1024,952,517.409,559.298,534.434,0.4064
mixed,32,29,0.9062,4.0,512,0,512,2048,1904,858.563,948.135,901.794,0.4826
mixed,32,29,0.9062,4.0,512,0,1024,4096,3808,1600.39,1752.84,1620.74,0.1335
mixed,32,29,0.9062,4.0,512,0,2048,8192,7616,3347.37,3603.69,3255.82,-0.3572
mixed,32,29,0.9062,4.0,512,0,4096,16384,15232,6523.67,7018.65,8339.36,3.6682
mixed,32,29,0.9062,4.0,512,512,128,512,476,388.608,420.159,411.264,0.7181
mixed,32,29,0.9062,4.0,512,512,256,1024,952,557.665,599.458,578.563,0.5
mixed,32,29,0.9062,4.0,512,512,512,2048,1904,900.291,987.491,942.498,0.484
mixed,32,29,0.9062,4.0,512,512,1024,4096,3808,1631.2,1775.49,1683.3,0.3611
mixed,32,29,0.9062,4.0,512,512,2048,8192,7616,3340.07,3634.7,3278.73,-0.2082
mixed,32,29,0.9062,4.0,512,512,4096,16384,15232,6566.93,7026.81,8293.12,3.7536
mixed,32,29,0.9062,4.0,512,1024,128,512,476,455.873,488.639,474.53,0.5694
mixed,32,29,0.9062,4.0,512,1024,256,1024,952,612.481,645.729,631.651,0.5766
mixed,32,29,0.9062,4.0,512,1024,512,2048,1904,937.668,1031.88,984.611,0.4983
mixed,32,29,0.9062,4.0,512,1024,1024,4096,3808,1665.03,1811.5,1710.08,0.3076
mixed,32,29,0.9062,4.0,512,1024,2048,8192,7616,3356.56,3628.43,3404.33,0.1757
mixed,32,29,0.9062,4.0,512,1024,4096,16384,15232,6604.15,7102.97,8388.03,3.5762
mixed,32,29,0.9062,4.0,512,2048,128,512,476,585.6,619.619,603.49,0.5259
mixed,32,29,0.9062,4.0,512,2048,256,1024,952,742.946,779.395,793.537,1.388
mixed,32,29,0.9062,4.0,512,2048,512,2048,1904,1039.2,1096.1,1073.12,0.5961
mixed,32,29,0.9062,4.0,512,2048,1024,4096,3808,1749.67,1883.69,1794.28,0.3328
mixed,32,29,0.9062,4.0,512,2048,2048,8192,7616,3470.67,3716.85,3422.41,-0.1961
mixed,32,29,0.9062,4.0,512,2048,4096,16384,15232,6862.03,7316.76,8401.08,3.3845
mixed,32,29,0.9062,4.0,512,4096,128,512,476,821.283,862.755,851.202,0.7214
mixed,32,29,0.9062,4.0,512,4096,256,1024,952,1003.24,1039.68,1022.75,0.5355
mixed,32,29,0.9062,4.0,512,4096,512,2048,1904,1275.75,1350.4,1331.68,0.7493
mixed,32,29,0.9062,4.0,512,4096,1024,4096,3808,1882.76,1993.41,1982.37,0.9002
mixed,32,29,0.9062,4.0,512,4096,2048,8192,7616,3645.26,4291.66,3647.57,0.0036
mixed,32,29,0.9062,4.0,512,4096,4096,16384,15232,9911.68,10700.5,10006.8,0.1206
mixed,32,29,0.9062,4.0,512,8192,128,512,476,1290.63,1330.24,1325.47,0.8796
mixed,32,29,0.9062,4.0,512,8192,256,1024,952,1475.53,1517.54,1498.37,0.5438
mixed,32,29,0.9062,4.0,512,8192,512,2048,1904,1782.09,1889.96,1830.69,0.4506
mixed,32,29,0.9062,4.0,512,8192,1024,4096,3808,2383.27,2502.12,2485.61,0.8611
mixed,32,29,0.9062,4.0,512,8192,2048,8192,7616,3888.65,3979.85,3955.6,0.734
mixed,32,29,0.9062,4.0,512,8192,4096,16384,15232,9039.78,9946.56,9743.94,0.7766
mixed,32,29,0.9062,4.0,1024,0,128,512,476,474.401,508.066,496.482,0.6559
mixed,32,29,0.9062,4.0,1024,0,256,1024,952,649.058,693.667,669.475,0.4577
mixed,32,29,0.9062,4.0,1024,0,512,2048,1904,995.266,1084.2,1032.74,0.4214
mixed,32,29,0.9062,4.0,1024,0,1024,4096,3808,1732.36,1879.68,1774.15,0.2837
mixed,32,29,0.9062,4.0,1024,0,2048,8192,7616,3431.51,3702.48,3415.98,-0.0573
mixed,32,29,0.9062,4.0,1024,0,4096,16384,15232,6681.98,7156.98,8434.27,3.689
mixed,32,29,0.9062,4.0,1024,512,128,512,476,583.36,616.867,607.106,0.7087
mixed,32,29,0.9062,4.0,1024,512,256,1024,952,747.042,781.632,756.641,0.2775
mixed,32,29,0.9062,4.0,1024,512,512,2048,1904,1077.63,1165.22,1116.52,0.4439
mixed,32,29,0.9062,4.0,1024,512,1024,4096,3808,1811.24,1949.54,1847.43,0.2617
mixed,32,29,0.9062,4.0,1024,512,2048,8192,7616,3461.45,3711.72,3678.67,0.8679
mixed,32,29,0.9062,4.0,1024,512,4096,16384,15232,6824.63,7348.5,8405.12,3.0169
mixed,32,29,0.9062,4.0,1024,1024,128,512,476,685.6,719.01,714.082,0.8525
mixed,32,29,0.9062,4.0,1024,1024,256,1024,952,854.753,889.795,862.657,0.2256
mixed,32,29,0.9062,4.0,1024,1024,512,2048,1904,1157.54,1242.5,1194.95,0.4403
mixed,32,29,0.9062,4.0,1024,1024,1024,4096,3808,1891.11,2034.76,1931.56,0.2816
mixed,32,29,0.9062,4.0,1024,1024,2048,8192,7616,3509.1,3781.49,3497.23,-0.0436
mixed,32,29,0.9062,4.0,1024,1024,4096,16384,15232,7095.45,7675.68,8321.59,2.1132
mixed,32,29,0.9062,4.0,1024,2048,128,512,476,892.707,929.316,915.779,0.6302
mixed,32,29,0.9062,4.0,1024,2048,256,1024,952,1059.75,1101.7,1078.4,0.4447
mixed,32,29,0.9062,4.0,1024,2048,512,2048,1904,1353,1427.14,1372.36,0.2611
mixed,32,29,0.9062,4.0,1024,2048,1024,4096,3808,2039.98,2184.2,2096.26,0.3903
mixed,32,29,0.9062,4.0,1024,2048,2048,8192,7616,3675.95,4003.82,3655.53,-0.0623
mixed,32,29,0.9062,4.0,1024,2048,4096,16384,15232,8082.24,8746.95,9089.67,1.5156
mixed,32,29,0.9062,4.0,1024,4096,128,512,476,1289.63,1324.9,1318.15,0.8085
mixed,32,29,0.9062,4.0,1024,4096,256,1024,952,1466.88,1499.91,1479.65,0.3866
mixed,32,29,0.9062,4.0,1024,4096,512,2048,1904,1766.12,1845.19,1797.99,0.4031
mixed,32,29,0.9062,4.0,1024,4096,1024,4096,3808,2385.41,2541.86,2381.93,-0.0223
mixed,32,29,0.9062,4.0,1024,4096,2048,8192,7616,3966.41,4671.98,4119.31,0.2167
mixed,32,29,0.9062,4.0,1024,4096,4096,16384,15232,11223.3,12217,10133.3,-1.0969
mixed,32,29,0.9062,4.0,1024,8192,128,512,476,2034.28,2091.78,2075.5,0.7168
mixed,32,29,0.9062,4.0,1024,8192,256,1024,952,2256.45,2306.12,2278.31,0.4401
mixed,32,29,0.9062,4.0,1024,8192,512,2048,1904,2598.54,2666.6,2613.64,0.2219
mixed,32,29,0.9062,4.0,1024,8192,1024,4096,3808,3226.28,3361.33,3271.37,0.3339
mixed,32,29,0.9062,4.0,1024,8192,2048,8192,7616,4701.71,5004.91,4464.34,-0.7829
mixed,32,29,0.9062,4.0,1024,8192,4096,16384,15232,9423.17,10277.1,10158.8,0.8615
mixed,32,29,0.9062,4.0,2048,0,128,512,476,900.067,944.194,927.265,0.6164
mixed,32,29,0.9062,4.0,2048,0,256,1024,952,1071.33,1106.92,1082.34,0.3094
mixed,32,29,0.9062,4.0,2048,0,512,2048,1904,1385.64,1475.14,1417.25,0.3532
mixed,32,29,0.9062,4.0,2048,0,1024,4096,3808,2102.63,2256.3,2146.63,0.2863
mixed,32,29,0.9062,4.0,2048,0,2048,8192,7616,3663.21,3946.26,3674.09,0.0384
mixed,32,29,0.9062,4.0,2048,0,4096,16384,15232,7898.72,8528.07,8787.56,1.4123
mixed,32,29,0.9062,4.0,2048,512,128,512,476,1096.07,1126.79,1117.57,0.7
mixed,32,29,0.9062,4.0,2048,512,256,1024,952,1252.07,1295.49,1271.14,0.4392
mixed,32,29,0.9062,4.0,2048,512,512,2048,1904,1540.58,1644.36,1588.42,0.461
mixed,32,29,0.9062,4.0,2048,512,1024,4096,3808,2264.52,2409,2308.55,0.3048
mixed,32,29,0.9062,4.0,2048,512,2048,8192,7616,3858.28,4196.02,3832.75,-0.0756
mixed,32,29,0.9062,4.0,2048,512,4096,16384,15232,8266.66,8908.74,9370.41,1.719
mixed,32,29,0.9062,4.0,2048,1024,128,512,476,1276.48,1315.01,1295.27,0.4875
mixed,32,29,0.9062,4.0,2048,1024,256,1024,952,1447.97,1478.21,1456.1,0.2688
mixed,32,29,0.9062,4.0,2048,1024,512,2048,1904,1735.24,1802.31,1757.54,0.3325
mixed,32,29,0.9062,4.0,2048,1024,1024,4096,3808,2433.25,2567.69,2476.01,0.318
mixed,32,29,0.9062,4.0,2048,1024,2048,8192,7616,3980.36,4297.74,4020.3,0.1258
mixed,32,29,0.9062,4.0,2048,1024,4096,16384,15232,9707.27,10838.5,9225.89,-0.4255
mixed,32,29,0.9062,4.0,2048,2048,128,512,476,1644.27,1670.92,1659.75,0.5809
mixed,32,29,0.9062,4.0,2048,2048,256,1024,952,1804.9,1843.88,1827.97,0.592
mixed,32,29,0.9062,4.0,2048,2048,512,2048,1904,2111.37,2194.98,2140.2,0.3448
mixed,32,29,0.9062,4.0,2048,2048,1024,4096,3808,2766.51,2918.03,2805.58,0.2579
mixed,32,29,0.9062,4.0,2048,2048,2048,8192,7616,4366.84,4540.49,4316.56,-0.2895
mixed,32,29,0.9062,4.0,2048,2048,4096,16384,15232,12093.2,13347,10367.4,-1.3764
mixed,32,29,0.9062,4.0,2048,4096,128,512,476,2359.3,2400.58,2382.47,0.5612
mixed,32,29,0.9062,4.0,2048,4096,256,1024,952,2535.65,2580.52,2548.11,0.2775
mixed,32,29,0.9062,4.0,2048,4096,512,2048,1904,2853.26,2920.68,2876.84,0.3498
mixed,32,29,0.9062,4.0,2048,4096,1024,4096,3808,3471.21,3580.49,3504.75,0.3069
mixed,32,29,0.9062,4.0,2048,4096,2048,8192,7616,4927.29,5202.29,5075.28,0.5382
mixed,32,29,0.9062,4.0,2048,4096,4096,16384,15232,12111.1,14917.2,13769.6,0.591
mixed,32,29,0.9062,4.0,2048,8192,128,512,476,3818.16,3848.62,3839.85,0.7121
mixed,32,29,0.9062,4.0,2048,8192,256,1024,952,3990.93,4031.05,4004.17,0.3302
mixed,32,29,0.9062,4.0,2048,8192,512,2048,1904,4306.54,4377.42,4333.39,0.3787
mixed,32,29,0.9062,4.0,2048,8192,1024,4096,3808,4932.46,5053.1,4983.67,0.4244
mixed,32,29,0.9062,4.0,2048,8192,2048,8192,7616,6221.72,6439.09,6351.82,0.5985
mixed,32,29,0.9062,4.0,2048,8192,4096,16384,15232,9615.24,9892.55,11960.5,8.4574
pure,64,1,0.0156,4.0,0,0,128,512,134,121.663,382.241,132.77,0.0426
pure,64,1,0.0156,4.0,0,0,256,1024,268,214.336,663.489,250.112,0.0797
pure,64,1,0.0156,4.0,0,0,512,2048,536,394.915,1192.26,473.634,0.0987
pure,64,1,0.0156,4.0,0,0,1024,4096,1072,681.889,2251.3,844.77,0.1038
pure,64,1,0.0156,4.0,0,0,2048,8192,2144,1237.83,4391.09,1551.33,0.0994
pure,64,1,0.0156,4.0,0,0,4096,16384,4288,2346.79,8574.56,3029.74,0.1097
mixed,64,1,0.0156,4.0,16,0,128,512,134,253.792,546.465,263.457,0.033
mixed,64,1,0.0156,4.0,16,0,256,1024,268,357.665,930.497,394.208,0.0638
mixed,64,1,0.0156,4.0,16,0,512,2048,536,554.081,1662.02,637.698,0.0755
mixed,64,1,0.0156,4.0,16,0,1024,4096,1072,937.346,4327.44,1116.13,0.0527
mixed,64,1,0.0156,4.0,16,0,2048,8192,2144,1675.14,8744.48,2050.44,0.0531
mixed,64,1,0.0156,4.0,16,0,4096,16384,4288,4518.99,17557.8,5091.76,0.0439
mixed,64,1,0.0156,4.0,16,512,128,512,134,271.649,554.818,277.313,0.02
mixed,64,1,0.0156,4.0,16,512,256,1024,268,370.912,935.811,400.641,0.0526
mixed,64,1,0.0156,4.0,16,512,512,2048,536,562.816,1665.64,640.643,0.0706
mixed,64,1,0.0156,4.0,16,512,1024,4096,1072,943.331,4352.46,1124.9,0.0533
mixed,64,1,0.0156,4.0,16,512,2048,8192,2144,1688.04,8752.58,2069.42,0.054
mixed,64,1,0.0156,4.0,16,512,4096,16384,4288,4529.33,17480.8,5114.39,0.0452
mixed,64,1,0.0156,4.0,16,1024,128,512,134,313.601,571.938,313.506,-0.0004
mixed,64,1,0.0156,4.0,16,1024,256,1024,268,408.352,949.411,411.075,0.005
mixed,64,1,0.0156,4.0,16,1024,512,2048,536,585.281,1693,653.345,0.0614
mixed,64,1,0.0156,4.0,16,1024,1024,4096,1072,956.26,4330.06,1137.63,0.0538
mixed,64,1,0.0156,4.0,16,1024,2048,8192,2144,1704.17,8743.2,2098.5,0.056
mixed,64,1,0.0156,4.0,16,1024,4096,16384,4288,4544.4,17519.8,5103.13,0.0431
mixed,64,1,0.0156,4.0,16,2048,128,512,134,382.432,643.041,378.658,-0.0145
mixed,64,1,0.0156,4.0,16,2048,256,1024,268,482.657,994.499,484.448,0.0035
mixed,64,1,0.0156,4.0,16,2048,512,2048,536,652.769,1737.67,667.969,0.014
mixed,64,1,0.0156,4.0,16,2048,1024,4096,1072,998.628,4295.69,1142.02,0.0435
mixed,64,1,0.0156,4.0,16,2048,2048,8192,2144,1754.15,8776.77,2109,0.0505
mixed,64,1,0.0156,4.0,16,2048,4096,16384,4288,4523.5,17693,5079.76,0.0422
mixed,64,1,0.0156,4.0,16,4096,128,512,134,509.121,792.578,505.504,-0.0128
mixed,64,1,0.0156,4.0,16,4096,256,1024,268,612.963,1131.84,612.866,-0.0002
mixed,64,1,0.0156,4.0,16,4096,512,2048,536,800.867,1796.97,805.635,0.0048
mixed,64,1,0.0156,4.0,16,4096,1024,4096,1072,1148.32,4541.49,1177.83,0.0087
mixed,64,1,0.0156,4.0,16,4096,2048,8192,2144,1815.11,9473.57,2126.47,0.0407
mixed,64,1,0.0156,4.0,16,4096,4096,16384,4288,4834.42,21076.5,5322.93,0.0301
mixed,64,1,0.0156,4.0,16,8192,128,512,134,760.099,1051.14,755.555,-0.0156
mixed,64,1,0.0156,4.0,16,8192,256,1024,268,862.691,1412.04,860.866,-0.0033
mixed,64,1,0.0156,4.0,16,8192,512,2048,536,1059.33,2119.69,1066.47,0.0067
mixed,64,1,0.0156,4.0,16,8192,1024,4096,1072,1430.02,4632.14,1438.82,0.0027
mixed,64,1,0.0156,4.0,16,8192,2048,8192,2144,2128.84,9288,2178.66,0.007
mixed,64,1,0.0156,4.0,16,8192,4096,16384,4288,4825.9,21289.4,5482.32,0.0399
mixed,64,1,0.0156,4.0,32,0,128,512,134,254.624,547.651,264.577,0.034
mixed,64,1,0.0156,4.0,32,0,256,1024,268,358.977,930.946,395.232,0.0634
mixed,64,1,0.0156,4.0,32,0,512,2048,536,555.968,1664.71,638.019,0.074
mixed,64,1,0.0156,4.0,32,0,1024,4096,1072,941.508,4316.65,1119.91,0.0529
mixed,64,1,0.0156,4.0,32,0,2048,8192,2144,1677.7,8743.81,2054.02,0.0533
mixed,64,1,0.0156,4.0,32,0,4096,16384,4288,4538.26,17606.2,5093.17,0.0425
mixed,64,1,0.0156,4.0,32,512,128,512,134,274.529,556.771,278.146,0.0128
mixed,64,1,0.0156,4.0,32,512,256,1024,268,372.513,940.996,405.378,0.0578
mixed,64,1,0.0156,4.0,32,512,512,2048,536,563.84,1672.32,644.803,0.073
mixed,64,1,0.0156,4.0,32,512,1024,4096,1072,949.6,4319.06,1127.78,0.0529
mixed,64,1,0.0156,4.0,32,512,2048,8192,2144,1695.46,8734.15,2057.96,0.0515
mixed,64,1,0.0156,4.0,32,512,4096,16384,4288,4535.98,17719,5128.37,0.0449
mixed,64,1,0.0156,4.0,32,1024,128,512,134,315.265,576.739,312.194,-0.0117
mixed,64,1,0.0156,4.0,32,1024,256,1024,268,411.009,949.315,412.769,0.0033
mixed,64,1,0.0156,4.0,32,1024,512,2048,536,585.472,1691.08,653.73,0.0617
mixed,64,1,0.0156,4.0,32,1024,1024,4096,1072,958.532,4352.94,1137.7,0.0528
mixed,64,1,0.0156,4.0,32,1024,2048,8192,2144,1702.69,8747.55,2095.11,0.0557
mixed,64,1,0.0156,4.0,32,1024,4096,16384,4288,4529.65,17538.6,5121.07,0.0455
mixed,64,1,0.0156,4.0,32,2048,128,512,134,383.873,647.584,378.466,-0.0205
mixed,64,1,0.0156,4.0,32,2048,256,1024,268,480.931,989.22,485.091,0.0082
mixed,64,1,0.0156,4.0,32,2048,512,2048,536,654.626,1734.18,669.505,0.0138
mixed,64,1,0.0156,4.0,32,2048,1024,4096,1072,1003.2,4268.95,1145.96,0.0437
mixed,64,1,0.0156,4.0,32,2048,2048,8192,2144,1753.86,8789.31,2111.3,0.0508
mixed,64,1,0.0156,4.0,32,2048,4096,16384,4288,4532.65,18702.6,5101.42,0.0401
mixed,64,1,0.0156,4.0,32,4096,128,512,134,512.099,794.019,508.065,-0.0143
mixed,64,1,0.0156,4.0,32,4096,256,1024,268,616.322,1138.05,613.763,-0.0049
mixed,64,1,0.0156,4.0,32,4096,512,2048,536,802.404,1796.42,805.218,0.0028
mixed,64,1,0.0156,4.0,32,4096,1024,4096,1072,1144.36,4527.6,1174.34,0.0089
mixed,64,1,0.0156,4.0,32,4096,2048,8192,2144,1816.07,9496.9,2121,0.0397
mixed,64,1,0.0156,4.0,32,4096,4096,16384,4288,4832.24,20811.5,5335.09,0.0315
mixed,64,1,0.0156,4.0,32,8192,128,512,134,758.403,1048.04,754.978,-0.0118
mixed,64,1,0.0156,4.0,32,8192,256,1024,268,863.395,1420.36,860.964,-0.0044
mixed,64,1,0.0156,4.0,32,8192,512,2048,536,1057.83,2120.45,1063.65,0.0055
mixed,64,1,0.0156,4.0,32,8192,1024,4096,1072,1430.95,4633.55,1440.04,0.0028
mixed,64,1,0.0156,4.0,32,8192,2048,8192,2144,2139.82,9284.67,2178.6,0.0054
mixed,64,1,0.0156,4.0,32,8192,4096,16384,4288,4825.81,21560.1,5461.3,0.038
mixed,64,1,0.0156,4.0,64,0,128,512,134,256.513,548.545,265.697,0.0314
mixed,64,1,0.0156,4.0,64,0,256,1024,268,360.417,932.899,395.2,0.0608
mixed,64,1,0.0156,4.0,64,0,512,2048,536,557.857,1670.47,640.899,0.0746
mixed,64,1,0.0156,4.0,64,0,1024,4096,1072,938.18,4331.89,1122.63,0.0543
mixed,64,1,0.0156,4.0,64,0,2048,8192,2144,1687.46,8746.66,2061.83,0.053
mixed,64,1,0.0156,4.0,64,0,4096,16384,4288,4546.83,17636.8,5116.53,0.0435
mixed,64,1,0.0156,4.0,64,512,128,512,134,275.393,558.112,280.033,0.0164
mixed,64,1,0.0156,4.0,64,512,256,1024,268,374.306,941.123,404.897,0.054
mixed,64,1,0.0156,4.0,64,512,512,2048,536,565.505,1674.31,647.266,0.0737
mixed,64,1,0.0156,4.0,64,512,1024,4096,1072,986.625,4396.21,1175.68,0.0554
mixed,64,1,0.0156,4.0,64,512,2048,8192,2144,1761.12,8797.7,2072.55,0.0443
mixed,64,1,0.0156,4.0,64,512,4096,16384,4288,4534.1,17733.4,5122.48,0.0446
mixed,64,1,0.0156,4.0,64,1024,128,512,134,317.633,580.962,314.657,-0.0113
mixed,64,1,0.0156,4.0,64,1024,256,1024,268,414.05,950.945,411.52,-0.0047
mixed,64,1,0.0156,4.0,64,1024,512,2048,536,587.17,1700.07,650.755,0.0571
mixed,64,1,0.0156,4.0,64,1024,1024,4096,1072,957.89,4353.49,1136.52,0.0526
mixed,64,1,0.0156,4.0,64,1024,2048,8192,2144,1706.85,8746.5,2101.41,0.056
mixed,64,1,0.0156,4.0,64,1024,4096,16384,4288,4549.65,17677.2,5141.23,0.0451
mixed,64,1,0.0156,4.0,64,2048,128,512,134,384.865,649.571,380.769,-0.0155
mixed,64,1,0.0156,4.0,64,2048,256,1024,268,483.747,993.347,482.721,-0.002
mixed,64,1,0.0156,4.0,64,2048,512,2048,536,657.603,1741.32,671.107,0.0125
mixed,64,1,0.0156,4.0,64,2048,1024,4096,1072,1003.91,4280.91,1142.6,0.0423
mixed,64,1,0.0156,4.0,64,2048,2048,8192,2144,1764.71,8794.05,2121.96,0.0508
mixed,64,1,0.0156,4.0,64,2048,4096,16384,4288,4535.98,17846.9,5102.9,0.0426
mixed,64,1,0.0156,4.0,64,4096,128,512,134,513.408,791.779,509.377,-0.0145
mixed,64,1,0.0156,4.0,64,4096,256,1024,268,618.21,1137.79,613.953,-0.0082
mixed,64,1,0.0156,4.0,64,4096,512,2048,536,804.643,1804.39,808.163,0.0035
mixed,64,1,0.0156,4.0,64,4096,1024,4096,1072,1149.95,4466.67,1179.24,0.0088
mixed,64,1,0.0156,4.0,64,4096,2048,8192,2144,1824.55,9467.01,2114.25,0.0379
mixed,64,1,0.0156,4.0,64,4096,4096,16384,4288,4693.36,20528.9,5354.64,0.0418
mixed,64,1,0.0156,4.0,64,8192,128,512,134,759.332,1052.36,757.794,-0.0052
mixed,64,1,0.0156,4.0,64,8192,256,1024,268,863.556,1426.15,863.365,-0.0003
mixed,64,1,0.0156,4.0,64,8192,512,2048,536,1062.69,2122.95,1067.27,0.0043
mixed,64,1,0.0156,4.0,64,8192,1024,4096,1072,1423.88,4635.48,1450.12,0.0082
mixed,64,1,0.0156,4.0,64,8192,2048,8192,2144,2128.9,9282.43,2183.24,0.0076
mixed,64,1,0.0156,4.0,64,8192,4096,16384,4288,4832.37,21080.2,5497.68,0.0409
mixed,64,1,0.0156,4.0,128,0,128,512,134,269.665,564.866,283.138,0.0456
mixed,64,1,0.0156,4.0,128,0,256,1024,268,390.371,953.156,412.066,0.0385
mixed,64,1,0.0156,4.0,128,0,512,2048,536,570.977,1685.38,654.531,0.075
mixed,64,1,0.0156,4.0,128,0,1024,4096,1072,956.099,4365.55,1137.29,0.0531
mixed,64,1,0.0156,4.0,128,0,2048,8192,2144,1704.23,8751.39,2068.13,0.0516
mixed,64,1,0.0156,4.0,128,0,4096,16384,4288,4547.66,17483.6,5121.81,0.0444
mixed,64,1,0.0156,4.0,128,512,128,512,134,299.104,578.914,296.673,-0.0087
mixed,64,1,0.0156,4.0,128,512,256,1024,268,393.953,961.51,423.331,0.0518
mixed,64,1,0.0156,4.0,128,512,512,2048,536,585.186,1713.77,665.026,0.0707
mixed,64,1,0.0156,4.0,128,512,1024,4096,1072,969.859,4351.5,1146.31,0.0522
mixed,64,1,0.0156,4.0,128,512,2048,8192,2144,1726.66,8764.58,2102.73,0.0534
mixed,64,1,0.0156,4.0,128,512,4096,16384,4288,4554.61,17566.9,5129.84,0.0442
mixed,64,1,0.0156,4.0,128,1024,128,512,134,338.497,604.099,336.768,-0.0065
mixed,64,1,0.0156,4.0,128,1024,256,1024,268,436.993,976.609,438.434,0.0027
mixed,64,1,0.0156,4.0,128,1024,512,2048,536,610.403,1745.61,679.874,0.0612
mixed,64,1,0.0156,4.0,128,1024,1024,4096,1072,983.138,4350.09,1163.39,0.0535
mixed,64,1,0.0156,4.0,128,1024,2048,8192,2144,1754.28,8766.62,2115.66,0.0515
mixed,64,1,0.0156,4.0,128,1024,4096,16384,4288,4558.57,17588.6,5150.8,0.0455
mixed,64,1,0.0156,4.0,128,2048,128,512,134,416.579,689.379,414.466,-0.0077
mixed,64,1,0.0156,4.0,128,2048,256,1024,268,515.777,1037.86,519.875,0.0078
mixed,64,1,0.0156,4.0,128,2048,512,2048,536,696.707,1774.24,703.587,0.0064
mixed,64,1,0.0156,4.0,128,2048,1024,4096,1072,1041.48,4265.45,1186.05,0.0448
mixed,64,1,0.0156,4.0,128,2048,2048,8192,2144,1791.85,8782.21,2149.77,0.0512
mixed,64,1,0.0156,4.0,128,2048,4096,16384,4288,4536.85,17620.9,5069.78,0.0407
mixed,64,1,0.0156,4.0,128,4096,128,512,134,558.274,845.411,556.642,-0.0057
mixed,64,1,0.0156,4.0,128,4096,256,1024,268,663.04,1196.71,669.153,0.0115
mixed,64,1,0.0156,4.0,128,4096,512,2048,536,853.796,1894.54,861.731,0.0076
mixed,64,1,0.0156,4.0,128,4096,1024,4096,1072,1204.45,4549.36,1224.39,0.006
mixed,64,1,0.0156,4.0,128,4096,2048,8192,2144,1912.49,9755.94,2190.02,0.0354
mixed,64,1,0.0156,4.0,128,4096,4096,16384,4288,4764.34,22644.5,5440.79,0.0378
mixed,64,1,0.0156,4.0,128,8192,128,512,134,807.074,1128.07,805.762,-0.0041
mixed,64,1,0.0156,4.0,128,8192,256,1024,268,921.346,1506.05,922.434,0.0019
mixed,64,1,0.0156,4.0,128,8192,512,2048,536,1140.96,2203.53,1146.66,0.0054
mixed,64,1,0.0156,4.0,128,8192,1024,4096,1072,1514.37,4759.06,1531.3,0.0052
mixed,64,1,0.0156,4.0,128,8192,2048,8192,2144,2219.05,9127.68,2264.49,0.0066
mixed,64,1,0.0156,4.0,128,8192,4096,16384,4288,5029.08,22547.1,5476.27,0.0255
mixed,64,1,0.0156,4.0,256,0,128,512,134,298.817,590.081,311.522,0.0436
mixed,64,1,0.0156,4.0,256,0,256,1024,268,404.415,978.659,442.05,0.0655
mixed,64,1,0.0156,4.0,256,0,512,2048,536,599.555,1726.85,685.955,0.0766
mixed,64,1,0.0156,4.0,256,0,1024,4096,1072,986.34,4370.06,1161.99,0.0519
mixed,64,1,0.0156,4.0,256,0,2048,8192,2144,1741.22,8773.89,2113.09,0.0529
mixed,64,1,0.0156,4.0,256,0,4096,16384,4288,4573.17,17594.6,5142.64,0.0437
mixed,64,1,0.0156,4.0,256,512,128,512,134,344.224,614.05,341.827,-0.0089
mixed,64,1,0.0156,4.0,256,512,256,1024,268,442.435,1001.73,465.698,0.0416
mixed,64,1,0.0156,4.0,256,512,512,2048,536,621.987,1763.94,710.243,0.0773
mixed,64,1,0.0156,4.0,256,512,1024,4096,1072,1007.4,4383.08,1191.05,0.0544
mixed,64,1,0.0156,4.0,256,512,2048,8192,2144,1774.41,8778.37,2144.39,0.0528
mixed,64,1,0.0156,4.0,256,512,4096,16384,4288,4603.06,17612,5242.93,0.0492
mixed,64,1,0.0156,4.0,256,1024,128,512,134,394.305,661.987,390.689,-0.0135
mixed,64,1,0.0156,4.0,256,1024,256,1024,268,490.561,1020.48,491.715,0.0022
mixed,64,1,0.0156,4.0,256,1024,512,2048,536,667.939,1792.81,729.891,0.0551
mixed,64,1,0.0156,4.0,256,1024,1024,4096,1072,1027.56,4365.81,1211.17,0.055
mixed,64,1,0.0156,4.0,256,1024,2048,8192,2144,1800.64,8834.02,2157.64,0.0508
mixed,64,1,0.0156,4.0,256,1024,4096,16384,4288,4583.28,17615.8,5164.76,0.0446
mixed,64,1,0.0156,4.0,256,2048,128,512,134,486.273,762.529,487.041,0.0028
mixed,64,1,0.0156,4.0,256,2048,256,1024,268,587.875,1109.73,586.178,-0.0033
mixed,64,1,0.0156,4.0,256,2048,512,2048,536,768.255,1834.35,776.802,0.008
mixed,64,1,0.0156,4.0,256,2048,1024,4096,1072,1113.76,4425.74,1260.51,0.0443
mixed,64,1,0.0156,4.0,256,2048,2048,8192,2144,1847.72,8906.63,2226.12,0.0536
mixed,64,1,0.0156,4.0,256,2048,4096,16384,4288,4694.7,19439.6,5306.39,0.0415
mixed,64,1,0.0156,4.0,256,4096,128,512,134,665.091,948.576,662.594,-0.0088
mixed,64,1,0.0156,4.0,256,4096,256,1024,268,764.257,1309.86,761.089,-0.0058
mixed,64,1,0.0156,4.0,256,4096,512,2048,536,951.267,2000.58,962.436,0.0106
mixed,64,1,0.0156,4.0,256,4096,1024,4096,1072,1315.08,4545.45,1338.53,0.0073
mixed,64,1,0.0156,4.0,256,4096,2048,8192,2144,2013.25,10619.7,2317.35,0.0353
mixed,64,1,0.0156,4.0,256,4096,4096,16384,4288,4785.97,27311.4,5358.33,0.0254
mixed,64,1,0.0156,4.0,256,8192,128,512,134,959.875,1304.13,959.137,-0.0021
mixed,64,1,0.0156,4.0,256,8192,256,1024,268,1109.51,1684.48,1116.42,0.012
mixed,64,1,0.0156,4.0,256,8192,512,2048,536,1312.36,2388.74,1321.09,0.0081
mixed,64,1,0.0156,4.0,256,8192,1024,4096,1072,1690.34,4783.44,1710.72,0.0066
mixed,64,1,0.0156,4.0,256,8192,2048,8192,2144,2400.87,9238.11,2465.45,0.0094
mixed,64,1,0.0156,4.0,256,8192,4096,16384,4288,4969.58,26209.4,5517.33,0.0258
mixed,64,1,0.0156,4.0,512,0,128,512,134,379.331,665.378,383.648,0.0151
mixed,64,1,0.0156,4.0,512,0,256,1024,268,475.617,1052.29,512.672,0.0643
mixed,64,1,0.0156,4.0,512,0,512,2048,536,674.308,1814.54,756.162,0.0718
mixed,64,1,0.0156,4.0,512,0,1024,4096,1072,1059.97,4390.67,1235.01,0.0526
mixed,64,1,0.0156,4.0,512,0,2048,8192,2144,1833.61,8808.93,2198.44,0.0523
mixed,64,1,0.0156,4.0,512,0,4096,16384,4288,4613.71,17535.7,5208.02,0.046
mixed,64,1,0.0156,4.0,512,512,128,512,134,450.498,716.033,448.708,-0.0067
mixed,64,1,0.0156,4.0,512,512,256,1024,268,544.289,1095.11,549.505,0.0095
mixed,64,1,0.0156,4.0,512,512,512,2048,536,719.522,1860,798.529,0.0693
mixed,64,1,0.0156,4.0,512,512,1024,4096,1072,1101.44,4427.73,1283.81,0.0548
mixed,64,1,0.0156,4.0,512,512,2048,8192,2144,1871.14,8810.24,2242.89,0.0536
mixed,64,1,0.0156,4.0,512,512,4096,16384,4288,4628.94,17765.2,5242.35,0.0467
mixed,64,1,0.0156,4.0,512,1024,128,512,134,518.369,781.411,515.747,-0.01
mixed,64,1,0.0156,4.0,512,1024,256,1024,268,612.706,1141.51,612.865,0.0003
mixed,64,1,0.0156,4.0,512,1024,512,2048,536,786.403,1899.27,834.659,0.0434
mixed,64,1,0.0156,4.0,512,1024,1024,4096,1072,1146.12,4427.31,1327.01,0.0551
mixed,64,1,0.0156,4.0,512,1024,2048,8192,2144,1914.31,8845.76,2275.34,0.0521
mixed,64,1,0.0156,4.0,512,1024,4096,16384,4288,4641.33,17782.4,5266.64,0.0476
mixed,64,1,0.0156,4.0,512,2048,128,512,134,650.082,916.162,643.971,-0.023
mixed,64,1,0.0156,4.0,512,2048,256,1024,268,739.395,1274.15,742.242,0.0053
mixed,64,1,0.0156,4.0,512,2048,512,2048,536,924.45,2002.12,932.004,0.007
mixed,64,1,0.0156,4.0,512,2048,1024,4096,1072,1283.3,4371.57,1398.92,0.0374
mixed,64,1,0.0156,4.0,512,2048,2048,8192,2144,2025.54,9863.49,2372.01,0.0442
mixed,64,1,0.0156,4.0,512,2048,4096,16384,4288,4707.19,19619.5,5237.07,0.0355
mixed,64,1,0.0156,4.0,512,4096,128,512,134,891.78,1176.36,896.963,0.0182
mixed,64,1,0.0156,4.0,512,4096,256,1024,268,991.844,1542.31,989.732,-0.0038
mixed,64,1,0.0156,4.0,512,4096,512,2048,536,1177.57,2244.55,1191.75,0.0133
mixed,64,1,0.0156,4.0,512,4096,1024,4096,1072,1548.68,4837.01,1576.2,0.0084
mixed,64,1,0.0156,4.0,512,4096,2048,8192,2144,2273.57,12230.9,2525,0.0253
mixed,64,1,0.0156,4.0,512,4096,4096,16384,4288,5026.71,30109.1,5637.88,0.0244
mixed,64,1,0.0156,4.0,512,8192,128,512,134,1356.71,1663.27,1365.19,0.0277
mixed,64,1,0.0156,4.0,512,8192,256,1024,268,1461.8,2058.02,1468.84,0.0118
mixed,64,1,0.0156,4.0,512,8192,512,2048,536,1681.03,2779.43,1678.79,-0.002
mixed,64,1,0.0156,4.0,512,8192,1024,4096,1072,2059.01,5115.19,2082.41,0.0077
mixed,64,1,0.0156,4.0,512,8192,2048,8192,2144,2798.99,9742.66,2833.9,0.005
mixed,64,1,0.0156,4.0,512,8192,4096,16384,4288,5335.22,29877.3,5854.62,0.0212
mixed,64,1,0.0156,4.0,1024,0,128,512,134,579.938,841.251,580.515,0.0022
mixed,64,1,0.0156,4.0,1024,0,256,1024,268,669.442,1227.14,675.426,0.0107
mixed,64,1,0.0156,4.0,1024,0,512,2048,536,849.091,1990.98,923.234,0.0649
mixed,64,1,0.0156,4.0,1024,0,1024,4096,1072,1239.46,4475.66,1409.83,0.0526
mixed,64,1,0.0156,4.0,1024,0,2048,8192,2144,2000.58,8875.36,2368.68,0.0535
mixed,64,1,0.0156,4.0,1024,0,4096,16384,4288,4690.58,17734.9,5318.99,0.0482
mixed,64,1,0.0156,4.0,1024,512,128,512,134,684.192,948.77,685.506,0.005
mixed,64,1,0.0156,4.0,1024,512,256,1024,268,777.345,1306.02,775.971,-0.0026
mixed,64,1,0.0156,4.0,1024,512,512,2048,536,952.1,2073.77,1002.69,0.0451
mixed,64,1,0.0156,4.0,1024,512,1024,4096,1072,1318.12,4624.88,1483.88,0.0501
mixed,64,1,0.0156,4.0,1024,512,2048,8192,2144,2079.94,8958.53,2451.34,0.054
mixed,64,1,0.0156,4.0,1024,512,4096,16384,4288,4835.35,17790.6,5367.57,0.0411
mixed,64,1,0.0156,4.0,1024,1024,128,512,134,795.873,1056.07,796.354,0.0018
mixed,64,1,0.0156,4.0,1024,1024,256,1024,268,882.784,1414.76,888.355,0.0105
mixed,64,1,0.0156,4.0,1024,1024,512,2048,536,1068.36,2147.53,1076.87,0.0079
mixed,64,1,0.0156,4.0,1024,1024,1024,4096,1072,1414.57,4468.21,1564.61,0.0491
mixed,64,1,0.0156,4.0,1024,1024,2048,8192,2144,2170.31,9803.11,2524.71,0.0464
mixed,64,1,0.0156,4.0,1024,1024,4096,16384,4288,4831.22,19340,5490.32,0.0454
mixed,64,1,0.0156,4.0,1024,2048,128,512,134,997.572,1265.06,1000.71,0.0117
mixed,64,1,0.0156,4.0,1024,2048,256,1024,268,1089.8,1634.28,1091.17,0.0025
mixed,64,1,0.0156,4.0,1024,2048,512,2048,536,1270.85,2309,1284.71,0.0133
mixed,64,1,0.0156,4.0,1024,2048,1024,4096,1072,1642.4,4640.05,1728.93,0.0289
mixed,64,1,0.0156,4.0,1024,2048,2048,8192,2144,2321.83,11311.4,2688.01,0.0407
mixed,64,1,0.0156,4.0,1024,2048,4096,16384,4288,5022.32,23837.5,5505.52,0.0257
mixed,64,1,0.0156,4.0,1024,4096,128,512,134,1405.25,1676.61,1402.12,-0.0116
mixed,64,1,0.0156,4.0,1024,4096,256,1024,268,1495.14,2050.43,1495.94,0.0014
mixed,64,1,0.0156,4.0,1024,4096,512,2048,536,1682.12,2760.87,1700.42,0.017
mixed,64,1,0.0156,4.0,1024,4096,1024,4096,1072,2069.61,4983.19,2088.23,0.0064
mixed,64,1,0.0156,4.0,1024,4096,2048,8192,2144,2766.31,15042.7,3012.87,0.0201
mixed,64,1,0.0156,4.0,1024,4096,4096,16384,4288,5224.21,32686,5955.73,0.0266
mixed,64,1,0.0156,4.0,1024,8192,128,512,134,2180.03,2487.08,2169.09,-0.0356
mixed,64,1,0.0156,4.0,1024,8192,256,1024,268,2301.96,2863.59,2292.77,-0.0164
mixed,64,1,0.0156,4.0,1024,8192,512,2048,536,2490.06,3596.75,2498.31,0.0075
mixed,64,1,0.0156,4.0,1024,8192,1024,4096,1072,2868.62,5013.71,2888.59,0.0093
mixed,64,1,0.0156,4.0,1024,8192,2048,8192,2144,3614.09,10065.2,3662.38,0.0075
mixed,64,1,0.0156,4.0,1024,8192,4096,16384,4288,5151.25,32223.4,5669.27,0.0191
mixed,64,1,0.0156,4.0,2048,0,128,512,134,1100.87,1359.88,1100.16,-0.0027
mixed,64,1,0.0156,4.0,2048,0,256,1024,268,1193.25,1715.88,1191.84,-0.0027
mixed,64,1,0.0156,4.0,2048,0,512,2048,536,1373.16,2449.51,1386.37,0.0123
mixed,64,1,0.0156,4.0,2048,0,1024,4096,1072,1718.44,4693.36,1876.55,0.0531
mixed,64,1,0.0156,4.0,2048,0,2048,8192,2144,2456.97,10328.6,2811.4,0.045
mixed,64,1,0.0156,4.0,2048,0,4096,16384,4288,5034.35,20761.2,5463.28,0.0273
mixed,64,1,0.0156,4.0,2048,512,128,512,134,1292.61,1546.34,1285.92,-0.0264
mixed,64,1,0.0156,4.0,2048,512,256,1024,268,1375.24,1902.12,1384.19,0.017
mixed,64,1,0.0156,4.0,2048,512,512,2048,536,1553.54,2610.22,1564.42,0.0103
mixed,64,1,0.0156,4.0,2048,512,1024,4096,1072,1914.85,4660.27,2020.26,0.0384
mixed,64,1,0.0156,4.0,2048,512,2048,8192,2144,2631.02,11510.4,2978.96,0.0392
mixed,64,1,0.0156,4.0,2048,512,4096,16384,4288,5056.31,24583.4,5516.85,0.0236
mixed,64,1,0.0156,4.0,2048,1024,128,512,134,1470.72,1730.54,1482.27,0.0444
mixed,64,1,0.0156,4.0,2048,1024,256,1024,268,1564,2100.97,1569.03,0.0094
mixed,64,1,0.0156,4.0,2048,1024,512,2048,536,1740.62,2788.36,1756.16,0.0148
mixed,64,1,0.0156,4.0,2048,1024,1024,4096,1072,2109.12,4832.02,2180.61,0.0263
mixed,64,1,0.0156,4.0,2048,1024,2048,8192,2144,2790.63,11725.6,3132.2,0.0382
mixed,64,1,0.0156,4.0,2048,1024,4096,16384,4288,5113.01,26384.2,5514.07,0.0189
mixed,64,1,0.0156,4.0,2048,2048,128,512,134,1843.94,2103.02,1848.61,0.018
mixed,64,1,0.0156,4.0,2048,2048,256,1024,268,1936.74,2464.61,1941.86,0.0097
mixed,64,1,0.0156,4.0,2048,2048,512,2048,536,2106.31,3141.26,2113.96,0.0074
mixed,64,1,0.0156,4.0,2048,2048,1024,4096,1072,2476.88,4645.84,2497.67,0.0096
mixed,64,1,0.0156,4.0,2048,2048,2048,8192,2144,3155.34,15576.5,3462.16,0.0247
mixed,64,1,0.0156,4.0,2048,2048,4096,16384,4288,4782.13,31709.5,5428.6,0.024
mixed,64,1,0.0156,4.0,2048,4096,128,512,134,2570.47,2827.3,2563.43,-0.0274
mixed,64,1,0.0156,4.0,2048,4096,256,1024,268,2658.31,3185.42,2662.73,0.0084
mixed,64,1,0.0156,4.0,2048,4096,512,2048,536,2851.62,3879.47,2850.63,-0.001
mixed,64,1,0.0156,4.0,2048,4096,1024,4096,1072,3191.88,5452.46,3215.28,0.0104
mixed,64,1,0.0156,4.0,2048,4096,2048,8192,2144,3895.09,16153.1,4080.14,0.0151
mixed,64,1,0.0156,4.0,2048,4096,4096,16384,4288,5851.86,33066.1,7191.74,0.0492
mixed,64,1,0.0156,4.0,2048,8192,128,512,134,4019.98,4278.6,4007.72,-0.0474
mixed,64,1,0.0156,4.0,2048,8192,256,1024,268,4101.13,4640.82,4101.42,0.0005
mixed,64,1,0.0156,4.0,2048,8192,512,2048,536,4286.64,5382.64,4297.45,0.0099
mixed,64,1,0.0156,4.0,2048,8192,1024,4096,1072,4647.56,7049.21,4673.1,0.0106
mixed,64,1,0.0156,4.0,2048,8192,2048,8192,2144,5400.82,11643.6,5443.35,0.0068
mixed,64,1,0.0156,4.0,2048,8192,4096,16384,4288,7310.81,32672.3,7609.47,0.0118
pure,64,2,0.0312,4.0,0,0,128,512,140,124.065,382.466,135.457,0.0441
pure,64,2,0.0312,4.0,0,0,256,1024,280,219.168,663.936,254.978,0.0805
pure,64,2,0.0312,4.0,0,0,512,2048,560,409.503,1193.44,477.024,0.0861
pure,64,2,0.0312,4.0,0,0,1024,4096,1120,706.113,2250.86,856.388,0.0973
pure,64,2,0.0312,4.0,0,0,2048,8192,2240,1290.08,4386.74,1580.39,0.0937
pure,64,2,0.0312,4.0,0,0,4096,16384,4480,2449.8,8575.78,3057.13,0.0991
mixed,64,2,0.0312,4.0,16,0,128,512,140,255.617,548.834,273.185,0.0599
mixed,64,2,0.0312,4.0,16,0,256,1024,280,363.456,933.603,406.338,0.0752
mixed,64,2,0.0312,4.0,16,0,512,2048,560,560.867,1664.68,656.258,0.0864
mixed,64,2,0.0312,4.0,16,0,1024,4096,1120,947.202,4335.54,1155.71,0.0615
mixed,64,2,0.0312,4.0,16,0,2048,8192,2240,1776.39,8762.24,2149,0.0533
mixed,64,2,0.0312,4.0,16,0,4096,16384,4480,4798.51,17581.4,5545.75,0.0585
mixed,64,2,0.0312,4.0,16,512,128,512,140,270.944,555.041,280.352,0.0331
mixed,64,2,0.0312,4.0,16,512,256,1024,280,372.194,937.217,413.088,0.0724
mixed,64,2,0.0312,4.0,16,512,512,2048,560,566.147,1667.37,668.611,0.093
mixed,64,2,0.0312,4.0,16,512,1024,4096,1120,949.317,4322,1161.86,0.063
mixed,64,2,0.0312,4.0,16,512,2048,8192,2240,1781.32,8740.58,2142.41,0.0519
mixed,64,2,0.0312,4.0,16,512,4096,16384,4480,4806.1,17572.3,5553.2,0.0585
mixed,64,2,0.0312,4.0,16,1024,128,512,140,311.2,574.113,313.312,0.008
mixed,64,2,0.0312,4.0,16,1024,256,1024,280,410.945,946.148,420.704,0.0182
mixed,64,2,0.0312,4.0,16,1024,512,2048,560,587.394,1689.61,672.578,0.0773
mixed,64,2,0.0312,4.0,16,1024,1024,4096,1120,960.418,4342.9,1173.35,0.063
mixed,64,2,0.0312,4.0,16,1024,2048,8192,2240,1798.02,8757.32,2148.62,0.0504
mixed,64,2,0.0312,4.0,16,1024,4096,16384,4480,4794.51,17680.6,5586.3,0.0614
mixed,64,2,0.0312,4.0,16,2048,128,512,140,384.066,647.17,383.297,-0.0029
mixed,64,2,0.0312,4.0,16,2048,256,1024,280,480.929,994.692,492.738,0.023
mixed,64,2,0.0312,4.0,16,2048,512,2048,560,659.713,1734.69,682.53,0.0212
mixed,64,2,0.0312,4.0,16,2048,1024,4096,1120,1007.11,4263.15,1184.67,0.0545
mixed,64,2,0.0312,4.0,16,2048,2048,8192,2240,1848.04,8767.97,2178.5,0.0478
mixed,64,2,0.0312,4.0,16,2048,4096,16384,4480,4802.58,17663.9,5508.63,0.0549
mixed,64,2,0.0312,4.0,16,4096,128,512,140,512.482,794.817,513.729,0.0044
mixed,64,2,0.0312,4.0,16,4096,256,1024,280,617.184,1132.48,628.29,0.0216
mixed,64,2,0.0312,4.0,16,4096,512,2048,560,805.762,1797.99,815.424,0.0097
mixed,64,2,0.0312,4.0,16,4096,1024,4096,1120,1152.61,4532.94,1202.09,0.0146
mixed,64,2,0.0312,4.0,16,4096,2048,8192,2240,1900.58,9493.09,2196.93,0.039
mixed,64,2,0.0312,4.0,16,4096,4096,16384,4480,5094.86,20705.9,5708.72,0.0393
mixed,64,2,0.0312,4.0,16,8192,128,512,140,759.011,1052.99,761.795,0.0095
mixed,64,2,0.0312,4.0,16,8192,256,1024,280,869.826,1410.02,877.665,0.0145
mixed,64,2,0.0312,4.0,16,8192,512,2048,560,1063.11,2114.95,1093.06,0.0285
mixed,64,2,0.0312,4.0,16,8192,1024,4096,1120,1435.72,4620.08,1471.97,0.0114
mixed,64,2,0.0312,4.0,16,8192,2048,8192,2240,2231.34,9297.15,2226.76,-0.0006
mixed,64,2,0.0312,4.0,16,8192,4096,16384,4480,5062.29,20825.2,5613.01,0.0349
mixed,64,2,0.0312,4.0,32,0,128,512,140,255.233,546.911,273.311,0.062
mixed,64,2,0.0312,4.0,32,0,256,1024,280,362.56,931.616,407.745,0.0794
mixed,64,2,0.0312,4.0,32,0,512,2048,560,562.434,1666.21,654.017,0.083
mixed,64,2,0.0312,4.0,32,0,1024,4096,1120,950.115,4323.37,1154.72,0.0607
mixed,64,2,0.0312,4.0,32,0,2048,8192,2240,1776.68,8746.11,2145.54,0.0529
mixed,64,2,0.0312,4.0,32,0,4096,16384,4480,4796.18,17807.8,5563.41,0.059
mixed,64,2,0.0312,4.0,32,512,128,512,140,273.698,556.511,282.752,0.032
mixed,64,2,0.0312,4.0,32,512,256,1024,280,376.225,940.45,416.097,0.0707
mixed,64,2,0.0312,4.0,32,512,512,2048,560,568.93,1674.79,669.251,0.0907
mixed,64,2,0.0312,4.0,32,512,1024,4096,1120,956.067,4338.71,1164.36,0.0616
mixed,64,2,0.0312,4.0,32,512,2048,8192,2240,1786.66,8760.42,2153.86,0.0527
mixed,64,2,0.0312,4.0,32,512,4096,16384,4480,4795.44,17905.7,5578.39,0.0597
mixed,64,2,0.0312,4.0,32,1024,128,512,140,315.713,594.946,330.178,0.0518
mixed,64,2,0.0312,4.0,32,1024,256,1024,280,429.09,986.242,439.742,0.0191
mixed,64,2,0.0312,4.0,32,1024,512,2048,560,588.61,1765.19,699.843,0.0945
mixed,64,2,0.0312,4.0,32,1024,1024,4096,1120,1003.62,4350.73,1175.75,0.0514
mixed,64,2,0.0312,4.0,32,1024,2048,8192,2240,1804.29,8746.02,2136.65,0.0479
mixed,64,2,0.0312,4.0,32,1024,4096,16384,4480,4812.88,17834.7,5597.46,0.0603
mixed,64,2,0.0312,4.0,32,2048,128,512,140,384.898,646.914,382.626,-0.0087
mixed,64,2,0.0312,4.0,32,2048,256,1024,280,481.858,991.78,492.736,0.0213
mixed,64,2,0.0312,4.0,32,2048,512,2048,560,658.242,1738.34,685.059,0.0248
mixed,64,2,0.0312,4.0,32,2048,1024,4096,1120,1008.16,4260.91,1183.91,0.054
mixed,64,2,0.0312,4.0,32,2048,2048,8192,2240,1851.81,8790.24,2178.76,0.0471
mixed,64,2,0.0312,4.0,32,2048,4096,16384,4480,4784.31,18546.2,5526,0.0539
mixed,64,2,0.0312,4.0,32,4096,128,512,140,512.993,795.457,513.571,0.002
mixed,64,2,0.0312,4.0,32,4096,256,1024,280,618.593,1141.19,627.458,0.017
mixed,64,2,0.0312,4.0,32,4096,512,2048,560,807.619,1800.93,814.978,0.0074
mixed,64,2,0.0312,4.0,32,4096,1024,4096,1120,1150.08,4597.78,1203.62,0.0155
mixed,64,2,0.0312,4.0,32,4096,2048,8192,2240,1901.86,9468.46,2197.48,0.0391
mixed,64,2,0.0312,4.0,32,4096,4096,16384,4480,5089.65,20823.5,5709.65,0.0394
mixed,64,2,0.0312,4.0,32,8192,128,512,140,757.731,1054.15,762.755,0.0169
mixed,64,2,0.0312,4.0,32,8192,256,1024,280,867.073,1423.53,875.363,0.0149
mixed,64,2,0.0312,4.0,32,8192,512,2048,560,1066.08,2120.52,1092.16,0.0247
mixed,64,2,0.0312,4.0,32,8192,1024,4096,1120,1437.03,4631.34,1479.85,0.0134
mixed,64,2,0.0312,4.0,32,8192,2048,8192,2240,2225,9279.36,2224.01,-0.0001
mixed,64,2,0.0312,4.0,32,8192,4096,16384,4480,5064.95,21529.5,5636.66,0.0347
mixed,64,2,0.0312,4.0,64,0,128,512,140,255.968,550.819,274.177,0.0618
mixed,64,2,0.0312,4.0,64,0,256,1024,280,363.873,930.691,407.49,0.077
mixed,64,2,0.0312,4.0,64,0,512,2048,560,560.033,1669.7,659.105,0.0893
mixed,64,2,0.0312,4.0,64,0,1024,4096,1120,949.54,4329.2,1160.23,0.0623
mixed,64,2,0.0312,4.0,64,0,2048,8192,2240,1780.39,8745.38,2149.93,0.0531
mixed,64,2,0.0312,4.0,64,0,4096,16384,4480,4810.51,18223.2,5580.53,0.0574
mixed,64,2,0.0312,4.0,64,512,128,512,140,275.586,557.889,284.225,0.0306
mixed,64,2,0.0312,4.0,64,512,256,1024,280,377.122,942.722,416.065,0.0689
mixed,64,2,0.0312,4.0,64,512,512,2048,560,569.376,1674.44,669.891,0.091
mixed,64,2,0.0312,4.0,64,512,1024,4096,1120,957.411,4328.85,1169.8,0.063
mixed,64,2,0.0312,4.0,64,512,2048,8192,2240,1789.38,8755.58,2147.49,0.0514
mixed,64,2,0.0312,4.0,64,512,4096,16384,4480,4802.61,18206.2,5579.03,0.0579
mixed,64,2,0.0312,4.0,64,1024,128,512,140,317.505,581.858,315.715,-0.0068
mixed,64,2,0.0312,4.0,64,1024,256,1024,280,414.56,953.092,425.442,0.0202
mixed,64,2,0.0312,4.0,64,1024,512,2048,560,592.802,1700.71,677.376,0.0763
mixed,64,2,0.0312,4.0,64,1024,1024,4096,1120,964.899,4340.85,1178.24,0.0632
mixed,64,2,0.0312,4.0,64,1024,2048,8192,2240,1811.02,8751.78,2161.35,0.0505
mixed,64,2,0.0312,4.0,64,1024,4096,16384,4480,4812.08,17659.1,5624.02,0.0632
mixed,64,2,0.0312,4.0,64,2048,128,512,140,386.242,650.69,384.514,-0.0065
mixed,64,2,0.0312,4.0,64,2048,256,1024,280,483.298,995.236,492.8,0.0186
mixed,64,2,0.0312,4.0,64,2048,512,2048,560,661.347,1739.3,686.019,0.0229
mixed,64,2,0.0312,4.0,64,2048,1024,4096,1120,1006.95,4280.56,1188,0.0553
mixed,64,2,0.0312,4.0,64,2048,2048,8192,2240,1926.86,8858.91,2184.17,0.0371
mixed,64,2,0.0312,4.0,64,2048,4096,16384,4480,4796.79,17705.2,5524.47,0.0564
mixed,64,2,0.0312,4.0,64,4096,128,512,140,514.337,798.242,515.425,0.0038
mixed,64,2,0.0312,4.0,64,4096,256,1024,280,619.329,1138.5,628.641,0.0179
mixed,64,2,0.0312,4.0,64,4096,512,2048,560,807.618,1804.77,823.715,0.0161
mixed,64,2,0.0312,4.0,64,4096,1024,4096,1120,1153.7,4474.39,1204.61,0.0153
mixed,64,2,0.0312,4.0,64,4096,2048,8192,2240,1910.25,9460.17,2203.34,0.0388
mixed,64,2,0.0312,4.0,64,4096,4096,16384,4480,5084.72,20378.9,5692.21,0.0397
mixed,64,2,0.0312,4.0,64,8192,128,512,140,760.161,1055.62,762.083,0.0065
mixed,64,2,0.0312,4.0,64,8192,256,1024,280,868.738,1425.29,875.331,0.0118
mixed,64,2,0.0312,4.0,64,8192,512,2048,560,1065.47,2124.07,1091.94,0.025
mixed,64,2,0.0312,4.0,64,8192,1024,4096,1120,1433.06,4640.11,1475.97,0.0134
mixed,64,2,0.0312,4.0,64,8192,2048,8192,2240,2236.45,9294.82,2227.24,-0.0013
mixed,64,2,0.0312,4.0,64,8192,4096,16384,4480,5076.14,21266.5,5608.34,0.0329
mixed,64,2,0.0312,4.0,128,0,128,512,140,269.569,564.611,287.678,0.0614
mixed,64,2,0.0312,4.0,128,0,256,1024,280,377.634,952.354,423.232,0.0793
mixed,64,2,0.0312,4.0,128,0,512,2048,560,574.403,1687.04,672.77,0.0884
mixed,64,2,0.0312,4.0,128,0,1024,4096,1120,967.042,4338.95,1173.32,0.0612
mixed,64,2,0.0312,4.0,128,0,2048,8192,2240,1793.7,8748.87,2162.28,0.053
mixed,64,2,0.0312,4.0,128,0,4096,16384,4480,4806.1,17463.6,5574.1,0.0607
mixed,64,2,0.0312,4.0,128,512,128,512,140,299.553,599.715,312.098,0.0418
mixed,64,2,0.0312,4.0,128,512,256,1024,280,399.264,961.858,435.553,0.0645
mixed,64,2,0.0312,4.0,128,512,512,2048,560,589.218,1715.01,689.156,0.0888
mixed,64,2,0.0312,4.0,128,512,1024,4096,1120,1014.18,4418.61,1186.66,0.0507
mixed,64,2,0.0312,4.0,128,512,2048,8192,2240,1817.8,8758.15,2180.78,0.0523
mixed,64,2,0.0312,4.0,128,512,4096,16384,4480,4812.37,17813.9,5657.72,0.065
mixed,64,2,0.0312,4.0,128,1024,128,512,140,351.744,629.379,341.665,-0.0363
mixed,64,2,0.0312,4.0,128,1024,256,1024,280,439.072,976.355,448.096,0.0168
mixed,64,2,0.0312,4.0,128,1024,512,2048,560,615.043,1745.86,698.017,0.0734
mixed,64,2,0.0312,4.0,128,1024,1024,4096,1120,993.54,4351.95,1196.55,0.0604
mixed,64,2,0.0312,4.0,128,1024,2048,8192,2240,1852.49,8768.93,2189,0.0487
mixed,64,2,0.0312,4.0,128,1024,4096,16384,4480,4818.38,17470.1,5601.53,0.0619
mixed,64,2,0.0312,4.0,128,2048,128,512,140,416.481,688.962,418.176,0.0062
mixed,64,2,0.0312,4.0,128,2048,256,1024,280,513.537,1035.3,527.169,0.0261
mixed,64,2,0.0312,4.0,128,2048,512,2048,560,700.384,1774.18,720.77,0.019
mixed,64,2,0.0312,4.0,128,2048,1024,4096,1120,1050.37,4260.21,1215.59,0.0515
mixed,64,2,0.0312,4.0,128,2048,2048,8192,2240,1888,8824.19,2214.34,0.047
mixed,64,2,0.0312,4.0,128,2048,4096,16384,4480,4806.48,17748.7,5509.62,0.0543
mixed,64,2,0.0312,4.0,128,4096,128,512,140,557.826,847.042,560.961,0.0108
mixed,64,2,0.0312,4.0,128,4096,256,1024,280,664.547,1195.27,676.261,0.0221
mixed,64,2,0.0312,4.0,128,4096,512,2048,560,856.003,1889.38,877.538,0.0208
mixed,64,2,0.0312,4.0,128,4096,1024,4096,1120,1213.47,4559.06,1264.1,0.0151
mixed,64,2,0.0312,4.0,128,4096,2048,8192,2240,1996.58,9789.99,2240.04,0.0312
mixed,64,2,0.0312,4.0,128,4096,4096,16384,4480,5020.31,23091,5652.89,0.035
mixed,64,2,0.0312,4.0,128,8192,128,512,140,806.178,1130.82,808.353,0.0067
mixed,64,2,0.0312,4.0,128,8192,256,1024,280,924.388,1503.4,934.69,0.0178
mixed,64,2,0.0312,4.0,128,8192,512,2048,560,1144.9,2203.53,1165.15,0.0191
mixed,64,2,0.0312,4.0,128,8192,1024,4096,1120,1521.7,4794.39,1570.69,0.015
mixed,64,2,0.0312,4.0,128,8192,2048,8192,2240,2305.39,9141.03,2322.79,0.0025
mixed,64,2,0.0312,4.0,128,8192,4096,16384,4480,5229.01,22773.1,5735.83,0.0289
mixed,64,2,0.0312,4.0,256,0,128,512,140,298.402,592.832,317.089,0.0635
mixed,64,2,0.0312,4.0,256,0,256,1024,280,407.555,981.636,452.45,0.0782
mixed,64,2,0.0312,4.0,256,0,512,2048,560,603.461,1727.24,703.715,0.0892
mixed,64,2,0.0312,4.0,256,0,1024,4096,1120,995.682,4359.25,1204.39,0.062
mixed,64,2,0.0312,4.0,256,0,2048,8192,2240,1835.88,8764.29,2202.57,0.0529
mixed,64,2,0.0312,4.0,256,0,4096,16384,4480,4843.86,17805.3,5612.44,0.0593
mixed,64,2,0.0312,4.0,256,512,128,512,140,344.864,613.283,347.136,0.0085
mixed,64,2,0.0312,4.0,256,512,256,1024,280,443.393,1001.25,473.697,0.0543
mixed,64,2,0.0312,4.0,256,512,512,2048,560,625.47,1762.47,725.507,0.088
mixed,64,2,0.0312,4.0,256,512,1024,4096,1120,1016.26,4394.1,1271.39,0.0755
mixed,64,2,0.0312,4.0,256,512,2048,8192,2240,1943.72,8807.71,2302.76,0.0523
mixed,64,2,0.0312,4.0,256,512,4096,16384,4480,4854.61,18225.3,5617.62,0.0571
mixed,64,2,0.0312,4.0,256,1024,128,512,140,394.018,663.747,397.183,0.0117
mixed,64,2,0.0312,4.0,256,1024,256,1024,280,492.451,1024.13,499.394,0.0131
mixed,64,2,0.0312,4.0,256,1024,512,2048,560,673.41,1790.66,747.426,0.0662
mixed,64,2,0.0312,4.0,256,1024,1024,4096,1120,1073.79,4381.77,1248,0.0527
mixed,64,2,0.0312,4.0,256,1024,2048,8192,2240,1902.6,8771.97,2242.5,0.0495
mixed,64,2,0.0312,4.0,256,1024,4096,16384,4480,4834.19,17840.9,5616.11,0.0601
mixed,64,2,0.0312,4.0,256,2048,128,512,140,485.826,763.746,491.586,0.0207
mixed,64,2,0.0312,4.0,256,2048,256,1024,280,588.066,1113.83,594.881,0.013
mixed,64,2,0.0312,4.0,256,2048,512,2048,560,772.321,1832.81,792.26,0.0188
mixed,64,2,0.0312,4.0,256,2048,1024,4096,1120,1122.56,4427.41,1288.26,0.0501
mixed,64,2,0.0312,4.0,256,2048,2048,8192,2240,1940.23,8910.91,2285.48,0.0495
mixed,64,2,0.0312,4.0,256,2048,4096,16384,4480,4989.14,18229.9,5415.7,0.0322
mixed,64,2,0.0312,4.0,256,4096,128,512,140,666.273,947.202,666.625,0.0013
mixed,64,2,0.0312,4.0,256,4096,256,1024,280,771.426,1309.16,776.546,0.0095
mixed,64,2,0.0312,4.0,256,4096,512,2048,560,957.092,1999.66,985.793,0.0275
mixed,64,2,0.0312,4.0,256,4096,1024,4096,1120,1322.98,4532.97,1374.72,0.0161
mixed,64,2,0.0312,4.0,256,4096,2048,8192,2240,2095.34,10537.3,2363.88,0.0318
mixed,64,2,0.0312,4.0,256,4096,4096,16384,4480,5069.2,27142.2,5591.86,0.0237
mixed,64,2,0.0312,4.0,256,8192,128,512,140,960.291,1306.15,965.06,0.0138
mixed,64,2,0.0312,4.0,256,8192,256,1024,280,1112.84,1681.54,1120.36,0.0132
mixed,64,2,0.0312,4.0,256,8192,512,2048,560,1315.33,2394.6,1343.17,0.0258
mixed,64,2,0.0312,4.0,256,8192,1024,4096,1120,1700.07,4788.37,1752.29,0.0169
mixed,64,2,0.0312,4.0,256,8192,2048,8192,2240,2497.36,9221.57,2520.2,0.0034
mixed,64,2,0.0312,4.0,256,8192,4096,16384,4480,5188.24,26194.9,5866.9,0.0323
mixed,64,2,0.0312,4.0,512,0,128,512,140,379.843,665.666,388.928,0.0318
mixed,64,2,0.0312,4.0,512,0,256,1024,280,477.953,1051.59,518.305,0.0703
mixed,64,2,0.0312,4.0,512,0,512,2048,560,677.829,1811.81,771.265,0.0824
mixed,64,2,0.0312,4.0,512,0,1024,4096,1120,1069.09,4413.49,1272.48,0.0608
mixed,64,2,0.0312,4.0,512,0,2048,8192,2240,1926.15,8801.57,2272.07,0.0503
mixed,64,2,0.0312,4.0,512,0,4096,16384,4480,4872.3,17546,5654.58,0.0617
mixed,64,2,0.0312,4.0,512,512,128,512,140,448.641,716.418,452.771,0.0154
mixed,64,2,0.0312,4.0,512,512,256,1024,280,546.433,1095.08,559.555,0.0239
mixed,64,2,0.0312,4.0,512,512,512,2048,560,724.58,1858.4,815.586,0.0803
mixed,64,2,0.0312,4.0,512,512,1024,4096,1120,1108.99,4432.59,1313.92,0.0617
mixed,64,2,0.0312,4.0,512,512,2048,8192,2240,1968.96,8817.22,2301.93,0.0486
mixed,64,2,0.0312,4.0,512,512,4096,16384,4480,4875.09,17724.7,5690.9,0.0635
mixed,64,2,0.0312,4.0,512,1024,128,512,140,540.099,784.258,521.632,-0.0756
mixed,64,2,0.0312,4.0,512,1024,256,1024,280,614.276,1141.44,621.124,0.013
mixed,64,2,0.0312,4.0,512,1024,512,2048,560,794.34,1899.31,851.266,0.0515
mixed,64,2,0.0312,4.0,512,1024,1024,4096,1120,1154.95,4402.86,1357.54,0.0624
mixed,64,2,0.0312,4.0,512,1024,2048,8192,2240,2003.85,8835.1,2353.57,0.0512
mixed,64,2,0.0312,4.0,512,1024,4096,16384,4480,4894.54,17627.5,5643.96,0.0589
mixed,64,2,0.0312,4.0,512,2048,128,512,140,649.699,916.803,649.538,-0.0006
mixed,64,2,0.0312,4.0,512,2048,256,1024,280,744.068,1277.19,752.868,0.0165
mixed,64,2,0.0312,4.0,512,2048,512,2048,560,928.738,2004.27,950.052,0.0198
mixed,64,2,0.0312,4.0,512,2048,1024,4096,1120,1290.72,4374.19,1431.91,0.0458
mixed,64,2,0.0312,4.0,512,2048,2048,8192,2240,2122.37,9873.44,2443.24,0.0414
mixed,64,2,0.0312,4.0,512,2048,4096,16384,4480,4946.22,19743,5568.4,0.042
mixed,64,2,0.0312,4.0,512,4096,128,512,140,894.339,1176.23,894.946,0.0022
mixed,64,2,0.0312,4.0,512,4096,256,1024,280,1000,1541.32,1007.75,0.0143
mixed,64,2,0.0312,4.0,512,4096,512,2048,560,1190.63,2254.03,1205.67,0.0141
mixed,64,2,0.0312,4.0,512,4096,1024,4096,1120,1554.88,4843.02,1605.38,0.0154
mixed,64,2,0.0312,4.0,512,4096,2048,8192,2240,2347.88,12172.1,2587.78,0.0244
mixed,64,2,0.0312,4.0,512,4096,4096,16384,4480,5317.81,30460.8,5955,0.0253
mixed,64,2,0.0312,4.0,512,8192,128,512,140,1367.91,1668.07,1366.15,-0.0059
mixed,64,2,0.0312,4.0,512,8192,256,1024,280,1464.23,2057.35,1472.96,0.0147
mixed,64,2,0.0312,4.0,512,8192,512,2048,560,1681.25,2773.51,1704.78,0.0215
mixed,64,2,0.0312,4.0,512,8192,1024,4096,1120,2069.48,5145.81,2120.39,0.0165
mixed,64,2,0.0312,4.0,512,8192,2048,8192,2240,2879.66,9732.26,2896.97,0.0025
mixed,64,2,0.0312,4.0,512,8192,4096,16384,4480,5618.39,30194.9,6095.29,0.0194
mixed,64,2,0.0312,4.0,1024,0,128,512,140,581.28,842.465,583.136,0.0071
mixed,64,2,0.0312,4.0,1024,0,256,1024,280,671.171,1273.38,685.762,0.0242
mixed,64,2,0.0312,4.0,1024,0,512,2048,560,853.859,1992.52,942.179,0.0776
mixed,64,2,0.0312,4.0,1024,0,1024,4096,1120,1244.42,4494.45,1445.57,0.0619
mixed,64,2,0.0312,4.0,1024,0,2048,8192,2240,2093.93,8867.97,2425.29,0.0489
mixed,64,2,0.0312,4.0,1024,0,4096,16384,4480,4963.79,17785,5679.22,0.0558
mixed,64,2,0.0312,4.0,1024,512,128,512,140,693.188,955.906,692.512,-0.0026
mixed,64,2,0.0312,4.0,1024,512,256,1024,280,780.642,1311.94,789.089,0.0159
mixed,64,2,0.0312,4.0,1024,512,512,2048,560,963.076,2073.09,1024.64,0.0555
mixed,64,2,0.0312,4.0,1024,512,1024,4096,1120,1325,4637.01,1519.33,0.0587
mixed,64,2,0.0312,4.0,1024,512,2048,8192,2240,2179.59,8922.65,2510.12,0.049
mixed,64,2,0.0312,4.0,1024,512,4096,16384,4480,5095.7,17912.8,5683.95,0.0459
mixed,64,2,0.0312,4.0,1024,1024,128,512,140,798.816,1062.5,798.884,0.0003
mixed,64,2,0.0312,4.0,1024,1024,256,1024,280,886.754,1414.79,896.258,0.018
mixed,64,2,0.0312,4.0,1024,1024,512,2048,560,1074.18,2155.37,1099.59,0.0235
mixed,64,2,0.0312,4.0,1024,1024,1024,4096,1120,1427.94,4462.45,1605.16,0.0584
mixed,64,2,0.0312,4.0,1024,1024,2048,8192,2240,2260.52,9602.27,2591.75,0.0451
mixed,64,2,0.0312,4.0,1024,1024,4096,16384,4480,5130.06,19171.7,5625.97,0.0353
mixed,64,2,0.0312,4.0,1024,2048,128,512,140,1001.76,1273,1006.98,0.0192
mixed,64,2,0.0312,4.0,1024,2048,256,1024,280,1093.03,1631.81,1101.99,0.0166
mixed,64,2,0.0312,4.0,1024,2048,512,2048,560,1279.75,2320.04,1302.44,0.0218
mixed,64,2,0.0312,4.0,1024,2048,1024,4096,1120,1643.75,4622.29,1769.32,0.0422
mixed,64,2,0.0312,4.0,1024,2048,2048,8192,2240,2421.51,11345.3,2749.39,0.0367
mixed,64,2,0.0312,4.0,1024,2048,4096,16384,4480,5493.84,24749,5754.9,0.0136
mixed,64,2,0.0312,4.0,1024,4096,128,512,140,1406.75,1671.43,1405.44,-0.005
mixed,64,2,0.0312,4.0,1024,4096,256,1024,280,1494.47,2049.8,1511.27,0.0302
mixed,64,2,0.0312,4.0,1024,4096,512,2048,560,1687.3,2756.39,1709.7,0.021
mixed,64,2,0.0312,4.0,1024,4096,1024,4096,1120,2064.07,4985.84,2117.03,0.0181
mixed,64,2,0.0312,4.0,1024,4096,2048,8192,2240,2847.92,14813.3,3085.22,0.0198
mixed,64,2,0.0312,4.0,1024,4096,4096,16384,4480,5522.27,32653.6,6141.52,0.0228
mixed,64,2,0.0312,4.0,1024,8192,128,512,140,2171.17,2489.25,2174.03,0.009
mixed,64,2,0.0312,4.0,1024,8192,256,1024,280,2287.05,2867.85,2301.06,0.0241
mixed,64,2,0.0312,4.0,1024,8192,512,2048,560,2496.04,3608.75,2512.93,0.0152
mixed,64,2,0.0312,4.0,1024,8192,1024,4096,1120,2879.56,5033.17,2935.59,0.026
mixed,64,2,0.0312,4.0,1024,8192,2048,8192,2240,3705.96,10069.6,3736.43,0.0048
mixed,64,2,0.0312,4.0,1024,8192,4096,16384,4480,5368.37,32234.9,6047.41,0.0253
mixed,64,2,0.0312,4.0,2048,0,128,512,140,1099.43,1362.21,1109.12,0.0369
mixed,64,2,0.0312,4.0,2048,0,256,1024,280,1187.55,1719.33,1206.44,0.0355
mixed,64,2,0.0312,4.0,2048,0,512,2048,560,1366.95,2454.18,1404.55,0.0346
mixed,64,2,0.0312,4.0,2048,0,1024,4096,1120,1730.76,4688.15,1905.19,0.059
mixed,64,2,0.0312,4.0,2048,0,2048,8192,2240,2558.99,10371,2891.95,0.0426
mixed,64,2,0.0312,4.0,2048,0,4096,16384,4480,5351,20536.7,5722.9,0.0245
mixed,64,2,0.0312,4.0,2048,512,128,512,140,1284.16,1554.69,1290.63,0.0239
mixed,64,2,0.0312,4.0,2048,512,256,1024,280,1384.39,1910.69,1385.41,0.0019
mixed,64,2,0.0312,4.0,2048,512,512,2048,560,1560.96,2622.86,1576.2,0.0143
mixed,64,2,0.0312,4.0,2048,512,1024,4096,1120,1920.17,4625.2,2056.39,0.0504
mixed,64,2,0.0312,4.0,2048,512,2048,8192,2240,2726.83,11527.7,3053.67,0.0371
mixed,64,2,0.0312,4.0,2048,512,4096,16384,4480,5480.75,24424.2,5628.82,0.0078
mixed,64,2,0.0312,4.0,2048,1024,128,512,140,1475.05,1728.74,1482.44,0.0291
mixed,64,2,0.0312,4.0,2048,1024,256,1024,280,1573.16,2097.35,1580.49,0.014
mixed,64,2,0.0312,4.0,2048,1024,512,2048,560,1741.96,2793.67,1764.52,0.0215
mixed,64,2,0.0312,4.0,2048,1024,1024,4096,1120,2116.1,4798.51,2225.45,0.0408
mixed,64,2,0.0312,4.0,2048,1024,2048,8192,2240,2880.49,11743,3198.99,0.0359
mixed,64,2,0.0312,4.0,2048,1024,4096,16384,4480,5543.99,26366.1,5517.88,-0.0013
mixed,64,2,0.0312,4.0,2048,2048,128,512,140,1844.04,2109.8,1848.29,0.016
mixed,64,2,0.0312,4.0,2048,2048,256,1024,280,1933.64,2460.1,1943.34,0.0184
mixed,64,2,0.0312,4.0,2048,2048,512,2048,560,2112.81,3151.79,2135.94,0.0223
mixed,64,2,0.0312,4.0,2048,2048,1024,4096,1120,2473.99,4632.72,2544.01,0.0324
mixed,64,2,0.0312,4.0,2048,2048,2048,8192,2240,3232.17,16225.2,3524.14,0.0225
mixed,64,2,0.0312,4.0,2048,2048,4096,16384,4480,5012.52,31398.3,5579.25,0.0215
mixed,64,2,0.0312,4.0,2048,4096,128,512,140,2570.18,2843.18,2570.02,-0.0006
mixed,64,2,0.0312,4.0,2048,4096,256,1024,280,2656.2,3187.18,2668.04,0.0223
mixed,64,2,0.0312,4.0,2048,4096,512,2048,560,2841.58,3880.53,2865.58,0.0231
mixed,64,2,0.0312,4.0,2048,4096,1024,4096,1120,3195.5,5550.16,3249.07,0.0227
mixed,64,2,0.0312,4.0,2048,4096,2048,8192,2240,3973.01,16209.1,4145.01,0.0141
mixed,64,2,0.0312,4.0,2048,4096,4096,16384,4480,5679.7,33070.4,7015.68,0.0488
mixed,64,2,0.0312,4.0,2048,8192,128,512,140,4015.73,4278.99,4011.22,-0.0171
mixed,64,2,0.0312,4.0,2048,8192,256,1024,280,4099.95,4639.31,4117.65,0.0328
mixed,64,2,0.0312,4.0,2048,8192,512,2048,560,4285.97,5382.36,4308.75,0.0208
mixed,64,2,0.0312,4.0,2048,8192,1024,4096,1120,4655.28,7055.26,4706.9,0.0215
mixed,64,2,0.0312,4.0,2048,8192,2048,8192,2240,5481.55,11632,5507.48,0.0042
mixed,64,2,0.0312,4.0,2048,8192,4096,16384,4480,7609.47,32722.8,7938.88,0.0131
pure,64,3,0.0469,4.0,0,0,128,512,146,125.439,381.248,138.883,0.0526
pure,64,3,0.0469,4.0,0,0,256,1024,292,225.217,661.539,261.632,0.0835
pure,64,3,0.0469,4.0,0,0,512,2048,584,422.913,1190.24,486.114,0.0824
pure,64,3,0.0469,4.0,0,0,1024,4096,1168,732.645,2251.18,865.249,0.0873
pure,64,3,0.0469,4.0,0,0,2048,8192,2336,1337.54,4366.39,1609,0.0896
pure,64,3,0.0469,4.0,0,0,4096,16384,4672,2549.55,8572.39,3092.88,0.0902
mixed,64,3,0.0469,4.0,16,0,128,512,146,254.372,547.908,277.184,0.0777
mixed,64,3,0.0469,4.0,16,0,256,1024,292,364.64,930.274,416.161,0.0911
mixed,64,3,0.0469,4.0,16,0,512,2048,584,561.827,1661,674.787,0.1028
mixed,64,3,0.0469,4.0,16,0,1024,4096,1168,1027.43,4323.31,1185.96,0.0481
mixed,64,3,0.0469,4.0,16,0,2048,8192,2336,1879.49,8719.49,2201.09,0.047
mixed,64,3,0.0469,4.0,16,0,4096,16384,4672,5003.57,17556.4,5681.07,0.054
mixed,64,3,0.0469,4.0,16,512,128,512,146,273.666,554.976,284.386,0.0381
mixed,64,3,0.0469,4.0,16,512,256,1024,292,378.53,937.057,423.106,0.0798
mixed,64,3,0.0469,4.0,16,512,512,2048,584,569.859,1669.99,681.057,0.1011
mixed,64,3,0.0469,4.0,16,512,1024,4096,1168,1035.14,4339.28,1190.95,0.0472
mixed,64,3,0.0469,4.0,16,512,2048,8192,2336,1879.3,8733.47,2204.46,0.0474
mixed,64,3,0.0469,4.0,16,512,4096,16384,4672,5011.12,17534.8,5687.06,0.054
mixed,64,3,0.0469,4.0,16,1024,128,512,146,315.584,573.923,317.6,0.0078
mixed,64,3,0.0469,4.0,16,1024,256,1024,292,412.739,945.027,429.442,0.0314
mixed,64,3,0.0469,4.0,16,1024,512,2048,584,592.705,1691.72,685.952,0.0848
mixed,64,3,0.0469,4.0,16,1024,1024,4096,1168,1046.69,4337.42,1195.75,0.0453
mixed,64,3,0.0469,4.0,16,1024,2048,8192,2336,1891.08,8738.98,2207.43,0.0462
mixed,64,3,0.0469,4.0,16,1024,4096,16384,4672,5011.28,17593.1,5706.77,0.0553
mixed,64,3,0.0469,4.0,16,2048,128,512,146,383.394,641.506,382.241,-0.0045
mixed,64,3,0.0469,4.0,16,2048,256,1024,292,482.786,987.491,501.187,0.0365
mixed,64,3,0.0469,4.0,16,2048,512,2048,584,660.131,1733.03,696.484,0.0339
mixed,64,3,0.0469,4.0,16,2048,1024,4096,1168,1075.4,4244.3,1205.57,0.0411
mixed,64,3,0.0469,4.0,16,2048,2048,8192,2336,1952.01,8771.75,2221.64,0.0395
mixed,64,3,0.0469,4.0,16,2048,4096,16384,4672,5033.3,17944.8,5608.95,0.0446
mixed,64,3,0.0469,4.0,16,4096,128,512,146,514.018,794.018,521.824,0.0279
mixed,64,3,0.0469,4.0,16,4096,256,1024,292,619.107,1135.08,637.603,0.0358
mixed,64,3,0.0469,4.0,16,4096,512,2048,584,810.819,1797.77,846.019,0.0357
mixed,64,3,0.0469,4.0,16,4096,1024,4096,1168,1228.16,4433.48,1238.24,0.0031
mixed,64,3,0.0469,4.0,16,4096,2048,8192,2336,1996.01,9527.4,2255.27,0.0344
mixed,64,3,0.0469,4.0,16,4096,4096,16384,4672,5298.1,20676.1,5698.1,0.026
mixed,64,3,0.0469,4.0,16,8192,128,512,146,758.244,1050.44,766.884,0.0296
mixed,64,3,0.0469,4.0,16,8192,256,1024,292,864.548,1415.59,880.321,0.0286
mixed,64,3,0.0469,4.0,16,8192,512,2048,584,1067.71,2098.92,1099.49,0.0308
mixed,64,3,0.0469,4.0,16,8192,1024,4096,1168,1500.71,4624.14,1503.71,0.001
mixed,64,3,0.0469,4.0,16,8192,2048,8192,2336,2318.03,9290.79,2297.61,-0.0029
mixed,64,3,0.0469,4.0,16,8192,4096,16384,4672,5269.2,21306.9,5958.94,0.043
mixed,64,3,0.0469,4.0,32,0,128,512,146,254.656,545.696,276.704,0.0758
mixed,64,3,0.0469,4.0,32,0,256,1024,292,365.345,928.389,415.332,0.0888
mixed,64,3,0.0469,4.0,32,0,512,2048,584,561.633,1661,675.267,0.1034
mixed,64,3,0.0469,4.0,32,0,1024,4096,1168,1027.37,4317.27,1188.84,0.0491
mixed,64,3,0.0469,4.0,32,0,2048,8192,2336,1876.87,8733.9,2206.47,0.0481
mixed,64,3,0.0469,4.0,32,0,4096,16384,4672,5002.26,17970.4,5681.31,0.0524
mixed,64,3,0.0469,4.0,32,512,128,512,146,274.177,556.515,284.993,0.0383
mixed,64,3,0.0469,4.0,32,512,256,1024,292,376.769,937.316,424.259,0.0847
mixed,64,3,0.0469,4.0,32,512,512,2048,584,569.124,1667.88,681.508,0.1023
mixed,64,3,0.0469,4.0,32,512,1024,4096,1168,1035.52,4342.35,1189.86,0.0467
mixed,64,3,0.0469,4.0,32,512,2048,8192,2336,1883.46,8735.69,2210.28,0.0477
mixed,64,3,0.0469,4.0,32,512,4096,16384,4672,5015.35,18055.5,5705.69,0.0529
mixed,64,3,0.0469,4.0,32,1024,128,512,146,315.776,577.347,316.864,0.0042
mixed,64,3,0.0469,4.0,32,1024,256,1024,292,415.297,949.315,430.848,0.0291
mixed,64,3,0.0469,4.0,32,1024,512,2048,584,591.425,1694.18,691.073,0.0904
mixed,64,3,0.0469,4.0,32,1024,1024,4096,1168,1049.89,4340.37,1202.21,0.0463
mixed,64,3,0.0469,4.0,32,1024,2048,8192,2336,1895.82,8758.88,2213.35,0.0463
mixed,64,3,0.0469,4.0,32,1024,4096,16384,4672,5016.95,18003.6,5688.98,0.0517
mixed,64,3,0.0469,4.0,32,2048,128,512,146,386.048,648.065,386.337,0.0011
mixed,64,3,0.0469,4.0,32,2048,256,1024,292,485.058,992.93,500.801,0.031
mixed,64,3,0.0469,4.0,32,2048,512,2048,584,663.874,1737.73,698.723,0.0325
mixed,64,3,0.0469,4.0,32,2048,1024,4096,1168,1079.01,4270.61,1213.61,0.0422
mixed,64,3,0.0469,4.0,32,2048,2048,8192,2336,1959.08,8769.09,2224.71,0.039
mixed,64,3,0.0469,4.0,32,2048,4096,16384,4672,5036.59,18147.3,5627.25,0.0451
mixed,64,3,0.0469,4.0,32,4096,128,512,146,513.379,794.851,524.355,0.039
mixed,64,3,0.0469,4.0,32,4096,256,1024,292,620.578,1135.11,636.899,0.0317
mixed,64,3,0.0469,4.0,32,4096,512,2048,584,814.178,1792.26,843.715,0.0302
mixed,64,3,0.0469,4.0,32,4096,1024,4096,1168,1230.18,4610.86,1237.51,0.0022
mixed,64,3,0.0469,4.0,32,4096,2048,8192,2336,2000.23,9490.94,2257.13,0.0343
mixed,64,3,0.0469,4.0,32,4096,4096,16384,4672,5248.79,20765.3,5709.3,0.0297
mixed,64,3,0.0469,4.0,32,8192,128,512,146,762.626,1056.32,768.708,0.0207
mixed,64,3,0.0469,4.0,32,8192,256,1024,292,869.22,1421.8,884.131,0.027
mixed,64,3,0.0469,4.0,32,8192,512,2048,584,1070.79,2122.41,1102.37,0.03
mixed,64,3,0.0469,4.0,32,8192,1024,4096,1168,1502.85,4628.59,1513.29,0.0033
mixed,64,3,0.0469,4.0,32,8192,2048,8192,2336,2323.78,9296.36,2306.09,-0.0025
mixed,64,3,0.0469,4.0,32,8192,4096,16384,4672,5280.34,21508,5958.07,0.0418
mixed,64,3,0.0469,4.0,64,0,128,512,146,256.448,546.082,277.696,0.0734
mixed,64,3,0.0469,4.0,64,0,256,1024,292,365.539,929.732,415.522,0.0886
mixed,64,3,0.0469,4.0,64,0,512,2048,584,565.793,1669.96,676.547,0.1003
mixed,64,3,0.0469,4.0,64,0,1024,4096,1168,1027.4,4339.02,1189.38,0.0489
mixed,64,3,0.0469,4.0,64,0,2048,8192,2336,1880.97,8746.37,2205.99,0.0473
mixed,64,3,0.0469,4.0,64,0,4096,16384,4672,5021.97,18405,5675.9,0.0489
mixed,64,3,0.0469,4.0,64,512,128,512,146,276.961,558.082,286.848,0.0352
mixed,64,3,0.0469,4.0,64,512,256,1024,292,381.09,942.883,426.273,0.0804
mixed,64,3,0.0469,4.0,64,512,512,2048,584,571.746,1677.16,687.041,0.1043
mixed,64,3,0.0469,4.0,64,512,1024,4096,1168,1040.87,4347.92,1198.47,0.0477
mixed,64,3,0.0469,4.0,64,512,2048,8192,2336,1892.65,8750.21,2211.56,0.0465
mixed,64,3,0.0469,4.0,64,512,4096,16384,4672,5031.38,17601.9,5696.98,0.053
mixed,64,3,0.0469,4.0,64,1024,128,512,146,318.881,579.296,319.36,0.0018
mixed,64,3,0.0469,4.0,64,1024,256,1024,292,419.331,951.812,433.761,0.0271
mixed,64,3,0.0469,4.0,64,1024,512,2048,584,598.401,1699.24,691.138,0.0842
mixed,64,3,0.0469,4.0,64,1024,1024,4096,1168,1052.07,4364.11,1205.76,0.0464
mixed,64,3,0.0469,4.0,64,1024,2048,8192,2336,1909.22,8768.06,2214.73,0.0445
mixed,64,3,0.0469,4.0,64,1024,4096,16384,4672,5028.34,18516.1,5722.77,0.0515
mixed,64,3,0.0469,4.0,64,2048,128,512,146,386.273,649.955,388.195,0.0073
mixed,64,3,0.0469,4.0,64,2048,256,1024,292,488.865,992.578,500.066,0.0222
mixed,64,3,0.0469,4.0,64,2048,512,2048,584,666.946,1740.01,702.276,0.0329
mixed,64,3,0.0469,4.0,64,2048,1024,4096,1168,1085.57,4259.41,1207.84,0.0385
mixed,64,3,0.0469,4.0,64,2048,2048,8192,2336,1962.25,8815.3,2230.6,0.0392
mixed,64,3,0.0469,4.0,64,2048,4096,16384,4672,5033.3,17842.8,5653.56,0.0484
mixed,64,3,0.0469,4.0,64,4096,128,512,146,513.634,793.635,521.984,0.0298
mixed,64,3,0.0469,4.0,64,4096,256,1024,292,619.394,1135.33,635.204,0.0306
mixed,64,3,0.0469,4.0,64,4096,512,2048,584,811.937,1802.21,842.403,0.0308
mixed,64,3,0.0469,4.0,64,4096,1024,4096,1168,1223.27,4528.76,1237.92,0.0044
mixed,64,3,0.0469,4.0,64,4096,2048,8192,2336,2004.42,9490.06,2260.23,0.0342
mixed,64,3,0.0469,4.0,64,4096,4096,16384,4672,5292.78,20556.4,5696.69,0.0265
mixed,64,3,0.0469,4.0,64,8192,128,512,146,763.107,1054.72,770.083,0.0239
mixed,64,3,0.0469,4.0,64,8192,256,1024,292,870.593,1418.98,886.882,0.0297
mixed,64,3,0.0469,4.0,64,8192,512,2048,584,1073.38,2118.28,1104.84,0.0301
mixed,64,3,0.0469,4.0,64,8192,1024,4096,1168,1512.61,4637.68,1512.93,0.0001
mixed,64,3,0.0469,4.0,64,8192,2048,8192,2336,2322.24,9286.37,2300.97,-0.0031
mixed,64,3,0.0469,4.0,64,8192,4096,16384,4672,5275.41,20743.8,5998.49,0.0467
mixed,64,3,0.0469,4.0,128,0,128,512,146,271.938,564.003,292.415,0.0701
mixed,64,3,0.0469,4.0,128,0,256,1024,292,381.152,951.107,434.016,0.0928
mixed,64,3,0.0469,4.0,128,0,512,2048,584,579.392,1689.12,689.06,0.0988
mixed,64,3,0.0469,4.0,128,0,1024,4096,1168,1046.28,4347.69,1202.5,0.0473
mixed,64,3,0.0469,4.0,128,0,2048,8192,2336,1896.58,8757.15,2222.06,0.0474
mixed,64,3,0.0469,4.0,128,0,4096,16384,4672,5008.91,17679.6,5683.35,0.0532
mixed,64,3,0.0469,4.0,128,512,128,512,146,299.2,574.176,302.657,0.0126
mixed,64,3,0.0469,4.0,128,512,256,1024,292,399.426,959.62,442.946,0.0777
mixed,64,3,0.0469,4.0,128,512,512,2048,584,591.202,1711.71,700.227,0.0973
mixed,64,3,0.0469,4.0,128,512,1024,4096,1168,1056.36,4329.68,1208.84,0.0466
mixed,64,3,0.0469,4.0,128,512,2048,8192,2336,1914.98,8748.23,2222.15,0.045
mixed,64,3,0.0469,4.0,128,512,4096,16384,4672,5022.67,17601.5,5692.34,0.0532
mixed,64,3,0.0469,4.0,128,1024,128,512,146,338.018,602.625,343.616,0.0212
mixed,64,3,0.0469,4.0,128,1024,256,1024,292,439.01,972.804,455.905,0.0317
mixed,64,3,0.0469,4.0,128,1024,512,2048,584,616.93,1737.73,712.769,0.0855
mixed,64,3,0.0469,4.0,128,1024,1024,4096,1168,1073.86,4346.48,1226.02,0.0465
mixed,64,3,0.0469,4.0,128,1024,2048,8192,2336,1946.95,8788,2240.3,0.0429
mixed,64,3,0.0469,4.0,128,1024,4096,16384,4672,5025.42,17595.5,5724.34,0.0556
mixed,64,3,0.0469,4.0,128,2048,128,512,146,419.329,689.537,423.298,0.0147
mixed,64,3,0.0469,4.0,128,2048,256,1024,292,518.145,1037.22,532.705,0.028
mixed,64,3,0.0469,4.0,128,2048,512,2048,584,705.57,1773.25,737.954,0.0303
mixed,64,3,0.0469,4.0,128,2048,1024,4096,1168,1126.24,4249.07,1257.35,0.042
mixed,64,3,0.0469,4.0,128,2048,2048,8192,2336,1990.92,8855.55,2274.92,0.0414
mixed,64,3,0.0469,4.0,128,2048,4096,16384,4672,5045.58,17828.3,5585.84,0.0423
mixed,64,3,0.0469,4.0,128,4096,128,512,146,560.196,846.786,566.754,0.0229
mixed,64,3,0.0469,4.0,128,4096,256,1024,292,669.92,1197.45,681.858,0.0226
mixed,64,3,0.0469,4.0,128,4096,512,2048,584,861.859,1892.07,892.803,0.03
mixed,64,3,0.0469,4.0,128,4096,1024,4096,1168,1286.69,4561.2,1289.89,0.001
mixed,64,3,0.0469,4.0,128,4096,2048,8192,2336,2090.41,9747.43,2313.48,0.0291
mixed,64,3,0.0469,4.0,128,4096,4096,16384,4672,5206.25,23232.5,5900.02,0.0385
mixed,64,3,0.0469,4.0,128,8192,128,512,146,804.067,1128.23,812.099,0.0248
mixed,64,3,0.0469,4.0,128,8192,256,1024,292,924.291,1500.2,935.683,0.0198
mixed,64,3,0.0469,4.0,128,8192,512,2048,584,1143.75,2198.44,1174.79,0.0294
mixed,64,3,0.0469,4.0,128,8192,1024,4096,1168,1599.85,4763.09,1593.28,-0.0021
mixed,64,3,0.0469,4.0,128,8192,2048,8192,2336,2405.57,9140.42,2377.16,-0.0042
mixed,64,3,0.0469,4.0,128,8192,4096,16384,4672,5471.13,22555.2,5916.51,0.0261
mixed,64,3,0.0469,4.0,256,0,128,512,146,300.257,592.163,321.761,0.0737
mixed,64,3,0.0469,4.0,256,0,256,1024,292,408.161,980.1,460.065,0.0908
mixed,64,3,0.0469,4.0,256,0,512,2048,584,608.353,1727.37,719.938,0.0997
mixed,64,3,0.0469,4.0,256,0,1024,4096,1168,1077.28,4367.86,1231.78,0.047
mixed,64,3,0.0469,4.0,256,0,2048,8192,2336,1937.38,8772.83,2258.86,0.047
mixed,64,3,0.0469,4.0,256,0,4096,16384,4672,5035.92,17577.4,5718.94,0.0545
mixed,64,3,0.0469,4.0,256,512,128,512,146,344.353,610.208,348.61,0.016
mixed,64,3,0.0469,4.0,256,512,256,1024,292,442.977,997.86,481.345,0.0691
mixed,64,3,0.0469,4.0,256,512,512,2048,584,631.395,1763.4,742.786,0.0984
mixed,64,3,0.0469,4.0,256,512,1024,4096,1168,1099.75,4377.39,1253.7,0.047
mixed,64,3,0.0469,4.0,256,512,2048,8192,2336,1965.99,8772.19,2257.7,0.0429
mixed,64,3,0.0469,4.0,256,512,4096,16384,4672,5036.4,17763.1,5717.08,0.0535
mixed,64,3,0.0469,4.0,256,1024,128,512,146,392.769,660.897,398.816,0.0226
mixed,64,3,0.0469,4.0,256,1024,256,1024,292,492.707,1018.28,507.586,0.0283
mixed,64,3,0.0469,4.0,256,1024,512,2048,584,676.706,1792.52,763.138,0.0775
mixed,64,3,0.0469,4.0,256,1024,1024,4096,1168,1121.89,4377.68,1283.84,0.0497
mixed,64,3,0.0469,4.0,256,1024,2048,8192,2336,1997.86,8782.43,2295.36,0.0438
mixed,64,3,0.0469,4.0,256,1024,4096,16384,4672,5058.61,18433.2,5699.54,0.0479
mixed,64,3,0.0469,4.0,256,2048,128,512,146,485.889,758.179,492.706,0.025
mixed,64,3,0.0469,4.0,256,2048,256,1024,292,588.323,1109.25,603.938,0.03
mixed,64,3,0.0469,4.0,256,2048,512,2048,584,776.388,1835.27,809.347,0.0311
mixed,64,3,0.0469,4.0,256,2048,1024,4096,1168,1202.66,4411.47,1316.61,0.0355
mixed,64,3,0.0469,4.0,256,2048,2048,8192,2336,2042.38,8940.51,2348.72,0.0444
mixed,64,3,0.0469,4.0,256,2048,4096,16384,4672,5134.1,18630.8,5678.1,0.0403
mixed,64,3,0.0469,4.0,256,4096,128,512,146,660.29,943.846,668.451,0.0288
mixed,64,3,0.0469,4.0,256,4096,256,1024,292,769.57,1301.7,783.62,0.0264
mixed,64,3,0.0469,4.0,256,4096,512,2048,584,955.939,1995.08,1001.32,0.0437
mixed,64,3,0.0469,4.0,256,4096,1024,4096,1168,1402.08,4548.4,1403.88,0.0006
mixed,64,3,0.0469,4.0,256,4096,2048,8192,2336,2193.32,10574.6,2420.07,0.0271
mixed,64,3,0.0469,4.0,256,4096,4096,16384,4672,5266.58,27466.5,5875.09,0.0274
mixed,64,3,0.0469,4.0,256,8192,128,512,146,961.091,1304.96,973.828,0.037
mixed,64,3,0.0469,4.0,256,8192,256,1024,292,1117.64,1686.47,1130.18,0.0221
mixed,64,3,0.0469,4.0,256,8192,512,2048,584,1323.49,2391.21,1360.04,0.0342
mixed,64,3,0.0469,4.0,256,8192,1024,4096,1168,1761.13,4790.99,1778.95,0.0059
mixed,64,3,0.0469,4.0,256,8192,2048,8192,2336,2598.09,9225.06,2576.59,-0.0032
mixed,64,3,0.0469,4.0,256,8192,4096,16384,4672,5393.46,25687.4,6063.03,0.033
mixed,64,3,0.0469,4.0,512,0,128,512,146,379.042,663.266,390.435,0.0401
mixed,64,3,0.0469,4.0,512,0,256,1024,292,477.058,1047.91,527.65,0.0886
mixed,64,3,0.0469,4.0,512,0,512,2048,584,679.171,1807.3,786.659,0.0953
mixed,64,3,0.0469,4.0,512,0,1024,4096,1168,1147.94,4407.15,1308.74,0.0493
mixed,64,3,0.0469,4.0,512,0,2048,8192,2336,2023.53,8806.37,2324.84,0.0444
mixed,64,3,0.0469,4.0,512,0,4096,16384,4672,5067.83,17739.5,5746.49,0.0536
mixed,64,3,0.0469,4.0,512,512,128,512,146,451.55,714.564,457.121,0.0212
mixed,64,3,0.0469,4.0,512,512,256,1024,292,547.585,1097.76,563.649,0.0292
mixed,64,3,0.0469,4.0,512,512,512,2048,584,727.49,1853.22,828.257,0.0895
mixed,64,3,0.0469,4.0,512,512,1024,4096,1168,1190.79,4435.53,1344.36,0.0473
mixed,64,3,0.0469,4.0,512,512,2048,8192,2336,2068.9,8842.94,2360.17,0.043
mixed,64,3,0.0469,4.0,512,512,4096,16384,4672,5087,17580.9,5732.27,0.0516
mixed,64,3,0.0469,4.0,512,1024,128,512,146,515.073,780.098,522.787,0.0291
mixed,64,3,0.0469,4.0,512,1024,256,1024,292,611.746,1142.09,628.288,0.0312
mixed,64,3,0.0469,4.0,512,1024,512,2048,584,796.29,1894.57,863.459,0.0612
mixed,64,3,0.0469,4.0,512,1024,1024,4096,1168,1241.44,4408.59,1384.96,0.0453
mixed,64,3,0.0469,4.0,512,1024,2048,8192,2336,2099.69,8850.24,2408.07,0.0457
mixed,64,3,0.0469,4.0,512,1024,4096,16384,4672,5089.72,17681.1,5693.75,0.048
mixed,64,3,0.0469,4.0,512,2048,128,512,146,647.49,915.298,654.115,0.0247
mixed,64,3,0.0469,4.0,512,2048,256,1024,292,746.498,1277.41,759.492,0.0245
mixed,64,3,0.0469,4.0,512,2048,512,2048,584,929.861,2001.86,966.116,0.0338
mixed,64,3,0.0469,4.0,512,2048,1024,4096,1168,1362.18,4362.73,1462.47,0.0334
mixed,64,3,0.0469,4.0,512,2048,2048,8192,2336,2222.02,9763.84,2505.83,0.0376
mixed,64,3,0.0469,4.0,512,2048,4096,16384,4672,5351.79,19388.1,5773.84,0.0301
mixed,64,3,0.0469,4.0,512,4096,128,512,146,892.58,1169.03,899.684,0.0257
mixed,64,3,0.0469,4.0,512,4096,256,1024,292,989.732,1536.23,1006.18,0.0301
mixed,64,3,0.0469,4.0,512,4096,512,2048,584,1192.61,2246.86,1223.72,0.0295
mixed,64,3,0.0469,4.0,512,4096,1024,4096,1168,1626.92,4830.8,1625.48,-0.0004
mixed,64,3,0.0469,4.0,512,4096,2048,8192,2336,2423.05,12168.9,2656.84,0.024
mixed,64,3,0.0469,4.0,512,4096,4096,16384,4672,5527.48,30415.4,6125.01,0.024
mixed,64,3,0.0469,4.0,512,8192,128,512,146,1364.77,1668.65,1365.86,0.0036
mixed,64,3,0.0469,4.0,512,8192,256,1024,292,1466.5,2055.01,1472.58,0.0103
mixed,64,3,0.0469,4.0,512,8192,512,2048,584,1678.53,2776.65,1715.43,0.0336
mixed,64,3,0.0469,4.0,512,8192,1024,4096,1168,2142.92,5127.51,2141.06,-0.0006
mixed,64,3,0.0469,4.0,512,8192,2048,8192,2336,2968.46,9734.34,2947.21,-0.0031
mixed,64,3,0.0469,4.0,512,8192,4096,16384,4672,5765.3,30344.7,6299.54,0.0217
mixed,64,3,0.0469,4.0,1024,0,128,512,146,577.411,836.386,583.586,0.0238
mixed,64,3,0.0469,4.0,1024,0,256,1024,292,669.218,1225.38,689.058,0.0357
mixed,64,3,0.0469,4.0,1024,0,512,2048,584,851.908,1983.75,953.987,0.0902
mixed,64,3,0.0469,4.0,1024,0,1024,4096,1168,1324.52,4493.36,1470.28,0.046
mixed,64,3,0.0469,4.0,1024,0,2048,8192,2336,2189.99,8866.44,2496.26,0.0459
mixed,64,3,0.0469,4.0,1024,0,4096,16384,4672,5162.42,17604.4,5782.04,0.0498
mixed,64,3,0.0469,4.0,1024,512,128,512,146,691.619,948.004,698.627,0.0273
mixed,64,3,0.0469,4.0,1024,512,256,1024,292,780.26,1303.39,795.36,0.0289
mixed,64,3,0.0469,4.0,1024,512,512,2048,584,962.753,2066.57,1033.41,0.064
mixed,64,3,0.0469,4.0,1024,512,1024,4096,1168,1404.36,4623.82,1548.96,0.0449
mixed,64,3,0.0469,4.0,1024,512,2048,8192,2336,2265.19,8948.45,2565.32,0.0449
mixed,64,3,0.0469,4.0,1024,512,4096,16384,4672,5245.33,17808.9,5738.87,0.0393
mixed,64,3,0.0469,4.0,1024,1024,128,512,146,792.45,1057.8,801.891,0.0356
mixed,64,3,0.0469,4.0,1024,1024,256,1024,292,885.859,1407.05,900.005,0.0271
mixed,64,3,0.0469,4.0,1024,1024,512,2048,584,1071.56,2157.8,1111.01,0.0363
mixed,64,3,0.0469,4.0,1024,1024,1024,4096,1168,1501.12,4460.85,1629.16,0.0433
mixed,64,3,0.0469,4.0,1024,1024,2048,8192,2336,2344.01,9634.82,2645.38,0.0413
mixed,64,3,0.0469,4.0,1024,1024,4096,16384,4672,5421.3,19118.9,5909.11,0.0356
mixed,64,3,0.0469,4.0,1024,2048,128,512,146,997.602,1265.22,1006.08,0.0317
mixed,64,3,0.0469,4.0,1024,2048,256,1024,292,1090.37,1629.77,1104.39,0.026
mixed,64,3,0.0469,4.0,1024,2048,512,2048,584,1279.91,2310.92,1318.92,0.0378
mixed,64,3,0.0469,4.0,1024,2048,1024,4096,1168,1713.8,4616.37,1792.33,0.0271
mixed,64,3,0.0469,4.0,1024,2048,2048,8192,2336,2516.42,11252.1,2804.75,0.033
mixed,64,3,0.0469,4.0,1024,2048,4096,16384,4672,5873.43,24356.2,6064.86,0.0104
mixed,64,3,0.0469,4.0,1024,4096,128,512,146,1411.53,1678.34,1413.44,0.0072
mixed,64,3,0.0469,4.0,1024,4096,256,1024,292,1494.28,2052.65,1517.92,0.0424
mixed,64,3,0.0469,4.0,1024,4096,512,2048,584,1686.63,2754.95,1721.73,0.0329
mixed,64,3,0.0469,4.0,1024,4096,1024,4096,1168,2144.71,4981.78,2142.82,-0.0007
mixed,64,3,0.0469,4.0,1024,4096,2048,8192,2336,2925.87,15377.7,3144.17,0.0175
mixed,64,3,0.0469,4.0,1024,4096,4096,16384,4672,5766.52,32684.2,6425.72,0.0245
mixed,64,3,0.0469,4.0,1024,8192,128,512,146,2172.23,2494.5,2187.56,0.0476
mixed,64,3,0.0469,4.0,1024,8192,256,1024,292,2290.03,2867.88,2317,0.0467
mixed,64,3,0.0469,4.0,1024,8192,512,2048,584,2503.49,3609.84,2535.4,0.0288
mixed,64,3,0.0469,4.0,1024,8192,1024,4096,1168,2975.18,5035.31,2960.65,-0.0071
mixed,64,3,0.0469,4.0,1024,8192,2048,8192,2336,3792.33,10057.4,3793.33,0.0002
mixed,64,3,0.0469,4.0,1024,8192,4096,16384,4672,5529.49,32269.9,6999.67,0.055
mixed,64,3,0.0469,4.0,2048,0,128,512,146,1101.15,1354.05,1107.27,0.0242
mixed,64,3,0.0469,4.0,2048,0,256,1024,292,1197.38,1717.99,1214.4,0.0327
mixed,64,3,0.0469,4.0,2048,0,512,2048,584,1369.86,2446.54,1419.75,0.0463
mixed,64,3,0.0469,4.0,2048,0,1024,4096,1168,1809.61,4691.92,1930.21,0.0418
mixed,64,3,0.0469,4.0,2048,0,2048,8192,2336,2645.32,10355.5,2956.07,0.0403
mixed,64,3,0.0469,4.0,2048,0,4096,16384,4672,5629.36,20681.2,6028.44,0.0265
mixed,64,3,0.0469,4.0,2048,512,128,512,146,1294.79,1552.58,1296.19,0.0055
mixed,64,3,0.0469,4.0,2048,512,256,1024,292,1378.15,1897.58,1398.05,0.0383
mixed,64,3,0.0469,4.0,2048,512,512,2048,584,1558.79,2610.38,1593.86,0.0334
mixed,64,3,0.0469,4.0,2048,512,1024,4096,1168,1988.26,4628.66,2087.46,0.0376
mixed,64,3,0.0469,4.0,2048,512,2048,8192,2336,2804.46,11516.3,3103.43,0.0343
mixed,64,3,0.0469,4.0,2048,512,4096,16384,4672,5813.59,24672.4,5697.91,-0.0061
mixed,64,3,0.0469,4.0,2048,1024,128,512,146,1475.46,1728.17,1483.33,0.0311
mixed,64,3,0.0469,4.0,2048,1024,256,1024,292,1560.55,2086.82,1580.77,0.0384
mixed,64,3,0.0469,4.0,2048,1024,512,2048,584,1745.45,2779.69,1779.34,0.0328
mixed,64,3,0.0469,4.0,2048,1024,1024,4096,1168,2179.5,4805.1,2244.84,0.0249
mixed,64,3,0.0469,4.0,2048,1024,2048,8192,2336,2969.35,11754.9,3262.12,0.0333
mixed,64,3,0.0469,4.0,2048,1024,4096,16384,4672,6020.89,26095.9,5593.11,-0.0213
mixed,64,3,0.0469,4.0,2048,2048,128,512,146,1844.01,2105.29,1851.17,0.0274
mixed,64,3,0.0469,4.0,2048,2048,256,1024,292,1934.7,2457.8,1944.3,0.0183
mixed,64,3,0.0469,4.0,2048,2048,512,2048,584,2118.98,3144.59,2151.14,0.0314
mixed,64,3,0.0469,4.0,2048,2048,1024,4096,1168,2548.78,4632.37,2564.11,0.0074
mixed,64,3,0.0469,4.0,2048,2048,2048,8192,2336,3321.58,16162.2,3591.02,0.021
mixed,64,3,0.0469,4.0,2048,2048,4096,16384,4672,5252.15,31975.6,5741.91,0.0183
mixed,64,3,0.0469,4.0,2048,4096,128,512,146,2568.49,2832.91,2574.76,0.0237
mixed,64,3,0.0469,4.0,2048,4096,256,1024,292,2660.04,3184.26,2675.46,0.0294
mixed,64,3,0.0469,4.0,2048,4096,512,2048,584,2846.86,3875.91,2881.1,0.0333
mixed,64,3,0.0469,4.0,2048,4096,1024,4096,1168,3274.47,5609.46,3283.05,0.0037
mixed,64,3,0.0469,4.0,2048,4096,2048,8192,2336,4055.38,16237.4,4209.97,0.0127
mixed,64,3,0.0469,4.0,2048,4096,4096,16384,4672,5764.66,33071.3,7230.3,0.0537
mixed,64,3,0.0469,4.0,2048,8192,128,512,146,4013.55,4278.12,4014.13,0.0022
mixed,64,3,0.0469,4.0,2048,8192,256,1024,292,4103.18,4637.26,4121.29,0.0339
mixed,64,3,0.0469,4.0,2048,8192,512,2048,584,4289.93,5385.23,4328.08,0.0348
mixed,64,3,0.0469,4.0,2048,8192,1024,4096,1168,4732.11,7049.01,4738.32,0.0027
mixed,64,3,0.0469,4.0,2048,8192,2048,8192,2336,5560.15,11634.5,5575.98,0.0026
mixed,64,3,0.0469,4.0,2048,8192,4096,16384,4672,7772.54,32649.6,8155.49,0.0154
pure,64,4,0.0625,4.0,0,0,128,512,152,125.792,381.538,142.848,0.0667
pure,64,4,0.0625,4.0,0,0,256,1024,304,233.759,661.412,263.457,0.0694
pure,64,4,0.0625,4.0,0,0,512,2048,608,432.483,1190.69,494.593,0.0819
pure,64,4,0.0625,4.0,0,0,1024,4096,1216,754.242,2249.26,877.188,0.0822
pure,64,4,0.0625,4.0,0,0,2048,8192,2432,1386.6,4372.98,1631.02,0.0818
pure,64,4,0.0625,4.0,0,0,4096,16384,4864,2638.31,8564.58,3130.63,0.0831
mixed,64,4,0.0625,4.0,16,0,128,512,152,255.041,547.68,281.634,0.0909
mixed,64,4,0.0625,4.0,16,0,256,1024,304,366.721,930.051,424.034,0.1017
mixed,64,4,0.0625,4.0,16,0,512,2048,608,566.946,1658.57,684.451,0.1076
mixed,64,4,0.0625,4.0,16,0,1024,4096,1216,1031.33,4317.29,1215.4,0.056
mixed,64,4,0.0625,4.0,16,0,2048,8192,2432,1996.81,8714.75,2263.72,0.0397
mixed,64,4,0.0625,4.0,16,0,4096,16384,4864,5235.54,17697.3,6035.61,0.0642
mixed,64,4,0.0625,4.0,16,512,128,512,152,273.12,555.202,287.648,0.0515
mixed,64,4,0.0625,4.0,16,512,256,1024,304,379.969,936.037,431.554,0.0928
mixed,64,4,0.0625,4.0,16,512,512,2048,608,571.492,1666.21,696.961,0.1146
mixed,64,4,0.0625,4.0,16,512,1024,4096,1216,1039.08,4334.61,1224.07,0.0561
mixed,64,4,0.0625,4.0,16,512,2048,8192,2432,2000.07,8751.36,2266.25,0.0394
mixed,64,4,0.0625,4.0,16,512,4096,16384,4864,5240.72,17623.7,6046.52,0.0651
mixed,64,4,0.0625,4.0,16,1024,128,512,152,315.264,575.651,318.785,0.0135
mixed,64,4,0.0625,4.0,16,1024,256,1024,304,418.114,947.587,439.457,0.0403
mixed,64,4,0.0625,4.0,16,1024,512,2048,608,595.393,1687.65,705.121,0.1005
mixed,64,4,0.0625,4.0,16,1024,1024,4096,1216,1049.16,4338.64,1236.64,0.057
mixed,64,4,0.0625,4.0,16,1024,2048,8192,2432,2006.99,8749.7,2269.61,0.0389
mixed,64,4,0.0625,4.0,16,1024,4096,16384,4864,5238.71,17431.1,6058.68,0.0673
mixed,64,4,0.0625,4.0,16,2048,128,512,152,385.153,645.344,391.712,0.0252
mixed,64,4,0.0625,4.0,16,2048,256,1024,304,480.993,990.084,508.257,0.0536
mixed,64,4,0.0625,4.0,16,2048,512,2048,608,662.241,1733.45,717.506,0.0516
mixed,64,4,0.0625,4.0,16,2048,1024,4096,1216,1079.65,4273.36,1245.47,0.0519
mixed,64,4,0.0625,4.0,16,2048,2048,8192,2432,2075.24,8758.34,2298.69,0.0334
mixed,64,4,0.0625,4.0,16,2048,4096,16384,4864,5232.98,17779.6,5953.78,0.0574
mixed,64,4,0.0625,4.0,16,4096,128,512,152,511.586,793.699,523.683,0.0429
mixed,64,4,0.0625,4.0,16,4096,256,1024,304,621.282,1136.42,642.05,0.0403
mixed,64,4,0.0625,4.0,16,4096,512,2048,608,815.553,1791.88,848.226,0.0335
mixed,64,4,0.0625,4.0,16,4096,1024,4096,1216,1229.22,4531.25,1259.37,0.0091
mixed,64,4,0.0625,4.0,16,4096,2048,8192,2432,2106.18,9525.16,2316.26,0.0283
mixed,64,4,0.0625,4.0,16,4096,4096,16384,4864,5535.48,20317.7,6193.36,0.0445
mixed,64,4,0.0625,4.0,16,8192,128,512,152,760.003,1050.66,771.044,0.038
mixed,64,4,0.0625,4.0,16,8192,256,1024,304,867.491,1417.32,889.538,0.0401
mixed,64,4,0.0625,4.0,16,8192,512,2048,608,1073.92,2118.15,1119.91,0.044
mixed,64,4,0.0625,4.0,16,8192,1024,4096,1216,1512.16,4617.13,1540.42,0.0091
mixed,64,4,0.0625,4.0,16,8192,2048,8192,2432,2414.82,9288.52,2355.97,-0.0086
mixed,64,4,0.0625,4.0,16,8192,4096,16384,4864,5487.98,20781.7,6093.53,0.0396
mixed,64,4,0.0625,4.0,32,0,128,512,152,255.329,545.346,280.767,0.0877
mixed,64,4,0.0625,4.0,32,0,256,1024,304,365.697,930.85,425.248,0.1054
mixed,64,4,0.0625,4.0,32,0,512,2048,608,565.185,1660.71,686.499,0.1107
mixed,64,4,0.0625,4.0,32,0,1024,4096,1216,1028.52,4322.9,1213.16,0.056
mixed,64,4,0.0625,4.0,32,0,2048,8192,2432,2007.4,8737.34,2260.36,0.0376
mixed,64,4,0.0625,4.0,32,0,4096,16384,4864,5232.95,17606.9,6019,0.0635
mixed,64,4,0.0625,4.0,32,512,128,512,152,274.754,555.617,287.522,0.0455
mixed,64,4,0.0625,4.0,32,512,256,1024,304,382.178,938.755,433.824,0.0928
mixed,64,4,0.0625,4.0,32,512,512,2048,608,572.577,1670.31,699.267,0.1154
mixed,64,4,0.0625,4.0,32,512,1024,4096,1216,1041.22,4325.77,1223.4,0.0555
mixed,64,4,0.0625,4.0,32,512,2048,8192,2432,2002.22,8741.28,2269.74,0.0397
mixed,64,4,0.0625,4.0,32,512,4096,16384,4864,5230.32,17609.7,6091.67,0.0696
mixed,64,4,0.0625,4.0,32,1024,128,512,152,315.713,574.562,320.033,0.0167
mixed,64,4,0.0625,4.0,32,1024,256,1024,304,417.633,949.796,439.968,0.042
mixed,64,4,0.0625,4.0,32,1024,512,2048,608,595.681,1691.24,706.24,0.1009
mixed,64,4,0.0625,4.0,32,1024,1024,4096,1216,1048.77,4345.29,1235.75,0.0567
mixed,64,4,0.0625,4.0,32,1024,2048,8192,2432,2007.37,8738.24,2276.04,0.0399
mixed,64,4,0.0625,4.0,32,1024,4096,16384,4864,5235.12,18330.4,6087,0.0651
mixed,64,4,0.0625,4.0,32,2048,128,512,152,385.281,647.619,391.521,0.0238
mixed,64,4,0.0625,4.0,32,2048,256,1024,304,485.985,990.082,507.937,0.0435
mixed,64,4,0.0625,4.0,32,2048,512,2048,608,665.314,1734.18,717.698,0.049
mixed,64,4,0.0625,4.0,32,2048,1024,4096,1216,1082.31,4265.23,1245.83,0.0514
mixed,64,4,0.0625,4.0,32,2048,2048,8192,2432,2074.89,8777.89,2299.21,0.0335
mixed,64,4,0.0625,4.0,32,2048,4096,16384,4864,5233.04,17720.2,5948.12,0.0573
mixed,64,4,0.0625,4.0,32,4096,128,512,152,512.352,794.146,523.745,0.0404
mixed,64,4,0.0625,4.0,32,4096,256,1024,304,621.187,1132.29,643.618,0.0439
mixed,64,4,0.0625,4.0,32,4096,512,2048,608,817.442,1795.17,853.89,0.0373
mixed,64,4,0.0625,4.0,32,4096,1024,4096,1216,1229.83,4489.33,1260.84,0.0095
mixed,64,4,0.0625,4.0,32,4096,2048,8192,2432,2111.24,9489.92,2318.7,0.0281
mixed,64,4,0.0625,4.0,32,4096,4096,16384,4864,5536.18,20735,6202.1,0.0438
mixed,64,4,0.0625,4.0,32,8192,128,512,152,762.243,1051.68,773.025,0.0373
mixed,64,4,0.0625,4.0,32,8192,256,1024,304,871.555,1414.66,892.835,0.0392
mixed,64,4,0.0625,4.0,32,8192,512,2048,608,1078.82,2104.64,1124.71,0.0447
mixed,64,4,0.0625,4.0,32,8192,1024,4096,1216,1516.2,4627.19,1531.49,0.0049
mixed,64,4,0.0625,4.0,32,8192,2048,8192,2432,2431.59,9286.34,2353.26,-0.0114
mixed,64,4,0.0625,4.0,32,8192,4096,16384,4864,5486.19,21247.8,6151.03,0.0422
mixed,64,4,0.0625,4.0,64,0,128,512,152,256.833,547.744,281.346,0.0843
mixed,64,4,0.0625,4.0,64,0,256,1024,304,367.202,930.273,426.082,0.1046
mixed,64,4,0.0625,4.0,64,0,512,2048,608,567.457,1666.47,690.562,0.112
mixed,64,4,0.0625,4.0,64,0,1024,4096,1216,1031.56,4320.6,1217.12,0.0564
mixed,64,4,0.0625,4.0,64,0,2048,8192,2432,2006.28,8732.13,2271.02,0.0394
mixed,64,4,0.0625,4.0,64,0,4096,16384,4864,5226.61,17927.5,6020.37,0.0625
mixed,64,4,0.0625,4.0,64,512,128,512,152,276.801,559.905,288.769,0.0423
mixed,64,4,0.0625,4.0,64,512,256,1024,304,382.464,942.53,436.513,0.0965
mixed,64,4,0.0625,4.0,64,512,512,2048,608,574.913,1674.02,700.579,0.1143
mixed,64,4,0.0625,4.0,64,512,1024,4096,1216,1041.57,4350.9,1228.8,0.0566
mixed,64,4,0.0625,4.0,64,512,2048,8192,2432,2011.46,8746.46,2278.41,0.0396
mixed,64,4,0.0625,4.0,64,512,4096,16384,4864,5250.68,17530.1,6044.31,0.0646
mixed,64,4,0.0625,4.0,64,1024,128,512,152,316.001,578.559,320.259,0.0162
mixed,64,4,0.0625,4.0,64,1024,256,1024,304,416.738,948.386,440.162,0.0441
mixed,64,4,0.0625,4.0,64,1024,512,2048,608,598.401,1695.65,707.043,0.099
mixed,64,4,0.0625,4.0,64,1024,1024,4096,1216,1051.59,4336.49,1236.48,0.0563
mixed,64,4,0.0625,4.0,64,1024,2048,8192,2432,2018.82,8754.69,2277,0.0383
mixed,64,4,0.0625,4.0,64,1024,4096,16384,4864,5250.51,18353.8,6001.18,0.0573
mixed,64,4,0.0625,4.0,64,2048,128,512,152,386.113,647.455,395.49,0.0359
mixed,64,4,0.0625,4.0,64,2048,256,1024,304,487.585,992.867,509.696,0.0438
mixed,64,4,0.0625,4.0,64,2048,512,2048,608,664.419,1736.29,719.106,0.051
mixed,64,4,0.0625,4.0,64,2048,1024,4096,1216,1083.49,4299.82,1248.19,0.0512
mixed,64,4,0.0625,4.0,64,2048,2048,8192,2432,2080.87,8793.95,2303.98,0.0332
mixed,64,4,0.0625,4.0,64,2048,4096,16384,4864,5228.34,18032.1,5985.91,0.0592
mixed,64,4,0.0625,4.0,64,4096,128,512,152,514.273,793.955,524.866,0.0379
mixed,64,4,0.0625,4.0,64,4096,256,1024,304,619.299,1137.63,642.977,0.0457
mixed,64,4,0.0625,4.0,64,4096,512,2048,608,820.225,1800.74,855.01,0.0355
mixed,64,4,0.0625,4.0,64,4096,1024,4096,1216,1231.78,4477.94,1261.57,0.0092
mixed,64,4,0.0625,4.0,64,4096,2048,8192,2432,2118.34,9450.37,2322.12,0.0278
mixed,64,4,0.0625,4.0,64,4096,4096,16384,4864,5537.43,20891.8,6148.08,0.0398
mixed,64,4,0.0625,4.0,64,8192,128,512,152,762.21,1052.42,771.682,0.0326
mixed,64,4,0.0625,4.0,64,8192,256,1024,304,868.61,1424.8,888.614,0.036
mixed,64,4,0.0625,4.0,64,8192,512,2048,608,1078.85,2122.57,1123.97,0.0432
mixed,64,4,0.0625,4.0,64,8192,1024,4096,1216,1514.95,4628.88,1540.97,0.0084
mixed,64,4,0.0625,4.0,64,8192,2048,8192,2432,2433.26,9300.26,2360.39,-0.0106
mixed,64,4,0.0625,4.0,64,8192,4096,16384,4864,5506.1,21356.3,6083.31,0.0364
mixed,64,4,0.0625,4.0,128,0,128,512,152,270.626,564.482,295.584,0.0849
mixed,64,4,0.0625,4.0,128,0,256,1024,304,382.275,951.651,441.731,0.1044
mixed,64,4,0.0625,4.0,128,0,512,2048,608,583.426,1686.12,704.834,0.1101
mixed,64,4,0.0625,4.0,128,0,1024,4096,1216,1052.36,4350.44,1235.88,0.0556
mixed,64,4,0.0625,4.0,128,0,2048,8192,2432,2020.04,8751.07,2279.59,0.0386
mixed,64,4,0.0625,4.0,128,0,4096,16384,4864,5244.43,17737.5,6077.18,0.0667
mixed,64,4,0.0625,4.0,128,512,128,512,152,299.905,575.778,306.592,0.0242
mixed,64,4,0.0625,4.0,128,512,256,1024,304,399.489,958.563,451.745,0.0935
mixed,64,4,0.0625,4.0,128,512,512,2048,608,595.842,1705.76,720.515,0.1123
mixed,64,4,0.0625,4.0,128,512,1024,4096,1216,1060.13,4358.48,1246.82,0.0566
mixed,64,4,0.0625,4.0,128,512,2048,8192,2432,2019.17,8761.86,2290.22,0.0402
mixed,64,4,0.0625,4.0,128,512,4096,16384,4864,5256.89,17484.4,6082.16,0.0675
mixed,64,4,0.0625,4.0,128,1024,128,512,152,338.176,603.428,348.48,0.0388
mixed,64,4,0.0625,4.0,128,1024,256,1024,304,440.449,974.851,460.609,0.0377
mixed,64,4,0.0625,4.0,128,1024,512,2048,608,622.435,1736.93,729.185,0.0958
mixed,64,4,0.0625,4.0,128,1024,1024,4096,1216,1079.94,4357.62,1267.46,0.0572
mixed,64,4,0.0625,4.0,128,1024,2048,8192,2432,2057.32,8766.69,2304.1,0.0368
mixed,64,4,0.0625,4.0,128,1024,4096,16384,4864,5264.24,17531.3,6058.01,0.0647
mixed,64,4,0.0625,4.0,128,2048,128,512,152,417.888,687.298,426.498,0.032
mixed,64,4,0.0625,4.0,128,2048,256,1024,304,521.664,1033.73,535.713,0.0274
mixed,64,4,0.0625,4.0,128,2048,512,2048,608,708.609,1765.96,752.227,0.0413
mixed,64,4,0.0625,4.0,128,2048,1024,4096,1216,1130.08,4245.01,1280.74,0.0484
mixed,64,4,0.0625,4.0,128,2048,2048,8192,2432,2103.43,8829.6,2334.57,0.0344
mixed,64,4,0.0625,4.0,128,2048,4096,16384,4864,5259.86,17705.2,5880.56,0.0499
mixed,64,4,0.0625,4.0,128,4096,128,512,152,561.986,846.051,571.875,0.0348
mixed,64,4,0.0625,4.0,128,4096,256,1024,304,670.722,1198.66,684.961,0.027
mixed,64,4,0.0625,4.0,128,4096,512,2048,608,863.809,1893.67,906.21,0.0412
mixed,64,4,0.0625,4.0,128,4096,1024,4096,1216,1294.66,4557.52,1318.85,0.0074
mixed,64,4,0.0625,4.0,128,4096,2048,8192,2432,2201.8,9819.82,2369.99,0.0221
mixed,64,4,0.0625,4.0,128,4096,4096,16384,4864,5446.13,22632.6,6054.83,0.0354
mixed,64,4,0.0625,4.0,128,8192,128,512,152,805.633,1127.52,817.444,0.0367
mixed,64,4,0.0625,4.0,128,8192,256,1024,304,925.475,1499.2,944.833,0.0337
mixed,64,4,0.0625,4.0,128,8192,512,2048,608,1148.45,2197.77,1194.34,0.0437
mixed,64,4,0.0625,4.0,128,8192,1024,4096,1216,1599.59,4760.37,1627.14,0.0087
mixed,64,4,0.0625,4.0,128,8192,2048,8192,2432,2519.56,9131.77,2449.13,-0.0107
mixed,64,4,0.0625,4.0,128,8192,4096,16384,4864,5643.06,22905.2,6269.59,0.0363
mixed,64,4,0.0625,4.0,256,0,128,512,152,298.752,590.371,324,0.0866
mixed,64,4,0.0625,4.0,256,0,256,1024,304,406.752,975.363,464.929,0.1023
mixed,64,4,0.0625,4.0,256,0,512,2048,608,609.055,1723.3,733.859,0.112
mixed,64,4,0.0625,4.0,256,0,1024,4096,1216,1083.81,4374.86,1265.35,0.0552
mixed,64,4,0.0625,4.0,256,0,2048,8192,2432,2056.23,8773.95,2324.49,0.0399
mixed,64,4,0.0625,4.0,256,0,4096,16384,4864,5260.6,17617.1,6109.36,0.0687
mixed,64,4,0.0625,4.0,256,512,128,512,152,343.807,610.434,356.161,0.0463
mixed,64,4,0.0625,4.0,256,512,256,1024,304,448.288,1001.96,486.978,0.0699
mixed,64,4,0.0625,4.0,256,512,512,2048,608,632.643,1759.91,758.113,0.1113
mixed,64,4,0.0625,4.0,256,512,1024,4096,1216,1101.38,4374,1286.05,0.0564
mixed,64,4,0.0625,4.0,256,512,2048,8192,2432,2071.53,8789.82,2331.14,0.0386
mixed,64,4,0.0625,4.0,256,512,4096,16384,4864,5266.03,17563.9,6119.29,0.0694
mixed,64,4,0.0625,4.0,256,1024,128,512,152,394.083,659.907,402.048,0.03
mixed,64,4,0.0625,4.0,256,1024,256,1024,304,492.93,1017.89,511.138,0.0347
mixed,64,4,0.0625,4.0,256,1024,512,2048,608,678.242,1788.36,780.546,0.0922
mixed,64,4,0.0625,4.0,256,1024,1024,4096,1216,1124.32,4368.56,1312.16,0.0579
mixed,64,4,0.0625,4.0,256,1024,2048,8192,2432,2097,8792.19,2348.1,0.0375
mixed,64,4,0.0625,4.0,256,1024,4096,16384,4864,5268.37,18891.9,6133.14,0.0635
mixed,64,4,0.0625,4.0,256,2048,128,512,152,488.962,760.451,493.183,0.0155
mixed,64,4,0.0625,4.0,256,2048,256,1024,304,589.633,1109.83,608.545,0.0364
mixed,64,4,0.0625,4.0,256,2048,512,2048,608,778.722,1830.21,824.578,0.0436
mixed,64,4,0.0625,4.0,256,2048,1024,4096,1216,1204.36,4424.27,1346.92,0.0443
mixed,64,4,0.0625,4.0,256,2048,2048,8192,2432,2144.68,8909.99,2405.35,0.0385
mixed,64,4,0.0625,4.0,256,2048,4096,16384,4864,5411.63,18391.1,5864.12,0.0349
mixed,64,4,0.0625,4.0,256,4096,128,512,152,664.386,945.187,676.385,0.0427
mixed,64,4,0.0625,4.0,256,4096,256,1024,304,769.121,1306.21,789.762,0.0384
mixed,64,4,0.0625,4.0,256,4096,512,2048,608,959.778,1993.32,1016.84,0.0552
mixed,64,4,0.0625,4.0,256,4096,1024,4096,1216,1402.76,4572.62,1432.81,0.0095
mixed,64,4,0.0625,4.0,256,4096,2048,8192,2432,2306.66,10469.8,2491.43,0.0226
mixed,64,4,0.0625,4.0,256,4096,4096,16384,4864,5496.89,27026.1,6144.63,0.0301
mixed,64,4,0.0625,4.0,256,8192,128,512,152,960.45,1298.31,976.322,0.047
mixed,64,4,0.0625,4.0,256,8192,256,1024,304,1115.65,1685.86,1140.71,0.0439
mixed,64,4,0.0625,4.0,256,8192,512,2048,608,1316.64,2391.53,1376.48,0.0557
mixed,64,4,0.0625,4.0,256,8192,1024,4096,1216,1765.45,4785.17,1805.77,0.0134
mixed,64,4,0.0625,4.0,256,8192,2048,8192,2432,2701.96,9231.01,2653.06,-0.0075
mixed,64,4,0.0625,4.0,256,8192,4096,16384,4864,5608.97,26315.9,6375.57,0.037
mixed,64,4,0.0625,4.0,512,0,128,512,152,381.443,664.579,395.264,0.0488
mixed,64,4,0.0625,4.0,512,0,256,1024,304,478.721,1048.67,531.362,0.0924
mixed,64,4,0.0625,4.0,512,0,512,2048,608,681.986,1809.03,804.58,0.1088
mixed,64,4,0.0625,4.0,512,0,1024,4096,1216,1153.09,4402.45,1334.4,0.0558
mixed,64,4,0.0625,4.0,512,0,2048,8192,2432,2127.4,8791.1,2392.91,0.0398
mixed,64,4,0.0625,4.0,512,0,4096,16384,4864,5299.66,17720,6157.81,0.0691
mixed,64,4,0.0625,4.0,512,512,128,512,152,449.763,712.131,458.467,0.0332
mixed,64,4,0.0625,4.0,512,512,256,1024,304,544.098,1093.12,572.227,0.0512
mixed,64,4,0.0625,4.0,512,512,512,2048,608,729.987,1853.83,843.875,0.1013
mixed,64,4,0.0625,4.0,512,512,1024,4096,1216,1194.09,4409.45,1371.46,0.0552
mixed,64,4,0.0625,4.0,512,512,2048,8192,2432,2163.94,8811.68,2420.23,0.0386
mixed,64,4,0.0625,4.0,512,512,4096,16384,4864,5306.54,17641.5,6181.11,0.0709
mixed,64,4,0.0625,4.0,512,1024,128,512,152,517.249,780.13,527.619,0.0394
mixed,64,4,0.0625,4.0,512,1024,256,1024,304,609.956,1137.22,633.634,0.0449
mixed,64,4,0.0625,4.0,512,1024,512,2048,608,797.698,1891.43,878.499,0.0739
mixed,64,4,0.0625,4.0,512,1024,1024,4096,1216,1242.18,4419.92,1416.07,0.0547
mixed,64,4,0.0625,4.0,512,1024,2048,8192,2432,2193.48,8853.28,2471.27,0.0417
mixed,64,4,0.0625,4.0,512,1024,4096,16384,4864,5339.25,17614.1,6016.44,0.0552
mixed,64,4,0.0625,4.0,512,2048,128,512,152,647.873,911.683,656.29,0.0319
mixed,64,4,0.0625,4.0,512,2048,256,1024,304,745.796,1272.33,766.659,0.0396
mixed,64,4,0.0625,4.0,512,2048,512,2048,608,933.314,2000.42,977.217,0.0411
mixed,64,4,0.0625,4.0,512,2048,1024,4096,1216,1365.86,4375.22,1487.05,0.0403
mixed,64,4,0.0625,4.0,512,2048,2048,8192,2432,2323.27,9791.37,2563.88,0.0322
mixed,64,4,0.0625,4.0,512,2048,4096,16384,4864,5547.15,19959.7,6081.65,0.0371
mixed,64,4,0.0625,4.0,512,4096,128,512,152,890.241,1167.81,903.778,0.0488
mixed,64,4,0.0625,4.0,512,4096,256,1024,304,993.667,1530.47,1014.82,0.0394
mixed,64,4,0.0625,4.0,512,4096,512,2048,608,1189.48,2245.48,1242.63,0.0503
mixed,64,4,0.0625,4.0,512,4096,1024,4096,1216,1639.49,4847.02,1665.86,0.0082
mixed,64,4,0.0625,4.0,512,4096,2048,8192,2432,2518.06,11882.7,2709.26,0.0204
mixed,64,4,0.0625,4.0,512,4096,4096,16384,4864,5778.61,30116.1,6508.15,0.03
mixed,64,4,0.0625,4.0,512,8192,128,512,152,1365.29,1658.5,1367.46,0.0074
mixed,64,4,0.0625,4.0,512,8192,256,1024,304,1469.92,2047.33,1495.75,0.0447
mixed,64,4,0.0625,4.0,512,8192,512,2048,608,1681.73,2769.87,1743.11,0.0564
mixed,64,4,0.0625,4.0,512,8192,1024,4096,1216,2150.66,5121.72,2173.86,0.0078
mixed,64,4,0.0625,4.0,512,8192,2048,8192,2432,3073.77,9725.64,3010.06,-0.0096
mixed,64,4,0.0625,4.0,512,8192,4096,16384,4864,6102.49,30109.5,6965.34,0.0359
mixed,64,4,0.0625,4.0,1024,0,128,512,152,581.154,837.409,588.833,0.03
mixed,64,4,0.0625,4.0,1024,0,256,1024,304,669.41,1226.31,695.809,0.0474
mixed,64,4,0.0625,4.0,1024,0,512,2048,608,856.097,1986.82,969.922,0.1007
mixed,64,4,0.0625,4.0,1024,0,1024,4096,1216,1329.06,4480.05,1499.27,0.054
mixed,64,4,0.0625,4.0,1024,0,2048,8192,2432,2289.67,8871.75,2554.21,0.0402
mixed,64,4,0.0625,4.0,1024,0,4096,16384,4864,5389.84,17649.2,6079.22,0.0562
mixed,64,4,0.0625,4.0,1024,512,128,512,152,686.049,950.051,698.817,0.0484
mixed,64,4,0.0625,4.0,1024,512,256,1024,304,778.403,1303.91,802.401,0.0457
mixed,64,4,0.0625,4.0,1024,512,512,2048,608,967.492,2068.42,1052.29,0.077
mixed,64,4,0.0625,4.0,1024,512,1024,4096,1216,1409,4636.02,1584.96,0.0545
mixed,64,4,0.0625,4.0,1024,512,2048,8192,2432,2361.96,8935.08,2633.74,0.0413
mixed,64,4,0.0625,4.0,1024,512,4096,16384,4864,5431.22,17798.6,6076.76,0.0522
mixed,64,4,0.0625,4.0,1024,1024,128,512,152,795.009,1056.99,803.619,0.0329
mixed,64,4,0.0625,4.0,1024,1024,256,1024,304,886.371,1407.24,909.667,0.0447
mixed,64,4,0.0625,4.0,1024,1024,512,2048,608,1076.7,2147.97,1127.39,0.0473
mixed,64,4,0.0625,4.0,1024,1024,1024,4096,1216,1498.6,4439.88,1668.84,0.0579
mixed,64,4,0.0625,4.0,1024,1024,2048,8192,2432,2435.01,9649.67,2708.78,0.0379
mixed,64,4,0.0625,4.0,1024,1024,4096,16384,4864,5681.49,18848.8,6112.7,0.0327
mixed,64,4,0.0625,4.0,1024,2048,128,512,152,1004.23,1270.05,1011.17,0.0261
mixed,64,4,0.0625,4.0,1024,2048,256,1024,304,1101.8,1627.46,1116.26,0.0275
mixed,64,4,0.0625,4.0,1024,2048,512,2048,608,1289.44,2318.25,1329.83,0.0393
mixed,64,4,0.0625,4.0,1024,2048,1024,4096,1216,1722.31,4624.4,1822.31,0.0345
mixed,64,4,0.0625,4.0,1024,2048,2048,8192,2432,2599.75,11302.7,2866.64,0.0307
mixed,64,4,0.0625,4.0,1024,2048,4096,16384,4864,6128.53,24242.8,5941.85,-0.0103
mixed,64,4,0.0625,4.0,1024,4096,128,512,152,1404.77,1674.73,1415.2,0.0386
mixed,64,4,0.0625,4.0,1024,4096,256,1024,304,1502.85,2047.21,1522.72,0.0365
mixed,64,4,0.0625,4.0,1024,4096,512,2048,608,1693.76,2753.77,1741.06,0.0446
mixed,64,4,0.0625,4.0,1024,4096,1024,4096,1216,2158.34,4978.83,2169.54,0.004
mixed,64,4,0.0625,4.0,1024,4096,2048,8192,2432,3001.96,14840.6,3209.96,0.0176
mixed,64,4,0.0625,4.0,1024,4096,4096,16384,4864,5962.29,32690.2,7240.22,0.0478
mixed,64,4,0.0625,4.0,1024,8192,128,512,152,2172.8,2485,2197.89,0.0804
mixed,64,4,0.0625,4.0,1024,8192,256,1024,304,2297.38,2865.71,2318.54,0.0372
mixed,64,4,0.0625,4.0,1024,8192,512,2048,608,2508.2,3599.34,2549.67,0.038
mixed,64,4,0.0625,4.0,1024,8192,1024,4096,1216,2973.74,5018.77,2997.39,0.0116
mixed,64,4,0.0625,4.0,1024,8192,2048,8192,2432,3882.06,10070.4,3862.73,-0.0031
mixed,64,4,0.0625,4.0,1024,8192,4096,16384,4864,5734.26,32235.1,6896.31,0.0438
mixed,64,4,0.0625,4.0,2048,0,128,512,152,1101.03,1356,1111.91,0.0427
mixed,64,4,0.0625,4.0,2048,0,256,1024,304,1193.7,1709.48,1217.89,0.0469
mixed,64,4,0.0625,4.0,2048,0,512,2048,608,1375.75,2445.03,1428.61,0.0494
mixed,64,4,0.0625,4.0,2048,0,1024,4096,1216,1805.32,4691.63,1959.78,0.0535
mixed,64,4,0.0625,4.0,2048,0,2048,8192,2432,2729.74,10302.6,3008.78,0.0368
mixed,64,4,0.0625,4.0,2048,0,4096,16384,4864,5910.58,20687.1,6192.85,0.0191
mixed,64,4,0.0625,4.0,2048,512,128,512,152,1289.73,1542.69,1296.23,0.0257
mixed,64,4,0.0625,4.0,2048,512,256,1024,304,1380.45,1900.58,1403.3,0.0439
mixed,64,4,0.0625,4.0,2048,512,512,2048,608,1563.91,2612.26,1607.43,0.0415
mixed,64,4,0.0625,4.0,2048,512,1024,4096,1216,1992.55,4626.19,2114.15,0.0462
mixed,64,4,0.0625,4.0,2048,512,2048,8192,2432,2888.94,11520.6,3170.57,0.0326
mixed,64,4,0.0625,4.0,2048,512,4096,16384,4864,6294.07,24448.9,5880.47,-0.0228
mixed,64,4,0.0625,4.0,2048,1024,128,512,152,1475.24,1729.03,1488.61,0.0527
mixed,64,4,0.0625,4.0,2048,1024,256,1024,304,1567.84,2091.08,1587.21,0.037
mixed,64,4,0.0625,4.0,2048,1024,512,2048,608,1748.97,2781.55,1796.93,0.0465
mixed,64,4,0.0625,4.0,2048,1024,1024,4096,1216,2186.6,4825.65,2275.75,0.0338
mixed,64,4,0.0625,4.0,2048,1024,2048,8192,2432,3055.05,11762.4,3333.51,0.032
mixed,64,4,0.0625,4.0,2048,1024,4096,16384,4864,6459.13,26361.1,5763.8,-0.0349
mixed,64,4,0.0625,4.0,2048,2048,128,512,152,1841.77,2102.15,1855.24,0.0518
mixed,64,4,0.0625,4.0,2048,2048,256,1024,304,1935.4,2461.68,1957.96,0.0429
mixed,64,4,0.0625,4.0,2048,2048,512,2048,608,2126.19,3141.39,2172.45,0.0456
mixed,64,4,0.0625,4.0,2048,2048,1024,4096,1216,2560.2,4628.85,2594.15,0.0164
mixed,64,4,0.0625,4.0,2048,2048,2048,8192,2432,3401.68,15284.9,3658.34,0.0216
mixed,64,4,0.0625,4.0,2048,2048,4096,16384,4864,5932.47,31637.6,5909.4,-0.0009
mixed,64,4,0.0625,4.0,2048,4096,128,512,152,2570.7,2830.63,2584.59,0.0534
mixed,64,4,0.0625,4.0,2048,4096,256,1024,304,2662.54,3183.31,2689.61,0.052
mixed,64,4,0.0625,4.0,2048,4096,512,2048,608,2849.39,3881.07,2898.95,0.048
mixed,64,4,0.0625,4.0,2048,4096,1024,4096,1216,3282.15,5506.29,3309.58,0.0123
mixed,64,4,0.0625,4.0,2048,4096,2048,8192,2432,4140.01,16206.8,4278,0.0114
mixed,64,4,0.0625,4.0,2048,4096,4096,16384,4864,5931.67,33103.4,7451.45,0.0559
mixed,64,4,0.0625,4.0,2048,8192,128,512,152,4018.35,4279.12,4021.8,0.0132
mixed,64,4,0.0625,4.0,2048,8192,256,1024,304,4103.44,4643.79,4131.37,0.0517
mixed,64,4,0.0625,4.0,2048,8192,512,2048,608,4294.39,5379.48,4349.1,0.0504
mixed,64,4,0.0625,4.0,2048,8192,1024,4096,1216,4742.38,7052.95,4770.7,0.0123
mixed,64,4,0.0625,4.0,2048,8192,2048,8192,2432,5640.34,11631.5,5636.14,-0.0007
mixed,64,4,0.0625,4.0,2048,8192,4096,16384,4864,7833.92,32639.3,8468.8,0.0256
pure,64,8,0.125,4.0,0,0,128,512,176,139.52,382.368,155.522,0.0659
pure,64,8,0.125,4.0,0,0,256,1024,352,265.921,661.762,287.84,0.0554
pure,64,8,0.125,4.0,0,0,512,2048,704,485.028,1190.41,526.145,0.0583
pure,64,8,0.125,4.0,0,0,1024,4096,1408,857.954,2247.53,924.193,0.0477
pure,64,8,0.125,4.0,0,0,2048,8192,2816,1580.07,4372.82,1718.53,0.0496
pure,64,8,0.125,4.0,0,0,4096,16384,5632,3034.22,8555.55,3321.42,0.052
mixed,64,8,0.125,4.0,16,0,128,512,176,258.626,547.201,295.776,0.1287
mixed,64,8,0.125,4.0,16,0,256,1024,352,375.137,929.732,455.842,0.1455
mixed,64,8,0.125,4.0,16,0,512,2048,704,653.506,1661,757.729,0.1034
mixed,64,8,0.125,4.0,16,0,1024,4096,1408,1211.97,4340.5,1343.37,0.042
mixed,64,8,0.125,4.0,16,0,2048,8192,2816,2522.79,8728,2522.47,-0.0001
mixed,64,8,0.125,4.0,16,0,4096,16384,5632,6057.5,17767.9,7172.76,0.0952
mixed,64,8,0.125,4.0,16,512,128,512,176,278.24,555.36,306.209,0.1009
mixed,64,8,0.125,4.0,16,512,256,1024,352,390.689,935.973,462.754,0.1322
mixed,64,8,0.125,4.0,16,512,512,2048,704,658.756,1669.16,765.666,0.1058
mixed,64,8,0.125,4.0,16,512,1024,4096,1408,1219.46,4328.11,1350.21,0.0421
mixed,64,8,0.125,4.0,16,512,2048,8192,2816,2544.14,8723.39,2528.81,-0.0025
mixed,64,8,0.125,4.0,16,512,4096,16384,5632,6062.61,17584.5,7213.72,0.0999
mixed,64,8,0.125,4.0,16,1024,128,512,176,320.32,573.634,340.158,0.0783
mixed,64,8,0.125,4.0,16,1024,256,1024,352,423.297,946.019,468.864,0.0872
mixed,64,8,0.125,4.0,16,1024,512,2048,704,671.105,1691.53,768.805,0.0957
mixed,64,8,0.125,4.0,16,1024,1024,4096,1408,1227.08,4339.69,1362.72,0.0436
mixed,64,8,0.125,4.0,16,1024,2048,8192,2816,2547.69,8767.43,2531.05,-0.0027
mixed,64,8,0.125,4.0,16,1024,4096,16384,5632,6060.66,17709.5,7173.43,0.0955
mixed,64,8,0.125,4.0,16,2048,128,512,176,389.888,645.317,407.522,0.069
mixed,64,8,0.125,4.0,16,2048,256,1024,352,496.323,985.764,534.336,0.0777
mixed,64,8,0.125,4.0,16,2048,512,2048,704,739.907,1728.65,779.94,0.0405
mixed,64,8,0.125,4.0,16,2048,1024,4096,1408,1242.69,4258.8,1373.19,0.0433
mixed,64,8,0.125,4.0,16,2048,2048,8192,2816,2493.32,8781.05,2557.55,0.0102
mixed,64,8,0.125,4.0,16,2048,4096,16384,5632,6080.09,17787.2,7212.25,0.0967
mixed,64,8,0.125,4.0,16,4096,128,512,176,518.944,792.577,538.783,0.0725
mixed,64,8,0.125,4.0,16,4096,256,1024,352,631.842,1133.64,669.731,0.0755
mixed,64,8,0.125,4.0,16,4096,512,2048,704,890.593,1798.79,914.21,0.026
mixed,64,8,0.125,4.0,16,4096,1024,4096,1408,1391.85,4475.95,1392.84,0.0003
mixed,64,8,0.125,4.0,16,4096,2048,8192,2816,2598.63,9523.39,2589.54,-0.0013
mixed,64,8,0.125,4.0,16,4096,4096,16384,5632,6384.73,20580.6,7207.07,0.0579
mixed,64,8,0.125,4.0,16,8192,128,512,176,765.347,1047.33,789.474,0.0856
mixed,64,8,0.125,4.0,16,8192,256,1024,352,879.458,1411.2,921.154,0.0784
mixed,64,8,0.125,4.0,16,8192,512,2048,704,1158.05,2107.5,1186.79,0.0303
mixed,64,8,0.125,4.0,16,8192,1024,4096,1408,1660.9,4640.3,1670.89,0.0034
mixed,64,8,0.125,4.0,16,8192,2048,8192,2816,2822.92,9283.62,2641.99,-0.028
mixed,64,8,0.125,4.0,16,8192,4096,16384,5632,6413.68,21175,7152.6,0.0501
mixed,64,8,0.125,4.0,32,0,128,512,176,259.297,546.401,295.042,0.1245
mixed,64,8,0.125,4.0,32,0,256,1024,352,375.362,930.755,454.657,0.1428
mixed,64,8,0.125,4.0,32,0,512,2048,704,653.57,1661.38,757.154,0.1028
mixed,64,8,0.125,4.0,32,0,1024,4096,1408,1214.82,4339.38,1344.96,0.0417
mixed,64,8,0.125,4.0,32,0,2048,8192,2816,2530.41,8728.67,2525.93,-0.0007
mixed,64,8,0.125,4.0,32,0,4096,16384,5632,6049.65,17639.6,7169.11,0.0966
mixed,64,8,0.125,4.0,32,512,128,512,176,279.105,555.427,307.041,0.1011
mixed,64,8,0.125,4.0,32,512,256,1024,352,388.385,938.017,462.017,0.134
mixed,64,8,0.125,4.0,32,512,512,2048,704,662.529,1665.54,766.433,0.1036
mixed,64,8,0.125,4.0,32,512,1024,4096,1408,1220.36,4342.54,1350.24,0.0416
mixed,64,8,0.125,4.0,32,512,2048,8192,2816,2545.26,8743.23,2527.53,-0.0029
mixed,64,8,0.125,4.0,32,512,4096,16384,5632,6072.22,17809.5,7210.33,0.097
mixed,64,8,0.125,4.0,32,1024,128,512,176,320.48,575.171,340.513,0.0787
mixed,64,8,0.125,4.0,32,1024,256,1024,352,424.544,946.018,466.625,0.0807
mixed,64,8,0.125,4.0,32,1024,512,2048,704,670.72,1689.54,768.771,0.0962
mixed,64,8,0.125,4.0,32,1024,1024,4096,1408,1227.97,4348.78,1363.39,0.0434
mixed,64,8,0.125,4.0,32,1024,2048,8192,2816,2536.04,8764.77,2531.27,-0.0008
mixed,64,8,0.125,4.0,32,1024,4096,16384,5632,6081.08,17878,7097.18,0.0861
mixed,64,8,0.125,4.0,32,2048,128,512,176,389.505,646.946,408.065,0.0721
mixed,64,8,0.125,4.0,32,2048,256,1024,352,493.186,988.611,534.115,0.0826
mixed,64,8,0.125,4.0,32,2048,512,2048,704,741.603,1730.69,780.964,0.0398
mixed,64,8,0.125,4.0,32,2048,1024,4096,1408,1242.82,4257.04,1376.55,0.0444
mixed,64,8,0.125,4.0,32,2048,2048,8192,2816,2481.58,8784.96,2562.41,0.0128
mixed,64,8,0.125,4.0,32,2048,4096,16384,5632,6090.42,18749,7101.11,0.0798
mixed,64,8,0.125,4.0,32,4096,128,512,176,520.353,792.451,542.786,0.0824
mixed,64,8,0.125,4.0,32,4096,256,1024,352,633.409,1139.68,676.995,0.0861
mixed,64,8,0.125,4.0,32,4096,512,2048,704,893.446,1797.73,919.683,0.029
mixed,64,8,0.125,4.0,32,4096,1024,4096,1408,1396.1,4553.77,1396.13,0.0
mixed,64,8,0.125,4.0,32,4096,2048,8192,2816,2553.45,9481.76,2598.28,0.0065
mixed,64,8,0.125,4.0,32,4096,4096,16384,5632,6398.13,21251.5,7183.83,0.0529
mixed,64,8,0.125,4.0,32,8192,128,512,176,766.851,1051.43,789.442,0.0794
mixed,64,8,0.125,4.0,32,8192,256,1024,352,879.49,1411.37,925.027,0.0856
mixed,64,8,0.125,4.0,32,8192,512,2048,704,1161.92,2119.3,1182.28,0.0213
mixed,64,8,0.125,4.0,32,8192,1024,4096,1408,1657.89,4623.54,1675.59,0.006
mixed,64,8,0.125,4.0,32,8192,2048,8192,2816,2825.61,9286.86,2650.99,-0.027
mixed,64,8,0.125,4.0,32,8192,4096,16384,5632,6432.05,20688.2,7167.9,0.0516
mixed,64,8,0.125,4.0,64,0,128,512,176,260.001,547.969,297.793,0.1312
mixed,64,8,0.125,4.0,64,0,256,1024,352,376.833,932.579,455.487,0.1415
mixed,64,8,0.125,4.0,64,0,512,2048,704,657.698,1664.58,760.129,0.1017
mixed,64,8,0.125,4.0,64,0,1024,4096,1408,1213.79,4330.23,1346.66,0.0426
mixed,64,8,0.125,4.0,64,0,2048,8192,2816,2548.07,8738.56,2531.88,-0.0026
mixed,64,8,0.125,4.0,64,0,4096,16384,5632,6070.81,17801.1,7202.14,0.0964
mixed,64,8,0.125,4.0,64,512,128,512,176,281.153,556.578,306.211,0.091
mixed,64,8,0.125,4.0,64,512,256,1024,352,389.985,939.107,463.073,0.1331
mixed,64,8,0.125,4.0,64,512,512,2048,704,666.434,1671.75,766.114,0.0992
mixed,64,8,0.125,4.0,64,512,1024,4096,1408,1224.64,4334.28,1352.45,0.0411
mixed,64,8,0.125,4.0,64,512,2048,8192,2816,2559.75,8753.79,2531.34,-0.0046
mixed,64,8,0.125,4.0,64,512,4096,16384,5632,6070.55,17757.4,7139.93,0.0915
mixed,64,8,0.125,4.0,64,1024,128,512,176,322.594,580.578,342.947,0.0789
mixed,64,8,0.125,4.0,64,1024,256,1024,352,427.072,950.978,470.722,0.0833
mixed,64,8,0.125,4.0,64,1024,512,2048,704,675.235,1697.38,772.194,0.0949
mixed,64,8,0.125,4.0,64,1024,1024,4096,1408,1234.53,4344.23,1369.73,0.0435
mixed,64,8,0.125,4.0,64,1024,2048,8192,2816,2552.62,8756.86,2543.82,-0.0014
mixed,64,8,0.125,4.0,64,1024,4096,16384,5632,6083.38,17576.5,7178.65,0.0953
mixed,64,8,0.125,4.0,64,2048,128,512,176,393.025,649.89,411.778,0.073
mixed,64,8,0.125,4.0,64,2048,256,1024,352,499.393,994.371,539.714,0.0815
mixed,64,8,0.125,4.0,64,2048,512,2048,704,749.027,1743.72,783.267,0.0344
mixed,64,8,0.125,4.0,64,2048,1024,4096,1408,1251.27,4268.82,1380.42,0.0428
mixed,64,8,0.125,4.0,64,2048,2048,8192,2816,2479.02,8771.4,2569.41,0.0144
mixed,64,8,0.125,4.0,64,2048,4096,16384,5632,6092.57,18226.6,7108.12,0.0837
mixed,64,8,0.125,4.0,64,4096,128,512,176,521.442,794.368,542.272,0.0763
mixed,64,8,0.125,4.0,64,4096,256,1024,352,633.953,1138.31,677.763,0.0869
mixed,64,8,0.125,4.0,64,4096,512,2048,704,897.922,1804.04,921.698,0.0262
mixed,64,8,0.125,4.0,64,4096,1024,4096,1408,1400.9,4559.57,1403.81,0.0009
mixed,64,8,0.125,4.0,64,4096,2048,8192,2816,2565.96,9477.38,2608.62,0.0062
mixed,64,8,0.125,4.0,64,4096,4096,16384,5632,6401.75,20870.1,7109.56,0.0489
mixed,64,8,0.125,4.0,64,8192,128,512,176,768.866,1057.8,788.355,0.0675
mixed,64,8,0.125,4.0,64,8192,256,1024,352,883.491,1426.92,927.746,0.0814
mixed,64,8,0.125,4.0,64,8192,512,2048,704,1163.33,2125.89,1190.47,0.0282
mixed,64,8,0.125,4.0,64,8192,1024,4096,1408,1674.79,4626.96,1672.77,-0.0007
mixed,64,8,0.125,4.0,64,8192,2048,8192,2816,2838.28,9292,2650.47,-0.0291
mixed,64,8,0.125,4.0,64,8192,4096,16384,5632,6440.79,20913.4,7166.14,0.0501
mixed,64,8,0.125,4.0,128,0,128,512,176,276.449,563.425,314.146,0.1314
mixed,64,8,0.125,4.0,128,0,256,1024,352,392.385,951.33,471.169,0.141
mixed,64,8,0.125,4.0,128,0,512,2048,704,672.098,1684.61,774.659,0.1013
mixed,64,8,0.125,4.0,128,0,1024,4096,1408,1230.72,4354.16,1364.13,0.0427
mixed,64,8,0.125,4.0,128,0,2048,8192,2816,2532.58,8749.02,2548.81,0.0026
mixed,64,8,0.125,4.0,128,0,4096,16384,5632,6072.25,17555.9,7143.51,0.0933
mixed,64,8,0.125,4.0,128,512,128,512,176,304.481,576.898,324.161,0.0722
mixed,64,8,0.125,4.0,128,512,256,1024,352,406.753,958.882,480.993,0.1345
mixed,64,8,0.125,4.0,128,512,512,2048,704,687.394,1708.2,787.011,0.0976
mixed,64,8,0.125,4.0,128,512,1024,4096,1408,1246.47,4351.18,1375.14,0.0414
mixed,64,8,0.125,4.0,128,512,2048,8192,2816,2545.61,8749.99,2550.73,0.0008
mixed,64,8,0.125,4.0,128,512,4096,16384,5632,6073.91,17574.2,7182.87,0.0964
mixed,64,8,0.125,4.0,128,1024,128,512,176,345.28,604.769,365.569,0.0782
mixed,64,8,0.125,4.0,128,1024,256,1024,352,451.202,977.409,492.704,0.0789
mixed,64,8,0.125,4.0,128,1024,512,2048,704,702.723,1745.54,793.123,0.0867
mixed,64,8,0.125,4.0,128,1024,1024,4096,1408,1258.02,4373.74,1391.72,0.0429
mixed,64,8,0.125,4.0,128,1024,2048,8192,2816,2536.14,8762.46,2563.91,0.0045
mixed,64,8,0.125,4.0,128,1024,4096,16384,5632,6088.69,17599.8,7188.22,0.0955
mixed,64,8,0.125,4.0,128,2048,128,512,176,423.009,686.499,442.274,0.0731
mixed,64,8,0.125,4.0,128,2048,256,1024,352,526.851,1033.35,570.817,0.0868
mixed,64,8,0.125,4.0,128,2048,512,2048,704,787.139,1769.48,809.091,0.0223
mixed,64,8,0.125,4.0,128,2048,1024,4096,1408,1289.92,4269.52,1411.08,0.0407
mixed,64,8,0.125,4.0,128,2048,2048,8192,2816,2522.73,8809.21,2606.15,0.0133
mixed,64,8,0.125,4.0,128,2048,4096,16384,5632,6113.05,17730.1,7113.44,0.0861
mixed,64,8,0.125,4.0,128,4096,128,512,176,566.881,845.922,588.962,0.0791
mixed,64,8,0.125,4.0,128,4096,256,1024,352,678.016,1197.7,726.274,0.0929
mixed,64,8,0.125,4.0,128,4096,512,2048,704,945.667,1889.93,975.907,0.032
mixed,64,8,0.125,4.0,128,4096,1024,4096,1408,1457.64,4566.99,1450.98,-0.0021
mixed,64,8,0.125,4.0,128,4096,2048,8192,2816,2576.55,9766.75,2654.86,0.0109
mixed,64,8,0.125,4.0,128,4096,4096,16384,5632,6298.43,23446.6,7106.87,0.0471
mixed,64,8,0.125,4.0,128,8192,128,512,176,815.971,1130.08,840.482,0.078
mixed,64,8,0.125,4.0,128,8192,256,1024,352,940.546,1500.23,992.29,0.0925
mixed,64,8,0.125,4.0,128,8192,512,2048,704,1241.64,2199.49,1276.84,0.0367
mixed,64,8,0.125,4.0,128,8192,1024,4096,1408,1763.11,4797.32,1767.05,0.0013
mixed,64,8,0.125,4.0,128,8192,2048,8192,2816,3040.55,9136.93,2723.75,-0.052
mixed,64,8,0.125,4.0,128,8192,4096,16384,5632,6397.91,22669.9,7543.41,0.0704
mixed,64,8,0.125,4.0,256,0,128,512,176,305.503,591.938,342.562,0.1294
mixed,64,8,0.125,4.0,256,0,256,1024,352,419.328,979.683,500.16,0.1443
mixed,64,8,0.125,4.0,256,0,512,2048,704,700.865,1725.38,798.148,0.095
mixed,64,8,0.125,4.0,256,0,1024,4096,1408,1263.72,4380.97,1396.58,0.0426
mixed,64,8,0.125,4.0,256,0,2048,8192,2816,2554.15,8760.41,2582.73,0.0046
mixed,64,8,0.125,4.0,256,0,4096,16384,5632,6090.65,17711.4,7235.07,0.0985
mixed,64,8,0.125,4.0,256,512,128,512,176,350.4,612.928,372.706,0.085
mixed,64,8,0.125,4.0,256,512,256,1024,352,455.488,999.266,519.297,0.1173
mixed,64,8,0.125,4.0,256,512,512,2048,704,724.708,1765.61,822.913,0.0943
mixed,64,8,0.125,4.0,256,512,1024,4096,1408,1285.19,4385.04,1415.4,0.042
mixed,64,8,0.125,4.0,256,512,2048,8192,2816,2558.09,8776.32,2601.32,0.007
mixed,64,8,0.125,4.0,256,512,4096,16384,5632,6106.58,17704.6,7145.21,0.0896
mixed,64,8,0.125,4.0,256,1024,128,512,176,399.329,660.291,420.353,0.0806
mixed,64,8,0.125,4.0,256,1024,256,1024,352,501.763,1019.56,543.011,0.0797
mixed,64,8,0.125,4.0,256,1024,512,2048,704,759.779,1786.31,836.227,0.0745
mixed,64,8,0.125,4.0,256,1024,1024,4096,1408,1308.87,4384.75,1441.22,0.043
mixed,64,8,0.125,4.0,256,1024,2048,8192,2816,2515.46,8794.37,2617.48,0.0162
mixed,64,8,0.125,4.0,256,1024,4096,16384,5632,6107.67,17557.7,7124.15,0.0888
mixed,64,8,0.125,4.0,256,2048,128,512,176,495.426,761.186,516.867,0.0807
mixed,64,8,0.125,4.0,256,2048,256,1024,352,599.171,1110.95,641.251,0.0822
mixed,64,8,0.125,4.0,256,2048,512,2048,704,864.677,1831.56,889.284,0.0254
mixed,64,8,0.125,4.0,256,2048,1024,4096,1408,1374.5,4414.58,1478.98,0.0344
mixed,64,8,0.125,4.0,256,2048,2048,8192,2816,2555.56,8965.64,2682.15,0.0197
mixed,64,8,0.125,4.0,256,2048,4096,16384,5632,6193.43,18199.7,6779.48,0.0488
mixed,64,8,0.125,4.0,256,4096,128,512,176,673.666,949.474,696.611,0.0832
mixed,64,8,0.125,4.0,256,4096,256,1024,352,784.451,1308.93,822.083,0.0718
mixed,64,8,0.125,4.0,256,4096,512,2048,704,1055.27,2001.99,1081.48,0.0277
mixed,64,8,0.125,4.0,256,4096,1024,4096,1408,1578.15,4565.23,1560.36,-0.006
mixed,64,8,0.125,4.0,256,4096,2048,8192,2816,2711.66,10533.1,2756.74,0.0058
mixed,64,8,0.125,4.0,256,4096,4096,16384,5632,6340.25,27572.3,7531.48,0.0561
mixed,64,8,0.125,4.0,256,8192,128,512,176,965.699,1301.57,1002.37,0.1092
mixed,64,8,0.125,4.0,256,8192,256,1024,352,1135.91,1680.1,1173.76,0.0696
mixed,64,8,0.125,4.0,256,8192,512,2048,704,1410.47,2384.59,1433.03,0.0232
mixed,64,8,0.125,4.0,256,8192,1024,4096,1408,1953.16,4790.89,1932.74,-0.0072
mixed,64,8,0.125,4.0,256,8192,2048,8192,2816,3118.67,9223.14,2911.5,-0.0339
mixed,64,8,0.125,4.0,256,8192,4096,16384,5632,6677.72,26629.8,8691.84,0.1009
mixed,64,8,0.125,4.0,512,0,128,512,176,384.547,663.425,412.066,0.0987
mixed,64,8,0.125,4.0,512,0,256,1024,352,490.209,1051.36,563.17,0.13
mixed,64,8,0.125,4.0,512,0,512,2048,704,770.563,1810.05,867.875,0.0936
mixed,64,8,0.125,4.0,512,0,1024,4096,1408,1339.2,4400.91,1467.56,0.0419
mixed,64,8,0.125,4.0,512,0,2048,8192,2816,2572.45,8812.19,2669.67,0.0156
mixed,64,8,0.125,4.0,512,0,4096,16384,5632,6125.62,17703.1,7098.58,0.084
mixed,64,8,0.125,4.0,512,512,128,512,176,454.21,714.114,475.584,0.0822
mixed,64,8,0.125,4.0,512,512,256,1024,352,555.234,1092.84,604.386,0.0914
mixed,64,8,0.125,4.0,512,512,512,2048,704,816.002,1861.38,909.059,0.089
mixed,64,8,0.125,4.0,512,512,1024,4096,1408,1377.03,4413.52,1503.65,0.0417
mixed,64,8,0.125,4.0,512,512,2048,8192,2816,2574.22,8834.15,2698.76,0.0199
mixed,64,8,0.125,4.0,512,512,4096,16384,5632,6146.74,17558.6,7132.12,0.0863
mixed,64,8,0.125,4.0,512,1024,128,512,176,522.242,783.907,545.826,0.0901
mixed,64,8,0.125,4.0,512,1024,256,1024,352,619.681,1140.9,664.928,0.0868
mixed,64,8,0.125,4.0,512,1024,512,2048,704,884.26,1899.08,951.843,0.0666
mixed,64,8,0.125,4.0,512,1024,1024,4096,1408,1431.34,4420.89,1546.73,0.0386
mixed,64,8,0.125,4.0,512,1024,2048,8192,2816,2534.06,8841.83,2733.16,0.0316
mixed,64,8,0.125,4.0,512,1024,4096,16384,5632,6154.23,17739.5,7185.91,0.0891
mixed,64,8,0.125,4.0,512,2048,128,512,176,650.626,912.675,672.289,0.0827
mixed,64,8,0.125,4.0,512,2048,256,1024,352,752.034,1269.83,801.892,0.0963
mixed,64,8,0.125,4.0,512,2048,512,2048,704,1017.25,2004.55,1046.05,0.0292
mixed,64,8,0.125,4.0,512,2048,1024,4096,1408,1533.51,4361.49,1620.97,0.0309
mixed,64,8,0.125,4.0,512,2048,2048,8192,2816,2643.82,9827.05,2821.16,0.0247
mixed,64,8,0.125,4.0,512,2048,4096,16384,5632,6639,19869.9,7324.92,0.0518
mixed,64,8,0.125,4.0,512,4096,128,512,176,896.771,1166.53,919.811,0.0854
mixed,64,8,0.125,4.0,512,4096,256,1024,352,1004.64,1539.94,1048.77,0.0824
mixed,64,8,0.125,4.0,512,4096,512,2048,704,1273.96,2250.88,1313.73,0.0407
mixed,64,8,0.125,4.0,512,4096,1024,4096,1408,1809,4852.59,1792.13,-0.0055
mixed,64,8,0.125,4.0,512,4096,2048,8192,2816,2822.95,12317.8,2947.88,0.0132
mixed,64,8,0.125,4.0,512,4096,4096,16384,5632,6755.42,30138.5,7894.23,0.0487
mixed,64,8,0.125,4.0,512,8192,128,512,176,1371.05,1661.67,1390.12,0.0656
mixed,64,8,0.125,4.0,512,8192,256,1024,352,1476.84,2049.32,1538.09,0.107
mixed,64,8,0.125,4.0,512,8192,512,2048,704,1780.8,2777.52,1804.71,0.024
mixed,64,8,0.125,4.0,512,8192,1024,4096,1408,2327.46,5133.23,2301.99,-0.0091
mixed,64,8,0.125,4.0,512,8192,2048,8192,2816,3457.8,9735.94,3270.41,-0.0298
mixed,64,8,0.125,4.0,512,8192,4096,16384,5632,6942.97,30172.4,7268.06,0.014
mixed,64,8,0.125,4.0,1024,0,128,512,176,581.826,838.211,603.809,0.0857
mixed,64,8,0.125,4.0,1024,0,256,1024,352,677.669,1226.85,729.795,0.0949
mixed,64,8,0.125,4.0,1024,0,512,2048,704,943.844,1989.32,1033.25,0.0855
mixed,64,8,0.125,4.0,1024,0,1024,4096,1408,1517.19,4494.67,1633.35,0.039
mixed,64,8,0.125,4.0,1024,0,2048,8192,2816,2643.4,8887.01,2822.22,0.0286
mixed,64,8,0.125,4.0,1024,0,4096,16384,5632,6201.4,17633.4,7087.96,0.0776
mixed,64,8,0.125,4.0,1024,512,128,512,176,690.147,948.324,712.13,0.0851
mixed,64,8,0.125,4.0,1024,512,256,1024,352,787.426,1305.99,831.426,0.0849
mixed,64,8,0.125,4.0,1024,512,512,2048,704,1049.86,2076.58,1112,0.0605
mixed,64,8,0.125,4.0,1024,512,1024,4096,1408,1592.97,4626.42,1718.24,0.0413
mixed,64,8,0.125,4.0,1024,512,2048,8192,2816,2682.89,8921.43,2886.73,0.0327
mixed,64,8,0.125,4.0,1024,512,4096,16384,5632,6257.24,17796.8,7030.65,0.067
mixed,64,8,0.125,4.0,1024,1024,128,512,176,802.435,1063.52,819.842,0.0667
mixed,64,8,0.125,4.0,1024,1024,256,1024,352,894.147,1406.72,942.019,0.0934
mixed,64,8,0.125,4.0,1024,1024,512,2048,704,1159.17,2146.34,1190.12,0.0313
mixed,64,8,0.125,4.0,1024,1024,1024,4096,1408,1681.32,4450.13,1801.32,0.0433
mixed,64,8,0.125,4.0,1024,1024,2048,8192,2816,2741.64,9670.62,2967.02,0.0325
mixed,64,8,0.125,4.0,1024,1024,4096,16384,5632,6645.24,19333,6564.44,-0.0064
mixed,64,8,0.125,4.0,1024,2048,128,512,176,1005.73,1274.18,1032.2,0.0986
mixed,64,8,0.125,4.0,1024,2048,256,1024,352,1107.4,1635.72,1148,0.0769
mixed,64,8,0.125,4.0,1024,2048,512,2048,704,1371.24,2311.53,1389.67,0.0196
mixed,64,8,0.125,4.0,1024,2048,1024,4096,1408,1889.09,4615.18,1951.08,0.0227
mixed,64,8,0.125,4.0,1024,2048,2048,8192,2816,2914.8,11323.8,3138.83,0.0266
mixed,64,8,0.125,4.0,1024,2048,4096,16384,5632,6965.22,24264.8,8724.06,0.1017
mixed,64,8,0.125,4.0,1024,4096,128,512,176,1412.71,1674.15,1435.3,0.0864
mixed,64,8,0.125,4.0,1024,4096,256,1024,352,1508.45,2045.74,1558.88,0.0939
mixed,64,8,0.125,4.0,1024,4096,512,2048,704,1791.56,2758.31,1808.74,0.0178
mixed,64,8,0.125,4.0,1024,4096,1024,4096,1408,2329.45,4974.2,2300.77,-0.0108
mixed,64,8,0.125,4.0,1024,4096,2048,8192,2816,3256.11,14534.7,3465.52,0.0186
mixed,64,8,0.125,4.0,1024,4096,4096,16384,5632,7093.81,32682.3,8026.85,0.0365
mixed,64,8,0.125,4.0,1024,8192,128,512,176,2188.3,2488.61,2216.17,0.0928
mixed,64,8,0.125,4.0,1024,8192,256,1024,352,2304.93,2866.34,2363.11,0.1036
mixed,64,8,0.125,4.0,1024,8192,512,2048,704,2591.15,3596.27,2618.18,0.0269
mixed,64,8,0.125,4.0,1024,8192,1024,4096,1408,3149.13,5025.33,3126.15,-0.0122
mixed,64,8,0.125,4.0,1024,8192,2048,8192,2816,4142.38,10062.2,4094.57,-0.0081
mixed,64,8,0.125,4.0,1024,8192,4096,16384,5632,7360.83,32306.9,8251.26,0.0357
mixed,64,8,0.125,4.0,2048,0,128,512,176,1104.61,1357.96,1127.2,0.0892
mixed,64,8,0.125,4.0,2048,0,256,1024,352,1200.87,1711.56,1255.08,0.1062
mixed,64,8,0.125,4.0,2048,0,512,2048,704,1460.65,2450.47,1497.83,0.0376
mixed,64,8,0.125,4.0,2048,0,1024,4096,1408,1987.24,4692.4,2087.81,0.0372
mixed,64,8,0.125,4.0,2048,0,2048,8192,2816,3029.9,10260.2,3267.62,0.0329
mixed,64,8,0.125,4.0,2048,0,4096,16384,5632,7040.92,20566.3,6924.34,-0.0086
mixed,64,8,0.125,4.0,2048,512,128,512,176,1295.01,1553.16,1316,0.0813
mixed,64,8,0.125,4.0,2048,512,256,1024,352,1388.2,1898.63,1433.48,0.0887
mixed,64,8,0.125,4.0,2048,512,512,2048,704,1646.28,2610.7,1683.75,0.0389
mixed,64,8,0.125,4.0,2048,512,1024,4096,1408,2159.05,4610.86,2244.65,0.0349
mixed,64,8,0.125,4.0,2048,512,2048,8192,2816,3176.14,11530.7,3439.79,0.0316
mixed,64,8,0.125,4.0,2048,512,4096,16384,5632,7193.11,24487.8,8400.67,0.0698
mixed,64,8,0.125,4.0,2048,1024,128,512,176,1477.83,1732.9,1511.2,0.1308
mixed,64,8,0.125,4.0,2048,1024,256,1024,352,1573.28,2093.19,1631.91,0.1128
mixed,64,8,0.125,4.0,2048,1024,512,2048,704,1835.72,2780.14,1868.61,0.0348
mixed,64,8,0.125,4.0,2048,1024,1024,4096,1408,2346.25,4803.22,2402.99,0.0231
mixed,64,8,0.125,4.0,2048,1024,2048,8192,2816,3325.48,11753.5,3594.16,0.0319
mixed,64,8,0.125,4.0,2048,1024,4096,16384,5632,7833.15,26143.9,6596.15,-0.0676
mixed,64,8,0.125,4.0,2048,2048,128,512,176,1846.18,2103.94,1871.24,0.0972
mixed,64,8,0.125,4.0,2048,2048,256,1024,352,1939.94,2457.03,1989.48,0.0958
mixed,64,8,0.125,4.0,2048,2048,512,2048,704,2212.1,3147.21,2238.79,0.0285
mixed,64,8,0.125,4.0,2048,2048,1024,4096,1408,2724.59,4630.67,2726.73,0.0011
mixed,64,8,0.125,4.0,2048,2048,2048,8192,2816,3665.13,15823.7,3903.44,0.0196
mixed,64,8,0.125,4.0,2048,2048,4096,16384,5632,8015.93,31588.6,7821.02,-0.0083
mixed,64,8,0.125,4.0,2048,4096,128,512,176,2574.99,2838.28,2597.87,0.0869
mixed,64,8,0.125,4.0,2048,4096,256,1024,352,2669.9,3192.2,2724.17,0.1039
mixed,64,8,0.125,4.0,2048,4096,512,2048,704,2930.51,3879.09,2962.99,0.0342
mixed,64,8,0.125,4.0,2048,4096,1024,4096,1408,3450.54,5549.56,3448.68,-0.0009
mixed,64,8,0.125,4.0,2048,4096,2048,8192,2816,4393.74,15857.6,4534.99,0.0123
mixed,64,8,0.125,4.0,2048,4096,4096,16384,5632,6564.69,33099.5,8617.82,0.0774
mixed,64,8,0.125,4.0,2048,8192,128,512,176,4020.75,4278.8,4041.35,0.0798
mixed,64,8,0.125,4.0,2048,8192,256,1024,352,4113.74,4638.06,4161.81,0.0917
mixed,64,8,0.125,4.0,2048,8192,512,2048,704,4377.84,5380.65,4418.93,0.041
mixed,64,8,0.125,4.0,2048,8192,1024,4096,1408,4912.24,7051.96,4901.07,-0.0052
mixed,64,8,0.125,4.0,2048,8192,2048,8192,2816,5891.32,11647.9,5887.03,-0.0007
mixed,64,8,0.125,4.0,2048,8192,4096,16384,5632,8511.42,32682.9,10235.2,0.0713
pure,64,16,0.25,4.0,0,0,128,512,224,174.56,384.577,183.296,0.0416
pure,64,16,0.25,4.0,0,0,256,1024,448,335.327,660.963,352.161,0.0517
pure,64,16,0.25,4.0,0,0,512,2048,896,594.629,1193.7,629.891,0.0589
pure,64,16,0.25,4.0,0,0,1024,4096,1792,1055.3,2245.58,1125.22,0.0587
pure,64,16,0.25,4.0,0,0,2048,8192,3584,1980.71,4376.2,2130.09,0.0624
pure,64,16,0.25,4.0,0,0,4096,16384,7168,3841.32,8576.13,4121.52,0.0592
mixed,64,16,0.25,4.0,16,0,128,512,224,271.426,547.967,332.097,0.2194
mixed,64,16,0.25,4.0,16,0,256,1024,448,467.842,931.267,515.423,0.1027
mixed,64,16,0.25,4.0,16,0,512,2048,896,835.588,1658.82,880.131,0.0541
mixed,64,16,0.25,4.0,16,0,1024,4096,1792,1477.7,4338.7,1598.5,0.0422
mixed,64,16,0.25,4.0,16,0,2048,8192,3584,3635.88,8746.46,3110.25,-0.1029
mixed,64,16,0.25,4.0,16,0,4096,16384,7168,7662.04,17632.7,10138.2,0.2483
mixed,64,16,0.25,4.0,16,512,128,512,224,294.114,557.379,340,0.1743
mixed,64,16,0.25,4.0,16,512,256,1024,448,474.146,938.498,524.224,0.1078
mixed,64,16,0.25,4.0,16,512,512,2048,896,841.378,1666.92,890.179,0.0591
mixed,64,16,0.25,4.0,16,512,1024,4096,1792,1493.89,4333.32,1606.82,0.0398
mixed,64,16,0.25,4.0,16,512,2048,8192,3584,3631.95,8732.9,3105.36,-0.1032
mixed,64,16,0.25,4.0,16,512,4096,16384,7168,7660.02,17509.6,10220.1,0.2599
mixed,64,16,0.25,4.0,16,1024,128,512,224,331.105,571.586,371.008,0.1659
mixed,64,16,0.25,4.0,16,1024,256,1024,448,502.371,948.546,529.603,0.061
mixed,64,16,0.25,4.0,16,1024,512,2048,896,845.698,1687.01,901.06,0.0658
mixed,64,16,0.25,4.0,16,1024,1024,4096,1792,1502.92,4328.78,1621.57,0.042
mixed,64,16,0.25,4.0,16,1024,2048,8192,3584,3631.08,8751.65,3122.83,-0.0993
mixed,64,16,0.25,4.0,16,1024,4096,16384,7168,7671.61,17589,10259.8,0.261
mixed,64,16,0.25,4.0,16,2048,128,512,224,399.649,645.57,439.203,0.1608
mixed,64,16,0.25,4.0,16,2048,256,1024,448,573.856,990.243,593.987,0.0483
mixed,64,16,0.25,4.0,16,2048,512,2048,896,906.082,1729.19,916.611,0.0128
mixed,64,16,0.25,4.0,16,2048,1024,4096,1792,1530.37,4265.9,1627.11,0.0354
mixed,64,16,0.25,4.0,16,2048,2048,8192,3584,3564.11,8753.47,3142.86,-0.0812
mixed,64,16,0.25,4.0,16,2048,4096,16384,7168,7692.17,17908.7,10032.3,0.2291
mixed,64,16,0.25,4.0,16,4096,128,512,224,532.161,793.09,578.626,0.1781
mixed,64,16,0.25,4.0,16,4096,256,1024,448,717.345,1133.41,736.865,0.0469
mixed,64,16,0.25,4.0,16,4096,512,2048,896,1047.62,1796.36,1049.44,0.0024
mixed,64,16,0.25,4.0,16,4096,1024,4096,1792,1625.48,4537.23,1647.59,0.0076
mixed,64,16,0.25,4.0,16,4096,2048,8192,3584,3801.1,9501.35,3196.3,-0.1061
mixed,64,16,0.25,4.0,16,4096,4096,16384,7168,8184,20126,10388.1,0.1846
mixed,64,16,0.25,4.0,16,8192,128,512,224,777.698,1049.25,825.667,0.1766
mixed,64,16,0.25,4.0,16,8192,256,1024,448,973.796,1415.49,992.835,0.0431
mixed,64,16,0.25,4.0,16,8192,512,2048,896,1327.37,2109.29,1320.29,-0.009
mixed,64,16,0.25,4.0,16,8192,1024,4096,1792,1934.76,4624.18,1911.11,-0.0088
mixed,64,16,0.25,4.0,16,8192,2048,8192,3584,4017.71,9288,3288.87,-0.1383
mixed,64,16,0.25,4.0,16,8192,4096,16384,7168,8151.55,20454.3,10946.1,0.2272
mixed,64,16,0.25,4.0,32,0,128,512,224,273.793,548.899,334.274,0.2198
mixed,64,16,0.25,4.0,32,0,256,1024,448,469.793,932.257,517.186,0.1025
mixed,64,16,0.25,4.0,32,0,512,2048,896,836.61,1662.79,883.875,0.0572
mixed,64,16,0.25,4.0,32,0,1024,4096,1792,1479.24,4327.66,1603.36,0.0436
mixed,64,16,0.25,4.0,32,0,2048,8192,3584,3643.47,8727.65,3109.99,-0.1049
mixed,64,16,0.25,4.0,32,0,4096,16384,7168,7678.68,17741.8,10064.8,0.2371
mixed,64,16,0.25,4.0,32,512,128,512,224,295.875,558.37,340.288,0.1692
mixed,64,16,0.25,4.0,32,512,256,1024,448,477.569,940.77,524.45,0.1012
mixed,64,16,0.25,4.0,32,512,512,2048,896,844.354,1669.16,895.876,0.0625
mixed,64,16,0.25,4.0,32,512,1024,4096,1792,1493.54,4315.89,1613.09,0.0424
mixed,64,16,0.25,4.0,32,512,2048,8192,3584,3644.94,8752.16,3108.01,-0.1051
mixed,64,16,0.25,4.0,32,512,4096,16384,7168,7679.04,17859.6,10135.5,0.2413
mixed,64,16,0.25,4.0,32,1024,128,512,224,331.616,576.801,373.217,0.1697
mixed,64,16,0.25,4.0,32,1024,256,1024,448,505.6,951.907,530.656,0.0561
mixed,64,16,0.25,4.0,32,1024,512,2048,896,850.274,1689.38,905.153,0.0654
mixed,64,16,0.25,4.0,32,1024,1024,4096,1792,1508.9,4352.3,1622.12,0.0398
mixed,64,16,0.25,4.0,32,1024,2048,8192,3584,3638.12,8753.18,3133.55,-0.0986
mixed,64,16,0.25,4.0,32,1024,4096,16384,7168,7691.64,17616.4,10212.3,0.254
mixed,64,16,0.25,4.0,32,2048,128,512,224,405.538,644.129,446.817,0.173
mixed,64,16,0.25,4.0,32,2048,256,1024,448,573.41,992.834,596.321,0.0546
mixed,64,16,0.25,4.0,32,2048,512,2048,896,907.012,1734.44,918.213,0.0135
mixed,64,16,0.25,4.0,32,2048,1024,4096,1792,1536.9,4278.51,1631.84,0.0346
mixed,64,16,0.25,4.0,32,2048,2048,8192,3584,3573.96,8771.14,3152.07,-0.0812
mixed,64,16,0.25,4.0,32,2048,4096,16384,7168,7735.87,17670.9,9923.72,0.2202
mixed,64,16,0.25,4.0,32,4096,128,512,224,534.05,796.545,579.043,0.1714
mixed,64,16,0.25,4.0,32,4096,256,1024,448,720.929,1138.6,738.786,0.0428
mixed,64,16,0.25,4.0,32,4096,512,2048,896,1049.76,1801.77,1052.84,0.0041
mixed,64,16,0.25,4.0,32,4096,1024,4096,1792,1629.99,4516.18,1652.87,0.0079
mixed,64,16,0.25,4.0,32,4096,2048,8192,3584,3892.2,9441.47,3211.47,-0.1227
mixed,64,16,0.25,4.0,32,4096,4096,16384,7168,8192.13,21497.3,10396.8,0.1657
mixed,64,16,0.25,4.0,32,8192,128,512,224,782.339,1090.24,827.329,0.1461
mixed,64,16,0.25,4.0,32,8192,256,1024,448,976.898,1422.88,994.628,0.0398
mixed,64,16,0.25,4.0,32,8192,512,2048,896,1327.49,2122.66,1314.37,-0.0165
mixed,64,16,0.25,4.0,32,8192,1024,4096,1792,1940.96,4625.04,1926.37,-0.0054
mixed,64,16,0.25,4.0,32,8192,2048,8192,3584,4019.5,9285.06,3290.16,-0.1385
mixed,64,16,0.25,4.0,32,8192,4096,16384,7168,8166.87,21037,10915.7,0.2136
mixed,64,16,0.25,4.0,64,0,128,512,224,274.113,547.937,335.201,0.2231
mixed,64,16,0.25,4.0,64,0,256,1024,448,469.056,931.363,518.689,0.1074
mixed,64,16,0.25,4.0,64,0,512,2048,896,837.698,1668.29,884.129,0.0559
mixed,64,16,0.25,4.0,64,0,1024,4096,1792,1482.05,4327.28,1610.24,0.0451
mixed,64,16,0.25,4.0,64,0,2048,8192,3584,3653.23,8751.77,3111.27,-0.1063
mixed,64,16,0.25,4.0,64,0,4096,16384,7168,7665.34,17635.4,10227.5,0.257
mixed,64,16,0.25,4.0,64,512,128,512,224,298.496,559.682,340.641,0.1614
mixed,64,16,0.25,4.0,64,512,256,1024,448,476.896,941.028,525.506,0.1047
mixed,64,16,0.25,4.0,64,512,512,2048,896,844.578,1681.03,896.77,0.0624
mixed,64,16,0.25,4.0,64,512,1024,4096,1792,1496.23,4331.89,1617.51,0.0428
mixed,64,16,0.25,4.0,64,512,2048,8192,3584,3652.84,8760.51,3113.96,-0.1055
mixed,64,16,0.25,4.0,64,512,4096,16384,7168,7691.45,17768.5,10173,0.2463
mixed,64,16,0.25,4.0,64,1024,128,512,224,333.569,580.546,373.154,0.1603
mixed,64,16,0.25,4.0,64,1024,256,1024,448,506.081,949.571,532.769,0.0602
mixed,64,16,0.25,4.0,64,1024,512,2048,896,852.29,1696.04,907.523,0.0655
mixed,64,16,0.25,4.0,64,1024,1024,4096,1792,1512.42,4348.75,1626.98,0.0404
mixed,64,16,0.25,4.0,64,1024,2048,8192,3584,3646.51,8756.8,3130.57,-0.101
mixed,64,16,0.25,4.0,64,1024,4096,16384,7168,7680.98,18531.5,10190.3,0.2313
mixed,64,16,0.25,4.0,64,2048,128,512,224,402.594,650.083,445.697,0.1742
mixed,64,16,0.25,4.0,64,2048,256,1024,448,575.395,993.25,600.417,0.0599
mixed,64,16,0.25,4.0,64,2048,512,2048,896,911.235,1741,919.364,0.0098
mixed,64,16,0.25,4.0,64,2048,1024,4096,1792,1540.33,4261.29,1636.19,0.0352
mixed,64,16,0.25,4.0,64,2048,2048,8192,3584,3594.6,8786.02,3163.37,-0.0831
mixed,64,16,0.25,4.0,64,2048,4096,16384,7168,7708.7,17871.7,9972.96,0.2228
mixed,64,16,0.25,4.0,64,4096,128,512,224,535.52,796.131,582.273,0.1794
mixed,64,16,0.25,4.0,64,4096,256,1024,448,723.267,1140,737.826,0.0349
mixed,64,16,0.25,4.0,64,4096,512,2048,896,1054.24,1805.99,1056.39,0.0029
mixed,64,16,0.25,4.0,64,4096,1024,4096,1792,1640.29,4597.36,1654.54,0.0048
mixed,64,16,0.25,4.0,64,4096,2048,8192,3584,3829.64,9471.23,3210.03,-0.1098
mixed,64,16,0.25,4.0,64,4096,4096,16384,7168,8170.88,20431.5,10436.1,0.1848
mixed,64,16,0.25,4.0,64,8192,128,512,224,782.404,1055.46,825.538,0.158
mixed,64,16,0.25,4.0,64,8192,256,1024,448,979.235,1426.63,994.178,0.0334
mixed,64,16,0.25,4.0,64,8192,512,2048,896,1331.46,2121.48,1328.61,-0.0036
mixed,64,16,0.25,4.0,64,8192,1024,4096,1792,1942.09,4632.27,1930.21,-0.0044
mixed,64,16,0.25,4.0,64,8192,2048,8192,3584,4017.77,9293.64,3296.3,-0.1367
mixed,64,16,0.25,4.0,64,8192,4096,16384,7168,8179.23,20937.3,10886.1,0.2122
mixed,64,16,0.25,4.0,128,0,128,512,224,299.009,582.433,349.217,0.1771
mixed,64,16,0.25,4.0,128,0,256,1024,448,482.945,949.283,532.676,0.1066
mixed,64,16,0.25,4.0,128,0,512,2048,896,851.906,1690.31,898.145,0.0552
mixed,64,16,0.25,4.0,128,0,1024,4096,1792,1501.73,4354.42,1620.13,0.0415
mixed,64,16,0.25,4.0,128,0,2048,8192,3584,3651.15,8753.63,3116.01,-0.1049
mixed,64,16,0.25,4.0,128,0,4096,16384,7168,7684.7,17534.3,10141.2,0.2494
mixed,64,16,0.25,4.0,128,512,128,512,224,317.123,579.01,360.865,0.167
mixed,64,16,0.25,4.0,128,512,256,1024,448,493.571,960.579,543.649,0.1072
mixed,64,16,0.25,4.0,128,512,512,2048,896,862.82,1713.93,919.682,0.0668
mixed,64,16,0.25,4.0,128,512,1024,4096,1792,1528.87,4343.82,1633.44,0.0372
mixed,64,16,0.25,4.0,128,512,2048,8192,3584,3671.28,8763.71,3128.14,-0.1067
mixed,64,16,0.25,4.0,128,512,4096,16384,7168,7690.75,17570,10215.4,0.2556
mixed,64,16,0.25,4.0,128,1024,128,512,224,357.729,607.299,401.57,0.1757
mixed,64,16,0.25,4.0,128,1024,256,1024,448,532.163,976.93,552.257,0.0452
mixed,64,16,0.25,4.0,128,1024,512,2048,896,879.873,1743.78,930.787,0.0589
mixed,64,16,0.25,4.0,128,1024,1024,4096,1792,1548.61,4353.36,1645.16,0.0344
mixed,64,16,0.25,4.0,128,1024,2048,8192,3584,3662.12,8769.95,3152.43,-0.0998
mixed,64,16,0.25,4.0,128,1024,4096,16384,7168,7695.23,17591.4,10191.7,0.2523
mixed,64,16,0.25,4.0,128,2048,128,512,224,435.937,714.081,478.306,0.1523
mixed,64,16,0.25,4.0,128,2048,256,1024,448,614.082,1036.93,632.45,0.0434
mixed,64,16,0.25,4.0,128,2048,512,2048,896,952.771,1770.76,951.043,-0.0021
mixed,64,16,0.25,4.0,128,2048,1024,4096,1792,1573.89,4235.5,1663.85,0.0338
mixed,64,16,0.25,4.0,128,2048,2048,8192,3584,3587.85,8787.68,3203.5,-0.0739
mixed,64,16,0.25,4.0,128,2048,4096,16384,7168,7761.63,17668.3,10038.1,0.2298
mixed,64,16,0.25,4.0,128,4096,128,512,224,582.082,846.244,623.713,0.1576
mixed,64,16,0.25,4.0,128,4096,256,1024,448,767.267,1197.63,784.354,0.0397
mixed,64,16,0.25,4.0,128,4096,512,2048,896,1104.13,1892.42,1098.18,-0.0076
mixed,64,16,0.25,4.0,128,4096,1024,4096,1792,1716.33,4554.77,1710.82,-0.0019
mixed,64,16,0.25,4.0,128,4096,2048,8192,3584,3892.01,9779.01,3280.07,-0.1039
mixed,64,16,0.25,4.0,128,4096,4096,16384,7168,8257.89,23006,10928.5,0.1811
mixed,64,16,0.25,4.0,128,8192,128,512,224,828.515,1133.99,882.083,0.1754
mixed,64,16,0.25,4.0,128,8192,256,1024,448,1040.74,1497.29,1069.22,0.0624
mixed,64,16,0.25,4.0,128,8192,512,2048,896,1413.54,2205.8,1396.55,-0.0214
mixed,64,16,0.25,4.0,128,8192,1024,4096,1792,2025.93,4769.59,2009.77,-0.0059
mixed,64,16,0.25,4.0,128,8192,2048,8192,3584,4122.44,9141.25,3397.29,-0.1445
mixed,64,16,0.25,4.0,128,8192,4096,16384,7168,8035.23,22739.1,10965.1,0.1993
mixed,64,16,0.25,4.0,256,0,128,512,224,316.992,592.575,377.953,0.2212
mixed,64,16,0.25,4.0,256,0,256,1024,448,509.217,980.003,561.059,0.1101
mixed,64,16,0.25,4.0,256,0,512,2048,896,883.748,1729.57,935.106,0.0607
mixed,64,16,0.25,4.0,256,0,1024,4096,1792,1541.64,4360.18,1653.06,0.0395
mixed,64,16,0.25,4.0,256,0,2048,8192,3584,3681.52,8773.6,3168.62,-0.1007
mixed,64,16,0.25,4.0,256,0,4096,16384,7168,7695.29,17575.4,10132.9,0.2467
mixed,64,16,0.25,4.0,256,512,128,512,224,362.401,613.984,405.633,0.1718
mixed,64,16,0.25,4.0,256,512,256,1024,448,537.154,1001.19,580.928,0.0943
mixed,64,16,0.25,4.0,256,512,512,2048,896,903.65,1762.09,961.155,0.067
mixed,64,16,0.25,4.0,256,512,1024,4096,1792,1573,4387.28,1672.52,0.0354
mixed,64,16,0.25,4.0,256,512,2048,8192,3584,3696.11,8771.55,3194.09,-0.0989
mixed,64,16,0.25,4.0,256,512,4096,16384,7168,7704.79,17668.4,10180.1,0.2484
mixed,64,16,0.25,4.0,256,1024,128,512,224,411.425,662.787,454.755,0.1724
mixed,64,16,0.25,4.0,256,1024,256,1024,448,588.961,1021.57,604.481,0.0359
mixed,64,16,0.25,4.0,256,1024,512,2048,896,924.515,1791.04,973.826,0.0569
mixed,64,16,0.25,4.0,256,1024,1024,4096,1792,1590.56,4373.07,1698.24,0.0387
mixed,64,16,0.25,4.0,256,1024,2048,8192,3584,3666.89,8793.22,3333.96,-0.0649
mixed,64,16,0.25,4.0,256,1024,4096,16384,7168,7717.05,17714.1,10202.5,0.2486
mixed,64,16,0.25,4.0,256,2048,128,512,224,507.394,761.411,548.035,0.16
mixed,64,16,0.25,4.0,256,2048,256,1024,448,683.619,1112.52,704.451,0.0486
mixed,64,16,0.25,4.0,256,2048,512,2048,896,1022.25,1835.59,1009.6,-0.0155
mixed,64,16,0.25,4.0,256,2048,1024,4096,1792,1637.54,4421.74,1740.39,0.0369
mixed,64,16,0.25,4.0,256,2048,2048,8192,3584,3600.01,8933.76,3312.3,-0.0539
mixed,64,16,0.25,4.0,256,2048,4096,16384,7168,7841.47,18656.4,10090,0.2079
mixed,64,16,0.25,4.0,256,4096,128,512,224,684.387,940.931,729.089,0.1742
mixed,64,16,0.25,4.0,256,4096,256,1024,448,876.322,1305.83,890.884,0.0339
mixed,64,16,0.25,4.0,256,4096,512,2048,896,1215.72,1994.98,1195.17,-0.0264
mixed,64,16,0.25,4.0,256,4096,1024,4096,1792,1822.66,4552.75,1806.57,-0.0059
mixed,64,16,0.25,4.0,256,4096,2048,8192,3584,3860.08,10597.5,3404.24,-0.0677
mixed,64,16,0.25,4.0,256,4096,4096,16384,7168,8558.27,27561.5,10848.9,0.1205
mixed,64,16,0.25,4.0,256,8192,128,512,224,982.466,1306.28,1065.6,0.2567
mixed,64,16,0.25,4.0,256,8192,256,1024,448,1229.76,1687.3,1248.04,0.0399
mixed,64,16,0.25,4.0,256,8192,512,2048,896,1589.38,2391.98,1568.61,-0.0259
mixed,64,16,0.25,4.0,256,8192,1024,4096,1792,2205.74,4786.23,2170.92,-0.0135
mixed,64,16,0.25,4.0,256,8192,2048,8192,3584,4155.18,9226.69,3723.5,-0.0851
mixed,64,16,0.25,4.0,256,8192,4096,16384,7168,8138.08,25675.7,10741.5,0.1484
mixed,64,16,0.25,4.0,512,0,128,512,224,396.514,667.297,449.279,0.1949
mixed,64,16,0.25,4.0,512,0,256,1024,448,581.792,1051.81,629.73,0.102
mixed,64,16,0.25,4.0,512,0,512,2048,896,956.483,1812.49,1003.04,0.0544
mixed,64,16,0.25,4.0,512,0,1024,4096,1792,1628.16,4399.18,1724.96,0.0349
mixed,64,16,0.25,4.0,512,0,2048,8192,3584,3732.97,8808.29,3263.63,-0.0925
mixed,64,16,0.25,4.0,512,0,4096,16384,7168,7729.34,17643.4,10205.6,0.2498
mixed,64,16,0.25,4.0,512,512,128,512,224,466.626,715.076,509.602,0.173
mixed,64,16,0.25,4.0,512,512,256,1024,448,640.739,1097.19,671.554,0.0675
mixed,64,16,0.25,4.0,512,512,512,2048,896,1000.64,1861.57,1036.1,0.0412
mixed,64,16,0.25,4.0,512,512,1024,4096,1792,1663.01,4423.44,1770.66,0.039
mixed,64,16,0.25,4.0,512,512,2048,8192,3584,3712.08,8814.72,3394.12,-0.0623
mixed,64,16,0.25,4.0,512,512,4096,16384,7168,7808.67,17644.4,10184.5,0.2415
mixed,64,16,0.25,4.0,512,1024,128,512,224,533.605,784.579,579.553,0.1831
mixed,64,16,0.25,4.0,512,1024,256,1024,448,708.801,1142.09,731.042,0.0513
mixed,64,16,0.25,4.0,512,1024,512,2048,896,1052,1899.11,1078.79,0.0316
mixed,64,16,0.25,4.0,512,1024,1024,4096,1792,1707.4,4411.69,1809.45,0.0377
mixed,64,16,0.25,4.0,512,1024,2048,8192,3584,3739.05,8835.3,3341.99,-0.0779
mixed,64,16,0.25,4.0,512,1024,4096,16384,7168,7757.5,17651.7,10268.2,0.2538
mixed,64,16,0.25,4.0,512,2048,128,512,224,663.681,913.987,709.09,0.1814
mixed,64,16,0.25,4.0,512,2048,256,1024,448,843.139,1275.91,866.21,0.0533
mixed,64,16,0.25,4.0,512,2048,512,2048,896,1184.67,1996.36,1170.15,-0.0179
mixed,64,16,0.25,4.0,512,2048,1024,4096,1792,1807.88,4363.92,1887.43,0.0311
mixed,64,16,0.25,4.0,512,2048,2048,8192,3584,3656.97,9739.17,3519.4,-0.0226
mixed,64,16,0.25,4.0,512,2048,4096,16384,7168,8509.66,19344,11810.5,0.3047
mixed,64,16,0.25,4.0,512,4096,128,512,224,902.914,1179.52,961.25,0.2109
mixed,64,16,0.25,4.0,512,4096,256,1024,448,1090.21,1543.97,1120.52,0.0668
mixed,64,16,0.25,4.0,512,4096,512,2048,896,1453.22,2253.03,1445.19,-0.01
mixed,64,16,0.25,4.0,512,4096,1024,4096,1792,2071.3,4845.4,2039.81,-0.0114
mixed,64,16,0.25,4.0,512,4096,2048,8192,3584,4095.34,11876.3,3636.91,-0.0589
mixed,64,16,0.25,4.0,512,4096,4096,16384,7168,9633.67,30506.7,10465.9,0.0399
mixed,64,16,0.25,4.0,512,8192,128,512,224,1371.91,1662.5,1430.31,0.201
mixed,64,16,0.25,4.0,512,8192,256,1024,448,1575.75,2046.06,1619.65,0.0933
mixed,64,16,0.25,4.0,512,8192,512,2048,896,1986.73,2776.91,1953.77,-0.0417
mixed,64,16,0.25,4.0,512,8192,1024,4096,1792,2595.08,5132.43,2578.44,-0.0066
mixed,64,16,0.25,4.0,512,8192,2048,8192,3584,4447.02,9723.91,3884.72,-0.1066
mixed,64,16,0.25,4.0,512,8192,4096,16384,7168,8582.94,29947.3,11465,0.1349
mixed,64,16,0.25,4.0,1024,0,128,512,224,590.946,836.288,636.963,0.1876
mixed,64,16,0.25,4.0,1024,0,256,1024,448,762.465,1227.75,802.147,0.0853
mixed,64,16,0.25,4.0,1024,0,512,2048,896,1167.46,1990.47,1183.33,0.0193
mixed,64,16,0.25,4.0,1024,0,1024,4096,1792,1799.46,4496.05,1895.3,0.0355
mixed,64,16,0.25,4.0,1024,0,2048,8192,3584,3741.32,8882.11,3465.87,-0.0536
mixed,64,16,0.25,4.0,1024,0,4096,16384,7168,7816.47,17644.8,10332.3,0.256
mixed,64,16,0.25,4.0,1024,512,128,512,224,702.69,951.426,751.684,0.197
mixed,64,16,0.25,4.0,1024,512,256,1024,448,877.955,1307.46,903.331,0.0591
mixed,64,16,0.25,4.0,1024,512,512,2048,896,1213.83,2067.18,1242.63,0.0338
mixed,64,16,0.25,4.0,1024,512,1024,4096,1792,1884.55,4632.14,1962.34,0.0283
mixed,64,16,0.25,4.0,1024,512,2048,8192,3584,3707.15,8972.42,3571.05,-0.0258
mixed,64,16,0.25,4.0,1024,512,4096,16384,7168,7868.6,17767.1,10141.3,0.2296
mixed,64,16,0.25,4.0,1024,1024,128,512,224,810.083,1057.12,860.067,0.2023
mixed,64,16,0.25,4.0,1024,1024,256,1024,448,983.492,1408.04,1010.98,0.0647
mixed,64,16,0.25,4.0,1024,1024,512,2048,896,1325.12,2150.31,1316.81,-0.0101
mixed,64,16,0.25,4.0,1024,1024,1024,4096,1792,1965.09,4457.42,2042.25,0.031
mixed,64,16,0.25,4.0,1024,1024,2048,8192,3584,3748.62,9585.79,3672.94,-0.013
mixed,64,16,0.25,4.0,1024,1024,4096,16384,7168,8587.48,18821.8,10542,0.191
mixed,64,16,0.25,4.0,1024,2048,128,512,224,1005.73,1270.69,1064.87,0.2232
mixed,64,16,0.25,4.0,1024,2048,256,1024,448,1192,1634.79,1220.07,0.0634
mixed,64,16,0.25,4.0,1024,2048,512,2048,896,1540.8,2317.25,1525.73,-0.0194
mixed,64,16,0.25,4.0,1024,2048,1024,4096,1792,2144.91,4625.4,2199.53,0.022
mixed,64,16,0.25,4.0,1024,2048,2048,8192,3584,3798.57,11314.1,3793.42,-0.0007
mixed,64,16,0.25,4.0,1024,2048,4096,16384,7168,9993.61,24976.2,12388.2,0.1598
mixed,64,16,0.25,4.0,1024,4096,128,512,224,1421.19,1673.96,1468.03,0.1853
mixed,64,16,0.25,4.0,1024,4096,256,1024,448,1591.08,2048.87,1629.28,0.0835
mixed,64,16,0.25,4.0,1024,4096,512,2048,896,1964.2,2763.27,1938.24,-0.0325
mixed,64,16,0.25,4.0,1024,4096,1024,4096,1792,2581.45,4979.22,2524.65,-0.0237
mixed,64,16,0.25,4.0,1024,4096,2048,8192,3584,4241.94,15614,4033.32,-0.0183
mixed,64,16,0.25,4.0,1024,4096,4096,16384,7168,12767.2,32664.7,11202.8,-0.0786
mixed,64,16,0.25,4.0,1024,8192,128,512,224,2185.7,2481.83,2266.99,0.2745
mixed,64,16,0.25,4.0,1024,8192,256,1024,448,2408.07,2868.87,2441.7,0.073
mixed,64,16,0.25,4.0,1024,8192,512,2048,896,2764.04,3598.09,2758.7,-0.0064
mixed,64,16,0.25,4.0,1024,8192,1024,4096,1792,3414.38,5035.09,3389.8,-0.0152
mixed,64,16,0.25,4.0,1024,8192,2048,8192,3584,4630.8,10068.6,4596.82,-0.0062
mixed,64,16,0.25,4.0,1024,8192,4096,16384,7168,8924.64,32235.7,12820.3,0.1671
mixed,64,16,0.25,4.0,2048,0,128,512,224,1108.45,1360.19,1160.58,0.2071
mixed,64,16,0.25,4.0,2048,0,256,1024,448,1279.68,1715.56,1321.92,0.0969
mixed,64,16,0.25,4.0,2048,0,512,2048,896,1625.89,2445.42,1634.76,0.0108
mixed,64,16,0.25,4.0,2048,0,1024,4096,1792,2268.52,4694.61,2341.61,0.0301
mixed,64,16,0.25,4.0,2048,0,2048,8192,3584,3803.85,10325.2,3859.56,0.0085
mixed,64,16,0.25,4.0,2048,0,4096,16384,7168,9178.85,20705.3,12220.2,0.2639
mixed,64,16,0.25,4.0,2048,512,128,512,224,1297.19,1545.95,1349.38,0.2098
mixed,64,16,0.25,4.0,2048,512,256,1024,448,1468.77,1906.37,1502.69,0.0775
mixed,64,16,0.25,4.0,2048,512,512,2048,896,1817.16,2609.09,1811.94,-0.0066
mixed,64,16,0.25,4.0,2048,512,1024,4096,1792,2441.35,4638.09,2489.13,0.0217
mixed,64,16,0.25,4.0,2048,512,2048,8192,3584,4051.05,11530.5,3976.05,-0.01
mixed,64,16,0.25,4.0,2048,512,4096,16384,7168,9997.73,24709,11942.1,0.1322
mixed,64,16,0.25,4.0,2048,1024,128,512,224,1492.26,1740.39,1535.2,0.1731
mixed,64,16,0.25,4.0,2048,1024,256,1024,448,1664.71,2087.49,1687.94,0.0549
mixed,64,16,0.25,4.0,2048,1024,512,2048,896,2000.26,2779.47,1992.97,-0.0094
mixed,64,16,0.25,4.0,2048,1024,1024,4096,1792,2603.21,4818.74,2673,0.0315
mixed,64,16,0.25,4.0,2048,1024,2048,8192,3584,3970.26,11783.4,4107.63,0.0176
mixed,64,16,0.25,4.0,2048,1024,4096,16384,7168,10056,26395.7,11642.4,0.0971
mixed,64,16,0.25,4.0,2048,2048,128,512,224,1855.17,2109.12,1912.17,0.2244
mixed,64,16,0.25,4.0,2048,2048,256,1024,448,2022.66,2462.98,2068.68,0.1045
mixed,64,16,0.25,4.0,2048,2048,512,2048,896,2371.37,3153.29,2376.74,0.0069
mixed,64,16,0.25,4.0,2048,2048,1024,4096,1792,2970.03,4642.61,2993.71,0.0142
mixed,64,16,0.25,4.0,2048,2048,2048,8192,3584,4226.48,16258.7,4454.67,0.019
mixed,64,16,0.25,4.0,2048,2048,4096,16384,7168,12748.2,31962.3,11366.9,-0.0719
mixed,64,16,0.25,4.0,2048,4096,128,512,224,2586.31,2845.45,2628.39,0.1624
mixed,64,16,0.25,4.0,2048,4096,256,1024,448,2746.73,3197.64,2790.57,0.0972
mixed,64,16,0.25,4.0,2048,4096,512,2048,896,3108.62,3890.13,3112.17,0.0045
mixed,64,16,0.25,4.0,2048,4096,1024,4096,1792,3704.08,5598.03,3694.6,-0.005
mixed,64,16,0.25,4.0,2048,4096,2048,8192,3584,4976.62,16159.1,5085.65,0.0097
mixed,64,16,0.25,4.0,2048,4096,4096,16384,7168,13735.4,33066.7,13714,-0.0011
mixed,64,16,0.25,4.0,2048,8192,128,512,224,4021.14,4290.76,4084.53,0.2351
mixed,64,16,0.25,4.0,2048,8192,256,1024,448,4201.8,4641.17,4234.86,0.0752
mixed,64,16,0.25,4.0,2048,8192,512,2048,896,4571.06,5380.08,4554.16,-0.0209
mixed,64,16,0.25,4.0,2048,8192,1024,4096,1792,5210.86,7066.07,5158.7,-0.0281
mixed,64,16,0.25,4.0,2048,8192,2048,8192,3584,6479.35,11658.9,6414.45,-0.0125
mixed,64,16,0.25,4.0,2048,8192,4096,16384,7168,10422.1,32729.9,14564.9,0.1857
pure,64,32,0.5,4.0,0,0,128,512,320,245.153,381.151,250.049,0.036
pure,64,32,0.5,4.0,0,0,256,1024,640,455.522,662.69,464.771,0.0446
pure,64,32,0.5,4.0,0,0,512,2048,1280,792.068,1193.54,801.89,0.0245
pure,64,32,0.5,4.0,0,0,1024,4096,2560,1451.01,2248.43,1468.81,0.0223
pure,64,32,0.5,4.0,0,0,2048,8192,5120,2777.1,4372.02,2836.07,0.037
pure,64,32,0.5,4.0,0,0,4096,16384,10240,5404.98,8579.9,5551.73,0.0462
mixed,64,32,0.5,4.0,16,0,128,512,320,369.953,546.785,397.057,0.1533
mixed,64,32,0.5,4.0,16,0,256,1024,640,640.865,929.762,643.299,0.0084
mixed,64,32,0.5,4.0,16,0,512,2048,1280,1114.05,1662.57,1146.76,0.0596
mixed,64,32,0.5,4.0,16,0,1024,4096,2560,2143.95,4328.56,2127.27,-0.0076
mixed,64,32,0.5,4.0,16,0,2048,8192,5120,5513.43,8726.4,5350.48,-0.0507
mixed,64,32,0.5,4.0,16,0,4096,16384,10240,10885.8,17627.3,19335.6,1.2534
mixed,64,32,0.5,4.0,16,512,128,512,320,382.432,557.73,404.705,0.1271
mixed,64,32,0.5,4.0,16,512,256,1024,640,651.428,937.091,648.035,-0.0119
mixed,64,32,0.5,4.0,16,512,512,2048,1280,1124.74,1664.87,1149.76,0.0463
mixed,64,32,0.5,4.0,16,512,1024,4096,2560,2144.14,4330.95,2134.85,-0.0042
mixed,64,32,0.5,4.0,16,512,2048,8192,5120,5518.03,8731.52,5388.08,-0.0404
mixed,64,32,0.5,4.0,16,512,4096,16384,10240,10889.6,17775.9,19427.4,1.2398
mixed,64,32,0.5,4.0,16,1024,128,512,320,420.77,572.483,437.182,0.1082
mixed,64,32,0.5,4.0,16,1024,256,1024,640,659.393,946.243,651.968,-0.0259
mixed,64,32,0.5,4.0,16,1024,512,2048,1280,1136.61,1685.6,1153.35,0.0305
mixed,64,32,0.5,4.0,16,1024,1024,4096,2560,2151.27,4345.65,2135.05,-0.0074
mixed,64,32,0.5,4.0,16,1024,2048,8192,5120,5531.15,8757.92,5534.42,0.001
mixed,64,32,0.5,4.0,16,1024,4096,16384,10240,10902.5,17628.4,19374.4,1.2596
mixed,64,32,0.5,4.0,16,2048,128,512,320,491.424,645.186,508.865,0.1134
mixed,64,32,0.5,4.0,16,2048,256,1024,640,733.825,992.965,723.138,-0.0412
mixed,64,32,0.5,4.0,16,2048,512,2048,1280,1157.09,1735.72,1165.12,0.0139
mixed,64,32,0.5,4.0,16,2048,1024,4096,2560,2214.7,4285.26,2149.19,-0.0316
mixed,64,32,0.5,4.0,16,2048,2048,8192,5120,5540.6,8785.12,5171.89,-0.1136
mixed,64,32,0.5,4.0,16,2048,4096,16384,10240,10940.1,17742.1,19476.9,1.255
mixed,64,32,0.5,4.0,16,4096,128,512,320,624.929,793.569,635.778,0.0643
mixed,64,32,0.5,4.0,16,4096,256,1024,640,885.825,1133.51,855.65,-0.1218
mixed,64,32,0.5,4.0,16,4096,512,2048,1280,1295.78,1794.72,1292.58,-0.0064
mixed,64,32,0.5,4.0,16,4096,1024,4096,2560,2253.57,4581.55,2170.89,-0.0355
mixed,64,32,0.5,4.0,16,4096,2048,8192,5120,5819.41,9503.78,5380.82,-0.119
mixed,64,32,0.5,4.0,16,4096,4096,16384,10240,12125.9,20618.6,19574.1,0.877
mixed,64,32,0.5,4.0,16,8192,128,512,320,873.186,1050.85,897.219,0.1353
mixed,64,32,0.5,4.0,16,8192,256,1024,640,1151.49,1421.89,1129.38,-0.0818
mixed,64,32,0.5,4.0,16,8192,512,2048,1280,1577.16,2122.31,1576.04,-0.0021
mixed,64,32,0.5,4.0,16,8192,1024,4096,2560,2554.34,4632.3,2424.61,-0.0624
mixed,64,32,0.5,4.0,16,8192,2048,8192,5120,5787.99,9286.56,5485.87,-0.0864
mixed,64,32,0.5,4.0,16,8192,4096,16384,10240,11599.2,21551.6,19753.8,0.8194
mixed,64,32,0.5,4.0,32,0,128,512,320,370.626,548.833,399.136,0.16
mixed,64,32,0.5,4.0,32,0,256,1024,640,641.089,932.323,644.643,0.0122
mixed,64,32,0.5,4.0,32,0,512,2048,1280,1119.65,1665.38,1145.54,0.0474
mixed,64,32,0.5,4.0,32,0,1024,4096,2560,2161.67,4336.66,2131.18,-0.014
mixed,64,32,0.5,4.0,32,0,2048,8192,5120,5503.19,8742.94,5360.94,-0.0439
mixed,64,32,0.5,4.0,32,0,4096,16384,10240,10880.9,17494.5,19556.4,1.3118
mixed,64,32,0.5,4.0,32,512,128,512,320,383.746,557.953,407.967,0.139
mixed,64,32,0.5,4.0,32,512,256,1024,640,654.083,939.267,648.963,-0.018
mixed,64,32,0.5,4.0,32,512,512,2048,1280,1128.36,1672.01,1150.95,0.0416
mixed,64,32,0.5,4.0,32,512,1024,4096,2560,2154.92,4340.88,2138.98,-0.0073
mixed,64,32,0.5,4.0,32,512,2048,8192,5120,5525.84,8730.78,5315.32,-0.0657
mixed,64,32,0.5,4.0,32,512,4096,16384,10240,10912.8,17544.5,19476.2,1.2913
mixed,64,32,0.5,4.0,32,1024,128,512,320,422.368,578.337,438.85,0.1057
mixed,64,32,0.5,4.0,32,1024,256,1024,640,661.441,948.642,655.202,-0.0217
mixed,64,32,0.5,4.0,32,1024,512,2048,1280,1139.2,1698.05,1155.14,0.0285
mixed,64,32,0.5,4.0,32,1024,1024,4096,2560,2156.46,4354.58,2137.13,-0.0088
mixed,64,32,0.5,4.0,32,1024,2048,8192,5120,5532.27,8743.11,5447.15,-0.0265
mixed,64,32,0.5,4.0,32,1024,4096,16384,10240,10911,18059,19418.6,1.1902
mixed,64,32,0.5,4.0,32,2048,128,512,320,491.33,646.274,508.225,0.109
mixed,64,32,0.5,4.0,32,2048,256,1024,640,732.545,990.883,720.29,-0.0474
mixed,64,32,0.5,4.0,32,2048,512,2048,1280,1159.27,1736.55,1166.79,0.013
mixed,64,32,0.5,4.0,32,2048,1024,4096,2560,2211.3,4270.45,2151.49,-0.029
mixed,64,32,0.5,4.0,32,2048,2048,8192,5120,5534.26,8794.36,5193.24,-0.1046
mixed,64,32,0.5,4.0,32,2048,4096,16384,10240,10956.6,18158.3,19467.4,1.1818
mixed,64,32,0.5,4.0,32,4096,128,512,320,624.675,793.827,642.595,0.1059
mixed,64,32,0.5,4.0,32,4096,256,1024,640,887.105,1140.23,863.235,-0.0943
mixed,64,32,0.5,4.0,32,4096,512,2048,1280,1303.37,1805.09,1295.14,-0.0164
mixed,64,32,0.5,4.0,32,4096,1024,4096,2560,2252.42,4592.49,2173.96,-0.0335
mixed,64,32,0.5,4.0,32,4096,2048,8192,5120,5823.8,9458.34,5501.36,-0.0887
mixed,64,32,0.5,4.0,32,4096,4096,16384,10240,12090.9,21062.2,19639.3,0.8414
mixed,64,32,0.5,4.0,32,8192,128,512,320,872.868,1050.28,894.818,0.1237
mixed,64,32,0.5,4.0,32,8192,256,1024,640,1190.08,1418.53,1125.19,-0.2841
mixed,64,32,0.5,4.0,32,8192,512,2048,1280,1583.91,2109.93,1573.28,-0.0202
mixed,64,32,0.5,4.0,32,8192,1024,4096,2560,2555.75,4630.64,2414.15,-0.0682
mixed,64,32,0.5,4.0,32,8192,2048,8192,5120,5778.23,9276.16,5451.73,-0.0933
mixed,64,32,0.5,4.0,32,8192,4096,16384,10240,11566.1,21028.9,19802.9,0.8704
mixed,64,32,0.5,4.0,64,0,128,512,320,370.433,549.538,399.074,0.1599
mixed,64,32,0.5,4.0,64,0,256,1024,640,644.802,931.299,644.768,-0.0001
mixed,64,32,0.5,4.0,64,0,512,2048,1280,1119.17,1673.09,1147.85,0.0518
mixed,64,32,0.5,4.0,64,0,1024,4096,2560,2151.95,4309.43,2134.82,-0.0079
mixed,64,32,0.5,4.0,64,0,2048,8192,5120,5520.63,8735.33,5547.6,0.0084
mixed,64,32,0.5,4.0,64,0,4096,16384,10240,10899.3,17606.4,19514.5,1.2845
mixed,64,32,0.5,4.0,64,512,128,512,320,387.073,557.442,409.281,0.1304
mixed,64,32,0.5,4.0,64,512,256,1024,640,656.193,943.013,651.492,-0.0164
mixed,64,32,0.5,4.0,64,512,512,2048,1280,1128.84,1674.79,1151.88,0.0422
mixed,64,32,0.5,4.0,64,512,1024,4096,2560,2152.33,4350.1,2142.86,-0.0043
mixed,64,32,0.5,4.0,64,512,2048,8192,5120,5520.08,8768.1,5351.44,-0.0519
mixed,64,32,0.5,4.0,64,512,4096,16384,10240,10909,17664.3,19526.1,1.2756
mixed,64,32,0.5,4.0,64,1024,128,512,320,434.626,597.472,456.994,0.1374
mixed,64,32,0.5,4.0,64,1024,256,1024,640,660.994,948.61,652.481,-0.0296
mixed,64,32,0.5,4.0,64,1024,512,2048,1280,1135.81,1693,1154.95,0.0343
mixed,64,32,0.5,4.0,64,1024,1024,4096,2560,2154.47,4330.93,2144.58,-0.0045
mixed,64,32,0.5,4.0,64,1024,2048,8192,5120,5533.14,8762.91,5284.3,-0.077
mixed,64,32,0.5,4.0,64,1024,4096,16384,10240,10941.9,17844.5,19549.1,1.2469
mixed,64,32,0.5,4.0,64,2048,128,512,320,491.01,652.803,508.77,0.1098
mixed,64,32,0.5,4.0,64,2048,256,1024,640,733.187,995.332,723.203,-0.0381
mixed,64,32,0.5,4.0,64,2048,512,2048,1280,1164.04,1740.58,1168.71,0.0081
mixed,64,32,0.5,4.0,64,2048,1024,4096,2560,2223.18,4278.77,2156.26,-0.0326
mixed,64,32,0.5,4.0,64,2048,2048,8192,5120,5534.61,8795.91,5340.91,-0.0594
mixed,64,32,0.5,4.0,64,2048,4096,16384,10240,10973.1,17925.2,19568.2,1.2363
mixed,64,32,0.5,4.0,64,4096,128,512,320,625.794,796.962,644.865,0.1114
mixed,64,32,0.5,4.0,64,4096,256,1024,640,890.018,1140.9,859.329,-0.1223
mixed,64,32,0.5,4.0,64,4096,512,2048,1280,1314.95,1807.81,1297.51,-0.0354
mixed,64,32,0.5,4.0,64,4096,1024,4096,2560,2249.99,4533.68,2173.54,-0.0335
mixed,64,32,0.5,4.0,64,4096,2048,8192,5120,5815.06,9487.91,5342.45,-0.1287
mixed,64,32,0.5,4.0,64,4096,4096,16384,10240,12119,20156.1,19587.5,0.9292
mixed,64,32,0.5,4.0,64,8192,128,512,320,874.401,1055.75,901.026,0.1468
mixed,64,32,0.5,4.0,64,8192,256,1024,640,1155.56,1425.64,1129.89,-0.095
mixed,64,32,0.5,4.0,64,8192,512,2048,1280,1591.24,2121.64,1578.69,-0.0236
mixed,64,32,0.5,4.0,64,8192,1024,4096,2560,2558.63,4642.7,2431.17,-0.0612
mixed,64,32,0.5,4.0,64,8192,2048,8192,5120,5806.64,9293.89,5506.74,-0.086
mixed,64,32,0.5,4.0,64,8192,4096,16384,10240,11580.1,20850.9,19750.3,0.8813
mixed,64,32,0.5,4.0,128,0,128,512,320,384.707,565.411,415.554,0.1707
mixed,64,32,0.5,4.0,128,0,256,1024,640,658.594,949.507,656.195,-0.0082
mixed,64,32,0.5,4.0,128,0,512,2048,1280,1137.83,1689.38,1161.26,0.0425
mixed,64,32,0.5,4.0,128,0,1024,4096,2560,2158.57,4346.9,2144.26,-0.0065
mixed,64,32,0.5,4.0,128,0,2048,8192,5120,5521.2,8759.04,5320.79,-0.0619
mixed,64,32,0.5,4.0,128,0,4096,16384,10240,10899.1,17783.9,19518.3,1.2519
mixed,64,32,0.5,4.0,128,512,128,512,320,404.065,577.379,427.617,0.1359
mixed,64,32,0.5,4.0,128,512,256,1024,640,677.091,959.075,667.395,-0.0344
mixed,64,32,0.5,4.0,128,512,512,2048,1280,1152.96,1716.65,1168.1,0.0268
mixed,64,32,0.5,4.0,128,512,1024,4096,2560,2160.23,4351.51,2156.68,-0.0016
mixed,64,32,0.5,4.0,128,512,2048,8192,5120,5531.54,8770.31,5295.25,-0.073
mixed,64,32,0.5,4.0,128,512,4096,16384,10240,10925.3,18183,19336.6,1.159
mixed,64,32,0.5,4.0,128,1024,128,512,320,445.187,604.419,463.936,0.1177
mixed,64,32,0.5,4.0,128,1024,256,1024,640,692.355,975.94,676.707,-0.0552
mixed,64,32,0.5,4.0,128,1024,512,2048,1280,1163.97,1744.26,1178.24,0.0246
mixed,64,32,0.5,4.0,128,1024,1024,4096,2560,2180.93,4344.53,2161.22,-0.0091
mixed,64,32,0.5,4.0,128,1024,2048,8192,5120,5540.89,8757.7,5454.39,-0.0269
mixed,64,32,0.5,4.0,128,1024,4096,16384,10240,10915.6,18200.2,19456.7,1.1725
mixed,64,32,0.5,4.0,128,2048,128,512,320,522.912,689.41,543.138,0.1215
mixed,64,32,0.5,4.0,128,2048,256,1024,640,780.29,1036.67,755.905,-0.0951
mixed,64,32,0.5,4.0,128,2048,512,2048,1280,1206.98,1774.63,1194.6,-0.0218
mixed,64,32,0.5,4.0,128,2048,1024,4096,2560,2244.94,4276.59,2180.26,-0.0318
mixed,64,32,0.5,4.0,128,2048,2048,8192,5120,5552.18,8806.84,5434.74,-0.0361
mixed,64,32,0.5,4.0,128,2048,4096,16384,10240,10982.7,17678.2,19441.4,1.2633
mixed,64,32,0.5,4.0,128,4096,128,512,320,670.083,841.986,692.867,0.1325
mixed,64,32,0.5,4.0,128,4096,256,1024,640,926.85,1193.38,911.682,-0.0569
mixed,64,32,0.5,4.0,128,4096,512,2048,1280,1364.61,1891.3,1347.68,-0.0321
mixed,64,32,0.5,4.0,128,4096,1024,4096,2560,2312.39,4553.04,2226.24,-0.0384
mixed,64,32,0.5,4.0,128,4096,2048,8192,5120,5718.74,9843.81,5543.19,-0.0426
mixed,64,32,0.5,4.0,128,4096,4096,16384,10240,12733.9,22669.9,19659.2,0.697
mixed,64,32,0.5,4.0,128,8192,128,512,320,931.299,1131.49,963.715,0.1619
mixed,64,32,0.5,4.0,128,8192,256,1024,640,1221.7,1505.03,1206.05,-0.0552
mixed,64,32,0.5,4.0,128,8192,512,2048,1280,1681.7,2205.29,1657.7,-0.0458
mixed,64,32,0.5,4.0,128,8192,1024,4096,2560,2698.73,4769.39,2528.68,-0.0821
mixed,64,32,0.5,4.0,128,8192,2048,8192,5120,5883.35,9134.78,5514.77,-0.1134
mixed,64,32,0.5,4.0,128,8192,4096,16384,10240,11436.8,22971.5,19806.4,0.7256
mixed,64,32,0.5,4.0,256,0,128,512,320,411.713,592.961,446.399,0.1914
mixed,64,32,0.5,4.0,256,0,256,1024,640,690.947,978.372,686.466,-0.0156
mixed,64,32,0.5,4.0,256,0,512,2048,1280,1170.4,1727.91,1186.85,0.0295
mixed,64,32,0.5,4.0,256,0,1024,4096,2560,2188.84,4362.38,2174.82,-0.0064
mixed,64,32,0.5,4.0,256,0,2048,8192,5120,5539.73,8771.07,5638.03,0.0304
mixed,64,32,0.5,4.0,256,0,4096,16384,10240,10927.5,17570.9,19439.2,1.2812
mixed,64,32,0.5,4.0,256,512,128,512,320,446.143,610.402,466.496,0.1239
mixed,64,32,0.5,4.0,256,512,256,1024,640,710.401,997.698,707.554,-0.0099
mixed,64,32,0.5,4.0,256,512,512,2048,1280,1186.53,1766.12,1203.14,0.0287
mixed,64,32,0.5,4.0,256,512,1024,4096,2560,2197.29,4363.18,2191.02,-0.0029
mixed,64,32,0.5,4.0,256,512,2048,8192,5120,5553.14,8791.64,5572.95,0.0061
mixed,64,32,0.5,4.0,256,512,4096,16384,10240,10925.5,18292.2,19510.7,1.1654
mixed,64,32,0.5,4.0,256,1024,128,512,320,498.113,662.113,519.968,0.1333
mixed,64,32,0.5,4.0,256,1024,256,1024,640,752.323,1021.6,731.137,-0.0787
mixed,64,32,0.5,4.0,256,1024,512,2048,1280,1212.77,1791.94,1221.28,0.0147
mixed,64,32,0.5,4.0,256,1024,1024,4096,2560,2225.35,4352.78,2195.98,-0.0138
mixed,64,32,0.5,4.0,256,1024,2048,8192,5120,5552.47,8799.39,5566.1,0.0042
mixed,64,32,0.5,4.0,256,1024,4096,16384,10240,10935.7,17573.4,19475.3,1.2865
mixed,64,32,0.5,4.0,256,2048,128,512,320,591.3,760.419,616.063,0.1464
mixed,64,32,0.5,4.0,256,2048,256,1024,640,849.602,1107.88,829.634,-0.0773
mixed,64,32,0.5,4.0,256,2048,512,2048,1280,1287.04,1835.08,1255.49,-0.0576
mixed,64,32,0.5,4.0,256,2048,1024,4096,2560,2271.85,4433.43,2248.29,-0.0109
mixed,64,32,0.5,4.0,256,2048,2048,8192,5120,5685.78,8929.92,5398.93,-0.0884
mixed,64,32,0.5,4.0,256,2048,4096,16384,10240,11232.1,18547.5,19599.6,1.1438
mixed,64,32,0.5,4.0,256,4096,128,512,320,772.931,943.875,801.473,0.167
mixed,64,32,0.5,4.0,256,4096,256,1024,640,1036.04,1304.45,1019.68,-0.0609
mixed,64,32,0.5,4.0,256,4096,512,2048,1280,1488.26,1993.29,1445.03,-0.0856
mixed,64,32,0.5,4.0,256,4096,1024,4096,2560,2412.42,4543.25,2307.05,-0.0495
mixed,64,32,0.5,4.0,256,4096,2048,8192,5120,5765.56,10573.2,5374.13,-0.0814
mixed,64,32,0.5,4.0,256,4096,4096,16384,10240,14567.8,27689.1,19530.5,0.3782
mixed,64,32,0.5,4.0,256,8192,128,512,320,1120.13,1309.41,1150.88,0.1625
mixed,64,32,0.5,4.0,256,8192,256,1024,640,1396.01,1681.61,1387.46,-0.0299
mixed,64,32,0.5,4.0,256,8192,512,2048,1280,1862.12,2393.29,1825.35,-0.0692
mixed,64,32,0.5,4.0,256,8192,1024,4096,2560,2869.9,4782.96,2689.9,-0.0941
mixed,64,32,0.5,4.0,256,8192,2048,8192,5120,5903.28,9217.96,5568.76,-0.1009
mixed,64,32,0.5,4.0,256,8192,4096,16384,10240,11651.2,26583.3,19050.4,0.4955
mixed,64,32,0.5,4.0,512,0,128,512,320,481.314,663.555,513.506,0.1766
mixed,64,32,0.5,4.0,512,0,256,1024,640,759.521,1051.88,764.387,0.0166
mixed,64,32,0.5,4.0,512,0,512,2048,1280,1243.49,1812.29,1251.05,0.0133
mixed,64,32,0.5,4.0,512,0,1024,4096,2560,2252.17,4412.27,2241.7,-0.0048
mixed,64,32,0.5,4.0,512,0,2048,8192,5120,5602.9,8805.16,5631.41,0.0089
mixed,64,32,0.5,4.0,512,0,4096,16384,10240,10947.3,17701.8,19579.3,1.278
mixed,64,32,0.5,4.0,512,512,128,512,320,549.922,715.777,576.642,0.1611
mixed,64,32,0.5,4.0,512,512,256,1024,640,806.788,1096.36,806.627,-0.0006
mixed,64,32,0.5,4.0,512,512,512,2048,1280,1283.49,1861.64,1282.53,-0.0017
mixed,64,32,0.5,4.0,512,512,1024,4096,2560,2285.16,4416.72,2278.25,-0.0032
mixed,64,32,0.5,4.0,512,512,2048,8192,5120,5599.82,8828.13,5564.02,-0.0111
mixed,64,32,0.5,4.0,512,512,4096,16384,10240,10942.1,17563.4,19618.4,1.3104
mixed,64,32,0.5,4.0,512,1024,128,512,320,615.938,781.379,643.105,0.1642
mixed,64,32,0.5,4.0,512,1024,256,1024,640,869.796,1137.48,857.569,-0.0457
mixed,64,32,0.5,4.0,512,1024,512,2048,1280,1331.17,1895.43,1324.61,-0.0116
mixed,64,32,0.5,4.0,512,1024,1024,4096,2560,2308.65,4425.4,2315.37,0.0032
mixed,64,32,0.5,4.0,512,1024,2048,8192,5120,5620.49,8827.17,5725.07,0.0326
mixed,64,32,0.5,4.0,512,1024,4096,16384,10240,11018.1,17644.2,19505.1,1.2808
mixed,64,32,0.5,4.0,512,2048,128,512,320,744.321,911.364,773.667,0.1757
mixed,64,32,0.5,4.0,512,2048,256,1024,640,1004.74,1273.47,996.195,-0.0318
mixed,64,32,0.5,4.0,512,2048,512,2048,1280,1445.64,2007.62,1413.73,-0.0568
mixed,64,32,0.5,4.0,512,2048,1024,4096,2560,2429.55,4365.58,2360.52,-0.0357
mixed,64,32,0.5,4.0,512,2048,2048,8192,5120,5979.67,9767.75,5366.68,-0.1618
mixed,64,32,0.5,4.0,512,2048,4096,16384,10240,12129.7,19557.6,19594.3,1.0049
mixed,64,32,0.5,4.0,512,4096,128,512,320,996.963,1177.22,1029.16,0.1786
mixed,64,32,0.5,4.0,512,4096,256,1024,640,1273.03,1543.69,1258.18,-0.0549
mixed,64,32,0.5,4.0,512,4096,512,2048,1280,1719.62,2253,1686.53,-0.062
mixed,64,32,0.5,4.0,512,4096,1024,4096,2560,2622.44,4832.18,2543.98,-0.0355
mixed,64,32,0.5,4.0,512,4096,2048,8192,5120,6072.89,12021.1,5140.4,-0.1568
mixed,64,32,0.5,4.0,512,4096,4096,16384,10240,15943.1,30408.1,18923.8,0.2061
mixed,64,32,0.5,4.0,512,8192,128,512,320,1477.57,1664,1503.27,0.1378
mixed,64,32,0.5,4.0,512,8192,256,1024,640,1758.82,2044.2,1758.41,-0.0015
mixed,64,32,0.5,4.0,512,8192,512,2048,1280,2234.79,2772.36,2209.61,-0.0468
mixed,64,32,0.5,4.0,512,8192,1024,4096,2560,3198.79,5150.19,3044.36,-0.0791
mixed,64,32,0.5,4.0,512,8192,2048,8192,5120,6428.18,9729.44,5231.41,-0.3625
mixed,64,32,0.5,4.0,512,8192,4096,16384,10240,13438.7,30215.3,19046.9,0.3343
mixed,64,32,0.5,4.0,1024,0,128,512,320,672.098,837.216,700.483,0.1719
mixed,64,32,0.5,4.0,1024,0,256,1024,640,933.539,1225.12,935.268,0.0059
mixed,64,32,0.5,4.0,1024,0,512,2048,1280,1414.76,1989.54,1414.85,0.0002
mixed,64,32,0.5,4.0,1024,0,1024,4096,2560,2393.7,4477.9,2386.95,-0.0032
mixed,64,32,0.5,4.0,1024,0,2048,8192,5120,5667.7,8875.68,5711.7,0.0137
mixed,64,32,0.5,4.0,1024,0,4096,16384,10240,11046.9,17625.3,19534.7,1.2903
mixed,64,32,0.5,4.0,1024,512,128,512,320,784.321,947.042,810.338,0.1599
mixed,64,32,0.5,4.0,1024,512,256,1024,640,1035.94,1304.16,1031.88,-0.0152
mixed,64,32,0.5,4.0,1024,512,512,2048,1280,1496.61,2069.86,1506.21,0.0167
mixed,64,32,0.5,4.0,1024,512,1024,4096,2560,2471.69,4619.12,2461.71,-0.0046
mixed,64,32,0.5,4.0,1024,512,2048,8192,5120,5727.06,8959.97,5674.77,-0.0162
mixed,64,32,0.5,4.0,1024,512,4096,16384,10240,11081.9,17872.9,19605.9,1.2552
mixed,64,32,0.5,4.0,1024,1024,128,512,320,888.773,1054.82,918.307,0.1779
mixed,64,32,0.5,4.0,1024,1024,256,1024,640,1148.32,1404.2,1142.12,-0.0243
mixed,64,32,0.5,4.0,1024,1024,512,2048,1280,1586.34,2158.02,1592.2,0.0102
mixed,64,32,0.5,4.0,1024,1024,1024,4096,2560,2535.3,4459.37,2546.44,0.0058
mixed,64,32,0.5,4.0,1024,1024,2048,8192,5120,5987.25,9668.26,5973.72,-0.0037
mixed,64,32,0.5,4.0,1024,1024,4096,16384,10240,11643.4,18930,19584.7,1.0898
mixed,64,32,0.5,4.0,1024,2048,128,512,320,1103.08,1271.43,1135.36,0.1918
mixed,64,32,0.5,4.0,1024,2048,256,1024,640,1362.02,1634.34,1349.48,-0.0461
mixed,64,32,0.5,4.0,1024,2048,512,2048,1280,1799.59,2317.83,1771.05,-0.0551
mixed,64,32,0.5,4.0,1024,2048,1024,4096,2560,2704.11,4627.63,2711.18,0.0037
mixed,64,32,0.5,4.0,1024,2048,2048,8192,5120,6274.39,11253.5,5189.11,-0.218
mixed,64,32,0.5,4.0,1024,2048,4096,16384,10240,14056.9,24586.2,19358.6,0.5035
mixed,64,32,0.5,4.0,1024,4096,128,512,320,1501.67,1676.74,1534.98,0.1903
mixed,64,32,0.5,4.0,1024,4096,256,1024,640,1768.74,2049.16,1762.21,-0.0233
mixed,64,32,0.5,4.0,1024,4096,512,2048,1280,2229.09,2755.78,2192.16,-0.0701
mixed,64,32,0.5,4.0,1024,4096,1024,4096,2560,3086.83,4962.16,3034.44,-0.0279
mixed,64,32,0.5,4.0,1024,4096,2048,8192,5120,6278.87,15138.3,5436.25,-0.0951
mixed,64,32,0.5,4.0,1024,4096,4096,16384,10240,20254.3,32639.5,19342.8,-0.0736
mixed,64,32,0.5,4.0,1024,8192,128,512,320,2300.11,2479.11,2336.14,0.2013
mixed,64,32,0.5,4.0,1024,8192,256,1024,640,2573.16,2869.58,2576.78,0.0122
mixed,64,32,0.5,4.0,1024,8192,512,2048,1280,3060.49,3616.62,3027.21,-0.0598
mixed,64,32,0.5,4.0,1024,8192,1024,4096,2560,3964.01,5020.37,3892.91,-0.0673
mixed,64,32,0.5,4.0,1024,8192,2048,8192,5120,6041.75,10079.3,7573.94,0.3795
mixed,64,32,0.5,4.0,1024,8192,4096,16384,10240,16604.4,32238.8,20669,0.26
mixed,64,32,0.5,4.0,2048,0,128,512,320,1191.62,1356.61,1224.42,0.1988
mixed,64,32,0.5,4.0,2048,0,256,1024,640,1456.97,1709.8,1444.77,-0.0482
mixed,64,32,0.5,4.0,2048,0,512,2048,1280,1904.9,2453.29,1900.49,-0.0081
mixed,64,32,0.5,4.0,2048,0,1024,4096,2560,2827.95,4696.24,2851.4,0.0126
mixed,64,32,0.5,4.0,2048,0,2048,8192,5120,6311.64,10365,5319.82,-0.2447
mixed,64,32,0.5,4.0,2048,0,4096,16384,10240,13054.8,20822.5,19531.3,0.8338
mixed,64,32,0.5,4.0,2048,512,128,512,320,1381.16,1547.56,1410.76,0.1779
mixed,64,32,0.5,4.0,2048,512,256,1024,640,1633.25,1899.56,1636.1,0.0107
mixed,64,32,0.5,4.0,2048,512,512,2048,1280,2069.32,2610.99,2066.34,-0.0055
mixed,64,32,0.5,4.0,2048,512,1024,4096,2560,2991.72,4620.37,3025.42,0.0207
mixed,64,32,0.5,4.0,2048,512,2048,8192,5120,6808.32,11546.6,5435.83,-0.2897
mixed,64,32,0.5,4.0,2048,512,4096,16384,10240,14396.3,24488.7,19601.4,0.5157
mixed,64,32,0.5,4.0,2048,1024,128,512,320,1567.75,1732.13,1600.07,0.1966
mixed,64,32,0.5,4.0,2048,1024,256,1024,640,1824.39,2087.02,1823.78,-0.0023
mixed,64,32,0.5,4.0,2048,1024,512,2048,1280,2258.86,2781.48,2244.29,-0.0279
mixed,64,32,0.5,4.0,2048,1024,1024,4096,2560,3145.45,4801.59,3187.56,0.0254
mixed,64,32,0.5,4.0,2048,1024,2048,8192,5120,6786.07,11775.1,5649.65,-0.2278
mixed,64,32,0.5,4.0,2048,1024,4096,16384,10240,15667.7,25984.8,19715.6,0.3923
mixed,64,32,0.5,4.0,2048,2048,128,512,320,1932.9,2101.83,1970.92,0.225
mixed,64,32,0.5,4.0,2048,2048,256,1024,640,2195.78,2458.89,2198.7,0.0111
mixed,64,32,0.5,4.0,2048,2048,512,2048,1280,2633.06,3140.84,2619.56,-0.0266
mixed,64,32,0.5,4.0,2048,2048,1024,4096,2560,3494.8,4631.05,3524.78,0.0264
mixed,64,32,0.5,4.0,2048,2048,2048,8192,5120,6511.96,16100.4,6637.88,0.0131
mixed,64,32,0.5,4.0,2048,2048,4096,16384,10240,19755.7,31818.1,19712.3,-0.0036
mixed,64,32,0.5,4.0,2048,4096,128,512,320,2661.8,2839.18,2698.31,0.2058
mixed,64,32,0.5,4.0,2048,4096,256,1024,640,2918.32,3182.92,2927.72,0.0355
mixed,64,32,0.5,4.0,2048,4096,512,2048,1280,3362.32,3877.52,3360.27,-0.004
mixed,64,32,0.5,4.0,2048,4096,1024,4096,2560,4230.64,5511.35,4224.46,-0.0048
mixed,64,32,0.5,4.0,2048,4096,2048,8192,5120,6140.98,16241.6,7622.72,0.1467
mixed,64,32,0.5,4.0,2048,4096,4096,16384,10240,20845.3,33074.6,20956.1,0.0091
mixed,64,32,0.5,4.0,2048,8192,128,512,320,4107.34,4275.28,4140.14,0.1953
mixed,64,32,0.5,4.0,2048,8192,256,1024,640,4371.18,4641.68,4377.74,0.0243
mixed,64,32,0.5,4.0,2048,8192,512,2048,1280,4819.02,5381.07,4826.58,0.0134
mixed,64,32,0.5,4.0,2048,8192,1024,4096,2560,5720.69,7051.77,5692.31,-0.0213
mixed,64,32,0.5,4.0,2048,8192,2048,8192,5120,8016.8,11653.3,8651.42,0.1745
mixed,64,32,0.5,4.0,2048,8192,4096,16384,10240,15124.3,32699.7,20572.3,0.31
pure,64,48,0.75,4.0,0,0,128,512,416,315.519,381.857,318.369,0.043
pure,64,48,0.75,4.0,0,0,256,1024,832,556.384,660.994,582.527,0.2499
pure,64,48,0.75,4.0,0,0,512,2048,1664,991.457,1190.34,1051.71,0.303
pure,64,48,0.75,4.0,0,0,1024,4096,3328,1858.12,2258.66,1983.24,0.3124
pure,64,48,0.75,4.0,0,0,2048,8192,6656,3572.27,4383.02,3793.49,0.2729
pure,64,48,0.75,4.0,0,0,4096,16384,13312,6989.05,8564.32,7398.27,0.2598
mixed,64,48,0.75,4.0,16,0,128,512,416,459.391,546.176,470.561,0.1287
mixed,64,48,0.75,4.0,16,0,256,1024,832,750.691,931.171,783.587,0.1823
mixed,64,48,0.75,4.0,16,0,512,2048,1664,1390.79,1658.24,1385.96,-0.0181
mixed,64,48,0.75,4.0,16,0,1024,4096,3328,3284.49,4321.72,2813,-0.4546
mixed,64,48,0.75,4.0,16,0,2048,8192,6656,7124.92,8730.85,8110.46,0.6137
mixed,64,48,0.75,4.0,16,0,4096,16384,13312,14263.3,17785.8,23761.5,2.6964
mixed,64,48,0.75,4.0,16,512,128,512,416,468.257,556.64,476.415,0.0923
mixed,64,48,0.75,4.0,16,512,256,1024,832,755.748,935.459,790.051,0.1909
mixed,64,48,0.75,4.0,16,512,512,2048,1664,1403.3,1668.33,1395.75,-0.0285
mixed,64,48,0.75,4.0,16,512,1024,4096,3328,3262.76,4337.55,2828.11,-0.4044
mixed,64,48,0.75,4.0,16,512,2048,8192,6656,7142.75,8748.9,8700.54,0.9699
mixed,64,48,0.75,4.0,16,512,4096,16384,13312,14291.9,17606.3,23740.5,2.8507
mixed,64,48,0.75,4.0,16,1024,128,512,416,496.259,575.328,504.225,0.1007
mixed,64,48,0.75,4.0,16,1024,256,1024,832,763.011,945.348,794.785,0.1743
mixed,64,48,0.75,4.0,16,1024,512,2048,1664,1410.47,1689.12,1398.82,-0.0418
mixed,64,48,0.75,4.0,16,1024,1024,4096,3328,3292.81,4340.85,2924.14,-0.3518
mixed,64,48,0.75,4.0,16,1024,2048,8192,6656,7150.52,8744.29,8451.93,0.8166
mixed,64,48,0.75,4.0,16,1024,4096,16384,13312,14246,17514.3,23878.8,2.9473
mixed,64,48,0.75,4.0,16,2048,128,512,416,567.778,647.871,573.633,0.0731
mixed,64,48,0.75,4.0,16,2048,256,1024,832,831.843,989.347,856.387,0.1558
mixed,64,48,0.75,4.0,16,2048,512,2048,1664,1437.57,1734.09,1417.86,-0.0665
mixed,64,48,0.75,4.0,16,2048,1024,4096,3328,3221.71,4263.92,3032.49,-0.1816
mixed,64,48,0.75,4.0,16,2048,2048,8192,6656,7169.75,8754.53,8667.36,0.945
mixed,64,48,0.75,4.0,16,2048,4096,16384,13312,14261.8,17663.2,23912.9,2.8374
mixed,64,48,0.75,4.0,16,4096,128,512,416,709.922,792.707,712.484,0.0309
mixed,64,48,0.75,4.0,16,4096,256,1024,832,965.765,1134.21,994.211,0.1689
mixed,64,48,0.75,4.0,16,4096,512,2048,1664,1549.51,1792.13,1528.42,-0.0869
mixed,64,48,0.75,4.0,16,4096,1024,4096,3328,3410.86,4517.97,3227.05,-0.166
mixed,64,48,0.75,4.0,16,4096,2048,8192,6656,7568.86,9494.82,8808.13,0.6435
mixed,64,48,0.75,4.0,16,4096,4096,16384,13312,16140.5,20378.8,24287.2,1.9222
mixed,64,48,0.75,4.0,16,8192,128,512,416,960.867,1051.49,973.635,0.1409
mixed,64,48,0.75,4.0,16,8192,256,1024,832,1246.43,1417,1260.64,0.0833
mixed,64,48,0.75,4.0,16,8192,512,2048,1664,1844.55,2119.27,1808.64,-0.1307
mixed,64,48,0.75,4.0,16,8192,1024,4096,3328,3662.7,4616.56,3429.58,-0.2444
mixed,64,48,0.75,4.0,16,8192,2048,8192,6656,7593.91,9276.9,8766.43,0.6967
mixed,64,48,0.75,4.0,16,8192,4096,16384,13312,15770,20996.3,24837.6,1.735
mixed,64,48,0.75,4.0,32,0,128,512,416,460.417,545.761,468.099,0.09
mixed,64,48,0.75,4.0,32,0,256,1024,832,751.3,931.14,783.201,0.1774
mixed,64,48,0.75,4.0,32,0,512,2048,1664,1390.4,1659.68,1386.02,-0.0163
mixed,64,48,0.75,4.0,32,0,1024,4096,3328,3254.67,4334,2763.11,-0.4554
mixed,64,48,0.75,4.0,32,0,2048,8192,6656,7126.11,8729.34,8358.27,0.7685
mixed,64,48,0.75,4.0,32,0,4096,16384,13312,14249.2,17516.8,23844.8,2.9366
mixed,64,48,0.75,4.0,32,512,128,512,416,469.248,555.779,478.562,0.1076
mixed,64,48,0.75,4.0,32,512,256,1024,832,756.356,941.155,792.515,0.1957
mixed,64,48,0.75,4.0,32,512,512,2048,1664,1403.08,1669.41,1398.28,-0.018
mixed,64,48,0.75,4.0,32,512,1024,4096,3328,3283.66,4341.2,2865.45,-0.3955
mixed,64,48,0.75,4.0,32,512,2048,8192,6656,7154.24,8740.29,8389.31,0.7787
mixed,64,48,0.75,4.0,32,512,4096,16384,13312,14248.8,17965.6,23861,2.5862
mixed,64,48,0.75,4.0,32,1024,128,512,416,495.619,576.099,503.234,0.0946
mixed,64,48,0.75,4.0,32,1024,256,1024,832,764.13,947.43,798.019,0.1849
mixed,64,48,0.75,4.0,32,1024,512,2048,1664,1412.36,1688.71,1403.46,-0.0322
mixed,64,48,0.75,4.0,32,1024,1024,4096,3328,3318.67,4321.36,2934.44,-0.3832
mixed,64,48,0.75,4.0,32,1024,2048,8192,6656,7160.89,8766.21,8530.02,0.8529
mixed,64,48,0.75,4.0,32,1024,4096,16384,13312,14277.9,17696.8,23683.5,2.7511
mixed,64,48,0.75,4.0,32,2048,128,512,416,565.411,646.274,575.04,0.1191
mixed,64,48,0.75,4.0,32,2048,256,1024,832,834.434,989.508,854.21,0.1275
mixed,64,48,0.75,4.0,32,2048,512,2048,1664,1436.61,1733.86,1413.64,-0.0773
mixed,64,48,0.75,4.0,32,2048,1024,4096,3328,3233.99,4274.39,3037.29,-0.1891
mixed,64,48,0.75,4.0,32,2048,2048,8192,6656,7179.29,8780.06,8676.45,0.9353
mixed,64,48,0.75,4.0,32,2048,4096,16384,13312,14424,17757.1,23900.3,2.8431
mixed,64,48,0.75,4.0,32,4096,128,512,416,712.227,791.298,716.546,0.0546
mixed,64,48,0.75,4.0,32,4096,256,1024,832,964.802,1134.18,989.251,0.1443
mixed,64,48,0.75,4.0,32,4096,512,2048,1664,1546.18,1791.78,1527.04,-0.0779
mixed,64,48,0.75,4.0,32,4096,1024,4096,3328,3414.83,4590.52,3231.08,-0.1563
mixed,64,48,0.75,4.0,32,4096,2048,8192,6656,7571.74,9479.23,8722.84,0.6035
mixed,64,48,0.75,4.0,32,4096,4096,16384,13312,16368,20117.2,24236.3,2.0987
mixed,64,48,0.75,4.0,32,8192,128,512,416,963.875,1051.27,971.874,0.0915
mixed,64,48,0.75,4.0,32,8192,256,1024,832,1246.44,1419.14,1265.76,0.1119
mixed,64,48,0.75,4.0,32,8192,512,2048,1664,1844.1,2112.93,1805.16,-0.1449
mixed,64,48,0.75,4.0,32,8192,1024,4096,3328,3655.47,4620.24,3457.39,-0.2053
mixed,64,48,0.75,4.0,32,8192,2048,8192,6656,7593.18,9289.25,8876.74,0.7568
mixed,64,48,0.75,4.0,32,8192,4096,16384,13312,15849.7,20441,24785.8,1.9463
mixed,64,48,0.75,4.0,64,0,128,512,416,461.186,547.81,469.986,0.1016
mixed,64,48,0.75,4.0,64,0,256,1024,832,753.475,929.731,784.867,0.1781
mixed,64,48,0.75,4.0,64,0,512,2048,1664,1391.97,1670.5,1387.75,-0.0152
mixed,64,48,0.75,4.0,64,0,1024,4096,3328,3272.01,4321.01,2787.66,-0.4617
mixed,64,48,0.75,4.0,64,0,2048,8192,6656,7139.26,8728.96,8268.99,0.7107
mixed,64,48,0.75,4.0,64,0,4096,16384,13312,14323.6,17861.3,23766.9,2.6694
mixed,64,48,0.75,4.0,64,512,128,512,416,470.049,556.066,478.243,0.0953
mixed,64,48,0.75,4.0,64,512,256,1024,832,758.849,939.714,791.809,0.1822
mixed,64,48,0.75,4.0,64,512,512,2048,1664,1407.84,1668.01,1395.59,-0.0471
mixed,64,48,0.75,4.0,64,512,1024,4096,3328,3271.08,4342.57,2778.05,-0.4601
mixed,64,48,0.75,4.0,64,512,2048,8192,6656,7146.26,8742.66,8223.61,0.6749
mixed,64,48,0.75,4.0,64,512,4096,16384,13312,14279.2,17673.7,23936.5,2.845
mixed,64,48,0.75,4.0,64,1024,128,512,416,496.481,575.713,503.584,0.0896
mixed,64,48,0.75,4.0,64,1024,256,1024,832,764.514,948.355,798.691,0.1859
mixed,64,48,0.75,4.0,64,1024,512,2048,1664,1416.61,1694.85,1403.94,-0.0455
mixed,64,48,0.75,4.0,64,1024,1024,4096,3328,3317.2,4314.19,2924.88,-0.3935
mixed,64,48,0.75,4.0,64,1024,2048,8192,6656,7149.98,8756.45,8220.45,0.6663
mixed,64,48,0.75,4.0,64,1024,4096,16384,13312,14305.1,17633.7,23723.8,2.8296
mixed,64,48,0.75,4.0,64,2048,128,512,416,568.899,647.778,574.627,0.0726
mixed,64,48,0.75,4.0,64,2048,256,1024,832,835.361,992.324,856.544,0.135
mixed,64,48,0.75,4.0,64,2048,512,2048,1664,1435.46,1736.81,1416.74,-0.0621
mixed,64,48,0.75,4.0,64,2048,1024,4096,3328,3224.55,4269.62,3051.98,-0.1651
mixed,64,48,0.75,4.0,64,2048,2048,8192,6656,7173.33,8788.83,8855.42,1.0412
mixed,64,48,0.75,4.0,64,2048,4096,16384,13312,14258.6,17772.6,23898.1,2.7432
mixed,64,48,0.75,4.0,64,4096,128,512,416,715.617,791.682,715.01,-0.008
mixed,64,48,0.75,4.0,64,4096,256,1024,832,978.979,1142.02,1002.5,0.1443
mixed,64,48,0.75,4.0,64,4096,512,2048,1664,1556.96,1804.42,1535.11,-0.0883
mixed,64,48,0.75,4.0,64,4096,1024,4096,3328,3433.9,4571.31,3224.11,-0.1844
mixed,64,48,0.75,4.0,64,4096,2048,8192,6656,7599.61,9505.19,8768.45,0.6134
mixed,64,48,0.75,4.0,64,4096,4096,16384,13312,16042.8,20493.9,24229.5,1.8393
mixed,64,48,0.75,4.0,64,8192,128,512,416,966.403,1050.66,974.626,0.0976
mixed,64,48,0.75,4.0,64,8192,256,1024,832,1251.97,1423.94,1267.52,0.0904
mixed,64,48,0.75,4.0,64,8192,512,2048,1664,1847.14,2120.2,1807.97,-0.1434
mixed,64,48,0.75,4.0,64,8192,1024,4096,3328,3661.87,4634.19,3453.36,-0.2144
mixed,64,48,0.75,4.0,64,8192,2048,8192,6656,7596.19,9298.94,8887.3,0.7582
mixed,64,48,0.75,4.0,64,8192,4096,16384,13312,15709.7,21457.8,24861.9,1.5922
mixed,64,48,0.75,4.0,128,0,128,512,416,475.49,562.913,485.921,0.1193
mixed,64,48,0.75,4.0,128,0,256,1024,832,765.601,947.939,799.459,0.1857
mixed,64,48,0.75,4.0,128,0,512,2048,1664,1408.45,1684.74,1404.45,-0.0145
mixed,64,48,0.75,4.0,128,0,1024,4096,3328,3286.35,4348.05,2858.57,-0.4029
mixed,64,48,0.75,4.0,128,0,2048,8192,6656,7140.12,8743.49,8310.33,0.7298
mixed,64,48,0.75,4.0,128,0,4096,16384,13312,14183,17506.3,23872,2.9154
mixed,64,48,0.75,4.0,128,512,128,512,416,484.675,576.097,497.411,0.1393
mixed,64,48,0.75,4.0,128,512,256,1024,832,778.24,955.428,811.652,0.1886
mixed,64,48,0.75,4.0,128,512,512,2048,1664,1434.4,1708.9,1420.68,-0.05
mixed,64,48,0.75,4.0,128,512,1024,4096,3328,3304.62,4352.14,2843.24,-0.4404
mixed,64,48,0.75,4.0,128,512,2048,8192,6656,7152.28,8756.76,8651.3,0.9343
mixed,64,48,0.75,4.0,128,512,4096,16384,13312,14202.9,17791.1,23801.1,2.6749
mixed,64,48,0.75,4.0,128,1024,128,512,416,524.579,603.042,531.585,0.0893
mixed,64,48,0.75,4.0,128,1024,256,1024,832,790.467,973.988,823.686,0.181
mixed,64,48,0.75,4.0,128,1024,512,2048,1664,1446.21,1742.05,1434.09,-0.041
mixed,64,48,0.75,4.0,128,1024,1024,4096,3328,3313.29,4360.05,2911.62,-0.3837
mixed,64,48,0.75,4.0,128,1024,2048,8192,6656,7153.91,8750.59,8631.14,0.9252
mixed,64,48,0.75,4.0,128,1024,4096,16384,13312,14320.7,17562.5,23770.4,2.9149
mixed,64,48,0.75,4.0,128,2048,128,512,416,606.753,688.194,610.179,0.0421
mixed,64,48,0.75,4.0,128,2048,256,1024,832,874.531,1034.79,890.596,0.1002
mixed,64,48,0.75,4.0,128,2048,512,2048,1664,1471.05,1767.3,1458.02,-0.044
mixed,64,48,0.75,4.0,128,2048,1024,4096,3328,3203.75,4271.34,3041,-0.1524
mixed,64,48,0.75,4.0,128,2048,2048,8192,6656,7200.18,8801.38,8971.84,1.1065
mixed,64,48,0.75,4.0,128,2048,4096,16384,13312,14340.1,18299.5,24041.8,2.4502
mixed,64,48,0.75,4.0,128,4096,128,512,416,757.121,843.651,766.498,0.1084
mixed,64,48,0.75,4.0,128,4096,256,1024,832,1025.29,1192.61,1050.44,0.1503
mixed,64,48,0.75,4.0,128,4096,512,2048,1664,1616.61,1895.34,1588.42,-0.1012
mixed,64,48,0.75,4.0,128,4096,1024,4096,3328,3532.72,4547.38,3219.24,-0.3089
mixed,64,48,0.75,4.0,128,4096,2048,8192,6656,7583.77,9829.73,9308.61,0.768
mixed,64,48,0.75,4.0,128,4096,4096,16384,13312,17764.5,23240,24834.1,1.2911
mixed,64,48,0.75,4.0,128,8192,128,512,416,1029.57,1126.02,1041.51,0.1237
mixed,64,48,0.75,4.0,128,8192,256,1024,832,1317.8,1501.73,1347.46,0.1613
mixed,64,48,0.75,4.0,128,8192,512,2048,1664,1934.38,2199.56,1891.3,-0.1624
mixed,64,48,0.75,4.0,128,8192,1024,4096,3328,3731.44,4817.07,3520.4,-0.1944
mixed,64,48,0.75,4.0,128,8192,2048,8192,6656,7484.44,9147.04,8996.22,0.9093
mixed,64,48,0.75,4.0,128,8192,4096,16384,13312,16603,22449.9,25083.8,1.4505
mixed,64,48,0.75,4.0,256,0,128,512,416,500.962,589.441,515.457,0.1638
mixed,64,48,0.75,4.0,256,0,256,1024,832,793.922,974.562,829.891,0.1991
mixed,64,48,0.75,4.0,256,0,512,2048,1664,1450.66,1726.66,1443.75,-0.0251
mixed,64,48,0.75,4.0,256,0,1024,4096,3328,3324.14,4375.31,2910.28,-0.3937
mixed,64,48,0.75,4.0,256,0,2048,8192,6656,7183.77,8791.91,8226.75,0.6486
mixed,64,48,0.75,4.0,256,0,4096,16384,13312,14261.4,17638.1,23934,2.8646
mixed,64,48,0.75,4.0,256,512,128,512,416,528.415,612.354,537.698,0.1106
mixed,64,48,0.75,4.0,256,512,256,1024,832,814.819,997.219,852.067,0.2042
mixed,64,48,0.75,4.0,256,512,512,2048,1664,1478.47,1762.02,1465.73,-0.0449
mixed,64,48,0.75,4.0,256,512,1024,4096,3328,3307.37,4361.04,2876.62,-0.4088
mixed,64,48,0.75,4.0,256,512,2048,8192,6656,7175.42,8779.39,8760.8,0.9884
mixed,64,48,0.75,4.0,256,512,4096,16384,13312,14246.8,17764.7,24012.7,2.776
mixed,64,48,0.75,4.0,256,1024,128,512,416,579.842,664.002,591.297,0.1361
mixed,64,48,0.75,4.0,256,1024,256,1024,832,848.545,1021.67,877.315,0.1662
mixed,64,48,0.75,4.0,256,1024,512,2048,1664,1498.24,1790.66,1490.69,-0.0258
mixed,64,48,0.75,4.0,256,1024,1024,4096,3328,3307.31,4400.02,2839.08,-0.4285
mixed,64,48,0.75,4.0,256,1024,2048,8192,6656,7186.59,8797.18,8635.1,0.8994
mixed,64,48,0.75,4.0,256,1024,4096,16384,13312,14280.3,17746.6,23966.1,2.7942
mixed,64,48,0.75,4.0,256,2048,128,512,416,673.824,759.043,686.402,0.1476
mixed,64,48,0.75,4.0,256,2048,256,1024,832,947.173,1112.71,970.051,0.1382
mixed,64,48,0.75,4.0,256,2048,512,2048,1664,1546.43,1831.53,1533.67,-0.0448
mixed,64,48,0.75,4.0,256,2048,1024,4096,3328,3254.73,4406.38,2805.71,-0.3899
mixed,64,48,0.75,4.0,256,2048,2048,8192,6656,7332.15,8923.52,9388.35,1.2921
mixed,64,48,0.75,4.0,256,2048,4096,16384,13312,14601.2,18101.4,24515.6,2.8326
mixed,64,48,0.75,4.0,256,4096,128,512,416,866.339,941.187,873.091,0.0902
mixed,64,48,0.75,4.0,256,4096,256,1024,832,1137.8,1305.29,1157.57,0.1181
mixed,64,48,0.75,4.0,256,4096,512,2048,1664,1735.85,1998.98,1705.32,-0.116
mixed,64,48,0.75,4.0,256,4096,1024,4096,3328,3515.69,4553.78,3399.37,-0.1121
mixed,64,48,0.75,4.0,256,4096,2048,8192,6656,7782.46,10550.7,9904.55,0.7666
mixed,64,48,0.75,4.0,256,4096,4096,16384,13312,20203.4,27455.5,25145.5,0.6815
mixed,64,48,0.75,4.0,256,8192,128,512,416,1218.4,1308.71,1227.24,0.0978
mixed,64,48,0.75,4.0,256,8192,256,1024,832,1501.19,1684.2,1520.87,0.1075
mixed,64,48,0.75,4.0,256,8192,512,2048,1664,2124.77,2387.37,2096.8,-0.1065
mixed,64,48,0.75,4.0,256,8192,1024,4096,3328,3710.16,4789.3,3499.6,-0.1951
mixed,64,48,0.75,4.0,256,8192,2048,8192,6656,7607.87,9214.24,9192.65,0.9866
mixed,64,48,0.75,4.0,256,8192,4096,16384,13312,18321,26257.7,25270.9,0.8757
mixed,64,48,0.75,4.0,512,0,128,512,416,572.866,662.21,587.426,0.163
mixed,64,48,0.75,4.0,512,0,256,1024,832,869.602,1054.63,903.812,0.1849
mixed,64,48,0.75,4.0,512,0,512,2048,1664,1523.3,1812.17,1513.41,-0.0342
mixed,64,48,0.75,4.0,512,0,1024,4096,3328,3344.39,4407.95,2837.8,-0.4763
mixed,64,48,0.75,4.0,512,0,2048,8192,6656,7208.31,8790.5,8768.9,0.9863
mixed,64,48,0.75,4.0,512,0,4096,16384,13312,14265.1,17561.5,23838.2,2.9042
mixed,64,48,0.75,4.0,512,512,128,512,416,630.849,715.172,645.091,0.1689
mixed,64,48,0.75,4.0,512,512,256,1024,832,916.387,1095.84,946.849,0.1697
mixed,64,48,0.75,4.0,512,512,512,2048,1664,1566.05,1857.83,1561.09,-0.017
mixed,64,48,0.75,4.0,512,512,1024,4096,3328,3323.24,4409.04,2848.97,-0.4368
mixed,64,48,0.75,4.0,512,512,2048,8192,6656,7200.32,8808.45,8811.9,1.0021
mixed,64,48,0.75,4.0,512,512,4096,16384,13312,14271.7,17923,23952.3,2.6513
mixed,64,48,0.75,4.0,512,1024,128,512,416,698.37,780.194,710.082,0.1431
mixed,64,48,0.75,4.0,512,1024,256,1024,832,967.396,1136.77,991.779,0.144
mixed,64,48,0.75,4.0,512,1024,512,2048,1664,1610.24,1894.21,1604.52,-0.0202
mixed,64,48,0.75,4.0,512,1024,1024,4096,3328,3278.41,4394.74,2866.8,-0.3687
mixed,64,48,0.75,4.0,512,1024,2048,8192,6656,7226.94,8849.38,9102.85,1.1562
mixed,64,48,0.75,4.0,512,1024,4096,16384,13312,14373,17836.8,24042.5,2.7916
mixed,64,48,0.75,4.0,512,2048,128,512,416,831.426,908.386,843.588,0.158
mixed,64,48,0.75,4.0,512,2048,256,1024,832,1105.8,1278.98,1126.88,0.1217
mixed,64,48,0.75,4.0,512,2048,512,2048,1664,1701.86,2001.09,1687.43,-0.0482
mixed,64,48,0.75,4.0,512,2048,1024,4096,3328,3267.37,4361.81,3072.72,-0.1779
mixed,64,48,0.75,4.0,512,2048,2048,8192,6656,7929.66,9758.63,9410.4,0.8096
mixed,64,48,0.75,4.0,512,2048,4096,16384,13312,15911.2,19606.8,25042.4,2.4708
mixed,64,48,0.75,4.0,512,4096,128,512,416,1083.01,1167.88,1099.33,0.1923
mixed,64,48,0.75,4.0,512,4096,256,1024,832,1376.07,1540.45,1400.13,0.1464
mixed,64,48,0.75,4.0,512,4096,512,2048,1664,1982.82,2251.27,1956.94,-0.0964
mixed,64,48,0.75,4.0,512,4096,1024,4096,3328,3664.72,4834.96,3420.33,-0.2088
mixed,64,48,0.75,4.0,512,4096,2048,8192,6656,8612.45,12505.3,11162.2,0.655
mixed,64,48,0.75,4.0,512,4096,4096,16384,13312,24513.8,30219.8,25589.6,0.1885
mixed,64,48,0.75,4.0,512,8192,128,512,416,1577.76,1663.72,1591.82,0.1635
mixed,64,48,0.75,4.0,512,8192,256,1024,832,1868.87,2051.27,1903.01,0.1872
mixed,64,48,0.75,4.0,512,8192,512,2048,1664,2492.49,2779.88,2483.62,-0.0308
mixed,64,48,0.75,4.0,512,8192,1024,4096,3328,3995.95,5114.84,3828.37,-0.1498
mixed,64,48,0.75,4.0,512,8192,2048,8192,6656,7993.72,9738.47,9869.25,1.075
mixed,64,48,0.75,4.0,512,8192,4096,16384,13312,24001.8,30102,25815,0.2972
mixed,64,48,0.75,4.0,1024,0,128,512,416,755.33,838.883,768.866,0.162
mixed,64,48,0.75,4.0,1024,0,256,1024,832,1041.03,1226.76,1081.35,0.2171
mixed,64,48,0.75,4.0,1024,0,512,2048,1664,1706.53,1986.95,1690.28,-0.058
mixed,64,48,0.75,4.0,1024,0,1024,4096,3328,3336.27,4481.71,2943.76,-0.3427
mixed,64,48,0.75,4.0,1024,0,2048,8192,6656,7283.45,8881.25,8971.65,1.0566
mixed,64,48,0.75,4.0,1024,0,4096,16384,13312,14314.6,17635.5,24072.4,2.9383
mixed,64,48,0.75,4.0,1024,512,128,512,416,867.3,946.114,879.106,0.1498
mixed,64,48,0.75,4.0,1024,512,256,1024,832,1137.51,1304.33,1161.51,0.1439
mixed,64,48,0.75,4.0,1024,512,512,2048,1664,1790.98,2066.02,1769.61,-0.0777
mixed,64,48,0.75,4.0,1024,512,1024,4096,3328,3266.76,4632.15,3065.64,-0.1473
mixed,64,48,0.75,4.0,1024,512,2048,8192,6656,7362.59,8934.21,9355.52,1.2681
mixed,64,48,0.75,4.0,1024,512,4096,16384,13312,14392.2,17732.2,24571.2,3.0477
mixed,64,48,0.75,4.0,1024,1024,128,512,416,979.491,1054.82,991.46,0.1589
mixed,64,48,0.75,4.0,1024,1024,256,1024,832,1250.44,1405.35,1272.26,0.1409
mixed,64,48,0.75,4.0,1024,1024,512,2048,1664,1863.56,2149.06,1855.75,-0.0274
mixed,64,48,0.75,4.0,1024,1024,1024,4096,3328,3306.57,4459.5,3153.93,-0.1324
mixed,64,48,0.75,4.0,1024,1024,2048,8192,6656,7997.95,9644.68,9556.69,0.9466
mixed,64,48,0.75,4.0,1024,1024,4096,16384,13312,15224.2,19171.3,25098.9,2.5017
mixed,64,48,0.75,4.0,1024,2048,128,512,416,1184.26,1264.29,1197.95,0.1711
mixed,64,48,0.75,4.0,1024,2048,256,1024,832,1458.28,1627.49,1488.96,0.1814
mixed,64,48,0.75,4.0,1024,2048,512,2048,1664,2063.59,2309.77,2032.71,-0.1254
mixed,64,48,0.75,4.0,1024,2048,1024,4096,3328,3411.12,4663.69,3352.4,-0.0469
mixed,64,48,0.75,4.0,1024,2048,2048,8192,6656,8987.52,11369.2,10491.7,0.6316
mixed,64,48,0.75,4.0,1024,2048,4096,16384,13312,18442.9,24490.5,25179.4,1.1139
mixed,64,48,0.75,4.0,1024,4096,128,512,416,1588.64,1677.7,1611.88,0.2609
mixed,64,48,0.75,4.0,1024,4096,256,1024,832,1870.85,2053.06,1909.29,0.2109
mixed,64,48,0.75,4.0,1024,4096,512,2048,1664,2491.56,2754.34,2461.38,-0.1148
mixed,64,48,0.75,4.0,1024,4096,1024,4096,3328,3798.96,5002.39,3691.82,-0.089
mixed,64,48,0.75,4.0,1024,4096,2048,8192,6656,9385.93,14701.4,10493.5,0.2084
mixed,64,48,0.75,4.0,1024,4096,4096,16384,13312,26354.4,32651.8,26301.3,-0.0084
mixed,64,48,0.75,4.0,1024,8192,128,512,416,2394.53,2480.84,2413.83,0.2236
mixed,64,48,0.75,4.0,1024,8192,256,1024,832,2686.09,2859.56,2730.57,0.2564
mixed,64,48,0.75,4.0,1024,8192,512,2048,1664,3332.62,3600.3,3299.14,-0.1251
mixed,64,48,0.75,4.0,1024,8192,1024,4096,3328,4460.53,5018.26,4583.95,0.2213
mixed,64,48,0.75,4.0,1024,8192,2048,8192,6656,8352.77,10069.9,9570.18,0.709
mixed,64,48,0.75,4.0,1024,8192,4096,16384,13312,26385.3,32280.4,26857.5,0.0801
mixed,64,48,0.75,4.0,2048,0,128,512,416,1275.65,1365.96,1292.1,0.1822
mixed,64,48,0.75,4.0,2048,0,256,1024,832,1557.54,1715.3,1574.79,0.1093
mixed,64,48,0.75,4.0,2048,0,512,2048,1664,2167.98,2446.25,2171.08,0.0111
mixed,64,48,0.75,4.0,2048,0,1024,4096,3328,3531.95,4680.27,3448.17,-0.073
mixed,64,48,0.75,4.0,2048,0,2048,8192,6656,8636.8,10359.3,11120.9,1.4421
mixed,64,48,0.75,4.0,2048,0,4096,16384,13312,16597.7,20534.9,25294.8,2.209
mixed,64,48,0.75,4.0,2048,512,128,512,416,1464.23,1540.26,1489.35,0.3304
mixed,64,48,0.75,4.0,2048,512,256,1024,832,1742.05,1900.93,1769.22,0.171
mixed,64,48,0.75,4.0,2048,512,512,2048,1664,2336.04,2612.43,2334.43,-0.0058
mixed,64,48,0.75,4.0,2048,512,1024,4096,3328,3620.18,4623.67,3614.99,-0.0052
mixed,64,48,0.75,4.0,2048,512,2048,8192,6656,8825.25,11521.5,12089,1.2105
mixed,64,48,0.75,4.0,2048,512,4096,16384,13312,18864.5,24604.5,25337.6,1.1277
mixed,64,48,0.75,4.0,2048,1024,128,512,416,1650.25,1731.85,1674.95,0.3027
mixed,64,48,0.75,4.0,2048,1024,256,1024,832,1922.31,2089,1957.13,0.2089
mixed,64,48,0.75,4.0,2048,1024,512,2048,1664,2514.57,2781.61,2499.05,-0.0581
mixed,64,48,0.75,4.0,2048,1024,1024,4096,3328,3719.12,4818.83,3759.31,0.0365
mixed,64,48,0.75,4.0,2048,1024,2048,8192,6656,9221.5,11794.6,12538.4,1.2891
mixed,64,48,0.75,4.0,2048,1024,4096,16384,13312,19884.6,26417.9,25499.6,0.8594
mixed,64,48,0.75,4.0,2048,2048,128,512,416,2017.7,2101.77,2040.1,0.2665
mixed,64,48,0.75,4.0,2048,2048,256,1024,832,2288.49,2457.89,2331.85,0.256
mixed,64,48,0.75,4.0,2048,2048,512,2048,1664,2884.17,3141.68,2874.66,-0.0369
mixed,64,48,0.75,4.0,2048,2048,1024,4096,3328,4019.72,4632.05,4065.77,0.0752
mixed,64,48,0.75,4.0,2048,2048,2048,8192,6656,11165.9,15070.1,13187.3,0.5177
mixed,64,48,0.75,4.0,2048,2048,4096,16384,13312,25068.9,31631.3,26759.1,0.2576
mixed,64,48,0.75,4.0,2048,4096,128,512,416,2748.36,2836.26,2768.52,0.2293
mixed,64,48,0.75,4.0,2048,4096,256,1024,832,3017.03,3182.8,3062.7,0.2755
mixed,64,48,0.75,4.0,2048,4096,512,2048,1664,3621.07,3882.8,3618.6,-0.0094
mixed,64,48,0.75,4.0,2048,4096,1024,4096,3328,4749.71,5634.48,4739.6,-0.0114
mixed,64,48,0.75,4.0,2048,4096,2048,8192,6656,7623.96,16199.2,13508.2,0.6862
mixed,64,48,0.75,4.0,2048,4096,4096,16384,13312,26954.9,33072.7,27060.9,0.0173
mixed,64,48,0.75,4.0,2048,8192,128,512,416,4194.8,4280.24,4210.54,0.1843
mixed,64,48,0.75,4.0,2048,8192,256,1024,832,4467.31,4638.03,4507.86,0.2375
mixed,64,48,0.75,4.0,2048,8192,512,2048,1664,5097.68,5380.66,5097.39,-0.001
mixed,64,48,0.75,4.0,2048,8192,1024,4096,3328,6244.02,7061.63,6261.97,0.022
mixed,64,48,0.75,4.0,2048,8192,2048,8192,6656,9788.68,11631.6,10398,0.3306
mixed,64,48,0.75,4.0,2048,8192,4096,16384,13312,26254.8,32698.8,27207.2,0.1478
pure,64,58,0.9062,4.0,0,0,128,512,476,353.443,380.287,357.376,0.1465
pure,64,58,0.9062,4.0,0,0,256,1024,952,618.084,662.052,622.723,0.1055
pure,64,58,0.9062,4.0,0,0,512,2048,1904,1116.93,1191.56,1114.53,-0.0322
pure,64,58,0.9062,4.0,0,0,1024,4096,3808,2101.03,2246.25,2103.75,0.0187
pure,64,58,0.9062,4.0,0,0,2048,8192,7616,4072.88,4380.66,4089.2,0.053
pure,64,58,0.9062,4.0,0,0,4096,16384,15232,7974.24,8576.83,8005.98,0.0527
mixed,64,58,0.9062,4.0,16,0,128,512,476,473.604,547.488,519.264,0.618
mixed,64,58,0.9062,4.0,16,0,256,1024,952,843.107,930.306,873.282,0.346
mixed,64,58,0.9062,4.0,16,0,512,2048,1904,1493.19,1659.17,1568.36,0.4529
mixed,64,58,0.9062,4.0,16,0,1024,4096,3808,3916.65,4313.1,3926.28,0.0243
mixed,64,58,0.9062,4.0,16,0,2048,8192,7616,8114.78,8742.82,8333.02,0.3475
mixed,64,58,0.9062,4.0,16,0,4096,16384,15232,16350.4,17772.1,25123.9,6.1708
mixed,64,58,0.9062,4.0,16,512,128,512,476,479.619,555.362,527.777,0.6358
mixed,64,58,0.9062,4.0,16,512,256,1024,952,849.473,937.155,880.291,0.3515
mixed,64,58,0.9062,4.0,16,512,512,2048,1904,1506.02,1666.66,1576.48,0.4387
mixed,64,58,0.9062,4.0,16,512,1024,4096,3808,3905.13,4332.3,3934.73,0.0693
mixed,64,58,0.9062,4.0,16,512,2048,8192,7616,8112.19,8737.35,8327.1,0.3438
mixed,64,58,0.9062,4.0,16,512,4096,16384,15232,16362.6,17435.1,25250.2,8.2871
mixed,64,58,0.9062,4.0,16,1024,128,512,476,508.513,575.812,549.792,0.6134
mixed,64,58,0.9062,4.0,16,1024,256,1024,952,859.171,944.387,883.874,0.2899
mixed,64,58,0.9062,4.0,16,1024,512,2048,1904,1522.21,1687.01,1588.07,0.3996
mixed,64,58,0.9062,4.0,16,1024,1024,4096,3808,3926.35,4346.03,3937.64,0.0269
mixed,64,58,0.9062,4.0,16,1024,2048,8192,7616,8130.53,8740.45,8440.8,0.5087
mixed,64,58,0.9062,4.0,16,1024,4096,16384,15232,16438.7,17614.1,25323.3,7.5587
mixed,64,58,0.9062,4.0,16,2048,128,512,476,576.674,646.242,623.395,0.6716
mixed,64,58,0.9062,4.0,16,2048,256,1024,952,914.947,987.074,933.347,0.2551
mixed,64,58,0.9062,4.0,16,2048,512,2048,1904,1547.75,1733.6,1599.68,0.2794
mixed,64,58,0.9062,4.0,16,2048,1024,4096,3808,3855.79,4258.99,3918.03,0.1544
mixed,64,58,0.9062,4.0,16,2048,2048,8192,7616,8156.03,8787.13,8706.24,0.8718
mixed,64,58,0.9062,4.0,16,2048,4096,16384,15232,16865.9,17881.8,25203,8.2065
mixed,64,58,0.9062,4.0,16,4096,128,512,476,724.672,791.907,761.666,0.5502
mixed,64,58,0.9062,4.0,16,4096,256,1024,952,1057.25,1134.53,1083.08,0.3341
mixed,64,58,0.9062,4.0,16,4096,512,2048,1904,1644.87,1796.42,1690.92,0.3038
mixed,64,58,0.9062,4.0,16,4096,1024,4096,3808,4143.47,4466.71,4099.02,-0.1375
mixed,64,58,0.9062,4.0,16,4096,2048,8192,7616,8707.65,9517.89,8987.75,0.3457
mixed,64,58,0.9062,4.0,16,4096,4096,16384,15232,18835.1,20467,25136.7,3.8616
mixed,64,58,0.9062,4.0,16,8192,128,512,476,976.867,1050.53,1023.68,0.6355
mixed,64,58,0.9062,4.0,16,8192,256,1024,952,1333.8,1421.76,1358.47,0.2805
mixed,64,58,0.9062,4.0,16,8192,512,2048,1904,1957.42,2119.91,1991.11,0.2074
mixed,64,58,0.9062,4.0,16,8192,1024,4096,3808,4287.15,4634.29,4163.76,-0.3555
mixed,64,58,0.9062,4.0,16,8192,2048,8192,7616,8627.36,9291.2,8722.11,0.1427
mixed,64,58,0.9062,4.0,16,8192,4096,16384,15232,18703.5,21230.5,24709.1,2.3765
mixed,64,58,0.9062,4.0,32,0,128,512,476,470.56,546.051,519.715,0.6511
mixed,64,58,0.9062,4.0,32,0,256,1024,952,842.691,930.723,874.564,0.3621
mixed,64,58,0.9062,4.0,32,0,512,2048,1904,1491.3,1662.91,1570.4,0.4609
mixed,64,58,0.9062,4.0,32,0,1024,4096,3808,3898.93,4324.02,3931.44,0.0765
mixed,64,58,0.9062,4.0,32,0,2048,8192,7616,8125.53,8733.85,8367.17,0.3972
mixed,64,58,0.9062,4.0,32,0,4096,16384,15232,16357.5,17629.7,25375.2,7.0883
mixed,64,58,0.9062,4.0,32,512,128,512,476,479.391,553.25,528.225,0.6612
mixed,64,58,0.9062,4.0,32,512,256,1024,952,850.691,939.396,879.651,0.3265
mixed,64,58,0.9062,4.0,32,512,512,2048,1904,1504.96,1664.55,1577.6,0.4552
mixed,64,58,0.9062,4.0,32,512,1024,4096,3808,3924.21,4334.32,3948.75,0.0598
mixed,64,58,0.9062,4.0,32,512,2048,8192,7616,8125.66,8753.28,8283.23,0.2511
mixed,64,58,0.9062,4.0,32,512,4096,16384,15232,16418.1,18034,25292.6,5.4922
mixed,64,58,0.9062,4.0,32,1024,128,512,476,508.224,575.683,549.472,0.6115
mixed,64,58,0.9062,4.0,32,1024,256,1024,952,858.081,946.851,887.363,0.3299
mixed,64,58,0.9062,4.0,32,1024,512,2048,1904,1515.97,1688.42,1586.18,0.4071
mixed,64,58,0.9062,4.0,32,1024,1024,4096,3808,3938.19,4346.7,3936.01,-0.0053
mixed,64,58,0.9062,4.0,32,1024,2048,8192,7616,8123.68,8744.83,8388.45,0.4263
mixed,64,58,0.9062,4.0,32,1024,4096,16384,15232,16586.6,17727,25272.9,7.617
mixed,64,58,0.9062,4.0,32,2048,128,512,476,574.307,646.528,624.547,0.6956
mixed,64,58,0.9062,4.0,32,2048,256,1024,952,914.979,988.226,937.059,0.3014
mixed,64,58,0.9062,4.0,32,2048,512,2048,1904,1549.09,1735.91,1600.36,0.2744
mixed,64,58,0.9062,4.0,32,2048,1024,4096,3808,3852.68,4270.19,3942,0.2139
mixed,64,58,0.9062,4.0,32,2048,2048,8192,7616,8166.85,8771.33,8713.34,0.9041
mixed,64,58,0.9062,4.0,32,2048,4096,16384,15232,16524.3,17732.8,25393.9,7.3393
mixed,64,58,0.9062,4.0,32,4096,128,512,476,724.194,794.146,759.267,0.5014
mixed,64,58,0.9062,4.0,32,4096,256,1024,952,1055.65,1138.34,1084.16,0.3448
mixed,64,58,0.9062,4.0,32,4096,512,2048,1904,1642.18,1791.85,1696.29,0.3616
mixed,64,58,0.9062,4.0,32,4096,1024,4096,3808,4125.87,4543.53,4110.06,-0.0378
mixed,64,58,0.9062,4.0,32,4096,2048,8192,7616,8731.39,9491.68,9022.37,0.3827
mixed,64,58,0.9062,4.0,32,4096,4096,16384,15232,18976.8,21125.8,25584.7,3.0749
mixed,64,58,0.9062,4.0,32,8192,128,512,476,977.891,1049.19,1020.96,0.6041
mixed,64,58,0.9062,4.0,32,8192,256,1024,952,1337.86,1410.6,1354.95,0.2349
mixed,64,58,0.9062,4.0,32,8192,512,2048,1904,1949.42,2118.31,1976.93,0.1629
mixed,64,58,0.9062,4.0,32,8192,1024,4096,3808,4281.81,4629.61,4149.46,-0.3805
mixed,64,58,0.9062,4.0,32,8192,2048,8192,7616,8627.3,9288.49,8717.25,0.136
mixed,64,58,0.9062,4.0,32,8192,4096,16384,15232,18565.6,21401.7,23877.5,1.8729
mixed,64,58,0.9062,4.0,64,0,128,512,476,474.721,548.737,523.65,0.6611
mixed,64,58,0.9062,4.0,64,0,256,1024,952,846.659,930.722,879.366,0.3891
mixed,64,58,0.9062,4.0,64,0,512,2048,1904,1502.89,1670.06,1576.96,0.4431
mixed,64,58,0.9062,4.0,64,0,1024,4096,3808,3934.54,4335.92,3932.59,-0.0049
mixed,64,58,0.9062,4.0,64,0,2048,8192,7616,8132.38,8737.92,8320.49,0.3106
mixed,64,58,0.9062,4.0,64,0,4096,16384,15232,16406.5,17823.5,25339.2,6.3043
mixed,64,58,0.9062,4.0,64,512,128,512,476,481.312,558.37,530.177,0.6341
mixed,64,58,0.9062,4.0,64,512,256,1024,952,852.194,942.081,886.753,0.3845
mixed,64,58,0.9062,4.0,64,512,512,2048,1904,1515.68,1673.51,1581.92,0.4197
mixed,64,58,0.9062,4.0,64,512,1024,4096,3808,3933.87,4340.88,3944.17,0.0253
mixed,64,58,0.9062,4.0,64,512,2048,8192,7616,8123.68,8760.48,8404.6,0.4411
mixed,64,58,0.9062,4.0,64,512,4096,16384,15232,16377.2,17674.6,25272.2,6.8562
mixed,64,58,0.9062,4.0,64,1024,128,512,476,512.514,578.817,554.306,0.6303
mixed,64,58,0.9062,4.0,64,1024,256,1024,952,857.249,948.9,890.401,0.3617
mixed,64,58,0.9062,4.0,64,1024,512,2048,1904,1521.54,1695.08,1592.01,0.4061
mixed,64,58,0.9062,4.0,64,1024,1024,4096,3808,3932.78,4342.61,3942.84,0.0245
mixed,64,58,0.9062,4.0,64,1024,2048,8192,7616,8142.52,8755.45,8449.89,0.5015
mixed,64,58,0.9062,4.0,64,1024,4096,16384,15232,16350.8,17590,25740.6,7.5771
mixed,64,58,0.9062,4.0,64,2048,128,512,476,580.192,652.449,629.987,0.6891
mixed,64,58,0.9062,4.0,64,2048,256,1024,952,918.115,995.874,941.794,0.3045
mixed,64,58,0.9062,4.0,64,2048,512,2048,1904,1558.21,1742.15,1604.61,0.2523
mixed,64,58,0.9062,4.0,64,2048,1024,4096,3808,3859.31,4280.91,3946.54,0.2069
mixed,64,58,0.9062,4.0,64,2048,2048,8192,7616,8166.78,8775.52,8780.96,1.0089
mixed,64,58,0.9062,4.0,64,2048,4096,16384,15232,16778.5,17690.1,25237.4,9.2793
mixed,64,58,0.9062,4.0,64,4096,128,512,476,728.417,793.027,761.059,0.5052
mixed,64,58,0.9062,4.0,64,4096,256,1024,952,1060.2,1136.9,1085.92,0.3354
mixed,64,58,0.9062,4.0,64,4096,512,2048,1904,1647.69,1802.95,1699.04,0.3308
mixed,64,58,0.9062,4.0,64,4096,1024,4096,3808,4126.16,4543.22,4116.81,-0.0224
mixed,64,58,0.9062,4.0,64,4096,2048,8192,7616,8743.68,9464.64,9063.01,0.4429
mixed,64,58,0.9062,4.0,64,4096,4096,16384,15232,19585.4,20701.7,25054.9,4.8998
mixed,64,58,0.9062,4.0,64,8192,128,512,476,980.804,1050.28,1024.71,0.632
mixed,64,58,0.9062,4.0,64,8192,256,1024,952,1339.04,1423.08,1358.02,0.2258
mixed,64,58,0.9062,4.0,64,8192,512,2048,1904,1953.09,2124.84,1991.65,0.2245
mixed,64,58,0.9062,4.0,64,8192,1024,4096,3808,4283.5,4628.3,4161.9,-0.3527
mixed,64,58,0.9062,4.0,64,8192,2048,8192,7616,8639.33,9298.12,8729.82,0.1374
mixed,64,58,0.9062,4.0,64,8192,4096,16384,15232,18709.6,21427.5,24029.1,1.9572
mixed,64,58,0.9062,4.0,128,0,128,512,476,486.177,563.555,535.04,0.6315
mixed,64,58,0.9062,4.0,128,0,256,1024,952,860.354,948.13,888.482,0.3205
mixed,64,58,0.9062,4.0,128,0,512,2048,1904,1510.53,1683.37,1591.05,0.4658
mixed,64,58,0.9062,4.0,128,0,1024,4096,3808,3909.64,4355.83,3950.39,0.0913
mixed,64,58,0.9062,4.0,128,0,2048,8192,7616,8127.52,8748.23,8337.4,0.3381
mixed,64,58,0.9062,4.0,128,0,4096,16384,15232,16257.1,17638.5,25389.2,6.611
mixed,64,58,0.9062,4.0,128,512,128,512,476,496.514,574.944,549.026,0.6695
mixed,64,58,0.9062,4.0,128,512,256,1024,952,867.682,956.994,895.843,0.3153
mixed,64,58,0.9062,4.0,128,512,512,2048,1904,1539.17,1712.65,1601.73,0.3606
mixed,64,58,0.9062,4.0,128,512,1024,4096,3808,3948.14,4360.08,3958.6,0.0254
mixed,64,58,0.9062,4.0,128,512,2048,8192,7616,8134.01,8759.55,8398.37,0.4226
mixed,64,58,0.9062,4.0,128,512,4096,16384,15232,16313,17661.4,25285.1,6.6538
mixed,64,58,0.9062,4.0,128,1024,128,512,476,535.939,601.347,576.097,0.614
mixed,64,58,0.9062,4.0,128,1024,256,1024,952,884.42,974.628,907.875,0.26
mixed,64,58,0.9062,4.0,128,1024,512,2048,1904,1558.15,1741.67,1613.48,0.3015
mixed,64,58,0.9062,4.0,128,1024,1024,4096,3808,3927.69,4356.59,3938.6,0.0254
mixed,64,58,0.9062,4.0,128,1024,2048,8192,7616,8138.37,8758.14,8437.31,0.4823
mixed,64,58,0.9062,4.0,128,1024,4096,16384,15232,16248.1,17486.2,25263.3,7.2813
mixed,64,58,0.9062,4.0,128,2048,128,512,476,621.475,690.018,658.754,0.5439
mixed,64,58,0.9062,4.0,128,2048,256,1024,952,959.971,1037.32,978.852,0.2441
mixed,64,58,0.9062,4.0,128,2048,512,2048,1904,1588.84,1767.21,1641.86,0.2973
mixed,64,58,0.9062,4.0,128,2048,1024,4096,3808,3850.86,4274.06,3956.49,0.2496
mixed,64,58,0.9062,4.0,128,2048,2048,8192,7616,8184.03,8838.98,9097.86,1.3953
mixed,64,58,0.9062,4.0,128,2048,4096,16384,15232,16457.6,17734,25453.4,7.0478
mixed,64,58,0.9062,4.0,128,4096,128,512,476,769.091,844.867,811.076,0.5541
mixed,64,58,0.9062,4.0,128,4096,256,1024,952,1114.66,1196.45,1133.35,0.2285
mixed,64,58,0.9062,4.0,128,4096,512,2048,1904,1724.26,1893.89,1770.85,0.2747
mixed,64,58,0.9062,4.0,128,4096,1024,4096,3808,4163.85,4556.65,4074.73,-0.2269
mixed,64,58,0.9062,4.0,128,4096,2048,8192,7616,8898.62,9726.89,9719.84,0.9915
mixed,64,58,0.9062,4.0,128,4096,4096,16384,15232,21304.4,22723.4,25207.4,2.7504
mixed,64,58,0.9062,4.0,128,8192,128,512,476,1041.92,1132.96,1095.52,0.5888
mixed,64,58,0.9062,4.0,128,8192,256,1024,952,1418.5,1504.65,1438.4,0.231
mixed,64,58,0.9062,4.0,128,8192,512,2048,1904,2040.3,2201.61,2080.58,0.2498
mixed,64,58,0.9062,4.0,128,8192,1024,4096,3808,4436.98,4798.93,4248.3,-0.5213
mixed,64,58,0.9062,4.0,128,8192,2048,8192,7616,8516.22,9137.32,8868.93,0.5679
mixed,64,58,0.9062,4.0,128,8192,4096,16384,15232,20719.3,22616.2,24198.6,1.8342
mixed,64,58,0.9062,4.0,256,0,128,512,476,514.242,592.257,563.266,0.6284
mixed,64,58,0.9062,4.0,256,0,256,1024,952,891.747,978.659,921.665,0.3442
mixed,64,58,0.9062,4.0,256,0,512,2048,1904,1556.52,1727.59,1625.93,0.4057
mixed,64,58,0.9062,4.0,256,0,1024,4096,3808,3954.19,4370.83,3977.23,0.0553
mixed,64,58,0.9062,4.0,256,0,2048,8192,7616,8154.81,8753.83,8365.7,0.3521
mixed,64,58,0.9062,4.0,256,0,4096,16384,15232,16358.3,17701.5,25518.7,6.8198
mixed,64,58,0.9062,4.0,256,512,128,512,476,538.659,611.714,584.003,0.6207
mixed,64,58,0.9062,4.0,256,512,256,1024,952,908.578,998.275,939.777,0.3478
mixed,64,58,0.9062,4.0,256,512,512,2048,1904,1581.29,1761.7,1643.62,0.3455
mixed,64,58,0.9062,4.0,256,512,1024,4096,3808,3946.28,4344.82,3974.67,0.0712
mixed,64,58,0.9062,4.0,256,512,2048,8192,7616,8157.79,8782.08,8422.49,0.424
mixed,64,58,0.9062,4.0,256,512,4096,16384,15232,16360.7,17592.6,25322.1,7.2744
mixed,64,58,0.9062,4.0,256,1024,128,512,476,592.353,662.37,632.771,0.5773
mixed,64,58,0.9062,4.0,256,1024,256,1024,952,933.345,1023.46,965.955,0.3619
mixed,64,58,0.9062,4.0,256,1024,512,2048,1904,1608.04,1790.92,1665.26,0.3129
mixed,64,58,0.9062,4.0,256,1024,1024,4096,3808,3941.71,4374.22,4006.89,0.1507
mixed,64,58,0.9062,4.0,256,1024,2048,8192,7616,8176.61,8798.97,8744.35,0.9122
mixed,64,58,0.9062,4.0,256,1024,4096,16384,15232,16436.5,17544.2,25608,8.2796
mixed,64,58,0.9062,4.0,256,2048,128,512,476,688.131,760.386,731.586,0.6014
mixed,64,58,0.9062,4.0,256,2048,256,1024,952,1027.3,1107.65,1050.24,0.2856
mixed,64,58,0.9062,4.0,256,2048,512,2048,1904,1646.12,1827.68,1707.21,0.3365
mixed,64,58,0.9062,4.0,256,2048,1024,4096,3808,3972.78,4407.02,3839.66,-0.3066
mixed,64,58,0.9062,4.0,256,2048,2048,8192,7616,8348.38,8990.66,10449.8,3.2719
mixed,64,58,0.9062,4.0,256,2048,4096,16384,15232,17084.9,18518.1,25697,6.0089
mixed,64,58,0.9062,4.0,256,4096,128,512,476,879.683,948.548,915.843,0.5251
mixed,64,58,0.9062,4.0,256,4096,256,1024,952,1220.96,1303.94,1246.53,0.3081
mixed,64,58,0.9062,4.0,256,4096,512,2048,1904,1829.54,1998.34,1889.73,0.3566
mixed,64,58,0.9062,4.0,256,4096,1024,4096,3808,4174.83,4537.81,4145.45,-0.0809
mixed,64,58,0.9062,4.0,256,4096,2048,8192,7616,9269.18,10489.7,9097.35,-0.1408
mixed,64,58,0.9062,4.0,256,4096,4096,16384,15232,24453.3,27434.9,28309.6,1.2934
mixed,64,58,0.9062,4.0,256,8192,128,512,476,1230.98,1306.6,1272.52,0.5493
mixed,64,58,0.9062,4.0,256,8192,256,1024,952,1590.88,1687.01,1620.2,0.3049
mixed,64,58,0.9062,4.0,256,8192,512,2048,1904,2223.08,2391.17,2281.35,0.3467
mixed,64,58,0.9062,4.0,256,8192,1024,4096,3808,4380.85,4789.04,4398.01,0.042
mixed,64,58,0.9062,4.0,256,8192,2048,8192,7616,8572.06,9232.22,8538.75,-0.0505
mixed,64,58,0.9062,4.0,256,8192,4096,16384,15232,22911.9,26879.7,27330.5,1.1136
mixed,64,58,0.9062,4.0,512,0,128,512,476,583.908,664.098,634.819,0.6349
mixed,64,58,0.9062,4.0,512,0,256,1024,952,959.236,1047.81,991.171,0.3605
mixed,64,58,0.9062,4.0,512,0,512,2048,1904,1633.77,1806.76,1695.31,0.3557
mixed,64,58,0.9062,4.0,512,0,1024,4096,3808,3981.74,4386.6,4012.15,0.0751
mixed,64,58,0.9062,4.0,512,0,2048,8192,7616,8185.47,8805.61,8508.28,0.5206
mixed,64,58,0.9062,4.0,512,0,4096,16384,15232,16638.6,17635.4,25196.5,8.5852
mixed,64,58,0.9062,4.0,512,512,128,512,476,642.178,712.259,686.242,0.6288
mixed,64,58,0.9062,4.0,512,512,256,1024,952,1003.62,1093.35,1038.24,0.3859
mixed,64,58,0.9062,4.0,512,512,512,2048,1904,1678.66,1858.98,1735.43,0.3148
mixed,64,58,0.9062,4.0,512,512,1024,4096,3808,3977.68,4410.48,4054,0.1763
mixed,64,58,0.9062,4.0,512,512,2048,8192,7616,8190.59,8819.65,8969.82,1.2387
mixed,64,58,0.9062,4.0,512,512,4096,16384,15232,16318.4,17556.3,25330.2,7.2798
mixed,64,58,0.9062,4.0,512,1024,128,512,476,712.8,780.704,756.482,0.6433
mixed,64,58,0.9062,4.0,512,1024,256,1024,952,1058.08,1141.25,1076.61,0.2228
mixed,64,58,0.9062,4.0,512,1024,512,2048,1904,1713.61,1893.7,1778.86,0.3623
mixed,64,58,0.9062,4.0,512,1024,1024,4096,3808,3958.58,4406.25,4008.49,0.1115
mixed,64,58,0.9062,4.0,512,1024,2048,8192,7616,8217.31,8829.83,9316.03,1.7938
mixed,64,58,0.9062,4.0,512,1024,4096,16384,15232,16488.5,17696.5,25340.3,7.3276
mixed,64,58,0.9062,4.0,512,2048,128,512,476,842.563,908.931,889.283,0.704
mixed,64,58,0.9062,4.0,512,2048,256,1024,952,1192.61,1271.24,1210.91,0.2328
mixed,64,58,0.9062,4.0,512,2048,512,2048,1904,1812.96,1999.24,1866.21,0.2859
mixed,64,58,0.9062,4.0,512,2048,1024,4096,3808,3918.48,4359.15,4053.46,0.3063
mixed,64,58,0.9062,4.0,512,2048,2048,8192,7616,9037.09,9721.67,10752.3,2.5055
mixed,64,58,0.9062,4.0,512,2048,4096,16384,15232,18437.4,19735,25790,5.6664
mixed,64,58,0.9062,4.0,512,4096,128,512,476,1093.41,1166.18,1148.42,0.7559
mixed,64,58,0.9062,4.0,512,4096,256,1024,952,1453.67,1537.89,1484.71,0.3685
mixed,64,58,0.9062,4.0,512,4096,512,2048,1904,2080.71,2249.35,2129.16,0.2873
mixed,64,58,0.9062,4.0,512,4096,1024,4096,3808,4367.82,4839.96,4267.05,-0.2134
mixed,64,58,0.9062,4.0,512,4096,2048,8192,7616,10971.9,12260.5,10627.2,-0.2674
mixed,64,58,0.9062,4.0,512,4096,4096,16384,15232,27964.3,30401.8,28986.1,0.4192
mixed,64,58,0.9062,4.0,512,8192,128,512,476,1574.21,1662.21,1638.53,0.7309
mixed,64,58,0.9062,4.0,512,8192,256,1024,952,1958.92,2048.94,1996.84,0.4212
mixed,64,58,0.9062,4.0,512,8192,512,2048,1904,2597.74,2767.82,2673.48,0.4453
mixed,64,58,0.9062,4.0,512,8192,1024,4096,3808,4762.26,5141.62,4637.68,-0.3284
mixed,64,58,0.9062,4.0,512,8192,2048,8192,7616,9061.64,9734.27,8950.69,-0.1649
mixed,64,58,0.9062,4.0,512,8192,4096,16384,15232,27629.3,30134,27771.2,0.0566
mixed,64,58,0.9062,4.0,1024,0,128,512,476,770.817,839.908,810.464,0.5738
mixed,64,58,0.9062,4.0,1024,0,256,1024,952,1136.26,1226.02,1168.16,0.3554
mixed,64,58,0.9062,4.0,1024,0,512,2048,1904,1808.13,1986.05,1867.18,0.3319
mixed,64,58,0.9062,4.0,1024,0,1024,4096,3808,4014.09,4486.45,4078.74,0.1368
mixed,64,58,0.9062,4.0,1024,0,2048,8192,7616,8261.95,8869.12,9361.89,1.8116
mixed,64,58,0.9062,4.0,1024,0,4096,16384,15232,16366.2,17711.9,25059.2,6.4597
mixed,64,58,0.9062,4.0,1024,512,128,512,476,882.244,949.893,923.265,0.6064
mixed,64,58,0.9062,4.0,1024,512,256,1024,952,1214.02,1306.91,1249.44,0.3813
mixed,64,58,0.9062,4.0,1024,512,512,2048,1904,1889.13,2067.59,1958.06,0.3862
mixed,64,58,0.9062,4.0,1024,512,1024,4096,3808,4168.94,4634.32,3961.42,-0.4459
mixed,64,58,0.9062,4.0,1024,512,2048,8192,7616,8306.85,8949.79,11053.3,4.2717
mixed,64,58,0.9062,4.0,1024,512,4096,16384,15232,16585.6,17856.5,25031.8,6.6462
mixed,64,58,0.9062,4.0,1024,1024,128,512,476,989.443,1055.3,1032.26,0.6502
mixed,64,58,0.9062,4.0,1024,1024,256,1024,952,1326.47,1407.21,1356.32,0.3698
mixed,64,58,0.9062,4.0,1024,1024,512,2048,1904,1971.94,2148.11,2032.84,0.3457
mixed,64,58,0.9062,4.0,1024,1024,1024,4096,3808,4023.54,4459.16,4048.88,0.0582
mixed,64,58,0.9062,4.0,1024,1024,2048,8192,7616,9067.27,9696.74,10335.4,2.0146
mixed,64,58,0.9062,4.0,1024,1024,4096,16384,15232,18097.9,19154,24969.1,6.506
mixed,64,58,0.9062,4.0,1024,2048,128,512,476,1190.53,1266.63,1235.27,0.5879
mixed,64,58,0.9062,4.0,1024,2048,256,1024,952,1545.64,1630.02,1571.33,0.3045
mixed,64,58,0.9062,4.0,1024,2048,512,2048,1904,2152.52,2309.16,2214.69,0.3969
mixed,64,58,0.9062,4.0,1024,2048,1024,4096,3808,4077.04,4634.45,4101.84,0.0445
mixed,64,58,0.9062,4.0,1024,2048,2048,8192,7616,10559.6,11454.1,11144.7,0.6542
mixed,64,58,0.9062,4.0,1024,2048,4096,16384,15232,22289.4,24527.7,25664.2,1.5078
mixed,64,58,0.9062,4.0,1024,4096,128,512,476,1600.68,1678.76,1649.19,0.6213
mixed,64,58,0.9062,4.0,1024,4096,256,1024,952,1965.54,2050.76,1997.09,0.3702
mixed,64,58,0.9062,4.0,1024,4096,512,2048,1904,2594.41,2764.81,2629.71,0.2072
mixed,64,58,0.9062,4.0,1024,4096,1024,4096,3808,4507.98,4976.37,4534.64,0.0569
mixed,64,58,0.9062,4.0,1024,4096,2048,8192,7616,13311.7,14509.7,12746.5,-0.4717
mixed,64,58,0.9062,4.0,1024,4096,4096,16384,15232,30306.2,32682,30334.1,0.0117
mixed,64,58,0.9062,4.0,1024,8192,128,512,476,2398.7,2479.78,2457.58,0.7261
mixed,64,58,0.9062,4.0,1024,8192,256,1024,952,2781.26,2862.12,2808.36,0.3352
mixed,64,58,0.9062,4.0,1024,8192,512,2048,1904,3433.32,3601.33,3479.95,0.2775
mixed,64,58,0.9062,4.0,1024,8192,1024,4096,3808,4736.82,5018.45,4965.9,0.8134
mixed,64,58,0.9062,4.0,1024,8192,2048,8192,7616,9376.07,10065.4,10009.4,0.9188
mixed,64,58,0.9062,4.0,1024,8192,4096,16384,15232,29613.2,32231.8,30477.7,0.3302
mixed,64,58,0.9062,4.0,2048,0,128,512,476,1285.86,1356.71,1335.14,0.6956
mixed,64,58,0.9062,4.0,2048,0,256,1024,952,1630.57,1710.28,1659.72,0.3657
mixed,64,58,0.9062,4.0,2048,0,512,2048,1904,2277.9,2444.78,2340.68,0.3762
mixed,64,58,0.9062,4.0,2048,0,1024,4096,3808,4084.81,4695.34,4186.8,0.167
mixed,64,58,0.9062,4.0,2048,0,2048,8192,7616,9627.65,10300.6,10027.3,0.5939
mixed,64,58,0.9062,4.0,2048,0,4096,16384,15232,19178.5,20808.1,24401.2,3.205
mixed,64,58,0.9062,4.0,2048,512,128,512,476,1473.44,1544.84,1520.42,0.658
mixed,64,58,0.9062,4.0,2048,512,256,1024,952,1820.77,1903.11,1849.89,0.3537
mixed,64,58,0.9062,4.0,2048,512,512,2048,1904,2442.25,2611.78,2502.99,0.3583
mixed,64,58,0.9062,4.0,2048,512,1024,4096,3808,4136.81,4618.77,4209.49,0.1508
mixed,64,58,0.9062,4.0,2048,512,2048,8192,7616,10595.5,11513.6,11173,0.629
mixed,64,58,0.9062,4.0,2048,512,4096,16384,15232,22857.3,24669.2,23914.3,0.5834
mixed,64,58,0.9062,4.0,2048,1024,128,512,476,1660.39,1731.62,1707.43,0.6604
mixed,64,58,0.9062,4.0,2048,1024,256,1024,952,2009.38,2085.19,2041.29,0.4208
mixed,64,58,0.9062,4.0,2048,1024,512,2048,1904,2612.2,2780.46,2666.73,0.3241
mixed,64,58,0.9062,4.0,2048,1024,1024,4096,3808,4165.55,4792.72,4270.45,0.1673
mixed,64,58,0.9062,4.0,2048,1024,2048,8192,7616,10648.4,11707.9,11043.8,0.3732
mixed,64,58,0.9062,4.0,2048,1024,4096,16384,15232,24202.4,26441.2,24665.1,0.2067
mixed,64,58,0.9062,4.0,2048,2048,128,512,476,2029.9,2102.44,2079.62,0.6855
mixed,64,58,0.9062,4.0,2048,2048,256,1024,952,2383.34,2465.16,2410.64,0.3336
mixed,64,58,0.9062,4.0,2048,2048,512,2048,1904,2988.46,3139.44,3041.8,0.3533
mixed,64,58,0.9062,4.0,2048,2048,1024,4096,3808,4328.79,4632.14,4424.3,0.3149
mixed,64,58,0.9062,4.0,2048,2048,2048,8192,7616,13384.8,15874.9,12329.7,-0.4237
mixed,64,58,0.9062,4.0,2048,2048,4096,16384,15232,29016.7,31872.5,30513.6,0.5242
mixed,64,58,0.9062,4.0,2048,4096,128,512,476,2757.7,2830.82,2811.08,0.73
mixed,64,58,0.9062,4.0,2048,4096,256,1024,952,3104.52,3180.97,3136.04,0.4123
mixed,64,58,0.9062,4.0,2048,4096,512,2048,1904,3722.51,3880.72,3780.04,0.3637
mixed,64,58,0.9062,4.0,2048,4096,1024,4096,3808,5099.44,5657.27,5071.47,-0.0501
mixed,64,58,0.9062,4.0,2048,4096,2048,8192,7616,13649,16249.8,15399.4,0.673
mixed,64,58,0.9062,4.0,2048,4096,4096,16384,15232,30796,33055.9,30866,0.031
mixed,64,58,0.9062,4.0,2048,8192,128,512,476,4200.91,4278.73,4251.56,0.6509
mixed,64,58,0.9062,4.0,2048,8192,256,1024,952,4558.03,4642.64,4596.88,0.4591
mixed,64,58,0.9062,4.0,2048,8192,512,2048,1904,5213.52,5379.79,5275.21,0.371
mixed,64,58,0.9062,4.0,2048,8192,1024,4096,3808,6666.45,7053.53,6700.18,0.0871
mixed,64,58,0.9062,4.0,2048,8192,2048,8192,7616,10908.8,11634.6,10284.6,-0.8601
mixed,64,58,0.9062,4.0,2048,8192,4096,16384,15232,29730.9,32725.1,30852.2,0.3745
pure,128,1,0.0078,4.0,0,0,128,512,131,229.505,686.084,238.37,0.0194
pure,128,1,0.0078,4.0,0,0,256,1024,262,413.92,1211.94,440.097,0.0328
pure,128,1,0.0078,4.0,0,0,512,2048,524,700.224,2268.94,755.811,0.0354
pure,128,1,0.0078,4.0,0,0,1024,4096,1048,1236.61,4382.73,1357.22,0.0383
pure,128,1,0.0078,4.0,0,0,2048,8192,2096,2318.63,8562.59,2543.53,0.036
pure,128,1,0.0078,4.0,0,0,4096,16384,4192,4478.61,16953.1,4932.53,0.0364
mixed,128,1,0.0078,4.0,16,0,128,512,131,497.122,1167.91,501.38,0.0063
mixed,128,1,0.0078,4.0,16,0,256,1024,262,729.986,2013.41,752.516,0.0176
mixed,128,1,0.0078,4.0,16,0,512,2048,524,1176.93,4625.62,1235.91,0.0171
mixed,128,1,0.0078,4.0,16,0,1024,4096,1048,2026.89,12894.5,2170.32,0.0132
mixed,128,1,0.0078,4.0,16,0,2048,8192,2096,4786.1,25891.7,4956.91,0.0081
mixed,128,1,0.0078,4.0,16,0,4096,16384,4192,13196,64255.9,14003,0.0158
mixed,128,1,0.0078,4.0,16,512,128,512,131,512.897,1175.52,508.546,-0.0066
mixed,128,1,0.0078,4.0,16,512,256,1024,262,740.866,2020.2,763.139,0.0174
mixed,128,1,0.0078,4.0,16,512,512,2048,524,1183.46,4617.62,1243.46,0.0175
mixed,128,1,0.0078,4.0,16,512,1024,4096,1048,2030.41,12925.1,2176.33,0.0134
mixed,128,1,0.0078,4.0,16,512,2048,8192,2096,4781.23,26030.8,4940.21,0.0075
mixed,128,1,0.0078,4.0,16,512,4096,16384,4192,13209,63859.8,14020.1,0.016
mixed,128,1,0.0078,4.0,16,1024,128,512,131,547.938,1183.3,544.163,-0.0059
mixed,128,1,0.0078,4.0,16,1024,256,1024,262,770.53,2031.08,769.57,-0.0008
mixed,128,1,0.0078,4.0,16,1024,512,2048,524,1189.45,4588.24,1247.08,0.017
mixed,128,1,0.0078,4.0,16,1024,1024,4096,1048,2042.86,12937.6,2171.4,0.0118
mixed,128,1,0.0078,4.0,16,1024,2048,8192,2096,4796.24,26023.6,4911.8,0.0054
mixed,128,1,0.0078,4.0,16,1024,4096,16384,4192,13225.5,63721.9,13997.8,0.0153
mixed,128,1,0.0078,4.0,16,2048,128,512,131,618.435,1240.16,611.843,-0.0106
mixed,128,1,0.0078,4.0,16,2048,256,1024,262,835.748,2049.13,829.058,-0.0055
mixed,128,1,0.0078,4.0,16,2048,512,2048,524,1251.59,4646.67,1256.55,0.0015
mixed,128,1,0.0078,4.0,16,2048,1024,4096,1048,2062.41,12987.7,2187.21,0.0114
mixed,128,1,0.0078,4.0,16,2048,2048,8192,2096,4834.52,26446.1,5017.52,0.0085
mixed,128,1,0.0078,4.0,16,2048,4096,16384,4192,13338.4,64237.1,13992.4,0.0128
mixed,128,1,0.0078,4.0,16,4096,128,512,131,753.826,1387.68,754.114,0.0005
mixed,128,1,0.0078,4.0,16,4096,256,1024,262,973.123,2180.71,964.163,-0.0074
mixed,128,1,0.0078,4.0,16,4096,512,2048,524,1398.66,4673.3,1392.29,-0.0019
mixed,128,1,0.0078,4.0,16,4096,1024,4096,1048,2196.11,13025.7,2211.88,0.0015
mixed,128,1,0.0078,4.0,16,4096,2048,8192,2096,4907.47,27682.3,5021.3,0.005
mixed,128,1,0.0078,4.0,16,4096,4096,16384,4192,13315.1,65189.7,13981.2,0.0128
mixed,128,1,0.0078,4.0,16,8192,128,512,131,1014.95,1666.66,1010.76,-0.0064
mixed,128,1,0.0078,4.0,16,8192,256,1024,262,1262.12,2478.12,1258.72,-0.0028
mixed,128,1,0.0078,4.0,16,8192,512,2048,524,1670.89,5041.97,1696.1,0.0075
mixed,128,1,0.0078,4.0,16,8192,1024,4096,1048,2484.65,13403.5,2461.13,-0.0022
mixed,128,1,0.0078,4.0,16,8192,2048,8192,2096,5248.82,26096.1,5214.93,-0.0016
mixed,128,1,0.0078,4.0,16,8192,4096,16384,4192,13704.6,65391.7,14216,0.0099
mixed,128,1,0.0078,4.0,32,0,128,512,131,497.76,1169.48,501.729,0.0059
mixed,128,1,0.0078,4.0,32,0,256,1024,262,728.483,2015.53,756.386,0.0217
mixed,128,1,0.0078,4.0,32,0,512,2048,524,1177.51,4639.73,1240.58,0.0182
mixed,128,1,0.0078,4.0,32,0,1024,4096,1048,2032.1,12897.6,2170.44,0.0127
mixed,128,1,0.0078,4.0,32,0,2048,8192,2096,4786.77,25751.3,4957.52,0.0081
mixed,128,1,0.0078,4.0,32,0,4096,16384,4192,13195.2,64772.4,13988.4,0.0154
mixed,128,1,0.0078,4.0,32,512,128,512,131,514.307,1180.36,512.801,-0.0023
mixed,128,1,0.0078,4.0,32,512,256,1024,262,744.896,2024.23,766.979,0.0173
mixed,128,1,0.0078,4.0,32,512,512,2048,524,1186.88,4640.91,1242.24,0.016
mixed,128,1,0.0078,4.0,32,512,1024,4096,1048,2037.51,12918.7,2176.62,0.0128
mixed,128,1,0.0078,4.0,32,512,2048,8192,2096,4756.53,25864.7,4972.31,0.0102
mixed,128,1,0.0078,4.0,32,512,4096,16384,4192,13199.9,62776,14026.9,0.0167
mixed,128,1,0.0078,4.0,32,1024,128,512,131,547.395,1180.96,542.05,-0.0084
mixed,128,1,0.0078,4.0,32,1024,256,1024,262,769.475,2029.96,766.115,-0.0027
mixed,128,1,0.0078,4.0,32,1024,512,2048,524,1188.9,4601.62,1247.24,0.0171
mixed,128,1,0.0078,4.0,32,1024,1024,4096,1048,2042.95,12925.2,2183.81,0.0129
mixed,128,1,0.0078,4.0,32,1024,2048,8192,2096,4777.46,25934.3,4940.31,0.0077
mixed,128,1,0.0078,4.0,32,1024,4096,16384,4192,13221.2,64445.6,14021.6,0.0156
mixed,128,1,0.0078,4.0,32,2048,128,512,131,611.682,1241.48,612.867,0.0019
mixed,128,1,0.0078,4.0,32,2048,256,1024,262,842.146,2051.56,830.659,-0.0095
mixed,128,1,0.0078,4.0,32,2048,512,2048,524,1253.64,4641.71,1259.97,0.0019
mixed,128,1,0.0078,4.0,32,2048,1024,4096,1048,2072.52,13034.5,2191.5,0.0109
mixed,128,1,0.0078,4.0,32,2048,2048,8192,2096,4850.1,26401.1,5001.3,0.007
mixed,128,1,0.0078,4.0,32,2048,4096,16384,4192,13329.4,64579.2,14108.5,0.0152
mixed,128,1,0.0078,4.0,32,4096,128,512,131,755.842,1377.38,746.755,-0.0146
mixed,128,1,0.0078,4.0,32,4096,256,1024,262,970.947,2180.07,958.915,-0.01
mixed,128,1,0.0078,4.0,32,4096,512,2048,524,1393.35,4681.1,1384.01,-0.0028
mixed,128,1,0.0078,4.0,32,4096,1024,4096,1048,2196.97,13021.7,2213.77,0.0016
mixed,128,1,0.0078,4.0,32,4096,2048,8192,2096,4897.74,27803.2,5010,0.0049
mixed,128,1,0.0078,4.0,32,4096,4096,16384,4192,13307.2,65257.3,13987.9,0.0131
mixed,128,1,0.0078,4.0,32,8192,128,512,131,1011.94,1665.09,1011.24,-0.0011
mixed,128,1,0.0078,4.0,32,8192,256,1024,262,1260.52,2479.3,1255.01,-0.0045
mixed,128,1,0.0078,4.0,32,8192,512,2048,524,1698.5,4992.4,1713.41,0.0045
mixed,128,1,0.0078,4.0,32,8192,1024,4096,1048,2495.62,13432.9,2463.59,-0.0029
mixed,128,1,0.0078,4.0,32,8192,2048,8192,2096,5189.97,26048,5169.08,-0.001
mixed,128,1,0.0078,4.0,32,8192,4096,16384,4192,13720.1,64535.1,14246,0.0103
mixed,128,1,0.0078,4.0,64,0,128,512,131,498.755,1168.93,500.77,0.003
mixed,128,1,0.0078,4.0,64,0,256,1024,262,729.411,2021.1,756.452,0.0209
mixed,128,1,0.0078,4.0,64,0,512,2048,524,1180.45,4646.9,1235.43,0.0159
mixed,128,1,0.0078,4.0,64,0,1024,4096,1048,2026.54,12901.7,2170.92,0.0133
mixed,128,1,0.0078,4.0,64,0,2048,8192,2096,4788.82,25843.8,4961.71,0.0082
mixed,128,1,0.0078,4.0,64,0,4096,16384,4192,13201.4,64988,13975.8,0.015
mixed,128,1,0.0078,4.0,64,512,128,512,131,515.139,1179.3,510.786,-0.0066
mixed,128,1,0.0078,4.0,64,512,256,1024,262,741.442,2023.46,765.538,0.0188
mixed,128,1,0.0078,4.0,64,512,512,2048,524,1190.24,4657.43,1245.92,0.0161
mixed,128,1,0.0078,4.0,64,512,1024,4096,1048,2032.49,12930.5,2166.92,0.0123
mixed,128,1,0.0078,4.0,64,512,2048,8192,2096,4756.28,25878.3,4889.36,0.0063
mixed,128,1,0.0078,4.0,64,512,4096,16384,4192,13211,64368.2,14009.7,0.0156
mixed,128,1,0.0078,4.0,64,1024,128,512,131,552.514,1183.52,547.908,-0.0073
mixed,128,1,0.0078,4.0,64,1024,256,1024,262,775.843,2037.54,770.754,-0.004
mixed,128,1,0.0078,4.0,64,1024,512,2048,524,1195.2,4602.26,1247.56,0.0154
mixed,128,1,0.0078,4.0,64,1024,1024,4096,1048,2045.86,12943.5,2175.46,0.0119
mixed,128,1,0.0078,4.0,64,1024,2048,8192,2096,4791.54,25958.7,4928.85,0.0065
mixed,128,1,0.0078,4.0,64,1024,4096,16384,4192,13236.4,65080.8,14056.9,0.0158
mixed,128,1,0.0078,4.0,64,2048,128,512,131,619.971,1246.56,613.251,-0.0107
mixed,128,1,0.0078,4.0,64,2048,256,1024,262,841.924,2053.99,832.899,-0.0074
mixed,128,1,0.0078,4.0,64,2048,512,2048,524,1256.77,4673.97,1257.19,0.0001
mixed,128,1,0.0078,4.0,64,2048,1024,4096,1048,2074.85,13020.1,2184.68,0.01
mixed,128,1,0.0078,4.0,64,2048,2048,8192,2096,4820.95,26820.3,5014.52,0.0088
mixed,128,1,0.0078,4.0,64,2048,4096,16384,4192,13363.5,65139.3,14108.5,0.0144
mixed,128,1,0.0078,4.0,64,4096,128,512,131,754.66,1386.15,754.211,-0.0007
mixed,128,1,0.0078,4.0,64,4096,256,1024,262,973.059,2188.45,963.619,-0.0078
mixed,128,1,0.0078,4.0,64,4096,512,2048,524,1396.71,4671.03,1393.93,-0.0008
mixed,128,1,0.0078,4.0,64,4096,1024,4096,1048,2203.43,13024.9,2217,0.0013
mixed,128,1,0.0078,4.0,64,4096,2048,8192,2096,4852.15,27390.1,5048.4,0.0087
mixed,128,1,0.0078,4.0,64,4096,4096,16384,4192,13324.7,65177,13958.7,0.0122
mixed,128,1,0.0078,4.0,64,8192,128,512,131,1014.88,1676.16,1008.68,-0.0094
mixed,128,1,0.0078,4.0,64,8192,256,1024,262,1261.83,2483.62,1260.81,-0.0008
mixed,128,1,0.0078,4.0,64,8192,512,2048,524,1683.59,5027.41,1710.5,0.008
mixed,128,1,0.0078,4.0,64,8192,1024,4096,1048,2495.56,13435,2464.04,-0.0029
mixed,128,1,0.0078,4.0,64,8192,2048,8192,2096,5162.86,26335.9,5113.59,-0.0023
mixed,128,1,0.0078,4.0,64,8192,4096,16384,4192,13723.7,65391.2,14204.5,0.0093
mixed,128,1,0.0078,4.0,128,0,128,512,131,524.13,1198.56,522.626,-0.0022
mixed,128,1,0.0078,4.0,128,0,256,1024,262,752.197,2041.22,775.01,0.0177
mixed,128,1,0.0078,4.0,128,0,512,2048,524,1202.47,4690.13,1263.65,0.0175
mixed,128,1,0.0078,4.0,128,0,1024,4096,1048,2052.52,12909.1,2196.23,0.0132
mixed,128,1,0.0078,4.0,128,0,2048,8192,2096,4820.62,25793.7,5012.34,0.0091
mixed,128,1,0.0078,4.0,128,0,4096,16384,4192,13211.5,64432.3,14002.7,0.0154
mixed,128,1,0.0078,4.0,128,512,128,512,131,543.552,1207.62,541.476,-0.0031
mixed,128,1,0.0078,4.0,128,512,256,1024,262,769.123,2053.35,786.946,0.0139
mixed,128,1,0.0078,4.0,128,512,512,2048,524,1217.89,4659.92,1274.53,0.0165
mixed,128,1,0.0078,4.0,128,512,1024,4096,1048,2065.16,12933.9,2195.59,0.012
mixed,128,1,0.0078,4.0,128,512,2048,8192,2096,4786.19,25969.6,4918.8,0.0063
mixed,128,1,0.0078,4.0,128,512,4096,16384,4192,13211.2,65022.8,14038.4,0.016
mixed,128,1,0.0078,4.0,128,1024,128,512,131,581.283,1219.24,578.752,-0.004
mixed,128,1,0.0078,4.0,128,1024,256,1024,262,799.363,2065.61,796.996,-0.0019
mixed,128,1,0.0078,4.0,128,1024,512,2048,524,1227.37,4614.7,1288.1,0.0179
mixed,128,1,0.0078,4.0,128,1024,1024,4096,1048,2080.52,12946.8,2218.31,0.0127
mixed,128,1,0.0078,4.0,128,1024,2048,8192,2096,4798.32,25952.6,4949.94,0.0072
mixed,128,1,0.0078,4.0,128,1024,4096,16384,4192,13238.3,64617.1,14104.7,0.0169
mixed,128,1,0.0078,4.0,128,2048,128,512,131,662.306,1287.01,662.276,-0.0
mixed,128,1,0.0078,4.0,128,2048,256,1024,262,872.354,2092.65,877.251,0.004
mixed,128,1,0.0078,4.0,128,2048,512,2048,524,1299.4,4658.99,1296.71,-0.0008
mixed,128,1,0.0078,4.0,128,2048,1024,4096,1048,2101.45,13106.4,2233.2,0.012
mixed,128,1,0.0078,4.0,128,2048,2048,8192,2096,4830.26,28619,5040.11,0.0088
mixed,128,1,0.0078,4.0,128,2048,4096,16384,4192,13529.1,64605.4,14141.1,0.012
mixed,128,1,0.0078,4.0,128,4096,128,512,131,824.26,1431.85,824.357,0.0002
mixed,128,1,0.0078,4.0,128,4096,256,1024,262,1061.76,2240.33,1074.21,0.0106
mixed,128,1,0.0078,4.0,128,4096,512,2048,524,1440.81,4717.46,1483.62,0.0131
mixed,128,1,0.0078,4.0,128,4096,1024,4096,1048,2255.53,13270.5,2246.28,-0.0008
mixed,128,1,0.0078,4.0,128,4096,2048,8192,2096,4897.59,31953.7,5084.88,0.0069
mixed,128,1,0.0078,4.0,128,4096,4096,16384,4192,13565.6,65304.7,14133.1,0.011
mixed,128,1,0.0078,4.0,128,8192,128,512,131,1101.47,1806.79,1097.64,-0.0054
mixed,128,1,0.0078,4.0,128,8192,256,1024,262,1355.08,2507.75,1362.21,0.0062
mixed,128,1,0.0078,4.0,128,8192,512,2048,524,1814.13,5099.79,1821.96,0.0024
mixed,128,1,0.0078,4.0,128,8192,1024,4096,1048,2518.86,13349.7,2659.15,0.013
mixed,128,1,0.0078,4.0,128,8192,2048,8192,2096,5214.84,26494,5186.83,-0.0013
mixed,128,1,0.0078,4.0,128,8192,4096,16384,4192,13649.7,65561.6,14519.2,0.0167
mixed,128,1,0.0078,4.0,256,0,128,512,131,570.625,1245.89,573.506,0.0043
mixed,128,1,0.0078,4.0,256,0,256,1024,262,803.778,2099.4,825.859,0.017
mixed,128,1,0.0078,4.0,256,0,512,2048,524,1254.37,4694.99,1319.56,0.0189
mixed,128,1,0.0078,4.0,256,0,1024,4096,1048,2111.05,12936.1,2246.47,0.0125
mixed,128,1,0.0078,4.0,256,0,2048,8192,2096,4834.45,25884.6,5001.81,0.008
mixed,128,1,0.0078,4.0,256,0,4096,16384,4192,13226,65005.5,14016.9,0.0153
mixed,128,1,0.0078,4.0,256,512,128,512,131,611.939,1266.95,611.33,-0.0009
mixed,128,1,0.0078,4.0,256,512,256,1024,262,829.572,2111.91,854.275,0.0193
mixed,128,1,0.0078,4.0,256,512,512,2048,524,1276.29,4663.98,1337.64,0.0181
mixed,128,1,0.0078,4.0,256,512,1024,4096,1048,2127.18,12948.9,2266.15,0.0128
mixed,128,1,0.0078,4.0,256,512,2048,8192,2096,4772.75,26082,4956.56,0.0086
mixed,128,1,0.0078,4.0,256,512,4096,16384,4192,13225.9,64839.2,14032.7,0.0156
mixed,128,1,0.0078,4.0,256,1024,128,512,131,664.324,1291.36,662.403,-0.0031
mixed,128,1,0.0078,4.0,256,1024,256,1024,262,886.118,2135.78,885.25,-0.0007
mixed,128,1,0.0078,4.0,256,1024,512,2048,524,1303.91,4606.42,1358.34,0.0165
mixed,128,1,0.0078,4.0,256,1024,1024,4096,1048,2149.99,12986.2,2287.66,0.0127
mixed,128,1,0.0078,4.0,256,1024,2048,8192,2096,4789.2,26525.2,5046.84,0.0119
mixed,128,1,0.0078,4.0,256,1024,4096,16384,4192,13270.2,64622.9,14138.3,0.0169
mixed,128,1,0.0078,4.0,256,2048,128,512,131,760.836,1415.91,759.587,-0.0019
mixed,128,1,0.0078,4.0,256,2048,256,1024,262,998.786,2180.33,1007.68,0.0075
mixed,128,1,0.0078,4.0,256,2048,512,2048,524,1428.74,4681.65,1461.67,0.0101
mixed,128,1,0.0078,4.0,256,2048,1024,4096,1048,2194.12,13619.4,2302.76,0.0095
mixed,128,1,0.0078,4.0,256,2048,2048,8192,2096,4820.12,31987.3,5108.88,0.0106
mixed,128,1,0.0078,4.0,256,2048,4096,16384,4192,14120.4,65066.7,15695,0.0309
mixed,128,1,0.0078,4.0,256,4096,128,512,131,939.173,1659.49,940.708,0.0021
mixed,128,1,0.0078,4.0,256,4096,256,1024,262,1187.04,2471.75,1192.23,0.004
mixed,128,1,0.0078,4.0,256,4096,512,2048,524,1660.07,4771.35,1672.81,0.0041
mixed,128,1,0.0078,4.0,256,4096,1024,4096,1048,2472.81,13295.3,2573.64,0.0093
mixed,128,1,0.0078,4.0,256,4096,2048,8192,2096,4955.28,32506.8,5196.37,0.0088
mixed,128,1,0.0078,4.0,256,4096,4096,16384,4192,13598.1,65606.7,14540.5,0.0181
mixed,128,1,0.0078,4.0,256,8192,128,512,131,1293.73,1997.38,1290.89,-0.004
mixed,128,1,0.0078,4.0,256,8192,256,1024,262,1529.77,2912.3,1539.78,0.0072
mixed,128,1,0.0078,4.0,256,8192,512,2048,524,2008.74,4820.69,2009.96,0.0004
mixed,128,1,0.0078,4.0,256,8192,1024,4096,1048,2919.88,14000.4,2926.57,0.0006
mixed,128,1,0.0078,4.0,256,8192,2048,8192,2096,5110.68,26847.5,4949.43,-0.0074
mixed,128,1,0.0078,4.0,256,8192,4096,16384,4192,14220.6,65897.3,14678.8,0.0089
mixed,128,1,0.0078,4.0,512,0,128,512,131,678.371,1351.05,684.162,0.0086
mixed,128,1,0.0078,4.0,512,0,256,1024,262,912.323,2211.46,937.474,0.0194
mixed,128,1,0.0078,4.0,512,0,512,2048,524,1361.96,4746.35,1419.78,0.0171
mixed,128,1,0.0078,4.0,512,0,1024,4096,1048,2225.26,12969.1,2365.26,0.013
mixed,128,1,0.0078,4.0,512,0,2048,8192,2096,4888.21,26055.6,5040.72,0.0072
mixed,128,1,0.0078,4.0,512,0,4096,16384,4192,13256.2,65035.8,14063,0.0156
mixed,128,1,0.0078,4.0,512,512,128,512,131,751.01,1410.85,750.882,-0.0002
mixed,128,1,0.0078,4.0,512,512,256,1024,262,974.852,2239.75,982.307,0.0059
mixed,128,1,0.0078,4.0,512,512,512,2048,524,1413.61,4659.15,1485.22,0.0221
mixed,128,1,0.0078,4.0,512,512,1024,4096,1048,2250.09,12994.6,2406.96,0.0146
mixed,128,1,0.0078,4.0,512,512,2048,8192,2096,4836.92,26275.4,5100.05,0.0123
mixed,128,1,0.0078,4.0,512,512,4096,16384,4192,13286,63975.6,14063.4,0.0153
mixed,128,1,0.0078,4.0,512,1024,128,512,131,817.637,1486.05,815.556,-0.0031
mixed,128,1,0.0078,4.0,512,1024,256,1024,262,1044.45,2284.43,1042.43,-0.0016
mixed,128,1,0.0078,4.0,512,1024,512,2048,524,1489.92,4794.32,1545.54,0.0168
mixed,128,1,0.0078,4.0,512,1024,1024,4096,1048,2302.92,13078.3,2453.77,0.014
mixed,128,1,0.0078,4.0,512,1024,2048,8192,2096,4807.51,26153.5,5118.74,0.0146
mixed,128,1,0.0078,4.0,512,1024,4096,16384,4192,13320.1,65136.6,14335.5,0.0196
mixed,128,1,0.0078,4.0,512,2048,128,512,131,956.387,1628.55,950.947,-0.0081
mixed,128,1,0.0078,4.0,512,2048,256,1024,262,1173.28,2498.6,1171.04,-0.0017
mixed,128,1,0.0078,4.0,512,2048,512,2048,524,1632.29,4706.35,1641.48,0.003
mixed,128,1,0.0078,4.0,512,2048,1024,4096,1048,2502.76,15862.7,2632.2,0.0097
mixed,128,1,0.0078,4.0,512,2048,2048,8192,2096,4917.17,31896.1,5241.72,0.012
mixed,128,1,0.0078,4.0,512,2048,4096,16384,4192,16777.2,65375.7,17380.8,0.0124
mixed,128,1,0.0078,4.0,512,4096,128,512,131,1211.3,1872.58,1213.83,0.0038
mixed,128,1,0.0078,4.0,512,4096,256,1024,262,1432.74,2753.86,1434.31,0.0012
mixed,128,1,0.0078,4.0,512,4096,512,2048,524,1881.7,4567.38,1886.25,0.0017
mixed,128,1,0.0078,4.0,512,4096,1024,4096,1048,2760.23,13792.7,2769.16,0.0008
mixed,128,1,0.0078,4.0,512,4096,2048,8192,2096,4779.95,33145.5,4920.21,0.0049
mixed,128,1,0.0078,4.0,512,4096,4096,16384,4192,14110,66115.4,14481.1,0.0071
mixed,128,1,0.0078,4.0,512,8192,128,512,131,1711.69,2379.75,1709.96,-0.0026
mixed,128,1,0.0078,4.0,512,8192,256,1024,262,1926.25,3251.37,1924.29,-0.0015
mixed,128,1,0.0078,4.0,512,8192,512,2048,524,2374.63,5436.02,2395.62,0.0069
mixed,128,1,0.0078,4.0,512,8192,1024,4096,1048,3257.48,15187.7,3277.65,0.0017
mixed,128,1,0.0078,4.0,512,8192,2048,8192,2096,5716.82,28568.9,5652.15,-0.0028
mixed,128,1,0.0078,4.0,512,8192,4096,16384,4192,14745.9,66198.8,16151.3,0.0273
mixed,128,1,0.0078,4.0,1024,0,128,512,131,971.139,1622.73,960.547,-0.0163
mixed,128,1,0.0078,4.0,1024,0,256,1024,262,1170.6,2486.57,1177.86,0.0055
mixed,128,1,0.0078,4.0,1024,0,512,2048,524,1619.62,4840.66,1676.93,0.0178
mixed,128,1,0.0078,4.0,1024,0,1024,4096,1048,2493.09,13055.3,2646.82,0.0146
mixed,128,1,0.0078,4.0,1024,0,2048,8192,2096,4951.73,26231.5,5251.32,0.0141
mixed,128,1,0.0078,4.0,1024,0,4096,16384,4192,13345.7,62922.4,14114.7,0.0155
mixed,128,1,0.0078,4.0,1024,512,128,512,131,1074.88,1700.07,1072.71,-0.0035
mixed,128,1,0.0078,4.0,1024,512,256,1024,262,1273.35,2573.39,1275.17,0.0014
mixed,128,1,0.0078,4.0,1024,512,512,2048,524,1705.8,4828.24,1754.15,0.0155
mixed,128,1,0.0078,4.0,1024,512,1024,4096,1048,2581.99,13133.8,2734.51,0.0145
mixed,128,1,0.0078,4.0,1024,512,2048,8192,2096,5020.69,27106,5194.65,0.0079
mixed,128,1,0.0078,4.0,1024,512,4096,16384,4192,13356.4,64817.3,14223,0.0168
mixed,128,1,0.0078,4.0,1024,1024,128,512,131,1192.62,1807.88,1182.63,-0.0162
mixed,128,1,0.0078,4.0,1024,1024,256,1024,262,1379.81,2666.31,1381.44,0.0013
mixed,128,1,0.0078,4.0,1024,1024,512,2048,524,1818.76,4575.38,1838.82,0.0073
mixed,128,1,0.0078,4.0,1024,1024,1024,4096,1048,2682.06,13255.4,2808.11,0.0119
mixed,128,1,0.0078,4.0,1024,1024,2048,8192,2096,4758.03,28126.9,4932.72,0.0075
mixed,128,1,0.0078,4.0,1024,1024,4096,16384,4192,13648,65208.7,14716.8,0.0207
mixed,128,1,0.0078,4.0,1024,2048,128,512,131,1400.19,2013.16,1394.47,-0.0093
mixed,128,1,0.0078,4.0,1024,2048,256,1024,262,1590.85,2862.95,1588.93,-0.0015
mixed,128,1,0.0078,4.0,1024,2048,512,2048,524,2016.52,4717.23,2034.99,0.0068
mixed,128,1,0.0078,4.0,1024,2048,1024,4096,1048,2886.86,16862.1,2965.93,0.0057
mixed,128,1,0.0078,4.0,1024,2048,2048,8192,2096,4810.13,33056.4,5125.36,0.0112
mixed,128,1,0.0078,4.0,1024,2048,4096,16384,4192,17285.2,65738.8,17733.5,0.0093
mixed,128,1,0.0078,4.0,1024,4096,128,512,131,1815.01,2417.26,1811.37,-0.0061
mixed,128,1,0.0078,4.0,1024,4096,256,1024,262,2008.71,3259.69,2010.89,0.0017
mixed,128,1,0.0078,4.0,1024,4096,512,2048,524,2431.4,5316.89,2439.53,0.0028
mixed,128,1,0.0078,4.0,1024,4096,1024,4096,1048,3280.97,14378.3,3293.74,0.0012
mixed,128,1,0.0078,4.0,1024,4096,2048,8192,2096,5444.88,33601.8,5636.63,0.0068
mixed,128,1,0.0078,4.0,1024,4096,4096,16384,4192,14715.9,66808.8,15449.2,0.0141
mixed,128,1,0.0078,4.0,1024,8192,128,512,131,2632.88,3214.41,2637.51,0.008
mixed,128,1,0.0078,4.0,1024,8192,256,1024,262,2826.7,4065.23,2830.54,0.0031
mixed,128,1,0.0078,4.0,1024,8192,512,2048,524,3232.97,6049.3,3232.49,-0.0002
mixed,128,1,0.0078,4.0,1024,8192,1024,4096,1048,4061.97,16892.1,4091.38,0.0023
mixed,128,1,0.0078,4.0,1024,8192,2048,8192,2096,6241.95,32965.8,6233.01,-0.0003
mixed,128,1,0.0078,4.0,1024,8192,4096,16384,4192,17273.8,66951.4,17899.3,0.0126
mixed,128,1,0.0078,4.0,2048,0,128,512,131,1668.14,2243.3,1681.8,0.0237
mixed,128,1,0.0078,4.0,2048,0,256,1024,262,1869,3111.34,1870.09,0.0009
mixed,128,1,0.0078,4.0,2048,0,512,2048,524,2257.06,5017.4,2258.98,0.0007
mixed,128,1,0.0078,4.0,2048,0,1024,4096,1048,3120.43,13983.1,3227.15,0.0098
mixed,128,1,0.0078,4.0,2048,0,2048,8192,2096,5176.15,30713.1,5395.51,0.0086
mixed,128,1,0.0078,4.0,2048,0,4096,16384,4192,14201.4,64409,15494.9,0.0258
mixed,128,1,0.0078,4.0,2048,512,128,512,131,1859.65,2414.76,1873.32,0.0246
mixed,128,1,0.0078,4.0,2048,512,256,1024,262,2044.74,3238.54,2062.7,0.015
mixed,128,1,0.0078,4.0,2048,512,512,2048,524,2423.72,5172.79,2431.21,0.0027
mixed,128,1,0.0078,4.0,2048,512,1024,4096,1048,3257.58,16272,3368.68,0.0085
mixed,128,1,0.0078,4.0,2048,512,2048,8192,2096,5309.27,31811.3,5565.01,0.0097
mixed,128,1,0.0078,4.0,2048,512,4096,16384,4192,16615.6,65406.3,17424.8,0.0166
mixed,128,1,0.0078,4.0,2048,1024,128,512,131,2066.89,2611.21,2049.7,-0.0316
mixed,128,1,0.0078,4.0,2048,1024,256,1024,262,2250.99,3419.02,2236.36,-0.0125
mixed,128,1,0.0078,4.0,2048,1024,512,2048,524,2622.76,5354.48,2622.19,-0.0002
mixed,128,1,0.0078,4.0,2048,1024,1024,4096,1048,3444.2,16786,3518.92,0.0056
mixed,128,1,0.0078,4.0,2048,1024,2048,8192,2096,5482.61,33021.3,5784.64,0.011
mixed,128,1,0.0078,4.0,2048,1024,4096,16384,4192,17171.1,65492.2,17710.3,0.0112
mixed,128,1,0.0078,4.0,2048,2048,128,512,131,2429.99,2987.43,2446.6,0.0298
mixed,128,1,0.0078,4.0,2048,2048,256,1024,262,2622.7,3794.8,2611.85,-0.0093
mixed,128,1,0.0078,4.0,2048,2048,512,2048,524,2987.24,5656.12,2982.8,-0.0017
mixed,128,1,0.0078,4.0,2048,2048,1024,4096,1048,3808.49,17259.2,3850.29,0.0031
mixed,128,1,0.0078,4.0,2048,2048,2048,8192,2096,5809.05,33997.6,6044.15,0.0083
mixed,128,1,0.0078,4.0,2048,2048,4096,16384,4192,17631.5,67478.3,18175.7,0.0109
mixed,128,1,0.0078,4.0,2048,4096,128,512,131,3162.25,3696.56,3163.66,0.0026
mixed,128,1,0.0078,4.0,2048,4096,256,1024,262,3343.05,4489.36,3346.47,0.003
mixed,128,1,0.0078,4.0,2048,4096,512,2048,524,3718.19,6372.12,3713.16,-0.0019
mixed,128,1,0.0078,4.0,2048,4096,1024,4096,1048,4506.83,16564.5,4516.02,0.0008
mixed,128,1,0.0078,4.0,2048,4096,2048,8192,2096,6553.6,34051.2,6719.61,0.006
mixed,128,1,0.0078,4.0,2048,4096,4096,16384,4192,17019,67548.9,17790,0.0153
mixed,128,1,0.0078,4.0,2048,8192,128,512,131,4620.88,5163.03,4621.97,0.002
mixed,128,1,0.0078,4.0,2048,8192,256,1024,262,4808.4,5902.07,4808.15,-0.0002
mixed,128,1,0.0078,4.0,2048,8192,512,2048,524,5164.12,7677.5,5177.56,0.0053
mixed,128,1,0.0078,4.0,2048,8192,1024,4096,1048,5915.38,17225.4,5935.51,0.0018
mixed,128,1,0.0078,4.0,2048,8192,2048,8192,2096,7788.7,33661.1,7839.84,0.002
mixed,128,1,0.0078,4.0,2048,8192,4096,16384,4192,17719.7,67742.3,18069.4,0.007
pure,128,2,0.0156,4.0,0,0,128,512,134,232.799,686.018,241.059,0.0182
pure,128,2,0.0156,4.0,0,0,256,1024,268,418.02,1212.87,446.529,0.0359
pure,128,2,0.0156,4.0,0,0,512,2048,536,709.313,2268.04,769.25,0.0385
pure,128,2,0.0156,4.0,0,0,1024,4096,1072,1256.58,4383.28,1379.33,0.0393
pure,128,2,0.0156,4.0,0,0,2048,8192,2144,2365.57,8566.31,2599.72,0.0378
pure,128,2,0.0156,4.0,0,0,4096,16384,4288,4581.91,16973.6,5036.82,0.0367
mixed,128,2,0.0156,4.0,16,0,128,512,134,505.153,1169.32,506.881,0.0026
mixed,128,2,0.0156,4.0,16,0,256,1024,268,733.508,2018.57,761.635,0.0219
mixed,128,2,0.0156,4.0,16,0,512,2048,536,1184.39,4631.25,1248.71,0.0187
mixed,128,2,0.0156,4.0,16,0,1024,4096,1072,2038.92,12902.4,2190.73,0.014
mixed,128,2,0.0156,4.0,16,0,2048,8192,2144,4828.11,25871.2,5076.09,0.0118
mixed,128,2,0.0156,4.0,16,0,4096,16384,4288,13523.8,64183.5,14518,0.0196
mixed,128,2,0.0156,4.0,16,512,128,512,134,518.529,1176.07,513.41,-0.0078
mixed,128,2,0.0156,4.0,16,512,256,1024,268,742.18,2022.51,767.843,0.02
mixed,128,2,0.0156,4.0,16,512,512,2048,536,1192.55,4652.24,1257.09,0.0187
mixed,128,2,0.0156,4.0,16,512,1024,4096,1072,2046.66,12914.6,2201.93,0.0143
mixed,128,2,0.0156,4.0,16,512,2048,8192,2144,4871.8,26188.3,5057.1,0.0087
mixed,128,2,0.0156,4.0,16,512,4096,16384,4288,13528.9,64352.8,14513.2,0.0194
mixed,128,2,0.0156,4.0,16,1024,128,512,134,555.554,1182.66,548.033,-0.012
mixed,128,2,0.0156,4.0,16,1024,256,1024,268,772.804,2033.35,772.515,-0.0002
mixed,128,2,0.0156,4.0,16,1024,512,2048,536,1200.17,4608.31,1262.37,0.0183
mixed,128,2,0.0156,4.0,16,1024,1024,4096,1072,2056.04,12928.6,2208.52,0.014
mixed,128,2,0.0156,4.0,16,1024,2048,8192,2144,4928.95,25955.9,5104.88,0.0084
mixed,128,2,0.0156,4.0,16,1024,4096,16384,4288,13531.8,64565.8,14611.4,0.0212
mixed,128,2,0.0156,4.0,16,2048,128,512,134,625.827,1242.28,614.627,-0.0182
mixed,128,2,0.0156,4.0,16,2048,256,1024,268,842.817,2056.9,835.875,-0.0057
mixed,128,2,0.0156,4.0,16,2048,512,2048,536,1261.15,4693.3,1269.83,0.0025
mixed,128,2,0.0156,4.0,16,2048,1024,4096,1072,2087.02,13002.6,2217.42,0.0119
mixed,128,2,0.0156,4.0,16,2048,2048,8192,2144,4901.97,27286,5188.82,0.0128
mixed,128,2,0.0156,4.0,16,2048,4096,16384,4288,13621.8,64714.3,14659.2,0.0203
mixed,128,2,0.0156,4.0,16,4096,128,512,134,762.049,1387.59,756.739,-0.0085
mixed,128,2,0.0156,4.0,16,4096,256,1024,268,975.972,2182.28,978.052,0.0017
mixed,128,2,0.0156,4.0,16,4096,512,2048,536,1402.02,4663.19,1392.1,-0.003
mixed,128,2,0.0156,4.0,16,4096,1024,4096,1072,2207.05,13034.9,2215.5,0.0008
mixed,128,2,0.0156,4.0,16,4096,2048,8192,2144,5009.46,27959.9,5289.17,0.0122
mixed,128,2,0.0156,4.0,16,4096,4096,16384,4288,13635.1,65279.4,14669,0.02
mixed,128,2,0.0156,4.0,16,8192,128,512,134,1019.72,1649.29,1018.95,-0.0012
mixed,128,2,0.0156,4.0,16,8192,256,1024,268,1265.61,2473.58,1267.43,0.0015
mixed,128,2,0.0156,4.0,16,8192,512,2048,536,1675.91,5010.74,1741.86,0.0198
mixed,128,2,0.0156,4.0,16,8192,1024,4096,1072,2502.82,13419.3,2459.08,-0.004
mixed,128,2,0.0156,4.0,16,8192,2048,8192,2144,5291.28,26146.1,5325.43,0.0016
mixed,128,2,0.0156,4.0,16,8192,4096,16384,4288,14025.2,64674.2,14963.6,0.0185
mixed,128,2,0.0156,4.0,32,0,128,512,134,504.993,1170.53,507.873,0.0043
mixed,128,2,0.0156,4.0,32,0,256,1024,268,735.457,2016.77,765.665,0.0236
mixed,128,2,0.0156,4.0,32,0,512,2048,536,1186.63,4634.71,1251.59,0.0188
mixed,128,2,0.0156,4.0,32,0,1024,4096,1072,2043.56,12904.6,2196.07,0.014
mixed,128,2,0.0156,4.0,32,0,2048,8192,2144,4844.69,25884.5,5058.74,0.0102
mixed,128,2,0.0156,4.0,32,0,4096,16384,4288,13508.7,64712.9,14507.5,0.0195
mixed,128,2,0.0156,4.0,32,512,128,512,134,520.578,1177.03,515.33,-0.008
mixed,128,2,0.0156,4.0,32,512,256,1024,268,744.61,2024.78,772.034,0.0214
mixed,128,2,0.0156,4.0,32,512,512,2048,536,1194.98,4606.13,1260.52,0.0192
mixed,128,2,0.0156,4.0,32,512,1024,4096,1072,2045.58,12920.8,2206.41,0.0148
mixed,128,2,0.0156,4.0,32,512,2048,8192,2144,4894.19,25859.6,5139.19,0.0117
mixed,128,2,0.0156,4.0,32,512,4096,16384,4288,13531.9,64468.8,14488.6,0.0188
mixed,128,2,0.0156,4.0,32,1024,128,512,134,557.059,1184,549.827,-0.0115
mixed,128,2,0.0156,4.0,32,1024,256,1024,268,772.643,2032.68,772.58,-0.0
mixed,128,2,0.0156,4.0,32,1024,512,2048,536,1199.81,4602,1264.36,0.019
mixed,128,2,0.0156,4.0,32,1024,1024,4096,1072,2058.98,12920.9,2210.44,0.0139
mixed,128,2,0.0156,4.0,32,1024,2048,8192,2144,4911.25,25969.6,5150.55,0.0114
mixed,128,2,0.0156,4.0,32,1024,4096,16384,4288,13545.6,63069.6,14506.8,0.0194
mixed,128,2,0.0156,4.0,32,2048,128,512,134,620.514,1245.16,619.011,-0.0024
mixed,128,2,0.0156,4.0,32,2048,256,1024,268,846.05,2055.78,835.747,-0.0085
mixed,128,2,0.0156,4.0,32,2048,512,2048,536,1262.53,4662.22,1272.58,0.003
mixed,128,2,0.0156,4.0,32,2048,1024,4096,1072,2083.94,13024.2,2219.85,0.0124
mixed,128,2,0.0156,4.0,32,2048,2048,8192,2144,4937.56,26772.9,5224.5,0.0131
mixed,128,2,0.0156,4.0,32,2048,4096,16384,4288,13608.2,64692.2,14666.7,0.0207
mixed,128,2,0.0156,4.0,32,4096,128,512,134,761.284,1378.18,761.09,-0.0003
mixed,128,2,0.0156,4.0,32,4096,256,1024,268,978.179,2190.47,978.69,0.0004
mixed,128,2,0.0156,4.0,32,4096,512,2048,536,1407.49,4681.42,1396.39,-0.0034
mixed,128,2,0.0156,4.0,32,4096,1024,4096,1072,2273,13022.1,2220.58,-0.0049
mixed,128,2,0.0156,4.0,32,4096,2048,8192,2144,4996.4,29778.4,5189.71,0.0078
mixed,128,2,0.0156,4.0,32,4096,4096,16384,4288,13637.7,65021.1,14654.1,0.0198
mixed,128,2,0.0156,4.0,32,8192,128,512,134,1019.24,1663.72,1019.46,0.0003
mixed,128,2,0.0156,4.0,32,8192,256,1024,268,1262.4,2479.82,1267.14,0.0039
mixed,128,2,0.0156,4.0,32,8192,512,2048,536,1692.58,4992.95,1744.01,0.0156
mixed,128,2,0.0156,4.0,32,8192,1024,4096,1072,2501.86,13427.6,2462.35,-0.0036
mixed,128,2,0.0156,4.0,32,8192,2048,8192,2144,5301.01,26263.5,5319.32,0.0009
mixed,128,2,0.0156,4.0,32,8192,4096,16384,4288,14012.3,65213.8,14916.1,0.0177
mixed,128,2,0.0156,4.0,64,0,128,512,134,506.497,1171.27,508.068,0.0024
mixed,128,2,0.0156,4.0,64,0,256,1024,268,736.42,2022.15,764.001,0.0215
mixed,128,2,0.0156,4.0,64,0,512,2048,536,1189.12,4645.68,1252.29,0.0183
mixed,128,2,0.0156,4.0,64,0,1024,4096,1072,2045.64,12907.7,2195.56,0.0138
mixed,128,2,0.0156,4.0,64,0,2048,8192,2144,4865.68,25853.6,5080.11,0.0102
mixed,128,2,0.0156,4.0,64,0,4096,16384,4288,13514.3,61413.8,14520.2,0.021
mixed,128,2,0.0156,4.0,64,512,128,512,134,520.962,1178.85,516.162,-0.0073
mixed,128,2,0.0156,4.0,64,512,256,1024,268,745.027,2027.37,772.163,0.0212
mixed,128,2,0.0156,4.0,64,512,512,2048,536,1195.52,4628.31,1261.09,0.0191
mixed,128,2,0.0156,4.0,64,512,1024,4096,1072,2049,12928.6,2205.86,0.0144
mixed,128,2,0.0156,4.0,64,512,2048,8192,2144,4859.12,25867.7,5061.93,0.0097
mixed,128,2,0.0156,4.0,64,512,4096,16384,4288,13545.4,64871.1,14539.5,0.0194
mixed,128,2,0.0156,4.0,64,1024,128,512,134,556.163,1186.63,551.522,-0.0074
mixed,128,2,0.0156,4.0,64,1024,256,1024,268,777.955,2035.85,773.761,-0.0033
mixed,128,2,0.0156,4.0,64,1024,512,2048,536,1201.15,4622.13,1264.2,0.0184
mixed,128,2,0.0156,4.0,64,1024,1024,4096,1072,2060.14,12938.6,2215.72,0.0143
mixed,128,2,0.0156,4.0,64,1024,2048,8192,2144,4929.26,25890.5,5152.53,0.0107
mixed,128,2,0.0156,4.0,64,1024,4096,16384,4288,13552.9,64884.9,14536.9,0.0192
mixed,128,2,0.0156,4.0,64,2048,128,512,134,620.258,1247.71,617.665,-0.0041
mixed,128,2,0.0156,4.0,64,2048,256,1024,268,844.163,2057.7,839.395,-0.0039
mixed,128,2,0.0156,4.0,64,2048,512,2048,536,1260.93,4649.62,1271.68,0.0032
mixed,128,2,0.0156,4.0,64,2048,1024,4096,1072,2090.44,13033.8,2219.91,0.0118
mixed,128,2,0.0156,4.0,64,2048,2048,8192,2144,4944.72,26656.1,5149.62,0.0094
mixed,128,2,0.0156,4.0,64,2048,4096,16384,4288,13657.1,64531.2,14727.4,0.021
mixed,128,2,0.0156,4.0,64,4096,128,512,134,761.252,1392.13,763.969,0.0043
mixed,128,2,0.0156,4.0,64,4096,256,1024,268,974.435,2185.64,974.5,0.0001
mixed,128,2,0.0156,4.0,64,4096,512,2048,536,1407.91,4707.73,1391.84,-0.0049
mixed,128,2,0.0156,4.0,64,4096,1024,4096,1072,2217.96,13028.3,2222.25,0.0004
mixed,128,2,0.0156,4.0,64,4096,2048,8192,2144,4982.52,27612.1,5304.79,0.0142
mixed,128,2,0.0156,4.0,64,4096,4096,16384,4288,13624.4,64831.1,14644.9,0.0199
mixed,128,2,0.0156,4.0,64,8192,128,512,134,1022.34,1670.47,1021.73,-0.0009
mixed,128,2,0.0156,4.0,64,8192,256,1024,268,1263.01,2475.27,1267.62,0.0038
mixed,128,2,0.0156,4.0,64,8192,512,2048,536,1690.73,4984.59,1749.06,0.0177
mixed,128,2,0.0156,4.0,64,8192,1024,4096,1072,2507.15,13443,2465.77,-0.0038
mixed,128,2,0.0156,4.0,64,8192,2048,8192,2144,5309.43,26195,5342.77,0.0016
mixed,128,2,0.0156,4.0,64,8192,4096,16384,4288,14012.7,64804.2,14999.9,0.0194
mixed,128,2,0.0156,4.0,128,0,128,512,134,527.843,1198.63,531.746,0.0058
mixed,128,2,0.0156,4.0,128,0,256,1024,268,758.114,2044.71,786.146,0.0218
mixed,128,2,0.0156,4.0,128,0,512,2048,536,1211.11,4666.96,1279.91,0.0199
mixed,128,2,0.0156,4.0,128,0,1024,4096,1072,2069.99,12914.4,2217.8,0.0136
mixed,128,2,0.0156,4.0,128,0,2048,8192,2144,4884.27,25905.8,5113.62,0.0109
mixed,128,2,0.0156,4.0,128,0,4096,16384,4288,13529.7,65007.4,14506.1,0.019
mixed,128,2,0.0156,4.0,128,512,128,512,134,545.953,1211.43,543.331,-0.0039
mixed,128,2,0.0156,4.0,128,512,256,1024,268,772.132,2054.22,797.889,0.0201
mixed,128,2,0.0156,4.0,128,512,512,2048,536,1224.36,4661.58,1292.26,0.0198
mixed,128,2,0.0156,4.0,128,512,1024,4096,1072,2078.92,12934.8,2233.1,0.0142
mixed,128,2,0.0156,4.0,128,512,2048,8192,2144,4926.93,25834.2,5124.56,0.0095
mixed,128,2,0.0156,4.0,128,512,4096,16384,4288,13554.3,65109.4,14585.6,0.02
mixed,128,2,0.0156,4.0,128,1024,128,512,134,586.785,1221.54,585.218,-0.0025
mixed,128,2,0.0156,4.0,128,1024,256,1024,268,803.969,2068.1,806.624,0.0021
mixed,128,2,0.0156,4.0,128,1024,512,2048,536,1234.02,4626.8,1299.72,0.0194
mixed,128,2,0.0156,4.0,128,1024,1024,4096,1072,2098.82,12954.3,2240.52,0.0131
mixed,128,2,0.0156,4.0,128,1024,2048,8192,2144,4972.02,26263.4,5156.15,0.0086
mixed,128,2,0.0156,4.0,128,1024,4096,16384,4288,13566.2,62952.5,14649.8,0.0219
mixed,128,2,0.0156,4.0,128,2048,128,512,134,668.963,1291.81,670.628,0.0027
mixed,128,2,0.0156,4.0,128,2048,256,1024,268,880.196,2089.61,892.516,0.0102
mixed,128,2,0.0156,4.0,128,2048,512,2048,536,1308.52,4655.79,1309.06,0.0002
mixed,128,2,0.0156,4.0,128,2048,1024,4096,1072,2125.13,13115.4,2243.53,0.0108
mixed,128,2,0.0156,4.0,128,2048,2048,8192,2144,4963.67,28557.6,5272.92,0.0131
mixed,128,2,0.0156,4.0,128,2048,4096,16384,4288,13733.9,64536.1,14962.6,0.0242
mixed,128,2,0.0156,4.0,128,4096,128,512,134,826.021,1431.01,829.093,0.0051
mixed,128,2,0.0156,4.0,128,4096,256,1024,268,1063.94,2239.66,1086.15,0.0189
mixed,128,2,0.0156,4.0,128,4096,512,2048,536,1448.96,4744.59,1525.22,0.0231
mixed,128,2,0.0156,4.0,128,4096,1024,4096,1072,2274.73,13264.9,2250.79,-0.0022
mixed,128,2,0.0156,4.0,128,4096,2048,8192,2144,4976.27,31840.2,5248.53,0.0101
mixed,128,2,0.0156,4.0,128,4096,4096,16384,4288,13901,65406.7,14926.9,0.0199
mixed,128,2,0.0156,4.0,128,8192,128,512,134,1101.83,1805.19,1104.1,0.0032
mixed,128,2,0.0156,4.0,128,8192,256,1024,268,1350.69,2512.04,1371.94,0.0183
mixed,128,2,0.0156,4.0,128,8192,512,2048,536,1818.21,5120.34,1839.21,0.0064
mixed,128,2,0.0156,4.0,128,8192,1024,4096,1072,2540.81,13345.1,2762.57,0.0205
mixed,128,2,0.0156,4.0,128,8192,2048,8192,2144,5402.87,26588.9,5337.46,-0.0031
mixed,128,2,0.0156,4.0,128,8192,4096,16384,4288,13965.9,65414.8,15168.8,0.0234
mixed,128,2,0.0156,4.0,256,0,128,512,134,578.85,1250.25,583.329,0.0067
mixed,128,2,0.0156,4.0,256,0,256,1024,268,806.66,2098.12,836.578,0.0232
mixed,128,2,0.0156,4.0,256,0,512,2048,536,1262.85,4653.78,1327.04,0.0189
mixed,128,2,0.0156,4.0,256,0,1024,4096,1072,2125.61,12938.5,2279.75,0.0143
mixed,128,2,0.0156,4.0,256,0,2048,8192,2144,4947.86,25799.2,5130.74,0.0088
mixed,128,2,0.0156,4.0,256,0,4096,16384,4288,13553.8,64246.7,14616.2,0.021
mixed,128,2,0.0156,4.0,256,512,128,512,134,618.112,1268.52,616.192,-0.003
mixed,128,2,0.0156,4.0,256,512,256,1024,268,833.636,2112.04,859.33,0.0201
mixed,128,2,0.0156,4.0,256,512,512,2048,536,1285.44,4664.56,1356.33,0.021
mixed,128,2,0.0156,4.0,256,512,1024,4096,1072,2138.47,12948.8,2286.95,0.0137
mixed,128,2,0.0156,4.0,256,512,2048,8192,2144,4966.7,26085.4,5174.36,0.0098
mixed,128,2,0.0156,4.0,256,512,4096,16384,4288,13572.2,64861.7,14645.4,0.0209
mixed,128,2,0.0156,4.0,256,1024,128,512,134,668.674,1293.15,667.843,-0.0013
mixed,128,2,0.0156,4.0,256,1024,256,1024,268,889.826,2135.78,897.924,0.0065
mixed,128,2,0.0156,4.0,256,1024,512,2048,536,1307.27,4602.96,1396.52,0.0271
mixed,128,2,0.0156,4.0,256,1024,1024,4096,1072,2166.85,12981.2,2302.86,0.0126
mixed,128,2,0.0156,4.0,256,1024,2048,8192,2144,4967.67,26055.5,5210.77,0.0115
mixed,128,2,0.0156,4.0,256,1024,4096,16384,4288,13584.9,63188.4,14568.3,0.0198
mixed,128,2,0.0156,4.0,256,2048,128,512,134,767.141,1420.26,764.706,-0.0037
mixed,128,2,0.0156,4.0,256,2048,256,1024,268,1007.94,2178.76,1019.43,0.0098
mixed,128,2,0.0156,4.0,256,2048,512,2048,536,1435.91,4667.6,1494.72,0.0182
mixed,128,2,0.0156,4.0,256,2048,1024,4096,1072,2210.73,13745.5,2373.54,0.0141
mixed,128,2,0.0156,4.0,256,2048,2048,8192,2144,5029.65,31690.1,5268.05,0.0089
mixed,128,2,0.0156,4.0,256,2048,4096,16384,4288,14020.1,64982.5,16424.9,0.0472
mixed,128,2,0.0156,4.0,256,4096,128,512,134,949.413,1657.26,945.956,-0.0049
mixed,128,2,0.0156,4.0,256,4096,256,1024,268,1192.16,2473.74,1196.52,0.0034
mixed,128,2,0.0156,4.0,256,4096,512,2048,536,1659.94,4762.23,1683.11,0.0075
mixed,128,2,0.0156,4.0,256,4096,1024,4096,1072,2491.34,13296.5,2601.71,0.0102
mixed,128,2,0.0156,4.0,256,4096,2048,8192,2144,5123.48,32550.3,5340.69,0.0079
mixed,128,2,0.0156,4.0,256,4096,4096,16384,4288,13923.6,65667.4,14939.3,0.0196
mixed,128,2,0.0156,4.0,256,8192,128,512,134,1299.33,1998.6,1301.19,0.0027
mixed,128,2,0.0156,4.0,256,8192,256,1024,268,1542.12,2914.67,1553.96,0.0086
mixed,128,2,0.0156,4.0,256,8192,512,2048,536,2010.38,4804.27,2023.14,0.0046
mixed,128,2,0.0156,4.0,256,8192,1024,4096,1072,2938.64,13921.5,2936.3,-0.0002
mixed,128,2,0.0156,4.0,256,8192,2048,8192,2144,5369.87,26607.1,5178.32,-0.009
mixed,128,2,0.0156,4.0,256,8192,4096,16384,4288,14654.6,65920.4,14706.4,0.001
mixed,128,2,0.0156,4.0,512,0,128,512,134,686.882,1353.92,684.834,-0.0031
mixed,128,2,0.0156,4.0,512,0,256,1024,268,910.628,2204.07,945.668,0.0271
mixed,128,2,0.0156,4.0,512,0,512,2048,536,1372.55,4755.38,1451.59,0.0234
mixed,128,2,0.0156,4.0,512,0,1024,4096,1072,2236.01,12966.3,2389.03,0.0143
mixed,128,2,0.0156,4.0,512,0,2048,8192,2144,5023.41,26023.3,5160.91,0.0065
mixed,128,2,0.0156,4.0,512,0,4096,16384,4288,13568.6,64968.6,14622.7,0.0205
mixed,128,2,0.0156,4.0,512,512,128,512,134,756.545,1406.98,753.922,-0.004
mixed,128,2,0.0156,4.0,512,512,256,1024,268,977.988,2242.18,992.964,0.0118
mixed,128,2,0.0156,4.0,512,512,512,2048,536,1421.93,4659.63,1504.45,0.0255
mixed,128,2,0.0156,4.0,512,512,1024,4096,1072,2265.64,13007.4,2446.63,0.0168
mixed,128,2,0.0156,4.0,512,512,2048,8192,2144,5035.22,26061.1,5246.35,0.01
mixed,128,2,0.0156,4.0,512,512,4096,16384,4288,13604,64810.6,14650.1,0.0204
mixed,128,2,0.0156,4.0,512,1024,128,512,134,821.955,1486.76,818.818,-0.0047
mixed,128,2,0.0156,4.0,512,1024,256,1024,268,1042.15,2287.05,1049.57,0.006
mixed,128,2,0.0156,4.0,512,1024,512,2048,536,1496.04,4755.31,1559.97,0.0196
mixed,128,2,0.0156,4.0,512,1024,1024,4096,1072,2316.23,13030.4,2536.07,0.0205
mixed,128,2,0.0156,4.0,512,1024,2048,8192,2144,4977.56,26794.7,5254.68,0.0127
mixed,128,2,0.0156,4.0,512,1024,4096,16384,4288,13664.1,65108.3,14610,0.0184
mixed,128,2,0.0156,4.0,512,2048,128,512,134,955.301,1622.89,957.955,0.004
mixed,128,2,0.0156,4.0,512,2048,256,1024,268,1174.18,2500.36,1181.13,0.0052
mixed,128,2,0.0156,4.0,512,2048,512,2048,536,1639.04,4731.86,1648.48,0.0031
mixed,128,2,0.0156,4.0,512,2048,1024,4096,1072,2514.06,16448.9,2664.14,0.0108
mixed,128,2,0.0156,4.0,512,2048,2048,8192,2144,5099.41,32260.2,5058.2,-0.0015
mixed,128,2,0.0156,4.0,512,2048,4096,16384,4288,16255.1,65365.4,17667.7,0.0288
mixed,128,2,0.0156,4.0,512,4096,128,512,134,1224.26,1877.93,1217.73,-0.01
mixed,128,2,0.0156,4.0,512,4096,256,1024,268,1434.98,2749.55,1435.62,0.0005
mixed,128,2,0.0156,4.0,512,4096,512,2048,536,1881.99,4551.38,1901.64,0.0074
mixed,128,2,0.0156,4.0,512,4096,1024,4096,1072,2781.58,13789.3,2785.83,0.0004
mixed,128,2,0.0156,4.0,512,4096,2048,8192,2144,5125.46,33156.2,5077.62,-0.0017
mixed,128,2,0.0156,4.0,512,4096,4096,16384,4288,14455.7,66050.2,14266.2,-0.0037
mixed,128,2,0.0156,4.0,512,8192,128,512,134,1713.99,2373.99,1710.82,-0.0048
mixed,128,2,0.0156,4.0,512,8192,256,1024,268,1925.86,3237.71,1936.29,0.008
mixed,128,2,0.0156,4.0,512,8192,512,2048,536,2382.06,5397.11,2406.89,0.0082
mixed,128,2,0.0156,4.0,512,8192,1024,4096,1072,3272.27,14388.9,3307.76,0.0032
mixed,128,2,0.0156,4.0,512,8192,2048,8192,2144,5947.41,28093.3,5809.66,-0.0062
mixed,128,2,0.0156,4.0,512,8192,4096,16384,4288,15307.9,66282.8,17651.6,0.046
mixed,128,2,0.0156,4.0,1024,0,128,512,134,968.323,1623.11,974.659,0.0097
mixed,128,2,0.0156,4.0,1024,0,256,1024,268,1173.86,2485.71,1178.69,0.0037
mixed,128,2,0.0156,4.0,1024,0,512,2048,536,1634.12,4855.31,1705.96,0.0223
mixed,128,2,0.0156,4.0,1024,0,1024,4096,1072,2507.88,13049.3,2677.39,0.0161
mixed,128,2,0.0156,4.0,1024,0,2048,8192,2144,5180.02,26116,5356.12,0.0084
mixed,128,2,0.0156,4.0,1024,0,4096,16384,4288,13669.9,65043.8,14765.7,0.0213
mixed,128,2,0.0156,4.0,1024,512,128,512,134,1081.51,1708.2,1078.41,-0.0049
mixed,128,2,0.0156,4.0,1024,512,256,1024,268,1275.91,2570.38,1283.46,0.0058
mixed,128,2,0.0156,4.0,1024,512,512,2048,536,1714.57,4823.22,1770.41,0.018
mixed,128,2,0.0156,4.0,1024,512,1024,4096,1072,2603.63,13112,2762.64,0.0151
mixed,128,2,0.0156,4.0,1024,512,2048,8192,2144,5272.56,26639.1,5411.77,0.0065
mixed,128,2,0.0156,4.0,1024,512,4096,16384,4288,13711.4,64836,14665,0.0187
mixed,128,2,0.0156,4.0,1024,1024,128,512,134,1198.44,1813.92,1194.92,-0.0057
mixed,128,2,0.0156,4.0,1024,1024,256,1024,268,1383.85,2673.07,1396.1,0.0095
mixed,128,2,0.0156,4.0,1024,1024,512,2048,536,1826.25,4587.99,1857.32,0.0113
mixed,128,2,0.0156,4.0,1024,1024,1024,4096,1072,2694.03,13260.8,2844.68,0.0143
mixed,128,2,0.0156,4.0,1024,1024,2048,8192,2144,5088.11,29769.8,5118.8,0.0012
mixed,128,2,0.0156,4.0,1024,1024,4096,16384,4288,13953.4,65231.9,15785.4,0.0357
mixed,128,2,0.0156,4.0,1024,2048,128,512,134,1414.09,2022.31,1399.53,-0.0239
mixed,128,2,0.0156,4.0,1024,2048,256,1024,268,1589.64,2863.37,1605.32,0.0123
mixed,128,2,0.0156,4.0,1024,2048,512,2048,536,2025.86,4712.24,2050.38,0.0091
mixed,128,2,0.0156,4.0,1024,2048,1024,4096,1072,2894.51,16871,2999.24,0.0075
mixed,128,2,0.0156,4.0,1024,2048,2048,8192,2144,4984.66,33069.8,5317.39,0.0118
mixed,128,2,0.0156,4.0,1024,2048,4096,16384,4288,17533.6,65949.6,18065.2,0.011
mixed,128,2,0.0156,4.0,1024,4096,128,512,134,1820.29,2417,1814.5,-0.0097
mixed,128,2,0.0156,4.0,1024,4096,256,1024,268,2007.11,3253.52,2021.09,0.0112
mixed,128,2,0.0156,4.0,1024,4096,512,2048,536,2433.64,5300.47,2464.14,0.0106
mixed,128,2,0.0156,4.0,1024,4096,1024,4096,1072,3296.14,14373.6,3329.45,0.003
mixed,128,2,0.0156,4.0,1024,4096,2048,8192,2144,5876.28,33601.9,5943.16,0.0024
mixed,128,2,0.0156,4.0,1024,4096,4096,16384,4288,15573.4,66861.1,15848.7,0.0054
mixed,128,2,0.0156,4.0,1024,8192,128,512,134,2635.98,3228.2,2642.63,0.0112
mixed,128,2,0.0156,4.0,1024,8192,256,1024,268,2826.92,4047.92,2838.15,0.0092
mixed,128,2,0.0156,4.0,1024,8192,512,2048,536,3238.83,6048.28,3250.57,0.0042
mixed,128,2,0.0156,4.0,1024,8192,1024,4096,1072,4092.49,16899.4,4126.86,0.0027
mixed,128,2,0.0156,4.0,1024,8192,2048,8192,2144,6570.71,32504.6,6517.34,-0.0021
mixed,128,2,0.0156,4.0,1024,8192,4096,16384,4288,17692.5,66972.2,18212.3,0.0105
mixed,128,2,0.0156,4.0,2048,0,128,512,134,1676.23,2247.02,1672.33,-0.0068
mixed,128,2,0.0156,4.0,2048,0,256,1024,268,1870.82,3093.29,1871.37,0.0004
mixed,128,2,0.0156,4.0,2048,0,512,2048,536,2248.49,5018.04,2286.99,0.0139
mixed,128,2,0.0156,4.0,2048,0,1024,4096,1072,3124.59,14324.3,3259.88,0.0121
mixed,128,2,0.0156,4.0,2048,0,2048,8192,2144,5665.72,30661.6,5619.63,-0.0018
mixed,128,2,0.0156,4.0,2048,0,4096,16384,4288,14508.6,64946.8,17606.9,0.0614
mixed,128,2,0.0156,4.0,2048,512,128,512,134,1867.37,2420.59,1864.81,-0.0046
mixed,128,2,0.0156,4.0,2048,512,256,1024,268,2045.8,3241.13,2055.14,0.0078
mixed,128,2,0.0156,4.0,2048,512,512,2048,536,2431.24,5167.67,2449.67,0.0067
mixed,128,2,0.0156,4.0,2048,512,1024,4096,1072,3267.12,16285.1,3405.8,0.0107
mixed,128,2,0.0156,4.0,2048,512,2048,8192,2144,5538.52,31648.3,5835.41,0.0114
mixed,128,2,0.0156,4.0,2048,512,4096,16384,4288,16986.9,65362,17899.4,0.0189
mixed,128,2,0.0156,4.0,2048,1024,128,512,134,2057.03,2611.47,2056.87,-0.0003
mixed,128,2,0.0156,4.0,2048,1024,256,1024,268,2237.29,3417.04,2241,0.0031
mixed,128,2,0.0156,4.0,2048,1024,512,2048,536,2614.47,5352.24,2638.54,0.0088
mixed,128,2,0.0156,4.0,2048,1024,1024,4096,1072,3442.28,16780.3,3555.02,0.0085
mixed,128,2,0.0156,4.0,2048,1024,2048,8192,2144,5760.76,32947.5,6062.97,0.0111
mixed,128,2,0.0156,4.0,2048,1024,4096,16384,4288,17568.2,65569.4,18057.2,0.0102
mixed,128,2,0.0156,4.0,2048,2048,128,512,134,2434.7,2966.44,2433.16,-0.0029
mixed,128,2,0.0156,4.0,2048,2048,256,1024,268,2612.94,3797.71,2621.8,0.0075
mixed,128,2,0.0156,4.0,2048,2048,512,2048,536,2979.34,5655.38,3013.67,0.0128
mixed,128,2,0.0156,4.0,2048,2048,1024,4096,1072,3821.55,17258.7,3875.34,0.004
mixed,128,2,0.0156,4.0,2048,2048,2048,8192,2144,6093.47,33979,6297.5,0.0073
mixed,128,2,0.0156,4.0,2048,2048,4096,16384,4288,18040.4,67482.4,18526.6,0.0098
mixed,128,2,0.0156,4.0,2048,4096,128,512,134,3167.5,3698.54,3165.19,-0.0043
mixed,128,2,0.0156,4.0,2048,4096,256,1024,268,3347.56,4484.66,3352.24,0.0041
mixed,128,2,0.0156,4.0,2048,4096,512,2048,536,3708.37,6368.95,3728.75,0.0077
mixed,128,2,0.0156,4.0,2048,4096,1024,4096,1072,4513.94,16564.6,4551.41,0.0031
mixed,128,2,0.0156,4.0,2048,4096,2048,8192,2144,6878.52,34033.6,7041.05,0.006
mixed,128,2,0.0156,4.0,2048,4096,4096,16384,4288,17429.5,67562.2,18128,0.0139
mixed,128,2,0.0156,4.0,2048,8192,128,512,134,4625.55,5163.7,4624.66,-0.0017
mixed,128,2,0.0156,4.0,2048,8192,256,1024,268,4801.4,5903.51,4813.72,0.0112
mixed,128,2,0.0156,4.0,2048,8192,512,2048,536,5174.52,7675.9,5194.17,0.0079
mixed,128,2,0.0156,4.0,2048,8192,1024,4096,1072,5926.68,17246.5,5970.52,0.0039
mixed,128,2,0.0156,4.0,2048,8192,2048,8192,2144,8027.58,33673.5,8015.26,-0.0005
mixed,128,2,0.0156,4.0,2048,8192,4096,16384,4288,18171.7,67729.4,18621.7,0.0091
pure,128,3,0.0234,4.0,0,0,128,512,137,236.577,688.13,247.873,0.025
pure,128,3,0.0234,4.0,0,0,256,1024,274,423.201,1212.87,457.923,0.044
pure,128,3,0.0234,4.0,0,0,512,2048,548,719.971,2278.79,781.314,0.0394
pure,128,3,0.0234,4.0,0,0,1024,4096,1096,1282.66,4382.55,1406.63,0.04
pure,128,3,0.0234,4.0,0,0,2048,8192,2192,2412.49,8563.56,2648.91,0.0384
pure,128,3,0.0234,4.0,0,0,4096,16384,4384,4671.51,16956.3,5221.46,0.0448
mixed,128,3,0.0234,4.0,16,0,128,512,137,504.577,1167.46,509.794,0.0079
mixed,128,3,0.0234,4.0,16,0,256,1024,274,734.371,2014.31,764.419,0.0235
mixed,128,3,0.0234,4.0,16,0,512,2048,548,1191.08,4618.55,1260.04,0.0201
mixed,128,3,0.0234,4.0,16,0,1024,4096,1096,2055.66,12904.2,2216.43,0.0148
mixed,128,3,0.0234,4.0,16,0,2048,8192,2192,5070.71,25856.6,5255.31,0.0089
mixed,128,3,0.0234,4.0,16,0,4096,16384,4384,13798,64986.2,15182,0.027
mixed,128,3,0.0234,4.0,16,512,128,512,137,517.859,1175.4,516.898,-0.0015
mixed,128,3,0.0234,4.0,16,512,256,1024,274,745.891,2021.32,773.858,0.0219
mixed,128,3,0.0234,4.0,16,512,512,2048,548,1196.13,4607.12,1266.6,0.0207
mixed,128,3,0.0234,4.0,16,512,1024,4096,1096,2061.83,12918.7,2219.5,0.0145
mixed,128,3,0.0234,4.0,16,512,2048,8192,2192,5157.49,26023.5,5295.67,0.0066
mixed,128,3,0.0234,4.0,16,512,4096,16384,4384,13810.9,64896.7,15216.2,0.0275
mixed,128,3,0.0234,4.0,16,1024,128,512,137,554.177,1180.61,551.171,-0.0048
mixed,128,3,0.0234,4.0,16,1024,256,1024,274,775.491,2029.67,776.706,0.001
mixed,128,3,0.0234,4.0,16,1024,512,2048,548,1200.87,4598.06,1269.19,0.0201
mixed,128,3,0.0234,4.0,16,1024,1024,4096,1096,2068.65,12932.2,2220.42,0.014
mixed,128,3,0.0234,4.0,16,1024,2048,8192,2192,5128.53,26043.2,5278.13,0.0072
mixed,128,3,0.0234,4.0,16,1024,4096,16384,4384,13825.9,63751.2,15182.5,0.0272
mixed,128,3,0.0234,4.0,16,2048,128,512,137,623.265,1240.93,621.058,-0.0036
mixed,128,3,0.0234,4.0,16,2048,256,1024,274,841.794,2054.82,841.923,0.0001
mixed,128,3,0.0234,4.0,16,2048,512,2048,548,1261.57,4648.91,1271.46,0.0029
mixed,128,3,0.0234,4.0,16,2048,1024,4096,1096,2091.53,13004.6,2221,0.0119
mixed,128,3,0.0234,4.0,16,2048,2048,8192,2192,5135.67,26184.6,5297.17,0.0077
mixed,128,3,0.0234,4.0,16,2048,4096,16384,4384,13990.3,65105.7,15462.1,0.0288
mixed,128,3,0.0234,4.0,16,4096,128,512,137,761.699,1387.37,771.429,0.0156
mixed,128,3,0.0234,4.0,16,4096,256,1024,274,974.148,2185.48,992.739,0.0153
mixed,128,3,0.0234,4.0,16,4096,512,2048,548,1401.03,4677.14,1435.52,0.0105
mixed,128,3,0.0234,4.0,16,4096,1024,4096,1096,2231.34,13035.2,2229.41,-0.0002
mixed,128,3,0.0234,4.0,16,4096,2048,8192,2192,5287.86,27457.4,5357.33,0.0031
mixed,128,3,0.0234,4.0,16,4096,4096,16384,4384,13912.1,64832.4,15308.3,0.0274
mixed,128,3,0.0234,4.0,16,8192,128,512,137,1022.47,1664.9,1022.43,-0.0001
mixed,128,3,0.0234,4.0,16,8192,256,1024,274,1268.36,2479.85,1278.28,0.0082
mixed,128,3,0.0234,4.0,16,8192,512,2048,548,1689.13,5016.85,1765.99,0.0231
mixed,128,3,0.0234,4.0,16,8192,1024,4096,1096,2518.35,13406.9,2566.51,0.0044
mixed,128,3,0.0234,4.0,16,8192,2048,8192,2192,5632.24,26086.6,5376.21,-0.0125
mixed,128,3,0.0234,4.0,16,8192,4096,16384,4384,14286.3,64410.2,15579,0.0258
mixed,128,3,0.0234,4.0,32,0,128,512,137,505.699,1169.7,509.954,0.0064
mixed,128,3,0.0234,4.0,32,0,256,1024,274,735.395,2014.57,762.563,0.0212
mixed,128,3,0.0234,4.0,32,0,512,2048,548,1191.2,4603.7,1263.68,0.0212
mixed,128,3,0.0234,4.0,32,0,1024,4096,1096,2056.26,12909.5,2217.77,0.0149
mixed,128,3,0.0234,4.0,32,0,2048,8192,2192,5051.32,25864.6,5244.02,0.0093
mixed,128,3,0.0234,4.0,32,0,4096,16384,4384,13794.9,60439.8,15141.2,0.0289
mixed,128,3,0.0234,4.0,32,512,128,512,137,519.553,1175.72,517.026,-0.0039
mixed,128,3,0.0234,4.0,32,512,256,1024,274,747.17,2023.14,776.323,0.0228
mixed,128,3,0.0234,4.0,32,512,512,2048,548,1202.66,4656.27,1269.25,0.0193
mixed,128,3,0.0234,4.0,32,512,1024,4096,1096,2062.79,12922,2224.42,0.0149
mixed,128,3,0.0234,4.0,32,512,2048,8192,2192,5071.06,25728.4,5300.79,0.0111
mixed,128,3,0.0234,4.0,32,512,4096,16384,4384,13812,64548.5,15117.1,0.0257
mixed,128,3,0.0234,4.0,32,1024,128,512,137,556.802,1186.85,553.443,-0.0053
mixed,128,3,0.0234,4.0,32,1024,256,1024,274,778.499,2035.82,776.997,-0.0012
mixed,128,3,0.0234,4.0,32,1024,512,2048,548,1205.48,4593.81,1277.51,0.0213
mixed,128,3,0.0234,4.0,32,1024,1024,4096,1096,2070.95,12927,2216.45,0.0134
mixed,128,3,0.0234,4.0,32,1024,2048,8192,2192,5114.61,25919.9,5282.07,0.008
mixed,128,3,0.0234,4.0,32,1024,4096,16384,4384,13821,63587.7,15134.4,0.0264
mixed,128,3,0.0234,4.0,32,2048,128,512,137,618.627,1250.79,622.69,0.0064
mixed,128,3,0.0234,4.0,32,2048,256,1024,274,844.322,2057.45,844.035,-0.0002
mixed,128,3,0.0234,4.0,32,2048,512,2048,548,1265.15,4665.42,1274.88,0.0029
mixed,128,3,0.0234,4.0,32,2048,1024,4096,1096,2100.52,13029.8,2226.72,0.0115
mixed,128,3,0.0234,4.0,32,2048,2048,8192,2192,5145.3,26276.2,5318.71,0.0082
mixed,128,3,0.0234,4.0,32,2048,4096,16384,4384,13962.8,64213.6,15356.5,0.0277
mixed,128,3,0.0234,4.0,32,4096,128,512,137,756.259,1374.12,766.753,0.017
mixed,128,3,0.0234,4.0,32,4096,256,1024,274,977.38,2175.49,998.916,0.018
mixed,128,3,0.0234,4.0,32,4096,512,2048,548,1413.44,4689.68,1435.72,0.0068
mixed,128,3,0.0234,4.0,32,4096,1024,4096,1096,2231.3,13015.9,2228.39,-0.0003
mixed,128,3,0.0234,4.0,32,4096,2048,8192,2192,5276.15,28990.7,5301.3,0.0011
mixed,128,3,0.0234,4.0,32,4096,4096,16384,4384,13898.8,65113.2,15315,0.0277
mixed,128,3,0.0234,4.0,32,8192,128,512,137,1020.36,1666.95,1029.54,0.0142
mixed,128,3,0.0234,4.0,32,8192,256,1024,274,1259.46,2474.41,1284.01,0.0202
mixed,128,3,0.0234,4.0,32,8192,512,2048,548,1674.6,4994.99,1758.05,0.0251
mixed,128,3,0.0234,4.0,32,8192,1024,4096,1096,2527.3,13414.7,2563.95,0.0034
mixed,128,3,0.0234,4.0,32,8192,2048,8192,2192,5569.59,26600.6,5426.23,-0.0068
mixed,128,3,0.0234,4.0,32,8192,4096,16384,4384,14294,65429.5,15454,0.0227
mixed,128,3,0.0234,4.0,64,0,128,512,137,504.514,1169.67,510.498,0.009
mixed,128,3,0.0234,4.0,64,0,256,1024,274,736.707,2017.77,764.675,0.0218
mixed,128,3,0.0234,4.0,64,0,512,2048,548,1190.34,4605.46,1259.59,0.0203
mixed,128,3,0.0234,4.0,64,0,1024,4096,1096,2056.23,12909.5,2219.43,0.015
mixed,128,3,0.0234,4.0,64,0,2048,8192,2192,5063.76,25753.3,5222.61,0.0077
mixed,128,3,0.0234,4.0,64,0,4096,16384,4384,13790.6,64987.4,15105.5,0.0257
mixed,128,3,0.0234,4.0,64,512,128,512,137,522.242,1181.38,520.322,-0.0029
mixed,128,3,0.0234,4.0,64,512,256,1024,274,752.897,2026.47,774.468,0.0169
mixed,128,3,0.0234,4.0,64,512,512,2048,548,1203.4,4636.78,1274.85,0.0208
mixed,128,3,0.0234,4.0,64,512,1024,4096,1096,2064.04,12918.7,2221.86,0.0145
mixed,128,3,0.0234,4.0,64,512,2048,8192,2192,5113.78,25830,5319.6,0.0099
mixed,128,3,0.0234,4.0,64,512,4096,16384,4384,13821.7,64718.7,15204.9,0.0272
mixed,128,3,0.0234,4.0,64,1024,128,512,137,555.265,1186.28,551.68,-0.0057
mixed,128,3,0.0234,4.0,64,1024,256,1024,274,777.122,2035.34,777.988,0.0007
mixed,128,3,0.0234,4.0,64,1024,512,2048,548,1205.83,4583.92,1270.18,0.0191
mixed,128,3,0.0234,4.0,64,1024,1024,4096,1096,2069.64,12950.2,2214.89,0.0133
mixed,128,3,0.0234,4.0,64,1024,2048,8192,2192,5108.08,25891.9,5257.62,0.0072
mixed,128,3,0.0234,4.0,64,1024,4096,16384,4384,13823.9,64766.5,15208.1,0.0272
mixed,128,3,0.0234,4.0,64,2048,128,512,137,626.818,1246.82,625.888,-0.0015
mixed,128,3,0.0234,4.0,64,2048,256,1024,274,847.202,2057.45,843.779,-0.0028
mixed,128,3,0.0234,4.0,64,2048,512,2048,548,1270.18,4678.03,1274.69,0.0013
mixed,128,3,0.0234,4.0,64,2048,1024,4096,1096,2100.55,13014.5,2226.05,0.0115
mixed,128,3,0.0234,4.0,64,2048,2048,8192,2192,5123.03,26358.4,5328.5,0.0097
mixed,128,3,0.0234,4.0,64,2048,4096,16384,4384,13963,64549,15316.1,0.0267
mixed,128,3,0.0234,4.0,64,4096,128,512,137,761.602,1382.28,770.178,0.0138
mixed,128,3,0.0234,4.0,64,4096,256,1024,274,980.964,2191.08,1000.48,0.0161
mixed,128,3,0.0234,4.0,64,4096,512,2048,548,1410.76,4707.12,1436.04,0.0077
mixed,128,3,0.0234,4.0,64,4096,1024,4096,1096,2231.08,13033.9,2228.39,-0.0002
mixed,128,3,0.0234,4.0,64,4096,2048,8192,2192,5282.1,27464.6,5341.04,0.0027
mixed,128,3,0.0234,4.0,64,4096,4096,16384,4384,13921.2,65044.5,15226,0.0255
mixed,128,3,0.0234,4.0,64,8192,128,512,137,1026.12,1672.01,1028.48,0.0037
mixed,128,3,0.0234,4.0,64,8192,256,1024,274,1263.94,2478.92,1285.29,0.0176
mixed,128,3,0.0234,4.0,64,8192,512,2048,548,1701.13,5027.6,1769.86,0.0207
mixed,128,3,0.0234,4.0,64,8192,1024,4096,1096,2524.68,13419.3,2563.43,0.0036
mixed,128,3,0.0234,4.0,64,8192,2048,8192,2192,5574.84,26259.7,5408.95,-0.008
mixed,128,3,0.0234,4.0,64,8192,4096,16384,4384,14308.8,65150.3,15399.3,0.0214
mixed,128,3,0.0234,4.0,128,0,128,512,137,529.155,1197.64,532.675,0.0053
mixed,128,3,0.0234,4.0,128,0,256,1024,274,758.084,2044.11,791.713,0.0261
mixed,128,3,0.0234,4.0,128,0,512,2048,548,1217.61,4647.73,1287.43,0.0204
mixed,128,3,0.0234,4.0,128,0,1024,4096,1096,2079.94,12913.9,2241.86,0.0149
mixed,128,3,0.0234,4.0,128,0,2048,8192,2192,5109.43,26307.1,5288.69,0.0085
mixed,128,3,0.0234,4.0,128,0,4096,16384,4384,13810.3,62742.8,15252.2,0.0295
mixed,128,3,0.0234,4.0,128,512,128,512,137,548.417,1207.62,547.105,-0.002
mixed,128,3,0.0234,4.0,128,512,256,1024,274,774.05,2052.81,804.802,0.024
mixed,128,3,0.0234,4.0,128,512,512,2048,548,1226.66,4678.77,1303.59,0.0223
mixed,128,3,0.0234,4.0,128,512,1024,4096,1096,2090.76,12931.9,2242.57,0.014
mixed,128,3,0.0234,4.0,128,512,2048,8192,2192,5128.6,26138.4,5335.86,0.0099
mixed,128,3,0.0234,4.0,128,512,4096,16384,4384,13831,65079.9,15236.1,0.0274
mixed,128,3,0.0234,4.0,128,1024,128,512,137,586.178,1217,589.315,0.005
mixed,128,3,0.0234,4.0,128,1024,256,1024,274,809.026,2062.25,811.429,0.0019
mixed,128,3,0.0234,4.0,128,1024,512,2048,548,1239.72,4603.44,1303.17,0.0189
mixed,128,3,0.0234,4.0,128,1024,1024,4096,1096,2106.79,12941.4,2247.62,0.013
mixed,128,3,0.0234,4.0,128,1024,2048,8192,2192,5052.21,25935.1,5278.64,0.0108
mixed,128,3,0.0234,4.0,128,1024,4096,16384,4384,13855.4,63637.4,15235.1,0.0277
mixed,128,3,0.0234,4.0,128,2048,128,512,137,668.611,1289.73,677.952,0.015
mixed,128,3,0.0234,4.0,128,2048,256,1024,274,883.811,2088.45,915.395,0.0262
mixed,128,3,0.0234,4.0,128,2048,512,2048,548,1315.65,4645.33,1354.08,0.0115
mixed,128,3,0.0234,4.0,128,2048,1024,4096,1096,2134.38,13101.9,2246.12,0.0102
mixed,128,3,0.0234,4.0,128,2048,2048,8192,2192,5224.59,28325.6,5286.04,0.0027
mixed,128,3,0.0234,4.0,128,2048,4096,16384,4384,14080.1,64749.1,15811.4,0.0342
mixed,128,3,0.0234,4.0,128,4096,128,512,137,827.363,1430.69,834.69,0.0121
mixed,128,3,0.0234,4.0,128,4096,256,1024,274,1070.56,2239.69,1096.71,0.0224
mixed,128,3,0.0234,4.0,128,4096,512,2048,548,1464.2,4695.89,1569.06,0.0324
mixed,128,3,0.0234,4.0,128,4096,1024,4096,1096,2285.58,13279.1,2430.19,0.0132
mixed,128,3,0.0234,4.0,128,4096,2048,8192,2192,5226.04,31258.2,5301.4,0.0029
mixed,128,3,0.0234,4.0,128,4096,4096,16384,4384,14183.2,65397,15377.3,0.0233
mixed,128,3,0.0234,4.0,128,8192,128,512,137,1104.87,1807.91,1109.12,0.0061
mixed,128,3,0.0234,4.0,128,8192,256,1024,274,1362.4,2503.72,1380.17,0.0156
mixed,128,3,0.0234,4.0,128,8192,512,2048,548,1823.14,5068.76,1866.6,0.0134
mixed,128,3,0.0234,4.0,128,8192,1024,4096,1096,2557.39,13356.3,2817.64,0.0241
mixed,128,3,0.0234,4.0,128,8192,2048,8192,2192,5714.26,26711.7,5495.57,-0.0104
mixed,128,3,0.0234,4.0,128,8192,4096,16384,4384,14270.8,65531.8,15364.5,0.0213
mixed,128,3,0.0234,4.0,256,0,128,512,137,575.427,1245.6,585.248,0.0147
mixed,128,3,0.0234,4.0,256,0,256,1024,274,810.181,2098.63,843.204,0.0256
mixed,128,3,0.0234,4.0,256,0,512,2048,548,1268.99,4689.01,1339.46,0.0206
mixed,128,3,0.0234,4.0,256,0,1024,4096,1096,2137.7,12936.4,2293.55,0.0144
mixed,128,3,0.0234,4.0,256,0,2048,8192,2192,5137.59,25955.5,5323.9,0.0089
mixed,128,3,0.0234,4.0,256,0,4096,16384,4384,13826.9,64991.2,15208.7,0.027
mixed,128,3,0.0234,4.0,256,512,128,512,137,618.531,1265.67,618.627,0.0001
mixed,128,3,0.0234,4.0,256,512,256,1024,274,835.458,2109.16,870.595,0.0276
mixed,128,3,0.0234,4.0,256,512,512,2048,548,1291.14,4644.76,1369.44,0.0233
mixed,128,3,0.0234,4.0,256,512,1024,4096,1096,2153.13,12953.2,2300.52,0.0136
mixed,128,3,0.0234,4.0,256,512,2048,8192,2192,5201.71,25992.2,5347.35,0.007
mixed,128,3,0.0234,4.0,256,512,4096,16384,4384,13844.5,65118.2,15185.6,0.0262
mixed,128,3,0.0234,4.0,256,1024,128,512,137,671.011,1293.95,670.593,-0.0007
mixed,128,3,0.0234,4.0,256,1024,256,1024,274,889.764,2131.94,906.307,0.0133
mixed,128,3,0.0234,4.0,256,1024,512,2048,548,1316.01,4614.9,1431.82,0.0351
mixed,128,3,0.0234,4.0,256,1024,1024,4096,1096,2183.11,12966.4,2314.28,0.0122
mixed,128,3,0.0234,4.0,256,1024,2048,8192,2192,5152.63,26070.2,5315.92,0.0078
mixed,128,3,0.0234,4.0,256,1024,4096,16384,4384,13877.8,65001.1,15285.1,0.0275
mixed,128,3,0.0234,4.0,256,2048,128,512,137,765.986,1418.09,767.844,0.0028
mixed,128,3,0.0234,4.0,256,2048,256,1024,274,1010.28,2178.02,1025.41,0.013
mixed,128,3,0.0234,4.0,256,2048,512,2048,548,1438.25,4636.5,1502.08,0.02
mixed,128,3,0.0234,4.0,256,2048,1024,4096,1096,2225.16,13646.8,2529.64,0.0267
mixed,128,3,0.0234,4.0,256,2048,2048,8192,2192,5208.25,32041.3,5455.96,0.0092
mixed,128,3,0.0234,4.0,256,2048,4096,16384,4384,14606.9,65242.5,17829.4,0.0636
mixed,128,3,0.0234,4.0,256,4096,128,512,137,946.21,1654.44,951.906,0.008
mixed,128,3,0.0234,4.0,256,4096,256,1024,274,1198.24,2447.66,1203.43,0.0041
mixed,128,3,0.0234,4.0,256,4096,512,2048,548,1666.12,4761.3,1690.44,0.0079
mixed,128,3,0.0234,4.0,256,4096,1024,4096,1096,2483.27,13306.5,2636.59,0.0142
mixed,128,3,0.0234,4.0,256,4096,2048,8192,2192,5414.36,32637,5426.2,0.0004
mixed,128,3,0.0234,4.0,256,4096,4096,16384,4384,14211.7,65576.5,15006.4,0.0155
mixed,128,3,0.0234,4.0,256,8192,128,512,137,1294.24,1992.36,1299.04,0.0069
mixed,128,3,0.0234,4.0,256,8192,256,1024,274,1534.31,2901.32,1557.32,0.0168
mixed,128,3,0.0234,4.0,256,8192,512,2048,548,2016.68,4797.55,2041,0.0087
mixed,128,3,0.0234,4.0,256,8192,1024,4096,1096,2957.1,13939.8,2962.73,0.0005
mixed,128,3,0.0234,4.0,256,8192,2048,8192,2192,5894.26,26745.5,5664.18,-0.011
mixed,128,3,0.0234,4.0,256,8192,4096,16384,4384,14812.5,65978.6,15663.1,0.0166
mixed,128,3,0.0234,4.0,512,0,128,512,137,683.937,1352.84,688.77,0.0072
mixed,128,3,0.0234,4.0,512,0,256,1024,274,915.426,2205.29,951.299,0.0278
mixed,128,3,0.0234,4.0,512,0,512,2048,548,1375.24,4746.71,1470.09,0.0281
mixed,128,3,0.0234,4.0,512,0,1024,4096,1096,2248.36,12972,2425.48,0.0165
mixed,128,3,0.0234,4.0,512,0,2048,8192,2192,5230.51,25831.7,5414.84,0.0089
mixed,128,3,0.0234,4.0,512,0,4096,16384,4384,13871.5,64182.2,15177.2,0.026
mixed,128,3,0.0234,4.0,512,512,128,512,137,760.385,1409.92,755.97,-0.0068
mixed,128,3,0.0234,4.0,512,512,256,1024,274,975.749,2235.98,996.163,0.0162
mixed,128,3,0.0234,4.0,512,512,512,2048,548,1425.48,4647.79,1522.92,0.0302
mixed,128,3,0.0234,4.0,512,512,1024,4096,1096,2283.75,12994.2,2513.99,0.0215
mixed,128,3,0.0234,4.0,512,512,2048,8192,2192,5309.52,26005.2,5355.44,0.0022
mixed,128,3,0.0234,4.0,512,512,4096,16384,4384,13890.9,60842.1,15353.8,0.0312
mixed,128,3,0.0234,4.0,512,1024,128,512,137,825.443,1493.86,826.435,0.0015
mixed,128,3,0.0234,4.0,512,1024,256,1024,274,1051.65,2286.89,1059.78,0.0066
mixed,128,3,0.0234,4.0,512,1024,512,2048,548,1500.84,4779.51,1572.84,0.022
mixed,128,3,0.0234,4.0,512,1024,1024,4096,1096,2325.35,13062.3,2597.51,0.0253
mixed,128,3,0.0234,4.0,512,1024,2048,8192,2192,5289.65,26331.1,5483.54,0.0092
mixed,128,3,0.0234,4.0,512,1024,4096,16384,4384,13932.1,64253.3,15685.7,0.0348
mixed,128,3,0.0234,4.0,512,2048,128,512,137,959.396,1624.3,957.636,-0.0026
mixed,128,3,0.0234,4.0,512,2048,256,1024,274,1180.9,2495.91,1192.1,0.0085
mixed,128,3,0.0234,4.0,512,2048,512,2048,548,1644.07,4712.63,1660.14,0.0052
mixed,128,3,0.0234,4.0,512,2048,1024,4096,1096,2525.67,16380.2,2701.13,0.0127
mixed,128,3,0.0234,4.0,512,2048,2048,8192,2192,5442.74,32398.2,5123.28,-0.0119
mixed,128,3,0.0234,4.0,512,2048,4096,16384,4384,17537.1,65228.3,18191.5,0.0137
mixed,128,3,0.0234,4.0,512,4096,128,512,137,1216.93,1869.19,1214.88,-0.0031
mixed,128,3,0.0234,4.0,512,4096,256,1024,274,1429.77,2746.67,1447.88,0.0138
mixed,128,3,0.0234,4.0,512,4096,512,2048,548,1891.62,4553.14,1915.81,0.0091
mixed,128,3,0.0234,4.0,512,4096,1024,4096,1096,2799.98,13791.5,2810.38,0.0009
mixed,128,3,0.0234,4.0,512,4096,2048,8192,2192,5638.36,33129,5377.62,-0.0095
mixed,128,3,0.0234,4.0,512,4096,4096,16384,4384,14751.6,66028.2,15628.5,0.0171
mixed,128,3,0.0234,4.0,512,8192,128,512,137,1706.05,2379.34,1721.93,0.0236
mixed,128,3,0.0234,4.0,512,8192,256,1024,274,1937.96,3243.21,1946.57,0.0066
mixed,128,3,0.0234,4.0,512,8192,512,2048,548,2396.81,5402.2,2426.05,0.0097
mixed,128,3,0.0234,4.0,512,8192,1024,4096,1096,3291.31,14579.6,3330.06,0.0034
mixed,128,3,0.0234,4.0,512,8192,2048,8192,2192,6305.24,28228.6,6016.95,-0.0131
mixed,128,3,0.0234,4.0,512,8192,4096,16384,4384,16476,66177.5,18054,0.0317
mixed,128,3,0.0234,4.0,1024,0,128,512,137,969.699,1614.88,968.612,-0.0017
mixed,128,3,0.0234,4.0,1024,0,256,1024,274,1171.24,2479.78,1196.8,0.0195
mixed,128,3,0.0234,4.0,1024,0,512,2048,548,1632.74,4818.93,1720.81,0.0276
mixed,128,3,0.0234,4.0,1024,0,1024,4096,1096,2534.57,13052.9,2708.17,0.0165
mixed,128,3,0.0234,4.0,1024,0,2048,8192,2192,5463,26181.4,5504.21,0.002
mixed,128,3,0.0234,4.0,1024,0,4096,16384,4384,13968.9,63396,15290.9,0.0267
mixed,128,3,0.0234,4.0,1024,512,128,512,137,1079.91,1699.49,1081.83,0.0031
mixed,128,3,0.0234,4.0,1024,512,256,1024,274,1280.33,2570.79,1293.67,0.0103
mixed,128,3,0.0234,4.0,1024,512,512,2048,548,1730.44,4834.06,1790.12,0.0192
mixed,128,3,0.0234,4.0,1024,512,1024,4096,1096,2615.43,13113.8,2801.38,0.0177
mixed,128,3,0.0234,4.0,1024,512,2048,8192,2192,5392.7,26199.9,5549.85,0.0076
mixed,128,3,0.0234,4.0,1024,512,4096,16384,4384,14009.8,64966.5,15553.9,0.0303
mixed,128,3,0.0234,4.0,1024,1024,128,512,137,1193.25,1807.53,1192.55,-0.0011
mixed,128,3,0.0234,4.0,1024,1024,256,1024,274,1387.46,2666.92,1398.34,0.0085
mixed,128,3,0.0234,4.0,1024,1024,512,2048,548,1832.93,4571.57,1864.36,0.0115
mixed,128,3,0.0234,4.0,1024,1024,1024,4096,1096,2710.54,13371,2881.22,0.016
mixed,128,3,0.0234,4.0,1024,1024,2048,8192,2192,5566.29,29483.8,5373.81,-0.008
mixed,128,3,0.0234,4.0,1024,1024,4096,16384,4384,14194.5,65199,17156.2,0.0581
mixed,128,3,0.0234,4.0,1024,2048,128,512,137,1404.13,2014.31,1407.59,0.0057
mixed,128,3,0.0234,4.0,1024,2048,256,1024,274,1594.25,2863.63,1610.63,0.0129
mixed,128,3,0.0234,4.0,1024,2048,512,2048,548,2030.54,4710.06,2065.16,0.0129
mixed,128,3,0.0234,4.0,1024,2048,1024,4096,1096,2923.31,16828.8,3020.68,0.007
mixed,128,3,0.0234,4.0,1024,2048,2048,8192,2192,5282.77,32926.5,5628.73,0.0125
mixed,128,3,0.0234,4.0,1024,2048,4096,16384,4384,18079.7,65664.2,18590.4,0.0107
mixed,128,3,0.0234,4.0,1024,4096,128,512,137,1826.47,2415.75,1823.62,-0.0048
mixed,128,3,0.0234,4.0,1024,4096,256,1024,274,2010.82,3260.49,2023.75,0.0103
mixed,128,3,0.0234,4.0,1024,4096,512,2048,548,2434.5,5291.44,2463.75,0.0102
mixed,128,3,0.0234,4.0,1024,4096,1024,4096,1096,3300.84,14370,3358.6,0.0052
mixed,128,3,0.0234,4.0,1024,4096,2048,8192,2192,6160.09,33611.7,6236.85,0.0028
mixed,128,3,0.0234,4.0,1024,4096,4096,16384,4384,16344.7,66855,17831.3,0.0294
mixed,128,3,0.0234,4.0,1024,8192,128,512,137,2632.36,3212.62,2646.34,0.0241
mixed,128,3,0.0234,4.0,1024,8192,256,1024,274,2824.17,4050.51,2842.35,0.0148
mixed,128,3,0.0234,4.0,1024,8192,512,2048,548,3234.48,6051.25,3267.56,0.0117
mixed,128,3,0.0234,4.0,1024,8192,1024,4096,1096,4102.83,16909,4156.11,0.0042
mixed,128,3,0.0234,4.0,1024,8192,2048,8192,2192,7004.51,32418.7,6877.4,-0.005
mixed,128,3,0.0234,4.0,1024,8192,4096,16384,4384,18074.6,67002.5,18627,0.0113
mixed,128,3,0.0234,4.0,2048,0,128,512,137,1686.37,2234.6,1675.21,-0.0204
mixed,128,3,0.0234,4.0,2048,0,256,1024,274,1871.46,3096.91,1869.61,-0.0015
mixed,128,3,0.0234,4.0,2048,0,512,2048,548,2253.54,5015.99,2295.43,0.0152
mixed,128,3,0.0234,4.0,2048,0,1024,4096,1096,3139.11,14209.3,3297.36,0.0143
mixed,128,3,0.0234,4.0,2048,0,2048,8192,2192,5933.27,30888.8,5908.69,-0.001
mixed,128,3,0.0234,4.0,2048,0,4096,16384,4384,15252,65287.3,17737.3,0.0497
mixed,128,3,0.0234,4.0,2048,512,128,512,137,1865.64,2414.31,1865.16,-0.0009
mixed,128,3,0.0234,4.0,2048,512,256,1024,274,2046.95,3251.12,2062.06,0.0125
mixed,128,3,0.0234,4.0,2048,512,512,2048,548,2434.18,5180.56,2465.22,0.0113
mixed,128,3,0.0234,4.0,2048,512,1024,4096,1096,3288.27,16309.2,3446.28,0.0121
mixed,128,3,0.0234,4.0,2048,512,2048,8192,2192,6134.87,31571,6109.05,-0.001
mixed,128,3,0.0234,4.0,2048,512,4096,16384,4384,17394.5,65430.3,18352.6,0.0199
mixed,128,3,0.0234,4.0,2048,1024,128,512,137,2056.97,2601.26,2058.28,0.0024
mixed,128,3,0.0234,4.0,2048,1024,256,1024,274,2237.54,3415.5,2251.43,0.0118
mixed,128,3,0.0234,4.0,2048,1024,512,2048,548,2623.98,5358.45,2654.03,0.011
mixed,128,3,0.0234,4.0,2048,1024,1024,4096,1096,3463.28,16784.9,3595.53,0.0099
mixed,128,3,0.0234,4.0,2048,1024,2048,8192,2192,5934.36,33017.7,6441.18,0.0187
mixed,128,3,0.0234,4.0,2048,1024,4096,16384,4384,17926.1,65546.9,18425.7,0.0105
mixed,128,3,0.0234,4.0,2048,2048,128,512,137,2435.69,2967.79,2436.55,0.0016
mixed,128,3,0.0234,4.0,2048,2048,256,1024,274,2614.25,3797,2626.18,0.0101
mixed,128,3,0.0234,4.0,2048,2048,512,2048,548,2980.33,5651.8,3020.65,0.0151
mixed,128,3,0.0234,4.0,2048,2048,1024,4096,1096,3843.73,17251.4,3915.54,0.0054
mixed,128,3,0.0234,4.0,2048,2048,2048,8192,2192,6551.93,33987.6,6582.74,0.0011
mixed,128,3,0.0234,4.0,2048,2048,4096,16384,4384,18429.3,67472.7,18888.8,0.0094
mixed,128,3,0.0234,4.0,2048,4096,128,512,137,3167.79,3700.3,3173.13,0.01
mixed,128,3,0.0234,4.0,2048,4096,256,1024,274,3348.11,4491.66,3369.55,0.0187
mixed,128,3,0.0234,4.0,2048,4096,512,2048,548,3712.36,6368.82,3748.75,0.0137
mixed,128,3,0.0234,4.0,2048,4096,1024,4096,1096,4532.5,16684.6,4583.44,0.0042
mixed,128,3,0.0234,4.0,2048,4096,2048,8192,2192,7412.95,34046.9,7403.51,-0.0004
mixed,128,3,0.0234,4.0,2048,4096,4096,16384,4384,18097.8,67550.4,18582.7,0.0098
mixed,128,3,0.0234,4.0,2048,8192,128,512,137,4627.03,5158.1,4624.75,-0.0043
mixed,128,3,0.0234,4.0,2048,8192,256,1024,274,4809.71,5904.11,4820.47,0.0098
mixed,128,3,0.0234,4.0,2048,8192,512,2048,548,5173.75,7675.39,5210.07,0.0145
mixed,128,3,0.0234,4.0,2048,8192,1024,4096,1096,5935.89,17303.8,6007.29,0.0063
mixed,128,3,0.0234,4.0,2048,8192,2048,8192,2192,8543.84,33685.1,8396.09,-0.0059
mixed,128,3,0.0234,4.0,2048,8192,4096,16384,4384,18534.9,67723.1,18765.2,0.0047
pure,128,4,0.0312,4.0,0,0,128,512,140,240.385,686.692,250.882,0.0235
pure,128,4,0.0312,4.0,0,0,256,1024,280,427.744,1212.26,466.431,0.0493
pure,128,4,0.0312,4.0,0,0,512,2048,560,731.968,2272.68,804.963,0.0474
pure,128,4,0.0312,4.0,0,0,1024,4096,1120,1307.2,4382.54,1452.97,0.0474
pure,128,4,0.0312,4.0,0,0,2048,8192,2240,2470.79,8565.57,2754.51,0.0466
pure,128,4,0.0312,4.0,0,0,4096,16384,4480,4778.48,16959.8,5391.86,0.0504
mixed,128,4,0.0312,4.0,16,0,128,512,140,505.571,1169.16,513.665,0.0122
mixed,128,4,0.0312,4.0,16,0,256,1024,280,739.906,2016.1,767.589,0.0217
mixed,128,4,0.0312,4.0,16,0,512,2048,560,1193.96,4627.63,1266.85,0.0212
mixed,128,4,0.0312,4.0,16,0,1024,4096,1120,2072.01,12900.4,2225.16,0.0141
mixed,128,4,0.0312,4.0,16,0,2048,8192,2240,5222.45,26066.7,5375.51,0.0073
mixed,128,4,0.0312,4.0,16,0,4096,16384,4480,14103.5,64885.3,15708,0.0316
mixed,128,4,0.0312,4.0,16,512,128,512,140,522.689,1181.41,521.922,-0.0012
mixed,128,4,0.0312,4.0,16,512,256,1024,280,753.443,2024.01,780.514,0.0213
mixed,128,4,0.0312,4.0,16,512,512,2048,560,1207.59,4638.55,1273.54,0.0192
mixed,128,4,0.0312,4.0,16,512,1024,4096,1120,2077.54,12913.9,2220.74,0.0132
mixed,128,4,0.0312,4.0,16,512,2048,8192,2240,5230.29,26197.9,5397.81,0.008
mixed,128,4,0.0312,4.0,16,512,4096,16384,4480,14105.1,64421.4,15944.4,0.0366
mixed,128,4,0.0312,4.0,16,1024,128,512,140,557.666,1182.31,556.739,-0.0015
mixed,128,4,0.0312,4.0,16,1024,256,1024,280,778.85,2031.59,784.357,0.0044
mixed,128,4,0.0312,4.0,16,1024,512,2048,560,1211.59,4607.82,1274.21,0.0184
mixed,128,4,0.0312,4.0,16,1024,1024,4096,1120,2086.82,12939.4,2222.66,0.0125
mixed,128,4,0.0312,4.0,16,1024,2048,8192,2240,5244.4,25999.7,5364.24,0.0058
mixed,128,4,0.0312,4.0,16,1024,4096,16384,4480,14128.9,63912.6,16343.9,0.0445
mixed,128,4,0.0312,4.0,16,2048,128,512,140,625.6,1242.98,626.69,0.0018
mixed,128,4,0.0312,4.0,16,2048,256,1024,280,850.309,2056.61,852.771,0.002
mixed,128,4,0.0312,4.0,16,2048,512,2048,560,1271.62,4658.8,1300.16,0.0084
mixed,128,4,0.0312,4.0,16,2048,1024,4096,1120,2118.47,12994.5,2225.51,0.0098
mixed,128,4,0.0312,4.0,16,2048,2048,8192,2240,5310.2,26463.6,5445.24,0.0064
mixed,128,4,0.0312,4.0,16,2048,4096,16384,4480,14258.2,64878.7,16418.1,0.0427
mixed,128,4,0.0312,4.0,16,4096,128,512,140,760.643,1385.86,772.769,0.0194
mixed,128,4,0.0312,4.0,16,4096,256,1024,280,981.029,2175.46,1021.83,0.0342
mixed,128,4,0.0312,4.0,16,4096,512,2048,560,1418.95,4683.99,1486.66,0.0207
mixed,128,4,0.0312,4.0,16,4096,1024,4096,1120,2249.32,13030.6,2305.51,0.0052
mixed,128,4,0.0312,4.0,16,4096,2048,8192,2240,5363.83,28130.8,5459.73,0.0042
mixed,128,4,0.0312,4.0,16,4096,4096,16384,4480,14245.1,65152.8,15766.2,0.0299
mixed,128,4,0.0312,4.0,16,8192,128,512,140,1023.52,1662.34,1035.65,0.019
mixed,128,4,0.0312,4.0,16,8192,256,1024,280,1265.06,2471.27,1301.61,0.0303
mixed,128,4,0.0312,4.0,16,8192,512,2048,560,1712.97,5011.86,1783.46,0.0214
mixed,128,4,0.0312,4.0,16,8192,1024,4096,1120,2541.83,13407.3,2709.86,0.0155
mixed,128,4,0.0312,4.0,16,8192,2048,8192,2240,5867.54,26130.3,5774.04,-0.0046
mixed,128,4,0.0312,4.0,16,8192,4096,16384,4480,14609.8,64963.6,15739,0.0224
mixed,128,4,0.0312,4.0,32,0,128,512,140,507.331,1171.81,515.97,0.013
mixed,128,4,0.0312,4.0,32,0,256,1024,280,742.882,2019.14,771.907,0.0227
mixed,128,4,0.0312,4.0,32,0,512,2048,560,1201.38,4621.52,1271.14,0.0204
mixed,128,4,0.0312,4.0,32,0,1024,4096,1120,2074.09,12903.7,2228.17,0.0142
mixed,128,4,0.0312,4.0,32,0,2048,8192,2240,5191.22,25873.1,5426.87,0.0114
mixed,128,4,0.0312,4.0,32,0,4096,16384,4480,14098.5,64910.1,15624.2,0.03
mixed,128,4,0.0312,4.0,32,512,128,512,140,522.177,1181.64,522.017,-0.0002
mixed,128,4,0.0312,4.0,32,512,256,1024,280,754.692,2024.9,782.115,0.0216
mixed,128,4,0.0312,4.0,32,512,512,2048,560,1208.45,4637.78,1276.32,0.0198
mixed,128,4,0.0312,4.0,32,512,1024,4096,1120,2077.25,12921.7,2232.81,0.0143
mixed,128,4,0.0312,4.0,32,512,2048,8192,2240,5217.36,25781.4,5409.11,0.0093
mixed,128,4,0.0312,4.0,32,512,4096,16384,4480,14115.5,64474.9,15824.6,0.0339
mixed,128,4,0.0312,4.0,32,1024,128,512,140,557.154,1186.24,558.242,0.0017
mixed,128,4,0.0312,4.0,32,1024,256,1024,280,781.826,2034.21,787.042,0.0042
mixed,128,4,0.0312,4.0,32,1024,512,2048,560,1214.85,4614.77,1275.52,0.0178
mixed,128,4,0.0312,4.0,32,1024,1024,4096,1120,2088.33,12924.8,2229.7,0.013
mixed,128,4,0.0312,4.0,32,1024,2048,8192,2240,5257.91,25903.8,5389.46,0.0064
mixed,128,4,0.0312,4.0,32,1024,4096,16384,4480,14124.5,64773,15801,0.0331
mixed,128,4,0.0312,4.0,32,2048,128,512,140,626.978,1247.01,627.363,0.0006
mixed,128,4,0.0312,4.0,32,2048,256,1024,280,849.058,2048.65,852.994,0.0033
mixed,128,4,0.0312,4.0,32,2048,512,2048,560,1275.72,4666.03,1303.2,0.0081
mixed,128,4,0.0312,4.0,32,2048,1024,4096,1120,2120.97,13029,2238.95,0.0108
mixed,128,4,0.0312,4.0,32,2048,2048,8192,2240,5268.4,26202.3,5374.71,0.0051
mixed,128,4,0.0312,4.0,32,2048,4096,16384,4480,14272,63964.4,16133.7,0.0375
mixed,128,4,0.0312,4.0,32,4096,128,512,140,764.035,1380.13,774.531,0.017
mixed,128,4,0.0312,4.0,32,4096,256,1024,280,981.668,2190.18,1021.38,0.0329
mixed,128,4,0.0312,4.0,32,4096,512,2048,560,1419.05,4696.5,1494.41,0.023
mixed,128,4,0.0312,4.0,32,4096,1024,4096,1120,2251.69,13023.2,2308.84,0.0053
mixed,128,4,0.0312,4.0,32,4096,2048,8192,2240,5477.65,27707.6,5525.08,0.0021
mixed,128,4,0.0312,4.0,32,4096,4096,16384,4480,14224.3,65267.7,15699.2,0.0289
mixed,128,4,0.0312,4.0,32,8192,128,512,140,1022.6,1683.14,1037.35,0.0223
mixed,128,4,0.0312,4.0,32,8192,256,1024,280,1268.64,2480.81,1297.86,0.0241
mixed,128,4,0.0312,4.0,32,8192,512,2048,560,1716.84,4972.5,1775.14,0.0179
mixed,128,4,0.0312,4.0,32,8192,1024,4096,1120,2541.93,13437.3,2726.51,0.0169
mixed,128,4,0.0312,4.0,32,8192,2048,8192,2240,5805.3,26438.9,5788.53,-0.0008
mixed,128,4,0.0312,4.0,32,8192,4096,16384,4480,14590.9,65202.1,15442.8,0.0168
mixed,128,4,0.0312,4.0,64,0,128,512,140,508.897,1173.92,514.657,0.0087
mixed,128,4,0.0312,4.0,64,0,256,1024,280,742.05,2021.61,773.091,0.0243
mixed,128,4,0.0312,4.0,64,0,512,2048,560,1199.81,4654.77,1273,0.0212
mixed,128,4,0.0312,4.0,64,0,1024,4096,1120,2075.11,12905.6,2230.25,0.0143
mixed,128,4,0.0312,4.0,64,0,2048,8192,2240,5205.07,25773.9,5378.26,0.0084
mixed,128,4,0.0312,4.0,64,0,4096,16384,4480,14106.3,62931.2,15754.3,0.0338
mixed,128,4,0.0312,4.0,64,512,128,512,140,521.44,1177.89,523.684,0.0034
mixed,128,4,0.0312,4.0,64,512,256,1024,280,754.308,2025.54,780.962,0.021
mixed,128,4,0.0312,4.0,64,512,512,2048,560,1202.12,4627.22,1273.09,0.0207
mixed,128,4,0.0312,4.0,64,512,1024,4096,1120,2080.97,12929.9,2229.51,0.0137
mixed,128,4,0.0312,4.0,64,512,2048,8192,2240,5263.35,25889,5445.94,0.0089
mixed,128,4,0.0312,4.0,64,512,4096,16384,4480,14118.8,63855.7,15851.4,0.0348
mixed,128,4,0.0312,4.0,64,1024,128,512,140,557.378,1183.3,555.008,-0.0038
mixed,128,4,0.0312,4.0,64,1024,256,1024,280,778.467,2033,783.042,0.0036
mixed,128,4,0.0312,4.0,64,1024,512,2048,560,1210.63,4598.45,1275.17,0.0191
mixed,128,4,0.0312,4.0,64,1024,1024,4096,1120,2091.21,12937.1,2232.42,0.013
mixed,128,4,0.0312,4.0,64,1024,2048,8192,2240,5255.22,25879.5,5394.77,0.0068
mixed,128,4,0.0312,4.0,64,1024,4096,16384,4480,14136.7,64559.1,16080.1,0.0385
mixed,128,4,0.0312,4.0,64,2048,128,512,140,625.377,1250.89,630.561,0.0083
mixed,128,4,0.0312,4.0,64,2048,256,1024,280,852.066,2051.21,854.66,0.0022
mixed,128,4,0.0312,4.0,64,2048,512,2048,560,1276.26,4663.15,1293.86,0.0052
mixed,128,4,0.0312,4.0,64,2048,1024,4096,1120,2113.99,13031.3,2228.61,0.0105
mixed,128,4,0.0312,4.0,64,2048,2048,8192,2240,5309.11,26547.9,5427.28,0.0056
mixed,128,4,0.0312,4.0,64,2048,4096,16384,4480,14265.8,65055.1,16306.4,0.0402
mixed,128,4,0.0312,4.0,64,4096,128,512,140,763.842,1392.84,782.083,0.029
mixed,128,4,0.0312,4.0,64,4096,256,1024,280,985.54,2186.92,1023.24,0.0314
mixed,128,4,0.0312,4.0,64,4096,512,2048,560,1418.21,4704.02,1490.28,0.0219
mixed,128,4,0.0312,4.0,64,4096,1024,4096,1120,2252.87,13026.8,2300.04,0.0044
mixed,128,4,0.0312,4.0,64,4096,2048,8192,2240,5398.33,27273.1,5478.52,0.0037
mixed,128,4,0.0312,4.0,64,4096,4096,16384,4480,14225.5,65216.1,15740.8,0.0297
mixed,128,4,0.0312,4.0,64,8192,128,512,140,1020.71,1657.61,1034.5,0.0217
mixed,128,4,0.0312,4.0,64,8192,256,1024,280,1276.33,2484.2,1302.47,0.0216
mixed,128,4,0.0312,4.0,64,8192,512,2048,560,1708.52,4982.96,1792,0.0255
mixed,128,4,0.0312,4.0,64,8192,1024,4096,1120,2547.05,13429.6,2726.03,0.0164
mixed,128,4,0.0312,4.0,64,8192,2048,8192,2240,5790.81,26213.9,5802.93,0.0006
mixed,128,4,0.0312,4.0,64,8192,4096,16384,4480,14619.7,64509.6,15460.5,0.0169
mixed,128,4,0.0312,4.0,128,0,128,512,140,530.24,1199.3,540.579,0.0155
mixed,128,4,0.0312,4.0,128,0,256,1024,280,764.131,2047.14,798.947,0.0271
mixed,128,4,0.0312,4.0,128,0,512,2048,560,1225.16,4666.32,1299.53,0.0216
mixed,128,4,0.0312,4.0,128,0,1024,4096,1120,2102.12,12921.2,2250.25,0.0137
mixed,128,4,0.0312,4.0,128,0,2048,8192,2240,5226.19,25788.8,5388.18,0.0079
mixed,128,4,0.0312,4.0,128,0,4096,16384,4480,14122.3,64839.3,15980.2,0.0366
mixed,128,4,0.0312,4.0,128,512,128,512,140,549.602,1210.79,555.396,0.0088
mixed,128,4,0.0312,4.0,128,512,256,1024,280,781.156,2055.56,813.925,0.0257
mixed,128,4,0.0312,4.0,128,512,512,2048,560,1236.52,4654.96,1307.2,0.0207
mixed,128,4,0.0312,4.0,128,512,1024,4096,1120,2109.9,12927.9,2251.75,0.0131
mixed,128,4,0.0312,4.0,128,512,2048,8192,2240,5279.51,25916.8,5411.95,0.0064
mixed,128,4,0.0312,4.0,128,512,4096,16384,4480,14146.8,65061.9,15930.6,0.035
mixed,128,4,0.0312,4.0,128,1024,128,512,140,588.579,1220.78,596.067,0.0118
mixed,128,4,0.0312,4.0,128,1024,256,1024,280,811.971,2067.75,827.011,0.012
mixed,128,4,0.0312,4.0,128,1024,512,2048,560,1246.5,4614.23,1325.92,0.0236
mixed,128,4,0.0312,4.0,128,1024,1024,4096,1120,2127.91,12945.9,2257.16,0.0119
mixed,128,4,0.0312,4.0,128,1024,2048,8192,2240,5297.88,25987.5,5399.41,0.0049
mixed,128,4,0.0312,4.0,128,1024,4096,16384,4480,14142.7,65006.1,15872.3,0.034
mixed,128,4,0.0312,4.0,128,2048,128,512,140,671.106,1288.45,683.2,0.0196
mixed,128,4,0.0312,4.0,128,2048,256,1024,280,886.947,2094.34,931.589,0.037
mixed,128,4,0.0312,4.0,128,2048,512,2048,560,1317.76,4629.87,1401,0.0251
mixed,128,4,0.0312,4.0,128,2048,1024,4096,1120,2157.61,13107.1,2387.95,0.021
mixed,128,4,0.0312,4.0,128,2048,2048,8192,2240,5352.53,28605.8,5492.15,0.006
mixed,128,4,0.0312,4.0,128,2048,4096,16384,4480,14467.9,64802.2,16798.3,0.0463
mixed,128,4,0.0312,4.0,128,4096,128,512,140,831.204,1439.14,836.644,0.0089
mixed,128,4,0.0312,4.0,128,4096,256,1024,280,1073.03,2243.98,1105.35,0.0276
mixed,128,4,0.0312,4.0,128,4096,512,2048,560,1465.96,4739.12,1596.68,0.0399
mixed,128,4,0.0312,4.0,128,4096,1024,4096,1120,2310.51,13272.5,2536.91,0.0207
mixed,128,4,0.0312,4.0,128,4096,2048,8192,2240,5514.19,30649.4,5609.84,0.0038
mixed,128,4,0.0312,4.0,128,4096,4096,16384,4480,14503.2,65239,15448.4,0.0186
mixed,128,4,0.0312,4.0,128,8192,128,512,140,1102.82,1803.75,1112.93,0.0144
mixed,128,4,0.0312,4.0,128,8192,256,1024,280,1360.33,2503.21,1389.64,0.0256
mixed,128,4,0.0312,4.0,128,8192,512,2048,560,1834.21,5122.93,1880.94,0.0142
mixed,128,4,0.0312,4.0,128,8192,1024,4096,1120,2585.16,13354.9,2857.32,0.0253
mixed,128,4,0.0312,4.0,128,8192,2048,8192,2240,5895.99,26589.5,5565.68,-0.016
mixed,128,4,0.0312,4.0,128,8192,4096,16384,4480,14589.6,65607.8,16150.5,0.0306
mixed,128,4,0.0312,4.0,256,0,128,512,140,580,1248.52,593.217,0.0198
mixed,128,4,0.0312,4.0,256,0,256,1024,280,817.091,2102.5,854.499,0.0291
mixed,128,4,0.0312,4.0,256,0,512,2048,560,1275.78,4697.62,1361.48,0.025
mixed,128,4,0.0312,4.0,256,0,1024,4096,1120,2154.22,12933,2319.47,0.0153
mixed,128,4,0.0312,4.0,256,0,2048,8192,2240,5287.67,25848.3,5490.23,0.0099
mixed,128,4,0.0312,4.0,256,0,4096,16384,4480,14133.7,64772.4,15922.4,0.0353
mixed,128,4,0.0312,4.0,256,512,128,512,140,616.355,1268.13,622.657,0.0097
mixed,128,4,0.0312,4.0,256,512,256,1024,280,844.133,2112.39,886.115,0.0331
mixed,128,4,0.0312,4.0,256,512,512,2048,560,1298.57,4641.49,1403.14,0.0313
mixed,128,4,0.0312,4.0,256,512,1024,4096,1120,2171.43,12952.8,2342.82,0.0159
mixed,128,4,0.0312,4.0,256,512,2048,8192,2240,5297.37,26696.1,5440.98,0.0067
mixed,128,4,0.0312,4.0,256,512,4096,16384,4480,14144.1,64878.2,15998.8,0.0366
mixed,128,4,0.0312,4.0,256,1024,128,512,140,669.571,1291.36,674.243,0.0075
mixed,128,4,0.0312,4.0,256,1024,256,1024,280,892.516,2131.85,925.059,0.0263
mixed,128,4,0.0312,4.0,256,1024,512,2048,560,1326.72,4605.23,1457.89,0.04
mixed,128,4,0.0312,4.0,256,1024,1024,4096,1120,2199.02,12971.9,2460.68,0.0243
mixed,128,4,0.0312,4.0,256,1024,2048,8192,2240,5371.19,26198.4,5490.87,0.0057
mixed,128,4,0.0312,4.0,256,1024,4096,16384,4480,14193.3,64812.6,16165,0.039
mixed,128,4,0.0312,4.0,256,2048,128,512,140,771.333,1420.04,773.7,0.0036
mixed,128,4,0.0312,4.0,256,2048,256,1024,280,1014.31,2179.37,1035.68,0.0183
mixed,128,4,0.0312,4.0,256,2048,512,2048,560,1454.92,4708.05,1517.93,0.0194
mixed,128,4,0.0312,4.0,256,2048,1024,4096,1120,2247.62,13515.4,2574.22,0.029
mixed,128,4,0.0312,4.0,256,2048,2048,8192,2240,5458.93,31654.3,5652.24,0.0074
mixed,128,4,0.0312,4.0,256,2048,4096,16384,4480,15000.8,65063.9,18225.6,0.0644
mixed,128,4,0.0312,4.0,256,4096,128,512,140,946.723,1652.3,951.971,0.0074
mixed,128,4,0.0312,4.0,256,4096,256,1024,280,1199.72,2454.6,1209.48,0.0078
mixed,128,4,0.0312,4.0,256,4096,512,2048,560,1682.18,4772.37,1702.66,0.0066
mixed,128,4,0.0312,4.0,256,4096,1024,4096,1120,2514.16,13307.8,2671.69,0.0146
mixed,128,4,0.0312,4.0,256,4096,2048,8192,2240,5601.27,32582.4,5448.4,-0.0057
mixed,128,4,0.0312,4.0,256,4096,4096,16384,4480,14538.5,65593.3,15540.5,0.0196
mixed,128,4,0.0312,4.0,256,8192,128,512,140,1306.28,1996.42,1305.12,-0.0017
mixed,128,4,0.0312,4.0,256,8192,256,1024,280,1545.8,2906.51,1561.96,0.0119
mixed,128,4,0.0312,4.0,256,8192,512,2048,560,2024.04,4805.68,2047.88,0.0086
mixed,128,4,0.0312,4.0,256,8192,1024,4096,1120,2986.8,13934.2,2983.15,-0.0003
mixed,128,4,0.0312,4.0,256,8192,2048,8192,2240,5979.29,26664.7,5903.16,-0.0037
mixed,128,4,0.0312,4.0,256,8192,4096,16384,4480,15168,65820.9,16618.9,0.0286
mixed,128,4,0.0312,4.0,512,0,128,512,140,688.929,1351.91,694.435,0.0083
mixed,128,4,0.0312,4.0,512,0,256,1024,280,919.461,2204.65,962.435,0.0334
mixed,128,4,0.0312,4.0,512,0,512,2048,560,1381.99,4752.5,1489.96,0.032
mixed,128,4,0.0312,4.0,512,0,1024,4096,1120,2269.35,12966.5,2485.39,0.0202
mixed,128,4,0.0312,4.0,512,0,2048,8192,2240,5380.62,26073.6,5730.23,0.0169
mixed,128,4,0.0312,4.0,512,0,4096,16384,4480,14180.1,64475.5,15918.5,0.0346
mixed,128,4,0.0312,4.0,512,512,128,512,140,760.227,1409.25,760.9,0.001
mixed,128,4,0.0312,4.0,512,512,256,1024,280,981.06,2234.51,1014.44,0.0266
mixed,128,4,0.0312,4.0,512,512,512,2048,560,1438.31,4657.94,1547.62,0.034
mixed,128,4,0.0312,4.0,512,512,1024,4096,1120,2301.16,13004.1,2561,0.0243
mixed,128,4,0.0312,4.0,512,512,2048,8192,2240,5404.85,26012,5528.41,0.006
mixed,128,4,0.0312,4.0,512,512,4096,16384,4480,14210.2,63857.7,16033.6,0.0367
mixed,128,4,0.0312,4.0,512,1024,128,512,140,821.856,1485.25,834.211,0.0186
mixed,128,4,0.0312,4.0,512,1024,256,1024,280,1054.12,2280.2,1069.25,0.0123
mixed,128,4,0.0312,4.0,512,1024,512,2048,560,1509.32,4776.15,1592.78,0.0255
mixed,128,4,0.0312,4.0,512,1024,1024,4096,1120,2345.57,13064,2647.43,0.0282
mixed,128,4,0.0312,4.0,512,1024,2048,8192,2240,5457.11,26186.7,5721.46,0.0128
mixed,128,4,0.0312,4.0,512,1024,4096,16384,4480,14242.9,64571.9,17302.4,0.0608
mixed,128,4,0.0312,4.0,512,2048,128,512,140,957.794,1623.72,963.909,0.0092
mixed,128,4,0.0312,4.0,512,2048,256,1024,280,1179.68,2488.39,1197.83,0.0139
mixed,128,4,0.0312,4.0,512,2048,512,2048,560,1645.45,4697.56,1681.22,0.0117
mixed,128,4,0.0312,4.0,512,2048,1024,4096,1120,2544.55,15999.5,2723.24,0.0133
mixed,128,4,0.0312,4.0,512,2048,2048,8192,2240,5682.71,32329.7,5303.03,-0.0142
mixed,128,4,0.0312,4.0,512,2048,4096,16384,4480,17879,65402.9,18523.5,0.0136
mixed,128,4,0.0312,4.0,512,4096,128,512,140,1223.08,1872.48,1217.63,-0.0084
mixed,128,4,0.0312,4.0,512,4096,256,1024,280,1440.36,2759.11,1453.44,0.0099
mixed,128,4,0.0312,4.0,512,4096,512,2048,560,1897.83,4555.18,1938.47,0.0153
mixed,128,4,0.0312,4.0,512,4096,1024,4096,1120,2829.16,13791.2,2835.27,0.0006
mixed,128,4,0.0312,4.0,512,4096,2048,8192,2240,5936.7,33155,5776.76,-0.0059
mixed,128,4,0.0312,4.0,512,4096,4096,16384,4480,15064.1,66058.9,16358,0.0254
mixed,128,4,0.0312,4.0,512,8192,128,512,140,1716.84,2376.23,1721.12,0.0065
mixed,128,4,0.0312,4.0,512,8192,256,1024,280,1934.86,3238.35,1960.68,0.0198
mixed,128,4,0.0312,4.0,512,8192,512,2048,560,2404.36,5397.23,2450.32,0.0154
mixed,128,4,0.0312,4.0,512,8192,1024,4096,1120,3305.1,14339.5,3351.09,0.0042
mixed,128,4,0.0312,4.0,512,8192,2048,8192,2240,6419.29,29486.7,6273.97,-0.0063
mixed,128,4,0.0312,4.0,512,8192,4096,16384,4480,15870.7,66202.2,17304.8,0.0285
mixed,128,4,0.0312,4.0,1024,0,128,512,140,968.866,1614.44,973.443,0.0071
mixed,128,4,0.0312,4.0,1024,0,256,1024,280,1173.99,2485.55,1207.62,0.0256
mixed,128,4,0.0312,4.0,1024,0,512,2048,560,1645.8,4807.15,1730.82,0.0269
mixed,128,4,0.0312,4.0,1024,0,1024,4096,1120,2544.1,13051.1,2754.44,0.02
mixed,128,4,0.0312,4.0,1024,0,2048,8192,2240,5636.66,26166.5,5716.5,0.0039
mixed,128,4,0.0312,4.0,1024,0,4096,16384,4480,14263.2,64676.2,16098.7,0.0364
mixed,128,4,0.0312,4.0,1024,512,128,512,140,1090.02,1700.39,1088.1,-0.0031
mixed,128,4,0.0312,4.0,1024,512,256,1024,280,1282.92,2571.43,1303.33,0.0158
mixed,128,4,0.0312,4.0,1024,512,512,2048,560,1737.16,4836.4,1811.24,0.0239
mixed,128,4,0.0312,4.0,1024,512,1024,4096,1120,2635.21,13109.8,2831.05,0.0187
mixed,128,4,0.0312,4.0,1024,512,2048,8192,2240,5661.17,26501.6,5790.94,0.0062
mixed,128,4,0.0312,4.0,1024,512,4096,16384,4480,14283.7,64383.2,16251.3,0.0393
mixed,128,4,0.0312,4.0,1024,1024,128,512,140,1199.65,1810.37,1194.53,-0.0084
mixed,128,4,0.0312,4.0,1024,1024,256,1024,280,1387.62,2672.59,1408.9,0.0166
mixed,128,4,0.0312,4.0,1024,1024,512,2048,560,1834.25,4574.48,1892.93,0.0214
mixed,128,4,0.0312,4.0,1024,1024,1024,4096,1120,2728.65,13287.6,2913.16,0.0175
mixed,128,4,0.0312,4.0,1024,1024,2048,8192,2240,5784.91,30133.4,5611,-0.0071
mixed,128,4,0.0312,4.0,1024,1024,4096,16384,4480,14550,65062.8,18151.8,0.0713
mixed,128,4,0.0312,4.0,1024,2048,128,512,140,1409.96,2024.81,1415.14,0.0084
mixed,128,4,0.0312,4.0,1024,2048,256,1024,280,1595.05,2861.13,1616.61,0.017
mixed,128,4,0.0312,4.0,1024,2048,512,2048,560,2034.86,4705.11,2094.06,0.0222
mixed,128,4,0.0312,4.0,1024,2048,1024,4096,1120,2928.75,16831.4,3053.77,0.009
mixed,128,4,0.0312,4.0,1024,2048,2048,8192,2240,5731.6,33099.5,6005.85,0.01
mixed,128,4,0.0312,4.0,1024,2048,4096,16384,4480,18426.8,66083.8,18900.1,0.0099
mixed,128,4,0.0312,4.0,1024,4096,128,512,140,1828.61,2413.38,1833.54,0.0084
mixed,128,4,0.0312,4.0,1024,4096,256,1024,280,2014.54,3253.45,2047.72,0.0268
mixed,128,4,0.0312,4.0,1024,4096,512,2048,560,2437.39,5286.29,2489.45,0.0183
mixed,128,4,0.0312,4.0,1024,4096,1024,4096,1120,3322.73,14394.4,3389.23,0.006
mixed,128,4,0.0312,4.0,1024,4096,2048,8192,2240,5994.74,33602.6,6644.53,0.0235
mixed,128,4,0.0312,4.0,1024,4096,4096,16384,4480,17795.6,66933.1,18626.2,0.0169
mixed,128,4,0.0312,4.0,1024,8192,128,512,140,2631.78,3212.52,2639.98,0.0141
mixed,128,4,0.0312,4.0,1024,8192,256,1024,280,2840.04,4047.72,2863.4,0.0193
mixed,128,4,0.0312,4.0,1024,8192,512,2048,560,3237,6065.52,3294.25,0.0202
mixed,128,4,0.0312,4.0,1024,8192,1024,4096,1120,4128.24,16889.4,4206.06,0.0061
mixed,128,4,0.0312,4.0,1024,8192,2048,8192,2240,7367.29,32328.7,7260.25,-0.0043
mixed,128,4,0.0312,4.0,1024,8192,4096,16384,4480,18415.3,66981,19014.1,0.0123
mixed,128,4,0.0312,4.0,2048,0,128,512,140,1675.49,2235.21,1680.71,0.0093
mixed,128,4,0.0312,4.0,2048,0,256,1024,280,1867.14,3093.68,1877.16,0.0082
mixed,128,4,0.0312,4.0,2048,0,512,2048,560,2276.58,5029.23,2323.18,0.0169
mixed,128,4,0.0312,4.0,2048,0,1024,4096,1120,3162.32,14076.2,3335.24,0.0158
mixed,128,4,0.0312,4.0,2048,0,2048,8192,2240,6255.45,30948,6201.88,-0.0022
mixed,128,4,0.0312,4.0,2048,0,4096,16384,4480,15435.5,64785.8,18476.8,0.0616
mixed,128,4,0.0312,4.0,2048,512,128,512,140,1865.7,2431.46,1887.01,0.0377
mixed,128,4,0.0312,4.0,2048,512,256,1024,280,2064.74,3241.36,2069.61,0.0041
mixed,128,4,0.0312,4.0,2048,512,512,2048,560,2453.8,5174.42,2485.64,0.0117
mixed,128,4,0.0312,4.0,2048,512,1024,4096,1120,3304.01,16290.5,3489.64,0.0143
mixed,128,4,0.0312,4.0,2048,512,2048,8192,2240,6261.46,31894.8,6407.96,0.0057
mixed,128,4,0.0312,4.0,2048,512,4096,16384,4480,17744.7,64983.6,18710.4,0.0204
mixed,128,4,0.0312,4.0,2048,1024,128,512,140,2060.3,2616.01,2064.58,0.0077
mixed,128,4,0.0312,4.0,2048,1024,256,1024,280,2240.2,3431.34,2258.41,0.0153
mixed,128,4,0.0312,4.0,2048,1024,512,2048,560,2624.87,5356.53,2674.09,0.018
mixed,128,4,0.0312,4.0,2048,1024,1024,4096,1120,3479.5,16783.8,3643.76,0.0123
mixed,128,4,0.0312,4.0,2048,1024,2048,8192,2240,6118.13,32968,6887.9,0.0287
mixed,128,4,0.0312,4.0,2048,1024,4096,16384,4480,18321.5,65558.8,18778,0.0097
mixed,128,4,0.0312,4.0,2048,2048,128,512,140,2434.73,2968.43,2438.02,0.0062
mixed,128,4,0.0312,4.0,2048,2048,256,1024,280,2615.47,3797.39,2637.35,0.0185
mixed,128,4,0.0312,4.0,2048,2048,512,2048,560,3001.58,5654.87,3035.98,0.013
mixed,128,4,0.0312,4.0,2048,2048,1024,4096,1120,3861.93,17259.4,3953.01,0.0068
mixed,128,4,0.0312,4.0,2048,2048,2048,8192,2240,6939.03,33989.1,7051.96,0.0042
mixed,128,4,0.0312,4.0,2048,2048,4096,16384,4480,18816.8,67483.1,19258.1,0.0091
mixed,128,4,0.0312,4.0,2048,4096,128,512,140,3167.08,3693.2,3173.55,0.0123
mixed,128,4,0.0312,4.0,2048,4096,256,1024,280,3353.1,4485.74,3372.85,0.0174
mixed,128,4,0.0312,4.0,2048,4096,512,2048,560,3726.26,6363.77,3778.8,0.0199
mixed,128,4,0.0312,4.0,2048,4096,1024,4096,1120,4541.65,16529.1,4624.21,0.0069
mixed,128,4,0.0312,4.0,2048,4096,2048,8192,2240,7707.42,34040.8,7712.73,0.0002
mixed,128,4,0.0312,4.0,2048,4096,4096,16384,4480,18493.1,67557.6,19038,0.0111
mixed,128,4,0.0312,4.0,2048,8192,128,512,140,4626.35,5161.88,4630.7,0.0081
mixed,128,4,0.0312,4.0,2048,8192,256,1024,280,4810.03,5903.67,4826.74,0.0153
mixed,128,4,0.0312,4.0,2048,8192,512,2048,560,5176.08,7683,5229.11,0.0212
mixed,128,4,0.0312,4.0,2048,8192,1024,4096,1120,5942.97,17289.9,6038.46,0.0084
mixed,128,4,0.0312,4.0,2048,8192,2048,8192,2240,8879.59,33654.3,8655.77,-0.009
mixed,128,4,0.0312,4.0,2048,8192,4096,16384,4480,18852.2,67743.7,19364.1,0.0105
pure,128,8,0.0625,4.0,0,0,128,512,152,254.24,688.354,263.358,0.021
pure,128,8,0.0625,4.0,0,0,256,1024,304,456.45,1212.71,488.545,0.0424
pure,128,8,0.0625,4.0,0,0,512,2048,608,780.291,2276.04,835.778,0.0371
pure,128,8,0.0625,4.0,0,0,1024,4096,1216,1410.21,4383.6,1512.77,0.0345
pure,128,8,0.0625,4.0,0,0,2048,8192,2432,2675.79,8567.43,2872.4,0.0334
pure,128,8,0.0625,4.0,0,0,4096,16384,4864,5169.17,16956.3,5594.97,0.0361
mixed,128,8,0.0625,4.0,16,0,128,512,152,512.355,1170.09,530.243,0.0272
mixed,128,8,0.0625,4.0,16,0,256,1024,304,755.139,2014.02,815.33,0.0478
mixed,128,8,0.0625,4.0,16,0,512,2048,608,1232.77,4630.16,1411.3,0.0525
mixed,128,8,0.0625,4.0,16,0,1024,4096,1216,2256.1,12901.8,2556.11,0.0282
mixed,128,8,0.0625,4.0,16,0,2048,8192,2432,6224.47,25840.1,6426.17,0.0103
mixed,128,8,0.0625,4.0,16,0,4096,16384,4864,15294.3,64276.8,19189.5,0.0795
mixed,128,8,0.0625,4.0,16,512,128,512,152,523.522,1177.83,543.265,0.0302
mixed,128,8,0.0625,4.0,16,512,256,1024,304,767.492,2022.15,836.067,0.0547
mixed,128,8,0.0625,4.0,16,512,512,2048,608,1239.2,4616.3,1443.59,0.0605
mixed,128,8,0.0625,4.0,16,512,1024,4096,1216,2263.78,12922.5,2554.95,0.0273
mixed,128,8,0.0625,4.0,16,512,2048,8192,2432,6279.77,26168.3,6220.79,-0.003
mixed,128,8,0.0625,4.0,16,512,4096,16384,4864,15309,63068.6,18868.5,0.0745
mixed,128,8,0.0625,4.0,16,1024,128,512,152,562.85,1183.62,580.227,0.028
mixed,128,8,0.0625,4.0,16,1024,256,1024,304,796.228,2028.87,847.907,0.0419
mixed,128,8,0.0625,4.0,16,1024,512,2048,608,1246.92,4617.23,1443.88,0.0584
mixed,128,8,0.0625,4.0,16,1024,1024,4096,1216,2265.99,12939.6,2573.03,0.0288
mixed,128,8,0.0625,4.0,16,1024,2048,8192,2432,6291.51,26007.7,6361.21,0.0035
mixed,128,8,0.0625,4.0,16,1024,4096,16384,4864,15333.7,62782,19220.1,0.0819
mixed,128,8,0.0625,4.0,16,2048,128,512,152,632.291,1247.3,658.05,0.0419
mixed,128,8,0.0625,4.0,16,2048,256,1024,304,865.125,2057.09,928.963,0.0536
mixed,128,8,0.0625,4.0,16,2048,512,2048,608,1309.6,4657.3,1453.83,0.0431
mixed,128,8,0.0625,4.0,16,2048,1024,4096,1216,2283.94,12996.4,2581.61,0.0278
mixed,128,8,0.0625,4.0,16,2048,2048,8192,2432,6256.98,26815.1,6241.31,-0.0008
mixed,128,8,0.0625,4.0,16,2048,4096,16384,4864,15476.6,65090.7,19594.7,0.083
mixed,128,8,0.0625,4.0,16,4096,128,512,152,771.459,1384.26,800.771,0.0478
mixed,128,8,0.0625,4.0,16,4096,256,1024,304,994.788,2181.83,1078.34,0.0704
mixed,128,8,0.0625,4.0,16,4096,512,2048,608,1448.58,4699.12,1600.04,0.0466
mixed,128,8,0.0625,4.0,16,4096,1024,4096,1216,2423.37,13031.3,2593.39,0.016
mixed,128,8,0.0625,4.0,16,4096,2048,8192,2432,6433.34,29889,6409.59,-0.001
mixed,128,8,0.0625,4.0,16,4096,4096,16384,4864,15427.1,65260.3,19244.9,0.0766
mixed,128,8,0.0625,4.0,16,8192,128,512,152,1028.96,1646.89,1059.04,0.0487
mixed,128,8,0.0625,4.0,16,8192,256,1024,304,1288.93,2471.82,1347.01,0.0491
mixed,128,8,0.0625,4.0,16,8192,512,2048,608,1766.12,4974.77,1857.51,0.0285
mixed,128,8,0.0625,4.0,16,8192,1024,4096,1216,2702.31,13400.3,2845.58,0.0134
mixed,128,8,0.0625,4.0,16,8192,2048,8192,2432,6913.34,26270.7,6515.23,-0.0206
mixed,128,8,0.0625,4.0,16,8192,4096,16384,4864,15826.7,64977.2,19418.7,0.0731
mixed,128,8,0.0625,4.0,32,0,128,512,152,512.001,1172.8,533.987,0.0333
mixed,128,8,0.0625,4.0,32,0,256,1024,304,760.131,2018.15,820.227,0.0478
mixed,128,8,0.0625,4.0,32,0,512,2048,608,1232.9,4640.15,1422.66,0.0557
mixed,128,8,0.0625,4.0,32,0,1024,4096,1216,2256.26,12907.1,2552.17,0.0278
mixed,128,8,0.0625,4.0,32,0,2048,8192,2432,6298.27,25724.6,6189.37,-0.0056
mixed,128,8,0.0625,4.0,32,0,4096,16384,4864,15302.1,63416.7,18740.3,0.0715
mixed,128,8,0.0625,4.0,32,512,128,512,152,528.226,1179.91,544.323,0.0247
mixed,128,8,0.0625,4.0,32,512,256,1024,304,768.385,2021.77,833.795,0.0522
mixed,128,8,0.0625,4.0,32,512,512,2048,608,1240.48,4622.2,1443.08,0.0599
mixed,128,8,0.0625,4.0,32,512,1024,4096,1216,2260.62,12923.8,2548.42,0.027
mixed,128,8,0.0625,4.0,32,512,2048,8192,2432,6283.57,25763.9,6232.28,-0.0026
mixed,128,8,0.0625,4.0,32,512,4096,16384,4864,15303.1,63442.4,19187.5,0.0807
mixed,128,8,0.0625,4.0,32,1024,128,512,152,561.86,1186.5,583.906,0.0353
mixed,128,8,0.0625,4.0,32,1024,256,1024,304,796.32,2037.13,851.267,0.0443
mixed,128,8,0.0625,4.0,32,1024,512,2048,608,1249.19,4601.14,1448.68,0.0595
mixed,128,8,0.0625,4.0,32,1024,1024,4096,1216,2271.08,12939.1,2575.69,0.0286
mixed,128,8,0.0625,4.0,32,1024,2048,8192,2432,6339,25903.5,6370.84,0.0016
mixed,128,8,0.0625,4.0,32,1024,4096,16384,4864,15317.1,64918.6,18548.7,0.0651
mixed,128,8,0.0625,4.0,32,2048,128,512,152,622.913,1247.46,658.081,0.0563
mixed,128,8,0.0625,4.0,32,2048,256,1024,304,863.171,2052.26,926.627,0.0534
mixed,128,8,0.0625,4.0,32,2048,512,2048,608,1308.71,4643.09,1457.61,0.0447
mixed,128,8,0.0625,4.0,32,2048,1024,4096,1216,2287.37,13018,2578.18,0.0271
mixed,128,8,0.0625,4.0,32,2048,2048,8192,2432,6287.89,26740.7,6286.87,-0.0
mixed,128,8,0.0625,4.0,32,2048,4096,16384,4864,15496.2,64736.3,19484.1,0.081
mixed,128,8,0.0625,4.0,32,4096,128,512,152,771.875,1377.73,794.563,0.0374
mixed,128,8,0.0625,4.0,32,4096,256,1024,304,993.795,2177.22,1080.9,0.0736
mixed,128,8,0.0625,4.0,32,4096,512,2048,608,1455.97,4676.72,1593.77,0.0428
mixed,128,8,0.0625,4.0,32,4096,1024,4096,1216,2408.39,13023.6,2588.11,0.0169
mixed,128,8,0.0625,4.0,32,4096,2048,8192,2432,6425.88,29584.5,6449.24,0.001
mixed,128,8,0.0625,4.0,32,4096,4096,16384,4864,15457.4,65255,19176.2,0.0747
mixed,128,8,0.0625,4.0,32,8192,128,512,152,1030.63,1664.2,1057.51,0.0424
mixed,128,8,0.0625,4.0,32,8192,256,1024,304,1288.71,2476.97,1347.65,0.0496
mixed,128,8,0.0625,4.0,32,8192,512,2048,608,1760.26,4967.86,1856.07,0.0299
mixed,128,8,0.0625,4.0,32,8192,1024,4096,1216,2687.63,13434.1,2850.28,0.0151
mixed,128,8,0.0625,4.0,32,8192,2048,8192,2432,6875.26,26195.4,6623.93,-0.013
mixed,128,8,0.0625,4.0,32,8192,4096,16384,4864,15844,65444.8,19329.3,0.0703
mixed,128,8,0.0625,4.0,64,0,128,512,152,511.842,1172.58,534.467,0.0342
mixed,128,8,0.0625,4.0,64,0,256,1024,304,759.712,2020.2,821.252,0.0488
mixed,128,8,0.0625,4.0,64,0,512,2048,608,1234.69,4621.78,1422.37,0.0554
mixed,128,8,0.0625,4.0,64,0,1024,4096,1216,2255.91,12904.2,2543.66,0.027
mixed,128,8,0.0625,4.0,64,0,2048,8192,2432,6302.3,25999,6281.92,-0.001
mixed,128,8,0.0625,4.0,64,0,4096,16384,4864,15307.4,64285.9,18786.7,0.071
mixed,128,8,0.0625,4.0,64,512,128,512,152,526.435,1178.43,543.906,0.0268
mixed,128,8,0.0625,4.0,64,512,256,1024,304,771.17,2025.35,837.571,0.0529
mixed,128,8,0.0625,4.0,64,512,512,2048,608,1240.01,4653.59,1442.98,0.0595
mixed,128,8,0.0625,4.0,64,512,1024,4096,1216,2262.47,12928.2,2551.53,0.0271
mixed,128,8,0.0625,4.0,64,512,2048,8192,2432,6264.28,25926.6,6238.42,-0.0013
mixed,128,8,0.0625,4.0,64,512,4096,16384,4864,15322.4,64661.3,18724.1,0.0689
mixed,128,8,0.0625,4.0,64,1024,128,512,152,561.698,1183.01,582.785,0.0339
mixed,128,8,0.0625,4.0,64,1024,256,1024,304,796.035,2032.33,848.291,0.0423
mixed,128,8,0.0625,4.0,64,1024,512,2048,608,1251.62,4609.97,1451.88,0.0596
mixed,128,8,0.0625,4.0,64,1024,1024,4096,1216,2276.3,12942.2,2581.8,0.0286
mixed,128,8,0.0625,4.0,64,1024,2048,8192,2432,6355.32,25894.7,6400.76,0.0023
mixed,128,8,0.0625,4.0,64,1024,4096,16384,4864,15315.7,64133.8,18985.4,0.0752
mixed,128,8,0.0625,4.0,64,2048,128,512,152,629.411,1247.59,657.601,0.0456
mixed,128,8,0.0625,4.0,64,2048,256,1024,304,865.764,2059.66,930.371,0.0541
mixed,128,8,0.0625,4.0,64,2048,512,2048,608,1311.4,4681.49,1460.74,0.0443
mixed,128,8,0.0625,4.0,64,2048,1024,4096,1216,2296.23,13019.8,2583.3,0.0268
mixed,128,8,0.0625,4.0,64,2048,2048,8192,2432,6285.11,26421.8,6354.27,0.0034
mixed,128,8,0.0625,4.0,64,2048,4096,16384,4864,15510.4,64944.2,19494.4,0.0806
mixed,128,8,0.0625,4.0,64,4096,128,512,152,770.561,1384.9,800.227,0.0483
mixed,128,8,0.0625,4.0,64,4096,256,1024,304,990.98,2179.85,1081.57,0.0762
mixed,128,8,0.0625,4.0,64,4096,512,2048,608,1457.64,4713.07,1601.73,0.0443
mixed,128,8,0.0625,4.0,64,4096,1024,4096,1216,2428.14,13026.1,2593.61,0.0156
mixed,128,8,0.0625,4.0,64,4096,2048,8192,2432,6431.06,28560.1,6401.82,-0.0013
mixed,128,8,0.0625,4.0,64,4096,4096,16384,4864,15428.3,65077.1,19058.5,0.0731
mixed,128,8,0.0625,4.0,64,8192,128,512,152,1028.77,1676.64,1061.44,0.0504
mixed,128,8,0.0625,4.0,64,8192,256,1024,304,1292.93,2485.9,1344.07,0.0429
mixed,128,8,0.0625,4.0,64,8192,512,2048,608,1769.38,5047.41,1860.58,0.0278
mixed,128,8,0.0625,4.0,64,8192,1024,4096,1216,2706.86,13440.8,2847.53,0.0131
mixed,128,8,0.0625,4.0,64,8192,2048,8192,2432,6899.9,26080,6456.03,-0.0231
mixed,128,8,0.0625,4.0,64,8192,4096,16384,4864,15838.6,65461.4,19475.7,0.0733
mixed,128,8,0.0625,4.0,128,0,128,512,152,532.386,1194.53,556.898,0.037
mixed,128,8,0.0625,4.0,128,0,256,1024,304,780.993,2041.93,838.339,0.0455
mixed,128,8,0.0625,4.0,128,0,512,2048,608,1260.8,4669.9,1428.29,0.0491
mixed,128,8,0.0625,4.0,128,0,1024,4096,1216,2282.5,12913.8,2562.22,0.0263
mixed,128,8,0.0625,4.0,128,0,2048,8192,2432,6246.17,25922.4,6297.34,0.0026
mixed,128,8,0.0625,4.0,128,0,4096,16384,4864,15297.5,64517.9,19214,0.0796
mixed,128,8,0.0625,4.0,128,512,128,512,152,553.378,1210.95,577.952,0.0374
mixed,128,8,0.0625,4.0,128,512,256,1024,304,794.114,2051.85,862.755,0.0546
mixed,128,8,0.0625,4.0,128,512,512,2048,608,1273.38,4660.98,1459.07,0.0548
mixed,128,8,0.0625,4.0,128,512,1024,4096,1216,2292.33,12942.7,2566.89,0.0258
mixed,128,8,0.0625,4.0,128,512,2048,8192,2432,6271.96,25805.4,6245.81,-0.0013
mixed,128,8,0.0625,4.0,128,512,4096,16384,4864,15334.6,65111.5,19288.9,0.0794
mixed,128,8,0.0625,4.0,128,1024,128,512,152,592.866,1222.34,619.777,0.0428
mixed,128,8,0.0625,4.0,128,1024,256,1024,304,827.138,2066.95,881.571,0.0439
mixed,128,8,0.0625,4.0,128,1024,512,2048,608,1278.34,4614.32,1471.53,0.0579
mixed,128,8,0.0625,4.0,128,1024,1024,4096,1216,2307.59,12943.4,2602.18,0.0277
mixed,128,8,0.0625,4.0,128,1024,2048,8192,2432,6253.27,25989.8,6306.48,0.0027
mixed,128,8,0.0625,4.0,128,1024,4096,16384,4864,15340.3,64847.1,19376.8,0.0815
mixed,128,8,0.0625,4.0,128,2048,128,512,152,676.579,1290.28,701.411,0.0405
mixed,128,8,0.0625,4.0,128,2048,256,1024,304,900.323,2087.91,976.836,0.0644
mixed,128,8,0.0625,4.0,128,2048,512,2048,608,1356.33,4624.72,1487.88,0.0403
mixed,128,8,0.0625,4.0,128,2048,1024,4096,1216,2325.03,13155.1,2618.5,0.0271
mixed,128,8,0.0625,4.0,128,2048,2048,8192,2432,6340.34,27642.8,6230.01,-0.0052
mixed,128,8,0.0625,4.0,128,2048,4096,16384,4864,15771.6,65128.3,19670.9,0.079
mixed,128,8,0.0625,4.0,128,4096,128,512,152,832.355,1430.76,853.283,0.035
mixed,128,8,0.0625,4.0,128,4096,256,1024,304,1082.24,2237.32,1126.76,0.0385
mixed,128,8,0.0625,4.0,128,4096,512,2048,608,1504.77,4648.34,1638.57,0.0426
mixed,128,8,0.0625,4.0,128,4096,1024,4096,1216,2482.89,13268.1,2628.36,0.0135
mixed,128,8,0.0625,4.0,128,4096,2048,8192,2432,6548.76,31308.4,6497.66,-0.0021
mixed,128,8,0.0625,4.0,128,4096,4096,16384,4864,15732.8,65325.3,19280.3,0.0715
mixed,128,8,0.0625,4.0,128,8192,128,512,152,1112.96,1809.44,1135.27,0.032
mixed,128,8,0.0625,4.0,128,8192,256,1024,304,1376.77,2505.8,1423.14,0.0411
mixed,128,8,0.0625,4.0,128,8192,512,2048,608,1878.53,5103.22,1940.04,0.0191
mixed,128,8,0.0625,4.0,128,8192,1024,4096,1216,2736.78,13354.2,2906.22,0.016
mixed,128,8,0.0625,4.0,128,8192,2048,8192,2432,6847.07,26626.2,6807.29,-0.002
mixed,128,8,0.0625,4.0,128,8192,4096,16384,4864,15891.6,65596.4,19444.9,0.0715
mixed,128,8,0.0625,4.0,256,0,128,512,152,585.347,1245.92,610.529,0.0381
mixed,128,8,0.0625,4.0,256,0,256,1024,304,828.932,2095.94,890.693,0.0487
mixed,128,8,0.0625,4.0,256,0,512,2048,608,1309.35,4647.92,1464.33,0.0464
mixed,128,8,0.0625,4.0,256,0,1024,4096,1216,2340.78,12943.3,2603.3,0.0248
mixed,128,8,0.0625,4.0,256,0,2048,8192,2432,6285.27,25764.8,6224.05,-0.0031
mixed,128,8,0.0625,4.0,256,0,4096,16384,4864,15323.1,64778.7,19157.1,0.0775
mixed,128,8,0.0625,4.0,256,512,128,512,152,621.922,1265.35,644.483,0.0351
mixed,128,8,0.0625,4.0,256,512,256,1024,304,852.578,2108.3,927.877,0.06
mixed,128,8,0.0625,4.0,256,512,512,2048,608,1330.47,4648.02,1504.8,0.0525
mixed,128,8,0.0625,4.0,256,512,1024,4096,1216,2357.26,12947.5,2621.67,0.025
mixed,128,8,0.0625,4.0,256,512,2048,8192,2432,6290.81,26357.4,6289.88,-0.0
mixed,128,8,0.0625,4.0,256,512,4096,16384,4864,15342.6,65097.3,19253,0.0786
mixed,128,8,0.0625,4.0,256,1024,128,512,152,677.027,1294.15,695.585,0.0301
mixed,128,8,0.0625,4.0,256,1024,256,1024,304,909.858,2137.48,956.677,0.0381
mixed,128,8,0.0625,4.0,256,1024,512,2048,608,1358.73,4596.27,1525.29,0.0514
mixed,128,8,0.0625,4.0,256,1024,1024,4096,1216,2378.5,12974.7,2664.46,0.027
mixed,128,8,0.0625,4.0,256,1024,2048,8192,2432,6324.95,26185.1,6296.18,-0.0014
mixed,128,8,0.0625,4.0,256,1024,4096,16384,4864,15366.2,64538.7,19550.8,0.0851
mixed,128,8,0.0625,4.0,256,2048,128,512,152,775.33,1418.09,791.523,0.0252
mixed,128,8,0.0625,4.0,256,2048,256,1024,304,1026.5,2179.56,1060.67,0.0296
mixed,128,8,0.0625,4.0,256,2048,512,2048,608,1481.73,4645.9,1556.74,0.0237
mixed,128,8,0.0625,4.0,256,2048,1024,4096,1216,2418.66,13629.8,2676.17,0.023
mixed,128,8,0.0625,4.0,256,2048,2048,8192,2432,6519.12,32043.4,6431.06,-0.0035
mixed,128,8,0.0625,4.0,256,2048,4096,16384,4864,17234.8,64941.1,19860.1,0.055
mixed,128,8,0.0625,4.0,256,4096,128,512,152,950.628,1650.47,968.995,0.0262
mixed,128,8,0.0625,4.0,256,4096,256,1024,304,1210.4,2456.49,1241.89,0.0253
mixed,128,8,0.0625,4.0,256,4096,512,2048,608,1716.16,4761.17,1745.7,0.0097
mixed,128,8,0.0625,4.0,256,4096,1024,4096,1216,2615.43,13307,2717.1,0.0095
mixed,128,8,0.0625,4.0,256,4096,2048,8192,2432,6735,32500,6826.2,0.0035
mixed,128,8,0.0625,4.0,256,4096,4096,16384,4864,15829.9,65641.3,19419.7,0.0721
mixed,128,8,0.0625,4.0,256,8192,128,512,152,1302.44,1994.89,1319.04,0.024
mixed,128,8,0.0625,4.0,256,8192,256,1024,304,1560.9,2905.84,1601.96,0.0305
mixed,128,8,0.0625,4.0,256,8192,512,2048,608,2066.7,4817.59,2115.21,0.0176
mixed,128,8,0.0625,4.0,256,8192,1024,4096,1216,3186.03,13955.4,3091.66,-0.0088
mixed,128,8,0.0625,4.0,256,8192,2048,8192,2432,7189.21,26686.4,7492.03,0.0155
mixed,128,8,0.0625,4.0,256,8192,4096,16384,4864,17063.1,65791.5,19849.5,0.0572
mixed,128,8,0.0625,4.0,512,0,128,512,152,689.632,1354.21,713.187,0.0354
mixed,128,8,0.0625,4.0,512,0,256,1024,304,935.649,2204.49,998.532,0.0496
mixed,128,8,0.0625,4.0,512,0,512,2048,608,1418.92,4759.12,1555.85,0.041
mixed,128,8,0.0625,4.0,512,0,1024,4096,1216,2456.52,12980.5,2683.98,0.0216
mixed,128,8,0.0625,4.0,512,0,2048,8192,2432,6358.1,25865.6,6392.12,0.0017
mixed,128,8,0.0625,4.0,512,0,4096,16384,4864,15356,65097.7,19069.3,0.0747
mixed,128,8,0.0625,4.0,512,512,128,512,152,765.666,1410.53,775.204,0.0148
mixed,128,8,0.0625,4.0,512,512,256,1024,304,995.426,2235.72,1044,0.0392
mixed,128,8,0.0625,4.0,512,512,512,2048,608,1465.92,4643.25,1603.08,0.0432
mixed,128,8,0.0625,4.0,512,512,1024,4096,1216,2489.64,12998.9,2708.11,0.0208
mixed,128,8,0.0625,4.0,512,512,2048,8192,2432,6377.81,26060.3,6246.04,-0.0067
mixed,128,8,0.0625,4.0,512,512,4096,16384,4864,15393.6,63146.2,19143.1,0.0785
mixed,128,8,0.0625,4.0,512,1024,128,512,152,827.874,1486.24,846.403,0.0281
mixed,128,8,0.0625,4.0,512,1024,256,1024,304,1063.71,2279.46,1102.69,0.0321
mixed,128,8,0.0625,4.0,512,1024,512,2048,608,1546.79,4782.32,1643.27,0.0298
mixed,128,8,0.0625,4.0,512,1024,1024,4096,1216,2536.17,13039.4,2765.13,0.0218
mixed,128,8,0.0625,4.0,512,1024,2048,8192,2432,6401.72,27412.2,6410.58,0.0004
mixed,128,8,0.0625,4.0,512,1024,4096,16384,4864,15468.4,65157.1,19475,0.0806
mixed,128,8,0.0625,4.0,512,2048,128,512,152,968.58,1625.19,980.226,0.0177
mixed,128,8,0.0625,4.0,512,2048,256,1024,304,1195.49,2494.19,1239.52,0.0339
mixed,128,8,0.0625,4.0,512,2048,512,2048,608,1679.33,4705.81,1734.57,0.0183
mixed,128,8,0.0625,4.0,512,2048,1024,4096,1216,2720.52,16385.1,2808.2,0.0064
mixed,128,8,0.0625,4.0,512,2048,2048,8192,2432,6641.69,32312.3,6956.95,0.0123
mixed,128,8,0.0625,4.0,512,2048,4096,16384,4864,19490.3,65323.2,19835.7,0.0075
mixed,128,8,0.0625,4.0,512,4096,128,512,152,1218.08,1869.61,1238.66,0.0316
mixed,128,8,0.0625,4.0,512,4096,256,1024,304,1448.84,2751.05,1491.59,0.0328
mixed,128,8,0.0625,4.0,512,4096,512,2048,608,1936.97,4555.89,1993.83,0.0217
mixed,128,8,0.0625,4.0,512,4096,1024,4096,1216,3024.75,13791.6,2964.87,-0.0056
mixed,128,8,0.0625,4.0,512,4096,2048,8192,2432,6842.24,33144.6,7459.32,0.0235
mixed,128,8,0.0625,4.0,512,4096,4096,16384,4864,16717.3,66028.7,19954.1,0.0656
mixed,128,8,0.0625,4.0,512,8192,128,512,152,1719.69,2379.98,1743.88,0.0366
mixed,128,8,0.0625,4.0,512,8192,256,1024,304,1945.89,3242.44,1991.11,0.0349
mixed,128,8,0.0625,4.0,512,8192,512,2048,608,2435.4,5412.88,2495.56,0.0202
mixed,128,8,0.0625,4.0,512,8192,1024,4096,1216,3492.04,14383,3542.32,0.0046
mixed,128,8,0.0625,4.0,512,8192,2048,8192,2432,7767.17,28167.9,7878.62,0.0055
mixed,128,8,0.0625,4.0,512,8192,4096,16384,4864,17632.5,66191.6,20289.1,0.0547
mixed,128,8,0.0625,4.0,1024,0,128,512,152,970.917,1614.69,991.3,0.0317
mixed,128,8,0.0625,4.0,1024,0,256,1024,304,1188.74,2478.57,1248.04,0.046
mixed,128,8,0.0625,4.0,1024,0,512,2048,608,1676.52,4813.62,1791.94,0.0368
mixed,128,8,0.0625,4.0,1024,0,1024,4096,1216,2733.48,13048.2,2880.14,0.0142
mixed,128,8,0.0625,4.0,1024,0,2048,8192,2432,6555.74,26162.2,6324.41,-0.0118
mixed,128,8,0.0625,4.0,1024,0,4096,16384,4864,15471.5,64020.5,19394,0.0808
mixed,128,8,0.0625,4.0,1024,512,128,512,152,1085.44,1697.99,1101.7,0.0265
mixed,128,8,0.0625,4.0,1024,512,256,1024,304,1297.03,2575.53,1343.05,0.036
mixed,128,8,0.0625,4.0,1024,512,512,2048,608,1772.78,4827.99,1872.07,0.0325
mixed,128,8,0.0625,4.0,1024,512,1024,4096,1216,2832.52,13153.1,2954.25,0.0118
mixed,128,8,0.0625,4.0,1024,512,2048,8192,2432,6708.34,26214.7,6239.13,-0.0241
mixed,128,8,0.0625,4.0,1024,512,4096,16384,4864,15543.6,64473.7,19656.1,0.084
mixed,128,8,0.0625,4.0,1024,1024,128,512,152,1192.1,1809.32,1213.79,0.0351
mixed,128,8,0.0625,4.0,1024,1024,256,1024,304,1401.38,2665.7,1445.67,0.035
mixed,128,8,0.0625,4.0,1024,1024,512,2048,608,1871.21,4579.31,1958.22,0.0321
mixed,128,8,0.0625,4.0,1024,1024,1024,4096,1216,2945.13,13298.3,3041.2,0.0093
mixed,128,8,0.0625,4.0,1024,1024,2048,8192,2432,6685.05,29064.2,6767.39,0.0037
mixed,128,8,0.0625,4.0,1024,1024,4096,16384,4864,15995.9,65107.1,20030.6,0.0822
mixed,128,8,0.0625,4.0,1024,2048,128,512,152,1405.6,2015.81,1428.71,0.0379
mixed,128,8,0.0625,4.0,1024,2048,256,1024,304,1614.5,2862.95,1663.97,0.0396
mixed,128,8,0.0625,4.0,1024,2048,512,2048,608,2070.31,4704.27,2154.76,0.0321
mixed,128,8,0.0625,4.0,1024,2048,1024,4096,1216,3130.44,16844.2,3195.79,0.0048
mixed,128,8,0.0625,4.0,1024,2048,2048,8192,2432,7149.24,32890,7417.98,0.0104
mixed,128,8,0.0625,4.0,1024,2048,4096,16384,4864,19999.1,65885.4,20447.9,0.0098
mixed,128,8,0.0625,4.0,1024,4096,128,512,152,1821.89,2416.87,1845.03,0.0389
mixed,128,8,0.0625,4.0,1024,4096,256,1024,304,2022.15,3266.48,2070.44,0.0388
mixed,128,8,0.0625,4.0,1024,4096,512,2048,608,2480.07,5295.28,2554.34,0.0264
mixed,128,8,0.0625,4.0,1024,4096,1024,4096,1216,3487.18,14366,3546.19,0.0054
mixed,128,8,0.0625,4.0,1024,4096,2048,8192,2432,7081.98,33604.7,8210.21,0.0425
mixed,128,8,0.0625,4.0,1024,4096,4096,16384,4864,19677.5,66849.9,20245.3,0.012
mixed,128,8,0.0625,4.0,1024,8192,128,512,152,2633.61,3213.16,2656.01,0.0387
mixed,128,8,0.0625,4.0,1024,8192,256,1024,304,2832.81,4049.61,2885.29,0.0431
mixed,128,8,0.0625,4.0,1024,8192,512,2048,608,3270.26,6053.4,3357.48,0.0313
mixed,128,8,0.0625,4.0,1024,8192,1024,4096,1216,4343.02,16917.7,4340.81,-0.0002
mixed,128,8,0.0625,4.0,1024,8192,2048,8192,2432,8919.65,32813.7,8979.39,0.0025
mixed,128,8,0.0625,4.0,1024,8192,4096,16384,4864,20245,66941.3,20662.1,0.0089
mixed,128,8,0.0625,4.0,2048,0,128,512,152,1676.2,2233.77,1698.85,0.0406
mixed,128,8,0.0625,4.0,2048,0,256,1024,304,1865.03,3094.7,1914.76,0.0404
mixed,128,8,0.0625,4.0,2048,0,512,2048,608,2290.34,5017.01,2383.34,0.0341
mixed,128,8,0.0625,4.0,2048,0,1024,4096,1216,3358.22,14036.8,3486.8,0.012
mixed,128,8,0.0625,4.0,2048,0,2048,8192,2432,7155.48,30376.3,7115.29,-0.0017
mixed,128,8,0.0625,4.0,2048,0,4096,16384,4864,18222.1,65030.2,20168.3,0.0416
mixed,128,8,0.0625,4.0,2048,512,128,512,152,1869.41,2418.47,1888.04,0.0339
mixed,128,8,0.0625,4.0,2048,512,256,1024,304,2054.73,3239.88,2106.63,0.0438
mixed,128,8,0.0625,4.0,2048,512,512,2048,608,2468.84,5165.04,2550.28,0.0302
mixed,128,8,0.0625,4.0,2048,512,1024,4096,1216,3503.56,16320.6,3639.44,0.0106
mixed,128,8,0.0625,4.0,2048,512,2048,8192,2432,7473.4,31971.3,7314.78,-0.0065
mixed,128,8,0.0625,4.0,2048,512,4096,16384,4864,19333.4,65453,20191.7,0.0186
mixed,128,8,0.0625,4.0,2048,1024,128,512,152,2059.49,2601.35,2081.28,0.0402
mixed,128,8,0.0625,4.0,2048,1024,256,1024,304,2243.11,3421.45,2292.36,0.0418
mixed,128,8,0.0625,4.0,2048,1024,512,2048,608,2655.08,5358.16,2740.01,0.0314
mixed,128,8,0.0625,4.0,2048,1024,1024,4096,1216,3663.02,16787.2,3789.49,0.0096
mixed,128,8,0.0625,4.0,2048,1024,2048,8192,2432,7137.53,32983.3,8178.33,0.0403
mixed,128,8,0.0625,4.0,2048,1024,4096,16384,4864,19781.4,65499.8,20316.3,0.0117
mixed,128,8,0.0625,4.0,2048,2048,128,512,152,2439.78,2967.31,2454.34,0.0276
mixed,128,8,0.0625,4.0,2048,2048,256,1024,304,2625.51,3799.05,2670.06,0.038
mixed,128,8,0.0625,4.0,2048,2048,512,2048,608,3007.79,5660.08,3107.88,0.0377
mixed,128,8,0.0625,4.0,2048,2048,1024,4096,1216,4056.81,17256.3,4100.3,0.0033
mixed,128,8,0.0625,4.0,2048,2048,2048,8192,2432,8108.19,33988.3,8912.7,0.0311
mixed,128,8,0.0625,4.0,2048,2048,4096,16384,4864,20386.7,67474.9,20787.5,0.0085
mixed,128,8,0.0625,4.0,2048,4096,128,512,152,3172.97,3698.57,3191.79,0.0358
mixed,128,8,0.0625,4.0,2048,4096,256,1024,304,3357.52,4487.57,3405.23,0.0422
mixed,128,8,0.0625,4.0,2048,4096,512,2048,608,3731.25,6365.34,3831.95,0.0382
mixed,128,8,0.0625,4.0,2048,4096,1024,4096,1216,4741.81,16455.6,4764.85,0.002
mixed,128,8,0.0625,4.0,2048,4096,2048,8192,2432,9170.88,34033,9392.16,0.0089
mixed,128,8,0.0625,4.0,2048,4096,4096,16384,4864,20195.5,67566.1,20711.2,0.0109
mixed,128,8,0.0625,4.0,2048,8192,128,512,152,4629.81,5161.65,4654.38,0.0462
mixed,128,8,0.0625,4.0,2048,8192,256,1024,304,4816.72,5901.14,4866.35,0.0458
mixed,128,8,0.0625,4.0,2048,8192,512,2048,608,5191.51,7688.63,5301.97,0.0442
mixed,128,8,0.0625,4.0,2048,8192,1024,4096,1216,6120.63,17216.5,6180.02,0.0054
mixed,128,8,0.0625,4.0,2048,8192,2048,8192,2432,10153.4,33634.1,9803.17,-0.0149
mixed,128,8,0.0625,4.0,2048,8192,4096,16384,4864,20618.6,67740.5,20985.8,0.0078
pure,128,16,0.125,4.0,0,0,128,512,176,284.609,686.596,295.204,0.0264
pure,128,16,0.125,4.0,0,0,256,1024,352,509.985,1212.32,534.178,0.0344
pure,128,16,0.125,4.0,0,0,512,2048,704,878.594,2267.5,919.621,0.0295
pure,128,16,0.125,4.0,0,0,1024,4096,1408,1611.05,4381.84,1682.6,0.0258
pure,128,16,0.125,4.0,0,0,2048,8192,2816,3069.13,8562.02,3214.44,0.0265
pure,128,16,0.125,4.0,0,0,4096,16384,5632,5946.3,16959.8,6279.89,0.0303
mixed,128,16,0.125,4.0,16,0,128,512,176,523.234,1169.96,581.633,0.0903
mixed,128,16,0.125,4.0,16,0,256,1024,352,799.585,2013.7,903.233,0.0854
mixed,128,16,0.125,4.0,16,0,512,2048,704,1420.81,4621.84,1503.97,0.026
mixed,128,16,0.125,4.0,16,0,1024,4096,1408,2637.77,12902.2,2697.8,0.0058
mixed,128,16,0.125,4.0,16,0,2048,8192,2816,8283.04,25845.5,10141,0.1058
mixed,128,16,0.125,4.0,16,0,4096,16384,5632,17702.9,63466.8,22826.7,0.112
mixed,128,16,0.125,4.0,16,512,128,512,176,538.532,1179.78,592.898,0.0848
mixed,128,16,0.125,4.0,16,512,256,1024,352,809.764,2025.16,913.634,0.0855
mixed,128,16,0.125,4.0,16,512,512,2048,704,1427.27,4644.3,1513.19,0.0267
mixed,128,16,0.125,4.0,16,512,1024,4096,1408,2643.5,12918.7,2703.59,0.0058
mixed,128,16,0.125,4.0,16,512,2048,8192,2816,8163.71,25832.3,9644.2,0.0838
mixed,128,16,0.125,4.0,16,512,4096,16384,5632,17711.7,64944.3,22848,0.1087
mixed,128,16,0.125,4.0,16,1024,128,512,176,573.732,1180.61,622.721,0.0807
mixed,128,16,0.125,4.0,16,1024,256,1024,352,833.604,2034.73,916.355,0.0689
mixed,128,16,0.125,4.0,16,1024,512,2048,704,1430.37,4608.78,1517.19,0.0273
mixed,128,16,0.125,4.0,16,1024,1024,4096,1408,2649.13,12925,2711.14,0.006
mixed,128,16,0.125,4.0,16,1024,2048,8192,2816,8259.58,26403.7,10192.8,0.1065
mixed,128,16,0.125,4.0,16,1024,4096,16384,5632,17754.7,63487.4,22894.7,0.1124
mixed,128,16,0.125,4.0,16,2048,128,512,176,638.914,1241.22,694.916,0.093
mixed,128,16,0.125,4.0,16,2048,256,1024,352,902.371,2055.14,985.699,0.0723
mixed,128,16,0.125,4.0,16,2048,512,2048,704,1485.19,4656.56,1526.18,0.0129
mixed,128,16,0.125,4.0,16,2048,1024,4096,1408,2664.3,13005.7,2727.66,0.0061
mixed,128,16,0.125,4.0,16,2048,2048,8192,2816,8310.91,26512.6,9711.17,0.0769
mixed,128,16,0.125,4.0,16,2048,4096,16384,5632,17968.1,64072.8,22929.4,0.1076
mixed,128,16,0.125,4.0,16,4096,128,512,176,777.057,1380.1,829.442,0.0869
mixed,128,16,0.125,4.0,16,4096,256,1024,352,1030.85,2178.73,1121.03,0.0786
mixed,128,16,0.125,4.0,16,4096,512,2048,704,1624.17,4653.46,1671.14,0.0155
mixed,128,16,0.125,4.0,16,4096,1024,4096,1408,2771.98,13035.8,2749.19,-0.0022
mixed,128,16,0.125,4.0,16,4096,2048,8192,2816,8353.6,27863.2,10350.3,0.1023
mixed,128,16,0.125,4.0,16,4096,4096,16384,5632,17904.5,64904.7,22971.4,0.1078
mixed,128,16,0.125,4.0,16,8192,128,512,176,1044.36,1666.83,1096,0.083
mixed,128,16,0.125,4.0,16,8192,256,1024,352,1330.18,2468.39,1394.05,0.0561
mixed,128,16,0.125,4.0,16,8192,512,2048,704,1897.32,4998.86,1940.04,0.0138
mixed,128,16,0.125,4.0,16,8192,1024,4096,1408,3053.16,13398,3013.23,-0.0039
mixed,128,16,0.125,4.0,16,8192,2048,8192,2816,8825.38,26083.9,10122.8,0.0752
mixed,128,16,0.125,4.0,16,8192,4096,16384,5632,18612.9,65449.9,23133.1,0.0965
mixed,128,16,0.125,4.0,32,0,128,512,176,525.154,1169.96,582.019,0.0882
mixed,128,16,0.125,4.0,32,0,256,1024,352,797.665,2015.14,903.204,0.0867
mixed,128,16,0.125,4.0,32,0,512,2048,704,1419.4,4614.7,1502.85,0.0261
mixed,128,16,0.125,4.0,32,0,1024,4096,1408,2642.06,12902.1,2696.36,0.0053
mixed,128,16,0.125,4.0,32,0,2048,8192,2816,8225.41,25736.5,9435.62,0.0691
mixed,128,16,0.125,4.0,32,0,4096,16384,5632,17726.1,64921.3,22829.6,0.1081
mixed,128,16,0.125,4.0,32,512,128,512,176,540.418,1181.12,593.921,0.0835
mixed,128,16,0.125,4.0,32,512,256,1024,352,810.306,2025.13,915.33,0.0865
mixed,128,16,0.125,4.0,32,512,512,2048,704,1429.35,4612.37,1513.61,0.0265
mixed,128,16,0.125,4.0,32,512,1024,4096,1408,2642.38,12917.6,2706.35,0.0062
mixed,128,16,0.125,4.0,32,512,2048,8192,2816,8182.82,25724,9899.27,0.0979
mixed,128,16,0.125,4.0,32,512,4096,16384,5632,17701.9,64674.1,22868.9,0.11
mixed,128,16,0.125,4.0,32,1024,128,512,176,572.706,1184.77,625.634,0.0865
mixed,128,16,0.125,4.0,32,1024,256,1024,352,838.819,2035.69,917.058,0.0654
mixed,128,16,0.125,4.0,32,1024,512,2048,704,1435.01,4608.02,1519.3,0.0266
mixed,128,16,0.125,4.0,32,1024,1024,4096,1408,2653.45,12936.9,2718.76,0.0064
mixed,128,16,0.125,4.0,32,1024,2048,8192,2816,8192.38,25881.1,10056.1,0.1054
mixed,128,16,0.125,4.0,32,1024,4096,16384,5632,17729.5,62953.7,22872.1,0.1137
mixed,128,16,0.125,4.0,32,2048,128,512,176,646.787,1245.6,698.851,0.0869
mixed,128,16,0.125,4.0,32,2048,256,1024,352,906.307,2054.5,988.097,0.0712
mixed,128,16,0.125,4.0,32,2048,512,2048,704,1487.97,4653.62,1530.24,0.0134
mixed,128,16,0.125,4.0,32,2048,1024,4096,1408,2669.67,13004.8,2729.96,0.0058
mixed,128,16,0.125,4.0,32,2048,2048,8192,2816,8222.3,26266.9,10016.9,0.0995
mixed,128,16,0.125,4.0,32,2048,4096,16384,5632,17949.3,64972.3,22910.7,0.1055
mixed,128,16,0.125,4.0,32,4096,128,512,176,787.393,1380.61,836.482,0.0828
mixed,128,16,0.125,4.0,32,4096,256,1024,352,1033.38,2186.15,1123.78,0.0784
mixed,128,16,0.125,4.0,32,4096,512,2048,704,1631.72,4659.22,1668.74,0.0122
mixed,128,16,0.125,4.0,32,4096,1024,4096,1408,2785.1,13033.8,2749.8,-0.0034
mixed,128,16,0.125,4.0,32,4096,2048,8192,2816,8364.07,28284.5,10000.6,0.0822
mixed,128,16,0.125,4.0,32,4096,4096,16384,5632,17932.7,65147.2,22975.5,0.1068
mixed,128,16,0.125,4.0,32,8192,128,512,176,1043.62,1670.41,1101.76,0.0928
mixed,128,16,0.125,4.0,32,8192,256,1024,352,1334.15,2473.96,1398.12,0.0561
mixed,128,16,0.125,4.0,32,8192,512,2048,704,1903.3,4968.66,1943.62,0.0132
mixed,128,16,0.125,4.0,32,8192,1024,4096,1408,3056.94,13426.1,3039.5,-0.0017
mixed,128,16,0.125,4.0,32,8192,2048,8192,2816,8781.34,26276.3,10227.6,0.0827
mixed,128,16,0.125,4.0,32,8192,4096,16384,5632,18717.7,65077.6,23130.3,0.0952
mixed,128,16,0.125,4.0,64,0,128,512,176,524.707,1171.36,582.561,0.0895
mixed,128,16,0.125,4.0,64,0,256,1024,352,801.061,2018.4,901.571,0.0826
mixed,128,16,0.125,4.0,64,0,512,2048,704,1422.69,4631.41,1504.97,0.0256
mixed,128,16,0.125,4.0,64,0,1024,4096,1408,2645.26,12906,2706.09,0.0059
mixed,128,16,0.125,4.0,64,0,2048,8192,2816,8174.69,25835.1,9310.02,0.0643
mixed,128,16,0.125,4.0,64,0,4096,16384,5632,17706.2,63570.4,22842.1,0.112
mixed,128,16,0.125,4.0,64,512,128,512,176,538.273,1178.82,591.872,0.0837
mixed,128,16,0.125,4.0,64,512,256,1024,352,811.234,2024.81,914.786,0.0853
mixed,128,16,0.125,4.0,64,512,512,2048,704,1432.81,4639.44,1516.64,0.0261
mixed,128,16,0.125,4.0,64,512,1024,4096,1408,2650.38,12927,2715.21,0.0063
mixed,128,16,0.125,4.0,64,512,2048,8192,2816,8235.74,25779,9462.53,0.0699
mixed,128,16,0.125,4.0,64,512,4096,16384,5632,17700.3,64498.7,22873.5,0.1105
mixed,128,16,0.125,4.0,64,1024,128,512,176,573.155,1182.82,624.802,0.0847
mixed,128,16,0.125,4.0,64,1024,256,1024,352,836.355,2033.38,918.274,0.0684
mixed,128,16,0.125,4.0,64,1024,512,2048,704,1434.31,4622.8,1516.9,0.0259
mixed,128,16,0.125,4.0,64,1024,1024,4096,1408,2655.08,12925.1,2720.78,0.0064
mixed,128,16,0.125,4.0,64,1024,2048,8192,2816,8273.89,25937.4,10171,0.1074
mixed,128,16,0.125,4.0,64,1024,4096,16384,5632,17720.1,64826.3,22861.4,0.1091
mixed,128,16,0.125,4.0,64,2048,128,512,176,644.805,1250.69,701.22,0.0931
mixed,128,16,0.125,4.0,64,2048,256,1024,352,906.659,2052.36,990.05,0.0728
mixed,128,16,0.125,4.0,64,2048,512,2048,704,1488.26,4678.64,1530.47,0.0132
mixed,128,16,0.125,4.0,64,2048,1024,4096,1408,2673,13022.7,2733.83,0.0059
mixed,128,16,0.125,4.0,64,2048,2048,8192,2816,8216.48,26672.5,9999.66,0.0966
mixed,128,16,0.125,4.0,64,2048,4096,16384,5632,17975.9,64957.4,22941.5,0.1057
mixed,128,16,0.125,4.0,64,4096,128,512,176,786.724,1392.52,840.707,0.0891
mixed,128,16,0.125,4.0,64,4096,256,1024,352,1037.64,2181.48,1125.83,0.0771
mixed,128,16,0.125,4.0,64,4096,512,2048,704,1626.86,4725.46,1674.5,0.0154
mixed,128,16,0.125,4.0,64,4096,1024,4096,1408,2790.22,13028,2753.74,-0.0036
mixed,128,16,0.125,4.0,64,4096,2048,8192,2816,8402.65,27301.3,10243.6,0.0974
mixed,128,16,0.125,4.0,64,4096,4096,16384,5632,17888.7,65166.6,23018.1,0.1085
mixed,128,16,0.125,4.0,64,8192,128,512,176,1040.58,1666.98,1101.99,0.098
mixed,128,16,0.125,4.0,64,8192,256,1024,352,1333.83,2478.02,1404.68,0.0619
mixed,128,16,0.125,4.0,64,8192,512,2048,704,1904.23,5059.92,1954.06,0.0158
mixed,128,16,0.125,4.0,64,8192,1024,4096,1408,3068.04,13442.8,3039.44,-0.0028
mixed,128,16,0.125,4.0,64,8192,2048,8192,2816,8691.58,26123.7,10078.1,0.0795
mixed,128,16,0.125,4.0,64,8192,4096,16384,5632,18625.8,65075.8,23179.8,0.098
mixed,128,16,0.125,4.0,128,0,128,512,176,546.432,1195.94,602.339,0.0861
mixed,128,16,0.125,4.0,128,0,256,1024,352,822.273,2043.88,927.843,0.0864
mixed,128,16,0.125,4.0,128,0,512,2048,704,1449.83,4649.78,1535.11,0.0267
mixed,128,16,0.125,4.0,128,0,1024,4096,1408,2678.03,12913.3,2734.09,0.0055
mixed,128,16,0.125,4.0,128,0,2048,8192,2816,8277.73,25800.8,9375.49,0.0626
mixed,128,16,0.125,4.0,128,0,4096,16384,5632,17732.4,64628.6,22854.6,0.1092
mixed,128,16,0.125,4.0,128,512,128,512,176,564.705,1207.43,615.841,0.0796
mixed,128,16,0.125,4.0,128,512,256,1024,352,839.779,2054.82,939.33,0.0819
mixed,128,16,0.125,4.0,128,512,512,2048,704,1457.73,4638.67,1547.94,0.0284
mixed,128,16,0.125,4.0,128,512,1024,4096,1408,2682.92,12928.1,2745.99,0.0062
mixed,128,16,0.125,4.0,128,512,2048,8192,2816,8172.03,26207.7,10052.4,0.1043
mixed,128,16,0.125,4.0,128,512,4096,16384,5632,17732.9,65079.8,22874.1,0.1086
mixed,128,16,0.125,4.0,128,1024,128,512,176,603.011,1220.07,657.634,0.0885
mixed,128,16,0.125,4.0,128,1024,256,1024,352,870.883,2069.9,947.299,0.0637
mixed,128,16,0.125,4.0,128,1024,512,2048,704,1468.55,4614.03,1556.55,0.028
mixed,128,16,0.125,4.0,128,1024,1024,4096,1408,2696.39,12942.2,2752.97,0.0055
mixed,128,16,0.125,4.0,128,1024,2048,8192,2816,8287.33,25900.6,10196.5,0.1084
mixed,128,16,0.125,4.0,128,1024,4096,16384,5632,17786.2,64799.4,22880.5,0.1084
mixed,128,16,0.125,4.0,128,2048,128,512,176,685.508,1290.02,735.874,0.0833
mixed,128,16,0.125,4.0,128,2048,256,1024,352,942.883,2092.68,1030.4,0.0761
mixed,128,16,0.125,4.0,128,2048,512,2048,704,1541.73,4639.06,1575.49,0.0109
mixed,128,16,0.125,4.0,128,2048,1024,4096,1408,2717.61,13125.8,2774.67,0.0055
mixed,128,16,0.125,4.0,128,2048,2048,8192,2816,8307.01,28434.3,9489.86,0.0588
mixed,128,16,0.125,4.0,128,2048,4096,16384,5632,18300.5,64960.8,22966.6,0.1
mixed,128,16,0.125,4.0,128,4096,128,512,176,848.579,1428.23,889.795,0.0711
mixed,128,16,0.125,4.0,128,4096,256,1024,352,1128.77,2241.35,1186.82,0.0522
mixed,128,16,0.125,4.0,128,4096,512,2048,704,1681.41,4695.41,1730.69,0.0164
mixed,128,16,0.125,4.0,128,4096,1024,4096,1408,2846.44,13269.6,2818.73,-0.0027
mixed,128,16,0.125,4.0,128,4096,2048,8192,2816,8424,31831.1,10248.2,0.0779
mixed,128,16,0.125,4.0,128,4096,4096,16384,5632,18285,65340.9,23050.9,0.1013
mixed,128,16,0.125,4.0,128,8192,128,512,176,1132.58,1811.56,1180.84,0.0711
mixed,128,16,0.125,4.0,128,8192,256,1024,352,1428.84,2497.96,1500.48,0.067
mixed,128,16,0.125,4.0,128,8192,512,2048,704,2062.76,5117.68,2030.53,-0.0105
mixed,128,16,0.125,4.0,128,8192,1024,4096,1408,3121.26,13355.3,3144.81,0.0023
mixed,128,16,0.125,4.0,128,8192,2048,8192,2816,9082.08,26909.4,10482.6,0.0786
mixed,128,16,0.125,4.0,128,8192,4096,16384,5632,18974.6,65636.1,23184.9,0.0902
mixed,128,16,0.125,4.0,256,0,128,512,176,598.915,1248.87,652.866,0.083
mixed,128,16,0.125,4.0,256,0,256,1024,352,871.971,2100.87,970.499,0.0802
mixed,128,16,0.125,4.0,256,0,512,2048,704,1500.48,4688.11,1586.18,0.0269
mixed,128,16,0.125,4.0,256,0,1024,4096,1408,2727.91,12938.9,2797.32,0.0068
mixed,128,16,0.125,4.0,256,0,2048,8192,2816,8176.22,25820.9,9769.38,0.0903
mixed,128,16,0.125,4.0,256,0,4096,16384,5632,17729.2,64894.9,22886.5,0.1093
mixed,128,16,0.125,4.0,256,512,128,512,176,637.475,1267.52,682.244,0.0711
mixed,128,16,0.125,4.0,256,512,256,1024,352,897.445,2113.83,999.076,0.0836
mixed,128,16,0.125,4.0,256,512,512,2048,704,1521.77,4653.68,1612.07,0.0288
mixed,128,16,0.125,4.0,256,512,1024,4096,1408,2748.07,12945.5,2805.52,0.0056
mixed,128,16,0.125,4.0,256,512,2048,8192,2816,8327.9,26216.9,9724.29,0.0781
mixed,128,16,0.125,4.0,256,512,4096,16384,5632,17731.6,65096.1,22909.4,0.1093
mixed,128,16,0.125,4.0,256,1024,128,512,176,691.042,1293.32,731.714,0.0675
mixed,128,16,0.125,4.0,256,1024,256,1024,352,950.595,2136.39,1024.26,0.0621
mixed,128,16,0.125,4.0,256,1024,512,2048,704,1543.14,4586.54,1630.54,0.0287
mixed,128,16,0.125,4.0,256,1024,1024,4096,1408,2763.66,12969.4,2827.31,0.0062
mixed,128,16,0.125,4.0,256,1024,2048,8192,2816,8395.68,28500.7,9939.65,0.0768
mixed,128,16,0.125,4.0,256,1024,4096,16384,5632,17801.6,64724,22912.7,0.1089
mixed,128,16,0.125,4.0,256,2048,128,512,176,788.931,1411.05,830.212,0.0664
mixed,128,16,0.125,4.0,256,2048,256,1024,352,1071.65,2179.72,1127.68,0.0506
mixed,128,16,0.125,4.0,256,2048,512,2048,704,1637.93,4697.81,1669.92,0.0105
mixed,128,16,0.125,4.0,256,2048,1024,4096,1408,2816.72,13612.5,2876.3,0.0055
mixed,128,16,0.125,4.0,256,2048,2048,8192,2816,8382.21,32011.6,10065,0.0712
mixed,128,16,0.125,4.0,256,2048,4096,16384,5632,19766.1,65180.6,23029.9,0.0719
mixed,128,16,0.125,4.0,256,4096,128,512,176,971.522,1656.48,1014.47,0.0627
mixed,128,16,0.125,4.0,256,4096,256,1024,352,1261,2462.41,1328.74,0.0564
mixed,128,16,0.125,4.0,256,4096,512,2048,704,1912.78,4773.81,1865.29,-0.0166
mixed,128,16,0.125,4.0,256,4096,1024,4096,1408,2958.25,13304.9,2956.97,-0.0001
mixed,128,16,0.125,4.0,256,4096,2048,8192,2816,8594.6,32542.8,10559,0.082
mixed,128,16,0.125,4.0,256,4096,4096,16384,5632,19972,65620.3,23078,0.068
mixed,128,16,0.125,4.0,256,8192,128,512,176,1323.05,1996.23,1376.33,0.0791
mixed,128,16,0.125,4.0,256,8192,256,1024,352,1613.41,2911.56,1684.84,0.055
mixed,128,16,0.125,4.0,256,8192,512,2048,704,2268.84,4802.26,2270.92,0.0008
mixed,128,16,0.125,4.0,256,8192,1024,4096,1408,3606.64,13940.1,3370.16,-0.0229
mixed,128,16,0.125,4.0,256,8192,2048,8192,2816,9326.15,26558.5,10998.8,0.0971
mixed,128,16,0.125,4.0,256,8192,4096,16384,5632,21658.3,65829,23300.6,0.0372
mixed,128,16,0.125,4.0,512,0,128,512,176,705.667,1357.89,754.37,0.0747
mixed,128,16,0.125,4.0,512,0,256,1024,352,976.258,2269.35,1082.43,0.0821
mixed,128,16,0.125,4.0,512,0,512,2048,704,1615.59,4767.15,1689.99,0.0236
mixed,128,16,0.125,4.0,512,0,1024,4096,1408,2852.04,12969.1,2913.39,0.0061
mixed,128,16,0.125,4.0,512,0,2048,8192,2816,8355.52,25954,9473.18,0.0635
mixed,128,16,0.125,4.0,512,0,4096,16384,5632,17762.4,65138.3,22932.1,0.1091
mixed,128,16,0.125,4.0,512,512,128,512,176,801.442,1402.92,818.95,0.0291
mixed,128,16,0.125,4.0,512,512,256,1024,352,1040.51,2239.98,1126.18,0.0714
mixed,128,16,0.125,4.0,512,512,512,2048,704,1658.18,4653.58,1735.3,0.0257
mixed,128,16,0.125,4.0,512,512,1024,4096,1408,2881.61,12995.7,2931.47,0.0049
mixed,128,16,0.125,4.0,512,512,2048,8192,2816,8477.18,26184.1,9983.43,0.0851
mixed,128,16,0.125,4.0,512,512,4096,16384,5632,17854.8,65116.3,22993.7,0.1087
mixed,128,16,0.125,4.0,512,1024,128,512,176,841.828,1491.17,886.245,0.0684
mixed,128,16,0.125,4.0,512,1024,256,1024,352,1112.61,2284.2,1188.84,0.0651
mixed,128,16,0.125,4.0,512,1024,512,2048,704,1731.94,4753.2,1768.94,0.0122
mixed,128,16,0.125,4.0,512,1024,1024,4096,1408,2922.44,13050,2988.27,0.0065
mixed,128,16,0.125,4.0,512,1024,2048,8192,2816,8466.95,27387.1,10286.8,0.0962
mixed,128,16,0.125,4.0,512,1024,4096,16384,5632,17912.3,64178.8,22980.8,0.1096
mixed,128,16,0.125,4.0,512,2048,128,512,176,973.637,1626.02,1023.72,0.0768
mixed,128,16,0.125,4.0,512,2048,256,1024,352,1240.04,2493.61,1322.21,0.0656
mixed,128,16,0.125,4.0,512,2048,512,2048,704,1883.17,4700.27,1871.65,-0.0041
mixed,128,16,0.125,4.0,512,2048,1024,4096,1408,3038.06,16220.1,3068.24,0.0023
mixed,128,16,0.125,4.0,512,2048,2048,8192,2816,8763.46,32089.6,10797,0.0872
mixed,128,16,0.125,4.0,512,2048,4096,16384,5632,22287.3,65218.4,23136.5,0.0198
mixed,128,16,0.125,4.0,512,4096,128,512,176,1235.11,1875.14,1288.52,0.0834
mixed,128,16,0.125,4.0,512,4096,256,1024,352,1498.53,2754.09,1574.44,0.0605
mixed,128,16,0.125,4.0,512,4096,512,2048,704,2132.45,4568.82,2160.64,0.0116
mixed,128,16,0.125,4.0,512,4096,1024,4096,1408,3449.8,13799.4,3258.64,-0.0185
mixed,128,16,0.125,4.0,512,4096,2048,8192,2816,8901.25,33150.2,11230,0.096
mixed,128,16,0.125,4.0,512,4096,4096,16384,5632,21917.6,66030.3,23222.2,0.0296
mixed,128,16,0.125,4.0,512,8192,128,512,176,1729.45,2380.17,1785.64,0.0864
mixed,128,16,0.125,4.0,512,8192,256,1024,352,1988.55,3242.47,2080.61,0.0734
mixed,128,16,0.125,4.0,512,8192,512,2048,704,2660.07,5427.57,2654.38,-0.0021
mixed,128,16,0.125,4.0,512,8192,1024,4096,1408,3895.44,14778,3769.93,-0.0115
mixed,128,16,0.125,4.0,512,8192,2048,8192,2816,9951.52,28595.5,11276.6,0.0711
mixed,128,16,0.125,4.0,512,8192,4096,16384,5632,22795.2,66327.6,23446.6,0.015
mixed,128,16,0.125,4.0,1024,0,128,512,176,1011.04,1621.89,1032.65,0.0354
mixed,128,16,0.125,4.0,1024,0,256,1024,352,1229.96,2477.13,1327.33,0.0781
mixed,128,16,0.125,4.0,1024,0,512,2048,704,1874.28,4839.99,1943.14,0.0232
mixed,128,16,0.125,4.0,1024,0,1024,4096,1408,3129.67,13048.1,3172.62,0.0043
mixed,128,16,0.125,4.0,1024,0,2048,8192,2816,8581.38,26114.9,10457.9,0.107
mixed,128,16,0.125,4.0,1024,0,4096,16384,5632,17910.7,65056.6,23052.2,0.1091
mixed,128,16,0.125,4.0,1024,512,128,512,176,1094.24,1709.51,1141.51,0.0768
mixed,128,16,0.125,4.0,1024,512,256,1024,352,1342.12,2578.28,1427.05,0.0687
mixed,128,16,0.125,4.0,1024,512,512,2048,704,1964.23,4822.48,2034.57,0.0246
mixed,128,16,0.125,4.0,1024,512,1024,4096,1408,3233.96,13128.9,3222.99,-0.0011
mixed,128,16,0.125,4.0,1024,512,2048,8192,2816,8612.13,27111.7,9016,0.0218
mixed,128,16,0.125,4.0,1024,512,4096,16384,5632,17932.7,64647.9,23048.2,0.1095
mixed,128,16,0.125,4.0,1024,1024,128,512,176,1205.61,1813.93,1256.64,0.0839
mixed,128,16,0.125,4.0,1024,1024,256,1024,352,1446.85,2663.59,1534.98,0.0724
mixed,128,16,0.125,4.0,1024,1024,512,2048,704,2061.07,4579.51,2120.17,0.0235
mixed,128,16,0.125,4.0,1024,1024,1024,4096,1408,3360.65,13257.9,3333.1,-0.0028
mixed,128,16,0.125,4.0,1024,1024,2048,8192,2816,8571.2,28057.6,10239.3,0.0856
mixed,128,16,0.125,4.0,1024,1024,4096,16384,5632,19751.1,64499.6,23100.1,0.0748
mixed,128,16,0.125,4.0,1024,2048,128,512,176,1424.13,2021.29,1467.97,0.0734
mixed,128,16,0.125,4.0,1024,2048,256,1024,352,1646.54,2864.91,1745.03,0.0808
mixed,128,16,0.125,4.0,1024,2048,512,2048,704,2264.62,4716.46,2296.87,0.0132
mixed,128,16,0.125,4.0,1024,2048,1024,4096,1408,3525.77,16834.7,3524.85,-0.0001
mixed,128,16,0.125,4.0,1024,2048,2048,8192,2816,8778.75,32895.7,11075.5,0.0952
mixed,128,16,0.125,4.0,1024,2048,4096,16384,5632,22815,65677.8,23386.2,0.0133
mixed,128,16,0.125,4.0,1024,4096,128,512,176,1839.43,2424.84,1889.89,0.0862
mixed,128,16,0.125,4.0,1024,4096,256,1024,352,2053.19,3265.61,2158.6,0.0869
mixed,128,16,0.125,4.0,1024,4096,512,2048,704,2661.38,5293.84,2685.54,0.0092
mixed,128,16,0.125,4.0,1024,4096,1024,4096,1408,3894.35,14379.4,3843.63,-0.0048
mixed,128,16,0.125,4.0,1024,4096,2048,8192,2816,9045.03,33606.4,10785.8,0.0709
mixed,128,16,0.125,4.0,1024,4096,4096,16384,5632,22830.8,66954,23421.2,0.0134
mixed,128,16,0.125,4.0,1024,8192,128,512,176,2649.64,3211.05,2694.54,0.08
mixed,128,16,0.125,4.0,1024,8192,256,1024,352,2857.13,4056.4,2962.41,0.0878
mixed,128,16,0.125,4.0,1024,8192,512,2048,704,3458.03,6055.03,3507.72,0.0191
mixed,128,16,0.125,4.0,1024,8192,1024,4096,1408,4748.94,16923.9,4601.17,-0.0121
mixed,128,16,0.125,4.0,1024,8192,2048,8192,2816,11569.1,32836.9,11654,0.004
mixed,128,16,0.125,4.0,1024,8192,4096,16384,5632,23350,67017.3,23646,0.0068
mixed,128,16,0.125,4.0,2048,0,128,512,176,1685.32,2238.6,1735.81,0.0913
mixed,128,16,0.125,4.0,2048,0,256,1024,352,1884.97,3110.38,1993.8,0.0888
mixed,128,16,0.125,4.0,2048,0,512,2048,704,2491.4,5027.51,2548.46,0.0225
mixed,128,16,0.125,4.0,2048,0,1024,4096,1408,3768.65,13837.2,3786,0.0017
mixed,128,16,0.125,4.0,2048,0,2048,8192,2816,9020.07,30295.6,11128.6,0.0991
mixed,128,16,0.125,4.0,2048,0,4096,16384,5632,20914.5,65253.3,23219.7,0.052
mixed,128,16,0.125,4.0,2048,512,128,512,176,1889.45,2415.78,1936.39,0.0892
mixed,128,16,0.125,4.0,2048,512,256,1024,352,2077.45,3254.28,2195.08,0.1
mixed,128,16,0.125,4.0,2048,512,512,2048,704,2653.58,5184.31,2699.14,0.018
mixed,128,16,0.125,4.0,2048,512,1024,4096,1408,3906,16286.4,3940.24,0.0028
mixed,128,16,0.125,4.0,2048,512,2048,8192,2816,10496.8,31878.9,11359.1,0.0403
mixed,128,16,0.125,4.0,2048,512,4096,16384,5632,22012.4,65393,23282.9,0.0293
mixed,128,16,0.125,4.0,2048,1024,128,512,176,2074.25,2607.85,2129.19,0.103
mixed,128,16,0.125,4.0,2048,1024,256,1024,352,2273.61,3414.86,2362.22,0.0776
mixed,128,16,0.125,4.0,2048,1024,512,2048,704,2836.43,5372.63,2900.33,0.0252
mixed,128,16,0.125,4.0,2048,1024,1024,4096,1408,4071.89,16789.6,4091.19,0.0015
mixed,128,16,0.125,4.0,2048,1024,2048,8192,2816,11314.2,32965.1,11492.3,0.0082
mixed,128,16,0.125,4.0,2048,1024,4096,16384,5632,22798.8,65569.9,23403.4,0.0141
mixed,128,16,0.125,4.0,2048,2048,128,512,176,2451.59,2986.09,2501.42,0.0932
mixed,128,16,0.125,4.0,2048,2048,256,1024,352,2644.11,3797.36,2741.71,0.0846
mixed,128,16,0.125,4.0,2048,2048,512,2048,704,3200.39,5656.12,3275.76,0.0307
mixed,128,16,0.125,4.0,2048,2048,1024,4096,1408,4434.39,17253,4381.46,-0.0041
mixed,128,16,0.125,4.0,2048,2048,2048,8192,2816,11494.6,33987.5,11596.9,0.0045
mixed,128,16,0.125,4.0,2048,2048,4096,16384,5632,23531.3,67473.3,23786.5,0.0058
mixed,128,16,0.125,4.0,2048,4096,128,512,176,3179.92,3693.58,3235.92,0.109
mixed,128,16,0.125,4.0,2048,4096,256,1024,352,3377.64,4484.15,3492.56,0.1039
mixed,128,16,0.125,4.0,2048,4096,512,2048,704,3912.11,6368.73,3976.75,0.0263
mixed,128,16,0.125,4.0,2048,4096,1024,4096,1408,5129.97,16532.2,5027.57,-0.009
mixed,128,16,0.125,4.0,2048,4096,2048,8192,2816,11029.6,34043.7,11791.6,0.0331
mixed,128,16,0.125,4.0,2048,4096,4096,16384,5632,23542.4,67560.7,23795.6,0.0058
mixed,128,16,0.125,4.0,2048,8192,128,512,176,4631.31,5156.69,4694.51,0.1203
mixed,128,16,0.125,4.0,2048,8192,256,1024,352,4830.67,5908.98,4937.71,0.0993
mixed,128,16,0.125,4.0,2048,8192,512,2048,704,5372.56,7671.26,5434.03,0.0267
mixed,128,16,0.125,4.0,2048,8192,1024,4096,1408,6485.34,17229.2,6453.75,-0.0029
mixed,128,16,0.125,4.0,2048,8192,2048,8192,2816,12072.9,33642.7,11598.8,-0.022
mixed,128,16,0.125,4.0,2048,8192,4096,16384,5632,23676.3,67738.8,24097.2,0.0096
pure,128,32,0.25,4.0,0,0,128,512,224,349.314,687.007,359.362,0.0298
pure,128,32,0.25,4.0,0,0,256,1024,448,615.231,1213.7,630.498,0.0255
pure,128,32,0.25,4.0,0,0,512,2048,896,1082.18,2276.55,1106.88,0.0207
pure,128,32,0.25,4.0,0,0,1024,4096,1792,2015.27,4388.88,2049.07,0.0142
pure,128,32,0.25,4.0,0,0,2048,8192,3584,3855.76,8557.92,3964.85,0.0232
pure,128,32,0.25,4.0,0,0,4096,16384,7168,7518.91,16961.3,7770.59,0.0267
mixed,128,32,0.25,4.0,16,0,128,512,224,562.849,1171.72,660.674,0.1607
mixed,128,32,0.25,4.0,16,0,256,1024,448,992.707,2016.2,1050.28,0.0562
mixed,128,32,0.25,4.0,16,0,512,2048,896,1811.65,4633.14,1805.55,-0.0022
mixed,128,32,0.25,4.0,16,0,1024,4096,1792,3715.02,12901.3,3362.06,-0.0384
mixed,128,32,0.25,4.0,16,0,2048,8192,3584,11294,25940.9,14202.9,0.1986
mixed,128,32,0.25,4.0,16,0,4096,16384,7168,22537.2,64354.1,29016.1,0.1549
mixed,128,32,0.25,4.0,16,512,128,512,224,577.089,1179.78,669.091,0.1527
mixed,128,32,0.25,4.0,16,512,256,1024,448,999.907,2024.68,1063.2,0.0618
mixed,128,32,0.25,4.0,16,512,512,2048,896,1816.07,4602.06,1819.37,0.0012
mixed,128,32,0.25,4.0,16,512,1024,4096,1792,3734.06,12914.5,3378.06,-0.0388
mixed,128,32,0.25,4.0,16,512,2048,8192,3584,11273.1,26025.8,14304.3,0.2055
mixed,128,32,0.25,4.0,16,512,4096,16384,7168,22590.3,64219.3,29015.4,0.1543
mixed,128,32,0.25,4.0,16,1024,128,512,224,613.187,1183.17,699.012,0.1506
mixed,128,32,0.25,4.0,16,1024,256,1024,448,1016.42,2030.82,1068.58,0.0514
mixed,128,32,0.25,4.0,16,1024,512,2048,896,1822.69,4588.15,1826.44,0.0014
mixed,128,32,0.25,4.0,16,1024,1024,4096,1792,3702.67,12932.3,3403.21,-0.0324
mixed,128,32,0.25,4.0,16,1024,2048,8192,3584,11259,25875.3,14345.3,0.2112
mixed,128,32,0.25,4.0,16,1024,4096,16384,7168,22627.6,64523.2,29028.7,0.1528
mixed,128,32,0.25,4.0,16,2048,128,512,224,681.122,1245.57,776.898,0.1697
mixed,128,32,0.25,4.0,16,2048,256,1024,448,1090.05,2056.23,1132.45,0.0439
mixed,128,32,0.25,4.0,16,2048,512,2048,896,1849.57,4650.42,1834.79,-0.0053
mixed,128,32,0.25,4.0,16,2048,1024,4096,1792,3691.54,13007.9,3420.94,-0.029
mixed,128,32,0.25,4.0,16,2048,2048,8192,3584,11286.4,26476.6,14371.4,0.2031
mixed,128,32,0.25,4.0,16,2048,4096,16384,7168,23004.6,63481.6,29066.6,0.1498
mixed,128,32,0.25,4.0,16,4096,128,512,224,830.564,1386.53,908.067,0.1394
mixed,128,32,0.25,4.0,16,4096,256,1024,448,1224.8,2190.54,1276.42,0.0534
mixed,128,32,0.25,4.0,16,4096,512,2048,896,1983.43,4703.67,1957.54,-0.0095
mixed,128,32,0.25,4.0,16,4096,1024,4096,1792,3748.27,13040,3475.5,-0.0294
mixed,128,32,0.25,4.0,16,4096,2048,8192,3584,11411,28729,14410.7,0.1732
mixed,128,32,0.25,4.0,16,4096,4096,16384,7168,23502.9,65197.6,29111,0.1345
mixed,128,32,0.25,4.0,16,8192,128,512,224,1090.5,1675.37,1180.64,0.1541
mixed,128,32,0.25,4.0,16,8192,256,1024,448,1530.6,2480.62,1554.69,0.0254
mixed,128,32,0.25,4.0,16,8192,512,2048,896,2274.57,4997.62,2246.06,-0.0105
mixed,128,32,0.25,4.0,16,8192,1024,4096,1792,4105.74,13394.6,3771.76,-0.036
mixed,128,32,0.25,4.0,16,8192,2048,8192,3584,11855.9,26323,14563.9,0.1872
mixed,128,32,0.25,4.0,16,8192,4096,16384,7168,23019.8,65420.6,29276.2,0.1476
mixed,128,32,0.25,4.0,32,0,128,512,224,564.227,1171.75,659.041,0.1561
mixed,128,32,0.25,4.0,32,0,256,1024,448,992.356,2020.13,1052.32,0.0583
mixed,128,32,0.25,4.0,32,0,512,2048,896,1811.69,4632.79,1808.36,-0.0012
mixed,128,32,0.25,4.0,32,0,1024,4096,1792,3707.5,12900.6,3382.51,-0.0354
mixed,128,32,0.25,4.0,32,0,2048,8192,3584,11278,25837.7,14259.5,0.2048
mixed,128,32,0.25,4.0,32,0,4096,16384,7168,22569.7,64916.6,28985.2,0.1515
mixed,128,32,0.25,4.0,32,512,128,512,224,577.571,1181.77,669.763,0.1526
mixed,128,32,0.25,4.0,32,512,256,1024,448,1001.92,2022.88,1064.42,0.0612
mixed,128,32,0.25,4.0,32,512,512,2048,896,1817.57,4621.36,1822.02,0.0016
mixed,128,32,0.25,4.0,32,512,1024,4096,1792,3722,12931,3377.23,-0.0374
mixed,128,32,0.25,4.0,32,512,2048,8192,3584,11249.1,25819.1,14273.2,0.2076
mixed,128,32,0.25,4.0,32,512,4096,16384,7168,22540.2,64933.1,28999.9,0.1524
mixed,128,32,0.25,4.0,32,1024,128,512,224,612.418,1188,701.283,0.1544
mixed,128,32,0.25,4.0,32,1024,256,1024,448,1019.4,2035.49,1068.1,0.0479
mixed,128,32,0.25,4.0,32,1024,512,2048,896,1825,4579.06,1829.29,0.0016
mixed,128,32,0.25,4.0,32,1024,1024,4096,1792,3706.83,12929.4,3401.36,-0.0331
mixed,128,32,0.25,4.0,32,1024,2048,8192,3584,11291.2,26036.8,14324.7,0.2057
mixed,128,32,0.25,4.0,32,1024,4096,16384,7168,22549,65061.2,29017.5,0.1522
mixed,128,32,0.25,4.0,32,2048,128,512,224,681.729,1250.02,775.363,0.1648
mixed,128,32,0.25,4.0,32,2048,256,1024,448,1081.48,2057.38,1134.82,0.0547
mixed,128,32,0.25,4.0,32,2048,512,2048,896,1862.47,4662.58,1898.72,0.0129
mixed,128,32,0.25,4.0,32,2048,1024,4096,1792,3686.22,13017.8,3421.93,-0.0283
mixed,128,32,0.25,4.0,32,2048,2048,8192,3584,11295.8,26563.3,14391.2,0.2027
mixed,128,32,0.25,4.0,32,2048,4096,16384,7168,22910.7,64863,29074.6,0.1469
mixed,128,32,0.25,4.0,32,4096,128,512,224,830.467,1375.3,916.194,0.1573
mixed,128,32,0.25,4.0,32,4096,256,1024,448,1226.15,2181.86,1279.59,0.0559
mixed,128,32,0.25,4.0,32,4096,512,2048,896,1992.87,4689.62,1960.71,-0.0119
mixed,128,32,0.25,4.0,32,4096,1024,4096,1792,3730.64,13025.1,3459.92,-0.0291
mixed,128,32,0.25,4.0,32,4096,2048,8192,3584,11424.9,27731.9,14438.2,0.1848
mixed,128,32,0.25,4.0,32,4096,4096,16384,7168,23539.2,65274.4,29132.2,0.134
mixed,128,32,0.25,4.0,32,8192,128,512,224,1089.12,1672.01,1184.84,0.1642
mixed,128,32,0.25,4.0,32,8192,256,1024,448,1530.79,2472.59,1551.43,0.0219
mixed,128,32,0.25,4.0,32,8192,512,2048,896,2280.2,5011.86,2322.53,0.0155
mixed,128,32,0.25,4.0,32,8192,1024,4096,1792,4163.31,13439.1,3786.8,-0.0406
mixed,128,32,0.25,4.0,32,8192,2048,8192,3584,11807.5,26141.8,14549.8,0.1913
mixed,128,32,0.25,4.0,32,8192,4096,16384,7168,23001.3,65355.1,29260.7,0.1478
mixed,128,32,0.25,4.0,64,0,128,512,224,563.202,1172.33,660.482,0.1597
mixed,128,32,0.25,4.0,64,0,256,1024,448,994.946,2021.22,1052.67,0.0562
mixed,128,32,0.25,4.0,64,0,512,2048,896,1813.99,4639.28,1812.36,-0.0006
mixed,128,32,0.25,4.0,64,0,1024,4096,1792,3697.74,12903.7,3376.27,-0.0349
mixed,128,32,0.25,4.0,64,0,2048,8192,3584,11298,26113.1,14290.1,0.202
mixed,128,32,0.25,4.0,64,0,4096,16384,7168,22668.3,63144.8,29021.2,0.157
mixed,128,32,0.25,4.0,64,512,128,512,224,579.81,1181.89,671.459,0.1522
mixed,128,32,0.25,4.0,64,512,256,1024,448,1002.34,2026.22,1063.46,0.0597
mixed,128,32,0.25,4.0,64,512,512,2048,896,1818.09,4643.99,1823.81,0.002
mixed,128,32,0.25,4.0,64,512,1024,4096,1792,3726.7,12917,3387.98,-0.0369
mixed,128,32,0.25,4.0,64,512,2048,8192,3584,11297,25808.3,14259.2,0.2041
mixed,128,32,0.25,4.0,64,512,4096,16384,7168,22501.1,64407.5,29002.4,0.1551
mixed,128,32,0.25,4.0,64,1024,128,512,224,616.035,1185.03,703.81,0.1543
mixed,128,32,0.25,4.0,64,1024,256,1024,448,1019.01,2037.83,1073.28,0.0533
mixed,128,32,0.25,4.0,64,1024,512,2048,896,1825.48,4603.86,1829.64,0.0015
mixed,128,32,0.25,4.0,64,1024,1024,4096,1792,3723.95,12941.2,3401.68,-0.035
mixed,128,32,0.25,4.0,64,1024,2048,8192,3584,11300.4,25850.6,14335.4,0.2086
mixed,128,32,0.25,4.0,64,1024,4096,16384,7168,22601.7,64547.7,29033.6,0.1533
mixed,128,32,0.25,4.0,64,2048,128,512,224,684.995,1247.33,775.232,0.1605
mixed,128,32,0.25,4.0,64,2048,256,1024,448,1120.81,2111.56,1160.55,0.0401
mixed,128,32,0.25,4.0,64,2048,512,2048,896,1912.65,4668.11,1838.86,-0.0268
mixed,128,32,0.25,4.0,64,2048,1024,4096,1792,3729.58,13034.2,3420.24,-0.0332
mixed,128,32,0.25,4.0,64,2048,2048,8192,3584,11293.4,26200.8,14368.8,0.2063
mixed,128,32,0.25,4.0,64,2048,4096,16384,7168,23032.8,63951.8,29067.2,0.1475
mixed,128,32,0.25,4.0,64,4096,128,512,224,832.228,1388.77,915.845,0.1502
mixed,128,32,0.25,4.0,64,4096,256,1024,448,1223.14,2188.17,1277.12,0.0559
mixed,128,32,0.25,4.0,64,4096,512,2048,896,1995.27,4725.17,1963.85,-0.0115
mixed,128,32,0.25,4.0,64,4096,1024,4096,1792,3727.31,13017.1,3461.33,-0.0286
mixed,128,32,0.25,4.0,64,4096,2048,8192,3584,11426.8,27413.3,14446.9,0.1889
mixed,128,32,0.25,4.0,64,4096,4096,16384,7168,23443.9,64649,29161.6,0.1388
mixed,128,32,0.25,4.0,64,8192,128,512,224,1132,1666.69,1185.03,0.0992
mixed,128,32,0.25,4.0,64,8192,256,1024,448,1531.46,2480.2,1550.31,0.0199
mixed,128,32,0.25,4.0,64,8192,512,2048,896,2283.02,5022.71,2243.5,-0.0144
mixed,128,32,0.25,4.0,64,8192,1024,4096,1792,4153.87,13443.2,3785.87,-0.0396
mixed,128,32,0.25,4.0,64,8192,2048,8192,3584,11847.9,26196.6,14586.5,0.1909
mixed,128,32,0.25,4.0,64,8192,4096,16384,7168,22836.2,65153.3,29261.7,0.1518
mixed,128,32,0.25,4.0,128,0,128,512,224,586.115,1197.35,684.835,0.1615
mixed,128,32,0.25,4.0,128,0,256,1024,448,1018.88,2044.33,1082.34,0.0619
mixed,128,32,0.25,4.0,128,0,512,2048,896,1838.57,4670.96,1837,-0.0006
mixed,128,32,0.25,4.0,128,0,1024,4096,1792,3727.21,12924,3403.18,-0.0352
mixed,128,32,0.25,4.0,128,0,2048,8192,3584,11295,25850.5,14327.1,0.2083
mixed,128,32,0.25,4.0,128,0,4096,16384,7168,22527.9,65039.2,29002.2,0.1523
mixed,128,32,0.25,4.0,128,512,128,512,224,604.994,1211.14,699.172,0.1554
mixed,128,32,0.25,4.0,128,512,256,1024,448,1032.29,2055.69,1097.63,0.0638
mixed,128,32,0.25,4.0,128,512,512,2048,896,1848.33,4642.38,1851.4,0.0011
mixed,128,32,0.25,4.0,128,512,1024,4096,1792,3736.59,12940.4,3419.53,-0.0344
mixed,128,32,0.25,4.0,128,512,2048,8192,3584,11269.7,26001.6,14254.5,0.2026
mixed,128,32,0.25,4.0,128,512,4096,16384,7168,22521,63420.8,29043.3,0.1595
mixed,128,32,0.25,4.0,128,1024,128,512,224,645.666,1220.36,733.41,0.1527
mixed,128,32,0.25,4.0,128,1024,256,1024,448,1051.71,2068.14,1113.15,0.0604
mixed,128,32,0.25,4.0,128,1024,512,2048,896,1859.5,4613.62,1864.84,0.0019
mixed,128,32,0.25,4.0,128,1024,1024,4096,1792,3710.19,12944.6,3448.17,-0.0284
mixed,128,32,0.25,4.0,128,1024,2048,8192,3584,11308.6,26054.1,14375.9,0.208
mixed,128,32,0.25,4.0,128,1024,4096,16384,7168,22828.1,64728.2,29033.7,0.1481
mixed,128,32,0.25,4.0,128,2048,128,512,224,732.74,1291.17,812.578,0.143
mixed,128,32,0.25,4.0,128,2048,256,1024,448,1160.2,2089.07,1181.92,0.0234
mixed,128,32,0.25,4.0,128,2048,512,2048,896,1950.47,4643.48,1877.7,-0.027
mixed,128,32,0.25,4.0,128,2048,1024,4096,1792,3693.42,13115.8,3498.54,-0.0207
mixed,128,32,0.25,4.0,128,2048,2048,8192,3584,11349,27465.8,14474.1,0.1939
mixed,128,32,0.25,4.0,128,2048,4096,16384,7168,23925.8,65156.7,29078.9,0.125
mixed,128,32,0.25,4.0,128,4096,128,512,224,905.923,1434.88,975.62,0.1318
mixed,128,32,0.25,4.0,128,4096,256,1024,448,1300.71,2237.9,1342.09,0.0441
mixed,128,32,0.25,4.0,128,4096,512,2048,896,2043.18,4666.19,2027.11,-0.0061
mixed,128,32,0.25,4.0,128,4096,1024,4096,1792,3893.2,13273.3,3557.64,-0.0358
mixed,128,32,0.25,4.0,128,4096,2048,8192,3584,11614.5,31510.8,14448.2,0.1424
mixed,128,32,0.25,4.0,128,4096,4096,16384,7168,26408.6,65224.5,29146.5,0.0705
mixed,128,32,0.25,4.0,128,8192,128,512,224,1220.29,1810.21,1271.53,0.0868
mixed,128,32,0.25,4.0,128,8192,256,1024,448,1613.19,2507.21,1652.45,0.0439
mixed,128,32,0.25,4.0,128,8192,512,2048,896,2407.78,5121.23,2322.63,-0.0314
mixed,128,32,0.25,4.0,128,8192,1024,4096,1792,4155.85,13362.5,3859.41,-0.0322
mixed,128,32,0.25,4.0,128,8192,2048,8192,3584,11694.6,27461.9,14601.8,0.1844
mixed,128,32,0.25,4.0,128,8192,4096,16384,7168,23503.7,65595.2,29277.9,0.1372
mixed,128,32,0.25,4.0,256,0,128,512,224,635.202,1250.47,734.083,0.1607
mixed,128,32,0.25,4.0,256,0,256,1024,448,1068.2,2100.71,1136.9,0.0665
mixed,128,32,0.25,4.0,256,0,512,2048,896,1885.58,4685.04,1880.1,-0.002
mixed,128,32,0.25,4.0,256,0,1024,4096,1792,3766.51,12936.9,3470.7,-0.0323
mixed,128,32,0.25,4.0,256,0,2048,8192,3584,11297.9,25836.4,14417.8,0.2146
mixed,128,32,0.25,4.0,256,0,4096,16384,7168,22561.2,64567.4,29053,0.1545
mixed,128,32,0.25,4.0,256,512,128,512,224,677.86,1270.21,763.459,0.1445
mixed,128,32,0.25,4.0,256,512,256,1024,448,1091.65,2112.93,1162.08,0.069
mixed,128,32,0.25,4.0,256,512,512,2048,896,1902.76,4653.52,1909.13,0.0023
mixed,128,32,0.25,4.0,256,512,1024,4096,1792,3732.05,12950.5,3507.08,-0.0244
mixed,128,32,0.25,4.0,256,512,2048,8192,3584,11298.7,27392.5,14449.6,0.1958
mixed,128,32,0.25,4.0,256,512,4096,16384,7168,22683.1,64087.6,29077.7,0.1544
mixed,128,32,0.25,4.0,256,1024,128,512,224,731.01,1293,812.452,0.1449
mixed,128,32,0.25,4.0,256,1024,256,1024,448,1132.23,2138.73,1183.46,0.0509
mixed,128,32,0.25,4.0,256,1024,512,2048,896,1929.22,4601.9,1933.99,0.0018
mixed,128,32,0.25,4.0,256,1024,1024,4096,1792,3645.32,12966,3558.89,-0.0093
mixed,128,32,0.25,4.0,256,1024,2048,8192,3584,11359.3,26298.9,14459.2,0.2075
mixed,128,32,0.25,4.0,256,1024,4096,16384,7168,22642,63782.8,29068.5,0.1562
mixed,128,32,0.25,4.0,256,2048,128,512,224,835.331,1420.45,914.978,0.1361
mixed,128,32,0.25,4.0,256,2048,256,1024,448,1250.79,2180.97,1279.65,0.031
mixed,128,32,0.25,4.0,256,2048,512,2048,896,1984.81,4649.39,1966.6,-0.0068
mixed,128,32,0.25,4.0,256,2048,1024,4096,1792,3802.07,13541.4,3586.19,-0.0222
mixed,128,32,0.25,4.0,256,2048,2048,8192,3584,11451.8,31982,14547.6,0.1508
mixed,128,32,0.25,4.0,256,2048,4096,16384,7168,25955.3,65109,29131.2,0.0811
mixed,128,32,0.25,4.0,256,4096,128,512,224,1018.79,1655.05,1106.72,0.1382
mixed,128,32,0.25,4.0,256,4096,256,1024,448,1453.89,2452.97,1467.85,0.014
mixed,128,32,0.25,4.0,256,4096,512,2048,896,2269.29,4771.86,2147.46,-0.0487
mixed,128,32,0.25,4.0,256,4096,1024,4096,1792,3881.42,13304.9,3657.74,-0.0237
mixed,128,32,0.25,4.0,256,4096,2048,8192,3584,11613.7,32391.9,14588.8,0.1432
mixed,128,32,0.25,4.0,256,4096,4096,16384,7168,28459.3,65616.1,29209.7,0.0202
mixed,128,32,0.25,4.0,256,8192,128,512,224,1370.89,1997.86,1470.28,0.1585
mixed,128,32,0.25,4.0,256,8192,256,1024,448,1808.33,2910.28,1826.76,0.0167
mixed,128,32,0.25,4.0,256,8192,512,2048,896,2666.12,4824.18,2541.1,-0.0579
mixed,128,32,0.25,4.0,256,8192,1024,4096,1792,4176.49,13953.4,3987.63,-0.0193
mixed,128,32,0.25,4.0,256,8192,2048,8192,3584,12326.8,26560.3,14673.1,0.1648
mixed,128,32,0.25,4.0,256,8192,4096,16384,7168,25242.1,65894.7,29328.7,0.1005
mixed,128,32,0.25,4.0,512,0,128,512,224,743.779,1357.41,839.299,0.1557
mixed,128,32,0.25,4.0,512,0,256,1024,448,1176.55,2213.45,1241.41,0.0626
mixed,128,32,0.25,4.0,512,0,512,2048,896,1998.95,4746.7,1984.68,-0.0052
mixed,128,32,0.25,4.0,512,0,1024,4096,1792,3723.92,12960.3,3604.46,-0.0129
mixed,128,32,0.25,4.0,512,0,2048,8192,3584,11344.3,25957.8,14454.3,0.2128
mixed,128,32,0.25,4.0,512,0,4096,16384,7168,22569.1,64594,29073,0.1548
mixed,128,32,0.25,4.0,512,512,128,512,224,811.747,1410.12,903.716,0.1537
mixed,128,32,0.25,4.0,512,512,256,1024,448,1230.89,2243.82,1283.62,0.0521
mixed,128,32,0.25,4.0,512,512,512,2048,896,2035.82,4639.41,2024.87,-0.0042
mixed,128,32,0.25,4.0,512,512,1024,4096,1792,3701.29,13000.4,3650.41,-0.0055
mixed,128,32,0.25,4.0,512,512,2048,8192,3584,11348.4,26016.5,14481,0.2136
mixed,128,32,0.25,4.0,512,512,4096,16384,7168,22659.1,65151.3,29099,0.1516
mixed,128,32,0.25,4.0,512,1024,128,512,224,878.659,1491.72,971.46,0.1514
mixed,128,32,0.25,4.0,512,1024,256,1024,448,1301.86,2286.73,1336.13,0.0348
mixed,128,32,0.25,4.0,512,1024,512,2048,896,2088.49,4786.64,2070.57,-0.0066
mixed,128,32,0.25,4.0,512,1024,1024,4096,1792,3699.56,13059.2,3673.61,-0.0028
mixed,128,32,0.25,4.0,512,1024,2048,8192,3584,11403.6,27659.5,14533.3,0.1925
mixed,128,32,0.25,4.0,512,1024,4096,16384,7168,23087.7,64817.1,29092.1,0.1439
mixed,128,32,0.25,4.0,512,2048,128,512,224,1012.03,1627.37,1108.48,0.1567
mixed,128,32,0.25,4.0,512,2048,256,1024,448,1433.38,2495.47,1464.52,0.0293
mixed,128,32,0.25,4.0,512,2048,512,2048,896,2289.93,4722.61,2152.07,-0.0567
mixed,128,32,0.25,4.0,512,2048,1024,4096,1792,3863.15,16240.9,3717.9,-0.0117
mixed,128,32,0.25,4.0,512,2048,2048,8192,3584,12071.2,31960.8,14627.8,0.1285
mixed,128,32,0.25,4.0,512,2048,4096,16384,7168,28422.8,65451.6,29161.4,0.0199
mixed,128,32,0.25,4.0,512,4096,128,512,224,1263.56,1878.41,1373.83,0.1793
mixed,128,32,0.25,4.0,512,4096,256,1024,448,1690.95,2760.01,1725.29,0.0321
mixed,128,32,0.25,4.0,512,4096,512,2048,896,2542.31,4561.01,2413.38,-0.0639
mixed,128,32,0.25,4.0,512,4096,1024,4096,1792,4073.78,13794.2,3839.89,-0.0241
mixed,128,32,0.25,4.0,512,4096,2048,8192,3584,12083.2,33145.4,14637.6,0.1213
mixed,128,32,0.25,4.0,512,4096,4096,16384,7168,29024.2,66109.5,29269.1,0.0066
mixed,128,32,0.25,4.0,512,8192,128,512,224,1750.28,2375.53,1864.96,0.1834
mixed,128,32,0.25,4.0,512,8192,256,1024,448,2190.22,3244.75,2242.6,0.0497
mixed,128,32,0.25,4.0,512,8192,512,2048,896,3029.13,5419.77,2912.91,-0.0486
mixed,128,32,0.25,4.0,512,8192,1024,4096,1792,4565.43,14744.9,4380.49,-0.0182
mixed,128,32,0.25,4.0,512,8192,2048,8192,3584,12532.1,28185.9,14762,0.1425
mixed,128,32,0.25,4.0,512,8192,4096,16384,7168,24130.3,66199.6,29407.9,0.1254
mixed,128,32,0.25,4.0,1024,0,128,512,224,1010.08,1620.87,1111.4,0.1659
mixed,128,32,0.25,4.0,1024,0,256,1024,448,1422.56,2476.23,1475.3,0.0501
mixed,128,32,0.25,4.0,1024,0,512,2048,896,2263.97,4840.43,2242.54,-0.0083
mixed,128,32,0.25,4.0,1024,0,1024,4096,1792,3845.64,13050.4,3828.21,-0.0019
mixed,128,32,0.25,4.0,1024,0,2048,8192,3584,11420.8,26320.2,14558.2,0.2106
mixed,128,32,0.25,4.0,1024,0,4096,16384,7168,22847.6,64936.2,29153.2,0.1498
mixed,128,32,0.25,4.0,1024,512,128,512,224,1120.32,1699.43,1224.61,0.1801
mixed,128,32,0.25,4.0,1024,512,256,1024,448,1522.95,2574.06,1580.26,0.0545
mixed,128,32,0.25,4.0,1024,512,512,2048,896,2362.41,4818.26,2313.16,-0.0201
mixed,128,32,0.25,4.0,1024,512,1024,4096,1792,3864.56,13132.4,3875.12,0.0011
mixed,128,32,0.25,4.0,1024,512,2048,8192,3584,11448,26381,14599.6,0.211
mixed,128,32,0.25,4.0,1024,512,4096,16384,7168,22963.5,65160.7,29152.2,0.1467
mixed,128,32,0.25,4.0,1024,1024,128,512,224,1224.36,1814.28,1339.72,0.1955
mixed,128,32,0.25,4.0,1024,1024,256,1024,448,1637.41,2671.02,1693.35,0.0541
mixed,128,32,0.25,4.0,1024,1024,512,2048,896,2452.94,4579.99,2380.81,-0.0339
mixed,128,32,0.25,4.0,1024,1024,1024,4096,1792,3968.75,13271.9,3919.18,-0.0053
mixed,128,32,0.25,4.0,1024,1024,2048,8192,3584,11652.9,29121.7,14640.1,0.171
mixed,128,32,0.25,4.0,1024,1024,4096,16384,7168,25104.6,63788.8,29167.9,0.105
mixed,128,32,0.25,4.0,1024,2048,128,512,224,1438.05,2012.81,1540.16,0.1777
mixed,128,32,0.25,4.0,1024,2048,256,1024,448,1833.13,2862.67,1899.94,0.0649
mixed,128,32,0.25,4.0,1024,2048,512,2048,896,2646.73,4711.41,2566.53,-0.0388
mixed,128,32,0.25,4.0,1024,2048,1024,4096,1792,4185.55,16865.8,4093.9,-0.0072
mixed,128,32,0.25,4.0,1024,2048,2048,8192,3584,12963.2,32852.4,14735.5,0.0891
mixed,128,32,0.25,4.0,1024,2048,4096,16384,7168,28990.6,65645.9,29319.7,0.009
mixed,128,32,0.25,4.0,1024,4096,128,512,224,1846.73,2422.28,1965.45,0.2063
mixed,128,32,0.25,4.0,1024,4096,256,1024,448,2238.15,3263.24,2323.75,0.0835
mixed,128,32,0.25,4.0,1024,4096,512,2048,896,3064.07,5306.13,2972.65,-0.0408
mixed,128,32,0.25,4.0,1024,4096,1024,4096,1792,4567.83,14366.4,4453.65,-0.0117
mixed,128,32,0.25,4.0,1024,4096,2048,8192,3584,12555.3,33604.7,14775.9,0.1055
mixed,128,32,0.25,4.0,1024,4096,4096,16384,7168,29463.7,66917.9,29473.2,0.0003
mixed,128,32,0.25,4.0,1024,8192,128,512,224,2658.7,3219.34,2784.94,0.2252
mixed,128,32,0.25,4.0,1024,8192,256,1024,448,3052.49,4054.48,3116.11,0.0635
mixed,128,32,0.25,4.0,1024,8192,512,2048,896,3828.46,6057.69,3795.31,-0.0149
mixed,128,32,0.25,4.0,1024,8192,1024,4096,1792,5454.64,16871.2,5143.25,-0.0273
mixed,128,32,0.25,4.0,1024,8192,2048,8192,3584,14148.5,32551.1,14959.8,0.0441
mixed,128,32,0.25,4.0,1024,8192,4096,16384,7168,25038.2,67045.3,29600.3,0.1086
mixed,128,32,0.25,4.0,2048,0,128,512,224,1696.29,2243.91,1801.13,0.1914
mixed,128,32,0.25,4.0,2048,0,256,1024,448,2080.81,3094.6,2153.28,0.0715
mixed,128,32,0.25,4.0,2048,0,512,2048,896,2887.21,5017.04,2843.88,-0.0203
mixed,128,32,0.25,4.0,2048,0,1024,4096,1792,4427.82,14200.1,4382.35,-0.0047
mixed,128,32,0.25,4.0,2048,0,2048,8192,3584,12285.9,30341,14766,0.1374
mixed,128,32,0.25,4.0,2048,0,4096,16384,7168,26707.2,65025.2,29275.6,0.067
mixed,128,32,0.25,4.0,2048,512,128,512,224,1897.26,2412.17,1995.62,0.191
mixed,128,32,0.25,4.0,2048,512,256,1024,448,2248.84,3247.91,2336.49,0.0877
mixed,128,32,0.25,4.0,2048,512,512,2048,896,3037.71,5165.68,2995.08,-0.02
mixed,128,32,0.25,4.0,2048,512,1024,4096,1792,4570.45,16292.6,4521.87,-0.0041
mixed,128,32,0.25,4.0,2048,512,2048,8192,3584,14384.6,32091.8,14811.9,0.0241
mixed,128,32,0.25,4.0,2048,512,4096,16384,7168,27882.2,65431.1,29295.3,0.0376
mixed,128,32,0.25,4.0,2048,1024,128,512,224,2077.45,2601.67,2179.75,0.1952
mixed,128,32,0.25,4.0,2048,1024,256,1024,448,2432.07,3416.78,2525.32,0.0947
mixed,128,32,0.25,4.0,2048,1024,512,2048,896,3208.52,5365.27,3183.43,-0.0116
mixed,128,32,0.25,4.0,2048,1024,1024,4096,1792,4719.92,16788.2,4661.33,-0.0049
mixed,128,32,0.25,4.0,2048,1024,2048,8192,3584,14724.5,32985.5,14870.7,0.008
mixed,128,32,0.25,4.0,2048,1024,4096,16384,7168,28749.1,65602.9,29380.4,0.0171
mixed,128,32,0.25,4.0,2048,2048,128,512,224,2457.16,2966.09,2557.35,0.1969
mixed,128,32,0.25,4.0,2048,2048,256,1024,448,2815.76,3794.48,2890.86,0.0767
mixed,128,32,0.25,4.0,2048,2048,512,2048,896,3581.52,5651.12,3564.36,-0.0083
mixed,128,32,0.25,4.0,2048,2048,1024,4096,1792,5052.34,17254.4,4916.4,-0.0111
mixed,128,32,0.25,4.0,2048,2048,2048,8192,3584,15137.4,33992.6,15180.7,0.0023
mixed,128,32,0.25,4.0,2048,2048,4096,16384,7168,29807.8,67476.8,29795.4,-0.0003
mixed,128,32,0.25,4.0,2048,4096,128,512,224,3188.33,3694.96,3296.72,0.2139
mixed,128,32,0.25,4.0,2048,4096,256,1024,448,3538.89,4486,3615.73,0.0811
mixed,128,32,0.25,4.0,2048,4096,512,2048,896,4269.84,6371.57,4273.42,0.0017
mixed,128,32,0.25,4.0,2048,4096,1024,4096,1792,5788.47,16568.1,5602.87,-0.0172
mixed,128,32,0.25,4.0,2048,4096,2048,8192,3584,14588.1,34047.2,15185.7,0.0307
mixed,128,32,0.25,4.0,2048,4096,4096,16384,7168,29885.1,67543.9,30046.7,0.0043
mixed,128,32,0.25,4.0,2048,8192,128,512,224,4643.86,5159.64,4755.6,0.2167
mixed,128,32,0.25,4.0,2048,8192,256,1024,448,4994.87,5901.27,5075.73,0.0892
mixed,128,32,0.25,4.0,2048,8192,512,2048,896,5709.14,7675.1,5711.57,0.0012
mixed,128,32,0.25,4.0,2048,8192,1024,4096,1792,7119.99,17242.1,7050.91,-0.0068
mixed,128,32,0.25,4.0,2048,8192,2048,8192,3584,15270.8,33536.2,15297.3,0.0015
mixed,128,32,0.25,4.0,2048,8192,4096,16384,7168,28502.2,67733.3,30239.1,0.0443
pure,128,64,0.5,4.0,0,0,128,512,320,474.434,688.61,480.801,0.0297
pure,128,64,0.5,4.0,0,0,256,1024,640,821.731,1213.22,821.411,-0.0008
pure,128,64,0.5,4.0,0,0,512,2048,1280,1476.42,2274.89,1487.08,0.0133
pure,128,64,0.5,4.0,0,0,1024,4096,2560,2804.78,4376.69,2809.48,0.003
pure,128,64,0.5,4.0,0,0,2048,8192,5120,5433.2,8565.25,5467.32,0.0109
pure,128,64,0.5,4.0,0,0,4096,16384,10240,10677.1,16954.8,10764.1,0.0139
mixed,128,64,0.5,4.0,16,0,128,512,320,770.979,1168.48,830.82,0.1505
mixed,128,64,0.5,4.0,16,0,256,1024,640,1385.22,2015.3,1345.38,-0.0632
mixed,128,64,0.5,4.0,16,0,512,2048,1280,2427.95,4618.58,2346.86,-0.037
mixed,128,64,0.5,4.0,16,0,1024,4096,2560,6952.38,12902.7,5803.51,-0.1931
mixed,128,64,0.5,4.0,16,0,2048,8192,5120,16098.7,25931.4,20527.3,0.4504
mixed,128,64,0.5,4.0,16,0,4096,16384,10240,32888.5,63830.3,41142,0.2667
mixed,128,64,0.5,4.0,16,512,128,512,320,783.681,1180.45,843.81,0.1515
mixed,128,64,0.5,4.0,16,512,256,1024,640,1394.6,2023.27,1357.09,-0.0597
mixed,128,64,0.5,4.0,16,512,512,2048,1280,2433.96,4635.6,2352.17,-0.0372
mixed,128,64,0.5,4.0,16,512,1024,4096,2560,6996.19,12918.5,5974.16,-0.1726
mixed,128,64,0.5,4.0,16,512,2048,8192,5120,16114.8,25938,20543.5,0.4508
mixed,128,64,0.5,4.0,16,512,4096,16384,10240,32560.3,64519.7,41111.2,0.2676
mixed,128,64,0.5,4.0,16,1024,128,512,320,806.724,1182.24,863.94,0.1524
mixed,128,64,0.5,4.0,16,1024,256,1024,640,1398.88,2033.32,1361.89,-0.0583
mixed,128,64,0.5,4.0,16,1024,512,2048,1280,2441.48,4613.59,2366.51,-0.0345
mixed,128,64,0.5,4.0,16,1024,1024,4096,2560,7039.16,12923.2,5966.71,-0.1823
mixed,128,64,0.5,4.0,16,1024,2048,8192,5120,16144.2,26058.6,20561.3,0.4455
mixed,128,64,0.5,4.0,16,1024,4096,16384,10240,32684,65013.9,41167.6,0.2624
mixed,128,64,0.5,4.0,16,2048,128,512,320,872.803,1247.94,935.972,0.1684
mixed,128,64,0.5,4.0,16,2048,256,1024,640,1445.12,2049.96,1419.46,-0.0424
mixed,128,64,0.5,4.0,16,2048,512,2048,1280,2455.34,4667.76,2378.76,-0.0346
mixed,128,64,0.5,4.0,16,2048,1024,4096,2560,7021.34,13001.2,5949.91,-0.1792
mixed,128,64,0.5,4.0,16,2048,2048,8192,5120,16352.1,26317.3,20592.6,0.4255
mixed,128,64,0.5,4.0,16,2048,4096,16384,10240,33960.9,64709.2,41186.5,0.235
mixed,128,64,0.5,4.0,16,4096,128,512,320,1002.31,1383.08,1074.88,0.1906
mixed,128,64,0.5,4.0,16,4096,256,1024,640,1588.07,2181.89,1563.14,-0.042
mixed,128,64,0.5,4.0,16,4096,512,2048,1280,2577.13,4700.72,2514.82,-0.0293
mixed,128,64,0.5,4.0,16,4096,1024,4096,2560,7186.46,13025.6,6317.69,-0.1488
mixed,128,64,0.5,4.0,16,4096,2048,8192,5120,16230.1,27719.3,20652,0.3849
mixed,128,64,0.5,4.0,16,4096,4096,16384,10240,39460.7,65023.5,41284.1,0.0713
mixed,128,64,0.5,4.0,16,8192,128,512,320,1299.72,1648.87,1347.75,0.1376
mixed,128,64,0.5,4.0,16,8192,256,1024,640,1850.85,2470.79,1826.15,-0.0398
mixed,128,64,0.5,4.0,16,8192,512,2048,1280,2857.83,4950.16,2802.38,-0.0265
mixed,128,64,0.5,4.0,16,8192,1024,4096,2560,7561.34,13396.4,6736.02,-0.1414
mixed,128,64,0.5,4.0,16,8192,2048,8192,5120,16725.9,26202.5,20785.2,0.4283
mixed,128,64,0.5,4.0,16,8192,4096,16384,10240,33724.2,64957.5,41392.2,0.2455
mixed,128,64,0.5,4.0,32,0,128,512,320,770.848,1169.35,831.331,0.1518
mixed,128,64,0.5,4.0,32,0,256,1024,640,1386.91,2022.03,1348.97,-0.0598
mixed,128,64,0.5,4.0,32,0,512,2048,1280,2432.3,4620.69,2352.68,-0.0364
mixed,128,64,0.5,4.0,32,0,1024,4096,2560,7051.6,12910.7,5632.79,-0.2422
mixed,128,64,0.5,4.0,32,0,2048,8192,5120,16094.7,25797.1,20512.7,0.4553
mixed,128,64,0.5,4.0,32,0,4096,16384,10240,32580,63285.3,41118.6,0.2781
mixed,128,64,0.5,4.0,32,512,128,512,320,779.107,1176.87,843.077,0.1608
mixed,128,64,0.5,4.0,32,512,256,1024,640,1391.53,2021.41,1358.86,-0.0519
mixed,128,64,0.5,4.0,32,512,512,2048,1280,2431.59,4586.32,2356.68,-0.0348
mixed,128,64,0.5,4.0,32,512,1024,4096,2560,6962.74,12924.7,5864.66,-0.1842
mixed,128,64,0.5,4.0,32,512,2048,8192,5120,16122.7,25724,20547.8,0.4609
mixed,128,64,0.5,4.0,32,512,4096,16384,10240,32739.2,63676.2,41146.6,0.2718
mixed,128,64,0.5,4.0,32,1024,128,512,320,808.067,1182.57,863.204,0.1472
mixed,128,64,0.5,4.0,32,1024,256,1024,640,1395.33,2032.39,1365.7,-0.0465
mixed,128,64,0.5,4.0,32,1024,512,2048,1280,2443.02,4616.98,2372.33,-0.0325
mixed,128,64,0.5,4.0,32,1024,1024,4096,2560,6954.49,12930.8,6116.98,-0.1401
mixed,128,64,0.5,4.0,32,1024,2048,8192,5120,16128.1,25896.3,20550.9,0.4528
mixed,128,64,0.5,4.0,32,1024,4096,16384,10240,33930.3,64894.1,41140.6,0.2329
mixed,128,64,0.5,4.0,32,2048,128,512,320,878.595,1242.82,936.867,0.16
mixed,128,64,0.5,4.0,32,2048,256,1024,640,1448.9,2052.01,1420.23,-0.0475
mixed,128,64,0.5,4.0,32,2048,512,2048,1280,2453.77,4671.28,2379.05,-0.0337
mixed,128,64,0.5,4.0,32,2048,1024,4096,2560,7023.48,13007.4,6004.69,-0.1703
mixed,128,64,0.5,4.0,32,2048,2048,8192,5120,16387.8,26181.7,20601.2,0.4302
mixed,128,64,0.5,4.0,32,2048,4096,16384,10240,35426.6,64416.8,41212.2,0.1996
mixed,128,64,0.5,4.0,32,4096,128,512,320,1006.34,1388.13,1069.32,0.1649
mixed,128,64,0.5,4.0,32,4096,256,1024,640,1578.98,2183.3,1565.38,-0.0225
mixed,128,64,0.5,4.0,32,4096,512,2048,1280,2579.21,4706.48,2514.25,-0.0305
mixed,128,64,0.5,4.0,32,4096,1024,4096,2560,7235.86,13016.4,6440.28,-0.1376
mixed,128,64,0.5,4.0,32,4096,2048,8192,5120,16214.8,28959.9,20676,0.35
mixed,128,64,0.5,4.0,32,4096,4096,16384,10240,38221.3,65255.8,41257.8,0.1123
mixed,128,64,0.5,4.0,32,8192,128,512,320,1301.96,1654.5,1356.87,0.1558
mixed,128,64,0.5,4.0,32,8192,256,1024,640,1847.53,2465.67,1840.65,-0.0111
mixed,128,64,0.5,4.0,32,8192,512,2048,1280,2856.59,5031.06,2802.64,-0.0248
mixed,128,64,0.5,4.0,32,8192,1024,4096,2560,7536.03,13405.5,6814.81,-0.1229
mixed,128,64,0.5,4.0,32,8192,2048,8192,5120,16691,26503.7,20763.6,0.415
mixed,128,64,0.5,4.0,32,8192,4096,16384,10240,34879.4,65442.3,41420.3,0.214
mixed,128,64,0.5,4.0,64,0,128,512,320,772.993,1171.11,832.805,0.1502
mixed,128,64,0.5,4.0,64,0,256,1024,640,1386.76,2016.97,1347.88,-0.0617
mixed,128,64,0.5,4.0,64,0,512,2048,1280,2428.1,4652.56,2351.53,-0.0344
mixed,128,64,0.5,4.0,64,0,1024,4096,2560,6964.15,12903.8,5644.34,-0.2222
mixed,128,64,0.5,4.0,64,0,2048,8192,5120,16103.8,25932.5,20531.1,0.4504
mixed,128,64,0.5,4.0,64,0,4096,16384,10240,32679.4,64934.7,41138.6,0.2623
mixed,128,64,0.5,4.0,64,512,128,512,320,783.106,1176.65,841.605,0.1486
mixed,128,64,0.5,4.0,64,512,256,1024,640,1391.94,2022.47,1357.32,-0.0549
mixed,128,64,0.5,4.0,64,512,512,2048,1280,2431.11,4628.53,2360.36,-0.0322
mixed,128,64,0.5,4.0,64,512,1024,4096,2560,6941.69,12922.4,5882.64,-0.1771
mixed,128,64,0.5,4.0,64,512,2048,8192,5120,16124.8,25898.2,20533.3,0.4511
mixed,128,64,0.5,4.0,64,512,4096,16384,10240,33283,64901.5,41128.6,0.2481
mixed,128,64,0.5,4.0,64,1024,128,512,320,809.987,1183.75,868.131,0.1556
mixed,128,64,0.5,4.0,64,1024,256,1024,640,1398.6,2034.38,1365.29,-0.0524
mixed,128,64,0.5,4.0,64,1024,512,2048,1280,2445.77,4603.82,2372.81,-0.0338
mixed,128,64,0.5,4.0,64,1024,1024,4096,2560,6996.15,12942,5868.21,-0.1897
mixed,128,64,0.5,4.0,64,1024,2048,8192,5120,16138.1,25940.5,20570.3,0.4522
mixed,128,64,0.5,4.0,64,1024,4096,16384,10240,34275.4,64180.1,41151.8,0.2299
mixed,128,64,0.5,4.0,64,2048,128,512,320,877.283,1247.3,939.65,0.1686
mixed,128,64,0.5,4.0,64,2048,256,1024,640,1446.6,2051.66,1420.71,-0.0428
mixed,128,64,0.5,4.0,64,2048,512,2048,1280,2456.55,4686.64,2381.86,-0.0335
mixed,128,64,0.5,4.0,64,2048,1024,4096,2560,6937.15,13024.6,5968.28,-0.1592
mixed,128,64,0.5,4.0,64,2048,2048,8192,5120,16360,26349.3,20610,0.4255
mixed,128,64,0.5,4.0,64,2048,4096,16384,10240,37331.4,64668.8,41198.6,0.1415
mixed,128,64,0.5,4.0,64,4096,128,512,320,1001.44,1383.33,1082.69,0.2128
mixed,128,64,0.5,4.0,64,4096,256,1024,640,1584.2,2177.7,1565.67,-0.0312
mixed,128,64,0.5,4.0,64,4096,512,2048,1280,2573.45,4731.15,2519.02,-0.0252
mixed,128,64,0.5,4.0,64,4096,1024,4096,2560,7043.99,13032.6,6503,-0.0903
mixed,128,64,0.5,4.0,64,4096,2048,8192,5120,16232.3,28369.7,20659.8,0.3648
mixed,128,64,0.5,4.0,64,4096,4096,16384,10240,39387,64812.3,41275.8,0.0743
mixed,128,64,0.5,4.0,64,8192,128,512,320,1301.12,1674.09,1361.22,0.1611
mixed,128,64,0.5,4.0,64,8192,256,1024,640,1850.95,2470.82,1842.18,-0.0141
mixed,128,64,0.5,4.0,64,8192,512,2048,1280,2852.55,5015.63,2800.49,-0.0241
mixed,128,64,0.5,4.0,64,8192,1024,4096,2560,7584.67,13439.2,6818.78,-0.1308
mixed,128,64,0.5,4.0,64,8192,2048,8192,5120,16723,26587.4,20784.6,0.4117
mixed,128,64,0.5,4.0,64,8192,4096,16384,10240,35263.7,65091.5,41393.6,0.2055
mixed,128,64,0.5,4.0,128,0,128,512,320,796.448,1200.61,862.915,0.1645
mixed,128,64,0.5,4.0,128,0,256,1024,640,1412.8,2044.68,1379.01,-0.0535
mixed,128,64,0.5,4.0,128,0,512,2048,1280,2459.24,4643.79,2383.69,-0.0346
mixed,128,64,0.5,4.0,128,0,1024,4096,2560,7003.29,12920.1,5562.71,-0.2435
mixed,128,64,0.5,4.0,128,0,2048,8192,5120,16106.7,25940.5,20546.6,0.4515
mixed,128,64,0.5,4.0,128,0,4096,16384,10240,34042.1,64956.4,41140.9,0.2296
mixed,128,64,0.5,4.0,128,512,128,512,320,805.314,1209.8,877.796,0.1792
mixed,128,64,0.5,4.0,128,512,256,1024,640,1419.78,2051.62,1392.39,-0.0434
mixed,128,64,0.5,4.0,128,512,512,2048,1280,2466.99,4629.55,2399.43,-0.0312
mixed,128,64,0.5,4.0,128,512,1024,4096,2560,7002.84,12937,5864.12,-0.1919
mixed,128,64,0.5,4.0,128,512,2048,8192,5120,16130.6,25922.5,20557.6,0.4521
mixed,128,64,0.5,4.0,128,512,4096,16384,10240,34805.8,64812.5,41145.8,0.2113
mixed,128,64,0.5,4.0,128,1024,128,512,320,836.131,1219.08,902.146,0.1724
mixed,128,64,0.5,4.0,128,1024,256,1024,640,1429.83,2065.99,1401.51,-0.0445
mixed,128,64,0.5,4.0,128,1024,512,2048,1280,2481.32,4604.78,2412.14,-0.0326
mixed,128,64,0.5,4.0,128,1024,1024,4096,2560,7030.4,12945.7,6111.45,-0.1553
mixed,128,64,0.5,4.0,128,1024,2048,8192,5120,16134.2,26560.8,20578.2,0.4262
mixed,128,64,0.5,4.0,128,1024,4096,16384,10240,36466.9,64295.7,41177.7,0.1693
mixed,128,64,0.5,4.0,128,2048,128,512,320,915.97,1290.21,986.245,0.1878
mixed,128,64,0.5,4.0,128,2048,256,1024,640,1490.44,2088.45,1466.88,-0.0394
mixed,128,64,0.5,4.0,128,2048,512,2048,1280,2496.01,4626.26,2431.21,-0.0304
mixed,128,64,0.5,4.0,128,2048,1024,4096,2560,7128.73,13120,5984.15,-0.191
mixed,128,64,0.5,4.0,128,2048,2048,8192,5120,16601.6,28073.6,20644.1,0.3524
mixed,128,64,0.5,4.0,128,2048,4096,16384,10240,35782.6,65136.8,41205.5,0.1847
mixed,128,64,0.5,4.0,128,4096,128,512,320,1093.19,1430.18,1147.94,0.1625
mixed,128,64,0.5,4.0,128,4096,256,1024,640,1620.71,2235.91,1628.04,0.0119
mixed,128,64,0.5,4.0,128,4096,512,2048,1280,2638.57,4724.53,2581.83,-0.0272
mixed,128,64,0.5,4.0,128,4096,1024,4096,2560,7200.35,13270.5,6534.23,-0.1097
mixed,128,64,0.5,4.0,128,4096,2048,8192,5120,16557.2,31251.1,20684.1,0.2809
mixed,128,64,0.5,4.0,128,4096,4096,16384,10240,40224.9,65247.5,41335.9,0.0444
mixed,128,64,0.5,4.0,128,8192,128,512,320,1384.8,1808.81,1451.17,0.1565
mixed,128,64,0.5,4.0,128,8192,256,1024,640,2028.07,2499.91,1953.32,-0.1584
mixed,128,64,0.5,4.0,128,8192,512,2048,1280,2893.16,5115.89,2899.34,0.0028
mixed,128,64,0.5,4.0,128,8192,1024,4096,2560,7752.89,13356.8,6947.22,-0.1438
mixed,128,64,0.5,4.0,128,8192,2048,8192,5120,16835.8,26810,20781.6,0.3956
mixed,128,64,0.5,4.0,128,8192,4096,16384,10240,37770.9,65530.9,41444.1,0.1323
mixed,128,64,0.5,4.0,256,0,128,512,320,842.883,1244.52,913.252,0.1752
mixed,128,64,0.5,4.0,256,0,256,1024,640,1461.09,2095.94,1434.89,-0.0413
mixed,128,64,0.5,4.0,256,0,512,2048,1280,2514.7,4685.65,2444.07,-0.0325
mixed,128,64,0.5,4.0,256,0,1024,4096,2560,6976.44,12932.2,5634.16,-0.2254
mixed,128,64,0.5,4.0,256,0,2048,8192,5120,16129.2,25960.3,20565,0.4512
mixed,128,64,0.5,4.0,256,0,4096,16384,10240,32585.4,62610.4,41158,0.2855
mixed,128,64,0.5,4.0,256,512,128,512,320,867.329,1265.7,940.325,0.1832
mixed,128,64,0.5,4.0,256,512,256,1024,640,1478.12,2108.33,1457.22,-0.0332
mixed,128,64,0.5,4.0,256,512,512,2048,1280,2530.76,4651.47,2471.02,-0.0282
mixed,128,64,0.5,4.0,256,512,1024,4096,2560,7052.25,12965.1,5781.05,-0.215
mixed,128,64,0.5,4.0,256,512,2048,8192,5120,16148.4,26073.1,20601.4,0.4487
mixed,128,64,0.5,4.0,256,512,4096,16384,10240,33744.6,64629.9,41178.9,0.2407
mixed,128,64,0.5,4.0,256,1024,128,512,320,921.89,1289.48,984.324,0.1698
mixed,128,64,0.5,4.0,256,1024,256,1024,640,1499.24,2133.07,1484.93,-0.0226
mixed,128,64,0.5,4.0,256,1024,512,2048,1280,2547.94,4580.56,2487.47,-0.0298
mixed,128,64,0.5,4.0,256,1024,1024,4096,2560,6993.24,12979.6,6603,-0.0652
mixed,128,64,0.5,4.0,256,1024,2048,8192,5120,16198,27977.2,20620.8,0.3755
mixed,128,64,0.5,4.0,256,1024,4096,16384,10240,35003.9,65075.7,41204.6,0.2062
mixed,128,64,0.5,4.0,256,2048,128,512,320,1037.61,1412.55,1088.52,0.1358
mixed,128,64,0.5,4.0,256,2048,256,1024,640,1590.76,2174.02,1575.05,-0.0269
mixed,128,64,0.5,4.0,256,2048,512,2048,1280,2589.8,4652.81,2530.6,-0.0287
mixed,128,64,0.5,4.0,256,2048,1024,4096,2560,7156.92,13708.6,6597.5,-0.0854
mixed,128,64,0.5,4.0,256,2048,2048,8192,5120,17401.4,31487,20660,0.2313
mixed,128,64,0.5,4.0,256,2048,4096,16384,10240,39499.9,64478.4,41214.9,0.0687
mixed,128,64,0.5,4.0,256,4096,128,512,320,1224.14,1651.01,1276.04,0.1216
mixed,128,64,0.5,4.0,256,4096,256,1024,640,1878.92,2456.62,1781.25,-0.1691
mixed,128,64,0.5,4.0,256,4096,512,2048,1280,2724.78,4777.17,2716.26,-0.0041
mixed,128,64,0.5,4.0,256,4096,1024,4096,2560,7239.64,13305.7,6503.28,-0.1214
mixed,128,64,0.5,4.0,256,4096,2048,8192,5120,16726.8,32478.3,20718.7,0.2534
mixed,128,64,0.5,4.0,256,4096,4096,16384,10240,41025.8,65650.6,41411,0.0156
mixed,128,64,0.5,4.0,256,8192,128,512,320,1572.29,1987.88,1640.93,0.1652
mixed,128,64,0.5,4.0,256,8192,256,1024,640,2226.09,2903.69,2166.66,-0.0877
mixed,128,64,0.5,4.0,256,8192,512,2048,1280,3387.82,4826.07,3114.19,-0.1903
mixed,128,64,0.5,4.0,256,8192,1024,4096,2560,7916.57,13949,6714.07,-0.1993
mixed,128,64,0.5,4.0,256,8192,2048,8192,5120,18028.8,26551.2,20805.5,0.3258
mixed,128,64,0.5,4.0,256,8192,4096,16384,10240,38961.9,65947.5,41553.3,0.096
mixed,128,64,0.5,4.0,512,0,128,512,320,947.46,1351.01,1022.79,0.1867
mixed,128,64,0.5,4.0,512,0,256,1024,640,1568.17,2206.6,1547.94,-0.0317
mixed,128,64,0.5,4.0,512,0,512,2048,1280,2627.37,4753.17,2561.86,-0.0308
mixed,128,64,0.5,4.0,512,0,1024,4096,2560,7040.82,12970.7,5779.86,-0.2126
mixed,128,64,0.5,4.0,512,0,2048,8192,5120,16170.6,25803.2,20601.5,0.46
mixed,128,64,0.5,4.0,512,0,4096,16384,10240,34836.6,63561.9,41210.3,0.2219
mixed,128,64,0.5,4.0,512,512,128,512,320,1009.57,1403.08,1074.18,0.1642
mixed,128,64,0.5,4.0,512,512,256,1024,640,1613.22,2233.86,1591.78,-0.0345
mixed,128,64,0.5,4.0,512,512,512,2048,1280,2660.9,4649.01,2600.58,-0.0303
mixed,128,64,0.5,4.0,512,512,1024,4096,2560,7111.04,12999.5,5934.81,-0.1998
mixed,128,64,0.5,4.0,512,512,2048,8192,5120,16196.3,26087.6,20633.1,0.4486
mixed,128,64,0.5,4.0,512,512,4096,16384,10240,34526.8,64842.1,41211.1,0.2205
mixed,128,64,0.5,4.0,512,1024,128,512,320,1079.62,1485.63,1144.2,0.1591
mixed,128,64,0.5,4.0,512,1024,256,1024,640,1692.1,2280.78,1644.2,-0.0814
mixed,128,64,0.5,4.0,512,1024,512,2048,1280,2700.46,4791.66,2638.95,-0.0294
mixed,128,64,0.5,4.0,512,1024,1024,4096,2560,7194.2,13040.2,6485.94,-0.1212
mixed,128,64,0.5,4.0,512,1024,2048,8192,5120,16285.7,26379.7,20637.2,0.4311
mixed,128,64,0.5,4.0,512,1024,4096,16384,10240,34830.8,65098.7,41238,0.2117
mixed,128,64,0.5,4.0,512,2048,128,512,320,1204.45,1622.98,1280.16,0.1809
mixed,128,64,0.5,4.0,512,2048,256,1024,640,1843.21,2487.82,1781.51,-0.0957
mixed,128,64,0.5,4.0,512,2048,512,2048,1280,2869.16,4727.16,2739.43,-0.0698
mixed,128,64,0.5,4.0,512,2048,1024,4096,2560,7298.56,16128.9,6264.18,-0.1171
mixed,128,64,0.5,4.0,512,2048,2048,8192,5120,20390.5,32288.6,20739.1,0.0293
mixed,128,64,0.5,4.0,512,2048,4096,16384,10240,40268.3,65353.2,41302,0.0412
mixed,128,64,0.5,4.0,512,4096,128,512,320,1461.64,1865.38,1551.3,0.2221
mixed,128,64,0.5,4.0,512,4096,256,1024,640,2087.88,2748.65,2054.5,-0.0505
mixed,128,64,0.5,4.0,512,4096,512,2048,1280,3214.41,4565.55,3016.2,-0.1467
mixed,128,64,0.5,4.0,512,4096,1024,4096,2560,7688.95,13797,5697.75,-0.326
mixed,128,64,0.5,4.0,512,4096,2048,8192,5120,18320.4,33155.9,20783.7,0.166
mixed,128,64,0.5,4.0,512,4096,4096,16384,10240,41357.1,66029.4,41564.5,0.0084
mixed,128,64,0.5,4.0,512,8192,128,512,320,1951.46,2368.23,2049.48,0.2352
mixed,128,64,0.5,4.0,512,8192,256,1024,640,2603.11,3241.71,2584.87,-0.0286
mixed,128,64,0.5,4.0,512,8192,512,2048,1280,3689.1,5420.31,3577.04,-0.0647
mixed,128,64,0.5,4.0,512,8192,1024,4096,2560,8543.1,14410.3,5967,-0.4391
mixed,128,64,0.5,4.0,512,8192,2048,8192,5120,20160.5,28743,20746.3,0.0683
mixed,128,64,0.5,4.0,512,8192,4096,16384,10240,40871.6,66254.7,41684.7,0.032
mixed,128,64,0.5,4.0,1024,0,128,512,320,1199.88,1613.77,1289.25,0.2159
mixed,128,64,0.5,4.0,1024,0,256,1024,640,1840.55,2477.13,1814.76,-0.0405
mixed,128,64,0.5,4.0,1024,0,512,2048,1280,2922.19,4823.99,2824.14,-0.0516
mixed,128,64,0.5,4.0,1024,0,1024,4096,2560,7263.68,13052.5,5967.48,-0.2239
mixed,128,64,0.5,4.0,1024,0,2048,8192,5120,16278.1,26110.6,20709.1,0.4506
mixed,128,64,0.5,4.0,1024,0,4096,16384,10240,34255.8,65195.9,41291.5,0.2274
mixed,128,64,0.5,4.0,1024,512,128,512,320,1309.54,1700.29,1403.88,0.2414
mixed,128,64,0.5,4.0,1024,512,256,1024,640,1917.38,2571.97,1897.89,-0.0298
mixed,128,64,0.5,4.0,1024,512,512,2048,1280,3019.85,4810.36,2910.51,-0.0611
mixed,128,64,0.5,4.0,1024,512,1024,4096,2560,7385.59,13122.6,6011.73,-0.2395
mixed,128,64,0.5,4.0,1024,512,2048,8192,5120,16308.9,26517.3,20705.6,0.4307
mixed,128,64,0.5,4.0,1024,512,4096,16384,10240,35455,64800.4,41271.7,0.1982
mixed,128,64,0.5,4.0,1024,1024,128,512,320,1412.74,1807.43,1514.34,0.2574
mixed,128,64,0.5,4.0,1024,1024,256,1024,640,2023.72,2661.03,2009.77,-0.0219
mixed,128,64,0.5,4.0,1024,1024,512,2048,1280,3134.67,4571.95,2996.39,-0.0962
mixed,128,64,0.5,4.0,1024,1024,1024,4096,2560,7334.42,13314.4,6012.44,-0.2211
mixed,128,64,0.5,4.0,1024,1024,2048,8192,5120,17414.1,28929.6,20743.1,0.2891
mixed,128,64,0.5,4.0,1024,1024,4096,16384,10240,37302.6,63706.2,41294,0.1512
mixed,128,64,0.5,4.0,1024,2048,128,512,320,1617.64,2011.56,1721.13,0.2627
mixed,128,64,0.5,4.0,1024,2048,256,1024,640,2226.02,2862.73,2227.05,0.0016
mixed,128,64,0.5,4.0,1024,2048,512,2048,1280,3300.49,4711.09,3193.07,-0.0762
mixed,128,64,0.5,4.0,1024,2048,1024,4096,2560,7732.19,16813.8,5749.17,-0.2184
mixed,128,64,0.5,4.0,1024,2048,2048,8192,5120,20790,32962.2,20933.8,0.0118
mixed,128,64,0.5,4.0,1024,2048,4096,16384,10240,41225.6,65862.6,41534.9,0.0126
mixed,128,64,0.5,4.0,1024,4096,128,512,320,2024.81,2416.9,2125.67,0.2572
mixed,128,64,0.5,4.0,1024,4096,256,1024,640,2624.75,3254.89,2646.09,0.0339
mixed,128,64,0.5,4.0,1024,4096,512,2048,1280,3662.76,5297.08,3624.56,-0.0234
mixed,128,64,0.5,4.0,1024,4096,1024,4096,2560,7942.04,14422.7,5846.42,-0.3234
mixed,128,64,0.5,4.0,1024,4096,2048,8192,5120,20700.8,33599.7,20792.8,0.0071
mixed,128,64,0.5,4.0,1024,4096,4096,16384,10240,41914.2,66918.7,41915.7,0.0001
mixed,128,64,0.5,4.0,1024,8192,128,512,320,2841.8,3218.99,2926.67,0.225
mixed,128,64,0.5,4.0,1024,8192,256,1024,640,3419.28,4052.52,3453.62,0.0542
mixed,128,64,0.5,4.0,1024,8192,512,2048,1280,4539.31,6056.85,4477.59,-0.0407
mixed,128,64,0.5,4.0,1024,8192,1024,4096,2560,10161.4,16459,6754.65,-0.541
mixed,128,64,0.5,4.0,1024,8192,2048,8192,5120,21295.3,32972.2,20461.8,-0.0714
mixed,128,64,0.5,4.0,1024,8192,4096,16384,10240,42035.4,66940.5,42042.8,0.0003
mixed,128,64,0.5,4.0,2048,0,128,512,320,1868.23,2235.53,1962.66,0.2571
mixed,128,64,0.5,4.0,2048,0,256,1024,640,2444.68,3094.38,2483.78,0.0602
mixed,128,64,0.5,4.0,2048,0,512,2048,1280,3543.95,5012.53,3493.97,-0.034
mixed,128,64,0.5,4.0,2048,0,1024,4096,2560,7777.02,13920.2,5931.22,-0.3005
mixed,128,64,0.5,4.0,2048,0,2048,8192,5120,17667.6,30754.8,20869.8,0.2447
mixed,128,64,0.5,4.0,2048,0,4096,16384,10240,38252.2,64895.7,41403.4,0.1183
mixed,128,64,0.5,4.0,2048,512,128,512,320,2062.76,2411.91,2148.3,0.245
mixed,128,64,0.5,4.0,2048,512,256,1024,640,2614.79,3238.22,2669.9,0.0884
mixed,128,64,0.5,4.0,2048,512,512,2048,1280,3685.39,5166.35,3659.5,-0.0175
mixed,128,64,0.5,4.0,2048,512,1024,4096,2560,8522.84,16308.2,6159.03,-0.3036
mixed,128,64,0.5,4.0,2048,512,2048,8192,5120,20035.8,31738.8,20914.9,0.0751
mixed,128,64,0.5,4.0,2048,512,4096,16384,10240,39898.8,65318.6,41439.9,0.0606
mixed,128,64,0.5,4.0,2048,1024,128,512,320,2252.26,2606.73,2331.82,0.2244
mixed,128,64,0.5,4.0,2048,1024,256,1024,640,2802.89,3420.75,2857.74,0.0888
mixed,128,64,0.5,4.0,2048,1024,512,2048,1280,3841.16,5358.04,3821.45,-0.013
mixed,128,64,0.5,4.0,2048,1024,1024,4096,2560,8238.01,16770.6,6413.3,-0.2139
mixed,128,64,0.5,4.0,2048,1024,2048,8192,5120,20741,32944.5,20979.3,0.0195
mixed,128,64,0.5,4.0,2048,1024,4096,16384,10240,41150.1,65560.5,41542.4,0.0161
mixed,128,64,0.5,4.0,2048,2048,128,512,320,2621.55,2971.88,2702.41,0.2308
mixed,128,64,0.5,4.0,2048,2048,256,1024,640,3163.63,3793.84,3225.9,0.0988
mixed,128,64,0.5,4.0,2048,2048,512,2048,1280,4235.09,5649.72,4218.13,-0.012
mixed,128,64,0.5,4.0,2048,2048,1024,4096,2560,8958.11,17255.5,6841.21,-0.2551
mixed,128,64,0.5,4.0,2048,2048,2048,8192,5120,21426.8,33991.4,21450.3,0.0019
mixed,128,64,0.5,4.0,2048,2048,4096,16384,10240,42348.1,67473.8,42354.6,0.0003
mixed,128,64,0.5,4.0,2048,4096,128,512,320,3359.21,3695.43,3439.34,0.2383
mixed,128,64,0.5,4.0,2048,4096,256,1024,640,3884.3,4484.94,3918.6,0.0571
mixed,128,64,0.5,4.0,2048,4096,512,2048,1280,4917.75,6365.94,4942.35,0.017
mixed,128,64,0.5,4.0,2048,4096,1024,4096,2560,10022.1,16721.4,7407.58,-0.3903
mixed,128,64,0.5,4.0,2048,4096,2048,8192,5120,21354,34053.4,21539,0.0146
mixed,128,64,0.5,4.0,2048,4096,4096,16384,10240,42438.5,67550.2,42505.6,0.0027
mixed,128,64,0.5,4.0,2048,8192,128,512,320,4812.56,5158.86,4896.85,0.2434
mixed,128,64,0.5,4.0,2048,8192,256,1024,640,5336.98,5909.43,5355.06,0.0316
mixed,128,64,0.5,4.0,2048,8192,512,2048,1280,6291.44,7675.93,6340.88,0.0357
mixed,128,64,0.5,4.0,2048,8192,1024,4096,2560,10944.6,17180.7,9133.44,-0.2904
mixed,128,64,0.5,4.0,2048,8192,2048,8192,5120,21621.1,33652.2,21658.3,0.0031
mixed,128,64,0.5,4.0,2048,8192,4096,16384,10240,42573.2,67746.4,42620.5,0.0019
pure,128,96,0.75,4.0,0,0,128,512,416,580.833,685.442,586.371,0.0529
pure,128,96,0.75,4.0,0,0,256,1024,832,1012,1214.92,1031.04,0.0938
pure,128,96,0.75,4.0,0,0,512,2048,1664,1878.79,2271.34,1924.68,0.1169
pure,128,96,0.75,4.0,0,0,1024,4096,3328,3596.17,4384.65,3693.13,0.123
pure,128,96,0.75,4.0,0,0,2048,8192,6656,6996.63,8569.44,7153.56,0.0998
pure,128,96,0.75,4.0,0,0,4096,16384,13312,13828.3,16972,14145.9,0.101
mixed,128,96,0.75,4.0,16,0,128,512,416,971.298,1168,1024.45,0.2702
mixed,128,96,0.75,4.0,16,0,256,1024,832,1632.93,2013.96,1735.59,0.2694
mixed,128,96,0.75,4.0,16,0,512,2048,1664,3267.24,4640.79,3141.9,-0.0913
mixed,128,96,0.75,4.0,16,0,1024,4096,3328,10341.1,12893.4,8099.13,-0.8784
mixed,128,96,0.75,4.0,16,0,2048,8192,6656,20886.7,25776.4,24649.1,0.7694
mixed,128,96,0.75,4.0,16,0,4096,16384,13312,47477.6,64022.4,53638.8,0.3724
mixed,128,96,0.75,4.0,16,512,128,512,416,978.659,1176.52,1033.51,0.2772
mixed,128,96,0.75,4.0,16,512,256,1024,832,1637.45,2020.78,1740.17,0.268
mixed,128,96,0.75,4.0,16,512,512,2048,1664,3307.4,4632.21,3145.13,-0.1225
mixed,128,96,0.75,4.0,16,512,1024,4096,3328,10321.4,12914.8,8208.9,-0.8145
mixed,128,96,0.75,4.0,16,512,2048,8192,6656,20910,26501,24183.1,0.5854
mixed,128,96,0.75,4.0,16,512,4096,16384,13312,47006,64540.7,53641.3,0.3784
mixed,128,96,0.75,4.0,16,1024,128,512,416,995.747,1181.96,1040.8,0.242
mixed,128,96,0.75,4.0,16,1024,256,1024,832,1647.08,2031.65,1752.61,0.2744
mixed,128,96,0.75,4.0,16,1024,512,2048,1664,3241.55,4597.55,3152.01,-0.066
mixed,128,96,0.75,4.0,16,1024,1024,4096,3328,10430,12939,8180.77,-0.8965
mixed,128,96,0.75,4.0,16,1024,2048,8192,6656,20927.9,25888.4,24800.3,0.7806
mixed,128,96,0.75,4.0,16,1024,4096,16384,13312,49282.6,62857.8,53663.9,0.3227
mixed,128,96,0.75,4.0,16,2048,128,512,416,1064.48,1242.44,1109.32,0.2519
mixed,128,96,0.75,4.0,16,2048,256,1024,832,1689.64,2051.66,1773.86,0.2327
mixed,128,96,0.75,4.0,16,2048,512,2048,1664,3301,4647.12,3175.69,-0.0931
mixed,128,96,0.75,4.0,16,2048,1024,4096,3328,10353.4,12989.1,8236.83,-0.803
mixed,128,96,0.75,4.0,16,2048,2048,8192,6656,21320.8,26285.3,25111.9,0.7636
mixed,128,96,0.75,4.0,16,2048,4096,16384,13312,50859.3,64973.1,53683.6,0.2001
mixed,128,96,0.75,4.0,16,4096,128,512,416,1196.74,1387.24,1248.48,0.2716
mixed,128,96,0.75,4.0,16,4096,256,1024,832,1827.85,2175.78,1915.37,0.2515
mixed,128,96,0.75,4.0,16,4096,512,2048,1664,3397.77,4679.19,3232.91,-0.1287
mixed,128,96,0.75,4.0,16,4096,1024,4096,3328,10488.8,13016.8,9249.51,-0.4902
mixed,128,96,0.75,4.0,16,4096,2048,8192,6656,21585.3,27697.9,25892.8,0.7047
mixed,128,96,0.75,4.0,16,4096,4096,16384,13312,52190.5,64814.4,53799.3,0.1274
mixed,128,96,0.75,4.0,16,8192,128,512,416,1501,1643.37,1521.45,0.1436
mixed,128,96,0.75,4.0,16,8192,256,1024,832,2109.45,2474.98,2195.56,0.2356
mixed,128,96,0.75,4.0,16,8192,512,2048,1664,3787.86,5001.14,3532.97,-0.2101
mixed,128,96,0.75,4.0,16,8192,1024,4096,3328,10981.1,13398.9,9661.35,-0.5458
mixed,128,96,0.75,4.0,16,8192,2048,8192,6656,21612.6,26051.3,25452.9,0.8652
mixed,128,96,0.75,4.0,16,8192,4096,16384,13312,52705.6,65440,53874.9,0.0918
mixed,128,96,0.75,4.0,32,0,128,512,416,972.996,1170.21,1023.24,0.2547
mixed,128,96,0.75,4.0,32,0,256,1024,832,1635.65,2016.14,1736.13,0.2641
mixed,128,96,0.75,4.0,32,0,512,2048,1664,3254.25,4638.51,3139.11,-0.0832
mixed,128,96,0.75,4.0,32,0,1024,4096,3328,10392.3,12900.8,8100.12,-0.9137
mixed,128,96,0.75,4.0,32,0,2048,8192,6656,20948.2,25856.5,24949.1,0.8151
mixed,128,96,0.75,4.0,32,0,4096,16384,13312,51993,63832,53628.3,0.1381
mixed,128,96,0.75,4.0,32,512,128,512,416,979.235,1177.15,1031.52,0.2642
mixed,128,96,0.75,4.0,32,512,256,1024,832,1639.05,2021.67,1745.48,0.2782
mixed,128,96,0.75,4.0,32,512,512,2048,1664,3319.08,4607.89,3139.88,-0.139
mixed,128,96,0.75,4.0,32,512,1024,4096,3328,10300.6,12912.9,8147.91,-0.8241
mixed,128,96,0.75,4.0,32,512,2048,8192,6656,20880,25819.4,24569.9,0.747
mixed,128,96,0.75,4.0,32,512,4096,16384,13312,48796.8,64875,53642.3,0.3014
mixed,128,96,0.75,4.0,32,1024,128,512,416,993.988,1182.6,1045.28,0.272
mixed,128,96,0.75,4.0,32,1024,256,1024,832,1649.09,2031.3,1754.73,0.2764
mixed,128,96,0.75,4.0,32,1024,512,2048,1664,3227.69,4587.31,3155.28,-0.0533
mixed,128,96,0.75,4.0,32,1024,1024,4096,3328,10332,12924.6,8131.29,-0.8489
mixed,128,96,0.75,4.0,32,1024,2048,8192,6656,21025.8,26018.7,24920.1,0.78
mixed,128,96,0.75,4.0,32,1024,4096,16384,13312,48085.1,65029,53665.7,0.3294
mixed,128,96,0.75,4.0,32,2048,128,512,416,1064.45,1245.32,1113.7,0.2723
mixed,128,96,0.75,4.0,32,2048,256,1024,832,1690.95,2053.54,1774.12,0.2294
mixed,128,96,0.75,4.0,32,2048,512,2048,1664,3306.96,4648.75,3180.14,-0.0945
mixed,128,96,0.75,4.0,32,2048,1024,4096,3328,10408.6,13019.3,8180.45,-0.8535
mixed,128,96,0.75,4.0,32,2048,2048,8192,6656,21346.7,26619.7,25621.3,0.8107
mixed,128,96,0.75,4.0,32,2048,4096,16384,13312,50820.4,65090.7,53677.2,0.2002
mixed,128,96,0.75,4.0,32,4096,128,512,416,1196.29,1377.38,1252.52,0.3105
mixed,128,96,0.75,4.0,32,4096,256,1024,832,1830.53,2183.53,1917.58,0.2466
mixed,128,96,0.75,4.0,32,4096,512,2048,1664,3389.07,4704.59,3235.69,-0.1166
mixed,128,96,0.75,4.0,32,4096,1024,4096,3328,10504.7,13024.8,9182.02,-0.5248
mixed,128,96,0.75,4.0,32,4096,2048,8192,6656,21618.3,27648,25926.3,0.7145
mixed,128,96,0.75,4.0,32,4096,4096,16384,13312,52893.7,64541.3,53825.3,0.08
mixed,128,96,0.75,4.0,32,8192,128,512,416,1502.76,1668.04,1522.76,0.121
mixed,128,96,0.75,4.0,32,8192,256,1024,832,2109.8,2476.45,2204.17,0.2574
mixed,128,96,0.75,4.0,32,8192,512,2048,1664,3800.11,5038.55,3525.84,-0.2215
mixed,128,96,0.75,4.0,32,8192,1024,4096,3328,10917.3,13411.2,9689.95,-0.4921
mixed,128,96,0.75,4.0,32,8192,2048,8192,6656,21365.3,26208.2,25699.7,0.895
mixed,128,96,0.75,4.0,32,8192,4096,16384,13312,51939.7,64663.8,53903.8,0.1544
mixed,128,96,0.75,4.0,64,0,128,512,416,972.547,1170.21,1024.84,0.2645
mixed,128,96,0.75,4.0,64,0,256,1024,832,1635.65,2016.46,1740.33,0.2749
mixed,128,96,0.75,4.0,64,0,512,2048,1664,3241.45,4622.13,3147.24,-0.0682
mixed,128,96,0.75,4.0,64,0,1024,4096,3328,10427,12904.8,8068.89,-0.9518
mixed,128,96,0.75,4.0,64,0,2048,8192,6656,20900.2,25826.2,24284.6,0.687
mixed,128,96,0.75,4.0,64,0,4096,16384,13312,47585,64164,53632.7,0.3648
mixed,128,96,0.75,4.0,64,512,128,512,416,981.826,1178.57,1034.15,0.2659
mixed,128,96,0.75,4.0,64,512,256,1024,832,1642.47,2022.44,1747.97,0.2777
mixed,128,96,0.75,4.0,64,512,512,2048,1664,3317.16,4580.44,3147.79,-0.1341
mixed,128,96,0.75,4.0,64,512,1024,4096,3328,10387.1,12919.2,8057.28,-0.9202
mixed,128,96,0.75,4.0,64,512,2048,8192,6656,20950.2,25877.6,24607.9,0.7423
mixed,128,96,0.75,4.0,64,512,4096,16384,13312,47480.6,65083.7,53677.9,0.3521
mixed,128,96,0.75,4.0,64,1024,128,512,416,1000.74,1184.36,1044.77,0.2398
mixed,128,96,0.75,4.0,64,1024,256,1024,832,1648.49,2031.11,1754.38,0.2767
mixed,128,96,0.75,4.0,64,1024,512,2048,1664,3235.88,4600.85,3159.24,-0.0562
mixed,128,96,0.75,4.0,64,1024,1024,4096,3328,10430.8,12930.8,8146.05,-0.9139
mixed,128,96,0.75,4.0,64,1024,2048,8192,6656,20966.8,25884.9,24734.5,0.7661
mixed,128,96,0.75,4.0,64,1024,4096,16384,13312,43253.8,65053.6,53682.3,0.4784
mixed,128,96,0.75,4.0,64,2048,128,512,416,1066.15,1248.23,1116.84,0.2784
mixed,128,96,0.75,4.0,64,2048,256,1024,832,1694.41,2053.96,1777.64,0.2315
mixed,128,96,0.75,4.0,64,2048,512,2048,1664,3305.61,4668.85,3178.73,-0.0931
mixed,128,96,0.75,4.0,64,2048,1024,4096,3328,10322.6,13020.1,8127.97,-0.8136
mixed,128,96,0.75,4.0,64,2048,2048,8192,6656,21334.5,26753.3,25325.6,0.7365
mixed,128,96,0.75,4.0,64,2048,4096,16384,13312,49044.6,64864.6,53719.4,0.2955
mixed,128,96,0.75,4.0,64,4096,128,512,416,1196.71,1384.55,1246.76,0.2664
mixed,128,96,0.75,4.0,64,4096,256,1024,832,1832.39,2183.72,1927.11,0.2696
mixed,128,96,0.75,4.0,64,4096,512,2048,1664,3386.25,4703.98,3232.65,-0.1166
mixed,128,96,0.75,4.0,64,4096,1024,4096,3328,10534,13035.3,9194.62,-0.5354
mixed,128,96,0.75,4.0,64,4096,2048,8192,6656,21481.4,27266.8,25958.6,0.7739
mixed,128,96,0.75,4.0,64,4096,4096,16384,13312,51798.3,65220.3,53798.6,0.149
mixed,128,96,0.75,4.0,64,8192,128,512,416,1497,1662.69,1533.09,0.2179
mixed,128,96,0.75,4.0,64,8192,256,1024,832,2114.28,2482.57,2206.5,0.2504
mixed,128,96,0.75,4.0,64,8192,512,2048,1664,3785.04,4995.67,3542.99,-0.1999
mixed,128,96,0.75,4.0,64,8192,1024,4096,3328,10956.5,13441.6,9677.45,-0.5147
mixed,128,96,0.75,4.0,64,8192,2048,8192,6656,21698.5,26371.5,25707.5,0.8579
mixed,128,96,0.75,4.0,64,8192,4096,16384,13312,50567.2,65073.3,53926.8,0.2316
mixed,128,96,0.75,4.0,128,0,128,512,416,998.019,1199.72,1053.89,0.277
mixed,128,96,0.75,4.0,128,0,256,1024,832,1661.19,2042.95,1766.28,0.2753
mixed,128,96,0.75,4.0,128,0,512,2048,1664,3253.2,4668.05,3174.86,-0.0554
mixed,128,96,0.75,4.0,128,0,1024,4096,3328,10389.9,12912.5,8109.19,-0.9041
mixed,128,96,0.75,4.0,128,0,2048,8192,6656,20911.3,25924.3,24740.7,0.7639
mixed,128,96,0.75,4.0,128,0,4096,16384,13312,49579.4,64914.2,53658.9,0.266
mixed,128,96,0.75,4.0,128,512,128,512,416,1011.55,1210.6,1062.43,0.2556
mixed,128,96,0.75,4.0,128,512,256,1024,832,1673.19,2052.01,1779.88,0.2816
mixed,128,96,0.75,4.0,128,512,512,2048,1664,3341.29,4653.07,3177.39,-0.1249
mixed,128,96,0.75,4.0,128,512,1024,4096,3328,10354.3,12934.3,8076.67,-0.8828
mixed,128,96,0.75,4.0,128,512,2048,8192,6656,20970.2,25914.7,24556.2,0.7253
mixed,128,96,0.75,4.0,128,512,4096,16384,13312,46531.6,65002.9,53683.2,0.3872
mixed,128,96,0.75,4.0,128,1024,128,512,416,1029.7,1216.64,1082.28,0.2812
mixed,128,96,0.75,4.0,128,1024,256,1024,832,1685.19,2068.29,1789.48,0.2722
mixed,128,96,0.75,4.0,128,1024,512,2048,1664,3266.92,4612.3,3189.61,-0.0575
mixed,128,96,0.75,4.0,128,1024,1024,4096,3328,10369.1,12950.9,8204.35,-0.8385
mixed,128,96,0.75,4.0,128,1024,2048,8192,6656,20956.1,26870.1,24538.8,0.6058
mixed,128,96,0.75,4.0,128,1024,4096,16384,13312,47607.6,63471.4,53667.7,0.382
mixed,128,96,0.75,4.0,128,2048,128,512,416,1104.83,1288.32,1160.45,0.3031
mixed,128,96,0.75,4.0,128,2048,256,1024,832,1733.29,2095.91,1826.66,0.2575
mixed,128,96,0.75,4.0,128,2048,512,2048,1664,3358.57,4661.94,3242.7,-0.0889
mixed,128,96,0.75,4.0,128,2048,1024,4096,3328,10416.9,13135,8113.89,-0.8473
mixed,128,96,0.75,4.0,128,2048,2048,8192,6656,22201.3,28044,25334.5,0.5363
mixed,128,96,0.75,4.0,128,2048,4096,16384,13312,52787.3,63970.9,53736.7,0.0849
mixed,128,96,0.75,4.0,128,4096,128,512,416,1282.12,1429.25,1319.01,0.2507
mixed,128,96,0.75,4.0,128,4096,256,1024,832,1877.67,2236.62,1987.4,0.3057
mixed,128,96,0.75,4.0,128,4096,512,2048,1664,3440.65,4702.39,3314.35,-0.1001
mixed,128,96,0.75,4.0,128,4096,1024,4096,3328,10652.8,13269.7,9385.54,-0.4843
mixed,128,96,0.75,4.0,128,4096,2048,8192,6656,22284.2,31572.8,26131.6,0.4142
mixed,128,96,0.75,4.0,128,4096,4096,16384,13312,52908.7,65377.9,53835.3,0.0743
mixed,128,96,0.75,4.0,128,8192,128,512,416,1590.85,1810.47,1626.54,0.1625
mixed,128,96,0.75,4.0,128,8192,256,1024,832,2259.11,2499.37,2301.8,0.1777
mixed,128,96,0.75,4.0,128,8192,512,2048,1664,3782.19,5105.27,3658.93,-0.0932
mixed,128,96,0.75,4.0,128,8192,1024,4096,3328,10900.7,13348.9,9500.36,-0.572
mixed,128,96,0.75,4.0,128,8192,2048,8192,6656,22186.3,26622.7,26043.2,0.8694
mixed,128,96,0.75,4.0,128,8192,4096,16384,13312,52705.7,65604.7,53953,0.0967
mixed,128,96,0.75,4.0,256,0,128,512,416,1047.94,1250.95,1102.47,0.2686
mixed,128,96,0.75,4.0,256,0,256,1024,832,1717.89,2099.82,1821.35,0.2709
mixed,128,96,0.75,4.0,256,0,512,2048,1664,3319.86,4682.67,3223.08,-0.071
mixed,128,96,0.75,4.0,256,0,1024,4096,3328,10314.5,12930.5,8112.35,-0.8418
mixed,128,96,0.75,4.0,256,0,2048,8192,6656,20899.6,26047.7,24568.3,0.7126
mixed,128,96,0.75,4.0,256,0,4096,16384,13312,49048.2,65096.5,53656.6,0.2872
mixed,128,96,0.75,4.0,256,512,128,512,416,1068.16,1263.84,1122.18,0.276
mixed,128,96,0.75,4.0,256,512,256,1024,832,1730.47,2109.35,1838.38,0.2848
mixed,128,96,0.75,4.0,256,512,512,2048,1664,3363.05,4651.25,3233.04,-0.1009
mixed,128,96,0.75,4.0,256,512,1024,4096,3328,10398,12957.2,8175.39,-0.8685
mixed,128,96,0.75,4.0,256,512,2048,8192,6656,21020.5,26020.1,25099.8,0.8159
mixed,128,96,0.75,4.0,256,512,4096,16384,13312,51225.1,64538.6,53692.7,0.1853
mixed,128,96,0.75,4.0,256,1024,128,512,416,1110.66,1291.53,1158.56,0.2649
mixed,128,96,0.75,4.0,256,1024,256,1024,832,1760.2,2137.51,1863.17,0.2729
mixed,128,96,0.75,4.0,256,1024,512,2048,1664,3350.73,4602.64,3263.11,-0.07
mixed,128,96,0.75,4.0,256,1024,1024,4096,3328,10357.6,12971.3,8203.29,-0.8242
mixed,128,96,0.75,4.0,256,1024,2048,8192,6656,21063.3,26131.7,25429.1,0.8614
mixed,128,96,0.75,4.0,256,1024,4096,16384,13312,45644,65052.2,53726.6,0.4165
mixed,128,96,0.75,4.0,256,2048,128,512,416,1226.92,1423.75,1254.92,0.1423
mixed,128,96,0.75,4.0,256,2048,256,1024,832,1829.54,2178.99,1918.76,0.2553
mixed,128,96,0.75,4.0,256,2048,512,2048,1664,3460.2,4683.31,3336.78,-0.1009
mixed,128,96,0.75,4.0,256,2048,1024,4096,3328,10567.4,13592.5,8174.4,-0.7911
mixed,128,96,0.75,4.0,256,2048,2048,8192,6656,24042,31997.7,25745.2,0.2141
mixed,128,96,0.75,4.0,256,2048,4096,16384,13312,51269,65033.8,53767.4,0.1815
mixed,128,96,0.75,4.0,256,4096,128,512,416,1433.63,1654.79,1452.13,0.0836
mixed,128,96,0.75,4.0,256,4096,256,1024,832,2120.42,2451.02,2111.11,-0.0282
mixed,128,96,0.75,4.0,256,4096,512,2048,1664,3477.9,4795.19,3451.47,-0.0201
mixed,128,96,0.75,4.0,256,4096,1024,4096,3328,10770.8,13304.2,9333.45,-0.5673
mixed,128,96,0.75,4.0,256,4096,2048,8192,6656,25418.3,32583.3,26441.8,0.1428
mixed,128,96,0.75,4.0,256,4096,4096,16384,13312,53252.6,65610,53944.7,0.056
mixed,128,96,0.75,4.0,256,8192,128,512,416,1780.17,2001.16,1831.37,0.2317
mixed,128,96,0.75,4.0,256,8192,256,1024,832,2487.05,2908.81,2501.86,0.0351
mixed,128,96,0.75,4.0,256,8192,512,2048,1664,4003.63,4820.08,3917.96,-0.1049
mixed,128,96,0.75,4.0,256,8192,1024,4096,3328,11432.6,13945,9939.05,-0.5945
mixed,128,96,0.75,4.0,256,8192,2048,8192,6656,25533.3,26574.9,26399.8,0.8319
mixed,128,96,0.75,4.0,256,8192,4096,16384,13312,53360,65706.4,54078.6,0.0582
mixed,128,96,0.75,4.0,512,0,128,512,416,1150.28,1352,1197.06,0.2319
mixed,128,96,0.75,4.0,512,0,256,1024,832,1823.24,2207.34,1915.88,0.2412
mixed,128,96,0.75,4.0,512,0,512,2048,1664,3437.14,4766.55,3324.33,-0.0849
mixed,128,96,0.75,4.0,512,0,1024,4096,3328,10409.9,12967.7,8142.88,-0.8863
mixed,128,96,0.75,4.0,512,0,2048,8192,6656,20991.7,25940.2,24496.1,0.7082
mixed,128,96,0.75,4.0,512,0,4096,16384,13312,46430.1,64682.8,53720.2,0.3994
mixed,128,96,0.75,4.0,512,512,128,512,416,1205.54,1405.7,1244.84,0.1963
mixed,128,96,0.75,4.0,512,512,256,1024,832,1867.59,2236.52,1946.86,0.2149
mixed,128,96,0.75,4.0,512,512,512,2048,1664,3347.21,4638.55,3346.89,-0.0003
mixed,128,96,0.75,4.0,512,512,1024,4096,3328,10411.6,12995.9,8123.52,-0.8854
mixed,128,96,0.75,4.0,512,512,2048,8192,6656,21146.2,26074.7,24888.9,0.7594
mixed,128,96,0.75,4.0,512,512,4096,16384,13312,45535.3,63474.7,53733.2,0.457
mixed,128,96,0.75,4.0,512,1024,128,512,416,1279.46,1488.01,1310.6,0.1493
mixed,128,96,0.75,4.0,512,1024,256,1024,832,1922.5,2279.66,1999.85,0.2166
mixed,128,96,0.75,4.0,512,1024,512,2048,1664,3455.24,4756.47,3393.39,-0.0475
mixed,128,96,0.75,4.0,512,1024,1024,4096,3328,10625.7,13031.1,8286.4,-0.9725
mixed,128,96,0.75,4.0,512,1024,2048,8192,6656,21204,26653.3,25688.1,0.8229
mixed,128,96,0.75,4.0,512,1024,4096,16384,13312,47858.5,63556.5,53739.8,0.3747
mixed,128,96,0.75,4.0,512,2048,128,512,416,1409.44,1629.96,1454.28,0.2033
mixed,128,96,0.75,4.0,512,2048,256,1024,832,2107.36,2494.57,2118.98,0.03
mixed,128,96,0.75,4.0,512,2048,512,2048,1664,3502.54,4714.29,3539.69,0.0307
mixed,128,96,0.75,4.0,512,2048,1024,4096,3328,11075.1,16418.2,10092.1,-0.184
mixed,128,96,0.75,4.0,512,2048,2048,8192,6656,26148.1,32529.5,26016.5,-0.0206
mixed,128,96,0.75,4.0,512,2048,4096,16384,13312,52772.7,64949,53906.5,0.0931
mixed,128,96,0.75,4.0,512,4096,128,512,416,1660.9,1872.42,1732.9,0.3404
mixed,128,96,0.75,4.0,512,4096,256,1024,832,2346.73,2751.79,2393.45,0.1153
mixed,128,96,0.75,4.0,512,4096,512,2048,1664,3888.65,4562.29,3748.72,-0.2077
mixed,128,96,0.75,4.0,512,4096,1024,4096,3328,11165.7,13793.8,9894.21,-0.4838
mixed,128,96,0.75,4.0,512,4096,2048,8192,6656,26811.7,33145.3,26881.8,0.0111
mixed,128,96,0.75,4.0,512,4096,4096,16384,13312,53703.9,66081.3,54205.2,0.0405
mixed,128,96,0.75,4.0,512,8192,128,512,416,2156.8,2375.66,2240.07,0.3805
mixed,128,96,0.75,4.0,512,8192,256,1024,832,2849.74,3233.96,2950.83,0.2631
mixed,128,96,0.75,4.0,512,8192,512,2048,1664,4332.08,5412.75,4280.75,-0.0475
mixed,128,96,0.75,4.0,512,8192,1024,4096,3328,11575.4,14324.4,10565.3,-0.3675
mixed,128,96,0.75,4.0,512,8192,2048,8192,6656,22449.1,28567.3,26597.7,0.6781
mixed,128,96,0.75,4.0,512,8192,4096,16384,13312,53867,66258,54268.9,0.0324
mixed,128,96,0.75,4.0,1024,0,128,512,416,1402.15,1612.55,1457.48,0.263
mixed,128,96,0.75,4.0,1024,0,256,1024,832,2100.27,2480.49,2152.71,0.1379
mixed,128,96,0.75,4.0,1024,0,512,2048,1664,3551.95,4833.84,3554.32,0.0018
mixed,128,96,0.75,4.0,1024,0,1024,4096,3328,10584.1,13065.7,8104.6,-0.9992
mixed,128,96,0.75,4.0,1024,0,2048,8192,6656,21209.6,26366,25061.2,0.747
mixed,128,96,0.75,4.0,1024,0,4096,16384,13312,45867.4,64957.3,53812.7,0.4162
mixed,128,96,0.75,4.0,1024,512,128,512,416,1503.24,1701.38,1567.85,0.3261
mixed,128,96,0.75,4.0,1024,512,256,1024,832,2171.62,2570.54,2231.98,0.1513
mixed,128,96,0.75,4.0,1024,512,512,2048,1664,3643.85,4810.9,3637.84,-0.0052
mixed,128,96,0.75,4.0,1024,512,1024,4096,3328,10635.4,13142.2,8159.02,-0.9878
mixed,128,96,0.75,4.0,1024,512,2048,8192,6656,21255.2,26502.1,25764.5,0.8594
mixed,128,96,0.75,4.0,1024,512,4096,16384,13312,48089.3,64634.9,53839.2,0.3475
mixed,128,96,0.75,4.0,1024,1024,128,512,416,1608.36,1807.43,1681.51,0.3675
mixed,128,96,0.75,4.0,1024,1024,256,1024,832,2269.58,2665.87,2326.98,0.1449
mixed,128,96,0.75,4.0,1024,1024,512,2048,1664,3767.47,4573.26,3718.95,-0.0602
mixed,128,96,0.75,4.0,1024,1024,1024,4096,3328,10671.1,13285.8,9082.66,-0.6075
mixed,128,96,0.75,4.0,1024,1024,2048,8192,6656,23506.6,28900,26114.9,0.4836
mixed,128,96,0.75,4.0,1024,1024,4096,16384,13312,49687.9,65206.7,53819.3,0.2662
mixed,128,96,0.75,4.0,1024,2048,128,512,416,1823.69,2015.82,1903.82,0.4171
mixed,128,96,0.75,4.0,1024,2048,256,1024,832,2479.91,2868.68,2567.37,0.225
mixed,128,96,0.75,4.0,1024,2048,512,2048,1664,3957.77,4710,3918.83,-0.0518
mixed,128,96,0.75,4.0,1024,2048,1024,4096,3328,11237.8,16831.4,13035.1,0.3213
mixed,128,96,0.75,4.0,1024,2048,2048,8192,6656,27074.4,33006.4,27299.5,0.0379
mixed,128,96,0.75,4.0,1024,2048,4096,16384,13312,53412.9,65834.7,54246.7,0.0671
mixed,128,96,0.75,4.0,1024,4096,128,512,416,2227.66,2422.15,2288.23,0.3114
mixed,128,96,0.75,4.0,1024,4096,256,1024,832,2885.58,3256.68,3005.1,0.3221
mixed,128,96,0.75,4.0,1024,4096,512,2048,1664,4336.94,5299.12,4274.7,-0.0647
mixed,128,96,0.75,4.0,1024,4096,1024,4096,3328,11604.9,14337.5,10358.9,-0.456
mixed,128,96,0.75,4.0,1024,4096,2048,8192,6656,27371,33613.5,27426.9,0.0089
mixed,128,96,0.75,4.0,1024,4096,4096,16384,13312,54354.7,66820,54560.3,0.0165
mixed,128,96,0.75,4.0,1024,8192,128,512,416,3040.97,3217.74,3078.89,0.2145
mixed,128,96,0.75,4.0,1024,8192,256,1024,832,3665.36,4053.2,3807.66,0.3669
mixed,128,96,0.75,4.0,1024,8192,512,2048,1664,5188.31,6057.85,5184.85,-0.004
mixed,128,96,0.75,4.0,1024,8192,1024,4096,3328,12831.9,16926.2,13094,0.064
mixed,128,96,0.75,4.0,1024,8192,2048,8192,6656,23954.4,32935.8,27185.1,0.3597
mixed,128,96,0.75,4.0,1024,8192,4096,16384,13312,54482.3,66975.4,54619.1,0.011
mixed,128,96,0.75,4.0,2048,0,128,512,416,2051.01,2245.23,2120.33,0.3569
mixed,128,96,0.75,4.0,2048,0,256,1024,832,2691.43,3105.07,2808.62,0.2833
mixed,128,96,0.75,4.0,2048,0,512,2048,1664,4190.57,5023.16,4155.89,-0.0417
mixed,128,96,0.75,4.0,2048,0,1024,4096,3328,11257.6,14059.9,8987.68,-0.81
mixed,128,96,0.75,4.0,2048,0,2048,8192,6656,24756.3,30170.7,27032.8,0.4205
mixed,128,96,0.75,4.0,2048,0,4096,16384,13312,51036.8,65183.7,53962.7,0.2068
mixed,128,96,0.75,4.0,2048,512,128,512,416,2233.96,2426.12,2297.74,0.3319
mixed,128,96,0.75,4.0,2048,512,256,1024,832,2861,3239.59,2997.2,0.3597
mixed,128,96,0.75,4.0,2048,512,512,2048,1664,4357.23,5169.65,4318.22,-0.048
mixed,128,96,0.75,4.0,2048,512,1024,4096,3328,13327.7,16307,9807.88,-1.1814
mixed,128,96,0.75,4.0,2048,512,2048,8192,6656,25649,31645.1,27138.4,0.2484
mixed,128,96,0.75,4.0,2048,512,4096,16384,13312,52639.7,65347.6,54020.9,0.1087
mixed,128,96,0.75,4.0,2048,1024,128,512,416,2423.56,2602.03,2479.56,0.3138
mixed,128,96,0.75,4.0,2048,1024,256,1024,832,3051.37,3416.78,3182.86,0.3598
mixed,128,96,0.75,4.0,2048,1024,512,2048,1664,4496.5,5360.09,4477.2,-0.0223
mixed,128,96,0.75,4.0,2048,1024,1024,4096,3328,13730.1,16803.8,11347.6,-0.7752
mixed,128,96,0.75,4.0,2048,1024,2048,8192,6656,26867.7,33000.4,27266.8,0.0651
mixed,128,96,0.75,4.0,2048,1024,4096,16384,13312,53332.3,65642.1,54149.3,0.0664
mixed,128,96,0.75,4.0,2048,2048,128,512,416,2791.82,2969.13,2835.15,0.2444
mixed,128,96,0.75,4.0,2048,2048,256,1024,832,3401.64,3803.18,3552.4,0.3754
mixed,128,96,0.75,4.0,2048,2048,512,2048,1664,4836.34,5650.04,4857.68,0.0262
mixed,128,96,0.75,4.0,2048,2048,1024,4096,3328,14024.8,17250.2,14006.3,-0.0058
mixed,128,96,0.75,4.0,2048,2048,2048,8192,6656,27716,33996.7,27757.5,0.0066
mixed,128,96,0.75,4.0,2048,2048,4096,16384,13312,54911.2,67467.1,55118.9,0.0165
mixed,128,96,0.75,4.0,2048,4096,128,512,416,3526.79,3697.58,3571.24,0.2603
mixed,128,96,0.75,4.0,2048,4096,256,1024,832,4097.01,4482.8,4217.68,0.3128
mixed,128,96,0.75,4.0,2048,4096,512,2048,1664,5556.85,6364.15,5620.69,0.0791
mixed,128,96,0.75,4.0,2048,4096,1024,4096,3328,13184.2,16675.1,13500.3,0.0905
mixed,128,96,0.75,4.0,2048,4096,2048,8192,6656,27779.8,34039.9,27808.7,0.0046
mixed,128,96,0.75,4.0,2048,4096,4096,16384,13312,55017.8,67575.5,55144.1,0.0101
mixed,128,96,0.75,4.0,2048,8192,128,512,416,4989.81,5162.29,5034.1,0.2568
mixed,128,96,0.75,4.0,2048,8192,256,1024,832,5547.6,5904.89,5631.96,0.2361
mixed,128,96,0.75,4.0,2048,8192,512,2048,1664,6900.03,7680.86,6956.47,0.0723
mixed,128,96,0.75,4.0,2048,8192,1024,4096,3328,14242.5,17263.5,14225.7,-0.0056
mixed,128,96,0.75,4.0,2048,8192,2048,8192,6656,27297.6,33613.6,27956.9,0.1044
mixed,128,96,0.75,4.0,2048,8192,4096,16384,13312,55177.9,67735.4,55235.8,0.0046
pure,128,115,0.8984,4.0,0,0,128,512,473,639.908,685.442,650.946,0.2424
pure,128,115,0.8984,4.0,0,0,256,1024,946,1127.27,1215.59,1142.05,0.1674
pure,128,115,0.8984,4.0,0,0,512,2048,1892,2108.39,2269.16,2113.16,0.0297
pure,128,115,0.8984,4.0,0,0,1024,4096,3784,4060.69,4381.17,4076.01,0.0478
pure,128,115,0.8984,4.0,0,0,2048,8192,7568,7921.6,8568.23,7976.61,0.0851
pure,128,115,0.8984,4.0,0,0,4096,16384,15136,15674.7,16962.1,15826.1,0.1177
mixed,128,115,0.8984,4.0,16,0,128,512,473,1008.42,1169.09,1111.97,0.6445
mixed,128,115,0.8984,4.0,16,0,256,1024,946,1832.93,2015.4,1912.9,0.4383
mixed,128,115,0.8984,4.0,16,0,512,2048,1892,3982.22,4623.98,3908.84,-0.1143
mixed,128,115,0.8984,4.0,16,0,1024,4096,3784,11923.1,12914.1,11293.8,-0.6349
mixed,128,115,0.8984,4.0,16,0,2048,8192,7568,23842.7,25965.1,28250.4,2.0768
mixed,128,115,0.8984,4.0,16,0,4096,16384,15136,57696.2,63168.6,60465.7,0.5061
mixed,128,115,0.8984,4.0,16,512,128,512,473,1017.03,1180.23,1119.36,0.627
mixed,128,115,0.8984,4.0,16,512,256,1024,946,1842.82,2019.82,1912.2,0.392
mixed,128,115,0.8984,4.0,16,512,512,2048,1892,4006.89,4640.5,3914.83,-0.1453
mixed,128,115,0.8984,4.0,16,512,1024,4096,3784,11927.6,12916.3,11370.7,-0.5633
mixed,128,115,0.8984,4.0,16,512,2048,8192,7568,23791.6,26333.6,28624.7,1.9013
mixed,128,115,0.8984,4.0,16,512,4096,16384,15136,59107.5,62170.5,60482,0.4488
mixed,128,115,0.8984,4.0,16,1024,128,512,473,1037.48,1186.02,1122.72,0.5739
mixed,128,115,0.8984,4.0,16,1024,256,1024,946,1845.67,2031.59,1921.26,0.4065
mixed,128,115,0.8984,4.0,16,1024,512,2048,1892,3936.82,4595.96,3942.45,0.0085
mixed,128,115,0.8984,4.0,16,1024,1024,4096,3784,11943.7,12924.7,11370.9,-0.584
mixed,128,115,0.8984,4.0,16,1024,2048,8192,7568,23882.6,26000.2,28544.1,2.2013
mixed,128,115,0.8984,4.0,16,1024,4096,16384,15136,59515.2,63539,60506,0.2462
mixed,128,115,0.8984,4.0,16,2048,128,512,473,1105.92,1243.49,1202.85,0.7046
mixed,128,115,0.8984,4.0,16,2048,256,1024,946,1885.7,2048.77,1940.62,0.3367
mixed,128,115,0.8984,4.0,16,2048,512,2048,1892,3975.82,4659.98,3978.07,0.0033
mixed,128,115,0.8984,4.0,16,2048,1024,4096,3784,11986.7,12989.6,11430.2,-0.5548
mixed,128,115,0.8984,4.0,16,2048,2048,8192,7568,24179.4,26364.1,28740.4,2.0877
mixed,128,115,0.8984,4.0,16,2048,4096,16384,15136,59959.1,63682.7,60546.4,0.1577
mixed,128,115,0.8984,4.0,16,4096,128,512,473,1240.64,1383.3,1335.3,0.6635
mixed,128,115,0.8984,4.0,16,4096,256,1024,946,2020.3,2182.22,2092.23,0.4443
mixed,128,115,0.8984,4.0,16,4096,512,2048,1892,4016.88,4704.66,4067.88,0.0742
mixed,128,115,0.8984,4.0,16,4096,1024,4096,3784,12043.7,13026.1,11361.3,-0.6946
mixed,128,115,0.8984,4.0,16,4096,2048,8192,7568,24825.7,29023.1,28968.1,0.9869
mixed,128,115,0.8984,4.0,16,4096,4096,16384,15136,58916.2,65231.1,60679.3,0.2792
mixed,128,115,0.8984,4.0,16,8192,128,512,473,1543.53,1649.48,1612.97,0.6554
mixed,128,115,0.8984,4.0,16,8192,256,1024,946,2310.02,2470.03,2364.2,0.3386
mixed,128,115,0.8984,4.0,16,8192,512,2048,1892,4417.04,4992.78,4459.89,0.0744
mixed,128,115,0.8984,4.0,16,8192,1024,4096,3784,12487,13405.3,11379.4,-1.2061
mixed,128,115,0.8984,4.0,16,8192,2048,8192,7568,24015.5,26242.9,28614.7,2.0649
mixed,128,115,0.8984,4.0,16,8192,4096,16384,15136,58882.1,65399.2,60774.3,0.2903
mixed,128,115,0.8984,4.0,32,0,128,512,473,1010.18,1169.67,1114.56,0.6545
mixed,128,115,0.8984,4.0,32,0,256,1024,946,1833.89,2015.05,1909.54,0.4176
mixed,128,115,0.8984,4.0,32,0,512,2048,1892,3980.78,4628.91,3897.01,-0.1292
mixed,128,115,0.8984,4.0,32,0,1024,4096,3784,11917.2,12910.2,11292.7,-0.6289
mixed,128,115,0.8984,4.0,32,0,2048,8192,7568,23771,25955.6,28443.5,2.1388
mixed,128,115,0.8984,4.0,32,0,4096,16384,15136,57613,63955.3,60471.5,0.4507
mixed,128,115,0.8984,4.0,32,512,128,512,473,1022.69,1179.71,1120,0.6197
mixed,128,115,0.8984,4.0,32,512,256,1024,946,1843.33,2024.33,1920.3,0.4252
mixed,128,115,0.8984,4.0,32,512,512,2048,1892,3965.77,4612.18,3906.96,-0.091
mixed,128,115,0.8984,4.0,32,512,1024,4096,3784,11920.2,12911.7,11430.6,-0.4938
mixed,128,115,0.8984,4.0,32,512,2048,8192,7568,23801.2,25791,28380.9,2.3016
mixed,128,115,0.8984,4.0,32,512,4096,16384,15136,59535.1,60599.5,60446.7,0.8564
mixed,128,115,0.8984,4.0,32,1024,128,512,473,1036.39,1186.37,1126.18,0.5987
mixed,128,115,0.8984,4.0,32,1024,256,1024,946,1848.71,2031.53,1922.5,0.4036
mixed,128,115,0.8984,4.0,32,1024,512,2048,1892,3935.79,4602.83,3938.89,0.0047
mixed,128,115,0.8984,4.0,32,1024,1024,4096,3784,11944.4,12924.5,11360,-0.5963
mixed,128,115,0.8984,4.0,32,1024,2048,8192,7568,23843.3,25945.9,28255.2,2.0983
mixed,128,115,0.8984,4.0,32,1024,4096,16384,15136,60089,64961.8,60502.8,0.0849
mixed,128,115,0.8984,4.0,32,2048,128,512,473,1101.76,1250.24,1197.19,0.6427
mixed,128,115,0.8984,4.0,32,2048,256,1024,946,1882.57,2052.87,1941.1,0.3437
mixed,128,115,0.8984,4.0,32,2048,512,2048,1892,3976.82,4646.03,3955.6,-0.0317
mixed,128,115,0.8984,4.0,32,2048,1024,4096,3784,11987.9,13024.4,11506.8,-0.4642
mixed,128,115,0.8984,4.0,32,2048,2048,8192,7568,24275.1,27754.5,28602,1.2436
mixed,128,115,0.8984,4.0,32,2048,4096,16384,15136,58514.4,64773.1,60552.3,0.3256
mixed,128,115,0.8984,4.0,32,4096,128,512,473,1241.03,1384.93,1340.99,0.6947
mixed,128,115,0.8984,4.0,32,4096,256,1024,946,2019.97,2179.5,2085.57,0.4112
mixed,128,115,0.8984,4.0,32,4096,512,2048,1892,4076.49,4673.01,4069.14,-0.0123
mixed,128,115,0.8984,4.0,32,4096,1024,4096,3784,12046.7,13022.2,11380.1,-0.6833
mixed,128,115,0.8984,4.0,32,4096,2048,8192,7568,24883,28238.4,29102.5,1.2575
mixed,128,115,0.8984,4.0,32,4096,4096,16384,15136,59402.1,65216.8,60628,0.2108
mixed,128,115,0.8984,4.0,32,8192,128,512,473,1554.88,1661.48,1608.74,0.5053
mixed,128,115,0.8984,4.0,32,8192,256,1024,946,2289.77,2462.82,2375.08,0.493
mixed,128,115,0.8984,4.0,32,8192,512,2048,1892,4406.77,4995.22,4485.78,0.1343
mixed,128,115,0.8984,4.0,32,8192,1024,4096,3784,12473.1,13407.3,11412.2,-1.1356
mixed,128,115,0.8984,4.0,32,8192,2048,8192,7568,24051.1,26194.2,28693.6,2.1663
mixed,128,115,0.8984,4.0,32,8192,4096,16384,15136,60412.7,65418.2,60731.1,0.0636
mixed,128,115,0.8984,4.0,64,0,128,512,473,1013.54,1172.61,1115.04,0.6381
mixed,128,115,0.8984,4.0,64,0,256,1024,946,1836.23,2017.45,1918.86,0.4559
mixed,128,115,0.8984,4.0,64,0,512,2048,1892,3947.34,4632.75,3898.38,-0.0714
mixed,128,115,0.8984,4.0,64,0,1024,4096,3784,11926.4,12893.8,11365.8,-0.5794
mixed,128,115,0.8984,4.0,64,0,2048,8192,7568,23786.7,25849.5,27718,1.9058
mixed,128,115,0.8984,4.0,64,0,4096,16384,15136,59585.6,64465,60475.5,0.1824
mixed,128,115,0.8984,4.0,64,512,128,512,473,1020.64,1182.43,1125.28,0.6468
mixed,128,115,0.8984,4.0,64,512,256,1024,946,1843.62,2024.71,1920.74,0.4259
mixed,128,115,0.8984,4.0,64,512,512,2048,1892,3962.48,4631.15,3929.52,-0.0493
mixed,128,115,0.8984,4.0,64,512,1024,4096,3784,11950.1,12921.8,11343.4,-0.6243
mixed,128,115,0.8984,4.0,64,512,2048,8192,7568,23867.6,25864.8,28546.4,2.3427
mixed,128,115,0.8984,4.0,64,512,4096,16384,15136,59575.6,64896.8,60533,0.1799
mixed,128,115,0.8984,4.0,64,1024,128,512,473,1041.03,1184.8,1129.38,0.6145
mixed,128,115,0.8984,4.0,64,1024,256,1024,946,1853.54,2034.53,1924.87,0.3941
mixed,128,115,0.8984,4.0,64,1024,512,2048,1892,3953.26,4606.13,3954.29,0.0016
mixed,128,115,0.8984,4.0,64,1024,1024,4096,3784,11943.8,12940.7,11447.3,-0.4981
mixed,128,115,0.8984,4.0,64,1024,2048,8192,7568,23906.4,25917.9,28751.7,2.4088
mixed,128,115,0.8984,4.0,64,1024,4096,16384,15136,58410.5,64448.3,60515.6,0.3486
mixed,128,115,0.8984,4.0,64,2048,128,512,473,1104.84,1248.93,1195.52,0.6293
mixed,128,115,0.8984,4.0,64,2048,256,1024,946,1889.64,2057.7,1948.04,0.3475
mixed,128,115,0.8984,4.0,64,2048,512,2048,1892,3962.83,4676.63,3986.41,0.033
mixed,128,115,0.8984,4.0,64,2048,1024,4096,3784,12001.3,13017.4,11436,-0.5564
mixed,128,115,0.8984,4.0,64,2048,2048,8192,7568,24325.6,26477.8,28688.2,2.0271
mixed,128,115,0.8984,4.0,64,2048,4096,16384,15136,59890.9,64823.1,60631.7,0.1502
mixed,128,115,0.8984,4.0,64,4096,128,512,473,1243.78,1385.41,1344.16,0.7088
mixed,128,115,0.8984,4.0,64,4096,256,1024,946,2023.05,2186.18,2093.29,0.4306
mixed,128,115,0.8984,4.0,64,4096,512,2048,1892,4084.08,4722.22,4093.45,0.0147
mixed,128,115,0.8984,4.0,64,4096,1024,4096,3784,12057.7,13042.9,11367.8,-0.7003
mixed,128,115,0.8984,4.0,64,4096,2048,8192,7568,25048.8,27658.7,29054.4,1.5348
mixed,128,115,0.8984,4.0,64,4096,4096,16384,15136,59405.4,65155.3,60613.9,0.2102
mixed,128,115,0.8984,4.0,64,8192,128,512,473,1557.89,1661.83,1615.65,0.5557
mixed,128,115,0.8984,4.0,64,8192,256,1024,946,2315.85,2479.88,2375.24,0.3621
mixed,128,115,0.8984,4.0,64,8192,512,2048,1892,4480.11,5055.73,4480.14,0.0001
mixed,128,115,0.8984,4.0,64,8192,1024,4096,3784,12472.1,13432.3,11424.5,-1.091
mixed,128,115,0.8984,4.0,64,8192,2048,8192,7568,24208.5,26270.4,28676.7,2.167
mixed,128,115,0.8984,4.0,64,8192,4096,16384,15136,60454.4,65069.6,60861,0.0881
mixed,128,115,0.8984,4.0,128,0,128,512,473,1034.4,1196.52,1140.81,0.6563
mixed,128,115,0.8984,4.0,128,0,256,1024,946,1860.26,2043.11,1937.77,0.4239
mixed,128,115,0.8984,4.0,128,0,512,2048,1892,3999.92,4647.44,3956.43,-0.0672
mixed,128,115,0.8984,4.0,128,0,1024,4096,3784,11935.7,12909.3,11369.2,-0.5818
mixed,128,115,0.8984,4.0,128,0,2048,8192,7568,23885.1,25955.3,28557.4,2.2569
mixed,128,115,0.8984,4.0,128,0,4096,16384,15136,60040.6,63937,60451.7,0.1055
mixed,128,115,0.8984,4.0,128,512,128,512,473,1049.73,1208.13,1150.66,0.6372
mixed,128,115,0.8984,4.0,128,512,256,1024,946,1870.12,2051.02,1944.55,0.4115
mixed,128,115,0.8984,4.0,128,512,512,2048,1892,3954.38,4653.68,3966.41,0.0172
mixed,128,115,0.8984,4.0,128,512,1024,4096,3784,11950.8,12939.3,11379.2,-0.5782
mixed,128,115,0.8984,4.0,128,512,2048,8192,7568,23880.1,25926.3,28618.8,2.3159
mixed,128,115,0.8984,4.0,128,512,4096,16384,15136,54798.9,65225.5,60476.8,0.5446
mixed,128,115,0.8984,4.0,128,1024,128,512,473,1071.4,1215.4,1166.09,0.6576
mixed,128,115,0.8984,4.0,128,1024,256,1024,946,1885.32,2065.16,1955.91,0.3925
mixed,128,115,0.8984,4.0,128,1024,512,2048,1892,3932.01,4585.26,4004.49,0.111
mixed,128,115,0.8984,4.0,128,1024,1024,4096,3784,11967.3,12942.2,11507.9,-0.4713
mixed,128,115,0.8984,4.0,128,1024,2048,8192,7568,23997.8,26233,28569.5,2.0453
mixed,128,115,0.8984,4.0,128,1024,4096,16384,15136,58141.2,63468.5,60537.7,0.4498
mixed,128,115,0.8984,4.0,128,2048,128,512,473,1141.44,1289.44,1241.38,0.6752
mixed,128,115,0.8984,4.0,128,2048,256,1024,946,1922.57,2090.89,1989.61,0.3983
mixed,128,115,0.8984,4.0,128,2048,512,2048,1892,3965.77,4651.02,4082.8,0.1708
mixed,128,115,0.8984,4.0,128,2048,1024,4096,3784,12024.6,13101.9,11504.3,-0.4829
mixed,128,115,0.8984,4.0,128,2048,2048,8192,7568,25116.7,27809.8,28895.1,1.403
mixed,128,115,0.8984,4.0,128,2048,4096,16384,15136,58387.6,64958.9,60561.2,0.3308
mixed,128,115,0.8984,4.0,128,4096,128,512,473,1317.8,1427.56,1395.24,0.7055
mixed,128,115,0.8984,4.0,128,4096,256,1024,946,2067.17,2239.17,2149.1,0.4763
mixed,128,115,0.8984,4.0,128,4096,512,2048,1892,4125.23,4738.58,4180.56,0.0902
mixed,128,115,0.8984,4.0,128,4096,1024,4096,3784,12268.5,13266.2,11123.7,-1.1474
mixed,128,115,0.8984,4.0,128,4096,2048,8192,7568,27486.4,32230.1,29775.3,0.4825
mixed,128,115,0.8984,4.0,128,4096,4096,16384,15136,60410.1,65279.7,60727.1,0.0651
mixed,128,115,0.8984,4.0,128,8192,128,512,473,1638.72,1805.92,1725.99,0.5219
mixed,128,115,0.8984,4.0,128,8192,256,1024,946,2407.69,2496.23,2463.75,0.6332
mixed,128,115,0.8984,4.0,128,8192,512,2048,1892,4418.9,5124.63,4510.26,0.1294
mixed,128,115,0.8984,4.0,128,8192,1024,4096,3784,12351,13354.7,11656.4,-0.692
mixed,128,115,0.8984,4.0,128,8192,2048,8192,7568,24643.8,26550.5,28686.4,2.1202
mixed,128,115,0.8984,4.0,128,8192,4096,16384,15136,60638.3,65592.8,60847.2,0.0422
mixed,128,115,0.8984,4.0,256,0,128,512,473,1084.52,1245.8,1190.24,0.6556
mixed,128,115,0.8984,4.0,256,0,256,1024,946,1916.52,2102.44,1995.72,0.426
mixed,128,115,0.8984,4.0,256,0,512,2048,1892,4038.8,4689.42,4013.14,-0.0394
mixed,128,115,0.8984,4.0,256,0,1024,4096,3784,11959.2,12933.5,11356.5,-0.6187
mixed,128,115,0.8984,4.0,256,0,2048,8192,7568,23800.3,25885.7,28653.6,2.3272
mixed,128,115,0.8984,4.0,256,0,4096,16384,15136,57842.8,64941.2,60535.9,0.3794
mixed,128,115,0.8984,4.0,256,512,128,512,473,1107.3,1265.89,1209.22,0.6426
mixed,128,115,0.8984,4.0,256,512,256,1024,946,1930.89,2109.74,1999.94,0.3861
mixed,128,115,0.8984,4.0,256,512,512,2048,1892,3985.07,4650.23,4060.65,0.1136
mixed,128,115,0.8984,4.0,256,512,1024,4096,3784,11967.9,12947.1,11392.8,-0.5872
mixed,128,115,0.8984,4.0,256,512,2048,8192,7568,23825.2,25964.1,28797.6,2.3248
mixed,128,115,0.8984,4.0,256,512,4096,16384,15136,57086.8,64670.5,60551,0.4568
mixed,128,115,0.8984,4.0,256,1024,128,512,473,1148.36,1295.33,1240.81,0.629
mixed,128,115,0.8984,4.0,256,1024,256,1024,946,1954.12,2131.08,2023.11,0.3899
mixed,128,115,0.8984,4.0,256,1024,512,2048,1892,3915.57,4600.66,4113.52,0.2889
mixed,128,115,0.8984,4.0,256,1024,1024,4096,3784,11987.8,12983.1,11458.5,-0.5318
mixed,128,115,0.8984,4.0,256,1024,2048,8192,7568,23917.1,26180.6,28897.5,2.2003
mixed,128,115,0.8984,4.0,256,1024,4096,16384,15136,58142.6,63789.1,60545.2,0.4255
mixed,128,115,0.8984,4.0,256,2048,128,512,473,1267.72,1421.32,1330.18,0.4067
mixed,128,115,0.8984,4.0,256,2048,256,1024,946,2012.16,2175.66,2083.24,0.4347
mixed,128,115,0.8984,4.0,256,2048,512,2048,1892,4058.64,4661.07,4189.33,0.2169
mixed,128,115,0.8984,4.0,256,2048,1024,4096,3784,12326.3,13567.9,11386.7,-0.7568
mixed,128,115,0.8984,4.0,256,2048,2048,8192,7568,27925.5,31691.9,29957.6,0.5395
mixed,128,115,0.8984,4.0,256,2048,4096,16384,15136,59826.8,65098.9,60657.4,0.1575
mixed,128,115,0.8984,4.0,256,4096,128,512,473,1475.24,1652.55,1542.47,0.3792
mixed,128,115,0.8984,4.0,256,4096,256,1024,946,2287.02,2450.12,2271.47,-0.0953
mixed,128,115,0.8984,4.0,256,4096,512,2048,1892,4093.39,4758.64,4254.41,0.242
mixed,128,115,0.8984,4.0,256,4096,1024,4096,3784,12306.1,13303,11604,-0.7042
mixed,128,115,0.8984,4.0,256,4096,2048,8192,7568,30163.9,32571,30286.7,0.051
mixed,128,115,0.8984,4.0,256,4096,4096,16384,15136,60604.4,65650.6,60919.2,0.0624
mixed,128,115,0.8984,4.0,256,8192,128,512,473,1823.21,1995.75,1918.73,0.5536
mixed,128,115,0.8984,4.0,256,8192,256,1024,946,2694.67,2905.45,2713.74,0.0905
mixed,128,115,0.8984,4.0,256,8192,512,2048,1892,4288.37,4787.92,4600.43,0.6247
mixed,128,115,0.8984,4.0,256,8192,1024,4096,3784,13006.3,13926.4,12156.8,-0.9232
mixed,128,115,0.8984,4.0,256,8192,2048,8192,7568,24576.1,26731,30109.7,2.5679
mixed,128,115,0.8984,4.0,256,8192,4096,16384,15136,60764.5,65797.3,61030.6,0.0529
mixed,128,115,0.8984,4.0,512,0,128,512,473,1192.36,1352.04,1288.93,0.6048
mixed,128,115,0.8984,4.0,512,0,256,1024,946,2022.95,2206.5,2093.9,0.3865
mixed,128,115,0.8984,4.0,512,0,512,2048,1892,4043.24,4764.27,4115.18,0.0998
mixed,128,115,0.8984,4.0,512,0,1024,4096,3784,11991.2,12969.8,11455.1,-0.5479
mixed,128,115,0.8984,4.0,512,0,2048,8192,7568,23850.7,25936.7,28678.8,2.3144
mixed,128,115,0.8984,4.0,512,0,4096,16384,15136,59774.7,64908.5,60562.3,0.1534
mixed,128,115,0.8984,4.0,512,512,128,512,473,1249.51,1407.94,1334.82,0.5385
mixed,128,115,0.8984,4.0,512,512,256,1024,946,2061.32,2234.06,2120.52,0.3427
mixed,128,115,0.8984,4.0,512,512,512,2048,1892,4029.87,4647.57,4160.85,0.212
mixed,128,115,0.8984,4.0,512,512,1024,4096,3784,12001.7,12995.7,11465.5,-0.5394
mixed,128,115,0.8984,4.0,512,512,2048,8192,7568,23981,26079,28727.1,2.2622
mixed,128,115,0.8984,4.0,512,512,4096,16384,15136,56948.9,63560,60513.6,0.5392
mixed,128,115,0.8984,4.0,512,1024,128,512,473,1326.34,1484.55,1400.33,0.4676
mixed,128,115,0.8984,4.0,512,1024,256,1024,946,2109.06,2281,2164.23,0.3209
mixed,128,115,0.8984,4.0,512,1024,512,2048,1892,3989.96,4776.05,4215.66,0.2871
mixed,128,115,0.8984,4.0,512,1024,1024,4096,3784,12048,13068.7,11774.2,-0.2683
mixed,128,115,0.8984,4.0,512,1024,2048,8192,7568,24214.1,26268.1,28934.7,2.2983
mixed,128,115,0.8984,4.0,512,1024,4096,16384,15136,58368.7,65088.1,60589.8,0.3305
mixed,128,115,0.8984,4.0,512,2048,128,512,473,1454.76,1622.21,1545.22,0.5402
mixed,128,115,0.8984,4.0,512,2048,256,1024,946,2301.48,2483.59,2279.62,-0.12
mixed,128,115,0.8984,4.0,512,2048,512,2048,1892,4166.1,4706.61,4293.1,0.235
mixed,128,115,0.8984,4.0,512,2048,1024,4096,3784,13216.4,15936.9,12018.2,-0.4404
mixed,128,115,0.8984,4.0,512,2048,2048,8192,7568,29753.5,31782,30221,0.2305
mixed,128,115,0.8984,4.0,512,2048,4096,16384,15136,60472.8,65098.2,60734.2,0.0565
mixed,128,115,0.8984,4.0,512,4096,128,512,473,1704.68,1871.14,1816.78,0.6734
mixed,128,115,0.8984,4.0,512,4096,256,1024,946,2562.12,2755.11,2605.58,0.2252
mixed,128,115,0.8984,4.0,512,4096,512,2048,1892,4142.16,4563.25,4316.85,0.4149
mixed,128,115,0.8984,4.0,512,4096,1024,4096,3784,12774.2,13802.3,11886.1,-0.8639
mixed,128,115,0.8984,4.0,512,4096,2048,8192,7568,30612.7,33144.1,30557.2,-0.0219
mixed,128,115,0.8984,4.0,512,4096,4096,16384,15136,61062.2,66075.1,61245.3,0.0365
mixed,128,115,0.8984,4.0,512,8192,128,512,473,2208.42,2374.31,2335.4,0.7654
mixed,128,115,0.8984,4.0,512,8192,256,1024,946,3047.34,3241.45,3128.4,0.4176
mixed,128,115,0.8984,4.0,512,8192,512,2048,1892,4728.14,5431.22,4715.92,-0.0174
mixed,128,115,0.8984,4.0,512,8192,1024,4096,3784,13195.7,14343.5,13083.1,-0.0981
mixed,128,115,0.8984,4.0,512,8192,2048,8192,7568,26355.8,27913.5,30196.5,2.4657
mixed,128,115,0.8984,4.0,512,8192,4096,16384,15136,61174.3,66283.5,61390.9,0.0424
mixed,128,115,0.8984,4.0,1024,0,128,512,473,1440.29,1624.23,1546.85,0.5793
mixed,128,115,0.8984,4.0,1024,0,256,1024,946,2293.8,2480.75,2334.67,0.2186
mixed,128,115,0.8984,4.0,1024,0,512,2048,1892,4097.13,4817.17,4232.62,0.1882
mixed,128,115,0.8984,4.0,1024,0,1024,4096,3784,12074,13052.5,11556.9,-0.5284
mixed,128,115,0.8984,4.0,1024,0,2048,8192,7568,24079.3,26199.2,29354.9,2.4886
mixed,128,115,0.8984,4.0,1024,0,4096,16384,15136,60056.2,62390.3,60589.3,0.2284
mixed,128,115,0.8984,4.0,1024,512,128,512,473,1547.34,1700.93,1649.76,0.6669
mixed,128,115,0.8984,4.0,1024,512,256,1024,946,2380.36,2573.99,2417.32,0.1909
mixed,128,115,0.8984,4.0,1024,512,512,2048,1892,4080.24,4801.68,4252.3,0.2385
mixed,128,115,0.8984,4.0,1024,512,1024,4096,3784,12095.7,13143.6,11667.8,-0.4083
mixed,128,115,0.8984,4.0,1024,512,2048,8192,7568,24827.9,26339,29508,3.0973
mixed,128,115,0.8984,4.0,1024,512,4096,16384,15136,59030.4,64793.5,60636.9,0.2788
mixed,128,115,0.8984,4.0,1024,1024,128,512,473,1645.61,1810.86,1757.7,0.6783
mixed,128,115,0.8984,4.0,1024,1024,256,1024,946,2466.86,2665.13,2519.95,0.2677
mixed,128,115,0.8984,4.0,1024,1024,512,2048,1892,4066.73,4582.96,4296.98,0.446
mixed,128,115,0.8984,4.0,1024,1024,1024,4096,3784,12285.5,13279.8,12079.3,-0.2074
mixed,128,115,0.8984,4.0,1024,1024,2048,8192,7568,27216,28913.6,30247.7,1.7859
mixed,128,115,0.8984,4.0,1024,1024,4096,16384,15136,60234.2,64720.9,60598.1,0.0811
mixed,128,115,0.8984,4.0,1024,2048,128,512,473,1852.26,2011.43,1972.68,0.7565
mixed,128,115,0.8984,4.0,1024,2048,256,1024,946,2675.85,2865.07,2745.93,0.3704
mixed,128,115,0.8984,4.0,1024,2048,512,2048,1892,4267.85,4708.37,4485.04,0.493
mixed,128,115,0.8984,4.0,1024,2048,1024,4096,3784,14577.3,16843.9,14376.4,-0.0886
mixed,128,115,0.8984,4.0,1024,2048,2048,8192,7568,30829,32930.7,30637.8,-0.0909
mixed,128,115,0.8984,4.0,1024,2048,4096,16384,15136,60953.2,66110.5,61119.1,0.0322
mixed,128,115,0.8984,4.0,1024,4096,128,512,473,2251.75,2419.98,2375.11,0.7333
mixed,128,115,0.8984,4.0,1024,4096,256,1024,946,3092.56,3263.82,3178.57,0.5023
mixed,128,115,0.8984,4.0,1024,4096,512,2048,1892,4704.21,5287.44,4744.59,0.0692
mixed,128,115,0.8984,4.0,1024,4096,1024,4096,3784,13288,14378.2,12523.5,-0.7013
mixed,128,115,0.8984,4.0,1024,4096,2048,8192,7568,31077.1,33600.2,31103.1,0.0103
mixed,128,115,0.8984,4.0,1024,4096,4096,16384,15136,61771.4,66891.9,61910.4,0.0271
mixed,128,115,0.8984,4.0,1024,8192,128,512,473,3053.55,3214.22,3160.17,0.6636
mixed,128,115,0.8984,4.0,1024,8192,256,1024,946,3859.57,4049.87,3948.91,0.4695
mixed,128,115,0.8984,4.0,1024,8192,512,2048,1892,5581.33,6052.63,5621.24,0.0847
mixed,128,115,0.8984,4.0,1024,8192,1024,4096,3784,14438.4,16912.2,15506.5,0.4318
mixed,128,115,0.8984,4.0,1024,8192,2048,8192,7568,26558.1,32321.2,30721.2,0.7224
mixed,128,115,0.8984,4.0,1024,8192,4096,16384,15136,61890.1,67017.2,62112.3,0.0433
mixed,128,115,0.8984,4.0,2048,0,128,512,473,2082.57,2233.29,2189.22,0.7076
mixed,128,115,0.8984,4.0,2048,0,256,1024,946,2902.47,3094.98,2985.93,0.4335
mixed,128,115,0.8984,4.0,2048,0,512,2048,1892,4519.12,5017.74,4606.83,0.1759
mixed,128,115,0.8984,4.0,2048,0,1024,4096,3784,13147.1,14043.7,12703.6,-0.4946
mixed,128,115,0.8984,4.0,2048,0,2048,8192,7568,27819.2,30340,30534.7,1.0773
mixed,128,115,0.8984,4.0,2048,0,4096,16384,15136,60202.8,64917.7,60729.4,0.1117
mixed,128,115,0.8984,4.0,2048,512,128,512,473,2261.67,2416.2,2368.23,0.6896
mixed,128,115,0.8984,4.0,2048,512,256,1024,946,3053.93,3241.77,3143.88,0.4789
mixed,128,115,0.8984,4.0,2048,512,512,2048,1892,4702.93,5170.23,4740.15,0.0796
mixed,128,115,0.8984,4.0,2048,512,1024,4096,3784,15108.6,16303,15341.9,0.1953
mixed,128,115,0.8984,4.0,2048,512,2048,8192,7568,29244.3,31896.3,30588.9,0.507
mixed,128,115,0.8984,4.0,2048,512,4096,16384,15136,60407.6,65316.5,60757,0.0712
mixed,128,115,0.8984,4.0,2048,1024,128,512,473,2446.15,2603.14,2551.66,0.672
mixed,128,115,0.8984,4.0,2048,1024,256,1024,946,3237.8,3416.87,3329.87,0.5141
mixed,128,115,0.8984,4.0,2048,1024,512,2048,1892,4832.31,5363.57,4927.18,0.1786
mixed,128,115,0.8984,4.0,2048,1024,1024,4096,3784,15549.7,16781.6,15543.6,-0.005
mixed,128,115,0.8984,4.0,2048,1024,2048,8192,7568,30592.7,32994.9,30685.5,0.0386
mixed,128,115,0.8984,4.0,2048,1024,4096,16384,15136,60597,65573.8,60881.7,0.0572
mixed,128,115,0.8984,4.0,2048,2048,128,512,473,2815.31,2972.91,2917.29,0.6471
mixed,128,115,0.8984,4.0,2048,2048,256,1024,946,3610.77,3797.71,3704.3,0.5003
mixed,128,115,0.8984,4.0,2048,2048,512,2048,1892,5160.11,5651.28,5274.42,0.2327
mixed,128,115,0.8984,4.0,2048,2048,1024,4096,3784,15962.9,17259.4,15954.2,-0.0068
mixed,128,115,0.8984,4.0,2048,2048,2048,8192,7568,31465.9,33982.7,31466.9,0.0004
mixed,128,115,0.8984,4.0,2048,2048,4096,16384,15136,62373.5,67486.3,62456.8,0.0163
mixed,128,115,0.8984,4.0,2048,4096,128,512,473,3544.65,3699.63,3646.32,0.656
mixed,128,115,0.8984,4.0,2048,4096,256,1024,946,4293.33,4487.06,4378.8,0.4412
mixed,128,115,0.8984,4.0,2048,4096,512,2048,1892,5906.39,6371.8,6030.36,0.2664
mixed,128,115,0.8984,4.0,2048,4096,1024,4096,3784,15070,16518.2,15657,0.4053
mixed,128,115,0.8984,4.0,2048,4096,2048,8192,7568,31510.9,34048.6,31526.4,0.0061
mixed,128,115,0.8984,4.0,2048,4096,4096,16384,15136,62466.8,67561.6,62547.4,0.0158
mixed,128,115,0.8984,4.0,2048,8192,128,512,473,5004.05,5161.91,5101.33,0.6162
mixed,128,115,0.8984,4.0,2048,8192,256,1024,946,5727.92,5904.63,5801.46,0.4161
mixed,128,115,0.8984,4.0,2048,8192,512,2048,1892,7208.44,7679.52,7337.18,0.2733
mixed,128,115,0.8984,4.0,2048,8192,1024,4096,3784,16037.8,17259,16162,0.1017
mixed,128,115,0.8984,4.0,2048,8192,2048,8192,7568,30310.4,33597.4,31583.3,0.3873
mixed,128,115,0.8984,4.0,2048,8192,4096,16384,15136,62659.5,67748.8,62620.8,-0.0076
pure,256,1,0.0039,4.0,0,0,128,512,129,377.729,1193.92,378.626,0.0011
pure,256,1,0.0039,4.0,0,0,256,1024,259,673.123,2261.99,679.202,0.0038
pure,256,1,0.0039,4.0,0,0,512,2048,518,1209.93,4356.59,1242.4,0.0103
pure,256,1,0.0039,4.0,0,0,1024,4096,1036,2277.03,8559.78,2374.12,0.0155
pure,256,1,0.0039,4.0,0,0,2048,8192,2072,4403.06,16931.8,4623.95,0.0176
pure,256,1,0.0039,4.0,0,0,4096,16384,4144,8656.77,33691.3,9067.27,0.0164
pure,256,2,0.0078,4.0,0,0,128,512,131,383.778,1194.18,384.479,0.0009
pure,256,2,0.0078,4.0,0,0,256,1024,262,673.635,2264.65,685.09,0.0072
pure,256,2,0.0078,4.0,0,0,512,2048,524,1221.09,4359.92,1251.81,0.0098
pure,256,2,0.0078,4.0,0,0,1024,4096,1048,2290.06,8570.11,2377.64,0.0139
pure,256,2,0.0078,4.0,0,0,2048,8192,2096,4450.38,16926.7,4660.31,0.0168
pure,256,2,0.0078,4.0,0,0,4096,16384,4192,8749.48,33687.7,9124.93,0.0151
pure,256,3,0.0117,4.0,0,0,128,512,132,385.986,1194.66,388.003,0.0025
pure,256,3,0.0117,4.0,0,0,256,1024,265,679.075,2264.55,693.379,0.009
pure,256,3,0.0117,4.0,0,0,512,2048,530,1228.87,4357.94,1263.24,0.011
pure,256,3,0.0117,4.0,0,0,1024,4096,1060,2310.63,8571.07,2385.55,0.012
pure,256,3,0.0117,4.0,0,0,2048,8192,2120,4498.64,16927.9,4698.96,0.0161
pure,256,3,0.0117,4.0,0,0,4096,16384,4240,8865.47,33693.4,9219.65,0.0143
pure,256,4,0.0156,4.0,0,0,128,512,134,391.745,1194.41,392.576,0.001
pure,256,4,0.0156,4.0,0,0,256,1024,268,684.578,2264.17,696.001,0.0072
pure,256,4,0.0156,4.0,0,0,512,2048,536,1238.82,4356.75,1273.61,0.0112
pure,256,4,0.0156,4.0,0,0,1024,4096,1072,2335.95,8574.02,2395.24,0.0095
pure,256,4,0.0156,4.0,0,0,2048,8192,2144,4548.63,16925.8,4704.88,0.0126
pure,256,4,0.0156,4.0,0,0,4096,16384,4288,8955.2,33704.8,9325.89,0.015
pure,256,16,0.0625,4.0,0,0,128,512,152,428.034,1195.81,432.452,0.0058
pure,256,16,0.0625,4.0,0,0,256,1024,304,754.373,2264.49,770.627,0.0108
pure,256,16,0.0625,4.0,0,0,512,2048,608,1380.45,4359.92,1415.69,0.0118
pure,256,16,0.0625,4.0,0,0,1024,4096,1216,2626.54,8566.69,2680.65,0.0091
pure,256,16,0.0625,4.0,0,0,2048,8192,2432,5144.15,16928.1,5306.16,0.0137
pure,256,16,0.0625,4.0,0,0,4096,16384,4864,10134.1,33701.6,10450.4,0.0134
pure,256,32,0.125,4.0,0,0,128,512,176,478.338,1195.59,483.043,0.0066
pure,256,32,0.125,4.0,0,0,256,1024,352,852.45,2267.94,865.09,0.0089
pure,256,32,0.125,4.0,0,0,512,2048,704,1583.3,4358,1603.75,0.0074
pure,256,32,0.125,4.0,0,0,1024,4096,1408,3035.5,8566.69,3082.99,0.0086
pure,256,32,0.125,4.0,0,0,2048,8192,2816,5933.49,16932.2,6041.81,0.0098
pure,256,32,0.125,4.0,0,0,4096,16384,5632,11708.1,33691.6,11900.8,0.0088
pure,256,64,0.25,4.0,0,0,128,512,224,586.435,1194.15,589.122,0.0044
pure,256,64,0.25,4.0,0,0,256,1024,448,1052.23,2268.01,1062.08,0.0081
pure,256,64,0.25,4.0,0,0,512,2048,896,1990.15,4358.45,1989.7,-0.0002
pure,256,64,0.25,4.0,0,0,1024,4096,1792,3826.93,8564.64,3839.73,0.0027
pure,256,64,0.25,4.0,0,0,2048,8192,3584,7524.71,16938.9,7553.63,0.0031
pure,256,64,0.25,4.0,0,0,4096,16384,7168,14847.9,33700.9,14907,0.0031
pure,256,128,0.5,4.0,0,0,128,512,320,787.811,1195.2,795.523,0.0189
pure,256,128,0.5,4.0,0,0,256,1024,640,1459.01,2266.54,1456.29,-0.0034
pure,256,128,0.5,4.0,0,0,512,2048,1280,2769.93,4359.44,2789.93,0.0126
pure,256,128,0.5,4.0,0,0,1024,4096,2560,5411,8570.46,5423.22,0.0039
pure,256,128,0.5,4.0,0,0,2048,8192,5120,10652.7,16929.8,10669.2,0.0026
pure,256,128,0.5,4.0,0,0,4096,16384,10240,21110.4,33686.3,21150.4,0.0032
pure,256,192,0.75,4.0,0,0,128,512,416,991.397,1195.81,1004.93,0.0662
pure,256,192,0.75,4.0,0,0,256,1024,832,1844.55,2267.88,1876.1,0.0745
pure,256,192,0.75,4.0,0,0,512,2048,1664,3558.06,4356.88,3610.26,0.0653
pure,256,192,0.75,4.0,0,0,1024,4096,3328,6991.81,8567.59,7080.83,0.0565
pure,256,192,0.75,4.0,0,0,2048,8192,6656,13794.9,16939,14023.4,0.0727
pure,256,192,0.75,4.0,0,0,4096,16384,13312,27420.2,33693.5,27896.1,0.0759
pure,256,230,0.8984,4.0,0,0,128,512,473,1103.59,1194.85,1115.17,0.1269
pure,256,230,0.8984,4.0,0,0,256,1024,946,2077.39,2263.37,2096.2,0.1012
pure,256,230,0.8984,4.0,0,0,512,2048,1892,4027.18,4361.94,4039.57,0.037
pure,256,230,0.8984,4.0,0,0,1024,4096,3784,7926.46,8564.35,7926.5,0.0001
pure,256,230,0.8984,4.0,0,0,2048,8192,7568,15650.2,16926.2,15695,0.0352
pure,256,230,0.8984,4.0,0,0,4096,16384,15136,31144,33695.9,31219.6,0.0296
mixed,4,1,0.25,1.5,16,0,128,192,144,30.176,31.168,30.017,-0.1603
mixed,4,1,0.25,2.0,16,0,128,256,160,30.272,37.728,36.863,0.884
mixed,4,1,0.25,8.0,16,0,128,1024,352,39.745,87.967,84.353,0.9251
mixed,4,1,0.25,16.0,16,0,128,2048,608,56.128,158.144,151.168,0.9316
mixed,8,1,0.125,1.5,16,0,128,192,136,51.232,52.608,50.495,-0.5356
mixed,8,1,0.125,2.0,16,0,128,256,144,50.976,66.592,57.024,0.3873
mixed,8,1,0.125,8.0,16,0,128,1024,240,55.072,169.057,103.455,0.4245
mixed,8,1,0.125,16.0,16,0,128,2048,368,71.328,303.297,165.567,0.4063
mixed,4,2,0.5,1.5,16,0,128,192,160,30.207,31.232,30.368,0.1571
mixed,4,2,0.5,2.0,16,0,128,256,192,31.171,37.535,37.216,0.9499
pure,4,1,0.25,2.0,0,0,128,256,160,46.464,49.634,47.167,0.2218
pure,4,1,0.25,8.0,0,0,128,1024,352,51.934,77.472,55.456,0.1379
pure,4,1,0.25,16.0,0,0,128,2048,608,61.536,112.129,65.441,0.0772
