prefill_chunk,kv_prefill,n_decode,kv_decode,time_us
0,0,1,16,7.989
0,0,1,32,8.11767
0,0,1,64,8.203
0,0,1,128,11.4127
0,0,1,256,11.8077
0,0,1,512,12.3093
0,0,1,768,12.5657
0,0,1,1024,13.3863
0,0,1,1152,13.4403
0,0,1,1728,14.528
0,0,1,2048,15.6587
0,0,1,2592,16.736
0,0,1,3888,20.1493
0,0,1,4096,20.96
0,0,1,5832,24.9707
0,0,1,8192,32.0537
0,0,1,8748,33.184
0,0,1,13122,38.464
0,0,1,16384,42.411
0,0,2,16,12.2033
0,0,2,32,12.1287
0,0,2,64,12.3833
0,0,2,128,14.6883
0,0,2,256,15.0927
0,0,2,512,15.5517
0,0,2,768,16.31
0,0,2,1024,17.4297
0,0,2,1152,17.5037
0,0,2,1728,19.8827
0,0,2,2048,21.279
0,0,2,2592,23.2957
0,0,2,3888,28.4803
0,0,2,4096,29.7597
0,0,2,5832,36.4797
0,0,2,8192,40.9387
0,0,2,8748,42.635
0,0,2,13122,54.165
0,0,2,16384,64.5443
0,0,4,16,12.426
0,0,4,32,12.3957
0,0,4,64,12.5227
0,0,4,128,14.8797
0,0,4,256,15.5307
0,0,4,512,16.8523
0,0,4,768,18.272
0,0,4,1024,20.107
0,0,4,1152,20.694
0,0,4,1728,24.8417
0,0,4,2048,26.913
0,0,4,2592,30.3573
0,0,4,3888,37.28
0,0,4,4096,38.7097
0,0,4,5832,48.342
0,0,4,8192,60.907
0,0,4,8748,63.6907
0,0,4,13122,88.565
0,0,4,16384,106.998
0,0,8,16,12.5757
0,0,8,32,12.5543
0,0,8,64,12.7147
0,0,8,128,15.1783
0,0,8,256,16.4797
0,0,8,512,19.3273
0,0,8,768,22.7423
0,0,8,1024,25.9413
0,0,8,1152,27.4563
0,0,8,1728,34.7727
0,0,8,2048,37.1303
0,0,8,2592,42.934
0,0,8,3888,56.9387
0,0,8,4096,59.158
0,0,8,5832,79.786
0,0,8,8192,108.01
0,0,8,8748,113.471
0,0,8,13122,161.418
0,0,8,16384,196.17
0,0,16,16,12.7357
0,0,16,32,12.9593
0,0,16,64,13.312
0,0,16,128,16.0313
0,0,16,256,19.9897
0,0,16,512,24.758
0,0,16,768,31.9683
0,0,16,1024,36.9073
0,0,16,1152,38.9127
0,0,16,1728,51.2533
0,0,16,2048,59.136
0,0,16,2592,71.041
0,0,16,3888,103.627
0,0,16,4096,109.312
0,0,16,5832,148.64
0,0,16,8192,199.031
0,0,16,8748,212.086
0,0,16,13122,307.202
0,0,16,16384,376.982
0,0,32,16,12.896
0,0,32,32,13.258
0,0,32,64,14.4747
0,0,32,128,19.456
0,0,32,256,25.184
0,0,32,512,36.086
0,0,32,768,47.9573
0,0,32,1024,58.2617
0,0,32,1152,64.4487
0,0,32,1728,95.253
0,0,32,2048,111.264
0,0,32,2592,136.758
0,0,32,3888,196.779
0,0,32,4096,206.305
0,0,32,5832,283.424
0,0,32,8192,380.609
0,0,32,8748,404.961
0,0,32,13122,593.229
0,0,32,16384,735.105
0,0,64,16,17.0773
0,0,64,32,17.5887
0,0,64,64,19.2637
0,0,64,128,25.6733
0,0,64,256,36.3943
0,0,64,512,58.6667
0,0,64,768,87.584
0,0,64,1024,118.177
0,0,64,1152,131.861
0,0,64,1728,183.35
0,0,64,2048,212.086
0,0,64,2592,258.614
0,0,64,3888,370.988
0,0,64,4096,390.732
0,0,64,5832,540.503
0,0,64,8192,743.874
0,0,64,8748,790.072
0,0,64,13122,1158.43
0,0,64,16384,1439.75
0,0,128,16,22.08
0,0,128,32,22.646
0,0,128,64,25.8453
0,0,128,128,37.11
0,0,128,256,63.4027
0,0,128,512,123.488
0,0,128,768,177.653
0,0,128,1024,225.153
0,0,128,1152,248.161
0,0,128,1728,345.953
0,0,128,2048,403.115
0,0,128,2592,496.717
0,0,128,3888,720.706
0,0,128,4096,762.115
0,0,128,5832,1060.04
0,0,128,8192,1468.97
0,0,128,8748,1554.59
0,0,128,13122,2307.6
0,0,128,16384,2864.92
0,0,256,16,35.8933
0,0,256,32,36.8217
0,0,256,64,40.8647
0,0,256,128,69.2053
0,0,256,256,130.603
0,0,256,512,231.02
0,0,256,768,319.35
0,0,256,1024,410.637
0,0,256,1152,452.588
0,0,256,1728,648.546
0,0,256,2048,761.219
0,0,256,2592,946.703
0,0,256,3888,1393.63
0,0,256,4096,1465.97
0,0,256,5832,2057.95
0,0,256,8192,2859.52
0,0,256,8748,3047.34
0,0,256,13122,4548.62
0,0,256,16384,5649.54
16,0,0,0,16.15
16,0,1,16,15.6587
16,0,1,32,15.7867
16,0,1,64,15.68
16,0,1,128,19.456
16,0,1,256,24.5546
16,0,1,512,34.4966
16,0,1,768,44.864
16,0,1,1024,56.4914
16,0,1,1152,61.568
16,0,1,1728,85.2054
16,0,1,2048,101.077
16,0,1,2592,124.203
16,0,1,3888,179.307
16,0,1,4096,191.339
16,0,1,5832,264.64
16,0,1,8192,371.99
16,0,1,8748,394.774
16,0,1,13122,584.448
16,0,1,16384,729.922
16,0,2,16,15.9993
16,0,2,32,15.7653
16,0,2,64,15.68
16,0,2,128,19.4773
16,0,2,256,24.512
16,0,2,512,34.7094
16,0,2,768,45.418
16,0,2,1024,56.426
16,0,2,1152,61.568
16,0,2,1728,85.354
16,0,2,2048,101.014
16,0,2,2592,124.481
16,0,2,3888,178.773
16,0,2,4096,190.378
16,0,2,5832,263.574
16,0,2,8192,370.432
16,0,2,8748,393.472
16,0,2,13122,579.862
16,0,2,16384,727.148
16,0,4,16,15.9573
16,0,4,32,15.5733
16,0,4,64,15.574
16,0,4,128,19.4773
16,0,4,256,24.7466
16,0,4,512,34.6666
16,0,4,768,45.3766
16,0,4,1024,56.6614
16,0,4,1152,62.0586
16,0,4,1728,84.928
16,0,4,2048,100.885
16,0,4,2592,124.075
16,0,4,3888,178.625
16,0,4,4096,190.357
16,0,4,5832,263.488
16,0,4,8192,368.448
16,0,4,8748,391.616
16,0,4,13122,581.312
16,0,4,16384,724.866
16,0,8,16,15.5527
16,0,8,32,15.7867
16,0,8,64,15.83
16,0,8,128,19.6687
16,0,8,256,24.8954
16,0,8,512,36.4154
16,0,8,768,46.5074
16,0,8,1024,58.4754
16,0,8,1152,63.4454
16,0,8,1728,87.4874
16,0,8,2048,103.893
16,0,8,2592,127.511
16,0,8,3888,182.123
16,0,8,4096,194.027
16,0,8,5832,268.16
16,0,8,8192,377.132
16,0,8,8748,398.976
16,0,8,13122,589.698
16,0,8,16384,732.78
16,0,16,16,24.1914
16,0,16,32,24.2334
16,0,16,64,24.3206
16,0,16,128,33.0034
16,0,16,256,44.16
16,0,16,512,65.6426
16,0,16,768,87.872
16,0,16,1024,110.785
16,0,16,1152,122.305
16,0,16,1728,166.955
16,0,16,2048,198.443
16,0,16,2592,244.672
16,0,16,3888,354.774
16,0,16,4096,374.914
16,0,16,5832,526.614
16,0,16,8192,742.316
16,0,16,8748,791.98
16,0,16,13122,1176.17
16,0,16,16384,1471.68
16,0,32,16,32.8314
16,0,32,32,33.28
16,0,32,64,33.6646
16,0,32,128,47.9146
16,0,32,256,64.896
16,0,32,512,98.2826
16,0,32,768,131.201
16,0,32,1024,166.209
16,0,32,1152,182.763
16,0,32,1728,251.116
16,0,32,2048,298.708
16,0,32,2592,367.702
16,0,32,3888,545.494
16,0,32,4096,579.244
16,0,32,5832,826.626
16,0,32,8192,1159.28
16,0,32,8748,1230.55
16,0,32,13122,1820.81
16,0,32,16384,2261.72
16,0,64,16,57.7494
16,0,64,32,58.5814
16,0,64,64,59.328
16,0,64,128,88.96
16,0,64,256,122.687
16,0,64,512,189.12
16,0,64,768,262.25
16,0,64,1024,330.218
16,0,64,1152,362.22
16,0,64,1728,507.884
16,0,64,2048,619.99
16,0,64,2592,776.748
16,0,64,3888,1380.34
16,0,64,4096,1482.27
16,0,64,5832,2124.86
16,0,64,8192,2968.2
16,0,64,8748,3156.64
16,0,64,13122,4726.42
16,0,64,16384,5918.08
16,0,128,16,101.654
16,0,128,32,103.212
16,0,128,64,106.518
16,0,128,128,168.064
16,0,128,256,243.948
16,0,128,512,410.092
16,0,128,768,563.608
16,0,128,1024,710.852
16,0,128,1152,788.782
16,0,128,1728,1196.72
16,0,128,2048,1574.11
16,0,128,2592,2381.76
16,0,128,3888,4118.24
16,0,128,4096,4338.04
16,0,128,5832,6143.16
16,0,128,8192,8615.8
16,0,128,8748,9218.94
16,0,128,13122,15480
16,0,128,16384,20568
16,16,0,0,16.3413
16,16,1,16,16.384
16,16,1,32,16.4693
16,16,1,64,16.2133
16,16,1,128,19.4987
16,16,1,256,24.7894
16,16,1,512,34.6666
16,16,1,1024,56.576
16,16,1,2048,101.674
16,16,1,4096,192.085
16,16,1,8192,373.098
16,16,1,16384,735.722
16,16,2,16,16.1493
16,16,2,32,16.2353
16,16,2,64,16.256
16,16,2,128,19.6693
16,16,2,256,24.8534
16,16,2,512,34.8586
16,16,2,1024,56.5546
16,16,2,2048,101.056
16,16,2,4096,190.807
16,16,2,8192,369.898
16,16,2,16384,727.468
16,16,4,16,15.9573
16,16,4,32,15.744
16,16,4,64,16.384
16,16,4,128,19.648
16,16,4,256,24.662
16,16,4,512,34.8374
16,16,4,1024,56.982
16,16,4,2048,101.312
16,16,4,4096,190.592
16,16,4,8192,368.64
16,16,4,16384,727.512
16,16,8,16,15.914
16,16,8,32,15.9793
16,16,8,64,16.2987
16,16,8,128,19.734
16,16,8,256,25.152
16,16,8,512,35.4986
16,16,8,1024,58.6254
16,16,8,2048,104.191
16,16,8,4096,193.259
16,16,8,8192,376.982
16,16,8,16384,734.04
16,16,16,16,24.7894
16,16,16,32,24.8546
16,16,16,64,25.0454
16,16,16,128,33.5786
16,16,16,256,44.16
16,16,16,512,65.8986
16,16,16,1024,111.275
16,16,16,2048,199.275
16,16,16,4096,374.762
16,16,16,8192,743.574
16,16,16,16384,1472.45
16,16,32,16,33.28
16,16,32,32,33.4714
16,16,32,64,34.4534
16,16,32,128,48.128
16,16,32,256,64.938
16,16,32,512,98.5394
16,16,32,1024,166.742
16,16,32,2048,298.136
16,16,32,4096,580.438
16,16,32,8192,1159.58
16,16,32,16384,2267.5
16,16,64,16,57.8986
16,16,64,32,58.5814
16,16,64,64,59.8614
16,16,64,128,92.5654
16,16,64,256,128.107
16,16,64,512,197.762
16,16,64,1024,342.53
16,16,64,2048,639.19
16,16,64,4096,1501.4
16,16,64,8192,3004.22
16,16,64,16384,5945.38
16,16,128,16,105.878
16,16,128,32,106.901
16,16,128,64,111.338
16,16,128,128,169.452
16,16,128,256,252.396
16,16,128,512,412.248
16,16,128,1024,711.192
16,16,128,2048,1579.72
16,16,128,4096,4344.34
16,16,128,8192,8579.3
16,16,128,16384,19368
16,32,0,0,16.4047
16,32,1,16,16.3627
16,32,1,32,16.5973
16,32,1,64,16.534
16,32,1,128,19.6693
16,32,1,256,24.6614
16,32,1,512,34.7306
16,32,1,1024,56.4486
16,32,1,2048,101.333
16,32,1,4096,190.591
16,32,1,8192,371.926
16,32,1,16384,733.186
16,32,2,16,16.3
16,32,2,32,16.1493
16,32,2,64,16.4707
16,32,2,128,19.6907
16,32,2,256,25.0034
16,32,2,512,34.944
16,32,2,1024,56.5766
16,32,2,2048,100.908
16,32,2,4096,191.829
16,32,2,8192,370.732
16,32,2,16384,728.748
16,32,4,16,15.8513
16,32,4,32,15.9793
16,32,4,64,16
16,32,4,128,19.542
16,32,4,256,24.682
16,32,4,512,34.8586
16,32,4,1024,56.8534
16,32,4,2048,101.014
16,32,4,4096,190.101
16,32,4,8192,368.024
16,32,4,16384,726.336
16,32,8,16,16.022
16,32,8,32,16.128
16,32,8,64,16.362
16,32,8,128,20.01
16,32,8,256,25.4506
16,32,8,512,35.606
16,32,8,1024,58.6886
16,32,8,2048,103.7
16,32,8,4096,193.237
16,32,8,8192,376.044
16,32,8,16384,733.612
16,32,16,16,24.704
16,32,16,32,24.6834
16,32,16,64,25.4294
16,32,16,128,33.3006
16,32,16,256,44.0326
16,32,16,512,65.8994
16,32,16,1024,110.912
16,32,16,2048,199.233
16,32,16,4096,375.744
16,32,16,8192,743.404
16,32,16,16384,1469.85
16,32,32,16,33.3866
16,32,32,32,33.5574
16,32,32,64,34.368
16,32,32,128,48.1266
16,32,32,256,64.7894
16,32,32,512,98.1114
16,32,32,1024,166.358
16,32,32,2048,299.562
16,32,32,4096,581.122
16,32,32,8192,1161.11
16,32,32,16384,2268.98
16,32,64,16,57.8986
16,32,64,32,58.304
16,32,64,64,59.99
16,32,64,128,88.8966
16,32,64,256,122.966
16,32,64,512,189.974
16,32,64,1024,331.116
16,32,64,2048,617.302
16,32,64,4096,1481.07
16,32,64,8192,2960.48
16,32,64,16384,5862.66
16,32,128,16,101.61
16,32,128,32,103.019
16,32,128,64,107.669
16,32,128,128,168.556
16,32,128,256,243.478
16,32,128,512,411.498
16,32,128,1024,710.916
16,32,128,2048,1576.56
16,32,128,4096,4338.42
16,32,128,8192,8578.76
16,32,128,16384,20311.4
16,64,0,0,16.512
16,64,1,16,16.3627
16,64,1,32,16.384
16,64,1,64,16.448
16,64,1,128,19.712
16,64,1,256,24.726
16,64,1,512,34.624
16,64,1,1024,56.554
16,64,1,2048,102.016
16,64,1,4096,190.955
16,64,1,8192,371.072
16,64,1,16384,732.63
16,64,2,16,16.34
16,64,2,32,16.2987
16,64,2,64,16.426
16,64,2,128,19.7547
16,64,2,256,24.81
16,64,2,512,34.8806
16,64,2,1024,56.6406
16,64,2,2048,101.12
16,64,2,4096,190.208
16,64,2,8192,369.622
16,64,2,16384,726.146
16,64,4,16,15.8293
16,64,4,32,15.8507
16,64,4,64,16.2567
16,64,4,128,19.7987
16,64,4,256,24.6614
16,64,4,512,34.922
16,64,4,1024,56.6406
16,64,4,2048,101.291
16,64,4,4096,190.464
16,64,4,8192,368.768
16,64,4,16384,726.616
16,64,8,16,15.936
16,64,8,32,16.0633
16,64,8,64,16.4047
16,64,8,128,19.9253
16,64,8,256,25.302
16,64,8,512,35.9254
16,64,8,1024,58.7094
16,64,8,2048,104.043
16,64,8,4096,193.493
16,64,8,8192,376.32
16,64,8,16384,736.704
16,64,16,16,24.96
16,64,16,32,24.8746
16,64,16,64,25.216
16,64,16,128,33.4286
16,64,16,256,44.16
16,64,16,512,65.5574
16,64,16,1024,111.083
16,64,16,2048,198.955
16,64,16,4096,374.4
16,64,16,8192,742.336
16,64,16,16384,1471.81
16,64,32,16,33.1734
16,64,32,32,33.3654
16,64,32,64,34.368
16,64,32,128,48.0214
16,64,32,256,64.576
16,64,32,512,98.0266
16,64,32,1024,166.401
16,64,32,2048,299.158
16,64,32,4096,582.55
16,64,32,8192,1162.33
16,64,32,16384,2269.32
16,64,64,16,58.0054
16,64,64,32,58.6454
16,64,64,64,60.2666
16,64,64,128,89.2374
16,64,64,256,122.838
16,64,64,512,190.017
16,64,64,1024,331.436
16,64,64,2048,618.284
16,64,64,4096,1477.59
16,64,64,8192,2961.24
16,64,64,16384,5880.66
16,64,128,16,101.867
16,64,128,32,103.019
16,64,128,64,107.414
16,64,128,128,168.107
16,64,128,256,244.268
16,64,128,512,411.138
16,64,128,1024,712.408
16,64,128,2048,1563.1
16,64,128,4096,4346.42
16,64,128,8192,8578.2
16,64,128,16384,19552.6
16,128,0,0,21.0986
16,128,1,16,19.6907
16,128,1,32,19.7333
16,128,1,64,19.776
16,128,1,128,20.8854
16,128,1,256,24.576
16,128,1,512,34.3894
16,128,1,1024,56.426
16,128,1,2048,101.291
16,128,1,4096,191.767
16,128,1,8192,371.456
16,128,1,16384,733.14
16,128,2,16,19.776
16,128,2,32,19.5407
16,128,2,64,19.7973
16,128,2,128,20.8854
16,128,2,256,24.6826
16,128,2,512,34.5174
16,128,2,1024,56.576
16,128,2,2048,100.864
16,128,2,4096,190.336
16,128,2,8192,369.196
16,128,2,16384,727.832
16,128,4,16,19.4773
16,128,4,32,19.5413
16,128,4,64,19.6273
16,128,4,128,20.5434
16,128,4,256,24.598
16,128,4,512,34.8586
16,128,4,1024,56.4686
16,128,4,2048,101.376
16,128,4,4096,190.016
16,128,4,8192,369.474
16,128,4,16384,726.464
16,128,8,16,19.4347
16,128,8,32,19.84
16,128,8,64,19.7127
16,128,8,128,20.8
16,128,8,256,25.0666
16,128,8,512,35.5626
16,128,8,1024,58.496
16,128,8,2048,104.064
16,128,8,4096,193.985
16,128,8,8192,375.85
16,128,8,16384,735.426
16,128,16,16,29.6746
16,128,16,32,29.8014
16,128,16,64,30.6346
16,128,16,128,35.0946
16,128,16,256,44.352
16,128,16,512,65.856
16,128,16,1024,110.997
16,128,16,2048,199.723
16,128,16,4096,375.616
16,128,16,8192,742.04
16,128,16,16384,1473.82
16,128,32,16,38.3786
16,128,32,32,38.4426
16,128,32,64,39.2334
16,128,32,128,49.0034
16,128,32,256,64.576
16,128,32,512,98.3686
16,128,32,1024,166.762
16,128,32,2048,299.626
16,128,32,4096,580.952
16,128,32,8192,1162.46
16,128,32,16384,2269.1
16,128,64,16,62.528
16,128,64,32,62.7414
16,128,64,64,64.236
16,128,64,128,90.624
16,128,64,256,122.795
16,128,64,512,190.444
16,128,64,1024,330.498
16,128,64,2048,618.69
16,128,64,4096,1477.06
16,128,64,8192,2970.34
16,128,64,16384,5919.14
16,128,128,16,105.387
16,128,128,32,106.219
16,128,128,64,109.142
16,128,128,128,169.942
16,128,128,256,246.08
16,128,128,512,413.016
16,128,128,1024,712.044
16,128,128,2048,1568.79
16,128,128,4096,4342.2
16,128,128,8192,8591.32
16,128,128,16384,20533
16,256,0,0,25.7486
16,256,1,16,24.8106
16,256,1,32,24.8974
16,256,1,64,24.8106
16,256,1,128,24.7894
16,256,1,256,25.4294
16,256,1,512,34.4534
16,256,1,1024,56.574
16,256,1,2048,101.079
16,256,1,4096,191.103
16,256,1,8192,371.072
16,256,1,16384,733.546
16,256,2,16,24.9174
16,256,2,32,24.8106
16,256,2,64,24.9186
16,256,2,128,24.7466
16,256,2,256,25.408
16,256,2,512,34.7534
16,256,2,1024,56.384
16,256,2,2048,101.269
16,256,2,4096,190.144
16,256,2,8192,369.642
16,256,2,16384,726.528
16,256,4,16,24.982
16,256,4,32,24.768
16,256,4,64,25.0034
16,256,4,128,24.64
16,256,4,256,25.088
16,256,4,512,34.668
16,256,4,1024,56.8754
16,256,4,2048,101.183
16,256,4,4096,190.976
16,256,4,8192,368.106
16,256,4,16384,726.38
16,256,8,16,25.0026
16,256,8,32,25.0026
16,256,8,64,24.96
16,256,8,128,25.024
16,256,8,256,25.302
16,256,8,512,35.9674
16,256,8,1024,58.624
16,256,8,2048,104
16,256,8,4096,193.941
16,256,8,8192,374.764
16,256,8,16384,734.956
16,256,16,16,34.7094
16,256,16,32,34.816
16,256,16,64,35.0506
16,256,16,128,40.278
16,256,16,256,45.3114
16,256,16,512,65.8346
16,256,16,1024,111.383
16,256,16,2048,199.68
16,256,16,4096,376.662
16,256,16,8192,742.338
16,256,16,16384,1469.74
16,256,32,16,43.7974
16,256,32,32,43.8626
16,256,32,64,44.352
16,256,32,128,54.1866
16,256,32,256,65.5794
16,256,32,512,98.56
16,256,32,1024,166.678
16,256,32,2048,299.672
16,256,32,4096,580.162
16,256,32,8192,1161.18
16,256,32,16384,2271.56
16,256,64,16,67.3494
16,256,64,32,68.6934
16,256,64,64,69.3554
16,256,64,128,94.1434
16,256,64,256,124.31
16,256,64,512,189.89
16,256,64,1024,330.732
16,256,64,2048,617.134
16,256,64,4096,1477.7
16,256,64,8192,2969.54
16,256,64,16384,5907.3
16,256,128,16,109.953
16,256,128,32,110.848
16,256,128,64,113.941
16,256,128,128,171.627
16,256,128,256,247.51
16,256,128,512,414.828
16,256,128,1024,712.556
16,256,128,2048,1550.92
16,256,128,4096,4336.64
16,256,128,8192,8587.74
16,256,128,16384,21009.2
16,512,0,0,35.586
16,512,1,16,35.1574
16,512,1,32,35.116
16,512,1,64,35.1154
16,512,1,128,34.73
16,512,1,256,34.7094
16,512,1,512,35.0934
16,512,1,768,44.5654
16,512,1,1024,56.34
16,512,1,1152,61.226
16,512,1,1728,84.0546
16,512,1,2048,100.907
16,512,1,2592,123.5
16,512,1,3888,178.709
16,512,1,4096,190.186
16,512,1,5832,263.594
16,512,1,8192,371.884
16,512,1,8748,393.92
16,512,1,13122,581.056
16,512,1,16384,728.834
16,512,2,16,34.9006
16,512,2,32,35.0714
16,512,2,64,34.9654
16,512,2,128,34.752
16,512,2,256,34.7954
16,512,2,512,35.1574
16,512,2,768,44.714
16,512,2,1024,56.5766
16,512,2,1152,61.824
16,512,2,1728,84.6286
16,512,2,2048,101.226
16,512,2,2592,123.435
16,512,2,3888,178.327
16,512,2,4096,190.614
16,512,2,5832,262.208
16,512,2,8192,370.006
16,512,2,8748,390.7
16,512,2,13122,580.396
16,512,2,16384,725.718
16,512,4,16,34.9014
16,512,4,32,34.9226
16,512,4,64,34.8586
16,512,4,128,34.6874
16,512,4,256,34.6674
16,512,4,512,35.0514
16,512,4,768,44.992
16,512,4,1024,56.4474
16,512,4,1152,61.6534
16,512,4,1728,85.1414
16,512,4,2048,101.249
16,512,4,2592,124.161
16,512,4,3888,178.155
16,512,4,4096,190.186
16,512,4,5832,261.868
16,512,4,8192,368.32
16,512,4,8748,391.53
16,512,4,13122,581.228
16,512,4,16384,727.126
16,512,8,16,34.8594
16,512,8,32,35.2214
16,512,8,64,35.1354
16,512,8,128,35.158
16,512,8,256,35.286
16,512,8,512,35.862
16,512,8,768,46.8694
16,512,8,1024,58.388
16,512,8,1152,63.8734
16,512,8,1728,87.7866
16,512,8,2048,104.022
16,512,8,2592,127.574
16,512,8,3888,183.446
16,512,8,4096,193.728
16,512,8,5832,269.356
16,512,8,8192,375.574
16,512,8,8748,399.83
16,512,8,13122,588.184
16,512,8,16384,735.788
16,512,16,16,45.0774
16,512,16,32,45.1194
16,512,16,64,45.5474
16,512,16,128,50.624
16,512,16,256,55.274
16,512,16,512,67.0714
16,512,16,768,87.6374
16,512,16,1024,111.254
16,512,16,1152,121.942
16,512,16,1728,167.915
16,512,16,2048,199.553
16,512,16,2592,244.118
16,512,16,3888,355.01
16,512,16,4096,376
16,512,16,5832,522.39
16,512,16,8192,740.118
16,512,16,8748,791.702
16,512,16,13122,1175.75
16,512,16,16384,1468.19
16,512,32,16,53.952
16,512,32,32,53.6754
16,512,32,64,55.1046
16,512,32,128,64.364
16,512,32,256,75.5634
16,512,32,512,98.9666
16,512,32,768,132.011
16,512,32,1024,166.72
16,512,32,1152,182.997
16,512,32,1728,251.244
16,512,32,2048,299.904
16,512,32,2592,368.256
16,512,32,3888,545.09
16,512,32,4096,581.74
16,512,32,5832,830.04
16,512,32,8192,1160.15
16,512,32,8748,1230.38
16,512,32,13122,1817.48
16,512,32,16384,2261.82
16,512,64,16,78.378
16,512,64,32,79.0186
16,512,64,64,80.448
16,512,64,128,104.704
16,512,64,256,132.715
16,512,64,512,191.169
16,512,64,768,263.426
16,512,64,1024,330.198
16,512,64,1152,361.282
16,512,64,1728,507.628
16,512,64,2048,616.876
16,512,64,2592,778.946
16,512,64,3888,1381.21
16,512,64,4096,1479.62
16,512,64,5832,2127.42
16,512,64,8192,2963.62
16,512,64,8748,3159.52
16,512,64,13122,4716.92
16,512,64,16384,5897.34
16,512,128,16,120.705
16,512,128,32,121.601
16,512,128,64,124.886
16,512,128,128,178.305
16,512,128,256,246.806
16,512,128,512,416.618
16,512,128,768,565.42
16,512,128,1024,714.008
16,512,128,1152,789.42
16,512,128,1728,1189.59
16,512,128,2048,1562.69
16,512,128,2592,2412.28
16,512,128,3888,4122.44
16,512,128,4096,4344.62
16,512,128,5832,6140.86
16,512,128,8192,8598.18
16,512,128,8748,9226.26
16,512,128,13122,14556.6
16,512,128,16384,20918.6
16,768,0,0,45.7174
16,768,1,512,45.2894
16,768,1,768,45.5466
16,768,1,1152,61.0774
16,768,1,1728,84.7146
16,768,1,2592,123.477
16,768,1,3888,178.497
16,768,1,5832,262.954
16,768,1,8748,393.302
16,768,1,13122,581.934
16,768,1,16384,729.046
16,768,2,512,44.9066
16,768,2,768,45.2906
16,768,2,1152,61.3546
16,768,2,1728,84.5654
16,768,2,2592,123.435
16,768,2,3888,178.902
16,768,2,5832,263.318
16,768,2,8748,389.974
16,768,2,13122,580.204
16,768,2,16384,725.248
16,768,4,512,44.8434
16,768,4,768,45.4186
16,768,4,1152,61.376
16,768,4,1728,85.0786
16,768,4,2592,123.541
16,768,4,3888,178.369
16,768,4,5832,262.294
16,768,4,8748,390.506
16,768,4,13122,580.138
16,768,4,16384,724.224
16,768,8,512,46.08
16,768,8,768,46.8266
16,768,8,1152,63.5106
16,768,8,1728,87.6166
16,768,8,2592,127.361
16,768,8,3888,181.909
16,768,8,5832,267.882
16,768,8,8748,397.802
16,768,8,13122,586.902
16,768,8,16384,732.184
16,768,16,512,75.9474
16,768,16,768,88.1286
16,768,16,1152,121.217
16,768,16,1728,166.592
16,768,16,2592,243.308
16,768,16,3888,354.2
16,768,16,5832,524.162
16,768,16,8748,788.674
16,768,16,13122,1174.66
16,768,16,16384,1466.29
16,768,32,512,108.566
16,768,32,768,132.01
16,768,32,1152,182.807
16,768,32,1728,250.262
16,768,32,2592,367.166
16,768,32,3888,544.45
16,768,32,5832,826.072
16,768,32,8748,1229.19
16,768,32,13122,1819.18
16,768,32,16384,2267.08
16,768,64,512,197.953
16,768,64,768,263.404
16,768,64,1152,360.426
16,768,64,1728,507.756
16,768,64,2592,777.304
16,768,64,3888,1384.15
16,768,64,5832,2122.62
16,768,64,8748,3154.04
16,768,64,13122,4716.26
16,768,64,16384,5914.96
16,768,128,512,419.906
16,768,128,768,568.194
16,768,128,1152,791.362
16,768,128,1728,1193.9
16,768,128,2592,2415.04
16,768,128,3888,4129.26
16,768,128,5832,6141.08
16,768,128,8748,9212.88
16,768,128,13122,14856.4
16,768,128,16384,20444.6
16,1024,0,0,58.1314
16,1024,1,16,56.9386
16,1024,1,32,56.96
16,1024,1,64,56.768
16,1024,1,128,56.938
16,1024,1,256,56.9814
16,1024,1,512,56.704
16,1024,1,1024,57.494
16,1024,1,2048,101.184
16,1024,1,4096,191.253
16,1024,1,8192,372.248
16,1024,1,16384,730.902
16,1024,2,16,56.832
16,1024,2,32,56.8326
16,1024,2,64,56.8106
16,1024,2,128,56.64
16,1024,2,256,56.982
16,1024,2,512,56.6186
16,1024,2,1024,57.6226
16,1024,2,2048,100.907
16,1024,2,4096,190.7
16,1024,2,8192,370.284
16,1024,2,16384,727.022
16,1024,4,16,56.47
16,1024,4,32,56.4266
16,1024,4,64,56.768
16,1024,4,128,56.448
16,1024,4,256,56.6614
16,1024,4,512,56.8746
16,1024,4,1024,57.2586
16,1024,4,2048,101.013
16,1024,4,4096,190.742
16,1024,4,8192,368.874
16,1024,4,16384,726.676
16,1024,8,16,56.6606
16,1024,8,32,56.6606
16,1024,8,64,56.8534
16,1024,8,128,56.8754
16,1024,8,256,57.0446
16,1024,8,512,58.156
16,1024,8,1024,58.9014
16,1024,8,2048,104.085
16,1024,8,4096,194.177
16,1024,8,8192,375.808
16,1024,8,16384,734.296
16,1024,16,16,65.792
16,1024,16,32,66.112
16,1024,16,64,66.2406
16,1024,16,128,71.36
16,1024,16,256,76.9714
16,1024,16,512,87.574
16,1024,16,1024,112.299
16,1024,16,2048,199.809
16,1024,16,4096,374.89
16,1024,16,8192,739.886
16,1024,16,16384,1470.62
16,1024,32,16,74.474
16,1024,32,32,74.8794
16,1024,32,64,75.4774
16,1024,32,128,85.5474
16,1024,32,256,96.7254
16,1024,32,512,119.786
16,1024,32,1024,167.446
16,1024,32,2048,299.456
16,1024,32,4096,581.804
16,1024,32,8192,1162.73
16,1024,32,16384,2271.64
16,1024,64,16,99.2434
16,1024,64,32,99.9894
16,1024,64,64,101.036
16,1024,64,128,126.037
16,1024,64,256,153.131
16,1024,64,512,209.942
16,1024,64,1024,332.118
16,1024,64,2048,620.802
16,1024,64,4096,1482.33
16,1024,64,8192,2966.2
16,1024,64,16384,5897.68
16,1024,128,16,141.441
16,1024,128,32,141.738
16,1024,128,64,144.684
16,1024,128,128,199.254
16,1024,128,256,266.412
16,1024,128,512,423.148
16,1024,128,1024,717.23
16,1024,128,2048,1555.12
16,1024,128,4096,4349.74
16,1024,128,8192,8592.66
16,1024,128,16384,20418.8
16,1152,0,0,63.21
16,1152,1,512,61.378
16,1152,1,768,61.5686
16,1152,1,1152,62.464
16,1152,1,1728,84.2666
16,1152,1,2592,123.819
16,1152,1,3888,178.476
16,1152,1,5832,263.404
16,1152,1,8748,393.172
16,1152,1,13122,581.462
16,1152,1,16384,728.258
16,1152,2,512,61.696
16,1152,2,768,61.738
16,1152,2,1152,62.442
16,1152,2,1728,84.416
16,1152,2,2592,123.711
16,1152,2,3888,178.241
16,1152,2,5832,262.656
16,1152,2,8748,392.598
16,1152,2,13122,580.31
16,1152,2,16384,726.102
16,1152,4,512,61.504
16,1152,4,768,61.3966
16,1152,4,1152,62.1014
16,1152,4,1728,84.864
16,1152,4,2592,123.542
16,1152,4,3888,178.964
16,1152,4,5832,262.336
16,1152,4,8748,390.274
16,1152,4,13122,580.054
16,1152,4,16384,724.802
16,1152,8,512,62.9966
16,1152,8,768,62.976
16,1152,8,1152,63.744
16,1152,8,1728,87.2106
16,1152,8,2592,127.552
16,1152,8,3888,181.376
16,1152,8,5832,268.994
16,1152,8,8748,400.556
16,1152,8,13122,589.61
16,1152,8,16384,733.89
16,1152,16,512,93.2286
16,1152,16,768,103.829
16,1152,16,1152,122.496
16,1152,16,1728,167.51
16,1152,16,2592,243.564
16,1152,16,3888,354.348
16,1152,16,5832,522.796
16,1152,16,8748,786.988
16,1152,16,13122,1170.24
16,1152,16,16384,1464.45
16,1152,32,512,124.652
16,1152,32,768,147.073
16,1152,32,1152,182.593
16,1152,32,1728,251.414
16,1152,32,2592,368.194
16,1152,32,3888,545.878
16,1152,32,5832,823.3
16,1152,32,8748,1227.48
16,1152,32,13122,1816.69
16,1152,32,16384,2263.9
16,1152,64,512,214.292
16,1152,64,768,276.354
16,1152,64,1152,363.904
16,1152,64,1728,507.884
16,1152,64,2592,779.736
16,1152,64,3888,1384.6
16,1152,64,5832,2125.54
16,1152,64,8748,3160.34
16,1152,64,13122,4702.08
16,1152,64,16384,5886.28
16,1152,128,512,424.066
16,1152,128,768,569.22
16,1152,128,1152,796.418
16,1152,128,1728,1198.74
16,1152,128,2592,2438.9
16,1152,128,3888,4132.56
16,1152,128,5832,6145.3
16,1152,128,8748,9222.06
16,1152,128,13122,14290.8
16,1152,128,16384,20973.8
16,1728,0,0,86.2934
16,1728,1,512,84.5446
16,1728,1,768,84.3946
16,1728,1,1152,84.6294
16,1728,1,1728,85.4186
16,1728,1,2592,123.477
16,1728,1,3888,178.603
16,1728,1,5832,263.636
16,1728,1,8748,392.962
16,1728,1,13122,582.144
16,1728,1,16384,729.004
16,1728,2,512,84.7786
16,1728,2,768,84.4794
16,1728,2,1152,84.9706
16,1728,2,1728,85.5486
16,1728,2,2592,123.648
16,1728,2,3888,177.791
16,1728,2,5832,262.23
16,1728,2,8748,391.36
16,1728,2,13122,580.758
16,1728,2,16384,725.464
16,1728,4,512,84.5654
16,1728,4,768,84.7574
16,1728,4,1152,84.6074
16,1728,4,1728,85.398
16,1728,4,2592,124.288
16,1728,4,3888,178.39
16,1728,4,5832,262.188
16,1728,4,8748,391.702
16,1728,4,13122,579.968
16,1728,4,16384,723.33
16,1728,8,512,85.5046
16,1728,8,768,86.4
16,1728,8,1152,86.464
16,1728,8,1728,88.022
16,1728,8,2592,127.467
16,1728,8,3888,182.144
16,1728,8,5832,268.672
16,1728,8,8748,400.426
16,1728,8,13122,587.692
16,1728,8,16384,732.438
16,1728,16,512,114.389
16,1728,16,768,125.119
16,1728,16,1152,143.703
16,1728,16,1728,168.384
16,1728,16,2592,243.222
16,1728,16,3888,353.858
16,1728,16,5832,525.354
16,1728,16,8748,783.832
16,1728,16,13122,1170.86
16,1728,16,16384,1464.2
16,1728,32,512,145.217
16,1728,32,768,168.235
16,1728,32,1152,202.666
16,1728,32,1728,252.074
16,1728,32,2592,369.046
16,1728,32,3888,544.896
16,1728,32,5832,820.054
16,1728,32,8748,1230.98
16,1728,32,13122,1821.74
16,1728,32,16384,2265.3
16,1728,64,512,234.774
16,1728,64,768,297.194
16,1728,64,1152,380.288
16,1728,64,1728,509.484
16,1728,64,2592,785.154
16,1728,64,3888,1382.6
16,1728,64,5832,2129.24
16,1728,64,8748,3171.12
16,1728,64,13122,4709.38
16,1728,64,16384,5879.36
16,1728,128,512,446.7
16,1728,128,768,572.738
16,1728,128,1152,796.674
16,1728,128,1728,1203.72
16,1728,128,2592,2419.26
16,1728,128,3888,4138.9
16,1728,128,5832,6155.1
16,1728,128,8748,9256.8
16,1728,128,13122,14947.9
16,1728,128,16384,21021
16,2048,0,0,103.553
16,2048,1,16,101.675
16,2048,1,32,102.101
16,2048,1,64,101.675
16,2048,1,128,101.312
16,2048,1,256,101.674
16,2048,1,512,101.547
16,2048,1,1024,101.951
16,2048,1,2048,101.931
16,2048,1,4096,191.402
16,2048,1,8192,372.352
16,2048,1,16384,731.712
16,2048,2,16,101.609
16,2048,2,32,101.844
16,2048,2,64,101.653
16,2048,2,128,101.334
16,2048,2,256,101.739
16,2048,2,512,101.525
16,2048,2,1024,101.312
16,2048,2,2048,101.909
16,2048,2,4096,190.251
16,2048,2,8192,369.814
16,2048,2,16384,728.3
16,2048,4,16,101.163
16,2048,4,32,101.353
16,2048,4,64,101.313
16,2048,4,128,101.29
16,2048,4,256,101.291
16,2048,4,512,101.483
16,2048,4,1024,101.525
16,2048,4,2048,101.696
16,2048,4,4096,189.952
16,2048,4,8192,368.426
16,2048,4,16384,727.084
16,2048,8,16,101.441
16,2048,8,32,100.97
16,2048,8,64,101.483
16,2048,8,128,101.462
16,2048,8,256,101.676
16,2048,8,512,102.016
16,2048,8,1024,103.49
16,2048,8,2048,104.959
16,2048,8,4096,194.795
16,2048,8,8192,375.318
16,2048,8,16384,735.276
16,2048,16,16,107.051
16,2048,16,32,107.264
16,2048,16,64,107.776
16,2048,16,128,112.363
16,2048,16,256,118.208
16,2048,16,512,128.983
16,2048,16,1024,153.323
16,2048,16,2048,200.812
16,2048,16,4096,376.512
16,2048,16,8192,741.89
16,2048,16,16384,1470.43
16,2048,32,16,116.16
16,2048,32,32,116.16
16,2048,32,64,117.014
16,2048,32,128,127.297
16,2048,32,256,138.582
16,2048,32,512,161.024
16,2048,32,1024,207.914
16,2048,32,2048,300.608
16,2048,32,4096,582.978
16,2048,32,8192,1164.53
16,2048,32,16384,2272.64
16,2048,64,16,140.821
16,2048,64,32,141.035
16,2048,64,64,143.041
16,2048,64,128,167.253
16,2048,64,256,196.16
16,2048,64,512,252.48
16,2048,64,1024,370.56
16,2048,64,2048,625.602
16,2048,64,4096,1471.77
16,2048,64,8192,2976.76
16,2048,64,16384,5872.12
16,2048,128,16,183.574
16,2048,128,32,184.811
16,2048,128,64,187.563
16,2048,128,128,242.326
16,2048,128,256,309.314
16,2048,128,512,466.69
16,2048,128,1024,720.472
16,2048,128,2048,1594.42
16,2048,128,4096,4367.84
16,2048,128,8192,8668.18
16,2048,128,16384,21042.6
16,2592,0,0,126.657
16,2592,1,512,124.907
16,2592,1,768,124.672
16,2592,1,1152,124.629
16,2592,1,1728,125.12
16,2592,1,2592,125.781
16,2592,1,3888,178.667
16,2592,1,5832,264.406
16,2592,1,8748,394.624
16,2592,1,13122,586.09
16,2592,1,16384,731.478
16,2592,2,512,124.565
16,2592,2,768,124.309
16,2592,2,1152,124.479
16,2592,2,1728,124.971
16,2592,2,2592,125.013
16,2592,2,3888,179.435
16,2592,2,5832,263.126
16,2592,2,8748,392.214
16,2592,2,13122,584.77
16,2592,2,16384,726.06
16,2592,4,512,123.904
16,2592,4,768,124.117
16,2592,4,1152,124.992
16,2592,4,1728,124.608
16,2592,4,2592,125.121
16,2592,4,3888,179.286
16,2592,4,5832,263.21
16,2592,4,8748,391.958
16,2592,4,13122,580.652
16,2592,4,16384,725.272
16,2592,8,512,125.59
16,2592,8,768,125.335
16,2592,8,1152,126.443
16,2592,8,1728,127.233
16,2592,8,2592,128.469
16,2592,8,3888,183.808
16,2592,8,5832,270.316
16,2592,8,8748,400.664
16,2592,8,13122,589.12
16,2592,8,16384,734.658
16,2592,16,512,150.336
16,2592,16,768,161.237
16,2592,16,1152,179.157
16,2592,16,1728,203.626
16,2592,16,2592,246.934
16,2592,16,3888,356.12
16,2592,16,5832,527.618
16,2592,16,8748,787.734
16,2592,16,13122,1173.66
16,2592,16,16384,1471.43
16,2592,32,512,181.718
16,2592,32,768,204.864
16,2592,32,1152,240.384
16,2592,32,1728,288.534
16,2592,32,2592,370.198
16,2592,32,3888,547.224
16,2592,32,5832,822.744
16,2592,32,8748,1237.44
16,2592,32,13122,1827.5
16,2592,32,16384,2269.84
16,2592,64,512,273.088
16,2592,64,768,335.808
16,2592,64,1152,415.638
16,2592,64,1728,518.572
16,2592,64,2592,787.906
16,2592,64,3888,1381.66
16,2592,64,5832,2131.28
16,2592,64,8748,3176.36
16,2592,64,13122,4755.36
16,2592,64,16384,5914.66
16,2592,128,512,488.62
16,2592,128,768,610.754
16,2592,128,1152,805.55
16,2592,128,1728,1219.2
16,2592,128,2592,2427.94
16,2592,128,3888,4143.46
16,2592,128,5832,6341.78
16,2592,128,8748,9391.02
16,2592,128,13122,15345.3
16,2592,128,16384,20781.2
16,3888,0,0,182.167
16,3888,1,512,180.673
16,3888,1,768,180.267
16,3888,1,1152,180.289
16,3888,1,1728,180.459
16,3888,1,2592,179.691
16,3888,1,3888,181.547
16,3888,1,5832,264.45
16,3888,1,8748,395.5
16,3888,1,13122,587.264
16,3888,1,16384,733.718
16,3888,2,512,180.587
16,3888,2,768,180.097
16,3888,2,1152,179.84
16,3888,2,1728,180.416
16,3888,2,2592,179.242
16,3888,2,3888,179.926
16,3888,2,5832,263.446
16,3888,2,8748,393.28
16,3888,2,13122,583.638
16,3888,2,16384,729.538
16,3888,4,512,180.011
16,3888,4,768,180.075
16,3888,4,1152,179.754
16,3888,4,1728,179.862
16,3888,4,2592,178.475
16,3888,4,3888,179.905
16,3888,4,5832,263.062
16,3888,4,8748,392.042
16,3888,4,13122,583.638
16,3888,4,16384,727.124
16,3888,8,512,180.673
16,3888,8,768,180.248
16,3888,8,1152,180.864
16,3888,8,1728,181.099
16,3888,8,2592,181.099
16,3888,8,3888,185.621
16,3888,8,5832,271.104
16,3888,8,8748,400.874
16,3888,8,13122,590.102
16,3888,8,16384,735.318
16,3888,16,512,202.56
16,3888,16,768,213.546
16,3888,16,1152,231.232
16,3888,16,1728,255.382
16,3888,16,2592,295.83
16,3888,16,3888,357.376
16,3888,16,5832,525.782
16,3888,16,8748,794.648
16,3888,16,13122,1174.32
16,3888,16,16384,1470.94
16,3888,32,512,233.942
16,3888,32,768,257.686
16,3888,32,1152,292.544
16,3888,32,1728,340.182
16,3888,32,2592,422.464
16,3888,32,3888,552.684
16,3888,32,5832,834.476
16,3888,32,8748,1259.44
16,3888,32,13122,1850.65
16,3888,32,16384,2329.46
16,3888,64,512,324.332
16,3888,64,768,389.44
16,3888,64,1152,468.972
16,3888,64,1728,575.042
16,3888,64,2592,832.812
16,3888,64,3888,1406.53
16,3888,64,5832,2151.78
16,3888,64,8748,3300.32
16,3888,64,13122,4873.6
16,3888,64,16384,6093.2
16,3888,128,512,544.022
16,3888,128,768,662.764
16,3888,128,1152,863.896
16,3888,128,1728,1267.1
16,3888,128,2592,2431.92
16,3888,128,3888,4163.24
16,3888,128,5832,6244.22
16,3888,128,8748,9710.12
16,3888,128,13122,16065.7
16,3888,128,16384,21160.2
16,4096,0,0,193.729
16,4096,1,16,192.448
16,4096,1,32,192.341
16,4096,1,64,191.573
16,4096,1,128,192.682
16,4096,1,256,192.341
16,4096,1,512,192.021
16,4096,1,1024,191.764
16,4096,1,2048,191.083
16,4096,1,4096,192.789
16,4096,1,8192,371.456
16,4096,1,16384,731.008
16,4096,2,16,192.042
16,4096,2,32,192.427
16,4096,2,64,192.001
16,4096,2,128,192.064
16,4096,2,256,191.809
16,4096,2,512,191.445
16,4096,2,1024,191.531
16,4096,2,2048,191.168
16,4096,2,4096,190.912
16,4096,2,8192,369.728
16,4096,2,16384,725.548
16,4096,4,16,191.147
16,4096,4,32,191.403
16,4096,4,64,190.975
16,4096,4,128,191.638
16,4096,4,256,191.871
16,4096,4,512,192
16,4096,4,1024,191.253
16,4096,4,2048,190.913
16,4096,4,4096,191.702
16,4096,4,8192,368.79
16,4096,4,16384,724.74
16,4096,8,16,190.761
16,4096,8,32,190.443
16,4096,8,64,190.806
16,4096,8,128,190.549
16,4096,8,256,191.723
16,4096,8,512,191.829
16,4096,8,1024,192.768
16,4096,8,2048,194.538
16,4096,8,4096,195.948
16,4096,8,8192,378.134
16,4096,8,16384,735.958
16,4096,16,16,190.657
16,4096,16,32,190.209
16,4096,16,64,190.591
16,4096,16,128,196.288
16,4096,16,256,201.472
16,4096,16,512,211.754
16,4096,16,1024,236.8
16,4096,16,2048,282.368
16,4096,16,4096,377.43
16,4096,16,8192,745.816
16,4096,16,16384,1470.62
16,4096,32,16,198.764
16,4096,32,32,199.575
16,4096,32,64,199.509
16,4096,32,128,209.09
16,4096,32,256,220.416
16,4096,32,512,244.586
16,4096,32,1024,292.928
16,4096,32,2048,381.632
16,4096,32,4096,593.068
16,4096,32,8192,1180.53
16,4096,32,16384,2363.44
16,4096,64,16,223.04
16,4096,64,32,223.382
16,4096,64,64,224.94
16,4096,64,128,249.92
16,4096,64,256,277.952
16,4096,64,512,335.446
16,4096,64,1024,454.38
16,4096,64,2048,678.872
16,4096,64,4096,1516.16
16,4096,64,8192,3090.28
16,4096,64,16384,6190.06
16,4096,128,16,265.75
16,4096,128,32,266.69
16,4096,128,64,270.57
16,4096,128,128,324.674
16,4096,128,256,391.914
16,4096,128,512,555.542
16,4096,128,1024,807.236
16,4096,128,2048,1667.69
16,4096,128,4096,4377.34
16,4096,128,8192,9022.52
16,4096,128,16384,21133.6
16,5832,0,0,267.862
16,5832,1,512,265.282
16,5832,1,768,265.216
16,5832,1,1152,265.964
16,5832,1,1728,265.452
16,5832,1,2592,265.152
16,5832,1,3888,264.726
16,5832,1,5832,266.966
16,5832,1,8748,395.476
16,5832,1,13122,586.624
16,5832,1,16384,734.252
16,5832,2,512,266.518
16,5832,2,768,266.112
16,5832,2,1152,265.472
16,5832,2,1728,266.284
16,5832,2,2592,264.256
16,5832,2,3888,264.342
16,5832,2,5832,264.448
16,5832,2,8748,392.79
16,5832,2,13122,582.784
16,5832,2,16384,727.894
16,5832,4,512,264.576
16,5832,4,768,264.426
16,5832,4,1152,265.152
16,5832,4,1728,265.132
16,5832,4,2592,265.452
16,5832,4,3888,263.36
16,5832,4,5832,263.36
16,5832,4,8748,391.66
16,5832,4,13122,582.698
16,5832,4,16384,728.556
16,5832,8,512,265.408
16,5832,8,768,265.772
16,5832,8,1152,264.982
16,5832,8,1728,266.966
16,5832,8,2592,267.5
16,5832,8,3888,268.16
16,5832,8,5832,271.466
16,5832,8,8748,401.472
16,5832,8,13122,591.298
16,5832,8,16384,736.92
16,5832,16,512,278.784
16,5832,16,768,290.07
16,5832,16,1152,308.928
16,5832,16,1728,333.846
16,5832,16,2592,374.806
16,5832,16,3888,434.69
16,5832,16,5832,532.864
16,5832,16,8748,797.036
16,5832,16,13122,1180.31
16,5832,16,16384,1472.2
16,5832,32,512,312.578
16,5832,32,768,333.91
16,5832,32,1152,369.26
16,5832,32,1728,417.302
16,5832,32,2592,499.264
16,5832,32,3888,629.206
16,5832,32,5832,841.902
16,5832,32,8748,1249.28
16,5832,32,13122,1894.11
16,5832,32,16384,2368.34
16,5832,64,512,402.218
16,5832,64,768,467.67
16,5832,64,1152,549.294
16,5832,64,1728,650.88
16,5832,64,2592,914.818
16,5832,64,3888,1470.45
16,5832,64,5832,2161.72
16,5832,64,8748,3237.46
16,5832,64,13122,4989.14
16,5832,64,16384,6270.3
16,5832,128,512,628.098
16,5832,128,768,766.424
16,5832,128,1152,941.912
16,5832,128,1728,1356.06
16,5832,128,2592,2468.2
16,5832,128,3888,4249.26
16,5832,128,5832,6195.38
16,5832,128,8748,9757.8
16,5832,128,13122,15355.8
16,5832,128,16384,21194.2
16,8192,0,0,375.062
16,8192,1,16,374.08
16,8192,1,32,373.484
16,8192,1,64,373.354
16,8192,1,128,373.932
16,8192,1,256,373.376
16,8192,1,512,372.8
16,8192,1,1024,373.802
16,8192,1,2048,373.568
16,8192,1,4096,371.948
16,8192,1,8192,374.784
16,8192,1,16384,734.594
16,8192,2,16,373.204
16,8192,2,32,373.504
16,8192,2,64,373.91
16,8192,2,128,373.91
16,8192,2,256,373.676
16,8192,2,512,373.504
16,8192,2,1024,372.288
16,8192,2,2048,373.29
16,8192,2,4096,373.014
16,8192,2,8192,369.324
16,8192,2,16384,729.238
16,8192,4,16,372.288
16,8192,4,32,373.332
16,8192,4,64,372.78
16,8192,4,128,372.992
16,8192,4,256,371.97
16,8192,4,512,373.184
16,8192,4,1024,372.374
16,8192,4,2048,373.102
16,8192,4,4096,370.604
16,8192,4,8192,369.154
16,8192,4,16384,726.38
16,8192,8,16,371.48
16,8192,8,32,371.756
16,8192,8,64,371.928
16,8192,8,128,371.862
16,8192,8,256,373.056
16,8192,8,512,372.416
16,8192,8,1024,373.418
16,8192,8,2048,373.418
16,8192,8,4096,374.976
16,8192,8,8192,379.798
16,8192,8,16384,738.22
16,8192,16,16,368.342
16,8192,16,32,368.874
16,8192,16,64,368.086
16,8192,16,128,370.284
16,8192,16,256,370.986
16,8192,16,512,377.26
16,8192,16,1024,401.024
16,8192,16,2048,448.47
16,8192,16,4096,543.128
16,8192,16,8192,753.622
16,8192,16,16384,1472.56
16,8192,32,16,369.794
16,8192,32,32,370.37
16,8192,32,64,371.542
16,8192,32,128,375.744
16,8192,32,256,386.39
16,8192,32,512,408.682
16,8192,32,1024,456.534
16,8192,32,2048,546.796
16,8192,32,4096,758.04
16,8192,32,8192,1175.94
16,8192,32,16384,2362.32
16,8192,64,16,387.84
16,8192,64,32,388.182
16,8192,64,64,389.932
16,8192,64,128,415.02
16,8192,64,256,442.242
16,8192,64,512,499.99
16,8192,64,1024,621.612
16,8192,64,2048,851.65
16,8192,64,4096,1692.02
16,8192,64,8192,3025.18
16,8192,64,16384,6274.76
16,8192,128,16,432.128
16,8192,128,32,431.298
16,8192,128,64,434.988
16,8192,128,128,489.664
16,8192,128,256,557.462
16,8192,128,512,723.906
16,8192,128,1024,1006.45
16,8192,128,2048,1865.88
16,8192,128,4096,4591.3
16,8192,128,8192,8699.58
16,8192,128,16384,21199
16,8748,0,0,398.424
16,8748,1,512,396.544
16,8748,1,768,396.032
16,8748,1,1152,396.076
16,8748,1,1728,397.162
16,8748,1,2592,395.99
16,8748,1,3888,395.456
16,8748,1,5832,394.666
16,8748,1,8748,397.142
16,8748,1,13122,585.602
16,8748,1,16384,734.21
16,8748,2,512,396.908
16,8748,2,768,396.182
16,8748,2,1152,397.314
16,8748,2,1728,395.754
16,8748,2,2592,395.116
16,8748,2,3888,395.222
16,8748,2,5832,393.11
16,8748,2,8748,392.618
16,8748,2,13122,582.998
16,8748,2,16384,730.262
16,8748,4,512,395.158
16,8748,4,768,395.094
16,8748,4,1152,396.588
16,8748,4,1728,395.776
16,8748,4,2592,395.328
16,8748,4,3888,392.77
16,8748,4,5832,391.85
16,8748,4,8748,393.708
16,8748,4,13122,582.294
16,8748,4,16384,726.7
16,8748,8,512,395.562
16,8748,8,768,396.672
16,8748,8,1152,397.398
16,8748,8,1728,395.628
16,8748,8,2592,395.84
16,8748,8,3888,396.886
16,8748,8,5832,401.002
16,8748,8,8748,402.134
16,8748,8,13122,591.746
16,8748,8,16384,737.752
16,8748,16,512,398.166
16,8748,16,768,409.922
16,8748,16,1152,427.99
16,8748,16,1728,453.376
16,8748,16,2592,493.226
16,8748,16,3888,553.388
16,8748,16,5832,645.356
16,8748,16,8748,802.52
16,8748,16,13122,1179.22
16,8748,16,16384,1470.23
16,8748,32,512,430.06
16,8748,32,768,452.376
16,8748,32,1152,488.876
16,8748,32,1728,535.702
16,8748,32,2592,615.874
16,8748,32,3888,746.372
16,8748,32,5832,966.976
16,8748,32,8748,1247.19
16,8748,32,13122,1867.89
16,8748,32,16384,2358.96
16,8748,64,512,520.152
16,8748,64,768,584.322
16,8748,64,1152,666.178
16,8748,64,1728,778.776
16,8748,64,2592,1040
16,8748,64,3888,1619.01
16,8748,64,5832,2303.42
16,8748,64,8748,3209.22
16,8748,64,13122,4905.24
16,8748,64,16384,6296.12
16,8748,128,512,745.794
16,8748,128,768,894.744
16,8748,128,1152,1088.58
16,8748,128,1728,1477.13
16,8748,128,2592,2629.6
16,8748,128,3888,4398.12
16,8748,128,5832,6472.16
16,8748,128,8748,9447.6
16,8748,128,13122,16512.3
16,8748,128,16384,21029.6
16,13122,0,0,590.38
16,13122,1,512,588.054
16,13122,1,768,588.078
16,13122,1,1152,587.906
16,13122,1,1728,588.31
16,13122,1,2592,587.884
16,13122,1,3888,587.328
16,13122,1,5832,588.202
16,13122,1,8748,587.69
16,13122,1,13122,589.056
16,13122,1,16384,731.606
16,13122,2,512,587.882
16,13122,2,768,587.712
16,13122,2,1152,587.968
16,13122,2,1728,588.608
16,13122,2,2592,587.478
16,13122,2,3888,586.946
16,13122,2,5832,586.07
16,13122,2,8748,584.298
16,13122,2,13122,582.484
16,13122,2,16384,730.24
16,13122,4,512,588.054
16,13122,4,768,588.694
16,13122,4,1152,588.396
16,13122,4,1728,587.244
16,13122,4,2592,587.05
16,13122,4,3888,586.282
16,13122,4,5832,583.424
16,13122,4,8748,584.108
16,13122,4,13122,582.784
16,13122,4,16384,727.104
16,13122,8,512,587.288
16,13122,8,768,587.584
16,13122,8,1152,587.776
16,13122,8,1728,586.944
16,13122,8,2592,586.392
16,13122,8,3888,589.848
16,13122,8,5832,591.362
16,13122,8,8748,589.804
16,13122,8,13122,593.304
16,13122,8,16384,736.94
16,13122,16,512,583.274
16,13122,16,768,584.384
16,13122,16,1152,602.262
16,13122,16,1728,627.008
16,13122,16,2592,668.288
16,13122,16,3888,729.772
16,13122,16,5832,830.102
16,13122,16,8748,981.678
16,13122,16,13122,1184.41
16,13122,16,16384,1469.85
16,13122,32,512,605.698
16,13122,32,768,627.288
16,13122,32,1152,663.276
16,13122,32,1728,709.996
16,13122,32,2592,792.3
16,13122,32,3888,923.328
16,13122,32,5832,1150.06
16,13122,32,8748,1453.53
16,13122,32,13122,1846.15
16,13122,32,16384,2299.1
16,13122,64,512,695.532
16,13122,64,768,760.492
16,13122,64,1152,839.598
16,13122,64,1728,953.518
16,13122,64,2592,1225.43
16,13122,64,3888,1822.7
16,13122,64,5832,2498.78
16,13122,64,8748,3483.86
16,13122,64,13122,4804.2
16,13122,64,16384,6097.64
16,13122,128,512,921.028
16,13122,128,768,1068.89
16,13122,128,1152,1276.76
16,13122,128,1728,1661.53
16,13122,128,2592,2867.08
16,13122,128,3888,4590.18
16,13122,128,5832,6688.48
16,13122,128,8748,10190.3
16,13122,128,13122,16468.1
16,13122,128,16384,20732
16,16384,0,0,737.624
16,16384,1,16,736.172
16,16384,1,32,736.042
16,16384,1,64,736.128
16,16384,1,128,736.024
16,16384,1,256,736.62
16,16384,1,512,733.526
16,16384,1,768,734.592
16,16384,1,1024,736.3
16,16384,1,1152,735.404
16,16384,1,1728,734.146
16,16384,1,2048,734.828
16,16384,1,2592,734.85
16,16384,1,3888,733.632
16,16384,1,4096,735.062
16,16384,1,5832,735.66
16,16384,1,8192,735.316
16,16384,1,8748,734.868
16,16384,1,13122,731.734
16,16384,1,16384,732.46
16,16384,2,16,735.51
16,16384,2,32,736.002
16,16384,2,64,735.062
16,16384,2,128,736.194
16,16384,2,256,735.936
16,16384,2,512,735.936
16,16384,2,768,734.272
16,16384,2,1024,735.554
16,16384,2,1152,734.444
16,16384,2,1728,732.928
16,16384,2,2048,735.254
16,16384,2,2592,734.102
16,16384,2,3888,733.548
16,16384,2,4096,734.232
16,16384,2,5832,734.55
16,16384,2,8192,732.076
16,16384,2,8748,732.268
16,16384,2,13122,730.624
16,16384,2,16384,730.24
16,16384,4,16,733.438
16,16384,4,32,734.018
16,16384,4,64,733.526
16,16384,4,128,733.336
16,16384,4,256,734.25
16,16384,4,512,734.016
16,16384,4,768,733.612
16,16384,4,1024,734.528
16,16384,4,1152,734.124
16,16384,4,1728,734.764
16,16384,4,2048,733.336
16,16384,4,2592,735.232
16,16384,4,3888,734.144
16,16384,4,4096,733.526
16,16384,4,5832,731.074
16,16384,4,8192,730.732
16,16384,4,8748,732.076
16,16384,4,13122,729.066
16,16384,4,16384,729.388
16,16384,8,16,732.16
16,16384,8,32,732.096
16,16384,8,64,731.734
16,16384,8,128,733.42
16,16384,8,256,733.312
16,16384,8,512,732.076
16,16384,8,768,731.734
16,16384,8,1024,733.25
16,16384,8,1152,733.76
16,16384,8,1728,733.526
16,16384,8,2048,733.994
16,16384,8,2592,733.76
16,16384,8,3888,739.672
16,16384,8,4096,736.79
16,16384,8,5832,737.068
16,16384,8,8192,740.482
16,16384,8,8748,737.942
16,16384,8,13122,738.84
16,16384,8,16384,740.888
16,16384,16,16,727.616
16,16384,16,32,727.234
16,16384,16,64,727.808
16,16384,16,128,728.024
16,16384,16,256,730.604
16,16384,16,512,729.516
16,16384,16,768,729.75
16,16384,16,1024,734.038
16,16384,16,1152,735.298
16,16384,16,1728,760.278
16,16384,16,2048,776.536
16,16384,16,2592,802.52
16,16384,16,3888,859.522
16,16384,16,4096,873.324
16,16384,16,5832,965.784
16,16384,16,8192,1095.81
16,16384,16,8748,1118.74
16,16384,16,13122,1327.13
16,16384,16,16384,1478.72
16,16384,32,16,727.34
16,16384,32,32,730.69
16,16384,32,64,730.41
16,16384,32,128,728.664
16,16384,32,256,731.37
16,16384,32,512,740.206
16,16384,32,768,760.942
16,16384,32,1024,785.238
16,16384,32,1152,795.822
16,16384,32,1728,843.436
16,16384,32,2048,875.522
16,16384,32,2592,929.794
16,16384,32,3888,1051.61
16,16384,32,4096,1089.2
16,16384,32,5832,1288.36
16,16384,32,8192,1538.1
16,16384,32,8748,1590.81
16,16384,32,13122,1997.36
16,16384,32,16384,2300.1
16,16384,64,16,728.536
16,16384,64,32,726.466
16,16384,64,64,727.318
16,16384,64,128,743.382
16,16384,64,256,769.732
16,16384,64,512,828.504
16,16384,64,768,892.312
16,16384,64,1024,951.98
16,16384,64,1152,973.42
16,16384,64,1728,1085.57
16,16384,64,2048,1194.07
16,16384,64,2592,1356.42
16,16384,64,3888,1968.13
16,16384,64,4096,2074.4
16,16384,64,5832,2655.98
16,16384,64,8192,3402.34
16,16384,64,8748,3578.66
16,16384,64,13122,5118.82
16,16384,64,16384,6009.54
16,16384,128,16,759.982
16,16384,128,32,759.662
16,16384,128,64,762.99
16,16384,128,128,818.924
16,16384,128,256,887.086
16,16384,128,512,1055.64
16,16384,128,768,1201.09
16,16384,128,1024,1345.45
16,16384,128,1152,1408.82
16,16384,128,1728,1794.44
16,16384,128,2048,2240.38
16,16384,128,2592,3090.62
16,16384,128,3888,4778.86
16,16384,128,4096,4994.24
16,16384,128,5832,6759.08
16,16384,128,8192,9136.2
16,16384,128,8748,9822.4
16,16384,128,13122,16134.8
16,16384,128,16384,21155.4
24,0,0,0,16.192
24,0,1,512,34.5814
24,0,1,768,45.0346
24,0,1,1152,61.6106
24,0,1,1728,85.2266
24,0,1,2592,124.758
24,0,1,3888,180.416
24,0,1,5832,265.344
24,0,1,8748,395.458
24,0,1,13122,586.818
24,0,1,16384,733.548
24,0,2,512,34.8794
24,0,2,768,45.1634
24,0,2,1152,61.6106
24,0,2,1728,84.992
24,0,2,2592,124.097
24,0,2,3888,179.52
24,0,2,5832,264.64
24,0,2,8748,394.39
24,0,2,13122,583.83
24,0,2,16384,727.852
24,0,4,512,34.688
24,0,4,768,45.4814
24,0,4,1152,61.7174
24,0,4,1728,85.4826
24,0,4,2592,124.459
24,0,4,3888,180.096
24,0,4,5832,263.318
24,0,4,8748,392.854
24,0,4,13122,583.082
24,0,4,16384,728.172
24,0,8,512,35.4994
24,0,8,768,46.826
24,0,8,1152,63.7226
24,0,8,1728,87.5094
24,0,8,2592,127.765
24,0,8,3888,183.423
24,0,8,5832,268.14
24,0,8,8748,401.174
24,0,8,13122,590.55
24,0,8,16384,734.912
24,0,16,512,65.642
24,0,16,768,88.064
24,0,16,1152,122.091
24,0,16,1728,167.679
24,0,16,2592,244.608
24,0,16,3888,355.242
24,0,16,5832,525.762
24,0,16,8748,791.448
24,0,16,13122,1176.92
24,0,16,16384,1471.83
24,0,32,512,98.304
24,0,32,768,131.222
24,0,32,1152,183.041
24,0,32,1728,251.82
24,0,32,2592,368.706
24,0,32,3888,547.35
24,0,32,5832,830.552
24,0,32,8748,1232.02
24,0,32,13122,1821.32
24,0,32,16384,2267.14
24,0,64,512,189.377
24,0,64,768,262.784
24,0,64,1152,361.688
24,0,64,1728,508.652
24,0,64,2592,780.888
24,0,64,3888,1383.22
24,0,64,5832,2119.76
24,0,64,8748,3159.44
24,0,64,13122,4700.6
24,0,64,16384,5915.22
24,0,128,512,410.582
24,0,128,768,563.992
24,0,128,1152,788.93
24,0,128,1728,1197.06
24,0,128,2592,2396.42
24,0,128,3888,4127.18
24,0,128,5832,6136.24
24,0,128,8748,9280.76
24,0,128,13122,15315.7
24,0,128,16384,20461.8
24,512,0,0,36.0106
24,512,1,512,35.3706
24,512,1,768,44.608
24,512,1,1152,61.93
24,512,1,1728,84.5654
24,512,1,2592,124.073
24,512,1,3888,179.948
24,512,1,5832,264.64
24,512,1,8748,395.244
24,512,1,13122,587.116
24,512,1,16384,733.122
24,512,2,512,35.4994
24,512,2,768,45.0774
24,512,2,1152,61.6106
24,512,2,1728,85.12
24,512,2,2592,124.245
24,512,2,3888,180.139
24,512,2,5832,264.534
24,512,2,8748,395.008
24,512,2,13122,582.636
24,512,2,16384,728.086
24,512,4,512,35.2214
24,512,4,768,45.3334
24,512,4,1152,61.824
24,512,4,1728,84.9294
24,512,4,2592,124.054
24,512,4,3888,179.222
24,512,4,5832,263.468
24,512,4,8748,391.938
24,512,4,13122,581.76
24,512,4,16384,727.19
24,512,8,512,36.1594
24,512,8,768,46.8266
24,512,8,1152,63.7866
24,512,8,1728,87.8506
24,512,8,2592,127.531
24,512,8,3888,183.659
24,512,8,5832,268.716
24,512,8,8748,399.106
24,512,8,13122,588.694
24,512,8,16384,735.64
24,512,16,512,66.6874
24,512,16,768,87.6586
24,512,16,1152,122.155
24,512,16,1728,167.276
24,512,16,2592,245.674
24,512,16,3888,357.078
24,512,16,5832,523.712
24,512,16,8748,792.322
24,512,16,13122,1177.03
24,512,16,16384,1470.55
24,512,32,512,99.0714
24,512,32,768,132.588
24,512,32,1152,183.596
24,512,32,1728,252.482
24,512,32,2592,370.176
24,512,32,3888,548.674
24,512,32,5832,831.298
24,512,32,8748,1232.47
24,512,32,13122,1823.05
24,512,32,16384,2268.26
24,512,64,512,191.297
24,512,64,768,262.742
24,512,64,1152,362.284
24,512,64,1728,508.994
24,512,64,2592,780.824
24,512,64,3888,1384.45
24,512,64,5832,2125.2
24,512,64,8748,3160.92
24,512,64,13122,4721.36
24,512,64,16384,5937.32
24,512,128,512,417.452
24,512,128,768,565.912
24,512,128,1152,791.554
24,512,128,1728,1193.05
24,512,128,2592,2395.18
24,512,128,3888,4127.66
24,512,128,5832,6132.56
24,512,128,8748,9238.02
24,512,128,13122,14803.2
24,512,128,16384,19652.7
24,768,0,0,46.0806
24,768,1,512,45.2046
24,768,1,768,45.632
24,768,1,1152,61.6754
24,768,1,1728,84.7366
24,768,1,2592,124.695
24,768,1,3888,180.501
24,768,1,5832,264.94
24,768,1,8748,396.31
24,768,1,13122,586.326
24,768,1,16384,734.486
24,768,2,512,45.312
24,768,2,768,45.738
24,768,2,1152,61.7174
24,768,2,1728,84.628
24,768,2,2592,124.544
24,768,2,3888,179.691
24,768,2,5832,265.3
24,768,2,8748,394.944
24,768,2,13122,582.38
24,768,2,16384,727.744
24,768,4,512,45.1634
24,768,4,768,45.504
24,768,4,1152,61.7174
24,768,4,1728,85.3966
24,768,4,2592,124.459
24,768,4,3888,178.987
24,768,4,5832,263.936
24,768,4,8748,391.83
24,768,4,13122,582.06
24,768,4,16384,727.36
24,768,8,512,46.5926
24,768,8,768,46.9766
24,768,8,1152,64.298
24,768,8,1728,88.2334
24,768,8,2592,127.936
24,768,8,3888,182.699
24,768,8,5832,270.634
24,768,8,8748,401.792
24,768,8,13122,588.546
24,768,8,16384,734.23
24,768,16,512,77.312
24,768,16,768,88.8954
24,768,16,1152,122.197
24,768,16,1728,167.701
24,768,16,2592,245.334
24,768,16,3888,355.264
24,768,16,5832,525.078
24,768,16,8748,789.634
24,768,16,13122,1175.43
24,768,16,16384,1471.68
24,768,32,512,109.61
24,768,32,768,133.184
24,768,32,1152,183.893
24,768,32,1728,252.502
24,768,32,2592,369.834
24,768,32,3888,547.904
24,768,32,5832,829.634
24,768,32,8748,1230.89
24,768,32,13122,1821.53
24,768,32,16384,2270.64
24,768,64,512,199.255
24,768,64,768,263.852
24,768,64,1152,361.752
24,768,64,1728,508.93
24,768,64,2592,781.762
24,768,64,3888,1385.97
24,768,64,5832,2126.94
24,768,64,8748,3161.12
24,768,64,13122,4710.94
24,768,64,16384,5919.46
24,768,128,512,420.098
24,768,128,768,568.876
24,768,128,1152,792.9
24,768,128,1728,1194.61
24,768,128,2592,2417.04
24,768,128,3888,4131.64
24,768,128,5832,6134.84
24,768,128,8748,9250.64
24,768,128,13122,15590.2
24,768,128,16384,20802
24,1152,0,0,63.5946
24,1152,1,512,61.7814
24,1152,1,768,61.8234
24,1152,1,1152,62.784
24,1152,1,1728,85.0766
24,1152,1,2592,124.053
24,1152,1,3888,179.607
24,1152,1,5832,265.686
24,1152,1,8748,395.734
24,1152,1,13122,585.304
24,1152,1,16384,734.21
24,1152,2,512,62.3366
24,1152,2,768,62.0814
24,1152,2,1152,62.8274
24,1152,2,1728,85.1406
24,1152,2,2592,124.695
24,1152,2,3888,179.179
24,1152,2,5832,264.086
24,1152,2,8748,392.834
24,1152,2,13122,582.786
24,1152,2,16384,727.916
24,1152,4,512,61.91
24,1152,4,768,61.8886
24,1152,4,1152,62.5066
24,1152,4,1728,85.5894
24,1152,4,2592,124.565
24,1152,4,3888,179.499
24,1152,4,5832,263.552
24,1152,4,8748,393.048
24,1152,4,13122,582.956
24,1152,4,16384,728.77
24,1152,8,512,63.2966
24,1152,8,768,63.3814
24,1152,8,1152,64.768
24,1152,8,1728,88.554
24,1152,8,2592,128.043
24,1152,8,3888,184.044
24,1152,8,5832,271.872
24,1152,8,8748,400.962
24,1152,8,13122,590.808
24,1152,8,16384,735
24,1152,16,512,92.5226
24,1152,16,768,104.705
24,1152,16,1152,123.543
24,1152,16,1728,168.705
24,1152,16,2592,245.804
24,1152,16,3888,356.884
24,1152,16,5832,524.396
24,1152,16,8748,790.68
24,1152,16,13122,1174.49
24,1152,16,16384,1470.68
24,1152,32,512,125.163
24,1152,32,768,147.733
24,1152,32,1152,184.021
24,1152,32,1728,252.608
24,1152,32,2592,371.158
24,1152,32,3888,547.544
24,1152,32,5832,826.882
24,1152,32,8748,1233.22
24,1152,32,13122,1821.7
24,1152,32,16384,2269.84
24,1152,64,512,214.87
24,1152,64,768,277.334
24,1152,64,1152,364.524
24,1152,64,1728,509.462
24,1152,64,2592,782.658
24,1152,64,3888,1386.22
24,1152,64,5832,2127.82
24,1152,64,8748,3167.94
24,1152,64,13122,4726.38
24,1152,64,16384,5875.54
24,1152,128,512,424.706
24,1152,128,768,570.604
24,1152,128,1152,795.48
24,1152,128,1728,1202.56
24,1152,128,2592,2427.14
24,1152,128,3888,4134.4
24,1152,128,5832,6145.66
24,1152,128,8748,9262.64
24,1152,128,13122,15879.9
24,1152,128,16384,20661
24,1728,0,0,86.6134
24,1728,1,512,85.1626
24,1728,1,768,85.1846
24,1728,1,1152,84.8
24,1728,1,1728,86.2086
24,1728,1,2592,124.416
24,1728,1,3888,179.585
24,1728,1,5832,264.918
24,1728,1,8748,395.648
24,1728,1,13122,586.432
24,1728,1,16384,732.97
24,1728,2,512,85.334
24,1728,2,768,85.056
24,1728,2,1152,85.1426
24,1728,2,1728,85.8454
24,1728,2,2592,124.435
24,1728,2,3888,179.307
24,1728,2,5832,264.17
24,1728,2,8748,393.834
24,1728,2,13122,584.106
24,1728,2,16384,728.084
24,1728,4,512,84.9066
24,1728,4,768,85.1406
24,1728,4,1152,85.5046
24,1728,4,1728,85.6326
24,1728,4,2592,124.714
24,1728,4,3888,179.435
24,1728,4,5832,262.742
24,1728,4,8748,393.13
24,1728,4,13122,582.7
24,1728,4,16384,727.318
24,1728,8,512,86.08
24,1728,8,768,86.528
24,1728,8,1152,87.382
24,1728,8,1728,88.3626
24,1728,8,2592,128.768
24,1728,8,3888,183.723
24,1728,8,5832,270.274
24,1728,8,8748,400.362
24,1728,8,13122,590.786
24,1728,8,16384,735.36
24,1728,16,512,114.475
24,1728,16,768,125.505
24,1728,16,1152,143.766
24,1728,16,1728,168.939
24,1728,16,2592,245.014
24,1728,16,3888,356.95
24,1728,16,5832,526.87
24,1728,16,8748,788.802
24,1728,16,13122,1178.11
24,1728,16,16384,1471.79
24,1728,32,512,146.517
24,1728,32,768,168.704
24,1728,32,1152,205.12
24,1728,32,1728,252.992
24,1728,32,2592,371.008
24,1728,32,3888,548.074
24,1728,32,5832,824.046
24,1728,32,8748,1235.59
24,1728,32,13122,1823
24,1728,32,16384,2269.96
24,1728,64,512,236.672
24,1728,64,768,299.35
24,1728,64,1152,380.076
24,1728,64,1728,511.768
24,1728,64,2592,786.242
24,1728,64,3888,1386.27
24,1728,64,5832,2128.54
24,1728,64,8748,3168.28
24,1728,64,13122,4716.74
24,1728,64,16384,5920.4
24,1728,128,512,448.32
24,1728,128,768,573.4
24,1728,128,1152,797.038
24,1728,128,1728,1202.24
24,1728,128,2592,2437.88
24,1728,128,3888,4130.6
24,1728,128,5832,6154.06
24,1728,128,8748,9258.86
24,1728,128,13122,15645.2
24,1728,128,16384,20957.2
24,2592,0,0,126.251
24,2592,1,512,124.95
24,2592,1,768,125.099
24,2592,1,1152,124.437
24,2592,1,1728,124.843
24,2592,1,2592,126.805
24,2592,1,3888,179.905
24,2592,1,5832,265.494
24,2592,1,8748,395.434
24,2592,1,13122,587.5
24,2592,1,16384,733.76
24,2592,2,512,124.672
24,2592,2,768,125.013
24,2592,2,1152,124.651
24,2592,2,1728,124.736
24,2592,2,2592,125.056
24,2592,2,3888,179.414
24,2592,2,5832,264.298
24,2592,2,8748,393.088
24,2592,2,13122,583.66
24,2592,2,16384,727.918
24,2592,4,512,124.225
24,2592,4,768,123.905
24,2592,4,1152,124.181
24,2592,4,1728,124.459
24,2592,4,2592,125.12
24,2592,4,3888,179.051
24,2592,4,5832,263.574
24,2592,4,8748,392.406
24,2592,4,13122,583.296
24,2592,4,16384,726.892
24,2592,8,512,125.483
24,2592,8,768,125.569
24,2592,8,1152,126.933
24,2592,8,1728,127.744
24,2592,8,2592,128.361
24,2592,8,3888,183.531
24,2592,8,5832,271.21
24,2592,8,8748,400.938
24,2592,8,13122,590.06
24,2592,8,16384,736.982
24,2592,16,512,150.741
24,2592,16,768,160.789
24,2592,16,1152,180.054
24,2592,16,1728,204.224
24,2592,16,2592,245.634
24,2592,16,3888,355.798
24,2592,16,5832,528.77
24,2592,16,8748,786.754
24,2592,16,13122,1176.49
24,2592,16,16384,1469.46
24,2592,32,512,182.423
24,2592,32,768,204.842
24,2592,32,1152,240.79
24,2592,32,1728,287.36
24,2592,32,2592,370.176
24,2592,32,3888,547.948
24,2592,32,5832,822.38
24,2592,32,8748,1235.39
24,2592,32,13122,1825.86
24,2592,32,16384,2271.52
24,2592,64,512,273.878
24,2592,64,768,335.404
24,2592,64,1152,416.278
24,2592,64,1728,520.556
24,2592,64,2592,789.4
24,2592,64,3888,1383.09
24,2592,64,5832,2133.72
24,2592,64,8748,3189.32
24,2592,64,13122,4746.12
24,2592,64,16384,5949.84
24,2592,128,512,490.54
24,2592,128,768,609.218
24,2592,128,1152,812.61
24,2592,128,1728,1215.47
24,2592,128,2592,2437.1
24,2592,128,3888,4158.92
24,2592,128,5832,6353.66
24,2592,128,8748,9430.62
24,2592,128,13122,16311.4
24,2592,128,16384,21037.2
24,3888,0,0,182.017
24,3888,1,512,179.989
24,3888,1,768,180.375
24,3888,1,1152,180.245
24,3888,1,1728,179.647
24,3888,1,2592,180.843
24,3888,1,3888,181.654
24,3888,1,5832,264.108
24,3888,1,8748,394.218
24,3888,1,13122,585.708
24,3888,1,16384,729.92
24,3888,2,512,180.287
24,3888,2,768,180.565
24,3888,2,1152,179.798
24,3888,2,1728,180.329
24,3888,2,2592,180.799
24,3888,2,3888,179.669
24,3888,2,5832,264.194
24,3888,2,8748,392.79
24,3888,2,13122,582.614
24,3888,2,16384,727.34
24,3888,4,512,180.073
24,3888,4,768,179.819
24,3888,4,1152,180.224
24,3888,4,1728,179.477
24,3888,4,2592,179.008
24,3888,4,3888,179.371
24,3888,4,5832,263.316
24,3888,4,8748,390.998
24,3888,4,13122,580.906
24,3888,4,16384,726.806
24,3888,8,512,180.971
24,3888,8,768,180.949
24,3888,8,1152,181.462
24,3888,8,1728,181.163
24,3888,8,2592,182.272
24,3888,8,3888,184.96
24,3888,8,5832,271.36
24,3888,8,8748,401.922
24,3888,8,13122,591.32
24,3888,8,16384,736.748
24,3888,16,512,202.644
24,3888,16,768,213.482
24,3888,16,1152,231.702
24,3888,16,1728,256.234
24,3888,16,2592,296.192
24,3888,16,3888,356.63
24,3888,16,5832,527.936
24,3888,16,8748,794.476
24,3888,16,13122,1172.5
24,3888,16,16384,1471.88
24,3888,32,512,233.088
24,3888,32,768,256.96
24,3888,32,1152,292.608
24,3888,32,1728,340.63
24,3888,32,2592,421.612
24,3888,32,3888,552.79
24,3888,32,5832,835.158
24,3888,32,8748,1258.58
24,3888,32,13122,1853.47
24,3888,32,16384,2329.78
24,3888,64,512,325.1
24,3888,64,768,389.184
24,3888,64,1152,470.146
24,3888,64,1728,575.17
24,3888,64,2592,830.894
24,3888,64,3888,1406.34
24,3888,64,5832,2152.6
24,3888,64,8748,3294.74
24,3888,64,13122,4858.28
24,3888,64,16384,6068.86
24,3888,128,512,545.068
24,3888,128,768,666.626
24,3888,128,1152,863.384
24,3888,128,1728,1271.02
24,3888,128,2592,2438.94
24,3888,128,3888,4164.18
24,3888,128,5832,6236.58
24,3888,128,8748,9972.22
24,3888,128,13122,15846.8
24,3888,128,16384,21162.2
24,5832,0,0,267.372
24,5832,1,512,265.686
24,5832,1,768,265.962
24,5832,1,1152,266.028
24,5832,1,1728,266.538
24,5832,1,2592,265.11
24,5832,1,3888,264.576
24,5832,1,5832,267.264
24,5832,1,8748,394.282
24,5832,1,13122,585.772
24,5832,1,16384,734.08
24,5832,2,512,266.24
24,5832,2,768,265.94
24,5832,2,1152,265.792
24,5832,2,1728,266.07
24,5832,2,2592,265.28
24,5832,2,3888,263.83
24,5832,2,5832,264.576
24,5832,2,8748,393.772
24,5832,2,13122,583.318
24,5832,2,16384,728.596
24,5832,4,512,264.852
24,5832,4,768,265.472
24,5832,4,1152,265.558
24,5832,4,1728,266.218
24,5832,4,2592,264.3
24,5832,4,3888,264.022
24,5832,4,5832,264.812
24,5832,4,8748,392.192
24,5832,4,13122,582.956
24,5832,4,16384,727.424
24,5832,8,512,265.878
24,5832,8,768,264.96
24,5832,8,1152,265.814
24,5832,8,1728,267.586
24,5832,8,2592,267.948
24,5832,8,3888,268.588
24,5832,8,5832,272.342
24,5832,8,8748,401.558
24,5832,8,13122,593.024
24,5832,8,16384,736.172
24,5832,16,512,280.022
24,5832,16,768,290.772
24,5832,16,1152,309.292
24,5832,16,1728,332.652
24,5832,16,2592,375.488
24,5832,16,3888,435.67
24,5832,16,5832,532.992
24,5832,16,8748,796.248
24,5832,16,13122,1180.83
24,5832,16,16384,1471.17
24,5832,32,512,311.722
24,5832,32,768,334.592
24,5832,32,1152,369.772
24,5832,32,1728,417.538
24,5832,32,2592,500.31
24,5832,32,3888,629.316
24,5832,32,5832,843.352
24,5832,32,8748,1245.98
24,5832,32,13122,1899.74
24,5832,32,16384,2371.46
24,5832,64,512,402.348
24,5832,64,768,468.546
24,5832,64,1152,549.08
24,5832,64,1728,655.618
24,5832,64,2592,920.898
24,5832,64,3888,1474.12
24,5832,64,5832,2165.14
24,5832,64,8748,3252.46
24,5832,64,13122,5009.26
24,5832,64,16384,6252.72
24,5832,128,512,627.948
24,5832,128,768,764.078
24,5832,128,1152,949.806
24,5832,128,1728,1355.87
24,5832,128,2592,2462.78
24,5832,128,3888,4254.64
24,5832,128,5832,6196.04
24,5832,128,8748,9630.98
24,5832,128,13122,16050.3
24,5832,128,16384,21008.4
24,8748,0,0,398.848
24,8748,1,512,397.12
24,8748,1,768,395.82
24,8748,1,1152,396.374
24,8748,1,1728,396.61
24,8748,1,2592,396.63
24,8748,1,3888,395.818
24,8748,1,5832,395.562
24,8748,1,8748,394.774
24,8748,1,13122,582.72
24,8748,1,16384,732.31
24,8748,2,512,397.12
24,8748,2,768,396.054
24,8748,2,1152,396.054
24,8748,2,1728,397.27
24,8748,2,2592,396.14
24,8748,2,3888,395.736
24,8748,2,5832,393.642
24,8748,2,8748,393.644
24,8748,2,13122,583.146
24,8748,2,16384,729.048
24,8748,4,512,396.182
24,8748,4,768,395.414
24,8748,4,1152,395.478
24,8748,4,1728,395.434
24,8748,4,2592,394.262
24,8748,4,3888,394.496
24,8748,4,5832,392.384
24,8748,4,8748,392.79
24,8748,4,13122,582.742
24,8748,4,16384,728.042
24,8748,8,512,394.944
24,8748,8,768,395.628
24,8748,8,1152,395.394
24,8748,8,1728,395.69
24,8748,8,2592,396.78
24,8748,8,3888,398.614
24,8748,8,5832,403.328
24,8748,8,8748,404.032
24,8748,8,13122,592.108
24,8748,8,16384,737.026
24,8748,16,512,398.402
24,8748,16,768,410.604
24,8748,16,1152,427.712
24,8748,16,1728,452.076
24,8748,16,2592,493.44
24,8748,16,3888,553.836
24,8748,16,5832,649.964
24,8748,16,8748,801.794
24,8748,16,13122,1178.73
24,8748,16,16384,1473.01
24,8748,32,512,429.718
24,8748,32,768,452.438
24,8748,32,1152,488.022
24,8748,32,1728,535.552
24,8748,32,2592,617.218
24,8748,32,3888,748.248
24,8748,32,5832,968.152
24,8748,32,8748,1248.69
24,8748,32,13122,1856.73
24,8748,32,16384,2363.02
24,8748,64,512,519.83
24,8748,64,768,583.404
24,8748,64,1152,666.646
24,8748,64,1728,778.286
24,8748,64,2592,1041.11
24,8748,64,3888,1618.33
24,8748,64,5832,2301.62
24,8748,64,8748,3213.82
24,8748,64,13122,4897.88
24,8748,64,16384,6302.82
24,8748,128,512,745.112
24,8748,128,768,893.976
24,8748,128,1152,1078.64
24,8748,128,1728,1481.43
24,8748,128,2592,2630.96
24,8748,128,3888,4404.76
24,8748,128,5832,6465.62
24,8748,128,8748,9390.88
24,8748,128,13122,15819.8
24,8748,128,16384,21019.4
24,13122,0,0,590.166
24,13122,1,512,588.352
24,13122,1,768,588.268
24,13122,1,1152,588.416
24,13122,1,1728,588.076
24,13122,1,2592,587.946
24,13122,1,3888,587.646
24,13122,1,5832,587.648
24,13122,1,8748,587.842
24,13122,1,13122,588.374
24,13122,1,16384,732.546
24,13122,2,512,588.224
24,13122,2,768,588.226
24,13122,2,1152,588.288
24,13122,2,1728,587.458
24,13122,2,2592,586.86
24,13122,2,3888,585.622
24,13122,2,5832,585.942
24,13122,2,8748,583.682
24,13122,2,13122,582.272
24,13122,2,16384,730.2
24,13122,4,512,587.668
24,13122,4,768,587.862
24,13122,4,1152,587.03
24,13122,4,1728,586.454
24,13122,4,2592,586.37
24,13122,4,3888,586.966
24,13122,4,5832,584.83
24,13122,4,8748,584.47
24,13122,4,13122,584.002
24,13122,4,16384,728.898
24,13122,8,512,586.922
24,13122,8,768,586.902
24,13122,8,1152,589.036
24,13122,8,1728,586.88
24,13122,8,2592,587.436
24,13122,8,3888,587.798
24,13122,8,5832,591.574
24,13122,8,8748,591.81
24,13122,8,13122,595.52
24,13122,8,16384,737.984
24,13122,16,512,582.53
24,13122,16,768,584.194
24,13122,16,1152,601.814
24,13122,16,1728,629.59
24,13122,16,2592,668.928
24,13122,16,3888,729.346
24,13122,16,5832,826.112
24,13122,16,8748,983.47
24,13122,16,13122,1183.57
24,13122,16,16384,1470.98
24,13122,32,512,607.04
24,13122,32,768,627.542
24,13122,32,1152,664.108
24,13122,32,1728,712.598
24,13122,32,2592,794.712
24,13122,32,3888,923.052
24,13122,32,5832,1150.36
24,13122,32,8748,1449.5
24,13122,32,13122,1848.69
24,13122,32,16384,2292.7
24,13122,64,512,693.848
24,13122,64,768,758.296
24,13122,64,1152,840.878
24,13122,64,1728,951.682
24,13122,64,2592,1230.02
24,13122,64,3888,1824.54
24,13122,64,5832,2473.88
24,13122,64,8748,3487.4
24,13122,64,13122,4824.1
24,13122,64,16384,6038.46
24,13122,128,512,923.694
24,13122,128,768,1071
24,13122,128,1152,1280.05
24,13122,128,1728,1662.62
24,13122,128,2592,2918.86
24,13122,128,3888,4623.4
24,13122,128,5832,6683.82
24,13122,128,8748,9945.56
24,13122,128,13122,14838.7
24,13122,128,16384,20719.6
24,16384,0,0,737.558
24,16384,1,512,734.978
24,16384,1,768,734.21
24,16384,1,1152,735.02
24,16384,1,1728,734.402
24,16384,1,2592,733.592
24,16384,1,3888,733.78
24,16384,1,5832,735.298
24,16384,1,8748,735.062
24,16384,1,13122,733.312
24,16384,1,16384,734.252
24,16384,2,512,734.826
24,16384,2,768,734.72
24,16384,2,1152,734.294
24,16384,2,1728,734.936
24,16384,2,2592,734.016
24,16384,2,3888,733.78
24,16384,2,5832,732.01
24,16384,2,8748,731.456
24,16384,2,13122,729.046
24,16384,2,16384,730.582
24,16384,4,512,734.23
24,16384,4,768,733.974
24,16384,4,1152,733.59
24,16384,4,1728,733.484
24,16384,4,2592,733.994
24,16384,4,3888,733.334
24,16384,4,5832,731.798
24,16384,4,8748,733.78
24,16384,4,13122,729.646
24,16384,4,16384,729.622
24,16384,8,512,734.336
24,16384,8,768,734.508
24,16384,8,1152,733.334
24,16384,8,1728,734.528
24,16384,8,2592,734.016
24,16384,8,3888,736.556
24,16384,8,5832,738.006
24,16384,8,8748,739.116
24,16384,8,13122,737.922
24,16384,8,16384,740.992
24,16384,16,512,729.28
24,16384,16,768,729.368
24,16384,16,1152,737.77
24,16384,16,1728,760.834
24,16384,16,2592,802.732
24,16384,16,3888,861.846
24,16384,16,5832,963.5
24,16384,16,8748,1116.91
24,16384,16,13122,1330.16
24,16384,16,16384,1480.02
24,16384,32,512,738.71
24,16384,32,768,758.828
24,16384,32,1152,795.798
24,16384,32,1728,844.482
24,16384,32,2592,928.578
24,16384,32,3888,1056.92
24,16384,32,5832,1285.93
24,16384,32,8748,1591.19
24,16384,32,13122,2001.78
24,16384,32,16384,2298.06
24,16384,64,512,828.332
24,16384,64,768,895.128
24,16384,64,1152,974.34
24,16384,64,1728,1087.17
24,16384,64,2592,1359.19
24,16384,64,3888,1971.89
24,16384,64,5832,2647.94
24,16384,64,8748,3552.08
24,16384,64,13122,5094.16
24,16384,64,16384,6016.66
24,16384,128,512,1056.49
24,16384,128,768,1202.59
24,16384,128,1152,1409.69
24,16384,128,1728,1797.51
24,16384,128,2592,3089.7
24,16384,128,3888,4781.98
24,16384,128,5832,6771.26
24,16384,128,8748,9865.38
24,16384,128,13122,16314.5
24,16384,128,16384,21218.4
32,0,0,0,16.256
32,0,1,16,15.936
32,0,1,32,15.85
32,0,1,64,15.8073
32,0,1,128,19.2853
32,0,1,256,24.64
32,0,1,512,34.624
32,0,1,1024,56.5554
32,0,1,2048,101.461
32,0,1,4096,191.552
32,0,1,8192,373.484
32,0,1,16384,736.002
32,0,2,16,16.1493
32,0,2,32,15.9367
32,0,2,64,16.1493
32,0,2,128,19.5827
32,0,2,256,24.598
32,0,2,512,34.966
32,0,2,1024,56.5566
32,0,2,2048,100.971
32,0,2,4096,191.659
32,0,2,8192,369.492
32,0,2,16384,728.042
32,0,4,16,15.68
32,0,4,32,15.7013
32,0,4,64,15.83
32,0,4,128,19.4147
32,0,4,256,24.512
32,0,4,512,34.7094
32,0,4,1024,56.512
32,0,4,2048,101.44
32,0,4,4096,190.357
32,0,4,8192,370.048
32,0,4,16384,727.318
32,0,8,16,15.7247
32,0,8,32,15.8507
32,0,8,64,15.8507
32,0,8,128,19.8613
32,0,8,256,24.896
32,0,8,512,35.392
32,0,8,1024,58.304
32,0,8,2048,104.17
32,0,8,4096,193.919
32,0,8,8192,377.11
32,0,8,16384,734.444
32,0,16,16,24.2974
32,0,16,32,24.448
32,0,16,64,24.406
32,0,16,128,33.472
32,0,16,256,44.2034
32,0,16,512,65.8766
32,0,16,1024,110.763
32,0,16,2048,199.595
32,0,16,4096,376.086
32,0,16,8192,742.572
32,0,16,16384,1469.17
32,0,32,16,33.216
32,0,32,32,33.3226
32,0,32,64,33.836
32,0,32,128,48.276
32,0,32,256,64.8534
32,0,32,512,98.176
32,0,32,1024,166.634
32,0,32,2048,299.158
32,0,32,4096,580.696
32,0,32,8192,1162.03
32,0,32,16384,2265.4
32,0,64,16,57.8354
32,0,64,32,58.4326
32,0,64,64,59.5634
32,0,64,128,88.9394
32,0,64,256,122.262
32,0,64,512,189.867
32,0,64,1024,330.816
32,0,64,2048,619.884
32,0,64,4096,1477.51
32,0,64,8192,2967.8
32,0,64,16384,5894.1
32,0,128,16,101.567
32,0,128,32,102.891
32,0,128,64,107.179
32,0,128,128,168.427
32,0,128,256,243.606
32,0,128,512,413.164
32,0,128,1024,713.262
32,0,128,2048,1599.45
32,0,128,4096,4341.86
32,0,128,8192,8574.6
32,0,128,16384,19983.8
32,16,0,0,16.534
32,16,1,16,16.3413
32,16,1,32,16.4053
32,16,1,64,16.4487
32,16,1,128,19.5413
32,16,1,256,24.5974
32,16,1,512,34.752
32,16,1,1024,56.4274
32,16,1,2048,101.525
32,16,1,4096,191.125
32,16,1,8192,371.412
32,16,1,16384,730.838
32,16,2,16,16.3413
32,16,2,32,16.3627
32,16,2,64,16.534
32,16,2,128,19.734
32,16,2,256,24.9386
32,16,2,512,34.7734
32,16,2,1024,56.512
32,16,2,2048,100.906
32,16,2,4096,190.634
32,16,2,8192,370.092
32,16,2,16384,725.762
32,16,4,16,15.9567
32,16,4,32,15.9153
32,16,4,64,16.0427
32,16,4,128,19.6053
32,16,4,256,24.5966
32,16,4,512,34.9654
32,16,4,1024,56.6394
32,16,4,2048,100.865
32,16,4,4096,191.019
32,16,4,8192,368.576
32,16,4,16384,726.55
32,16,8,16,16.0007
32,16,8,32,16.0207
32,16,8,64,17.046
32,16,8,128,19.9047
32,16,8,256,25.2166
32,16,8,512,36.0746
32,16,8,1024,58.774
32,16,8,2048,104.363
32,16,8,4096,193.963
32,16,8,8192,377.706
32,16,8,16384,734.466
32,16,16,16,24.6186
32,16,16,32,25.1094
32,16,16,64,25.75
32,16,16,128,33.2166
32,16,16,256,44.0746
32,16,16,512,65.9634
32,16,16,1024,110.485
32,16,16,2048,199.724
32,16,16,4096,375.68
32,16,16,8192,742.296
32,16,16,16384,1470.04
32,16,32,16,33.3226
32,16,32,32,33.7494
32,16,32,64,34.3466
32,16,32,128,48.32
32,16,32,256,64.8526
32,16,32,512,98.2826
32,16,32,1024,166.015
32,16,32,2048,299.456
32,16,32,4096,582.466
32,16,32,8192,1161.2
32,16,32,16384,2269.76
32,16,64,16,57.814
32,16,64,32,58.2186
32,16,64,64,59.8826
32,16,64,128,88.8314
32,16,64,256,122.731
32,16,64,512,189.74
32,16,64,1024,331.394
32,16,64,2048,620.93
32,16,64,4096,1477.61
32,16,64,8192,2964.42
32,16,64,16384,5911.28
32,16,128,16,101.931
32,16,128,32,103.041
32,16,128,64,107.479
32,16,128,128,168.491
32,16,128,256,243.564
32,16,128,512,412.12
32,16,128,1024,712.686
32,16,128,2048,1583.22
32,16,128,4096,4340.24
32,16,128,8192,8609.86
32,16,128,16384,20424
32,32,0,0,16.5973
32,32,1,16,16.17
32,32,1,32,16.4907
32,32,1,64,16.64
32,32,1,128,19.606
32,32,1,256,24.6614
32,32,1,512,34.7946
32,32,1,1024,56.5334
32,32,1,2048,101.227
32,32,1,4096,190.912
32,32,1,8192,373.61
32,32,1,16384,734.826
32,32,2,16,16.3193
32,32,2,32,16.278
32,32,2,64,16.6627
32,32,2,128,19.6907
32,32,2,256,24.768
32,32,2,512,35.0294
32,32,2,1024,56.4486
32,32,2,2048,101.269
32,32,2,4096,190.38
32,32,2,8192,370.092
32,32,2,16384,729.472
32,32,4,16,15.722
32,32,4,32,16.5547
32,32,4,64,16.042
32,32,4,128,19.54
32,32,4,256,24.596
32,32,4,512,35.0714
32,32,4,1024,56.6394
32,32,4,2048,101.76
32,32,4,4096,189.909
32,32,4,8192,369.258
32,32,4,16384,728.64
32,32,8,16,16.0213
32,32,8,32,15.9353
32,32,8,64,16.6187
32,32,8,128,19.8187
32,32,8,256,25.408
32,32,8,512,35.5626
32,32,8,1024,58.4746
32,32,8,2048,104
32,32,8,4096,194.112
32,32,8,8192,376.92
32,32,8,16384,734.594
32,32,16,16,24.8754
32,32,16,32,24.8534
32,32,16,64,25.174
32,32,16,128,33.5786
32,32,16,256,44.1814
32,32,16,512,65.5574
32,32,16,1024,110.891
32,32,16,2048,199.189
32,32,16,4096,376.064
32,32,16,8192,742.166
32,32,16,16384,1471.04
32,32,32,16,33.152
32,32,32,32,33.8134
32,32,32,64,34.5806
32,32,32,128,48.0426
32,32,32,256,65.1954
32,32,32,512,98.56
32,32,32,1024,166.358
32,32,32,2048,299.242
32,32,32,4096,581.74
32,32,32,8192,1162.95
32,32,32,16384,2269.14
32,32,64,16,57.8986
32,32,64,32,58.3886
32,32,64,64,59.8194
32,32,64,128,89.0886
32,32,64,256,122.708
32,32,64,512,190.401
32,32,64,1024,331.2
32,32,64,2048,619.03
32,32,64,4096,1477.53
32,32,64,8192,2963.86
32,32,64,16384,5898.72
32,32,128,16,101.547
32,32,128,32,103.489
32,32,128,64,107.5
32,32,128,128,168.981
32,32,128,256,244.694
32,32,128,512,411.18
32,32,128,1024,711.598
32,32,128,2048,1573.34
32,32,128,4096,4341.54
32,32,128,8192,8580.76
32,32,128,16384,20666.8
32,64,0,0,16.8527
32,64,1,16,16.2133
32,64,1,32,16.2353
32,64,1,64,16.5767
32,64,1,128,19.584
32,64,1,256,24.576
32,64,1,512,34.624
32,64,1,1024,56.6826
32,64,1,2048,101.547
32,64,1,4096,191.893
32,64,1,8192,373.312
32,64,1,16384,735.68
32,64,2,16,16.2127
32,64,2,32,16.342
32,64,2,64,16.3633
32,64,2,128,19.6473
32,64,2,256,24.938
32,64,2,512,34.8594
32,64,2,1024,56.492
32,64,2,2048,102.164
32,64,2,4096,190.849
32,64,2,8192,372.672
32,64,2,16384,728.812
32,64,4,16,16
32,64,4,32,16.1707
32,64,4,64,16.0207
32,64,4,128,19.7973
32,64,4,256,24.832
32,64,4,512,35.0934
32,64,4,1024,56.3626
32,64,4,2048,101.397
32,64,4,4096,190.251
32,64,4,8192,368.32
32,64,4,16384,727.576
32,64,8,16,15.936
32,64,8,32,16.278
32,64,8,64,16.8733
32,64,8,128,19.84
32,64,8,256,25.1946
32,64,8,512,35.7126
32,64,8,1024,58.4106
32,64,8,2048,104.128
32,64,8,4096,194.049
32,64,8,8192,376.832
32,64,8,16384,735.042
32,64,16,16,24.9386
32,64,16,32,25.28
32,64,16,64,25.194
32,64,16,128,33.386
32,64,16,256,44.01
32,64,16,512,65.8986
32,64,16,1024,110.955
32,64,16,2048,199.958
32,64,16,4096,375.36
32,64,16,8192,742.232
32,64,16,16384,1472.11
32,64,32,16,33.28
32,64,32,32,33.7274
32,64,32,64,34.902
32,64,32,128,48.2346
32,64,32,256,64.4906
32,64,32,512,98.3046
32,64,32,1024,166.87
32,64,32,2048,298.882
32,64,32,4096,581.442
32,64,32,8192,1160.45
32,64,32,16384,2268.98
32,64,64,16,57.664
32,64,64,32,58.5814
32,64,64,64,60.0106
32,64,64,128,89.0026
32,64,64,256,122.561
32,64,64,512,189.953
32,64,64,1024,330.476
32,64,64,2048,618.712
32,64,64,4096,1481.07
32,64,64,8192,2965.32
32,64,64,16384,5875.54
32,64,128,16,101.846
32,64,128,32,103.168
32,64,128,64,107.627
32,64,128,128,168.747
32,64,128,256,244.97
32,64,128,512,411.798
32,64,128,1024,711.212
32,64,128,2048,1583.15
32,64,128,4096,4342.1
32,64,128,8192,8594.5
32,64,128,16384,20391.8
32,128,0,0,21.5894
32,128,1,16,19.776
32,128,1,32,19.84
32,128,1,64,19.8413
32,128,1,128,20.864
32,128,1,256,24.6614
32,128,1,512,34.604
32,128,1,1024,56.3626
32,128,1,2048,101.313
32,128,1,4096,191.424
32,128,1,8192,373.356
32,128,1,16384,734.25
32,128,2,16,19.7967
32,128,2,32,19.9253
32,128,2,64,19.9673
32,128,2,128,20.8006
32,128,2,256,24.6614
32,128,2,512,34.7526
32,128,2,1024,56.64
32,128,2,2048,101.206
32,128,2,4096,191.403
32,128,2,8192,370.858
32,128,2,16384,726.954
32,128,4,16,19.776
32,128,4,32,19.734
32,128,4,64,19.648
32,128,4,128,20.4806
32,128,4,256,24.5546
32,128,4,512,34.816
32,128,4,1024,56.6186
32,128,4,2048,101.291
32,128,4,4096,190.784
32,128,4,8192,368.512
32,128,4,16384,726.914
32,128,8,16,19.8607
32,128,8,32,19.7547
32,128,8,64,19.84
32,128,8,128,20.608
32,128,8,256,25.174
32,128,8,512,35.52
32,128,8,1024,58.4746
32,128,8,2048,104.405
32,128,8,4096,193.857
32,128,8,8192,376
32,128,8,16384,734.038
32,128,16,16,29.8666
32,128,16,32,30.08
32,128,16,64,30.2286
32,128,16,128,35.2
32,128,16,256,43.882
32,128,16,512,65.6006
32,128,16,1024,110.955
32,128,16,2048,199.125
32,128,16,4096,376.342
32,128,16,8192,741.91
32,128,16,16384,1473.79
32,128,32,16,38.6994
32,128,32,32,38.4646
32,128,32,64,39.296
32,128,32,128,49.4074
32,128,32,256,64.4266
32,128,32,512,98.6886
32,128,32,1024,167.019
32,128,32,2048,299.904
32,128,32,4096,582.422
32,128,32,8192,1163.46
32,128,32,16384,2272.1
32,128,64,16,62.6786
32,128,64,32,63.1894
32,128,64,64,64.064
32,128,64,128,90.304
32,128,64,256,123.009
32,128,64,512,189.805
32,128,64,1024,330.54
32,128,64,2048,619.33
32,128,64,4096,1478.53
32,128,64,8192,2967.38
32,128,64,16384,5893.12
32,128,128,16,105.537
32,128,128,32,106.411
32,128,128,64,109.419
32,128,128,128,169.493
32,128,128,256,246.038
32,128,128,512,413.57
32,128,128,1024,712.92
32,128,128,2048,1580.08
32,128,128,4096,4339.54
32,128,128,8192,8597.56
32,128,128,16384,19280.2
32,256,0,0,26.0706
32,256,1,16,25.0246
32,256,1,32,25.0454
32,256,1,64,25.2154
32,256,1,128,24.8106
32,256,1,256,25.5794
32,256,1,512,34.3246
32,256,1,1024,56.4686
32,256,1,2048,100.885
32,256,1,4096,192.385
32,256,1,8192,373.44
32,256,1,16384,736.194
32,256,2,16,25.0666
32,256,2,32,25.0026
32,256,2,64,25.088
32,256,2,128,24.8114
32,256,2,256,25.5146
32,256,2,512,34.6026
32,256,2,1024,56.4054
32,256,2,2048,101.932
32,256,2,4096,190.271
32,256,2,8192,371.242
32,256,2,16384,729.516
32,256,4,16,25.024
32,256,4,32,25.066
32,256,4,64,25.194
32,256,4,128,24.8534
32,256,4,256,25.152
32,256,4,512,34.6886
32,256,4,1024,56.576
32,256,4,2048,101.142
32,256,4,4096,190.102
32,256,4,8192,368.748
32,256,4,16384,727.744
32,256,8,16,25.1734
32,256,8,32,25.174
32,256,8,64,25.1526
32,256,8,128,25.13
32,256,8,256,25.344
32,256,8,512,35.3706
32,256,8,1024,58.9014
32,256,8,2048,104.555
32,256,8,4096,194.431
32,256,8,8192,378.134
32,256,8,16384,734.828
32,256,16,16,35.0726
32,256,16,32,35.0294
32,256,16,64,35.4574
32,256,16,128,40.5334
32,256,16,256,45.654
32,256,16,512,65.7494
32,256,16,1024,110.763
32,256,16,2048,198.825
32,256,16,4096,377.302
32,256,16,8192,743.146
32,256,16,16384,1471.47
32,256,32,16,43.734
32,256,32,32,43.776
32,256,32,64,44.736
32,256,32,128,54.2286
32,256,32,256,65.834
32,256,32,512,98.368
32,256,32,1024,166.657
32,256,32,2048,300.184
32,256,32,4096,582.336
32,256,32,8192,1164.1
32,256,32,16384,2272.18
32,256,64,16,68.0114
32,256,64,32,68.266
32,256,64,64,69.9954
32,256,64,128,94.294
32,256,64,256,124.161
32,256,64,512,190.315
32,256,64,1024,330.924
32,256,64,2048,618.646
32,256,64,4096,1477.06
32,256,64,8192,2967.12
32,256,64,16384,5879.82
32,256,128,16,110.465
32,256,128,32,111.169
32,256,128,64,113.899
32,256,128,128,172.14
32,256,128,256,247.254
32,256,128,512,415.042
32,256,128,1024,713.302
32,256,128,2048,1555.33
32,256,128,4096,4344.46
32,256,128,8192,8599.22
32,256,128,16384,19860.5
32,512,0,0,36.074
32,512,1,16,34.9654
32,512,1,32,35.0506
32,512,1,64,35.0934
32,512,1,128,34.8374
32,512,1,256,34.858
32,512,1,512,35.3714
32,512,1,1024,56.4266
32,512,1,2048,101.035
32,512,1,4096,191.701
32,512,1,8192,372.374
32,512,1,16384,734.87
32,512,2,16,35.222
32,512,2,32,35.1146
32,512,2,64,35.136
32,512,2,128,34.9866
32,512,2,256,34.902
32,512,2,512,35.3494
32,512,2,1024,56.6826
32,512,2,2048,101.397
32,512,2,4096,190.955
32,512,2,8192,370.114
32,512,2,16384,728.426
32,512,4,16,35.1786
32,512,4,32,35.2226
32,512,4,64,35.094
32,512,4,128,34.9446
32,512,4,256,35.03
32,512,4,512,35.3706
32,512,4,1024,56.8334
32,512,4,2048,101.653
32,512,4,4096,190.122
32,512,4,8192,368.214
32,512,4,16384,727.254
32,512,8,16,35.328
32,512,8,32,35.2214
32,512,8,64,35.392
32,512,8,128,35.2
32,512,8,256,35.434
32,512,8,512,36.1814
32,512,8,1024,59.1146
32,512,8,2048,104.235
32,512,8,4096,193.984
32,512,8,8192,376.898
32,512,8,16384,735.468
32,512,16,16,45.3974
32,512,16,32,45.76
32,512,16,64,45.8246
32,512,16,128,51.2214
32,512,16,256,56.4914
32,512,16,512,66.9874
32,512,16,1024,111.147
32,512,16,2048,199.147
32,512,16,4096,376.298
32,512,16,8192,739.65
32,512,16,16384,1470
32,512,32,16,54.1226
32,512,32,32,53.974
32,512,32,64,54.8686
32,512,32,128,64.9166
32,512,32,256,75.6694
32,512,32,512,99.5826
32,512,32,1024,166.635
32,512,32,2048,299.414
32,512,32,4096,582.018
32,512,32,8192,1161.56
32,512,32,16384,2274.82
32,512,64,16,78.6994
32,512,64,32,78.8906
32,512,64,64,80.9386
32,512,64,128,105.004
32,512,64,256,132.949
32,512,64,512,191.488
32,512,64,1024,331.158
32,512,64,2048,617.622
32,512,64,4096,1487.81
32,512,64,8192,2964.76
32,512,64,16384,5889.66
32,512,128,16,120.171
32,512,128,32,121.387
32,512,128,64,124.757
32,512,128,128,177.729
32,512,128,256,248.214
32,512,128,512,418.84
32,512,128,1024,713.368
32,512,128,2048,1546.08
32,512,128,4096,4347.58
32,512,128,8192,8595.32
32,512,128,16384,21075.8
32,1024,0,0,58.4746
32,1024,1,16,56.982
32,1024,1,32,57.088
32,1024,1,64,57.1094
32,1024,1,128,56.8314
32,1024,1,256,56.9594
32,1024,1,512,56.8106
32,1024,1,1024,57.4726
32,1024,1,2048,101.014
32,1024,1,4096,191.637
32,1024,1,8192,373.184
32,1024,1,16384,734.956
32,1024,2,16,56.9386
32,1024,2,32,56.9394
32,1024,2,64,57.0026
32,1024,2,128,56.9174
32,1024,2,256,56.9174
32,1024,2,512,57.1314
32,1024,2,1024,57.4934
32,1024,2,2048,100.821
32,1024,2,4096,191.019
32,1024,2,8192,369.9
32,1024,2,16384,729.26
32,1024,4,16,56.598
32,1024,4,32,56.8106
32,1024,4,64,56.64
32,1024,4,128,56.7254
32,1024,4,256,56.8966
32,1024,4,512,56.5966
32,1024,4,1024,57.28
32,1024,4,2048,101.675
32,1024,4,4096,190.592
32,1024,4,8192,369.024
32,1024,4,16384,728.45
32,1024,8,16,56.7254
32,1024,8,32,57.024
32,1024,8,64,56.7254
32,1024,8,128,57.2594
32,1024,8,256,57.6854
32,1024,8,512,58.0054
32,1024,8,1024,59.222
32,1024,8,2048,104.619
32,1024,8,4096,194.006
32,1024,8,8192,377.452
32,1024,8,16384,734.38
32,1024,16,16,65.984
32,1024,16,32,66.496
32,1024,16,64,66.3894
32,1024,16,128,71.7434
32,1024,16,256,77.2914
32,1024,16,512,87.872
32,1024,16,1024,112.385
32,1024,16,2048,199.724
32,1024,16,4096,375.832
32,1024,16,8192,740.44
32,1024,16,16384,1470.45
32,1024,32,16,75.2214
32,1024,32,32,74.5814
32,1024,32,64,76.0754
32,1024,32,128,85.8674
32,1024,32,256,97.3866
32,1024,32,512,119.381
32,1024,32,1024,167.873
32,1024,32,2048,299.542
32,1024,32,4096,584.13
32,1024,32,8192,1163.89
32,1024,32,16384,2271.98
32,1024,64,16,100.032
32,1024,64,32,100.437
32,1024,64,64,101.141
32,1024,64,128,126.08
32,1024,64,256,153.601
32,1024,64,512,209.6
32,1024,64,1024,331.264
32,1024,64,2048,622.764
32,1024,64,4096,1482.14
32,1024,64,8192,2969.54
32,1024,64,16384,5943.02
32,1024,128,16,140.097
32,1024,128,32,142.615
32,1024,128,64,145.664
32,1024,128,128,199.233
32,1024,128,256,266.156
32,1024,128,512,423.298
32,1024,128,1024,717.72
32,1024,128,2048,1547.42
32,1024,128,4096,4352.14
32,1024,128,8192,8596.4
32,1024,128,16384,20374
32,2048,0,0,103.253
32,2048,1,16,101.867
32,2048,1,32,101.867
32,2048,1,64,101.461
32,2048,1,128,101.995
32,2048,1,256,101.739
32,2048,1,512,101.569
32,2048,1,1024,101.611
32,2048,1,2048,102.783
32,2048,1,4096,190.741
32,2048,1,8192,373.312
32,2048,1,16384,735.618
32,2048,2,16,101.61
32,2048,2,32,101.909
32,2048,2,64,101.973
32,2048,2,128,101.697
32,2048,2,256,101.952
32,2048,2,512,102.443
32,2048,2,1024,101.632
32,2048,2,2048,101.995
32,2048,2,4096,191.275
32,2048,2,8192,369.684
32,2048,2,16384,729.452
32,2048,4,16,101.783
32,2048,4,32,101.589
32,2048,4,64,101.355
32,2048,4,128,101.291
32,2048,4,256,101.44
32,2048,4,512,101.91
32,2048,4,1024,101.738
32,2048,4,2048,102.037
32,2048,4,4096,191.211
32,2048,4,8192,369.75
32,2048,4,16384,727
32,2048,8,16,101.206
32,2048,8,32,101.399
32,2048,8,64,101.312
32,2048,8,128,101.482
32,2048,8,256,102.209
32,2048,8,512,102.782
32,2048,8,1024,103.659
32,2048,8,2048,105.301
32,2048,8,4096,194.389
32,2048,8,8192,378.56
32,2048,8,16384,736.172
32,2048,16,16,107.712
32,2048,16,32,107.179
32,2048,16,64,107.841
32,2048,16,128,113.409
32,2048,16,256,118.954
32,2048,16,512,129.045
32,2048,16,1024,152.747
32,2048,16,2048,201.132
32,2048,16,4096,377.942
32,2048,16,8192,738.924
32,2048,16,16384,1470.64
32,2048,32,16,116.351
32,2048,32,32,116.566
32,2048,32,64,116.907
32,2048,32,128,126.655
32,2048,32,256,138.881
32,2048,32,512,162.219
32,2048,32,1024,208.364
32,2048,32,2048,299.884
32,2048,32,4096,583.448
32,2048,32,8192,1163.63
32,2048,32,16384,2273.18
32,2048,64,16,141.378
32,2048,64,32,141.547
32,2048,64,64,142.379
32,2048,64,128,167.68
32,2048,64,256,195.456
32,2048,64,512,252.758
32,2048,64,1024,371.22
32,2048,64,2048,626.008
32,2048,64,4096,1473.82
32,2048,64,8192,2979.1
32,2048,64,16384,5937.54
32,2048,128,16,183.617
32,2048,128,32,184.577
32,2048,128,64,188.011
32,2048,128,128,241.474
32,2048,128,256,308.438
32,2048,128,512,465.346
32,2048,128,1024,721.178
32,2048,128,2048,1612.02
32,2048,128,4096,4377.62
32,2048,128,8192,8719.3
32,2048,128,16384,21098.4
32,4096,0,0,193.77
32,4096,1,16,191.893
32,4096,1,32,192.512
32,4096,1,64,192.64
32,4096,1,128,192.213
32,4096,1,256,192.107
32,4096,1,512,192.021
32,4096,1,1024,192.319
32,4096,1,2048,191.637
32,4096,1,4096,193.409
32,4096,1,8192,371.414
32,4096,1,16384,734.954
32,4096,2,16,192.129
32,4096,2,32,192.255
32,4096,2,64,192.319
32,4096,2,128,192.897
32,4096,2,256,192.213
32,4096,2,512,192.853
32,4096,2,1024,191.359
32,4096,2,2048,191.36
32,4096,2,4096,191.658
32,4096,2,8192,370.09
32,4096,2,16384,730.712
32,4096,4,16,191.659
32,4096,4,32,191.573
32,4096,4,64,191.318
32,4096,4,128,191.553
32,4096,4,256,191.509
32,4096,4,512,191.914
32,4096,4,1024,192.022
32,4096,4,2048,190.677
32,4096,4,4096,190.848
32,4096,4,8192,368.918
32,4096,4,16384,727.446
32,4096,8,16,190.549
32,4096,8,32,190.955
32,4096,8,64,190.678
32,4096,8,128,191.532
32,4096,8,256,191.894
32,4096,8,512,191.787
32,4096,8,1024,193.773
32,4096,8,2048,194.859
32,4096,8,4096,196.694
32,4096,8,8192,377.856
32,4096,8,16384,737.452
32,4096,16,16,190.209
32,4096,16,32,190.165
32,4096,16,64,190.742
32,4096,16,128,195.136
32,4096,16,256,201.622
32,4096,16,512,211.968
32,4096,16,1024,236.95
32,4096,16,2048,283.818
32,4096,16,4096,378.304
32,4096,16,8192,744.514
32,4096,16,16384,1473.5
32,4096,32,16,199.317
32,4096,32,32,199.125
32,4096,32,64,199.445
32,4096,32,128,209.772
32,4096,32,256,222.4
32,4096,32,512,244.416
32,4096,32,1024,291.202
32,4096,32,2048,382.934
32,4096,32,4096,592.022
32,4096,32,8192,1185.2
32,4096,32,16384,2363.1
32,4096,64,16,222.358
32,4096,64,32,223.852
32,4096,64,64,224.278
32,4096,64,128,249.196
32,4096,64,256,277.888
32,4096,64,512,336.832
32,4096,64,1024,453.89
32,4096,64,2048,679.022
32,4096,64,4096,1517.43
32,4096,64,8192,3084.6
32,4096,64,16384,6161.44
32,4096,128,16,265.878
32,4096,128,32,266.88
32,4096,128,64,270.294
32,4096,128,128,325.59
32,4096,128,256,391.296
32,4096,128,512,556.248
32,4096,128,1024,808.664
32,4096,128,2048,1668.93
32,4096,128,4096,4388.74
32,4096,128,8192,9073.42
32,4096,128,16384,20995.8
32,8192,0,0,375.21
32,8192,1,16,373.248
32,8192,1,32,373.334
32,8192,1,64,373.974
32,8192,1,128,373.44
32,8192,1,256,372.884
32,8192,1,512,373.056
32,8192,1,1024,373.014
32,8192,1,2048,373.546
32,8192,1,4096,373.292
32,8192,1,8192,373.654
32,8192,1,16384,736.278
32,8192,2,16,373.716
32,8192,2,32,373.354
32,8192,2,64,373.484
32,8192,2,128,373.908
32,8192,2,256,373.504
32,8192,2,512,373.076
32,8192,2,1024,373.738
32,8192,2,2048,373.226
32,8192,2,4096,371.478
32,8192,2,8192,369.366
32,8192,2,16384,730.474
32,8192,4,16,372.16
32,8192,4,32,372.65
32,8192,4,64,372.202
32,8192,4,128,371.692
32,8192,4,256,371.818
32,8192,4,512,371.948
32,8192,4,1024,373.014
32,8192,4,2048,371.714
32,8192,4,4096,370.966
32,8192,4,8192,369.558
32,8192,4,16384,728.684
32,8192,8,16,371.456
32,8192,8,32,371.498
32,8192,8,64,371.544
32,8192,8,128,371.392
32,8192,8,256,371.798
32,8192,8,512,372.608
32,8192,8,1024,374.23
32,8192,8,2048,373.868
32,8192,8,4096,375.466
32,8192,8,8192,379.842
32,8192,8,16384,739.008
32,8192,16,16,369.324
32,8192,16,32,369.558
32,8192,16,64,369.666
32,8192,16,128,369.58
32,8192,16,256,371.072
32,8192,16,512,377.068
32,8192,16,1024,401.878
32,8192,16,2048,448.94
32,8192,16,4096,541.932
32,8192,16,8192,756.588
32,8192,16,16384,1473.9
32,8192,32,16,370.176
32,8192,32,32,370.774
32,8192,32,64,370.86
32,8192,32,128,374.358
32,8192,32,256,385.514
32,8192,32,512,409.558
32,8192,32,1024,455.574
32,8192,32,2048,547.266
32,8192,32,4096,757.442
32,8192,32,8192,1179.87
32,8192,32,16384,2368.32
32,8192,64,16,387.648
32,8192,64,32,388.568
32,8192,64,64,390.038
32,8192,64,128,414.828
32,8192,64,256,442.092
32,8192,64,512,501.336
32,8192,64,1024,622.104
32,8192,64,2048,856.258
32,8192,64,4096,1695
32,8192,64,8192,3023.44
32,8192,64,16384,6308.42
32,8192,128,16,431.296
32,8192,128,32,432.706
32,8192,128,64,435.544
32,8192,128,128,489.474
32,8192,128,256,557.762
32,8192,128,512,724.76
32,8192,128,1024,1009.2
32,8192,128,2048,1877.08
32,8192,128,4096,4587.36
32,8192,128,8192,8695.16
32,8192,128,16384,20922.6
32,16384,0,0,737.496
32,16384,1,16,736.558
32,16384,1,32,735.936
32,16384,1,64,736.578
32,16384,1,128,736.642
32,16384,1,256,735.616
32,16384,1,512,735.938
32,16384,1,1024,734.936
32,16384,1,2048,735.146
32,16384,1,4096,734.892
32,16384,1,8192,735.788
32,16384,1,16384,737.174
32,16384,2,16,735.766
32,16384,2,32,736.448
32,16384,2,64,736.022
32,16384,2,128,735.788
32,16384,2,256,735.958
32,16384,2,512,736.512
32,16384,2,1024,735.81
32,16384,2,2048,735.724
32,16384,2,4096,734.25
32,16384,2,8192,731.052
32,16384,2,16384,727.96
32,16384,4,16,734.444
32,16384,4,32,733.804
32,16384,4,64,733.122
32,16384,4,128,733.76
32,16384,4,256,734.87
32,16384,4,512,733.396
32,16384,4,1024,734.038
32,16384,4,2048,733.634
32,16384,4,4096,733.742
32,16384,4,8192,731.798
32,16384,4,16384,728.984
32,16384,8,16,734.146
32,16384,8,32,732.118
32,16384,8,64,731.864
32,16384,8,128,732.888
32,16384,8,256,733.144
32,16384,8,512,734.508
32,16384,8,1024,733.782
32,16384,8,2048,737.218
32,16384,8,4096,737.004
32,16384,8,8192,742.232
32,16384,8,16384,741.996
32,16384,16,16,726.082
32,16384,16,32,728.15
32,16384,16,64,728.022
32,16384,16,128,727.576
32,16384,16,256,726.976
32,16384,16,512,729.578
32,16384,16,1024,731.074
32,16384,16,2048,777.026
32,16384,16,4096,871.362
32,16384,16,8192,1095.06
32,16384,16,16384,1477.7
32,16384,32,16,727.13
32,16384,32,32,729.496
32,16384,32,64,731.566
32,16384,32,128,731.14
32,16384,32,256,731.714
32,16384,32,512,739.95
32,16384,32,1024,784.492
32,16384,32,2048,879.128
32,16384,32,4096,1088.51
32,16384,32,8192,1536.86
32,16384,32,16384,2300.5
32,16384,64,16,727.042
32,16384,64,32,729.56
32,16384,64,64,727.47
32,16384,64,128,742.828
32,16384,64,256,773.806
32,16384,64,512,828.162
32,16384,64,1024,951.728
32,16384,64,2048,1190.32
32,16384,64,4096,2068.5
32,16384,64,8192,3404.54
32,16384,64,16384,6056.28
32,16384,128,16,760.878
32,16384,128,32,759.66
32,16384,128,64,764.012
32,16384,128,128,818.862
32,16384,128,256,890.264
32,16384,128,512,1054.3
32,16384,128,1024,1342.17
32,16384,128,2048,2241.66
32,16384,128,4096,4993.7
32,16384,128,8192,9249.6
32,16384,128,16384,20965.8
36,0,0,0,16.4273
36,0,1,512,34.582
36,0,1,768,44.822
36,0,1,1152,61.632
36,0,1,1728,85.0346
36,0,1,2592,124.416
36,0,1,3888,179.989
36,0,1,5832,265.088
36,0,1,8748,394.582
36,0,1,13122,584.706
36,0,1,16384,733.12
36,0,2,512,35.094
36,0,2,768,45.504
36,0,2,1152,61.738
36,0,2,1728,85.5674
36,0,2,2592,124.437
36,0,2,3888,178.838
36,0,2,5832,263.85
36,0,2,8748,392.768
36,0,2,13122,581.206
36,0,2,16384,726.676
36,0,4,512,35.242
36,0,4,768,45.568
36,0,4,1152,61.696
36,0,4,1728,84.9914
36,0,4,2592,124.459
36,0,4,3888,178.88
36,0,4,5832,262.292
36,0,4,8748,391.466
36,0,4,13122,581.356
36,0,4,16384,725.976
36,0,8,512,35.776
36,0,8,768,46.614
36,0,8,1152,63.744
36,0,8,1728,87.5946
36,0,8,2592,127.807
36,0,8,3888,182.443
36,0,8,5832,270.082
36,0,8,8748,400.214
36,0,8,13122,589.27
36,0,8,16384,734.85
36,0,16,512,65.6634
36,0,16,768,87.872
36,0,16,1152,122.071
36,0,16,1728,167.467
36,0,16,2592,245.186
36,0,16,3888,355.712
36,0,16,5832,527.98
36,0,16,8748,793.004
36,0,16,13122,1178.5
36,0,16,16384,1474.91
36,0,32,512,98.4526
36,0,32,768,132.545
36,0,32,1152,182.935
36,0,32,1728,252.032
36,0,32,2592,370.476
36,0,32,3888,547.5
36,0,32,5832,827.798
36,0,32,8748,1232.94
36,0,32,13122,1820.98
36,0,32,16384,2269.26
36,0,64,512,190.08
36,0,64,768,263.104
36,0,64,1152,363.606
36,0,64,1728,507.842
36,0,64,2592,783.576
36,0,64,3888,1383.98
36,0,64,5832,2125.36
36,0,64,8748,3158.5
36,0,64,13122,4690.66
36,0,64,16384,5896.4
36,0,128,512,411.564
36,0,128,768,563.586
36,0,128,1152,789.698
36,0,128,1728,1196.89
36,0,128,2592,2400.4
36,0,128,3888,4124.6
36,0,128,5832,6139.18
36,0,128,8748,9220.94
36,0,128,13122,14911
36,0,128,16384,20966
36,512,0,0,36.096
36,512,1,512,35.4774
36,512,1,768,44.6514
36,512,1,1152,61.5254
36,512,1,1728,84.672
36,512,1,2592,124.353
36,512,1,3888,178.902
36,512,1,5832,264.32
36,512,1,8748,394.196
36,512,1,13122,583.98
36,512,1,16384,730.606
36,512,2,512,35.8826
36,512,2,768,45.206
36,512,2,1152,61.9946
36,512,2,1728,84.6294
36,512,2,2592,124.672
36,512,2,3888,179.052
36,512,2,5832,264.256
36,512,2,8748,392.918
36,512,2,13122,582.082
36,512,2,16384,726.314
36,512,4,512,35.4354
36,512,4,768,45.5254
36,512,4,1152,61.6326
36,512,4,1728,85.6746
36,512,4,2592,123.883
36,512,4,3888,179.179
36,512,4,5832,263.36
36,512,4,8748,391.83
36,512,4,13122,582.316
36,512,4,16384,727.488
36,512,8,512,36.0966
36,512,8,768,46.2934
36,512,8,1152,63.8734
36,512,8,1728,87.7866
36,512,8,2592,127.381
36,512,8,3888,183.446
36,512,8,5832,271.126
36,512,8,8748,400.404
36,512,8,13122,588.182
36,512,8,16384,735.318
36,512,16,512,66.88
36,512,16,768,87.616
36,512,16,1152,122.048
36,512,16,1728,168.064
36,512,16,2592,244.928
36,512,16,3888,356.31
36,512,16,5832,526.848
36,512,16,8748,792.236
36,512,16,13122,1178.73
36,512,16,16384,1473.54
36,512,32,512,99.116
36,512,32,768,132.481
36,512,32,1152,183.147
36,512,32,1728,251.798
36,512,32,2592,369.6
36,512,32,3888,546.304
36,512,32,5832,830.53
36,512,32,8748,1232.15
36,512,32,13122,1820.42
36,512,32,16384,2268.28
36,512,64,512,191.338
36,512,64,768,264.278
36,512,64,1152,363.754
36,512,64,1728,510.272
36,512,64,2592,783.298
36,512,64,3888,1384.28
36,512,64,5832,2124.7
36,512,64,8748,3161.54
36,512,64,13122,4715.82
36,512,64,16384,5875.6
36,512,128,512,420.418
36,512,128,768,567.426
36,512,128,1152,791.064
36,512,128,1728,1193.43
36,512,128,2592,2412.36
36,512,128,3888,4123.24
36,512,128,5832,6137.7
36,512,128,8748,9265.66
36,512,128,13122,14085.8
36,512,128,16384,20520.6
36,768,0,0,46.422
36,768,1,512,45.4826
36,768,1,768,45.8026
36,768,1,1152,61.5894
36,768,1,1728,84.5866
36,768,1,2592,124.203
36,768,1,3888,178.86
36,768,1,5832,266.304
36,768,1,8748,396.332
36,768,1,13122,583.744
36,768,1,16384,730.964
36,768,2,512,45.376
36,768,2,768,45.654
36,768,2,1152,61.76
36,768,2,1728,84.6286
36,768,2,2592,124.394
36,768,2,3888,179.009
36,768,2,5832,263.596
36,768,2,8748,393.664
36,768,2,13122,583.254
36,768,2,16384,726.936
36,768,4,512,45.5466
36,768,4,768,46.2506
36,768,4,1152,61.76
36,768,4,1728,85.4614
36,768,4,2592,124.224
36,768,4,3888,178.923
36,768,4,5832,263.084
36,768,4,8748,391.382
36,768,4,13122,580.61
36,768,4,16384,727.124
36,768,8,512,46.3574
36,768,8,768,47.4454
36,768,8,1152,64.1906
36,768,8,1728,87.9366
36,768,8,2592,128.534
36,768,8,3888,182.997
36,768,8,5832,271.296
36,768,8,8748,400.704
36,768,8,13122,591.19
36,768,8,16384,734.892
36,768,16,512,77.9094
36,768,16,768,89.194
36,768,16,1152,122.752
36,768,16,1728,167.999
36,768,16,2592,243.82
36,768,16,3888,355.884
36,768,16,5832,527.128
36,768,16,8748,789.398
36,768,16,13122,1176.84
36,768,16,16384,1469.98
36,768,32,512,109.931
36,768,32,768,133.165
36,768,32,1152,183.979
36,768,32,1728,252.098
36,768,32,2592,370.88
36,768,32,3888,546.944
36,768,32,5832,828.12
36,768,32,8748,1234.29
36,768,32,13122,1823.54
36,768,32,16384,2270.62
36,768,64,512,200.406
36,768,64,768,264.47
36,768,64,1152,362.922
36,768,64,1728,509.57
36,768,64,2592,782.168
36,768,64,3888,1388.04
36,768,64,5832,2127.24
36,768,64,8748,3162.54
36,768,64,13122,4717.16
36,768,64,16384,5886.7
36,768,128,512,420.14
36,768,128,768,570.114
36,768,128,1152,792.728
36,768,128,1728,1197.36
36,768,128,2592,2425.82
36,768,128,3888,4127.34
36,768,128,5832,6138.6
36,768,128,8748,9260.62
36,768,128,13122,16194.5
36,768,128,16384,20698
36,1152,0,0,63.8506
36,1152,1,512,62.08
36,1152,1,768,62.08
36,1152,1,1152,62.8906
36,1152,1,1728,84.5234
36,1152,1,2592,124.16
36,1152,1,3888,179.904
36,1152,1,5832,263.894
36,1152,1,8748,395.202
36,1152,1,13122,584.896
36,1152,1,16384,732.544
36,1152,2,512,61.994
36,1152,2,768,62.208
36,1152,2,1152,62.6354
36,1152,2,1728,85.2474
36,1152,2,2592,124.479
36,1152,2,3888,179.285
36,1152,2,5832,262.572
36,1152,2,8748,394.112
36,1152,2,13122,582.422
36,1152,2,16384,728.47
36,1152,4,512,62.1866
36,1152,4,768,62.614
36,1152,4,1152,62.5714
36,1152,4,1728,85.0994
36,1152,4,2592,124.801
36,1152,4,3888,179.179
36,1152,4,5832,262.742
36,1152,4,8748,392.064
36,1152,4,13122,581.738
36,1152,4,16384,725.482
36,1152,8,512,63.702
36,1152,8,768,63.7654
36,1152,8,1152,64.6406
36,1152,8,1728,88.406
36,1152,8,2592,128.577
36,1152,8,3888,184.428
36,1152,8,5832,270.038
36,1152,8,8748,400.94
36,1152,8,13122,591.83
36,1152,8,16384,735.936
36,1152,16,512,93.1854
36,1152,16,768,105.174
36,1152,16,1152,123.691
36,1152,16,1728,167.638
36,1152,16,2592,244.204
36,1152,16,3888,356.908
36,1152,16,5832,525.014
36,1152,16,8748,787.5
36,1152,16,13122,1178.31
36,1152,16,16384,1472.6
36,1152,32,512,125.675
36,1152,32,768,148.117
36,1152,32,1152,184.896
36,1152,32,1728,253.034
36,1152,32,2592,370.648
36,1152,32,3888,548.716
36,1152,32,5832,825.986
36,1152,32,8748,1232.05
36,1152,32,13122,1818.67
36,1152,32,16384,2272.8
36,1152,64,512,215.766
36,1152,64,768,277.142
36,1152,64,1152,365.25
36,1152,64,1728,510.144
36,1152,64,2592,783.746
36,1152,64,3888,1386.37
36,1152,64,5832,2130.56
36,1152,64,8748,3166.68
36,1152,64,13122,4710.4
36,1152,64,16384,5908.44
36,1152,128,512,426.54
36,1152,128,768,570.562
36,1152,128,1152,796.29
36,1152,128,1728,1198.53
36,1152,128,2592,2434.68
36,1152,128,3888,4128.66
36,1152,128,5832,6145.56
36,1152,128,8748,9247.7
36,1152,128,13122,15110
36,1152,128,16384,20487.6
36,1728,0,0,87.3814
36,1728,1,512,84.95
36,1728,1,768,85.162
36,1728,1,1152,85.1626
36,1728,1,1728,86.166
36,1728,1,2592,124.181
36,1728,1,3888,179.436
36,1728,1,5832,265.238
36,1728,1,8748,396.714
36,1728,1,13122,585.814
36,1728,1,16384,732.736
36,1728,2,512,85.0346
36,1728,2,768,85.142
36,1728,2,1152,85.2906
36,1728,2,1728,85.8666
36,1728,2,2592,124.437
36,1728,2,3888,179.179
36,1728,2,5832,264.106
36,1728,2,8748,394.112
36,1728,2,13122,582.57
36,1728,2,16384,728.15
36,1728,4,512,84.886
36,1728,4,768,84.8854
36,1728,4,1152,85.6534
36,1728,4,1728,85.7586
36,1728,4,2592,124.821
36,1728,4,3888,180.011
36,1728,4,5832,263.68
36,1728,4,8748,391.34
36,1728,4,13122,581.228
36,1728,4,16384,726.658
36,1728,8,512,86.5494
36,1728,8,768,86.742
36,1728,8,1152,86.72
36,1728,8,1728,88.534
36,1728,8,2592,128.619
36,1728,8,3888,183.445
36,1728,8,5832,270.892
36,1728,8,8748,402.176
36,1728,8,13122,590.06
36,1728,8,16384,736.79
36,1728,16,512,114.816
36,1728,16,768,125.888
36,1728,16,1152,143.617
36,1728,16,1728,168.618
36,1728,16,2592,246.166
36,1728,16,3888,356.928
36,1728,16,5832,528.854
36,1728,16,8748,789.4
36,1728,16,13122,1175.6
36,1728,16,16384,1471.47
36,1728,32,512,147.221
36,1728,32,768,169.771
36,1728,32,1152,205.57
36,1728,32,1728,253.76
36,1728,32,2592,371.99
36,1728,32,3888,548.994
36,1728,32,5832,825.368
36,1728,32,8748,1234.03
36,1728,32,13122,1824.31
36,1728,32,16384,2271.76
36,1728,64,512,237.632
36,1728,64,768,299.456
36,1728,64,1152,379.542
36,1728,64,1728,513.602
36,1728,64,2592,784.876
36,1728,64,3888,1388.83
36,1728,64,5832,2128.86
36,1728,64,8748,3168.82
36,1728,64,13122,4727.2
36,1728,64,16384,5923.12
36,1728,128,512,448.172
36,1728,128,768,573.294
36,1728,128,1152,797.42
36,1728,128,1728,1204.21
36,1728,128,2592,2431.52
36,1728,128,3888,4138.9
36,1728,128,5832,6157.04
36,1728,128,8748,9272.18
36,1728,128,13122,13924.9
36,1728,128,16384,20639.8
36,2592,0,0,126.613
36,2592,1,512,124.757
36,2592,1,768,125.121
36,2592,1,1152,123.905
36,2592,1,1728,124.375
36,2592,1,2592,125.76
36,2592,1,3888,179.179
36,2592,1,5832,263.254
36,2592,1,8748,395.436
36,2592,1,13122,584.596
36,2592,1,16384,729.366
36,2592,2,512,124.777
36,2592,2,768,124.607
36,2592,2,1152,124.267
36,2592,2,1728,124.672
36,2592,2,2592,125.312
36,2592,2,3888,178.923
36,2592,2,5832,262.528
36,2592,2,8748,392.3
36,2592,2,13122,580.886
36,2592,2,16384,727.53
36,2592,4,512,124.48
36,2592,4,768,124.608
36,2592,4,1152,124.481
36,2592,4,1728,125.269
36,2592,4,2592,125.013
36,2592,4,3888,178.988
36,2592,4,5832,263.382
36,2592,4,8748,391.318
36,2592,4,13122,582.55
36,2592,4,16384,726.23
36,2592,8,512,125.782
36,2592,8,768,126.101
36,2592,8,1152,127.51
36,2592,8,1728,128.703
36,2592,8,2592,129.024
36,2592,8,3888,184.725
36,2592,8,5832,270.848
36,2592,8,8748,401.834
36,2592,8,13122,591.746
36,2592,8,16384,737.452
36,2592,16,512,150.335
36,2592,16,768,162.241
36,2592,16,1152,179.414
36,2592,16,1728,204.032
36,2592,16,2592,245.634
36,2592,16,3888,356.076
36,2592,16,5832,528.428
36,2592,16,8748,788.908
36,2592,16,13122,1175.15
36,2592,16,16384,1474.14
36,2592,32,512,182.55
36,2592,32,768,205.824
36,2592,32,1152,240.362
36,2592,32,1728,288.684
36,2592,32,2592,372.012
36,2592,32,3888,550.572
36,2592,32,5832,819.436
36,2592,32,8748,1237.38
36,2592,32,13122,1825.86
36,2592,32,16384,2273.24
36,2592,64,512,274.498
36,2592,64,768,336.086
36,2592,64,1152,413.61
36,2592,64,1728,523.522
36,2592,64,2592,789.57
36,2592,64,3888,1380.48
36,2592,64,5832,2136.94
36,2592,64,8748,3186.02
36,2592,64,13122,4724.48
36,2592,64,16384,5959.56
36,2592,128,512,488.876
36,2592,128,768,612.908
36,2592,128,1152,810.2
36,2592,128,1728,1220.42
36,2592,128,2592,2423.84
36,2592,128,3888,4149.26
36,2592,128,5832,6363.7
36,2592,128,8748,9519.24
36,2592,128,13122,15612.5
36,2592,128,16384,21050.8
36,3888,0,0,182.209
36,3888,1,512,180.203
36,3888,1,768,180.544
36,3888,1,1152,180.459
36,3888,1,1728,180.374
36,3888,1,2592,180.458
36,3888,1,3888,181.589
36,3888,1,5832,265.472
36,3888,1,8748,393.708
36,3888,1,13122,586.688
36,3888,1,16384,733.312
36,3888,2,512,180.245
36,3888,2,768,179.819
36,3888,2,1152,179.691
36,3888,2,1728,180.224
36,3888,2,2592,179.817
36,3888,2,3888,179.605
36,3888,2,5832,264.214
36,3888,2,8748,393.556
36,3888,2,13122,582.124
36,3888,2,16384,728.578
36,3888,4,512,180.246
36,3888,4,768,179.99
36,3888,4,1152,179.989
36,3888,4,1728,179.349
36,3888,4,2592,178.411
36,3888,4,3888,179.541
36,3888,4,5832,263.638
36,3888,4,8748,391.786
36,3888,4,13122,582.102
36,3888,4,16384,726.786
36,3888,8,512,180.779
36,3888,8,768,181.419
36,3888,8,1152,181.761
36,3888,8,1728,181.227
36,3888,8,2592,183.253
36,3888,8,3888,184.768
36,3888,8,5832,272.384
36,3888,8,8748,402.22
36,3888,8,13122,590.294
36,3888,8,16384,736.918
36,3888,16,512,202.198
36,3888,16,768,213.59
36,3888,16,1152,232.128
36,3888,16,1728,256.916
36,3888,16,2592,297.856
36,3888,16,3888,357.826
36,3888,16,5832,527.382
36,3888,16,8748,794.412
36,3888,16,13122,1175.15
36,3888,16,16384,1475.01
36,3888,32,512,235.116
36,3888,32,768,257.28
36,3888,32,1152,293.826
36,3888,32,1728,340.822
36,3888,32,2592,422.934
36,3888,32,3888,554.412
36,3888,32,5832,830.594
36,3888,32,8748,1261.61
36,3888,32,13122,1854.24
36,3888,32,16384,2325.36
36,3888,64,512,326.08
36,3888,64,768,389.698
36,3888,64,1152,471.424
36,3888,64,1728,575.916
36,3888,64,2592,833.454
36,3888,64,3888,1406.45
36,3888,64,5832,2152.3
36,3888,64,8748,3295.86
36,3888,64,13122,4879.58
36,3888,64,16384,6089.1
36,3888,128,512,545.388
36,3888,128,768,662.55
36,3888,128,1152,864.088
36,3888,128,1728,1269.21
36,3888,128,2592,2438.24
36,3888,128,3888,4164.66
36,3888,128,5832,6225.26
36,3888,128,8748,9772.68
36,3888,128,13122,15951
36,3888,128,16384,21026.6
36,5832,0,0,267.456
36,5832,1,512,266.54
36,5832,1,768,265.408
36,5832,1,1152,266.24
36,5832,1,1728,266.454
36,5832,1,2592,266.112
36,5832,1,3888,264.662
36,5832,1,5832,264.94
36,5832,1,8748,394.518
36,5832,1,13122,582.678
36,5832,1,16384,731.756
36,5832,2,512,265.644
36,5832,2,768,265.366
36,5832,2,1152,266.006
36,5832,2,1728,266.24
36,5832,2,2592,265.686
36,5832,2,3888,263.828
36,5832,2,5832,264.064
36,5832,2,8748,392.064
36,5832,2,13122,582.208
36,5832,2,16384,728.792
36,5832,4,512,265.728
36,5832,4,768,265.088
36,5832,4,1152,266.048
36,5832,4,1728,265.898
36,5832,4,2592,265.088
36,5832,4,3888,264.768
36,5832,4,5832,264.192
36,5832,4,8748,393.282
36,5832,4,13122,582.06
36,5832,4,16384,725.334
36,5832,8,512,265.302
36,5832,8,768,266.306
36,5832,8,1152,266.262
36,5832,8,1728,268.074
36,5832,8,2592,266.776
36,5832,8,3888,268.778
36,5832,8,5832,273.068
36,5832,8,8748,402.84
36,5832,8,13122,591.958
36,5832,8,16384,737.602
36,5832,16,512,279.488
36,5832,16,768,290.752
36,5832,16,1152,309.888
36,5832,16,1728,334.506
36,5832,16,2592,374.912
36,5832,16,3888,435.372
36,5832,16,5832,534.422
36,5832,16,8748,796.184
36,5832,16,13122,1179.57
36,5832,16,16384,1472.47
36,5832,32,512,312.64
36,5832,32,768,334.252
36,5832,32,1152,370.668
36,5832,32,1728,418.562
36,5832,32,2592,502.294
36,5832,32,3888,629.568
36,5832,32,5832,844.482
36,5832,32,8748,1251.7
36,5832,32,13122,1892.57
36,5832,32,16384,2368.68
36,5832,64,512,402.88
36,5832,64,768,467.352
36,5832,64,1152,549.89
36,5832,64,1728,656.088
36,5832,64,2592,919.854
36,5832,64,3888,1472.69
36,5832,64,5832,2160.54
36,5832,64,8748,3241.06
36,5832,64,13122,5015.32
36,5832,64,16384,6256.52
36,5832,128,512,624.194
36,5832,128,768,767.426
36,5832,128,1152,949.976
36,5832,128,1728,1358.6
36,5832,128,2592,2474.9
36,5832,128,3888,4238.78
36,5832,128,5832,6198.96
36,5832,128,8748,9811.58
36,5832,128,13122,15996.7
36,5832,128,16384,21082.8
36,8748,0,0,398.764
36,8748,1,512,396.374
36,8748,1,768,396.566
36,8748,1,1152,396.844
36,8748,1,1728,396.16
36,8748,1,2592,396.48
36,8748,1,3888,394.794
36,8748,1,5832,394.026
36,8748,1,8748,397.186
36,8748,1,13122,581.804
36,8748,1,16384,730.774
36,8748,2,512,396.418
36,8748,2,768,396.652
36,8748,2,1152,396.096
36,8748,2,1728,396.694
36,8748,2,2592,395.904
36,8748,2,3888,395.478
36,8748,2,5832,394.39
36,8748,2,8748,392.682
36,8748,2,13122,581.312
36,8748,2,16384,727.19
36,8748,4,512,396.268
36,8748,4,768,395.584
36,8748,4,1152,396.052
36,8748,4,1728,396.096
36,8748,4,2592,394.838
36,8748,4,3888,394.154
36,8748,4,5832,393.472
36,8748,4,8748,392.874
36,8748,4,13122,583.446
36,8748,4,16384,728.108
36,8748,8,512,396.672
36,8748,8,768,395.458
36,8748,8,1152,396.586
36,8748,8,1728,396.33
36,8748,8,2592,397.334
36,8748,8,3888,398.656
36,8748,8,5832,402.496
36,8748,8,8748,405.142
36,8748,8,13122,593.068
36,8748,8,16384,738.284
36,8748,16,512,397.482
36,8748,16,768,409.538
36,8748,16,1152,429.91
36,8748,16,1728,454.274
36,8748,16,2592,493.782
36,8748,16,3888,555.352
36,8748,16,5832,648.492
36,8748,16,8748,802.84
36,8748,16,13122,1177.32
36,8748,16,16384,1473.92
36,8748,32,512,431.276
36,8748,32,768,453.59
36,8748,32,1152,489.218
36,8748,32,1728,537.324
36,8748,32,2592,619.372
36,8748,32,3888,748.802
36,8748,32,5832,971.63
36,8748,32,8748,1250.44
36,8748,32,13122,1861.06
36,8748,32,16384,2358.68
36,8748,64,512,522.838
36,8748,64,768,585.9
36,8748,64,1152,668.802
36,8748,64,1728,780.46
36,8748,64,2592,1044.12
36,8748,64,3888,1619.27
36,8748,64,5832,2300.5
36,8748,64,8748,3213.62
36,8748,64,13122,4927.56
36,8748,64,16384,6256.42
36,8748,128,512,746.69
36,8748,128,768,893.528
36,8748,128,1152,1095.17
36,8748,128,1728,1485.47
36,8748,128,2592,2590.62
36,8748,128,3888,4387.24
36,8748,128,5832,6492.52
36,8748,128,8748,9392.86
36,8748,128,13122,16150
36,8748,128,16384,21220
36,13122,0,0,590.272
36,13122,1,512,588.716
36,13122,1,768,588.138
36,13122,1,1152,588.502
36,13122,1,1728,588.16
36,13122,1,2592,589.032
36,13122,1,3888,586.604
36,13122,1,5832,585.622
36,13122,1,8748,585.75
36,13122,1,13122,586.198
36,13122,1,16384,731.606
36,13122,2,512,587.968
36,13122,2,768,588.588
36,13122,2,1152,588.396
36,13122,2,1728,587.906
36,13122,2,2592,588.632
36,13122,2,3888,587.884
36,13122,2,5832,586.454
36,13122,2,8748,583.062
36,13122,2,13122,581.442
36,13122,2,16384,727.488
36,13122,4,512,587.136
36,13122,4,768,586.262
36,13122,4,1152,587.968
36,13122,4,1728,586.84
36,13122,4,2592,587.458
36,13122,4,3888,585.646
36,13122,4,5832,583.83
36,13122,4,8748,584.874
36,13122,4,13122,583.894
36,13122,4,16384,726.508
36,13122,8,512,586.24
36,13122,8,768,586.388
36,13122,8,1152,588.778
36,13122,8,1728,588.096
36,13122,8,2592,587.712
36,13122,8,3888,589.462
36,13122,8,5832,591.788
36,13122,8,8748,591.918
36,13122,8,13122,595.264
36,13122,8,16384,739.074
36,13122,16,512,582.422
36,13122,16,768,584.64
36,13122,16,1152,602.518
36,13122,16,1728,628.268
36,13122,16,2592,670.38
36,13122,16,3888,730.71
36,13122,16,5832,828.098
36,13122,16,8748,982.04
36,13122,16,13122,1184.92
36,13122,16,16384,1471.04
36,13122,32,512,605.996
36,13122,32,768,628.524
36,13122,32,1152,664.15
36,13122,32,1728,714.262
36,13122,32,2592,795.628
36,13122,32,3888,924.526
36,13122,32,5832,1149.02
36,13122,32,8748,1455.07
36,13122,32,13122,1850.74
36,13122,32,16384,2318.64
36,13122,64,512,695.426
36,13122,64,768,760.364
36,13122,64,1152,842.582
36,13122,64,1728,956.844
36,13122,64,2592,1230.79
36,13122,64,3888,1833.95
36,13122,64,5832,2494.62
36,13122,64,8748,3490.14
36,13122,64,13122,4812
36,13122,64,16384,6046.14
36,13122,128,512,924.44
36,13122,128,768,1070.91
36,13122,128,1152,1279.39
36,13122,128,1728,1659.78
36,13122,128,2592,2911.36
36,13122,128,3888,4609.52
36,13122,128,5832,6696.74
36,13122,128,8748,10008.8
36,13122,128,13122,15411.1
36,13122,128,16384,20762.4
36,16384,0,0,738.432
36,16384,1,512,735.682
36,16384,1,768,735.212
36,16384,1,1152,734.486
36,16384,1,1728,735.318
36,16384,1,2592,733.93
36,16384,1,3888,734.058
36,16384,1,5832,734.486
36,16384,1,8748,734.252
36,16384,1,13122,732.418
36,16384,1,16384,733.526
36,16384,2,512,735.68
36,16384,2,768,735.552
36,16384,2,1152,735.296
36,16384,2,1728,735.382
36,16384,2,2592,735.786
36,16384,2,3888,735.276
36,16384,2,5832,734.272
36,16384,2,8748,731.5
36,16384,2,13122,728.066
36,16384,2,16384,730.24
36,16384,4,512,732.866
36,16384,4,768,733.72
36,16384,4,1152,734.808
36,16384,4,1728,733.164
36,16384,4,2592,733.784
36,16384,4,3888,733.61
36,16384,4,5832,732.994
36,16384,4,8748,732.758
36,16384,4,13122,729.708
36,16384,4,16384,730.432
36,16384,8,512,733.932
36,16384,8,768,733.334
36,16384,8,1152,734.55
36,16384,8,1728,734.232
36,16384,8,2592,734.614
36,16384,8,3888,738.602
36,16384,8,5832,738.048
36,16384,8,8748,740.674
36,16384,8,13122,739.692
36,16384,8,16384,742.294
36,16384,16,512,729.088
36,16384,16,768,728.514
36,16384,16,1152,734.742
36,16384,16,1728,760.17
36,16384,16,2592,802.198
36,16384,16,3888,860.46
36,16384,16,5832,965.804
36,16384,16,8748,1117.78
36,16384,16,13122,1329.39
36,16384,16,16384,1479.73
36,16384,32,512,738.988
36,16384,32,768,760.258
36,16384,32,1152,796.588
36,16384,32,1728,843.67
36,16384,32,2592,928.002
36,16384,32,3888,1054.42
36,16384,32,5832,1281.82
36,16384,32,8748,1590.57
36,16384,32,13122,2002.7
36,16384,32,16384,2302.9
36,16384,64,512,829.336
36,16384,64,768,892.994
36,16384,64,1152,972.972
36,16384,64,1728,1086.94
36,16384,64,2592,1356.51
36,16384,64,3888,1974.43
36,16384,64,5832,2653.96
36,16384,64,8748,3579.54
36,16384,64,13122,5128.22
36,16384,64,16384,6014.46
36,16384,128,512,1056.82
36,16384,128,768,1202.09
36,16384,128,1152,1412.19
36,16384,128,1728,1793.84
36,16384,128,2592,3083.68
36,16384,128,3888,4780.7
36,16384,128,5832,6774.32
36,16384,128,8748,9841.64
36,16384,128,13122,16565
36,16384,128,16384,21142.4
54,0,0,0,16.8313
54,0,1,512,34.7726
54,0,1,768,45.2266
54,0,1,1152,61.8034
54,0,1,1728,84.736
54,0,1,2592,124.885
54,0,1,3888,180.693
54,0,1,5832,265.13
54,0,1,8748,395.754
54,0,1,13122,587.712
54,0,1,16384,734.636
54,0,2,512,34.838
54,0,2,768,45.4194
54,0,2,1152,61.5886
54,0,2,1728,85.0574
54,0,2,2592,124.16
54,0,2,3888,179.371
54,0,2,5832,264.256
54,0,2,8748,393.322
54,0,2,13122,583.34
54,0,2,16384,728.172
54,0,4,512,34.816
54,0,4,768,45.632
54,0,4,1152,61.9946
54,0,4,1728,85.1414
54,0,4,2592,124.331
54,0,4,3888,179.2
54,0,4,5832,263.274
54,0,4,8748,392.854
54,0,4,13122,583.042
54,0,4,16384,727
54,0,8,512,35.754
54,0,8,768,46.848
54,0,8,1152,63.594
54,0,8,1728,87.3594
54,0,8,2592,127.532
54,0,8,3888,182.507
54,0,8,5832,270.08
54,0,8,8748,400.406
54,0,8,13122,590.806
54,0,8,16384,737.068
54,0,16,512,65.8554
54,0,16,768,88.0006
54,0,16,1152,121.963
54,0,16,1728,167.405
54,0,16,2592,245.334
54,0,16,3888,355.734
54,0,16,5832,525.952
54,0,16,8748,795.074
54,0,16,13122,1179.86
54,0,16,16384,1472.79
54,0,32,512,98.496
54,0,32,768,132.245
54,0,32,1152,183.531
54,0,32,1728,251.69
54,0,32,2592,370.306
54,0,32,3888,549.528
54,0,32,5832,830.956
54,0,32,8748,1234.37
54,0,32,13122,1824.35
54,0,32,16384,2268.1
54,0,64,512,190.849
54,0,64,768,263.082
54,0,64,1152,364.182
54,0,64,1728,509.1
54,0,64,2592,783.746
54,0,64,3888,1384.77
54,0,64,5832,2124.74
54,0,64,8748,3156.06
54,0,64,13122,4714.6
54,0,64,16384,5911.46
54,0,128,512,412.48
54,0,128,768,566.36
54,0,128,1152,790.83
54,0,128,1728,1200.3
54,0,128,2592,2402.12
54,0,128,3888,4126.96
54,0,128,5832,6137.56
54,0,128,8748,9250.44
54,0,128,13122,13945.4
54,0,128,16384,20507.6
54,512,0,0,36.48
54,512,1,512,35.4554
54,512,1,768,44.5866
54,512,1,1152,61.376
54,512,1,1728,84.8846
54,512,1,2592,124.459
54,512,1,3888,180.053
54,512,1,5832,265.386
54,512,1,8748,395.414
54,512,1,13122,586.86
54,512,1,16384,733.91
54,512,2,512,35.648
54,512,2,768,44.9926
54,512,2,1152,61.866
54,512,2,1728,84.5866
54,512,2,2592,124.203
54,512,2,3888,179.733
54,512,2,5832,263.914
54,512,2,8748,393.046
54,512,2,13122,582.552
54,512,2,16384,728.344
54,512,4,512,35.7974
54,512,4,768,45.7166
54,512,4,1152,61.9306
54,512,4,1728,85.3974
54,512,4,2592,124.822
54,512,4,3888,179.435
54,512,4,5832,262.998
54,512,4,8748,391.852
54,512,4,13122,583.168
54,512,4,16384,727.468
54,512,8,512,36.2666
54,512,8,768,46.6346
54,512,8,1152,63.808
54,512,8,1728,87.488
54,512,8,2592,127.894
54,512,8,3888,183.041
54,512,8,5832,270.506
54,512,8,8748,400.172
54,512,8,13122,588.716
54,512,8,16384,735.212
54,512,16,512,67.4126
54,512,16,768,87.9146
54,512,16,1152,122.283
54,512,16,1728,168.107
54,512,16,2592,245.204
54,512,16,3888,357.12
54,512,16,5832,525.548
54,512,16,8748,791.704
54,512,16,13122,1176.6
54,512,16,16384,1474.91
54,512,32,512,99.5206
54,512,32,768,132.843
54,512,32,1152,183.702
54,512,32,1728,252.352
54,512,32,2592,371.906
54,512,32,3888,548.46
54,512,32,5832,832.77
54,512,32,8748,1233.58
54,512,32,13122,1824.22
54,512,32,16384,2273.62
54,512,64,512,192.107
54,512,64,768,263.296
54,512,64,1152,362.838
54,512,64,1728,511.064
54,512,64,2592,785.836
54,512,64,3888,1388.68
54,512,64,5832,2128.32
54,512,64,8748,3158.04
54,512,64,13122,4712.86
54,512,64,16384,5925.14
54,512,128,512,418.88
54,512,128,768,568.898
54,512,128,1152,792.728
54,512,128,1728,1195.2
54,512,128,2592,2407.48
54,512,128,3888,4130.88
54,512,128,5832,6139.84
54,512,128,8748,9218.92
54,512,128,13122,14051.2
54,512,128,16384,20907.6
54,768,0,0,48.2554
54,768,1,512,47.764
54,768,1,768,47.6166
54,768,1,1152,63.852
54,768,1,1728,88.1714
54,768,1,2592,128.427
54,768,1,3888,185.92
54,768,1,5832,273.836
54,768,1,8748,406.102
54,768,1,13122,603.798
54,768,1,16384,754.304
54,768,2,512,47.8494
54,768,2,768,47.786
54,768,2,1152,64.4914
54,768,2,1728,88.4474
54,768,2,2592,128.639
54,768,2,3888,186.879
54,768,2,5832,274.26
54,768,2,8748,407.424
54,768,2,13122,598.102
54,768,2,16384,746.39
54,768,4,512,48.1074
54,768,4,768,48.1274
54,768,4,1152,64.5546
54,768,4,1728,88.5126
54,768,4,2592,129.344
54,768,4,3888,186.048
54,768,4,5832,271.658
54,768,4,8748,405.164
54,768,4,13122,604.738
54,768,4,16384,745.622
54,768,8,512,48.918
54,768,8,768,49.3866
54,768,8,1152,66.9866
54,768,8,1728,91.862
54,768,8,2592,133.292
54,768,8,3888,190.465
54,768,8,5832,281.578
54,768,8,8748,417.9
54,768,8,13122,609.816
54,768,8,16384,765.868
54,768,16,512,81.408
54,768,16,768,93.5466
54,768,16,1152,127.404
54,768,16,1728,174.635
54,768,16,2592,254.912
54,768,16,3888,372.652
54,768,16,5832,549.612
54,768,16,8748,822.23
54,768,16,13122,1227.97
54,768,16,16384,1537.52
54,768,32,512,114.239
54,768,32,768,138.197
54,768,32,1152,190.7
54,768,32,1728,263.296
54,768,32,2592,386.71
54,768,32,3888,569.942
54,768,32,5832,861.912
54,768,32,8748,1278.19
54,768,32,13122,1867.91
54,768,32,16384,2358.1
54,768,64,512,208.704
54,768,64,768,273.794
54,768,64,1152,375.466
54,768,64,1728,529.536
54,768,64,2592,810.136
54,768,64,3888,1413.98
54,768,64,5832,2152.14
54,768,64,8748,3199.44
54,768,64,13122,4704.46
54,768,64,16384,5890.84
54,768,128,512,421.056
54,768,128,768,570.028
54,768,128,1152,793.902
54,768,128,1728,1201.37
54,768,128,2592,2429.58
54,768,128,3888,4129.46
54,768,128,5832,6146.96
54,768,128,8748,9232.04
54,768,128,13122,14377.4
54,768,128,16384,19751.5
54,1152,0,0,64.2134
54,1152,1,512,62.6986
54,1152,1,768,62.5494
54,1152,1,1152,62.9546
54,1152,1,1728,84.6286
54,1152,1,2592,124.245
54,1152,1,3888,180.312
54,1152,1,5832,265.386
54,1152,1,8748,395.476
54,1152,1,13122,587.734
54,1152,1,16384,735.084
54,1152,2,512,62.4206
54,1152,2,768,62.6774
54,1152,2,1152,62.8274
54,1152,2,1728,84.758
54,1152,2,2592,124.289
54,1152,2,3888,179.414
54,1152,2,5832,263.724
54,1152,2,8748,393.878
54,1152,2,13122,583.02
54,1152,2,16384,728.108
54,1152,4,512,62.4
54,1152,4,768,62.4646
54,1152,4,1152,62.9334
54,1152,4,1728,85.504
54,1152,4,2592,124.417
54,1152,4,3888,179.051
54,1152,4,5832,263.04
54,1152,4,8748,391.446
54,1152,4,13122,583.254
54,1152,4,16384,728
54,1152,8,512,63.616
54,1152,8,768,64.086
54,1152,8,1152,64.4906
54,1152,8,1728,88.384
54,1152,8,2592,128.341
54,1152,8,3888,183.829
54,1152,8,5832,271.404
54,1152,8,8748,402.496
54,1152,8,13122,592.002
54,1152,8,16384,737.024
54,1152,16,512,93.8026
54,1152,16,768,105.003
54,1152,16,1152,123.691
54,1152,16,1728,168.022
54,1152,16,2592,245.504
54,1152,16,3888,356.822
54,1152,16,5832,526.72
54,1152,16,8748,790.7
54,1152,16,13122,1173.49
54,1152,16,16384,1470.43
54,1152,32,512,125.525
54,1152,32,768,148.331
54,1152,32,1152,184.747
54,1152,32,1728,253.142
54,1152,32,2592,371.606
54,1152,32,3888,549.826
54,1152,32,5832,828.398
54,1152,32,8748,1234.97
54,1152,32,13122,1823.9
54,1152,32,16384,2273.1
54,1152,64,512,216.172
54,1152,64,768,278.4
54,1152,64,1152,366.636
54,1152,64,1728,511.682
54,1152,64,2592,785.688
54,1152,64,3888,1392.6
54,1152,64,5832,2128.86
54,1152,64,8748,3164.22
54,1152,64,13122,4713.26
54,1152,64,16384,5895.36
54,1152,128,512,429.59
54,1152,128,768,572.716
54,1152,128,1152,798.274
54,1152,128,1728,1203.08
54,1152,128,2592,2420.68
54,1152,128,3888,4137.96
54,1152,128,5832,6142.58
54,1152,128,8748,9237.9
54,1152,128,13122,14301.9
54,1152,128,16384,18996.5
54,1728,0,0,87.404
54,1728,1,512,85.6534
54,1728,1,768,85.2906
54,1728,1,1152,85.1634
54,1728,1,1728,85.8034
54,1728,1,2592,124.075
54,1728,1,3888,179.691
54,1728,1,5832,265.13
54,1728,1,8748,396.162
54,1728,1,13122,586.262
54,1728,1,16384,734.316
54,1728,2,512,85.568
54,1728,2,768,85.2486
54,1728,2,1152,85.5466
54,1728,2,1728,86.1866
54,1728,2,2592,124.16
54,1728,2,3888,179.925
54,1728,2,5832,264.598
54,1728,2,8748,391.83
54,1728,2,13122,582.848
54,1728,2,16384,730.818
54,1728,4,512,85.1826
54,1728,4,768,85.1194
54,1728,4,1152,85.4614
54,1728,4,1728,85.6746
54,1728,4,2592,124.652
54,1728,4,3888,179.627
54,1728,4,5832,263.85
54,1728,4,8748,392.96
54,1728,4,13122,582.698
54,1728,4,16384,727.896
54,1728,8,512,86.9334
54,1728,8,768,86.7414
54,1728,8,1152,87.488
54,1728,8,1728,89.2166
54,1728,8,2592,129.11
54,1728,8,3888,183.957
54,1728,8,5832,270.506
54,1728,8,8748,402.796
54,1728,8,13122,592.278
54,1728,8,16384,737.496
54,1728,16,512,114.987
54,1728,16,768,125.996
54,1728,16,1152,144.513
54,1728,16,1728,169.856
54,1728,16,2592,246.252
54,1728,16,3888,358.082
54,1728,16,5832,528.876
54,1728,16,8748,789.698
54,1728,16,13122,1178.69
54,1728,16,16384,1472.69
54,1728,32,512,147.265
54,1728,32,768,169.899
54,1728,32,1152,205.248
54,1728,32,1728,254.272
54,1728,32,2592,372.972
54,1728,32,3888,548.694
54,1728,32,5832,824.238
54,1728,32,8748,1237.44
54,1728,32,13122,1827.7
54,1728,32,16384,2271.86
54,1728,64,512,238.058
54,1728,64,768,299.33
54,1728,64,1152,381.632
54,1728,64,1728,513.58
54,1728,64,2592,811.14
54,1728,64,3888,1411.78
54,1728,64,5832,2155.58
54,1728,64,8748,3206.54
54,1728,64,13122,4769.18
54,1728,64,16384,5917.78
54,1728,128,512,464.236
54,1728,128,768,590.338
54,1728,128,1152,821.016
54,1728,128,1728,1232.86
54,1728,128,2592,2445.92
54,1728,128,3888,4141.16
54,1728,128,5832,6166.54
54,1728,128,8748,9274.36
54,1728,128,13122,14253.9
54,1728,128,16384,18753.1
54,2592,0,0,130.859
54,2592,1,512,128.385
54,2592,1,768,129.13
54,2592,1,1152,128.767
54,2592,1,1728,128.086
54,2592,1,2592,129.963
54,2592,1,3888,184.555
54,2592,1,5832,271.276
54,2592,1,8748,404.608
54,2592,1,13122,598.912
54,2592,1,16384,752.704
54,2592,2,512,128.789
54,2592,2,768,129.195
54,2592,2,1152,129.3
54,2592,2,1728,129.025
54,2592,2,2592,129.131
54,2592,2,3888,184.64
54,2592,2,5832,269.44
54,2592,2,8748,403.094
54,2592,2,13122,597.164
54,2592,2,16384,746.56
54,2592,4,512,128.769
54,2592,4,768,128.384
54,2592,4,1152,129.833
54,2592,4,1728,129.365
54,2592,4,2592,129.579
54,2592,4,3888,187.029
54,2592,4,5832,271.744
54,2592,4,8748,403.392
54,2592,4,13122,605.954
54,2592,4,16384,751.128
54,2592,8,512,130.665
54,2592,8,768,131.435
54,2592,8,1152,132.331
54,2592,8,1728,133.312
54,2592,8,2592,134.101
54,2592,8,3888,192.17
54,2592,8,5832,282.39
54,2592,8,8748,417.708
54,2592,8,13122,612.758
54,2592,8,16384,765.4
54,2592,16,512,156.928
54,2592,16,768,169.302
54,2592,16,1152,187.498
54,2592,16,1728,212.972
54,2592,16,2592,256.256
54,2592,16,3888,371.434
54,2592,16,5832,552.084
54,2592,16,8748,822.018
54,2592,16,13122,1230.34
54,2592,16,16384,1532.29
54,2592,32,512,191.146
54,2592,32,768,214.08
54,2592,32,1152,250.838
54,2592,32,1728,301.016
54,2592,32,2592,386.624
54,2592,32,3888,570.924
54,2592,32,5832,854.658
54,2592,32,8748,1279.58
54,2592,32,13122,1891.06
54,2592,32,16384,2353.28
54,2592,64,512,286.4
54,2592,64,768,348.716
54,2592,64,1152,433.984
54,2592,64,1728,544.77
54,2592,64,2592,816.94
54,2592,64,3888,1406.68
54,2592,64,5832,2148.36
54,2592,64,8748,3208.48
54,2592,64,13122,4807.38
54,2592,64,16384,6018.4
54,2592,128,512,506.648
54,2592,128,768,631.404
54,2592,128,1152,837.442
54,2592,128,1728,1215.32
54,2592,128,2592,2448.92
54,2592,128,3888,4162.28
54,2592,128,5832,6325.46
54,2592,128,8748,9372.14
54,2592,128,13122,15710.8
54,2592,128,16384,20740.8
54,3888,0,0,189.355
54,3888,1,512,186.303
54,3888,1,768,186.219
54,3888,1,1152,186.475
54,3888,1,1728,185.451
54,3888,1,2592,184.405
54,3888,1,3888,185.878
54,3888,1,5832,273.856
54,3888,1,8748,406.464
54,3888,1,13122,594.41
54,3888,1,16384,749.698
54,3888,2,512,185.813
54,3888,2,768,185.365
54,3888,2,1152,185.28
54,3888,2,1728,186.049
54,3888,2,2592,185.045
54,3888,2,3888,184.854
54,3888,2,5832,271.188
54,3888,2,8748,402.774
54,3888,2,13122,600.982
54,3888,2,16384,750.956
54,3888,4,512,185.109
54,3888,4,768,187.028
54,3888,4,1152,186.667
54,3888,4,1728,186.198
54,3888,4,2592,185.879
54,3888,4,3888,187.137
54,3888,4,5832,272.236
54,3888,4,8748,405.44
54,3888,4,13122,606.272
54,3888,4,16384,752.918
54,3888,8,512,188.288
54,3888,8,768,188.373
54,3888,8,1152,188.885
54,3888,8,1728,188.63
54,3888,8,2592,189.868
54,3888,8,3888,192.405
54,3888,8,5832,283.818
54,3888,8,8748,417.386
54,3888,8,13122,614.124
54,3888,8,16384,766.21
54,3888,16,512,211.712
54,3888,16,768,223.958
54,3888,16,1152,241.494
54,3888,16,1728,268.16
54,3888,16,2592,310.08
54,3888,16,3888,374.208
54,3888,16,5832,550.488
54,3888,16,8748,826.028
54,3888,16,13122,1227.27
54,3888,16,16384,1536.77
54,3888,32,512,245.654
54,3888,32,768,267.756
54,3888,32,1152,303.66
54,3888,32,1728,356.994
54,3888,32,2592,441.004
54,3888,32,3888,575.68
54,3888,32,5832,860.376
54,3888,32,8748,1298.46
54,3888,32,13122,1916.93
54,3888,32,16384,2409.76
54,3888,64,512,340.546
54,3888,64,768,403.33
54,3888,64,1152,488.322
54,3888,64,1728,602.562
54,3888,64,2592,860.866
54,3888,64,3888,1433.9
54,3888,64,5832,2176.1
54,3888,64,8748,3333.84
54,3888,64,13122,4905.4
54,3888,64,16384,6164.4
54,3888,128,512,564.758
54,3888,128,768,688.472
54,3888,128,1152,897.858
54,3888,128,1728,1310.96
54,3888,128,2592,2440.28
54,3888,128,3888,4165.56
54,3888,128,5832,6226.14
54,3888,128,8748,9719.04
54,3888,128,13122,15289.7
54,3888,128,16384,20666
54,5832,0,0,268.032
54,5832,1,512,266.646
54,5832,1,768,266.56
54,5832,1,1152,266.07
54,5832,1,1728,265.792
54,5832,1,2592,266.112
54,5832,1,3888,264.726
54,5832,1,5832,267.266
54,5832,1,8748,395.072
54,5832,1,13122,586.966
54,5832,1,16384,734.08
54,5832,2,512,266.07
54,5832,2,768,266.56
54,5832,2,1152,265.858
54,5832,2,1728,267.03
54,5832,2,2592,265.344
54,5832,2,3888,265.066
54,5832,2,5832,263.808
54,5832,2,8748,393.216
54,5832,2,13122,583.83
54,5832,2,16384,727.296
54,5832,4,512,265.898
54,5832,4,768,265.45
54,5832,4,1152,265.728
54,5832,4,1728,264.96
54,5832,4,2592,265.002
54,5832,4,3888,264.918
54,5832,4,5832,265.088
54,5832,4,8748,393.366
54,5832,4,13122,583.254
54,5832,4,16384,727.53
54,5832,8,512,265.726
54,5832,8,768,266.454
54,5832,8,1152,266.284
54,5832,8,1728,267.798
54,5832,8,2592,266.838
54,5832,8,3888,268.672
54,5832,8,5832,272.404
54,5832,8,8748,405.418
54,5832,8,13122,591.298
54,5832,8,16384,737.644
54,5832,16,512,280.236
54,5832,16,768,291.074
54,5832,16,1152,309.716
54,5832,16,1728,334.934
54,5832,16,2592,375.98
54,5832,16,3888,437.164
54,5832,16,5832,535.212
54,5832,16,8748,796.12
54,5832,16,13122,1178.35
54,5832,16,16384,1469.62
54,5832,32,512,311.446
54,5832,32,768,335.104
54,5832,32,1152,370.304
54,5832,32,1728,419.584
54,5832,32,2592,501.868
54,5832,32,3888,632.022
54,5832,32,5832,845.506
54,5832,32,8748,1248.94
54,5832,32,13122,1898.48
54,5832,32,16384,2368.02
54,5832,64,512,404.31
54,5832,64,768,468.822
54,5832,64,1152,552.748
54,5832,64,1728,657.112
54,5832,64,2592,921.944
54,5832,64,3888,1481.13
54,5832,64,5832,2164.02
54,5832,64,8748,3261.38
54,5832,64,13122,5014.62
54,5832,64,16384,6267.68
54,5832,128,512,629.314
54,5832,128,768,771.416
54,5832,128,1152,951.576
54,5832,128,1728,1361.82
54,5832,128,2592,2439.62
54,5832,128,3888,4255.84
54,5832,128,5832,6203.12
54,5832,128,8748,9709.9
54,5832,128,13122,15221
54,5832,128,16384,20365
54,8748,0,0,409.834
54,8748,1,512,409.258
54,8748,1,768,408.044
54,8748,1,1152,404.332
54,8748,1,1728,406.998
54,8748,1,2592,407.638
54,8748,1,3888,409.302
54,8748,1,5832,401.474
54,8748,1,8748,407.422
54,8748,1,13122,604.95
54,8748,1,16384,745.86
54,8748,2,512,402.946
54,8748,2,768,407.488
54,8748,2,1152,405.42
54,8748,2,1728,407.384
54,8748,2,2592,404.352
54,8748,2,3888,403.926
54,8748,2,5832,404.864
54,8748,2,8748,405.846
54,8748,2,13122,597.548
54,8748,2,16384,750.744
54,8748,4,512,407.424
54,8748,4,768,403.648
54,8748,4,1152,406.698
54,8748,4,1728,410.112
54,8748,4,2592,404.886
54,8748,4,3888,407.636
54,8748,4,5832,407.532
54,8748,4,8748,405.782
54,8748,4,13122,605.1
54,8748,4,16384,748.48
54,8748,8,512,410.836
54,8748,8,768,407.616
54,8748,8,1152,412.116
54,8748,8,1728,410.176
54,8748,8,2592,411.712
54,8748,8,3888,412.074
54,8748,8,5832,416.13
54,8748,8,8748,420.842
54,8748,8,13122,615.446
54,8748,8,16384,768.492
54,8748,16,512,417.538
54,8748,16,768,426.924
54,8748,16,1152,445.654
54,8748,16,1728,469.994
54,8748,16,2592,512.79
54,8748,16,3888,582.316
54,8748,16,5832,679.852
54,8748,16,8748,834.05
54,8748,16,13122,1229.46
54,8748,16,16384,1536.11
54,8748,32,512,451.116
54,8748,32,768,471.768
54,8748,32,1152,508.332
54,8748,32,1728,556.906
54,8748,32,2592,646.636
54,8748,32,3888,778.562
54,8748,32,5832,1001.01
54,8748,32,8748,1292.01
54,8748,32,13122,1912.26
54,8748,32,16384,2410.26
54,8748,64,512,542.806
54,8748,64,768,608.684
54,8748,64,1152,693.314
54,8748,64,1728,811.076
54,8748,64,2592,1078.59
54,8748,64,3888,1648.94
54,8748,64,5832,2332.24
54,8748,64,8748,3250.5
54,8748,64,13122,4906.44
54,8748,64,16384,6310.4
54,8748,128,512,769.752
54,8748,128,768,918.892
54,8748,128,1152,1106.93
54,8748,128,1728,1526.19
54,8748,128,2592,2699
54,8748,128,3888,4432.2
54,8748,128,5832,6508.34
54,8748,128,8748,9416.78
54,8748,128,13122,16541.3
54,8748,128,16384,20799.4
54,13122,0,0,611.286
54,13122,1,512,602.242
54,13122,1,768,601.366
54,13122,1,1152,601.878
54,13122,1,1728,595.626
54,13122,1,2592,597.08
54,13122,1,3888,604.01
54,13122,1,5832,596.972
54,13122,1,8748,595.884
54,13122,1,13122,596.95
54,13122,1,16384,742.08
54,13122,2,512,608.106
54,13122,2,768,600.792
54,13122,2,1152,605.122
54,13122,2,1728,604.756
54,13122,2,2592,606.144
54,13122,2,3888,599.34
54,13122,2,5832,596.416
54,13122,2,8748,599.402
54,13122,2,13122,602.092
54,13122,2,16384,750.956
54,13122,4,512,607.32
54,13122,4,768,606.572
54,13122,4,1152,599.83
54,13122,4,1728,605.014
54,13122,4,2592,600.192
54,13122,4,3888,607.188
54,13122,4,5832,599.018
54,13122,4,8748,600.044
54,13122,4,13122,603.158
54,13122,4,16384,751.552
54,13122,8,512,597.696
54,13122,8,768,608.022
54,13122,8,1152,604.332
54,13122,8,1728,607.872
54,13122,8,2592,604.076
54,13122,8,3888,611.116
54,13122,8,5832,610.968
54,13122,8,8748,615.106
54,13122,8,13122,616.278
54,13122,8,16384,768.3
54,13122,16,512,607.382
54,13122,16,768,612.054
54,13122,16,1152,628.546
54,13122,16,1728,660.844
54,13122,16,2592,695.79
54,13122,16,3888,763.542
54,13122,16,5832,864.492
54,13122,16,8748,1025.84
54,13122,16,13122,1240.11
54,13122,16,16384,1540.98
54,13122,32,512,629.762
54,13122,32,768,660.482
54,13122,32,1152,694.508
54,13122,32,1728,743.894
54,13122,32,2592,829.058
54,13122,32,3888,964.204
54,13122,32,5832,1186.2
54,13122,32,8748,1494.38
54,13122,32,13122,1912.9
54,13122,32,16384,2366.74
54,13122,64,512,728.13
54,13122,64,768,790.082
54,13122,64,1152,878.232
54,13122,64,1728,996.652
54,13122,64,2592,1277.74
54,13122,64,3888,1873.41
54,13122,64,5832,2535.94
54,13122,64,8748,3521.98
54,13122,64,13122,4856.36
54,13122,64,16384,6067.38
54,13122,128,512,953.666
54,13122,128,768,1106.35
54,13122,128,1152,1318.51
54,13122,128,1728,1713.01
54,13122,128,2592,2982.76
54,13122,128,3888,4610.5
54,13122,128,5832,6663.66
54,13122,128,8748,10008.6
54,13122,128,13122,14884
54,13122,128,16384,20470
54,16384,0,0,738.454
54,16384,1,512,736.662
54,16384,1,768,736.128
54,16384,1,1152,735.018
54,16384,1,1728,736.214
54,16384,1,2592,735.872
54,16384,1,3888,734.528
54,16384,1,5832,735.298
54,16384,1,8748,736.514
54,16384,1,13122,734.122
54,16384,1,16384,735.254
54,16384,2,512,736.448
54,16384,2,768,734.4
54,16384,2,1152,735.618
54,16384,2,1728,734.658
54,16384,2,2592,736.296
54,16384,2,3888,735.51
54,16384,2,5832,733.078
54,16384,2,8748,733.482
54,16384,2,13122,727.808
54,16384,2,16384,729.878
54,16384,4,512,733.314
54,16384,4,768,735.212
54,16384,4,1152,734.658
54,16384,4,1728,734.614
54,16384,4,2592,733.59
54,16384,4,3888,733.888
54,16384,4,5832,732.44
54,16384,4,8748,732.8
54,16384,4,13122,732.056
54,16384,4,16384,729.472
54,16384,8,512,732.396
54,16384,8,768,734.124
54,16384,8,1152,735.554
54,16384,8,1728,735.02
54,16384,8,2592,736.876
54,16384,8,3888,738.774
54,16384,8,5832,739.564
54,16384,8,8748,742.53
54,16384,8,13122,742.06
54,16384,8,16384,744.364
54,16384,16,512,730.39
54,16384,16,768,730.2
54,16384,16,1152,736.878
54,16384,16,1728,764.118
54,16384,16,2592,802.882
54,16384,16,3888,864.792
54,16384,16,5832,966.148
54,16384,16,8748,1118.15
54,16384,16,13122,1332.48
54,16384,16,16384,1479.56
54,16384,32,512,741.206
54,16384,32,768,761.58
54,16384,32,1152,796.76
54,16384,32,1728,845.59
54,16384,32,2592,928.322
54,16384,32,3888,1058.54
54,16384,32,5832,1283.52
54,16384,32,8748,1590.11
54,16384,32,13122,2002.56
54,16384,32,16384,2301.26
54,16384,64,512,828.758
54,16384,64,768,895.896
54,16384,64,1152,976.216
54,16384,64,1728,1088.84
54,16384,64,2592,1360.71
54,16384,64,3888,1974.47
54,16384,64,5832,2650.72
54,16384,64,8748,3582.28
54,16384,64,13122,5114.28
54,16384,64,16384,6007.44
54,16384,128,512,1057.54
54,16384,128,768,1206.43
54,16384,128,1152,1415.45
54,16384,128,1728,1802.25
54,16384,128,2592,3069.48
54,16384,128,3888,4774.22
54,16384,128,5832,6747.56
54,16384,128,8748,9787.84
54,16384,128,13122,15801
54,16384,128,16384,20699
64,0,0,0,16.9393
64,0,1,16,16.5333
64,0,1,32,16.5547
64,0,1,64,16.6187
64,0,1,128,19.7113
64,0,1,256,24.9174
64,0,1,512,34.838
64,0,1,1024,56.7674
64,0,1,2048,101.525
64,0,1,4096,191.873
64,0,1,8192,372.886
64,0,1,16384,734.72
64,0,2,16,16.6613
64,0,2,32,16.7033
64,0,2,64,16.938
64,0,2,128,19.9253
64,0,2,256,24.982
64,0,2,512,35.094
64,0,2,1024,56.5114
64,0,2,2048,101.717
64,0,2,4096,190.827
64,0,2,8192,369.602
64,0,2,16384,728.896
64,0,4,16,16.2987
64,0,4,32,16.1507
64,0,4,64,16.3413
64,0,4,128,19.712
64,0,4,256,24.9166
64,0,4,512,35.136
64,0,4,1024,57.024
64,0,4,2048,101.525
64,0,4,4096,190.485
64,0,4,8192,370.07
64,0,4,16384,728.342
64,0,8,16,16.3413
64,0,8,32,16.3413
64,0,8,64,16.5547
64,0,8,128,20.266
64,0,8,256,25.6
64,0,8,512,36.1174
64,0,8,1024,58.2186
64,0,8,2048,104.47
64,0,8,4096,193.578
64,0,8,8192,375.68
64,0,8,16384,735.788
64,0,16,16,25.28
64,0,16,32,25.386
64,0,16,64,25.408
64,0,16,128,33.4934
64,0,16,256,44.032
64,0,16,512,65.6214
64,0,16,1024,110.975
64,0,16,2048,199.937
64,0,16,4096,378.112
64,0,16,8192,744.3
64,0,16,16384,1471.94
64,0,32,16,33.8346
64,0,32,32,33.984
64,0,32,64,34.56
64,0,32,128,48.2566
64,0,32,256,64.96
64,0,32,512,98.3894
64,0,32,1024,167.232
64,0,32,2048,299.414
64,0,32,4096,583.852
64,0,32,8192,1164.61
64,0,32,16384,2270.9
64,0,64,16,58.176
64,0,64,32,58.624
64,0,64,64,60.0114
64,0,64,128,88.918
64,0,64,256,122.709
64,0,64,512,190.571
64,0,64,1024,332.46
64,0,64,2048,623.638
64,0,64,4096,1488.69
64,0,64,8192,2966.48
64,0,64,16384,5891.02
64,0,128,16,102.251
64,0,128,32,103.339
64,0,128,64,107.413
64,0,128,128,169.153
64,0,128,256,244.864
64,0,128,512,412.908
64,0,128,1024,713.048
64,0,128,2048,1567.2
64,0,128,4096,4347.48
64,0,128,8192,8585.64
64,0,128,16384,20919.6
64,16,0,0,17.6847
64,16,1,16,16.598
64,16,1,32,16.8327
64,16,1,64,16.704
64,16,1,128,19.968
64,16,1,256,24.8534
64,16,1,512,34.88
64,16,1,1024,56.6826
64,16,1,2048,101.249
64,16,1,4096,191.233
64,16,1,8192,372.438
64,16,1,16384,733.206
64,16,2,16,17.0673
64,16,2,32,16.64
64,16,2,64,16.8953
64,16,2,128,19.7127
64,16,2,256,25.3454
64,16,2,512,35.2854
64,16,2,1024,56.6834
64,16,2,2048,101.291
64,16,2,4096,190.57
64,16,2,8192,371.434
64,16,2,16384,727.852
64,16,4,16,16.2133
64,16,4,32,16.3413
64,16,4,64,16.448
64,16,4,128,19.8613
64,16,4,256,24.9606
64,16,4,512,35.3706
64,16,4,1024,56.8754
64,16,4,2048,101.334
64,16,4,4096,190.869
64,16,4,8192,368.728
64,16,4,16384,726.23
64,16,8,16,16.4693
64,16,8,32,16.4907
64,16,8,64,16.6407
64,16,8,128,20.1386
64,16,8,256,26.0054
64,16,8,512,36.1174
64,16,8,1024,58.5594
64,16,8,2048,103.937
64,16,8,4096,193.984
64,16,8,8192,377.322
64,16,8,16384,736.896
64,16,16,16,25.0886
64,16,16,32,25.6214
64,16,16,64,25.8774
64,16,16,128,33.2374
64,16,16,256,44.694
64,16,16,512,65.878
64,16,16,1024,111.19
64,16,16,2048,199.467
64,16,16,4096,376.662
64,16,16,8192,744.13
64,16,16,16384,1473.6
64,16,32,16,33.984
64,16,32,32,33.8554
64,16,32,64,34.4946
64,16,32,128,48.4274
64,16,32,256,65.2374
64,16,32,512,98.3466
64,16,32,1024,166.421
64,16,32,2048,299.714
64,16,32,4096,583
64,16,32,8192,1165.23
64,16,32,16384,2270.88
64,16,64,16,57.9634
64,16,64,32,58.8586
64,16,64,64,60.4166
64,16,64,128,88.9394
64,16,64,256,122.965
64,16,64,512,191.04
64,16,64,1024,332.524
64,16,64,2048,621.206
64,16,64,4096,1482.01
64,16,64,8192,2965.04
64,16,64,16384,5906.12
64,16,128,16,102.293
64,16,128,32,103.551
64,16,128,64,107.541
64,16,128,128,168.598
64,16,128,256,245.056
64,16,128,512,412.738
64,16,128,1024,713.964
64,16,128,2048,1568.26
64,16,128,4096,4346.48
64,16,128,8192,8589.58
64,16,128,16384,20374.8
64,32,0,0,17.2373
64,32,1,16,16.6187
64,32,1,32,16.64
64,32,1,64,16.7473
64,32,1,128,19.776
64,32,1,256,25.002
64,32,1,512,34.9646
64,32,1,1024,56.7034
64,32,1,2048,101.227
64,32,1,4096,192.063
64,32,1,8192,373.546
64,32,1,16384,735.936
64,32,2,16,16.64
64,32,2,32,16.9173
64,32,2,64,17.0667
64,32,2,128,19.9467
64,32,2,256,25.046
64,32,2,512,35.3074
64,32,2,1024,57.1094
64,32,2,2048,101.057
64,32,2,4096,190.933
64,32,2,8192,370.626
64,32,2,16384,728.386
64,32,4,16,16.2347
64,32,4,32,16.2133
64,32,4,64,16.5973
64,32,4,128,19.818
64,32,4,256,25.0034
64,32,4,512,34.9866
64,32,4,1024,56.81
64,32,4,2048,101.013
64,32,4,4096,190.315
64,32,4,8192,368.448
64,32,4,16384,726.058
64,32,8,16,16.576
64,32,8,32,16.4907
64,32,8,64,16.81
64,32,8,128,20.0534
64,32,8,256,25.5154
64,32,8,512,36.096
64,32,8,1024,58.3894
64,32,8,2048,104.321
64,32,8,4096,194.261
64,32,8,8192,378.304
64,32,8,16384,736.322
64,32,16,16,25.3866
64,32,16,32,25.2374
64,32,16,64,26.1954
64,32,16,128,33.4714
64,32,16,256,44.4374
64,32,16,512,65.7486
64,32,16,1024,110.721
64,32,16,2048,199.445
64,32,16,4096,376.066
64,32,16,8192,743.404
64,32,16,16384,1472
64,32,32,16,33.7914
64,32,32,32,34.006
64,32,32,64,35.2214
64,32,32,128,48.234
64,32,32,256,64.6386
64,32,32,512,98.1974
64,32,32,1024,167.083
64,32,32,2048,299.136
64,32,32,4096,582.232
64,32,32,8192,1163.03
64,32,32,16384,2271
64,32,64,16,58.4114
64,32,64,32,58.7094
64,32,64,64,60.0534
64,32,64,128,88.918
64,32,64,256,122.412
64,32,64,512,190.679
64,32,64,1024,333.036
64,32,64,2048,620.908
64,32,64,4096,1483.5
64,32,64,8192,2965.02
64,32,64,16384,5936.16
64,32,128,16,102.614
64,32,128,32,103.531
64,32,128,64,107.457
64,32,128,128,169.429
64,32,128,256,244.802
64,32,128,512,413.74
64,32,128,1024,714.092
64,32,128,2048,1578.16
64,32,128,4096,4348.22
64,32,128,8192,8600.62
64,32,128,16384,20158.6
64,64,0,0,17.4933
64,64,1,16,16.7027
64,64,1,32,16.7033
64,64,1,64,16.9807
64,64,1,128,20.032
64,64,1,256,24.896
64,64,1,512,35.1354
64,64,1,1024,56.682
64,64,1,2048,101.483
64,64,1,4096,191.915
64,64,1,8192,373.802
64,64,1,16384,736.002
64,64,2,16,17.0027
64,64,2,32,16.8953
64,64,2,64,16.96
64,64,2,128,20.032
64,64,2,256,25.344
64,64,2,512,35.264
64,64,2,1024,56.6406
64,64,2,2048,101.759
64,64,2,4096,190.401
64,64,2,8192,372.31
64,64,2,16384,728.876
64,64,4,16,16.3833
64,64,4,32,16.298
64,64,4,64,16.5973
64,64,4,128,19.9467
64,64,4,256,25.1314
64,64,4,512,35.392
64,64,4,1024,56.6834
64,64,4,2048,101.355
64,64,4,4096,190.677
64,64,4,8192,368.49
64,64,4,16384,727.426
64,64,8,16,16.2987
64,64,8,32,16.5547
64,64,8,64,16.768
64,64,8,128,20.0326
64,64,8,256,25.6214
64,64,8,512,36.3306
64,64,8,1024,58.5174
64,64,8,2048,104.447
64,64,8,4096,193.707
64,64,8,8192,377.644
64,64,8,16384,734.828
64,64,16,16,25.7066
64,64,16,32,26.0466
64,64,16,64,26.0906
64,64,16,128,33.536
64,64,16,256,44.4154
64,64,16,512,66.1334
64,64,16,1024,111.083
64,64,16,2048,199.233
64,64,16,4096,376.746
64,64,16,8192,742.594
64,64,16,16384,1470.83
64,64,32,16,34.1546
64,64,32,32,34.3686
64,64,32,64,35.2866
64,64,32,128,48.3834
64,64,32,256,65.152
64,64,32,512,98.6666
64,64,32,1024,167.04
64,64,32,2048,299.22
64,64,32,4096,582.998
64,64,32,8192,1163.65
64,64,32,16384,2275.22
64,64,64,16,58.2194
64,64,64,32,58.6454
64,64,64,64,60.588
64,64,64,128,88.832
64,64,64,256,123.052
64,64,64,512,191.147
64,64,64,1024,332.44
64,64,64,2048,621.186
64,64,64,4096,1485.12
64,64,64,8192,2966.96
64,64,64,16384,5907.3
64,64,128,16,102.592
64,64,128,32,103.446
64,64,128,64,108.054
64,64,128,128,169.493
64,64,128,256,244.352
64,64,128,512,412.546
64,64,128,1024,713.154
64,64,128,2048,1570.97
64,64,128,4096,4347.22
64,64,128,8192,8600.6
64,64,128,16384,20646
64,128,0,0,22.2934
64,128,1,16,20.672
64,128,1,32,20.544
64,128,1,64,20.4794
64,128,1,128,21.2266
64,128,1,256,24.8746
64,128,1,512,34.6246
64,128,1,1024,56.4706
64,128,1,2048,101.334
64,128,1,4096,191.787
64,128,1,8192,373.866
64,128,1,16384,736.108
64,128,2,16,20.6074
64,128,2,32,20.5654
64,128,2,64,20.5446
64,128,2,128,21.1414
64,128,2,256,25.0666
64,128,2,512,35.072
64,128,2,1024,56.6834
64,128,2,2048,101.675
64,128,2,4096,190.464
64,128,2,8192,372.032
64,128,2,16384,728.938
64,128,4,16,20.3954
64,128,4,32,20.3306
64,128,4,64,20.5014
64,128,4,128,20.7574
64,128,4,256,24.9386
64,128,4,512,35.072
64,128,4,1024,57.0674
64,128,4,2048,101.099
64,128,4,4096,190.741
64,128,4,8192,368.494
64,128,4,16384,728.576
64,128,8,16,20.4806
64,128,8,32,20.544
64,128,8,64,20.5654
64,128,8,128,20.992
64,128,8,256,25.3226
64,128,8,512,35.414
64,128,8,1024,58.9014
64,128,8,2048,104.171
64,128,8,4096,194.325
64,128,8,8192,377.558
64,128,8,16384,734.68
64,128,16,16,30.914
64,128,16,32,31.232
64,128,16,64,31.36
64,128,16,128,35.7326
64,128,16,256,44.288
64,128,16,512,65.9854
64,128,16,1024,110.805
64,128,16,2048,199.853
64,128,16,4096,376.834
64,128,16,8192,741.698
64,128,16,16384,1467.35
64,128,32,16,39.4666
64,128,32,32,39.9146
64,128,32,64,40.1066
64,128,32,128,49.5354
64,128,32,256,64.8526
64,128,32,512,98.6034
64,128,32,1024,166.998
64,128,32,2048,299.862
64,128,32,4096,582.658
64,128,32,8192,1163.61
64,128,32,16384,2275.98
64,128,64,16,63.1686
64,128,64,32,63.5306
64,128,64,64,64.9814
64,128,64,128,90.4106
64,128,64,256,122.966
64,128,64,512,190.571
64,128,64,1024,331.692
64,128,64,2048,621.42
64,128,64,4096,1474.35
64,128,64,8192,2967.94
64,128,64,16384,5873.26
64,128,128,16,105.92
64,128,128,32,107.029
64,128,128,64,109.674
64,128,128,128,169.643
64,128,128,256,245.93
64,128,128,512,414.614
64,128,128,1024,712.792
64,128,128,2048,1549
64,128,128,4096,4345.26
64,128,128,8192,8582.12
64,128,128,16384,20376.2
64,256,0,0,26.9434
64,256,1,16,25.834
64,256,1,32,25.8574
64,256,1,64,25.7486
64,256,1,128,25.7486
64,256,1,256,25.664
64,256,1,512,34.5174
64,256,1,1024,56.4694
64,256,1,2048,101.355
64,256,1,4096,191.979
64,256,1,8192,373.674
64,256,1,16384,736.17
64,256,2,16,25.834
64,256,2,32,25.9626
64,256,2,64,25.8986
64,256,2,128,25.8346
64,256,2,256,25.94
64,256,2,512,34.7734
64,256,2,1024,56.8746
64,256,2,2048,101.291
64,256,2,4096,190.464
64,256,2,8192,369.366
64,256,2,16384,730.73
64,256,4,16,25.6
64,256,4,32,25.8134
64,256,4,64,25.706
64,256,4,128,25.5786
64,256,4,256,25.4506
64,256,4,512,34.816
64,256,4,1024,56.556
64,256,4,2048,101.206
64,256,4,4096,190.208
64,256,4,8192,369.644
64,256,4,16384,728.002
64,256,8,16,25.6426
64,256,8,32,25.856
64,256,8,64,25.878
64,256,8,128,25.8986
64,256,8,256,25.8986
64,256,8,512,35.9254
64,256,8,1024,58.7534
64,256,8,2048,104.32
64,256,8,4096,194.155
64,256,8,8192,378.518
64,256,8,16384,734.742
64,256,16,16,36.2466
64,256,16,32,35.968
64,256,16,64,36.8214
64,256,16,128,41.046
64,256,16,256,46.378
64,256,16,512,65.856
64,256,16,1024,110.976
64,256,16,2048,199.979
64,256,16,4096,377.516
64,256,16,8192,740.034
64,256,16,16384,1469.57
64,256,32,16,44.4586
64,256,32,32,44.7366
64,256,32,64,45.632
64,256,32,128,54.6346
64,256,32,256,66.5386
64,256,32,512,98.368
64,256,32,1024,167.147
64,256,32,2048,299.288
64,256,32,4096,583.96
64,256,32,8192,1164.38
64,256,32,16384,2278.06
64,256,64,16,69.0986
64,256,64,32,69.0354
64,256,64,64,70.422
64,256,64,128,94.7414
64,256,64,256,124.117
64,256,64,512,191.062
64,256,64,1024,332.524
64,256,64,2048,620.098
64,256,64,4096,1483.21
64,256,64,8192,2971.56
64,256,64,16384,5888.34
64,256,128,16,111.19
64,256,128,32,111.915
64,256,128,64,114.988
64,256,128,128,171.671
64,256,128,256,247.722
64,256,128,512,415.852
64,256,128,1024,715.096
64,256,128,2048,1559.17
64,256,128,4096,4346.16
64,256,128,8192,8591.16
64,256,128,16384,20961.2
64,512,0,0,36.8006
64,512,1,16,35.9474
64,512,1,32,35.9254
64,512,1,64,36.0754
64,512,1,128,35.8186
64,512,1,256,35.754
64,512,1,512,35.8834
64,512,1,1024,56.6394
64,512,1,2048,101.227
64,512,1,4096,191.488
64,512,1,8192,373.184
64,512,1,16384,734.51
64,512,2,16,35.948
64,512,2,32,35.968
64,512,2,64,36.0534
64,512,2,128,35.9894
64,512,2,256,36.032
64,512,2,512,35.9886
64,512,2,1024,56.64
64,512,2,2048,101.483
64,512,2,4096,190.272
64,512,2,8192,371.2
64,512,2,16384,729.644
64,512,4,16,35.6686
64,512,4,32,35.7534
64,512,4,64,35.946
64,512,4,128,35.7546
64,512,4,256,35.9254
64,512,4,512,36.0306
64,512,4,1024,57.536
64,512,4,2048,101.866
64,512,4,4096,190.955
64,512,4,8192,368.81
64,512,4,16384,727.532
64,512,8,16,35.756
64,512,8,32,35.9254
64,512,8,64,35.8614
64,512,8,128,35.818
64,512,8,256,35.968
64,512,8,512,36.6506
64,512,8,1024,58.944
64,512,8,2048,104.448
64,512,8,4096,194.689
64,512,8,8192,378.518
64,512,8,16384,736.428
64,512,16,16,46.208
64,512,16,32,46.144
64,512,16,64,46.3574
64,512,16,128,51.6266
64,512,16,256,57.3014
64,512,16,512,67.7974
64,512,16,1024,111.317
64,512,16,2048,199.339
64,512,16,4096,378.794
64,512,16,8192,739.798
64,512,16,16384,1472.71
64,512,32,16,55.0826
64,512,32,32,54.9754
64,512,32,64,55.9794
64,512,32,128,65.3874
64,512,32,256,76.2454
64,512,32,512,99.584
64,512,32,1024,166.892
64,512,32,2048,300.118
64,512,32,4096,584.876
64,512,32,8192,1164.51
64,512,32,16384,2272.54
64,512,64,16,79.596
64,512,64,32,80.2146
64,512,64,64,81.216
64,512,64,128,105.387
64,512,64,256,132.865
64,512,64,512,192.961
64,512,64,1024,333.142
64,512,64,2048,621.122
64,512,64,4096,1482.95
64,512,64,8192,2969.02
64,512,64,16384,5949.22
64,512,128,16,121.323
64,512,128,32,122.431
64,512,128,64,126.101
64,512,128,128,178.879
64,512,128,256,247.872
64,512,128,512,419.884
64,512,128,1024,717.124
64,512,128,2048,1554.37
64,512,128,4096,4351.46
64,512,128,8192,8596.84
64,512,128,16384,20357.4
64,1024,0,0,59.5194
64,1024,1,16,57.7914
64,1024,1,32,58.0266
64,1024,1,64,57.8774
64,1024,1,128,57.6214
64,1024,1,256,57.6434
64,1024,1,512,57.5574
64,1024,1,1024,57.9626
64,1024,1,2048,101.397
64,1024,1,4096,191.105
64,1024,1,8192,373.91
64,1024,1,16384,734.634
64,1024,2,16,58.112
64,1024,2,32,57.792
64,1024,2,64,57.898
64,1024,2,128,57.792
64,1024,2,256,57.834
64,1024,2,512,57.856
64,1024,2,1024,57.8134
64,1024,2,2048,101.44
64,1024,2,4096,190.892
64,1024,2,8192,371.286
64,1024,2,16384,727.638
64,1024,4,16,57.3654
64,1024,4,32,57.4726
64,1024,4,64,57.3646
64,1024,4,128,57.9626
64,1024,4,256,57.5154
64,1024,4,512,57.898
64,1024,4,1024,58.5806
64,1024,4,2048,101.845
64,1024,4,4096,190.252
64,1024,4,8192,368.726
64,1024,4,16384,728.278
64,1024,8,16,57.856
64,1024,8,32,57.6646
64,1024,8,64,57.5786
64,1024,8,128,58.2386
64,1024,8,256,58.4954
64,1024,8,512,59.2006
64,1024,8,1024,59.586
64,1024,8,2048,104.597
64,1024,8,4096,194.9
64,1024,8,8192,377.516
64,1024,8,16384,735.214
64,1024,16,16,66.816
64,1024,16,32,66.7946
64,1024,16,64,67.116
64,1024,16,128,72.1066
64,1024,16,256,77.5054
64,1024,16,512,88.8314
64,1024,16,1024,112.747
64,1024,16,2048,199.915
64,1024,16,4096,377.494
64,1024,16,8192,740.972
64,1024,16,16384,1469.91
64,1024,32,16,75.7766
64,1024,32,32,76.1394
64,1024,32,64,76.5646
64,1024,32,128,86.0374
64,1024,32,256,98.112
64,1024,32,512,120.745
64,1024,32,1024,169.003
64,1024,32,2048,300.586
64,1024,32,4096,585.88
64,1024,32,8192,1165.14
64,1024,32,16384,2273.44
64,1024,64,16,100.437
64,1024,64,32,100.695
64,1024,64,64,101.995
64,1024,64,128,126.805
64,1024,64,256,153.986
64,1024,64,512,211.116
64,1024,64,1024,333.632
64,1024,64,2048,624.514
64,1024,64,4096,1486.98
64,1024,64,8192,2974.16
64,1024,64,16384,5957.02
64,1024,128,16,142.763
64,1024,128,32,142.378
64,1024,128,64,146.305
64,1024,128,128,200.81
64,1024,128,256,266.88
64,1024,128,512,423.852
64,1024,128,1024,718.87
64,1024,128,2048,1540.78
64,1024,128,4096,4350.88
64,1024,128,8192,8610.6
64,1024,128,16384,21005.2
64,2048,0,0,104.363
64,2048,1,16,102.529
64,2048,1,32,102.527
64,2048,1,64,102.827
64,2048,1,128,102.741
64,2048,1,256,102.87
64,2048,1,512,102.465
64,2048,1,1024,102.186
64,2048,1,2048,102.933
64,2048,1,4096,192.747
64,2048,1,8192,371.84
64,2048,1,16384,735.084
64,2048,2,16,102.911
64,2048,2,32,103.168
64,2048,2,64,102.698
64,2048,2,128,102.998
64,2048,2,256,102.294
64,2048,2,512,102.635
64,2048,2,1024,102.401
64,2048,2,2048,102.401
64,2048,2,4096,191.19
64,2048,2,8192,370.068
64,2048,2,16384,729.068
64,2048,4,16,102.229
64,2048,4,32,102.251
64,2048,4,64,102.038
64,2048,4,128,102.273
64,2048,4,256,102.251
64,2048,4,512,102.143
64,2048,4,1024,102.485
64,2048,4,2048,102.848
64,2048,4,4096,191.168
64,2048,4,8192,368.852
64,2048,4,16384,727.444
64,2048,8,16,101.973
64,2048,8,32,102.101
64,2048,8,64,102.336
64,2048,8,128,103.191
64,2048,8,256,103.637
64,2048,8,512,103.617
64,2048,8,1024,105.087
64,2048,8,2048,105.429
64,2048,8,4096,194.667
64,2048,8,8192,377.88
64,2048,8,16384,737.432
64,2048,16,16,107.883
64,2048,16,32,108.332
64,2048,16,64,108.161
64,2048,16,128,113.045
64,2048,16,256,118.997
64,2048,16,512,130.56
64,2048,16,1024,154.263
64,2048,16,2048,200.598
64,2048,16,4096,380.354
64,2048,16,8192,741.166
64,2048,16,16384,1471.81
64,2048,32,16,116.801
64,2048,32,32,116.928
64,2048,32,64,117.718
64,2048,32,128,128.043
64,2048,32,256,139.541
64,2048,32,512,161.515
64,2048,32,1024,209.6
64,2048,32,2048,301.12
64,2048,32,4096,586.584
64,2048,32,8192,1166.08
64,2048,32,16384,2275.12
64,2048,64,16,141.313
64,2048,64,32,141.866
64,2048,64,64,144.191
64,2048,64,128,168.534
64,2048,64,256,196.543
64,2048,64,512,255.424
64,2048,64,1024,372.524
64,2048,64,2048,630.038
64,2048,64,4096,1479.81
64,2048,64,8192,2979.72
64,2048,64,16384,5905.26
64,2048,128,16,184.727
64,2048,128,32,186.005
64,2048,128,64,188.801
64,2048,128,128,242.54
64,2048,128,256,310.742
64,2048,128,512,470.592
64,2048,128,1024,722.22
64,2048,128,2048,1617.03
64,2048,128,4096,4365.98
64,2048,128,8192,8669.2
64,2048,128,16384,20963.8
64,4096,0,0,195.285
64,4096,1,16,193.408
64,4096,1,32,193.43
64,4096,1,64,193.13
64,4096,1,128,193.195
64,4096,1,256,193.43
64,4096,1,512,192.896
64,4096,1,1024,192.619
64,4096,1,2048,192.277
64,4096,1,4096,192.598
64,4096,1,8192,372.63
64,4096,1,16384,734.722
64,4096,2,16,193.024
64,4096,2,32,193.366
64,4096,2,64,193.173
64,4096,2,128,193.109
64,4096,2,256,192.982
64,4096,2,512,193.173
64,4096,2,1024,192.448
64,4096,2,2048,191.893
64,4096,2,4096,191.595
64,4096,2,8192,370.176
64,4096,2,16384,727.81
64,4096,4,16,192.577
64,4096,4,32,192.341
64,4096,4,64,192.939
64,4096,4,128,192.661
64,4096,4,256,191.638
64,4096,4,512,192.577
64,4096,4,1024,192.449
64,4096,4,2048,192.938
64,4096,4,4096,191.765
64,4096,4,8192,367.998
64,4096,4,16384,729.324
64,4096,8,16,191.979
64,4096,8,32,191.829
64,4096,8,64,192.427
64,4096,8,128,192.257
64,4096,8,256,192.299
64,4096,8,512,193.622
64,4096,8,1024,194.007
64,4096,8,2048,194.838
64,4096,8,4096,196.629
64,4096,8,8192,379.328
64,4096,8,16384,737.688
64,4096,16,16,191.403
64,4096,16,32,191.254
64,4096,16,64,191.552
64,4096,16,128,196.353
64,4096,16,256,201.578
64,4096,16,512,213.59
64,4096,16,1024,237.504
64,4096,16,2048,282.604
64,4096,16,4096,378.86
64,4096,16,8192,744.47
64,4096,16,16384,1473.07
64,4096,32,16,199.297
64,4096,32,32,200.876
64,4096,32,64,201.728
64,4096,32,128,210.54
64,4096,32,256,222.614
64,4096,32,512,244.822
64,4096,32,1024,292.16
64,4096,32,2048,383.148
64,4096,32,4096,593.09
64,4096,32,8192,1193.05
64,4096,32,16384,2365.54
64,4096,64,16,223.85
64,4096,64,32,224.618
64,4096,64,64,225.92
64,4096,64,128,250.178
64,4096,64,256,279.148
64,4096,64,512,337.728
64,4096,64,1024,456.342
64,4096,64,2048,686.936
64,4096,64,4096,1519.34
64,4096,64,8192,3098.34
64,4096,64,16384,6257.46
64,4096,128,16,267.052
64,4096,128,32,268.438
64,4096,128,64,271.17
64,4096,128,128,326.38
64,4096,128,256,394.54
64,4096,128,512,561.218
64,4096,128,1024,811.672
64,4096,128,2048,1692.96
64,4096,128,4096,4382.26
64,4096,128,8192,8997.18
64,4096,128,16384,20674.8
64,8192,0,0,376.276
64,8192,1,16,374.314
64,8192,1,32,374.444
64,8192,1,64,374.72
64,8192,1,128,374.358
64,8192,1,256,374.1
64,8192,1,512,374.08
64,8192,1,1024,374.122
64,8192,1,2048,373.034
64,8192,1,4096,372.504
64,8192,1,8192,374.398
64,8192,1,16384,734.274
64,8192,2,16,374.592
64,8192,2,32,374.188
64,8192,2,64,373.866
64,8192,2,128,375.148
64,8192,2,256,374.42
64,8192,2,512,374.08
64,8192,2,1024,373.676
64,8192,2,2048,373.312
64,8192,2,4096,373.462
64,8192,2,8192,371.542
64,8192,2,16384,727.34
64,8192,4,16,373.76
64,8192,4,32,372.48
64,8192,4,64,373.162
64,8192,4,128,373.334
64,8192,4,256,372.65
64,8192,4,512,374.488
64,8192,4,1024,374.658
64,8192,4,2048,373.184
64,8192,4,4096,372.246
64,8192,4,8192,370.37
64,8192,4,16384,727.232
64,8192,8,16,372.012
64,8192,8,32,372.716
64,8192,8,64,373.056
64,8192,8,128,373.91
64,8192,8,256,372.502
64,8192,8,512,373.398
64,8192,8,1024,373.91
64,8192,8,2048,375.106
64,8192,8,4096,375.914
64,8192,8,8192,382.188
64,8192,8,16384,737.516
64,8192,16,16,370.242
64,8192,16,32,370.412
64,8192,16,64,370.988
64,8192,16,128,371.414
64,8192,16,256,371.69
64,8192,16,512,377.196
64,8192,16,1024,401.814
64,8192,16,2048,448.62
64,8192,16,4096,545.132
64,8192,16,8192,752.428
64,8192,16,16384,1470.21
64,8192,32,16,371.072
64,8192,32,32,371.584
64,8192,32,64,369.622
64,8192,32,128,375.746
64,8192,32,256,386.518
64,8192,32,512,410.56
64,8192,32,1024,458.838
64,8192,32,2048,548.758
64,8192,32,4096,761.858
64,8192,32,8192,1180.06
64,8192,32,16384,2364.28
64,8192,64,16,387.946
64,8192,64,32,389.376
64,8192,64,64,390.956
64,8192,64,128,415.318
64,8192,64,256,443.48
64,8192,64,512,504.064
64,8192,64,1024,623.766
64,8192,64,2048,863.086
64,8192,64,4096,1691.61
64,8192,64,8192,3016.98
64,8192,64,16384,6277.86
64,8192,128,16,432.044
64,8192,128,32,431.96
64,8192,128,64,436.864
64,8192,128,128,490.306
64,8192,128,256,560.194
64,8192,128,512,727.79
64,8192,128,1024,1011.59
64,8192,128,2048,1871.22
64,8192,128,4096,4606.7
64,8192,128,8192,8704.02
64,8192,128,16384,21191.6
64,16384,0,0,738.626
64,16384,1,16,737.152
64,16384,1,32,736.918
64,16384,1,64,736.662
64,16384,1,128,736.534
64,16384,1,256,737.41
64,16384,1,512,735.766
64,16384,1,1024,736.514
64,16384,1,2048,735.532
64,16384,1,4096,735.212
64,16384,1,8192,735.914
64,16384,1,16384,735.018
64,16384,2,16,735.64
64,16384,2,32,736.834
64,16384,2,64,737.602
64,16384,2,128,737.216
64,16384,2,256,737.348
64,16384,2,512,736.366
64,16384,2,1024,736.726
64,16384,2,2048,736.388
64,16384,2,4096,735.724
64,16384,2,8192,732.162
64,16384,2,16384,728.748
64,16384,4,16,735.554
64,16384,4,32,734.082
64,16384,4,64,734.102
64,16384,4,128,734.658
64,16384,4,256,735
64,16384,4,512,736.598
64,16384,4,1024,734.594
64,16384,4,2048,735.594
64,16384,4,4096,733.272
64,16384,4,8192,732.588
64,16384,4,16384,729.302
64,16384,8,16,733.846
64,16384,8,32,734.978
64,16384,8,64,733.632
64,16384,8,128,734.828
64,16384,8,256,735.574
64,16384,8,512,733.994
64,16384,8,1024,735.938
64,16384,8,2048,737.11
64,16384,8,4096,736
64,16384,8,8192,739.672
64,16384,8,16384,741.184
64,16384,16,16,725.484
64,16384,16,32,727.212
64,16384,16,64,729.45
64,16384,16,128,729.43
64,16384,16,256,729.9
64,16384,16,512,730.264
64,16384,16,1024,733.27
64,16384,16,2048,780.034
64,16384,16,4096,875.158
64,16384,16,8192,1096.54
64,16384,16,16384,1480.26
64,16384,32,16,727.788
64,16384,32,32,729.346
64,16384,32,64,731.436
64,16384,32,128,730.35
64,16384,32,256,734.912
64,16384,32,512,740.824
64,16384,32,1024,787.586
64,16384,32,2048,878.38
64,16384,32,4096,1090.73
64,16384,32,8192,1540.23
64,16384,32,16384,2304.24
64,16384,64,16,727.576
64,16384,64,32,730.286
64,16384,64,64,728.706
64,16384,64,128,742.786
64,16384,64,256,771.8
64,16384,64,512,833.09
64,16384,64,1024,951.918
64,16384,64,2048,1195.82
64,16384,64,4096,2086.78
64,16384,64,8192,3383.2
64,16384,64,16384,6004.8
64,16384,128,16,760.748
64,16384,128,32,763.052
64,16384,128,64,767.746
64,16384,128,128,819.842
64,16384,128,256,889.11
64,16384,128,512,1055.13
64,16384,128,1024,1342.21
64,16384,128,2048,2227.8
64,16384,128,4096,4955.98
64,16384,128,8192,9150.22
64,16384,128,16384,20378.2
81,0,0,0,16.49
81,0,1,512,34.3466
81,0,1,768,44.8854
81,0,1,1152,61.44
81,0,1,1728,84.9494
81,0,1,2592,124.631
81,0,1,3888,179.137
81,0,1,5832,264.79
81,0,1,8748,394.41
81,0,1,13122,583.786
81,0,1,16384,730.732
81,0,2,512,34.816
81,0,2,768,45.3334
81,0,2,1152,61.6114
81,0,2,1728,84.7786
81,0,2,2592,124.075
81,0,2,3888,179.072
81,0,2,5832,263.466
81,0,2,8748,391.788
81,0,2,13122,580.78
81,0,2,16384,727.488
81,0,4,512,35.946
81,0,4,768,46.3794
81,0,4,1152,62.08
81,0,4,1728,86.272
81,0,4,2592,125.249
81,0,4,3888,180.202
81,0,4,5832,264.342
81,0,4,8748,393.174
81,0,4,13122,583.146
81,0,4,16384,728.726
81,0,8,512,36.7786
81,0,8,768,47.3374
81,0,8,1152,64.4906
81,0,8,1728,88.2346
81,0,8,2592,127.765
81,0,8,3888,183.467
81,0,8,5832,271.276
81,0,8,8748,402.902
81,0,8,13122,592.77
81,0,8,16384,736.088
81,0,16,512,66.5594
81,0,16,768,88.96
81,0,16,1152,122.561
81,0,16,1728,167.915
81,0,16,2592,245.332
81,0,16,3888,356.544
81,0,16,5832,523.798
81,0,16,8748,792.024
81,0,16,13122,1177.09
81,0,16,16384,1469.72
81,0,32,512,101.696
81,0,32,768,135.275
81,0,32,1152,185.665
81,0,32,1728,254.102
81,0,32,2592,373.612
81,0,32,3888,551.852
81,0,32,5832,834.776
81,0,32,8748,1236.55
81,0,32,13122,1824.62
81,0,32,16384,2273.36
81,0,64,512,194.496
81,0,64,768,266.904
81,0,64,1152,367.852
81,0,64,1728,513.9
81,0,64,2592,785.496
81,0,64,3888,1387.8
81,0,64,5832,2127.8
81,0,64,8748,3159.8
81,0,64,13122,4709.1
81,0,64,16384,5909.66
81,0,128,512,419.352
81,0,128,768,576.598
81,0,128,1152,799.876
81,0,128,1728,1234.07
81,0,128,2592,2438.6
81,0,128,3888,4131.64
81,0,128,5832,6151.94
81,0,128,8748,9317.74
81,0,128,13122,14972.3
81,0,128,16384,19279.6
81,512,0,0,37.8874
81,512,1,512,37.5894
81,512,1,768,46.464
81,512,1,1152,63.7866
81,512,1,1728,88.6834
81,512,1,2592,128.256
81,512,1,3888,186.944
81,512,1,5832,275.648
81,512,1,8748,407.082
81,512,1,13122,601.6
81,512,1,16384,752.896
81,512,2,512,37.7374
81,512,2,768,47.9354
81,512,2,1152,63.7014
81,512,2,1728,88.7254
81,512,2,2592,128.769
81,512,2,3888,186.177
81,512,2,5832,274.88
81,512,2,8748,403.584
81,512,2,13122,601.92
81,512,2,16384,753.452
81,512,4,512,38.6354
81,512,4,768,48.7034
81,512,4,1152,64.49
81,512,4,1728,88.854
81,512,4,2592,130.133
81,512,4,3888,187.969
81,512,4,5832,274.306
81,512,4,8748,408.618
81,512,4,13122,602.2
81,512,4,16384,747.628
81,512,8,512,39.2106
81,512,8,768,50.112
81,512,8,1152,67.4786
81,512,8,1728,91.798
81,512,8,2592,134.187
81,512,8,3888,191.809
81,512,8,5832,281.964
81,512,8,8748,417.664
81,512,8,13122,615.468
81,512,8,16384,765.612
81,512,16,512,70.7206
81,512,16,768,93.184
81,512,16,1152,127.914
81,512,16,1728,175.679
81,512,16,2592,254.764
81,512,16,3888,373.056
81,512,16,5832,546.05
81,512,16,8748,826.37
81,512,16,13122,1230.4
81,512,16,16384,1537.94
81,512,32,512,106.689
81,512,32,768,141.481
81,512,32,1152,193.557
81,512,32,1728,265.174
81,512,32,2592,386.41
81,512,32,3888,571.544
81,512,32,5832,859.18
81,512,32,8748,1280.6
81,512,32,13122,1888.69
81,512,32,16384,2369.54
81,512,64,512,204.502
81,512,64,768,277.248
81,512,64,1152,381.378
81,512,64,1728,533.122
81,512,64,2592,810.818
81,512,64,3888,1411.82
81,512,64,5832,2150.76
81,512,64,8748,3200.16
81,512,64,13122,4774.36
81,512,64,16384,5952.38
81,512,128,512,443.926
81,512,128,768,595.948
81,512,128,1152,825.964
81,512,128,1728,1233.99
81,512,128,2592,2436.34
81,512,128,3888,4139.38
81,512,128,5832,6148.82
81,512,128,8748,9219.3
81,512,128,13122,14379.4
81,512,128,16384,20885.6
81,768,0,0,46.87
81,768,1,512,46.5066
81,768,1,768,46.314
81,768,1,1152,61.4826
81,768,1,1728,84.736
81,768,1,2592,124.416
81,768,1,3888,178.88
81,768,1,5832,263.914
81,768,1,8748,394.946
81,768,1,13122,583.594
81,768,1,16384,730.072
81,768,2,512,46.8266
81,768,2,768,47.1466
81,768,2,1152,61.6514
81,768,2,1728,84.5426
81,768,2,2592,124.758
81,768,2,3888,179.583
81,768,2,5832,263.552
81,768,2,8748,394.176
81,768,2,13122,581.056
81,768,2,16384,725.718
81,768,4,512,47.5094
81,768,4,768,47.6806
81,768,4,1152,63.0614
81,768,4,1728,86.1866
81,768,4,2592,125.59
81,768,4,3888,180.459
81,768,4,5832,265.238
81,768,4,8748,393.28
81,768,4,13122,583.488
81,768,4,16384,728.64
81,768,8,512,48.2974
81,768,8,768,48.79
81,768,8,1152,64.662
81,768,8,1728,88.3414
81,768,8,2592,129.302
81,768,8,3888,184.257
81,768,8,5832,272.15
81,768,8,8748,401.6
81,768,8,13122,592.426
81,768,8,16384,739.116
81,768,16,512,79.168
81,768,16,768,90.2614
81,768,16,1152,123.201
81,768,16,1728,168.342
81,768,16,2592,244.588
81,768,16,3888,357.846
81,768,16,5832,524.226
81,768,16,8748,793.004
81,768,16,13122,1177.77
81,768,16,16384,1470.62
81,768,32,512,113.43
81,768,32,768,136.79
81,768,32,1152,186.347
81,768,32,1728,255.616
81,768,32,2592,375.148
81,768,32,3888,553.602
81,768,32,5832,832.28
81,768,32,8748,1237.55
81,768,32,13122,1825.35
81,768,32,16384,2275.5
81,768,64,512,205.59
81,768,64,768,269.74
81,768,64,1152,367.938
81,768,64,1728,514.88
81,768,64,2592,787.544
81,768,64,3888,1390.47
81,768,64,5832,2130.2
81,768,64,8748,3164.7
81,768,64,13122,4728.58
81,768,64,16384,5948.16
81,768,128,512,432.748
81,768,128,768,583.832
81,768,128,1152,827.308
81,768,128,1728,1233.09
81,768,128,2592,2424.1
81,768,128,3888,4141.64
81,768,128,5832,6145.5
81,768,128,8748,9252.46
81,768,128,13122,15400.4
81,768,128,16384,20373.6
81,1152,0,0,66.6454
81,1152,1,512,65.0886
81,1152,1,768,65.6414
81,1152,1,1152,65.4294
81,1152,1,1728,88.8314
81,1152,1,2592,129.451
81,1152,1,3888,187.136
81,1152,1,5832,273.898
81,1152,1,8748,407.786
81,1152,1,13122,598.188
81,1152,1,16384,742.7
81,1152,2,512,65.0666
81,1152,2,768,65.814
81,1152,2,1152,65.8126
81,1152,2,1728,88.1494
81,1152,2,2592,128.918
81,1152,2,3888,183.745
81,1152,2,5832,274.902
81,1152,2,8748,405.504
81,1152,2,13122,599.084
81,1152,2,16384,750.572
81,1152,4,512,65.5154
81,1152,4,768,65.4294
81,1152,4,1152,66.6666
81,1152,4,1728,89.7926
81,1152,4,2592,131.115
81,1152,4,3888,188.31
81,1152,4,5832,275.988
81,1152,4,8748,405.356
81,1152,4,13122,601.046
81,1152,4,16384,750.252
81,1152,8,512,66.9434
81,1152,8,768,67.9894
81,1152,8,1152,68.4374
81,1152,8,1728,92.5646
81,1152,8,2592,134.741
81,1152,8,3888,192.171
81,1152,8,5832,283.01
81,1152,8,8748,418.966
81,1152,8,13122,616.536
81,1152,8,16384,767.19
81,1152,16,512,98.774
81,1152,16,768,111.126
81,1152,16,1152,129.45
81,1152,16,1728,175.36
81,1152,16,2592,255.168
81,1152,16,3888,373.824
81,1152,16,5832,549.89
81,1152,16,8748,823.49
81,1152,16,13122,1225.39
81,1152,16,16384,1535.19
81,1152,32,512,135.383
81,1152,32,768,158.635
81,1152,32,1152,194.325
81,1152,32,1728,266.348
81,1152,32,2592,388.95
81,1152,32,3888,574.614
81,1152,32,5832,857.902
81,1152,32,8748,1279.81
81,1152,32,13122,1887.22
81,1152,32,16384,2369.28
81,1152,64,512,229.228
81,1152,64,768,293.162
81,1152,64,1152,382.786
81,1152,64,1728,533.398
81,1152,64,2592,812.12
81,1152,64,3888,1414.62
81,1152,64,5832,2156.48
81,1152,64,8748,3210.46
81,1152,64,13122,4764.92
81,1152,64,16384,5971.76
81,1152,128,512,454.702
81,1152,128,768,601.752
81,1152,128,1152,833.048
81,1152,128,1728,1229.32
81,1152,128,2592,2422.34
81,1152,128,3888,4146.42
81,1152,128,5832,6152.3
81,1152,128,8748,9265.48
81,1152,128,13122,15420.5
81,1152,128,16384,20743.8
81,1728,0,0,87.2754
81,1728,1,512,87.0826
81,1728,1,768,87.316
81,1728,1,1152,87.1686
81,1728,1,1728,87.4454
81,1728,1,2592,124.31
81,1728,1,3888,179.264
81,1728,1,5832,264.706
81,1728,1,8748,395.2
81,1728,1,13122,584.874
81,1728,1,16384,729.794
81,1728,2,512,87.296
81,1728,2,768,87.296
81,1728,2,1152,87.488
81,1728,2,1728,87.36
81,1728,2,2592,124.629
81,1728,2,3888,178.581
81,1728,2,5832,263.724
81,1728,2,8748,394.026
81,1728,2,13122,582.102
81,1728,2,16384,727.51
81,1728,4,512,87.7866
81,1728,4,768,87.8086
81,1728,4,1152,87.9994
81,1728,4,1728,89.5994
81,1728,4,2592,126.315
81,1728,4,3888,181.185
81,1728,4,5832,264.984
81,1728,4,8748,393.964
81,1728,4,13122,584.214
81,1728,4,16384,729.792
81,1728,8,512,89.8566
81,1728,8,768,89.878
81,1728,8,1152,90.944
81,1728,8,1728,91.008
81,1728,8,2592,130.391
81,1728,8,3888,185.345
81,1728,8,5832,272.704
81,1728,8,8748,403.244
81,1728,8,13122,592.81
81,1728,8,16384,738.496
81,1728,16,512,120.256
81,1728,16,768,132.65
81,1728,16,1152,149.781
81,1728,16,1728,173.504
81,1728,16,2592,246.208
81,1728,16,3888,358.506
81,1728,16,5832,524.82
81,1728,16,8748,790.53
81,1728,16,13122,1177.39
81,1728,16,16384,1472.88
81,1728,32,512,154.519
81,1728,32,768,178.305
81,1728,32,1152,213.292
81,1728,32,1728,259.692
81,1728,32,2592,375.66
81,1728,32,3888,554.986
81,1728,32,5832,825.496
81,1728,32,8748,1237.68
81,1728,32,13122,1825.63
81,1728,32,16384,2277.34
81,1728,64,512,246.742
81,1728,64,768,311.786
81,1728,64,1152,392.492
81,1728,64,1728,518.998
81,1728,64,2592,790.04
81,1728,64,3888,1391.6
81,1728,64,5832,2136.26
81,1728,64,8748,3174.7
81,1728,64,13122,4725.46
81,1728,64,16384,5980.86
81,1728,128,512,484.526
81,1728,128,768,616.45
81,1728,128,1152,831.916
81,1728,128,1728,1236.63
81,1728,128,2592,2432.1
81,1728,128,3888,4157.46
81,1728,128,5832,6189.68
81,1728,128,8748,9437.9
81,1728,128,13122,14435.2
81,1728,128,16384,20794.6
81,2592,0,0,126.42
81,2592,1,512,124.971
81,2592,1,768,125.505
81,2592,1,1152,124.736
81,2592,1,1728,125.589
81,2592,1,2592,126.551
81,2592,1,3888,179.201
81,2592,1,5832,263.83
81,2592,1,8748,393.664
81,2592,1,13122,583.68
81,2592,1,16384,730.474
81,2592,2,512,124.203
81,2592,2,768,124.501
81,2592,2,1152,124.223
81,2592,2,1728,124.395
81,2592,2,2592,125.119
81,2592,2,3888,179.585
81,2592,2,5832,263.958
81,2592,2,8748,392.81
81,2592,2,13122,582.164
81,2592,2,16384,727.146
81,2592,4,512,125.141
81,2592,4,768,125.333
81,2592,4,1152,125.333
81,2592,4,1728,126.464
81,2592,4,2592,126.996
81,2592,4,3888,180.693
81,2592,4,5832,265.26
81,2592,4,8748,393.474
81,2592,4,13122,583.424
81,2592,4,16384,728.47
81,2592,8,512,126.08
81,2592,8,768,126.528
81,2592,8,1152,127.979
81,2592,8,1728,129.089
81,2592,8,2592,130.538
81,2592,8,3888,185.323
81,2592,8,5832,273.45
81,2592,8,8748,404.118
81,2592,8,13122,595.372
81,2592,8,16384,737.346
81,2592,16,512,152.47
81,2592,16,768,164.949
81,2592,16,1152,181.803
81,2592,16,1728,205.46
81,2592,16,2592,246.784
81,2592,16,3888,358.23
81,2592,16,5832,524.994
81,2592,16,8748,783.318
81,2592,16,13122,1176.17
81,2592,16,16384,1471.21
81,2592,32,512,187.179
81,2592,32,768,210.584
81,2592,32,1152,246.4
81,2592,32,1728,293.206
81,2592,32,2592,377.176
81,2592,32,3888,554.646
81,2592,32,5832,824.3
81,2592,32,8748,1246.98
81,2592,32,13122,1830.77
81,2592,32,16384,2277.96
81,2592,64,512,280.854
81,2592,64,768,347.99
81,2592,64,1152,428.438
81,2592,64,1728,535.256
81,2592,64,2592,796.036
81,2592,64,3888,1380.91
81,2592,64,5832,2146.62
81,2592,64,8748,3208.66
81,2592,64,13122,4777.36
81,2592,64,16384,6098.6
81,2592,128,512,506.944
81,2592,128,768,646.316
81,2592,128,1152,840.28
81,2592,128,1728,1226.35
81,2592,128,2592,2431.28
81,2592,128,3888,4266.22
81,2592,128,5832,6778.92
81,2592,128,8748,9605.12
81,2592,128,13122,16673.2
81,2592,128,16384,21172.6
81,3888,0,0,182.592
81,3888,1,512,180.16
81,3888,1,768,180.566
81,3888,1,1152,181.075
81,3888,1,1728,180.671
81,3888,1,2592,181.227
81,3888,1,3888,181.141
81,3888,1,5832,264.854
81,3888,1,8748,393.47
81,3888,1,13122,584.172
81,3888,1,16384,729.112
81,3888,2,512,179.435
81,3888,2,768,179.477
81,3888,2,1152,180.672
81,3888,2,1728,179.37
81,3888,2,2592,179.584
81,3888,2,3888,180.052
81,3888,2,5832,263.192
81,3888,2,8748,392.342
81,3888,2,13122,581.27
81,3888,2,16384,726.102
81,3888,4,512,180.437
81,3888,4,768,180.758
81,3888,4,1152,181.44
81,3888,4,1728,180.565
81,3888,4,2592,180.715
81,3888,4,3888,182.016
81,3888,4,5832,265.004
81,3888,4,8748,393.236
81,3888,4,13122,583.19
81,3888,4,16384,729.794
81,3888,8,512,180.737
81,3888,8,768,181.717
81,3888,8,1152,182.933
81,3888,8,1728,183.296
81,3888,8,2592,183.765
81,3888,8,3888,186.155
81,3888,8,5832,273.11
81,3888,8,8748,403.842
81,3888,8,13122,592.898
81,3888,8,16384,739.33
81,3888,16,512,208.684
81,3888,16,768,219.478
81,3888,16,1152,238.208
81,3888,16,1728,261.888
81,3888,16,2592,302.656
81,3888,16,3888,361.772
81,3888,16,5832,527.084
81,3888,16,8748,779.608
81,3888,16,13122,1175.94
81,3888,16,16384,1474.97
81,3888,32,512,242.432
81,3888,32,768,266.432
81,3888,32,1152,302.06
81,3888,32,1728,349.036
81,3888,32,2592,434.754
81,3888,32,3888,562.946
81,3888,32,5832,841.56
81,3888,32,8748,1315.65
81,3888,32,13122,1931.06
81,3888,32,16384,2515.52
81,3888,64,512,337.666
81,3888,64,768,405.206
81,3888,64,1152,495.17
81,3888,64,1728,625.516
81,3888,64,2592,873.412
81,3888,64,3888,1425.92
81,3888,64,5832,2188.42
81,3888,64,8748,3519.4
81,3888,64,13122,5220.06
81,3888,64,16384,6401.68
81,3888,128,512,580.908
81,3888,128,768,725.89
81,3888,128,1152,931.118
81,3888,128,1728,1313.52
81,3888,128,2592,2440.96
81,3888,128,3888,4307.2
81,3888,128,5832,6472.36
81,3888,128,8748,10754.3
81,3888,128,13122,16655.3
81,3888,128,16384,20742
81,5832,0,0,272.022
81,5832,1,512,270.208
81,5832,1,768,269.504
81,5832,1,1152,269.994
81,5832,1,1728,270.038
81,5832,1,2592,269.782
81,5832,1,3888,270.122
81,5832,1,5832,269.74
81,5832,1,8748,393.942
81,5832,1,13122,584.022
81,5832,1,16384,729.942
81,5832,2,512,267.242
81,5832,2,768,267.264
81,5832,2,1152,267.734
81,5832,2,1728,267.542
81,5832,2,2592,267.2
81,5832,2,3888,267.586
81,5832,2,5832,268.546
81,5832,2,8748,392.576
81,5832,2,13122,579.286
81,5832,2,16384,726.25
81,5832,4,512,268.542
81,5832,4,768,267.434
81,5832,4,1152,268.694
81,5832,4,1728,268.714
81,5832,4,2592,268.074
81,5832,4,3888,268.332
81,5832,4,5832,269.144
81,5832,4,8748,392.918
81,5832,4,13122,584.214
81,5832,4,16384,729.132
81,5832,8,512,268.714
81,5832,8,768,269.398
81,5832,8,1152,269.996
81,5832,8,1728,270.998
81,5832,8,2592,271.958
81,5832,8,3888,271.382
81,5832,8,5832,276.288
81,5832,8,8748,404.93
81,5832,8,13122,594.774
81,5832,8,16384,739.67
81,5832,16,512,286.87
81,5832,16,768,298.602
81,5832,16,1152,315.946
81,5832,16,1728,340.394
81,5832,16,2592,381.61
81,5832,16,3888,442.668
81,5832,16,5832,537.622
81,5832,16,8748,780.632
81,5832,16,13122,1176.64
81,5832,16,16384,1486.66
81,5832,32,512,320.854
81,5832,32,768,343.916
81,5832,32,1152,379.52
81,5832,32,1728,427.608
81,5832,32,2592,512.386
81,5832,32,3888,640.344
81,5832,32,5832,863.148
81,5832,32,8748,1268.14
81,5832,32,13122,2010.92
81,5832,32,16384,2526.96
81,5832,64,512,414.744
81,5832,64,768,483.99
81,5832,64,1152,566.744
81,5832,64,1728,690.86
81,5832,64,2592,941.016
81,5832,64,3888,1494.32
81,5832,64,5832,2185.32
81,5832,64,8748,3304.06
81,5832,64,13122,5327
81,5832,64,16384,6644.86
81,5832,128,512,655
81,5832,128,768,798.574
81,5832,128,1152,980.46
81,5832,128,1728,1349.55
81,5832,128,2592,2501.34
81,5832,128,3888,4321.1
81,5832,128,5832,6424.86
81,5832,128,8748,10601.4
81,5832,128,13122,16687.8
81,5832,128,16384,21271.6
81,8748,0,0,408.424
81,8748,1,512,402.86
81,8748,1,768,406.72
81,8748,1,1152,410.05
81,8748,1,1728,407.746
81,8748,1,2592,407.104
81,8748,1,3888,410.07
81,8748,1,5832,404.586
81,8748,1,8748,408.428
81,8748,1,13122,596.97
81,8748,1,16384,753.45
81,8748,2,512,407.596
81,8748,2,768,407.85
81,8748,2,1152,406.422
81,8748,2,1728,405.738
81,8748,2,2592,408.768
81,8748,2,3888,405.482
81,8748,2,5832,407.936
81,8748,2,8748,406.55
81,8748,2,13122,600.62
81,8748,2,16384,752.344
81,8748,4,512,406.74
81,8748,4,768,409.686
81,8748,4,1152,407.042
81,8748,4,1728,404.928
81,8748,4,2592,407.19
81,8748,4,3888,407.914
81,8748,4,5832,409.386
81,8748,4,8748,409.644
81,8748,4,13122,607.574
81,8748,4,16384,755.01
81,8748,8,512,410.538
81,8748,8,768,409.214
81,8748,8,1152,408.17
81,8748,8,1728,411.734
81,8748,8,2592,411.926
81,8748,8,3888,413.014
81,8748,8,5832,419.712
81,8748,8,8748,422.124
81,8748,8,13122,619.648
81,8748,8,16384,769.368
81,8748,16,512,423.744
81,8748,16,768,433.194
81,8748,16,1152,450.902
81,8748,16,1728,478.742
81,8748,16,2592,517.868
81,8748,16,3888,581.824
81,8748,16,5832,680.364
81,8748,16,8748,833.878
81,8748,16,13122,1208.58
81,8748,16,16384,1530.52
81,8748,32,512,436.418
81,8748,32,768,476.842
81,8748,32,1152,516.162
81,8748,32,1728,567.382
81,8748,32,2592,650.946
81,8748,32,3888,784.45
81,8748,32,5832,1011.54
81,8748,32,8748,1309.91
81,8748,32,13122,1980.06
81,8748,32,16384,2532.92
81,8748,64,512,548.354
81,8748,64,768,618.988
81,8748,64,1152,706.564
81,8748,64,1728,841.922
81,8748,64,2592,1109.06
81,8748,64,3888,1664.09
81,8748,64,5832,2396.48
81,8748,64,8748,3274.46
81,8748,64,13122,5126.4
81,8748,64,16384,6731.16
81,8748,128,512,801.346
81,8748,128,768,948.162
81,8748,128,1152,1136.24
81,8748,128,1728,1495.45
81,8748,128,2592,2766.26
81,8748,128,3888,4448.2
81,8748,128,5832,6619.32
81,8748,128,8748,9746.16
81,8748,128,13122,16711.2
81,8748,128,16384,21140.4
81,13122,0,0,608.536
81,13122,1,512,606.208
81,13122,1,768,609.11
81,13122,1,1152,606.612
81,13122,1,1728,610.242
81,13122,1,2592,604.182
81,13122,1,3888,605.718
81,13122,1,5832,602.946
81,13122,1,8748,602.582
81,13122,1,13122,607.128
81,13122,1,16384,748.374
81,13122,2,512,610.176
81,13122,2,768,601.344
81,13122,2,1152,607.296
81,13122,2,1728,601.41
81,13122,2,2592,604.116
81,13122,2,3888,604.394
81,13122,2,5832,600.32
81,13122,2,8748,606.72
81,13122,2,13122,609.174
81,13122,2,16384,757.742
81,13122,4,512,604.096
81,13122,4,768,602.306
81,13122,4,1152,610.88
81,13122,4,1728,609.688
81,13122,4,2592,611.414
81,13122,4,3888,608.662
81,13122,4,5832,606.506
81,13122,4,8748,610.88
81,13122,4,13122,611.52
81,13122,4,16384,756.802
81,13122,8,512,607.34
81,13122,8,768,609.624
81,13122,8,1152,608.726
81,13122,8,1728,610.668
81,13122,8,2592,609.004
81,13122,8,3888,617.324
81,13122,8,5832,618.048
81,13122,8,8748,618.904
81,13122,8,13122,624.278
81,13122,8,16384,772.012
81,13122,16,512,612.308
81,13122,16,768,624.642
81,13122,16,1152,641.858
81,13122,16,1728,670.678
81,13122,16,2592,702.232
81,13122,16,3888,772.76
81,13122,16,5832,868.738
81,13122,16,8748,1027.12
81,13122,16,13122,1235.27
81,13122,16,16384,1506.58
81,13122,32,512,647.446
81,13122,32,768,669.098
81,13122,32,1152,705.516
81,13122,32,1728,753.344
81,13122,32,2592,841.114
81,13122,32,3888,973.08
81,13122,32,5832,1207.24
81,13122,32,8748,1543.51
81,13122,32,13122,1931.19
81,13122,32,16384,2376.52
81,13122,64,512,731.352
81,13122,64,768,809.644
81,13122,64,1152,894.852
81,13122,64,1728,1033.13
81,13122,64,2592,1314.05
81,13122,64,3888,1865.43
81,13122,64,5832,2536.48
81,13122,64,8748,3602.84
81,13122,64,13122,4903.98
81,13122,64,16384,6281.14
81,13122,128,512,982.744
81,13122,128,768,1132.04
81,13122,128,1152,1344.67
81,13122,128,1728,1719.98
81,13122,128,2592,3089.52
81,13122,128,3888,4517.26
81,13122,128,5832,6739.48
81,13122,128,8748,10405
81,13122,128,13122,16394.6
81,13122,128,16384,21327.6
81,16384,0,0,765.014
81,16384,1,512,759.658
81,16384,1,768,750.72
81,16384,1,1152,754.926
81,16384,1,1728,759.084
81,16384,1,2592,753.452
81,16384,1,3888,745.516
81,16384,1,5832,751.19
81,16384,1,8748,753.452
81,16384,1,13122,755.692
81,16384,1,16384,752.088
81,16384,2,512,757.524
81,16384,2,768,757.868
81,16384,2,1152,759.49
81,16384,2,1728,746.924
81,16384,2,2592,757.056
81,16384,2,3888,748.926
81,16384,2,5832,752.366
81,16384,2,8748,750.146
81,16384,2,13122,757.698
81,16384,2,16384,752.748
81,16384,4,512,749.056
81,16384,4,768,756.012
81,16384,4,1152,755.65
81,16384,4,1728,753.494
81,16384,4,2592,752.426
81,16384,4,3888,758.636
81,16384,4,5832,753.366
81,16384,4,8748,749.76
81,16384,4,13122,756.546
81,16384,4,16384,760.728
81,16384,8,512,753.772
81,16384,8,768,750.336
81,16384,8,1152,757.592
81,16384,8,1728,752.536
81,16384,8,2592,758.572
81,16384,8,3888,765.12
81,16384,8,5832,760.92
81,16384,8,8748,764.098
81,16384,8,13122,770.668
81,16384,8,16384,775.128
81,16384,16,512,758.018
81,16384,16,768,762.778
81,16384,16,1152,776.536
81,16384,16,1728,798.722
81,16384,16,2592,842.114
81,16384,16,3888,909.102
81,16384,16,5832,1009.18
81,16384,16,8748,1163.16
81,16384,16,13122,1383.98
81,16384,16,16384,1543.32
81,16384,32,512,779.608
81,16384,32,768,798.892
81,16384,32,1152,839.808
81,16384,32,1728,885.528
81,16384,32,2592,978.392
81,16384,32,3888,1107.74
81,16384,32,5832,1337.41
81,16384,32,8748,1655.96
81,16384,32,13122,2093.08
81,16384,32,16384,2399.98
81,16384,64,512,872.92
81,16384,64,768,944.58
81,16384,64,1152,1029.98
81,16384,64,1728,1169.97
81,16384,64,2592,1445.02
81,16384,64,3888,2026.48
81,16384,64,5832,2667.38
81,16384,64,8748,3629.12
81,16384,64,13122,5422.02
81,16384,64,16384,6104.24
81,16384,128,512,1121.43
81,16384,128,768,1272.24
81,16384,128,1152,1485.47
81,16384,128,1728,1869.6
81,16384,128,2592,3214.24
81,16384,128,3888,4760.14
81,16384,128,5832,6757.66
81,16384,128,8748,9917.98
81,16384,128,13122,16598.8
81,16384,128,16384,21321.8
122,0,0,0,18.0693
122,0,1,512,35.584
122,0,1,768,46.656
122,0,1,1152,63.658
122,0,1,1728,88.2994
122,0,1,2592,129.751
122,0,1,3888,187.265
122,0,1,5832,271.402
122,0,1,8748,404.972
122,0,1,13122,594.732
122,0,1,16384,758.592
122,0,2,512,36.2666
122,0,2,768,47.5954
122,0,2,1152,63.658
122,0,2,1728,87.2314
122,0,2,2592,128.042
122,0,2,3888,185.835
122,0,2,5832,274.602
122,0,2,8748,401.11
122,0,2,13122,598.934
122,0,2,16384,752.918
122,0,4,512,37.1426
122,0,4,768,48.1706
122,0,4,1152,64.6826
122,0,4,1728,89.644
122,0,4,2592,129.003
122,0,4,3888,187.989
122,0,4,5832,273.92
122,0,4,8748,404.842
122,0,4,13122,603.03
122,0,4,16384,750.572
122,0,8,512,38.7414
122,0,8,768,49.494
122,0,8,1152,66.496
122,0,8,1728,91.7766
122,0,8,2592,133.716
122,0,8,3888,190.699
122,0,8,5832,280.406
122,0,8,8748,415.638
122,0,8,13122,616.472
122,0,8,16384,765.316
122,0,16,512,69.5466
122,0,16,768,93.2486
122,0,16,1152,127.255
122,0,16,1728,174.593
122,0,16,2592,253.142
122,0,16,3888,373.356
122,0,16,5832,550.082
122,0,16,8748,827.758
122,0,16,13122,1225.56
122,0,16,16384,1533.34
122,0,32,512,105.898
122,0,32,768,141.462
122,0,32,1152,193.131
122,0,32,1728,264.662
122,0,32,2592,386.58
122,0,32,3888,572.056
122,0,32,5832,862.382
122,0,32,8748,1277.06
122,0,32,13122,1892.34
122,0,32,16384,2346.84
122,0,64,512,203.714
122,0,64,768,277.91
122,0,64,1152,381.142
122,0,64,1728,531.926
122,0,64,2592,816.622
122,0,64,3888,1411.82
122,0,64,5832,2133.86
122,0,64,8748,3165.16
122,0,64,13122,4718.64
122,0,64,16384,5933.98
122,0,128,512,431.254
122,0,128,768,591.938
122,0,128,1152,819.97
122,0,128,1728,1229.79
122,0,128,2592,2411.38
122,0,128,3888,4137.06
122,0,128,5832,6143.58
122,0,128,8748,9254.72
122,0,128,13122,14180.7
122,0,128,16384,20949.2
122,512,0,0,37.2694
122,512,1,512,36.5654
122,512,1,768,44.6726
122,512,1,1152,61.6534
122,512,1,1728,84.694
122,512,1,2592,124.735
122,512,1,3888,178.731
122,512,1,5832,264.064
122,512,1,8748,394.346
122,512,1,13122,583.808
122,512,1,16384,729.728
122,512,2,512,36.5866
122,512,2,768,45.142
122,512,2,1152,61.3974
122,512,2,1728,84.416
122,512,2,2592,124.139
122,512,2,3888,180.117
122,512,2,5832,263.338
122,512,2,8748,393.066
122,512,2,13122,580.672
122,512,2,16384,729.386
122,512,4,512,37.0346
122,512,4,768,46.208
122,512,4,1152,62.762
122,512,4,1728,86.592
122,512,4,2592,125.781
122,512,4,3888,180.608
122,512,4,5832,264.342
122,512,4,8748,392.514
122,512,4,13122,582.828
122,512,4,16384,728.408
122,512,8,512,38.186
122,512,8,768,47.68
122,512,8,1152,64.5766
122,512,8,1728,89.216
122,512,8,2592,128.727
122,512,8,3888,184.555
122,512,8,5832,270.358
122,512,8,8748,402.562
122,512,8,13122,592.214
122,512,8,16384,739.776
122,512,16,512,68.6934
122,512,16,768,88.9394
122,512,16,1152,123.477
122,512,16,1728,168.598
122,512,16,2592,245.952
122,512,16,3888,358.336
122,512,16,5832,524.992
122,512,16,8748,791.66
122,512,16,13122,1180.95
122,512,16,16384,1470.64
122,512,32,512,103.147
122,512,32,768,135.573
122,512,32,1152,186.496
122,512,32,1728,255.02
122,512,32,2592,373.696
122,512,32,3888,551.874
122,512,32,5832,835.116
122,512,32,8748,1236.85
122,512,32,13122,1825.26
122,512,32,16384,2276.88
122,512,64,512,197.611
122,512,64,768,269.27
122,512,64,1152,369.6
122,512,64,1728,516.248
122,512,64,2592,789.08
122,512,64,3888,1390.98
122,512,64,5832,2134.52
122,512,64,8748,3169.74
122,512,64,13122,4720.24
122,512,64,16384,5890.88
122,512,128,512,432
122,512,128,768,582.188
122,512,128,1152,806.104
122,512,128,1728,1202.84
122,512,128,2592,2435.64
122,512,128,3888,4137.92
122,512,128,5832,6149.08
122,512,128,8748,9237.4
122,512,128,13122,15423.7
122,512,128,16384,20427.6
122,768,0,0,47.4454
122,768,1,512,47.126
122,768,1,768,46.9766
122,768,1,1152,61.3554
122,768,1,1728,84.736
122,768,1,2592,124.289
122,768,1,3888,179.648
122,768,1,5832,264.34
122,768,1,8748,394.752
122,768,1,13122,583.616
122,768,1,16384,730.198
122,768,2,512,46.9326
122,768,2,768,47.1466
122,768,2,1152,61.4826
122,768,2,1728,84.9066
122,768,2,2592,124.16
122,768,2,3888,179.606
122,768,2,5832,262.956
122,768,2,8748,392.406
122,768,2,13122,579.732
122,768,2,16384,727.256
122,768,4,512,47.2106
122,768,4,768,47.51
122,768,4,1152,62.6134
122,768,4,1728,86.656
122,768,4,2592,125.715
122,768,4,3888,181.099
122,768,4,5832,264.642
122,768,4,8748,393.282
122,768,4,13122,583.702
122,768,4,16384,728.856
122,768,8,512,48.2994
122,768,8,768,48.7894
122,768,8,1152,64.6186
122,768,8,1728,88.64
122,768,8,2592,129.877
122,768,8,3888,184.981
122,768,8,5832,272.64
122,768,8,8748,403.03
122,768,8,13122,593.304
122,768,8,16384,739.606
122,768,16,512,79.3174
122,768,16,768,90.624
122,768,16,1152,123.392
122,768,16,1728,169.024
122,768,16,2592,244.95
122,768,16,3888,358.444
122,768,16,5832,526.594
122,768,16,8748,792.322
122,768,16,13122,1176.56
122,768,16,16384,1473.52
122,768,32,512,113.685
122,768,32,768,137.215
122,768,32,1152,186.432
122,768,32,1728,256.152
122,768,32,2592,374.742
122,768,32,3888,552.428
122,768,32,5832,832.514
122,768,32,8748,1239.83
122,768,32,13122,1824.47
122,768,32,16384,2273.14
122,768,64,512,206.956
122,768,64,768,270.272
122,768,64,1152,369.814
122,768,64,1728,515.714
122,768,64,2592,790.188
122,768,64,3888,1392.58
122,768,64,5832,2131.92
122,768,64,8748,3171.56
122,768,64,13122,4710.8
122,768,64,16384,5920.32
122,768,128,512,434.838
122,768,128,768,584.28
122,768,128,1152,807.064
122,768,128,1728,1207.15
122,768,128,2592,2434.12
122,768,128,3888,4141.08
122,768,128,5832,6149.6
122,768,128,8748,9274
122,768,128,13122,15562.7
122,768,128,16384,21009.4
122,1152,0,0,67.328
122,1152,1,512,65.898
122,1152,1,768,66.2614
122,1152,1,1152,66.0906
122,1152,1,1728,88.0846
122,1152,1,2592,128.682
122,1152,1,3888,184.981
122,1152,1,5832,273.494
122,1152,1,8748,406.038
122,1152,1,13122,599.658
122,1152,1,16384,759.958
122,1152,2,512,65.834
122,1152,2,768,65.792
122,1152,2,1152,65.728
122,1152,2,1728,87.9146
122,1152,2,2592,129.792
122,1152,2,3888,185.451
122,1152,2,5832,274.56
122,1152,2,8748,404.032
122,1152,2,13122,599.212
122,1152,2,16384,755.16
122,1152,4,512,66.6014
122,1152,4,768,66.4946
122,1152,4,1152,66.944
122,1152,4,1728,89.622
122,1152,4,2592,130.901
122,1152,4,3888,188.009
122,1152,4,5832,274.816
122,1152,4,8748,405.398
122,1152,4,13122,605.974
122,1152,4,16384,759.656
122,1152,8,512,68.416
122,1152,8,768,67.732
122,1152,8,1152,68.5014
122,1152,8,1728,93.0994
122,1152,8,2592,135.275
122,1152,8,3888,192.469
122,1152,8,5832,283.562
122,1152,8,8748,418.242
122,1152,8,13122,618.774
122,1152,8,16384,764.95
122,1152,16,512,99.648
122,1152,16,768,111.638
122,1152,16,1152,130.795
122,1152,16,1728,176.406
122,1152,16,2592,255.21
122,1152,16,3888,372.33
122,1152,16,5832,549.036
122,1152,16,8748,824.28
122,1152,16,13122,1229.55
122,1152,16,16384,1532.61
122,1152,32,512,135.701
122,1152,32,768,158.912
122,1152,32,1152,195.393
122,1152,32,1728,266.198
122,1152,32,2592,388.76
122,1152,32,3888,573.634
122,1152,32,5832,858.52
122,1152,32,8748,1278.49
122,1152,32,13122,1893.87
122,1152,32,16384,2349.88
122,1152,64,512,231.744
122,1152,64,768,295.682
122,1152,64,1152,383.98
122,1152,64,1728,536.428
122,1152,64,2592,812.846
122,1152,64,3888,1420.23
122,1152,64,5832,2157.22
122,1152,64,8748,3218
122,1152,64,13122,4778.32
122,1152,64,16384,5965.38
122,1152,128,512,454.442
122,1152,128,768,606.552
122,1152,128,1152,833.284
122,1152,128,1728,1235.05
122,1152,128,2592,2424.92
122,1152,128,3888,4148.52
122,1152,128,5832,6160.14
122,1152,128,8748,9245.36
122,1152,128,13122,14701.9
122,1152,128,16384,20129.6
122,1728,0,0,87.7874
122,1728,1,512,87.7654
122,1728,1,768,87.6586
122,1728,1,1152,88.0426
122,1728,1,1728,87.978
122,1728,1,2592,124.096
122,1728,1,3888,178.945
122,1728,1,5832,263.552
122,1728,1,8748,394.304
122,1728,1,13122,583.168
122,1728,1,16384,729.496
122,1728,2,512,87.9574
122,1728,2,768,88.5754
122,1728,2,1152,88.2346
122,1728,2,1728,88.2546
122,1728,2,2592,124.053
122,1728,2,3888,179.264
122,1728,2,5832,264.236
122,1728,2,8748,394.39
122,1728,2,13122,581.162
122,1728,2,16384,726.87
122,1728,4,512,88.576
122,1728,4,768,88.7894
122,1728,4,1152,88.8106
122,1728,4,1728,89.344
122,1728,4,2592,126.315
122,1728,4,3888,180.737
122,1728,4,5832,264.704
122,1728,4,8748,394.412
122,1728,4,13122,582.486
122,1728,4,16384,730.03
122,1728,8,512,89.7074
122,1728,8,768,91.968
122,1728,8,1152,91.3486
122,1728,8,1728,91.69
122,1728,8,2592,130.027
122,1728,8,3888,185.942
122,1728,8,5832,273.516
122,1728,8,8748,404.908
122,1728,8,13122,593.43
122,1728,8,16384,739.906
122,1728,16,512,121.045
122,1728,16,768,132.672
122,1728,16,1152,151.126
122,1728,16,1728,175.509
122,1728,16,2592,246.038
122,1728,16,3888,359.382
122,1728,16,5832,525.91
122,1728,16,8748,790.594
122,1728,16,13122,1179.91
122,1728,16,16384,1474.31
122,1728,32,512,157.568
122,1728,32,768,178.625
122,1728,32,1152,214.124
122,1728,32,1728,260.374
122,1728,32,2592,375.85
122,1728,32,3888,553.708
122,1728,32,5832,825.794
122,1728,32,8748,1238.43
122,1728,32,13122,1830.04
122,1728,32,16384,2278.5
122,1728,64,512,249.154
122,1728,64,768,312.918
122,1728,64,1152,395.778
122,1728,64,1728,518.678
122,1728,64,2592,791.96
122,1728,64,3888,1397.57
122,1728,64,5832,2135.08
122,1728,64,8748,3174.5
122,1728,64,13122,4744.32
122,1728,64,16384,5915.72
122,1728,128,512,471.96
122,1728,128,768,599.256
122,1728,128,1152,817.368
122,1728,128,1728,1213.21
122,1728,128,2592,2435.7
122,1728,128,3888,4152.34
122,1728,128,5832,6160.22
122,1728,128,8748,9279.62
122,1728,128,13122,15161.4
122,1728,128,16384,20590.4
122,2592,0,0,132.289
122,2592,1,512,130.005
122,2592,1,768,131.05
122,2592,1,1152,130.901
122,2592,1,1728,129.493
122,2592,1,2592,129.984
122,2592,1,3888,187.008
122,2592,1,5832,275.244
122,2592,1,8748,407.36
122,2592,1,13122,599.298
122,2592,1,16384,753.772
122,2592,2,512,129.323
122,2592,2,768,130.751
122,2592,2,1152,130.538
122,2592,2,1728,130.133
122,2592,2,2592,130.026
122,2592,2,3888,184.599
122,2592,2,5832,273.364
122,2592,2,8748,406.38
122,2592,2,13122,603.478
122,2592,2,16384,758.016
122,2592,4,512,130.944
122,2592,4,768,130.347
122,2592,4,1152,131.051
122,2592,4,1728,131.65
122,2592,4,2592,132.331
122,2592,4,3888,187.05
122,2592,4,5832,277.014
122,2592,4,8748,409.898
122,2592,4,13122,608.342
122,2592,4,16384,747.244
122,2592,8,512,132.437
122,2592,8,768,132.693
122,2592,8,1152,134.997
122,2592,8,1728,135.424
122,2592,8,2592,136.299
122,2592,8,3888,192.961
122,2592,8,5832,284.524
122,2592,8,8748,417.644
122,2592,8,13122,620.396
122,2592,8,16384,769.026
122,2592,16,512,163.051
122,2592,16,768,175.019
122,2592,16,1152,193.429
122,2592,16,1728,218.794
122,2592,16,2592,262.23
122,2592,16,3888,374.594
122,2592,16,5832,548.098
122,2592,16,8748,818.306
122,2592,16,13122,1224.3
122,2592,16,16384,1534.3
122,2592,32,512,200.02
122,2592,32,768,224.322
122,2592,32,1152,259.946
122,2592,32,1728,309.42
122,2592,32,2592,394.498
122,2592,32,3888,576.704
122,2592,32,5832,851.48
122,2592,32,8748,1289.62
122,2592,32,13122,1895.45
122,2592,32,16384,2277.9
122,2592,64,512,286.656
122,2592,64,768,353.004
122,2592,64,1152,432.32
122,2592,64,1728,540.246
122,2592,64,2592,800.686
122,2592,64,3888,1385.88
122,2592,64,5832,2152.14
122,2592,64,8748,3215.06
122,2592,64,13122,4773.88
122,2592,64,16384,6000.84
122,2592,128,512,521.582
122,2592,128,768,668.91
122,2592,128,1152,870.318
122,2592,128,1728,1259.95
122,2592,128,2592,2428.14
122,2592,128,3888,4289.04
122,2592,128,5832,6795.68
122,2592,128,8748,9675.88
122,2592,128,13122,15981.9
122,2592,128,16384,21002.6
122,3888,0,0,183.189
122,3888,1,512,180.673
122,3888,1,768,181.205
122,3888,1,1152,182.059
122,3888,1,1728,181.504
122,3888,1,2592,180.779
122,3888,1,3888,181.931
122,3888,1,5832,263.596
122,3888,1,8748,393.644
122,3888,1,13122,582.338
122,3888,1,16384,728.66
122,3888,2,512,179.776
122,3888,2,768,180.032
122,3888,2,1152,180.117
122,3888,2,1728,179.797
122,3888,2,2592,179.456
122,3888,2,3888,179.969
122,3888,2,5832,263.766
122,3888,2,8748,392.748
122,3888,2,13122,579.542
122,3888,2,16384,725.44
122,3888,4,512,180.673
122,3888,4,768,181.099
122,3888,4,1152,181.399
122,3888,4,1728,180.715
122,3888,4,2592,180.993
122,3888,4,3888,182.294
122,3888,4,5832,264.384
122,3888,4,8748,394.582
122,3888,4,13122,584.024
122,3888,4,16384,727.744
122,3888,8,512,181.184
122,3888,8,768,181.845
122,3888,8,1152,182.657
122,3888,8,1728,183.489
122,3888,8,2592,184.172
122,3888,8,3888,186.86
122,3888,8,5832,273.408
122,3888,8,8748,404.822
122,3888,8,13122,593.154
122,3888,8,16384,741.058
122,3888,16,512,209.494
122,3888,16,768,220.694
122,3888,16,1152,238.058
122,3888,16,1728,263.062
122,3888,16,2592,303.02
122,3888,16,3888,365.546
122,3888,16,5832,526.57
122,3888,16,8748,780.568
122,3888,16,13122,1175.9
122,3888,16,16384,1474.46
122,3888,32,512,244.566
122,3888,32,768,266.966
122,3888,32,1152,302.316
122,3888,32,1728,349.314
122,3888,32,2592,432.598
122,3888,32,3888,563.968
122,3888,32,5832,843.012
122,3888,32,8748,1321.07
122,3888,32,13122,1925.76
122,3888,32,16384,2515.4
122,3888,64,512,338.776
122,3888,64,768,406.87
122,3888,64,1152,489.452
122,3888,64,1728,628.546
122,3888,64,2592,876.438
122,3888,64,3888,1450.31
122,3888,64,5832,2199.78
122,3888,64,8748,3497.76
122,3888,64,13122,5167.34
122,3888,64,16384,6427.62
122,3888,128,512,579.436
122,3888,128,768,724.974
122,3888,128,1152,930.074
122,3888,128,1728,1310.83
122,3888,128,2592,2453.46
122,3888,128,3888,4307.1
122,3888,128,5832,6487.62
122,3888,128,8748,10529.3
122,3888,128,13122,16436.6
122,3888,128,16384,21159.2
122,5832,0,0,272.918
122,5832,1,512,271.084
122,5832,1,768,270.444
122,5832,1,1152,271.148
122,5832,1,1728,271.062
122,5832,1,2592,271.04
122,5832,1,3888,271.212
122,5832,1,5832,270.998
122,5832,1,8748,392.81
122,5832,1,13122,583.574
122,5832,1,16384,728.684
122,5832,2,512,268.352
122,5832,2,768,268.672
122,5832,2,1152,268.332
122,5832,2,1728,268.586
122,5832,2,2592,268.054
122,5832,2,3888,268.288
122,5832,2,5832,268.864
122,5832,2,8748,393.024
122,5832,2,13122,581.248
122,5832,2,16384,724.886
122,5832,4,512,268.758
122,5832,4,768,269.098
122,5832,4,1152,269.546
122,5832,4,1728,269.93
122,5832,4,2592,268.522
122,5832,4,3888,268.608
122,5832,4,5832,270.232
122,5832,4,8748,394.538
122,5832,4,13122,583.936
122,5832,4,16384,727.234
122,5832,8,512,270.57
122,5832,8,768,270.316
122,5832,8,1152,270.978
122,5832,8,1728,270.252
122,5832,8,2592,271.766
122,5832,8,3888,272.854
122,5832,8,5832,277.014
122,5832,8,8748,405.27
122,5832,8,13122,596.758
122,5832,8,16384,740.118
122,5832,16,512,287.21
122,5832,16,768,301.058
122,5832,16,1152,316.416
122,5832,16,1728,340.908
122,5832,16,2592,382.294
122,5832,16,3888,443.714
122,5832,16,5832,538.39
122,5832,16,8748,781.548
122,5832,16,13122,1178.29
122,5832,16,16384,1487.21
122,5832,32,512,321.346
122,5832,32,768,345.6
122,5832,32,1152,381.718
122,5832,32,1728,427.65
122,5832,32,2592,513.004
122,5832,32,3888,644.098
122,5832,32,5832,864.386
122,5832,32,8748,1274.88
122,5832,32,13122,2009.86
122,5832,32,16384,2522.16
122,5832,64,512,417.622
122,5832,64,768,484.778
122,5832,64,1152,565.078
122,5832,64,1728,694.274
122,5832,64,2592,946.414
122,5832,64,3888,1498.84
122,5832,64,5832,2186.66
122,5832,64,8748,3317.46
122,5832,64,13122,5319.56
122,5832,64,16384,6662.28
122,5832,128,512,654.786
122,5832,128,768,793.838
122,5832,128,1152,987.586
122,5832,128,1728,1387.55
122,5832,128,2592,2583
122,5832,128,3888,4327.2
122,5832,128,5832,6426.62
122,5832,128,8748,10501.9
122,5832,128,13122,16549.8
122,5832,128,16384,21200.8
122,8748,0,0,399.04
122,8748,1,512,397.228
122,8748,1,768,396.288
122,8748,1,1152,396.992
122,8748,1,1728,396.438
122,8748,1,2592,397.078
122,8748,1,3888,396.032
122,8748,1,5832,395.968
122,8748,1,8748,396.138
122,8748,1,13122,583.402
122,8748,1,16384,729.75
122,8748,2,512,392.638
122,8748,2,768,392.662
122,8748,2,1152,392.384
122,8748,2,1728,393.43
122,8748,2,2592,392.682
122,8748,2,3888,392.022
122,8748,2,5832,392.448
122,8748,2,8748,393.088
122,8748,2,13122,581.974
122,8748,2,16384,728.234
122,8748,4,512,393.238
122,8748,4,768,394.304
122,8748,4,1152,394.602
122,8748,4,1728,394.986
122,8748,4,2592,394.86
122,8748,4,3888,393.388
122,8748,4,5832,393.558
122,8748,4,8748,395.35
122,8748,4,13122,583.704
122,8748,4,16384,729.28
122,8748,8,512,394.24
122,8748,8,768,394.284
122,8748,8,1152,396.224
122,8748,8,1728,396.308
122,8748,8,2592,396.82
122,8748,8,3888,397.462
122,8748,8,5832,403.394
122,8748,8,8748,406.614
122,8748,8,13122,595.01
122,8748,8,16384,739.692
122,8748,16,512,404.674
122,8748,16,768,417.794
122,8748,16,1152,437.57
122,8748,16,1728,461.27
122,8748,16,2592,499.094
122,8748,16,3888,562.86
122,8748,16,5832,654.55
122,8748,16,8748,805.548
122,8748,16,13122,1158.79
122,8748,16,16384,1470.81
122,8748,32,512,441.004
122,8748,32,768,464.618
122,8748,32,1152,498.156
122,8748,32,1728,544.856
122,8748,32,2592,629.956
122,8748,32,3888,760.022
122,8748,32,5832,985.09
122,8748,32,8748,1271.28
122,8748,32,13122,1922.2
122,8748,32,16384,2490.88
122,8748,64,512,535.128
122,8748,64,768,602.07
122,8748,64,1152,687.318
122,8748,64,1728,816.364
122,8748,64,2592,1079.56
122,8748,64,3888,1650.01
122,8748,64,5832,2340.56
122,8748,64,8748,3244.56
122,8748,64,13122,5071.38
122,8748,64,16384,6656.86
122,8748,128,512,777.304
122,8748,128,768,923.672
122,8748,128,1152,1095.51
122,8748,128,1728,1461.08
122,8748,128,2592,2705.92
122,8748,128,3888,4386.92
122,8748,128,5832,6625.22
122,8748,128,8748,9718.04
122,8748,128,13122,16947.9
122,8748,128,16384,21361.4
122,13122,0,0,613.42
122,13122,1,512,613.166
122,13122,1,768,604.31
122,13122,1,1152,607.234
122,13122,1,1728,604.098
122,13122,1,2592,603.286
122,13122,1,3888,606.508
122,13122,1,5832,607.466
122,13122,1,8748,602.112
122,13122,1,13122,603.392
122,13122,1,16384,752.386
122,13122,2,512,598.338
122,13122,2,768,609.088
122,13122,2,1152,603.5
122,13122,2,1728,607.53
122,13122,2,2592,610.072
122,13122,2,3888,609.494
122,13122,2,5832,606.594
122,13122,2,8748,608.002
122,13122,2,13122,603.798
122,13122,2,16384,747.99
122,13122,4,512,606.316
122,13122,4,768,602.176
122,13122,4,1152,603.434
122,13122,4,1728,612.372
122,13122,4,2592,610.518
122,13122,4,3888,601.664
122,13122,4,5832,605.568
122,13122,4,8748,606.764
122,13122,4,13122,616.556
122,13122,4,16384,759.978
122,13122,8,512,608.748
122,13122,8,768,605.398
122,13122,8,1152,609.024
122,13122,8,1728,610.114
122,13122,8,2592,608.258
122,13122,8,3888,610.626
122,13122,8,5832,616.854
122,13122,8,8748,620.566
122,13122,8,13122,624.044
122,13122,8,16384,772.78
122,13122,16,512,608.768
122,13122,16,768,622.956
122,13122,16,1152,643.862
122,13122,16,1728,667.008
122,13122,16,2592,706.178
122,13122,16,3888,775.51
122,13122,16,5832,869.334
122,13122,16,8748,1029.29
122,13122,16,13122,1242.86
122,13122,16,16384,1513.03
122,13122,32,512,644.524
122,13122,32,768,666.84
122,13122,32,1152,701.612
122,13122,32,1728,755.478
122,13122,32,2592,837.144
122,13122,32,3888,975.428
122,13122,32,5832,1208.05
122,13122,32,8748,1538.56
122,13122,32,13122,1933.85
122,13122,32,16384,2381.36
122,13122,64,512,741.248
122,13122,64,768,811.286
122,13122,64,1152,894.252
122,13122,64,1728,1028.29
122,13122,64,2592,1316.59
122,13122,64,3888,1870.19
122,13122,64,5832,2541.64
122,13122,64,8748,3639.84
122,13122,64,13122,4878.16
122,13122,64,16384,6229.9
122,13122,128,512,953.432
122,13122,128,768,1099.29
122,13122,128,1152,1305.97
122,13122,128,1728,1669.98
122,13122,128,2592,3016.46
122,13122,128,3888,4493.44
122,13122,128,5832,6751.5
122,13122,128,8748,10474.3
122,13122,128,13122,16108.2
122,13122,128,16384,21552.6
122,16384,0,0,738.582
122,16384,1,512,737.432
122,16384,1,768,735.83
122,16384,1,1152,735.658
122,16384,1,1728,736.3
122,16384,1,2592,735.766
122,16384,1,3888,734.038
122,16384,1,5832,735.02
122,16384,1,8748,734.488
122,16384,1,13122,731.798
122,16384,1,16384,733.886
122,16384,2,512,728.532
122,16384,2,768,728.556
122,16384,2,1152,726.742
122,16384,2,1728,726.166
122,16384,2,2592,726.658
122,16384,2,3888,725.848
122,16384,2,5832,727.146
122,16384,2,8748,727.212
122,16384,2,13122,727.234
122,16384,2,16384,728.322
122,16384,4,512,729.536
122,16384,4,768,729.538
122,16384,4,1152,731.692
122,16384,4,1728,728.746
122,16384,4,2592,729.856
122,16384,4,3888,728.042
122,16384,4,5832,728.024
122,16384,4,8748,730.946
122,16384,4,13122,729.708
122,16384,4,16384,732.46
122,16384,8,512,728.3
122,16384,8,768,728.92
122,16384,8,1152,730.668
122,16384,8,1728,731.754
122,16384,8,2592,732.054
122,16384,8,3888,733.718
122,16384,8,5832,736.3
122,16384,8,8748,741.334
122,16384,8,13122,740.482
122,16384,8,16384,744.62
122,16384,16,512,730.88
122,16384,16,768,731.628
122,16384,16,1152,744.556
122,16384,16,1728,767.658
122,16384,16,2592,806.742
122,16384,16,3888,870.252
122,16384,16,5832,965.678
122,16384,16,8748,1120.54
122,16384,16,13122,1333.32
122,16384,16,16384,1479.09
122,16384,32,512,748.27
122,16384,32,768,767.576
122,16384,32,1152,803.072
122,16384,32,1728,852.204
122,16384,32,2592,937.218
122,16384,32,3888,1066.07
122,16384,32,5832,1306.29
122,16384,32,8748,1614.38
122,16384,32,13122,2045.76
122,16384,32,16384,2334.8
122,16384,64,512,838.574
122,16384,64,768,909.954
122,16384,64,1152,993.558
122,16384,64,1728,1123.01
122,16384,64,2592,1392.79
122,16384,64,3888,1985.88
122,16384,64,5832,2661.52
122,16384,64,8748,3577.56
122,16384,64,13122,5411.34
122,16384,64,16384,6094.4
122,16384,128,512,1079.9
122,16384,128,768,1230.32
122,16384,128,1152,1435.67
122,16384,128,1728,1811.61
122,16384,128,2592,3229.68
122,16384,128,3888,4787.64
122,16384,128,5832,6742.64
122,16384,128,8748,9845.44
122,16384,128,13122,16916.1
122,16384,128,16384,21410.4
128,0,0,0,17.3647
128,0,1,16,16.9813
128,0,1,32,16.9807
128,0,1,64,17.002
128,0,1,128,19.328
128,0,1,256,24.4054
128,0,1,512,34.4106
128,0,1,1024,56.2766
128,0,1,2048,100.843
128,0,1,4096,190.741
128,0,1,8192,371.138
128,0,1,16384,730.456
128,0,2,16,16.8107
128,0,2,32,16.8107
128,0,2,64,17.0453
128,0,2,128,19.584
128,0,2,256,24.64
128,0,2,512,34.752
128,0,2,1024,56.2986
128,0,2,2048,101.184
128,0,2,4096,190.058
128,0,2,8192,368.854
128,0,2,16384,727.232
128,0,4,16,16.7893
128,0,4,32,16.6193
128,0,4,64,16.9387
128,0,4,128,19.8607
128,0,4,256,25.3866
128,0,4,512,35.9886
128,0,4,1024,56.874
128,0,4,2048,102.294
128,0,4,4096,190.784
128,0,4,8192,369.622
128,0,4,16384,729.068
128,0,8,16,16.618
128,0,8,32,16.7893
128,0,8,64,16.9813
128,0,8,128,21.0986
128,0,8,256,26.326
128,0,8,512,36.928
128,0,8,1024,59.0934
128,0,8,2048,104.683
128,0,8,4096,194.24
128,0,8,8192,378.71
128,0,8,16384,735.642
128,0,16,16,25.7714
128,0,16,32,25.8766
128,0,16,64,26.0694
128,0,16,128,34.432
128,0,16,256,45.44
128,0,16,512,66.9226
128,0,16,1024,111.659
128,0,16,2048,199.403
128,0,16,4096,377.002
128,0,16,8192,743.68
128,0,16,16384,1470.59
128,0,32,16,36.6514
128,0,32,32,37.0134
128,0,32,64,37.7606
128,0,32,128,51.9686
128,0,32,256,68.3314
128,0,32,512,101.696
128,0,32,1024,169.643
128,0,32,2048,302.166
128,0,32,4096,586.24
128,0,32,8192,1166.75
128,0,32,16384,2275.76
128,0,64,16,62.7846
128,0,64,32,63.1046
128,0,64,64,64.79
128,0,64,128,94.5714
128,0,64,256,128.149
128,0,64,512,195.733
128,0,64,1024,336.598
128,0,64,2048,624.3
128,0,64,4096,1488.09
128,0,64,8192,2968.6
128,0,64,16384,5890.44
128,0,128,16,113.495
128,0,128,32,114.433
128,0,128,64,117.568
128,0,128,128,179.199
128,0,128,256,253.804
128,0,128,512,422.85
128,0,128,1024,723.416
128,0,128,2048,1561.97
128,0,128,4096,4352.16
128,0,128,8192,8592.58
128,0,128,16384,21016
128,16,0,0,20.3734
128,16,1,16,20.352
128,16,1,32,20.4586
128,16,1,64,20.522
128,16,1,128,20.608
128,16,1,256,24.3626
128,16,1,512,34.4954
128,16,1,1024,56.2994
128,16,1,2048,101.142
128,16,1,4096,190.059
128,16,1,8192,370.646
128,16,1,16384,729.3
128,16,2,16,20.3946
128,16,2,32,20.3726
128,16,2,64,20.3306
128,16,2,128,20.4586
128,16,2,256,24.7254
128,16,2,512,35.0294
128,16,2,1024,56.3854
128,16,2,2048,100.609
128,16,2,4096,189.952
128,16,2,8192,368.598
128,16,2,16384,726.08
128,16,4,16,20.3314
128,16,4,32,20.544
128,16,4,64,20.6294
128,16,4,128,20.5874
128,16,4,256,25.4294
128,16,4,512,36.01
128,16,4,1024,57.2586
128,16,4,2048,101.953
128,16,4,4096,190.634
128,16,4,8192,368.064
128,16,4,16384,728.386
128,16,8,16,20.864
128,16,8,32,20.672
128,16,8,64,21.2486
128,16,8,128,21.014
128,16,8,256,26.4526
128,16,8,512,36.758
128,16,8,1024,58.816
128,16,8,2048,104.876
128,16,8,4096,193.77
128,16,8,8192,377.3
128,16,8,16384,736.258
128,16,16,16,30.6986
128,16,16,32,30.6986
128,16,16,64,30.8054
128,16,16,128,34.4106
128,16,16,256,44.9066
128,16,16,512,66.752
128,16,16,1024,111.295
128,16,16,2048,199.701
128,16,16,4096,376.342
128,16,16,8192,743.788
128,16,16,16384,1470.15
128,16,32,16,40.832
128,16,32,32,41.322
128,16,32,64,41.472
128,16,32,128,52.2026
128,16,32,256,68.3946
128,16,32,512,101.781
128,16,32,1024,169.195
128,16,32,2048,301.184
128,16,32,4096,585.88
128,16,32,8192,1166.23
128,16,32,16384,2273.82
128,16,64,16,66.6874
128,16,64,32,67.028
128,16,64,64,68.2246
128,16,64,128,94.4854
128,16,64,256,128.128
128,16,64,512,195.627
128,16,64,1024,337.346
128,16,64,2048,624.812
128,16,64,4096,1488.96
128,16,64,8192,2969.1
128,16,64,16384,5885.58
128,16,128,16,113.729
128,16,128,32,114.518
128,16,128,64,118.122
128,16,128,128,179.563
128,16,128,256,254.06
128,16,128,512,423.064
128,16,128,1024,724.376
128,16,128,2048,1579.16
128,16,128,4096,4344.14
128,16,128,8192,8608.88
128,16,128,16384,20573.2
128,32,0,0,20.48
128,32,1,16,20.352
128,32,1,32,20.352
128,32,1,64,20.288
128,32,1,128,20.416
128,32,1,256,24.3414
128,32,1,512,34.41
128,32,1,1024,56.5126
128,32,1,2048,100.801
128,32,1,4096,190.209
128,32,1,8192,370.754
128,32,1,16384,729.962
128,32,2,16,20.16
128,32,2,32,20.3734
128,32,2,64,20.5226
128,32,2,128,20.5654
128,32,2,256,24.576
128,32,2,512,34.6034
128,32,2,1024,56.2986
128,32,2,2048,100.821
128,32,2,4096,190.038
128,32,2,8192,369.836
128,32,2,16384,726.912
128,32,4,16,20.3506
128,32,4,32,20.31
128,32,4,64,20.3306
128,32,4,128,20.5866
128,32,4,256,25.0866
128,32,4,512,35.7546
128,32,4,1024,57.1526
128,32,4,2048,101.802
128,32,4,4096,191.233
128,32,4,8192,370.198
128,32,4,16384,730.072
128,32,8,16,20.5646
128,32,8,32,20.7786
128,32,8,64,20.7794
128,32,8,128,21.1194
128,32,8,256,26.4754
128,32,8,512,36.928
128,32,8,1024,59.392
128,32,8,2048,104.725
128,32,8,4096,194.283
128,32,8,8192,379.158
128,32,8,16384,736.792
128,32,16,16,30.848
128,32,16,32,30.8266
128,32,16,64,31.2106
128,32,16,128,34.6454
128,32,16,256,45.0134
128,32,16,512,66.5814
128,32,16,1024,111.679
128,32,16,2048,199.808
128,32,16,4096,376.194
128,32,16,8192,744.622
128,32,16,16384,1469.17
128,32,32,16,41.046
128,32,32,32,41.1514
128,32,32,64,41.9834
128,32,32,128,52.0746
128,32,32,256,68.1386
128,32,32,512,101.781
128,32,32,1024,169.452
128,32,32,2048,302.166
128,32,32,4096,586.392
128,32,32,8192,1167.7
128,32,32,16384,2272.58
128,32,64,16,66.7094
128,32,64,32,67.3286
128,32,64,64,67.798
128,32,64,128,94.7406
128,32,64,256,128.256
128,32,64,512,195.392
128,32,64,1024,337.216
128,32,64,2048,625.752
128,32,64,4096,1489.75
128,32,64,8192,2971.24
128,32,64,16384,5916.02
128,32,128,16,113.92
128,32,128,32,115.008
128,32,128,64,117.867
128,32,128,128,179.799
128,32,128,256,254.124
128,32,128,512,422.998
128,32,128,1024,723.224
128,32,128,2048,1560.41
128,32,128,4096,4353.06
128,32,128,8192,8591.88
128,32,128,16384,20697.2
128,64,0,0,20.6506
128,64,1,16,20.5226
128,64,1,32,20.5866
128,64,1,64,20.5234
128,64,1,128,20.586
128,64,1,256,24.4046
128,64,1,512,34.432
128,64,1,1024,56.2994
128,64,1,2048,101.269
128,64,1,4096,190.23
128,64,1,8192,370.88
128,64,1,16384,730.392
128,64,2,16,20.842
128,64,2,32,20.736
128,64,2,64,20.864
128,64,2,128,20.7146
128,64,2,256,24.6614
128,64,2,512,34.73
128,64,2,1024,56.3206
128,64,2,2048,100.885
128,64,2,4096,190.059
128,64,2,8192,368.746
128,64,2,16384,727.956
128,64,4,16,20.5874
128,64,4,32,20.672
128,64,4,64,20.7786
128,64,4,128,20.8426
128,64,4,256,24.7254
128,64,4,512,35.1574
128,64,4,1024,57.408
128,64,4,2048,101.845
128,64,4,4096,190.635
128,64,4,8192,369.112
128,64,4,16384,727.382
128,64,8,16,20.8846
128,64,8,32,21.0774
128,64,8,64,21.1846
128,64,8,128,21.1414
128,64,8,256,26.346
128,64,8,512,36.6726
128,64,8,1024,59.0726
128,64,8,2048,104.576
128,64,8,4096,194.795
128,64,8,8192,378.944
128,64,8,16384,737.346
128,64,16,16,30.8906
128,64,16,32,31.1246
128,64,16,64,31.0406
128,64,16,128,34.6026
128,64,16,256,45.2274
128,64,16,512,66.5606
128,64,16,1024,111.509
128,64,16,2048,199.915
128,64,16,4096,376.128
128,64,16,8192,743.596
128,64,16,16384,1472.81
128,64,32,16,41.4074
128,64,32,32,41.834
128,64,32,64,42.282
128,64,32,128,52.0534
128,64,32,256,68.6306
128,64,32,512,102.208
128,64,32,1024,168.726
128,64,32,2048,301.846
128,64,32,4096,587.5
128,64,32,8192,1166.23
128,64,32,16384,2272.08
128,64,64,16,66.5174
128,64,64,32,67.222
128,64,64,64,68.2246
128,64,64,128,94.5714
128,64,64,256,128.235
128,64,64,512,195.542
128,64,64,1024,336.706
128,64,64,2048,624.6
128,64,64,4096,1484.31
128,64,64,8192,2976.42
128,64,64,16384,5878.52
128,64,128,16,114.519
128,64,128,32,114.773
128,64,128,64,118.401
128,64,128,128,180.31
128,64,128,256,254.23
128,64,128,512,423.064
128,64,128,1024,722.668
128,64,128,2048,1556.08
128,64,128,4096,4353.74
128,64,128,8192,8622.2
128,64,128,16384,21000.2
128,128,0,0,22.7406
128,128,1,16,21.27
128,128,1,32,21.2054
128,128,1,64,21.2474
128,128,1,128,21.4186
128,128,1,256,24.47
128,128,1,512,34.5174
128,128,1,1024,56.256
128,128,1,2048,101.248
128,128,1,4096,190.699
128,128,1,8192,371.03
128,128,1,16384,730.71
128,128,2,16,21.44
128,128,2,32,21.4406
128,128,2,64,21.4194
128,128,2,128,21.334
128,128,2,256,24.7254
128,128,2,512,34.8586
128,128,2,1024,56.32
128,128,2,2048,100.929
128,128,2,4096,189.653
128,128,2,8192,370.006
128,128,2,16384,727.318
128,128,4,16,21.184
128,128,4,32,21.2054
128,128,4,64,21.184
128,128,4,128,21.312
128,128,4,256,25.1954
128,128,4,512,35.7546
128,128,4,1024,56.8746
128,128,4,2048,101.931
128,128,4,4096,190.827
128,128,4,8192,369.686
128,128,4,16384,728.428
128,128,8,16,21.9306
128,128,8,32,21.9306
128,128,8,64,21.8666
128,128,8,128,21.8654
128,128,8,256,26.5174
128,128,8,512,37.0994
128,128,8,1024,59.136
128,128,8,2048,104.256
128,128,8,4096,194.688
128,128,8,8192,378.69
128,128,8,16384,737.772
128,128,16,16,31.7226
128,128,16,32,32.0854
128,128,16,64,31.872
128,128,16,128,36.416
128,128,16,256,45.12
128,128,16,512,67.0726
128,128,16,1024,111.723
128,128,16,2048,199.83
128,128,16,4096,375.316
128,128,16,8192,744.002
128,128,16,16384,1471.09
128,128,32,16,42.39
128,128,32,32,42.688
128,128,32,64,43.0926
128,128,32,128,53.0994
128,128,32,256,68.9914
128,128,32,512,102.357
128,128,32,1024,169.963
128,128,32,2048,302.356
128,128,32,4096,586.37
128,128,32,8192,1164.12
128,128,32,16384,2273.8
128,128,64,16,68.0114
128,128,64,32,68.1814
128,128,64,64,68.8426
128,128,64,128,95.2746
128,128,64,256,128.235
128,128,64,512,196.439
128,128,64,1024,336.278
128,128,64,2048,623.17
128,128,64,4096,1485.98
128,128,64,8192,2967.78
128,128,64,16384,5903.48
128,128,128,16,114.752
128,128,128,32,115.392
128,128,128,64,118.806
128,128,128,128,181.163
128,128,128,256,255.532
128,128,128,512,425.304
128,128,128,1024,723.352
128,128,128,2048,1563.97
128,128,128,4096,4350.04
128,128,128,8192,8601.54
128,128,128,16384,20582.2
128,256,0,0,27.1146
128,256,1,16,26.4746
128,256,1,32,26.4326
128,256,1,64,26.3466
128,256,1,128,26.432
128,256,1,256,26.4534
128,256,1,512,34.326
128,256,1,1024,56.2566
128,256,1,2048,100.757
128,256,1,4096,189.995
128,256,1,8192,371.67
128,256,1,16384,729.794
128,256,2,16,26.4526
128,256,2,32,26.4106
128,256,2,64,26.4966
128,256,2,128,26.4526
128,256,2,256,26.3894
128,256,2,512,34.9006
128,256,2,1024,56.4046
128,256,2,2048,100.585
128,256,2,4096,189.824
128,256,2,8192,368.342
128,256,2,16384,726.72
128,256,4,16,26.2614
128,256,4,32,26.348
128,256,4,64,26.4114
128,256,4,128,26.218
128,256,4,256,26.582
128,256,4,512,35.562
128,256,4,1024,57.6214
128,256,4,2048,102.315
128,256,4,4096,191.167
128,256,4,8192,369.856
128,256,4,16384,728.236
128,256,8,16,27.712
128,256,8,32,27.3706
128,256,8,64,27.4986
128,256,8,128,27.2634
128,256,8,256,27.306
128,256,8,512,36.95
128,256,8,1024,59.094
128,256,8,2048,104.428
128,256,8,4096,195.201
128,256,8,8192,380.522
128,256,8,16384,737.986
128,256,16,16,37.2054
128,256,16,32,36.9494
128,256,16,64,37.184
128,256,16,128,41.6006
128,256,16,256,46.4854
128,256,16,512,67.1146
128,256,16,1024,111.637
128,256,16,2048,200.362
128,256,16,4096,377.536
128,256,16,8192,741.654
128,256,16,16384,1470.87
128,256,32,16,47.8934
128,256,32,32,48.342
128,256,32,64,48.704
128,256,32,128,57.942
128,256,32,256,69.3974
128,256,32,512,102.145
128,256,32,1024,169.6
128,256,32,2048,302.294
128,256,32,4096,586.326
128,256,32,8192,1164.59
128,256,32,16384,2275.8
128,256,64,16,73.5146
128,256,64,32,74.368
128,256,64,64,74.944
128,256,64,128,99.648
128,256,64,256,129.601
128,256,64,512,196.267
128,256,64,1024,337.174
128,256,64,2048,623.596
128,256,64,4096,1487.75
128,256,64,8192,2965.48
128,256,64,16384,5905.04
128,256,128,16,121.067
128,256,128,32,122.219
128,256,128,64,124.715
128,256,128,128,181.675
128,256,128,256,256.47
128,256,128,512,427.544
128,256,128,1024,726.83
128,256,128,2048,1546.63
128,256,128,4096,4354.12
128,256,128,8192,8588.6
128,256,128,16384,20429.8
128,512,0,0,37.12
128,512,1,16,36.5654
128,512,1,32,36.6714
128,512,1,64,36.5226
128,512,1,128,36.5234
128,512,1,256,36.5014
128,512,1,512,36.5866
128,512,1,1024,56.4266
128,512,1,2048,100.864
128,512,1,4096,189.632
128,512,1,8192,370.73
128,512,1,16384,730.584
128,512,2,16,36.758
128,512,2,32,36.608
128,512,2,64,36.586
128,512,2,128,36.608
128,512,2,256,36.522
128,512,2,512,36.6506
128,512,2,1024,56.2154
128,512,2,2048,100.993
128,512,2,4096,189.847
128,512,2,8192,368.704
128,512,2,16384,727.936
128,512,4,16,36.416
128,512,4,32,36.4374
128,512,4,64,36.5646
128,512,4,128,36.544
128,512,4,256,36.5874
128,512,4,512,36.8426
128,512,4,1024,57.0874
128,512,4,2048,102.379
128,512,4,4096,190.955
128,512,4,8192,369.558
128,512,4,16384,728.302
128,512,8,16,37.1626
128,512,8,32,37.5046
128,512,8,64,37.2906
128,512,8,128,37.8026
128,512,8,256,38.1006
128,512,8,512,38.1654
128,512,8,1024,58.9654
128,512,8,2048,104.832
128,512,8,4096,194.453
128,512,8,8192,379.286
128,512,8,16384,737.26
128,512,16,16,46.8906
128,512,16,32,47.594
128,512,16,64,47.6166
128,512,16,128,52.3086
128,512,16,256,58.1546
128,512,16,512,68.3526
128,512,16,1024,111.701
128,512,16,2048,200.598
128,512,16,4096,378.176
128,512,16,8192,739.798
128,512,16,16384,1470.45
128,512,32,16,59.072
128,512,32,32,58.794
128,512,32,64,59.1574
128,512,32,128,69.44
128,512,32,256,80.7894
128,512,32,512,102.913
128,512,32,1024,169.557
128,512,32,2048,303.17
128,512,32,4096,587.84
128,512,32,8192,1165.72
128,512,32,16384,2274.02
128,512,64,16,85.014
128,512,64,32,85.7586
128,512,64,64,86.4
128,512,64,128,111.169
128,512,64,256,138.006
128,512,64,512,198.06
128,512,64,1024,336.704
128,512,64,2048,627.416
128,512,64,4096,1491.12
128,512,64,8192,2973.22
128,512,64,16384,5917.32
128,512,128,16,133.353
128,512,128,32,133.483
128,512,128,64,136.449
128,512,128,128,189.931
128,512,128,256,258.07
128,512,128,512,433.068
128,512,128,1024,725.976
128,512,128,2048,1553.05
128,512,128,4096,4360.36
128,512,128,8192,8595.24
128,512,128,16384,20265.8
128,1024,0,0,59.6054
128,1024,1,16,58.4526
128,1024,1,32,58.5174
128,1024,1,64,58.3674
128,1024,1,128,58.474
128,1024,1,256,58.4534
128,1024,1,512,58.56
128,1024,1,1024,58.2186
128,1024,1,2048,100.907
128,1024,1,4096,190.421
128,1024,1,8192,371.136
128,1024,1,16384,729.986
128,1024,2,16,58.3254
128,1024,2,32,58.0266
128,1024,2,64,58.2614
128,1024,2,128,58.198
128,1024,2,256,58.1766
128,1024,2,512,58.1754
128,1024,2,1024,58.176
128,1024,2,2048,100.969
128,1024,2,4096,190.038
128,1024,2,8192,368.62
128,1024,2,16384,725.61
128,1024,4,16,58.5174
128,1024,4,32,58.2614
128,1024,4,64,58.4954
128,1024,4,128,58.4534
128,1024,4,256,58.2614
128,1024,4,512,58.1974
128,1024,4,1024,59.1354
128,1024,4,2048,102.569
128,1024,4,4096,191.53
128,1024,4,8192,370.07
128,1024,4,16384,728.686
128,1024,8,16,58.5606
128,1024,8,32,59.0086
128,1024,8,64,59.1574
128,1024,8,128,59.0294
128,1024,8,256,58.9454
128,1024,8,512,59.35
128,1024,8,1024,60.4374
128,1024,8,2048,105.749
128,1024,8,4096,195.628
128,1024,8,8192,380.096
128,1024,8,16384,738.838
128,1024,16,16,68.032
128,1024,16,32,68.096
128,1024,16,64,68.8
128,1024,16,128,72.7254
128,1024,16,256,78.848
128,1024,16,512,90.0706
128,1024,16,1024,113.365
128,1024,16,2048,200.576
128,1024,16,4096,378.496
128,1024,16,8192,740.076
128,1024,16,16384,1470.98
128,1024,32,16,79.9366
128,1024,32,32,79.7454
128,1024,32,64,80.3426
128,1024,32,128,90.6466
128,1024,32,256,102.976
128,1024,32,512,124.417
128,1024,32,1024,171.542
128,1024,32,2048,303.53
128,1024,32,4096,588.802
128,1024,32,8192,1167.45
128,1024,32,16384,2277.24
128,1024,64,16,106.922
128,1024,64,32,107.157
128,1024,64,64,108.823
128,1024,64,128,132.565
128,1024,64,256,160.897
128,1024,64,512,216.342
128,1024,64,1024,339.67
128,1024,64,2048,627.928
128,1024,64,4096,1489.05
128,1024,64,8192,2982.04
128,1024,64,16384,5913.96
128,1024,128,16,155.734
128,1024,128,32,156.736
128,1024,128,64,159.51
128,1024,128,128,212.416
128,1024,128,256,277.846
128,1024,128,512,438.614
128,1024,128,1024,734.062
128,1024,128,2048,1562.63
128,1024,128,4096,4360.94
128,1024,128,8192,8608.54
128,1024,128,16384,20018.2
128,2048,0,0,104.533
128,2048,1,16,103.061
128,2048,1,32,103.382
128,2048,1,64,103.637
128,2048,1,128,103.637
128,2048,1,256,103.147
128,2048,1,512,103.403
128,2048,1,1024,103.211
128,2048,1,2048,102.869
128,2048,1,4096,190.443
128,2048,1,8192,370.688
128,2048,1,16384,730.134
128,2048,2,16,102.785
128,2048,2,32,102.721
128,2048,2,64,102.357
128,2048,2,128,102.827
128,2048,2,256,102.591
128,2048,2,512,102.57
128,2048,2,1024,102.401
128,2048,2,2048,102.441
128,2048,2,4096,190.337
128,2048,2,8192,369.11
128,2048,2,16384,727.466
128,2048,4,16,102.955
128,2048,4,32,103.167
128,2048,4,64,102.891
128,2048,4,128,103.083
128,2048,4,256,102.763
128,2048,4,512,102.805
128,2048,4,1024,103.553
128,2048,4,2048,103.872
128,2048,4,4096,190.827
128,2048,4,8192,370.796
128,2048,4,16384,728.92
128,2048,8,16,102.635
128,2048,8,32,102.763
128,2048,8,64,102.762
128,2048,8,128,102.955
128,2048,8,256,103.147
128,2048,8,512,104.32
128,2048,8,1024,105.9
128,2048,8,2048,107.179
128,2048,8,4096,196.331
128,2048,8,8192,379.5
128,2048,8,16384,739.372
128,2048,16,16,109.802
128,2048,16,32,109.845
128,2048,16,64,110.251
128,2048,16,128,114.497
128,2048,16,256,120.682
128,2048,16,512,131.734
128,2048,16,1024,156.032
128,2048,16,2048,202.518
128,2048,16,4096,379.562
128,2048,16,8192,738.946
128,2048,16,16384,1471.45
128,2048,32,16,120.961
128,2048,32,32,121.451
128,2048,32,64,121.942
128,2048,32,128,131.649
128,2048,32,256,144.406
128,2048,32,512,167.487
128,2048,32,1024,213.034
128,2048,32,2048,305.068
128,2048,32,4096,590.124
128,2048,32,8192,1170.69
128,2048,32,16384,2276.2
128,2048,64,16,148.694
128,2048,64,32,148.95
128,2048,64,64,149.269
128,2048,64,128,175.595
128,2048,64,256,204.138
128,2048,64,512,261.184
128,2048,64,1024,380.908
128,2048,64,2048,633.282
128,2048,64,4096,1471.92
128,2048,64,8192,2989.92
128,2048,64,16384,5922.76
128,2048,128,16,200.406
128,2048,128,32,201.11
128,2048,128,64,204.33
128,2048,128,128,260.076
128,2048,128,256,323.5
128,2048,128,512,484.716
128,2048,128,1024,742.85
128,2048,128,2048,1614.3
128,2048,128,4096,4403.48
128,2048,128,8192,8799.62
128,2048,128,16384,20487.8
128,4096,0,0,194.709
128,4096,1,16,193.216
128,4096,1,32,194.025
128,4096,1,64,193.323
128,4096,1,128,193.047
128,4096,1,256,193.13
128,4096,1,512,193.835
128,4096,1,1024,193.43
128,4096,1,2048,192.727
128,4096,1,4096,192.703
128,4096,1,8192,371.2
128,4096,1,16384,730.198
128,4096,2,16,191.743
128,4096,2,32,191.445
128,4096,2,64,191.552
128,4096,2,128,191.532
128,4096,2,256,191.445
128,4096,2,512,191.744
128,4096,2,1024,191.403
128,4096,2,2048,191.465
128,4096,2,4096,191.295
128,4096,2,8192,368.94
128,4096,2,16384,728.384
128,4096,4,16,192.128
128,4096,4,32,191.339
128,4096,4,64,191.723
128,4096,4,128,191.595
128,4096,4,256,191.551
128,4096,4,512,192.171
128,4096,4,1024,192.299
128,4096,4,2048,192.917
128,4096,4,4096,192.342
128,4096,4,8192,371.092
128,4096,4,16384,728.428
128,4096,8,16,191.531
128,4096,8,32,191.552
128,4096,8,64,191.552
128,4096,8,128,192.257
128,4096,8,256,192.875
128,4096,8,512,192.767
128,4096,8,1024,195.242
128,4096,8,2048,195.927
128,4096,8,4096,197.781
128,4096,8,8192,381.184
128,4096,8,16384,739.18
128,4096,16,16,192.939
128,4096,16,32,193.003
128,4096,16,64,193.664
128,4096,16,128,197.974
128,4096,16,256,205.142
128,4096,16,512,215.468
128,4096,16,1024,238.72
128,4096,16,2048,285.484
128,4096,16,4096,380.524
128,4096,16,8192,734.636
128,4096,16,16384,1473.99
128,4096,32,16,205.738
128,4096,32,32,204.31
128,4096,32,64,204.46
128,4096,32,128,216.172
128,4096,32,256,227.734
128,4096,32,512,251.862
128,4096,32,1024,296.596
128,4096,32,2048,388.354
128,4096,32,4096,600.898
128,4096,32,8192,1240.66
128,4096,32,16384,2535.34
128,4096,64,16,230.764
128,4096,64,32,231.104
128,4096,64,64,232.598
128,4096,64,128,259.072
128,4096,64,256,287.148
128,4096,64,512,344.92
128,4096,64,1024,466.944
128,4096,64,2048,705.41
128,4096,64,4096,1534.36
128,4096,64,8192,3232.52
128,4096,64,16384,6559.2
128,4096,128,16,282.73
128,4096,128,32,284.034
128,4096,128,64,287.19
128,4096,128,128,347.052
128,4096,128,256,421.91
128,4096,128,512,574.36
128,4096,128,1024,848.558
128,4096,128,2048,1692.91
128,4096,128,4096,4528.5
128,4096,128,8192,9724.58
128,4096,128,16384,21225
128,8192,0,0,376.512
128,8192,1,16,374.21
128,8192,1,32,375.34
128,8192,1,64,374.144
128,8192,1,128,374.444
128,8192,1,256,374.038
128,8192,1,512,374.85
128,8192,1,1024,373.612
128,8192,1,2048,372.886
128,8192,1,4096,373.356
128,8192,1,8192,373.548
128,8192,1,16384,729.966
128,8192,2,16,370.518
128,8192,2,32,370.304
128,8192,2,64,370.176
128,8192,2,128,369.876
128,8192,2,256,370.432
128,8192,2,512,370.624
128,8192,2,1024,370.474
128,8192,2,2048,370.732
128,8192,2,4096,369.578
128,8192,2,8192,370.454
128,8192,2,16384,726.484
128,8192,4,16,370.282
128,8192,4,32,370.604
128,8192,4,64,370.752
128,8192,4,128,370.176
128,8192,4,256,370.496
128,8192,4,512,370.604
128,8192,4,1024,371.586
128,8192,4,2048,371.158
128,8192,4,4096,371.138
128,8192,4,8192,371.926
128,8192,4,16384,729.58
128,8192,8,16,370.668
128,8192,8,32,370.796
128,8192,8,64,369.814
128,8192,8,128,371.008
128,8192,8,256,371.306
128,8192,8,512,371.478
128,8192,8,1024,372.182
128,8192,8,2048,373.824
128,8192,8,4096,374.72
128,8192,8,8192,383.874
128,8192,8,16384,741.272
128,8192,16,16,370.838
128,8192,16,32,370.582
128,8192,16,64,370.306
128,8192,16,128,373.314
128,8192,16,256,372.396
128,8192,16,512,381.484
128,8192,16,1024,403.584
128,8192,16,2048,451.52
128,8192,16,4096,546.752
128,8192,16,8192,757.506
128,8192,16,16384,1477.38
128,8192,32,16,372.502
128,8192,32,32,371.734
128,8192,32,64,370.752
128,8192,32,128,383.852
128,8192,32,256,392.214
128,8192,32,512,417.622
128,8192,32,1024,461.462
128,8192,32,2048,553.43
128,8192,32,4096,770.262
128,8192,32,8192,1202.59
128,8192,32,16384,2497.14
128,8192,64,16,396.14
128,8192,64,32,397.974
128,8192,64,64,399.19
128,8192,64,128,424.896
128,8192,64,256,453.442
128,8192,64,512,510.892
128,8192,64,1024,639.512
128,8192,64,2048,886.914
128,8192,64,4096,1708.12
128,8192,64,8192,3053.68
128,8192,64,16384,6669.14
128,8192,128,16,447.638
128,8192,128,32,448.706
128,8192,128,64,452.376
128,8192,128,128,512.386
128,8192,128,256,587.288
128,8192,128,512,750.402
128,8192,128,1024,1011.27
128,8192,128,2048,1868.53
128,8192,128,4096,4566.06
128,8192,128,8192,8988.46
128,8192,128,16384,21289.2
128,16384,0,0,739.074
128,16384,1,16,736.278
128,16384,1,32,736.322
128,16384,1,64,736.768
128,16384,1,128,736.278
128,16384,1,256,736.964
128,16384,1,512,736.812
128,16384,1,1024,737.046
128,16384,1,2048,734.676
128,16384,1,4096,734.168
128,16384,1,8192,733.78
128,16384,1,16384,733.12
128,16384,2,16,729.238
128,16384,2,32,728.362
128,16384,2,64,727.746
128,16384,2,128,728.064
128,16384,2,256,726.976
128,16384,2,512,727.51
128,16384,2,1024,726.4
128,16384,2,2048,728.77
128,16384,2,4096,726.786
128,16384,2,8192,727.104
128,16384,2,16384,727.318
128,16384,4,16,728.79
128,16384,4,32,729.516
128,16384,4,64,730.496
128,16384,4,128,729.664
128,16384,4,256,728.576
128,16384,4,512,729.58
128,16384,4,1024,730.134
128,16384,4,2048,730.262
128,16384,4,4096,731.008
128,16384,4,8192,727.636
128,16384,4,16384,731.202
128,16384,8,16,727.852
128,16384,8,32,728.534
128,16384,8,64,727.404
128,16384,8,128,728.512
128,16384,8,256,727.276
128,16384,8,512,728.364
128,16384,8,1024,731.178
128,16384,8,2048,731.242
128,16384,8,4096,732.202
128,16384,8,8192,739.798
128,16384,8,16384,744.77
128,16384,16,16,728.234
128,16384,16,32,728.426
128,16384,16,64,729.344
128,16384,16,128,730.07
128,16384,16,256,730.902
128,16384,16,512,732.31
128,16384,16,1024,742.166
128,16384,16,2048,788.546
128,16384,16,4096,881.156
128,16384,16,8192,1098.29
128,16384,16,16384,1478.77
128,16384,32,16,730.006
128,16384,32,32,731.2
128,16384,32,64,730.84
128,16384,32,128,728.854
128,16384,32,256,735.212
128,16384,32,512,749.058
128,16384,32,1024,794.86
128,16384,32,2048,883.202
128,16384,32,4096,1099.35
128,16384,32,8192,1553.11
128,16384,32,16384,2339.78
128,16384,64,16,729.026
128,16384,64,32,731.116
128,16384,64,64,733.058
128,16384,64,128,752.024
128,16384,64,256,783
128,16384,64,512,841.9
128,16384,64,1024,971.012
128,16384,64,2048,1220.14
128,16384,64,4096,2084.58
128,16384,64,8192,3393.8
128,16384,64,16384,6047.1
128,16384,128,16,778.2
128,16384,128,32,777.88
128,16384,128,64,781.402
128,16384,128,128,840.964
128,16384,128,256,918.254
128,16384,128,512,1079.04
128,16384,128,1024,1365.96
128,16384,128,2048,2254.8
128,16384,128,4096,4975.64
128,16384,128,8192,9049.12
128,16384,128,16384,20708.8
182,0,0,0,20.46
182,0,1,512,34.5174
182,0,1,768,44.7574
182,0,1,1152,61.2906
182,0,1,1728,84.6934
182,0,1,2592,123.925
182,0,1,3888,179.093
182,0,1,5832,263.446
182,0,1,8748,394.602
182,0,1,13122,582.892
182,0,1,16384,730.218
182,0,2,512,35.498
182,0,2,768,45.676
182,0,2,1152,61.5254
182,0,2,1728,84.7146
182,0,2,2592,124.245
182,0,2,3888,178.475
182,0,2,5832,262.976
182,0,2,8748,391.786
182,0,2,13122,581.398
182,0,2,16384,725.206
182,0,4,512,35.8406
182,0,4,768,46.3574
182,0,4,1152,61.974
182,0,4,1728,85.6334
182,0,4,2592,124.565
182,0,4,3888,180.566
182,0,4,5832,264.172
182,0,4,8748,393.494
182,0,4,13122,584.534
182,0,4,16384,727.936
182,0,8,512,39.1466
182,0,8,768,49.792
182,0,8,1152,65.046
182,0,8,1728,88.1714
182,0,8,2592,127.979
182,0,8,3888,182.55
182,0,8,5832,269.462
182,0,8,8748,401.878
182,0,8,13122,591.404
182,0,8,16384,736.812
182,0,16,512,67.9886
182,0,16,768,90.176
182,0,16,1152,123.711
182,0,16,1728,169.045
182,0,16,2592,246.314
182,0,16,3888,358.314
182,0,16,5832,526.04
182,0,16,8748,793.24
182,0,16,13122,1178.78
182,0,16,16384,1471.68
182,0,32,512,107.82
182,0,32,768,141.376
182,0,32,1152,190.785
182,0,32,1728,258.604
182,0,32,2592,377.088
182,0,32,3888,555.992
182,0,32,5832,839.574
182,0,32,8748,1235.74
182,0,32,13122,1828.4
182,0,32,16384,2275.72
182,0,64,512,199.403
182,0,64,768,271.936
182,0,64,1152,371.67
182,0,64,1728,515.884
182,0,64,2592,792.088
182,0,64,3888,1392.2
182,0,64,5832,2129.58
182,0,64,8748,3162.48
182,0,64,13122,4734.08
182,0,64,16384,5883.54
182,0,128,512,429.356
182,0,128,768,585.238
182,0,128,1152,805.486
182,0,128,1728,1210.37
182,0,128,2592,2420.78
182,0,128,3888,4135.8
182,0,128,5832,6150.02
182,0,128,8748,9314.16
182,0,128,13122,14829.1
182,0,128,16384,20486.6
182,512,0,0,40.7674
182,512,1,512,41.1086
182,512,1,768,44.928
182,512,1,1152,61.5466
182,512,1,1728,85.1614
182,512,1,2592,124.929
182,512,1,3888,179.455
182,512,1,5832,264.576
182,512,1,8748,394.198
182,512,1,13122,583.402
182,512,1,16384,729.602
182,512,2,512,41.238
182,512,2,768,45.8454
182,512,2,1152,61.526
182,512,2,1728,84.9066
182,512,2,2592,124.181
182,512,2,3888,179.221
182,512,2,5832,263.274
182,512,2,8748,391.382
182,512,2,13122,580.78
182,512,2,16384,725.098
182,512,4,512,41.8766
182,512,4,768,46.8054
182,512,4,1152,61.9966
182,512,4,1728,85.888
182,512,4,2592,125.035
182,512,4,3888,180.288
182,512,4,5832,263.978
182,512,4,8748,392.514
182,512,4,13122,583.318
182,512,4,16384,730.006
182,512,8,512,44.0966
182,512,8,768,50.0474
182,512,8,1152,66.3246
182,512,8,1728,89.4066
182,512,8,2592,129.515
182,512,8,3888,184.513
182,512,8,5832,271.596
182,512,8,8748,403.754
182,512,8,13122,594.156
182,512,8,16384,739.244
182,512,16,512,75.0506
182,512,16,768,90.816
182,512,16,1152,124.801
182,512,16,1728,169.771
182,512,16,2592,246.314
182,512,16,3888,358.742
182,512,16,5832,526.188
182,512,16,8748,794.732
182,512,16,13122,1179.54
182,512,16,16384,1470.77
182,512,32,512,112.064
182,512,32,768,143.062
182,512,32,1152,193.068
182,512,32,1728,270.082
182,512,32,2592,393.024
182,512,32,3888,555.008
182,512,32,5832,836.462
182,512,32,8748,1238.62
182,512,32,13122,1830.11
182,512,32,16384,2276.14
182,512,64,512,204.29
182,512,64,768,283.884
182,512,64,1152,386.37
182,512,64,1728,523.884
182,512,64,2592,814.956
182,512,64,3888,1396.46
182,512,64,5832,2155.36
182,512,64,8748,3208.52
182,512,64,13122,4787.2
182,512,64,16384,5972.12
182,512,128,512,449.516
182,512,128,768,606.36
182,512,128,1152,831.574
182,512,128,1728,1238.98
182,512,128,2592,2427.32
182,512,128,3888,4140.5
182,512,128,5832,6150.9
182,512,128,8748,9237.16
182,512,128,13122,15413.6
182,512,128,16384,20913
182,768,0,0,52.9714
182,768,1,512,53.7386
182,768,1,768,53.9726
182,768,1,1152,64.406
182,768,1,1728,87.7234
182,768,1,2592,127.872
182,768,1,3888,184.959
182,768,1,5832,269.632
182,768,1,8748,403.564
182,768,1,13122,602.284
182,768,1,16384,753.728
182,768,2,512,53.6314
182,768,2,768,53.5254
182,768,2,1152,64.1054
182,768,2,1728,87.552
182,768,2,2592,129.045
182,768,2,3888,185.088
182,768,2,5832,269.462
182,768,2,8748,407.53
182,768,2,13122,600.298
182,768,2,16384,751.746
182,768,4,512,54.2094
182,768,4,768,54.912
182,768,4,1152,64.832
182,768,4,1728,89.792
182,768,4,2592,128.576
182,768,4,3888,187.905
182,768,4,5832,272.47
182,768,4,8748,405.42
182,768,4,13122,605.228
182,768,4,16384,753.494
182,768,8,512,56.9186
182,768,8,768,57.4714
182,768,8,1152,69.8246
182,768,8,1728,93.2054
182,768,8,2592,134.293
182,768,8,3888,192.321
182,768,8,5832,283.582
182,768,8,8748,420.098
182,768,8,13122,618.624
182,768,8,16384,768.856
182,768,16,512,90.2814
182,768,16,768,101.057
182,768,16,1152,130.239
182,768,16,1728,177.409
182,768,16,2592,257.13
182,768,16,3888,371.798
182,768,16,5832,550.422
182,768,16,8748,825.196
182,768,16,13122,1226.58
182,768,16,16384,1537.13
182,768,32,512,131.136
182,768,32,768,150.998
182,768,32,1152,202.05
182,768,32,1728,270.614
182,768,32,2592,394.602
182,768,32,3888,577.132
182,768,32,5832,857.944
182,768,32,8748,1285.19
182,768,32,13122,1898.54
182,768,32,16384,2346.02
182,768,64,512,224.234
182,768,64,768,285.676
182,768,64,1152,386.218
182,768,64,1728,538.52
182,768,64,2592,815.554
182,768,64,3888,1417.86
182,768,64,5832,2158.08
182,768,64,8748,3169.96
182,768,64,13122,4724.3
182,768,64,16384,5903.3
182,768,128,512,442.092
182,768,128,768,596.012
182,768,128,1152,815.874
182,768,128,1728,1205.38
182,768,128,2592,2430.44
182,768,128,3888,4141.74
182,768,128,5832,6148.54
182,768,128,8748,9257.72
182,768,128,13122,15484.1
182,768,128,16384,20450.8
182,1152,0,0,69.846
182,1152,1,512,69.78
182,1152,1,768,70.336
182,1152,1,1152,70.314
182,1152,1,1728,88.4054
182,1152,1,2592,129.151
182,1152,1,3888,185.599
182,1152,1,5832,275.22
182,1152,1,8748,406.4
182,1152,1,13122,598.294
182,1152,1,16384,743.106
182,1152,2,512,70.0366
182,1152,2,768,70.2506
182,1152,2,1152,69.7386
182,1152,2,1728,88.6606
182,1152,2,2592,127.445
182,1152,2,3888,186.837
182,1152,2,5832,273.706
182,1152,2,8748,407.872
182,1152,2,13122,598.036
182,1152,2,16384,742.956
182,1152,4,512,70.5074
182,1152,4,768,71.0834
182,1152,4,1152,71.8934
182,1152,4,1728,90.218
182,1152,4,2592,131.135
182,1152,4,3888,186.794
182,1152,4,5832,274.516
182,1152,4,8748,408.79
182,1152,4,13122,602.56
182,1152,4,16384,755.264
182,1152,8,512,74.496
182,1152,8,768,74.432
182,1152,8,1152,75.4554
182,1152,8,1728,93.2906
182,1152,8,2592,135.189
182,1152,8,3888,192.917
182,1152,8,5832,284.352
182,1152,8,8748,420.31
182,1152,8,13122,615.788
182,1152,8,16384,768.578
182,1152,16,512,107.051
182,1152,16,768,118.784
182,1152,16,1152,136.383
182,1152,16,1728,177.9
182,1152,16,2592,255.872
182,1152,16,3888,374.314
182,1152,16,5832,550.38
182,1152,16,8748,825.174
182,1152,16,13122,1226.52
182,1152,16,16384,1532.51
182,1152,32,512,147.84
182,1152,32,768,172.053
182,1152,32,1152,203.648
182,1152,32,1728,271.318
182,1152,32,2592,395.03
182,1152,32,3888,579.03
182,1152,32,5832,859.65
182,1152,32,8748,1285.85
182,1152,32,13122,1895.73
182,1152,32,16384,2353.78
182,1152,64,512,240.982
182,1152,64,768,305.58
182,1152,64,1152,389.356
182,1152,64,1728,538.39
182,1152,64,2592,813.38
182,1152,64,3888,1418.67
182,1152,64,5832,2134.08
182,1152,64,8748,3209.3
182,1152,64,13122,4787.58
182,1152,64,16384,5963.12
182,1152,128,512,469.078
182,1152,128,768,618.158
182,1152,128,1152,841.028
182,1152,128,1728,1231.71
182,1152,128,2592,2412.5
182,1152,128,3888,4147.08
182,1152,128,5832,6160.94
182,1152,128,8748,9313.5
182,1152,128,13122,15988.3
182,1152,128,16384,20632.8
182,1728,0,0,88.4274
182,1728,1,512,88.5126
182,1728,1,768,89.0026
182,1728,1,1152,89.004
182,1728,1,1728,88.9606
182,1728,1,2592,124.331
182,1728,1,3888,179.008
182,1728,1,5832,263.744
182,1728,1,8748,394.582
182,1728,1,13122,582.72
182,1728,1,16384,728.042
182,1728,2,512,88.7894
182,1728,2,768,89.0446
182,1728,2,1152,89.8786
182,1728,2,1728,89.4294
182,1728,2,2592,124.289
182,1728,2,3888,179.456
182,1728,2,5832,263.702
182,1728,2,8748,393.344
182,1728,2,13122,579.478
182,1728,2,16384,726.764
182,1728,4,512,89.4726
182,1728,4,768,89.8354
182,1728,4,1152,90.518
182,1728,4,1728,90.816
182,1728,4,2592,126.315
182,1728,4,3888,181.313
182,1728,4,5832,265.942
182,1728,4,8748,393.878
182,1728,4,13122,583.574
182,1728,4,16384,729.26
182,1728,8,512,94.3146
182,1728,8,768,93.7594
182,1728,8,1152,95.2106
182,1728,8,1728,95.296
182,1728,8,2592,130.56
182,1728,8,3888,185.749
182,1728,8,5832,274.412
182,1728,8,8748,404.652
182,1728,8,13122,593.942
182,1728,8,16384,739.16
182,1728,16,512,124.204
182,1728,16,768,135.829
182,1728,16,1152,154.24
182,1728,16,1728,177.557
182,1728,16,2592,248.362
182,1728,16,3888,360.214
182,1728,16,5832,527.298
182,1728,16,8748,790.466
182,1728,16,13122,1180.84
182,1728,16,16384,1473.11
182,1728,32,512,178.219
182,1728,32,768,187.222
182,1728,32,1152,221.696
182,1728,32,1728,264.874
182,1728,32,2592,382.464
182,1728,32,3888,560.194
182,1728,32,5832,831.448
182,1728,32,8748,1244.59
182,1728,32,13122,1834.84
182,1728,32,16384,2278.68
182,1728,64,512,256.108
182,1728,64,768,321.11
182,1728,64,1152,402.412
182,1728,64,1728,523.33
182,1728,64,2592,792.472
182,1728,64,3888,1390.57
182,1728,64,5832,2136.58
182,1728,64,8748,3190.5
182,1728,64,13122,4743
182,1728,64,16384,5916.4
182,1728,128,512,484.46
182,1728,128,768,639.488
182,1728,128,1152,842.456
182,1728,128,1728,1251.33
182,1728,128,2592,2438.84
182,1728,128,3888,4167.88
182,1728,128,5832,6203.14
182,1728,128,8748,9346.9
182,1728,128,13122,15430.6
182,1728,128,16384,21113.4
182,2592,0,0,127.147
182,2592,1,512,125.611
182,2592,1,768,125.973
182,2592,1,1152,126.443
182,2592,1,1728,125.739
182,2592,1,2592,125.781
182,2592,1,3888,179.051
182,2592,1,5832,263.146
182,2592,1,8748,394.156
182,2592,1,13122,583.042
182,2592,1,16384,729.324
182,2592,2,512,126.208
182,2592,2,768,125.889
182,2592,2,1152,125.994
182,2592,2,1728,125.995
182,2592,2,2592,126.613
182,2592,2,3888,179.584
182,2592,2,5832,263.53
182,2592,2,8748,391.704
182,2592,2,13122,580.418
182,2592,2,16384,726.016
182,2592,4,512,125.994
182,2592,4,768,126.571
182,2592,4,1152,127.233
182,2592,4,1728,128.235
182,2592,4,2592,128.768
182,2592,4,3888,180.907
182,2592,4,5832,264.15
182,2592,4,8748,393.834
182,2592,4,13122,582.87
182,2592,4,16384,729.602
182,2592,8,512,130.219
182,2592,8,768,132.609
182,2592,8,1152,131.563
182,2592,8,1728,133.098
182,2592,8,2592,135.317
182,2592,8,3888,186.944
182,2592,8,5832,274.284
182,2592,8,8748,405.568
182,2592,8,13122,595.82
182,2592,8,16384,739.5
182,2592,16,512,159.595
182,2592,16,768,171.776
182,2592,16,1152,189.803
182,2592,16,1728,213.676
182,2592,16,2592,253.61
182,2592,16,3888,361.58
182,2592,16,5832,527.702
182,2592,16,8748,784.664
182,2592,16,13122,1178.07
182,2592,16,16384,1475.72
182,2592,32,512,219.436
182,2592,32,768,251.84
182,2592,32,1152,256.748
182,2592,32,1728,304.556
182,2592,32,2592,385.942
182,2592,32,3888,561.836
182,2592,32,5832,829.122
182,2592,32,8748,1259.97
182,2592,32,13122,1842.14
182,2592,32,16384,2281.96
182,2592,64,512,293.184
182,2592,64,768,362.602
182,2592,64,1152,444.31
182,2592,64,1728,551.104
182,2592,64,2592,805.934
182,2592,64,3888,1383.68
182,2592,64,5832,2171.9
182,2592,64,8748,3221.78
182,2592,64,13122,4904.1
182,2592,64,16384,6106.8
182,2592,128,512,525.826
182,2592,128,768,680.62
182,2592,128,1152,885.786
182,2592,128,1728,1259.14
182,2592,128,2592,2477.72
182,2592,128,3888,4302.7
182,2592,128,5832,7151.96
182,2592,128,8748,9992.98
182,2592,128,13122,16901.3
182,2592,128,16384,21235.6
182,3888,0,0,189.761
182,3888,1,512,186.624
182,3888,1,768,186.837
182,3888,1,1152,186.881
182,3888,1,1728,187.094
182,3888,1,2592,185.643
182,3888,1,3888,185.108
182,3888,1,5832,271.894
182,3888,1,8748,405.654
182,3888,1,13122,596.8
182,3888,1,16384,754.026
182,3888,2,512,188.672
182,3888,2,768,187.692
182,3888,2,1152,185.621
182,3888,2,1728,185.899
182,3888,2,2592,186.965
182,3888,2,3888,185.941
182,3888,2,5832,274.028
182,3888,2,8748,405.696
182,3888,2,13122,601.576
182,3888,2,16384,753.75
182,3888,4,512,187.137
182,3888,4,768,189.569
182,3888,4,1152,189.355
182,3888,4,1728,189.057
182,3888,4,2592,189.931
182,3888,4,3888,190.4
182,3888,4,5832,275.436
182,3888,4,8748,408.298
182,3888,4,13122,608.278
182,3888,4,16384,755.136
182,3888,8,512,190.721
182,3888,8,768,191.723
182,3888,8,1152,192.597
182,3888,8,1728,193.173
182,3888,8,2592,196.481
182,3888,8,3888,197.995
182,3888,8,5832,285.57
182,3888,8,8748,420.864
182,3888,8,13122,619.756
182,3888,8,16384,771.244
182,3888,16,512,222.016
182,3888,16,768,234.26
182,3888,16,1152,252.138
182,3888,16,1728,276.992
182,3888,16,2592,319.936
182,3888,16,3888,384.3
182,3888,16,5832,549.484
182,3888,16,8748,811.97
182,3888,16,13122,1224.2
182,3888,16,16384,1531.4
182,3888,32,512,283.138
182,3888,32,768,314.262
182,3888,32,1152,367.596
182,3888,32,1728,372.886
182,3888,32,2592,457.602
182,3888,32,3888,587.522
182,3888,32,5832,873.518
182,3888,32,8748,1418.63
182,3888,32,13122,2134.84
182,3888,32,16384,2716.64
182,3888,64,512,366.508
182,3888,64,768,430.914
182,3888,64,1152,521.88
182,3888,64,1728,641.708
182,3888,64,2592,889.88
182,3888,64,3888,1459.29
182,3888,64,5832,2221.26
182,3888,64,8748,3709.62
182,3888,64,13122,5507.86
182,3888,64,16384,6809.98
182,3888,128,512,611.224
182,3888,128,768,752.474
182,3888,128,1152,935.896
182,3888,128,1728,1291.18
182,3888,128,2592,2466.5
182,3888,128,3888,4306.06
182,3888,128,5832,6681.74
182,3888,128,8748,11026.2
182,3888,128,13122,16879.4
182,3888,128,16384,21292.4
182,5832,0,0,273.302
182,5832,1,512,268.31
182,5832,1,768,268.822
182,5832,1,1152,268.652
182,5832,1,1728,268.822
182,5832,1,2592,268.886
182,5832,1,3888,268.46
182,5832,1,5832,268.778
182,5832,1,8748,393.684
182,5832,1,13122,583.254
182,5832,1,16384,728.43
182,5832,2,512,268.994
182,5832,2,768,269.228
182,5832,2,1152,269.482
182,5832,2,1728,269.184
182,5832,2,2592,269.184
182,5832,2,3888,269.482
182,5832,2,5832,268.714
182,5832,2,8748,392.748
182,5832,2,13122,581.634
182,5832,2,16384,726.274
182,5832,4,512,269.76
182,5832,4,768,270.55
182,5832,4,1152,269.76
182,5832,4,1728,269.952
182,5832,4,2592,270.058
182,5832,4,3888,270.144
182,5832,4,5832,270.464
182,5832,4,8748,394.242
182,5832,4,13122,584.704
182,5832,4,16384,729.922
182,5832,8,512,270.676
182,5832,8,768,270.336
182,5832,8,1152,272.3
182,5832,8,1728,272.448
182,5832,8,2592,273.686
182,5832,8,3888,276.012
182,5832,8,5832,278.934
182,5832,8,8748,406.678
182,5832,8,13122,597.1
182,5832,8,16384,743.724
182,5832,16,512,291.136
182,5832,16,768,303.148
182,5832,16,1152,334.998
182,5832,16,1728,358.466
182,5832,16,2592,400.854
182,5832,16,3888,466.39
182,5832,16,5832,562.092
182,5832,16,8748,817.688
182,5832,16,13122,1230.74
182,5832,16,16384,1548.14
182,5832,32,512,362.732
182,5832,32,768,394.54
182,5832,32,1152,451.244
182,5832,32,1728,520.212
182,5832,32,2592,554.562
182,5832,32,3888,672.556
182,5832,32,5832,891.288
182,5832,32,8748,1310.79
182,5832,32,13122,2137.1
182,5832,32,16384,2692.96
182,5832,64,512,456.874
182,5832,64,768,532.652
182,5832,64,1152,604.95
182,5832,64,1728,726.466
182,5832,64,2592,996.974
182,5832,64,3888,1503.71
182,5832,64,5832,2229.02
182,5832,64,8748,3425.9
182,5832,64,13122,5630.84
182,5832,64,16384,7062.02
182,5832,128,512,708.034
182,5832,128,768,857.58
182,5832,128,1152,1037.85
182,5832,128,1728,1365.83
182,5832,128,2592,2616.34
182,5832,128,3888,4349.96
182,5832,128,5832,6418.78
182,5832,128,8748,11299.4
182,5832,128,13122,16943.2
182,5832,128,16384,21395
182,8748,0,0,407.448
182,8748,1,512,405.314
182,8748,1,768,408.194
182,8748,1,1152,407.618
182,8748,1,1728,404.118
182,8748,1,2592,405.782
182,8748,1,3888,401.174
182,8748,1,5832,401.898
182,8748,1,8748,404.352
182,8748,1,13122,594.904
182,8748,1,16384,746.2
182,8748,2,512,404.33
182,8748,2,768,407.638
182,8748,2,1152,409.942
182,8748,2,1728,404.844
182,8748,2,2592,407.382
182,8748,2,3888,410.368
182,8748,2,5832,407.744
182,8748,2,8748,410.178
182,8748,2,13122,595.734
182,8748,2,16384,744.768
182,8748,4,512,405.824
182,8748,4,768,409.92
182,8748,4,1152,406.402
182,8748,4,1728,410.604
182,8748,4,2592,406.572
182,8748,4,3888,404.802
182,8748,4,5832,408.94
182,8748,4,8748,407.36
182,8748,4,13122,609.28
182,8748,4,16384,755.244
182,8748,8,512,409.45
182,8748,8,768,410.71
182,8748,8,1152,413.014
182,8748,8,1728,413.526
182,8748,8,2592,411.328
182,8748,8,3888,416.128
182,8748,8,5832,421.462
182,8748,8,8748,425.622
182,8748,8,13122,622.85
182,8748,8,16384,772.76
182,8748,16,512,427.928
182,8748,16,768,437.548
182,8748,16,1152,460.332
182,8748,16,1728,487.894
182,8748,16,2592,525.1
182,8748,16,3888,588.674
182,8748,16,5832,687.382
182,8748,16,8748,837.272
182,8748,16,13122,1212.14
182,8748,16,16384,1534.19
182,8748,32,512,486.102
182,8748,32,768,522.156
182,8748,32,1152,570.328
182,8748,32,1728,645.954
182,8748,32,2592,767.682
182,8748,32,3888,813.742
182,8748,32,5832,1022.19
182,8748,32,8748,1313.52
182,8748,32,13122,2041.8
182,8748,32,16384,2660.9
182,8748,64,512,578.86
182,8748,64,768,657.984
182,8748,64,1152,761.176
182,8748,64,1728,851.032
182,8748,64,2592,1133.36
182,8748,64,3888,1664.88
182,8748,64,5832,2328.36
182,8748,64,8748,3294.64
182,8748,64,13122,5359.36
182,8748,64,16384,7189
182,8748,128,512,839.938
182,8748,128,768,1001.77
182,8748,128,1152,1214.13
182,8748,128,1728,1520.35
182,8748,128,2592,2807.64
182,8748,128,3888,4391.32
182,8748,128,5832,6875.78
182,8748,128,8748,9720.96
182,8748,128,13122,17010.4
182,8748,128,16384,21422.8
182,13122,0,0,595.392
182,13122,1,512,585.688
182,13122,1,768,586.73
182,13122,1,1152,585.92
182,13122,1,1728,586.476
182,13122,1,2592,586.496
182,13122,1,3888,586.796
182,13122,1,5832,586.026
182,13122,1,8748,586.624
182,13122,1,13122,588.33
182,13122,1,16384,727.042
182,13122,2,512,589.7
182,13122,2,768,588.694
182,13122,2,1152,589.72
182,13122,2,1728,587.86
182,13122,2,2592,587.84
182,13122,2,3888,589.29
182,13122,2,5832,587.22
182,13122,2,8748,586.69
182,13122,2,13122,585.558
182,13122,2,16384,728.086
182,13122,4,512,589.248
182,13122,4,768,589.248
182,13122,4,1152,589.442
182,13122,4,1728,588.524
182,13122,4,2592,587.99
182,13122,4,3888,587.05
182,13122,4,5832,587.392
182,13122,4,8748,588.48
182,13122,4,13122,592.086
182,13122,4,16384,730.944
182,13122,8,512,588.438
182,13122,8,768,588.076
182,13122,8,1152,591.466
182,13122,8,1728,590.934
182,13122,8,2592,590.764
182,13122,8,3888,594.386
182,13122,8,5832,598.122
182,13122,8,8748,601.944
182,13122,8,13122,605.272
182,13122,8,16384,746.56
182,13122,16,512,592.28
182,13122,16,768,602.496
182,13122,16,1152,620.866
182,13122,16,1728,643.264
182,13122,16,2592,680.962
182,13122,16,3888,743.254
182,13122,16,5832,842.028
182,13122,16,8748,987.692
182,13122,16,13122,1192.47
182,13122,16,16384,1449.22
182,13122,32,512,644.546
182,13122,32,768,676.352
182,13122,32,1152,728.47
182,13122,32,1728,793.474
182,13122,32,2592,913.432
182,13122,32,3888,1094.85
182,13122,32,5832,1187.8
182,13122,32,8748,1637.36
182,13122,32,13122,1890.99
182,13122,32,16384,2335.86
182,13122,64,512,733.29
182,13122,64,768,807.746
182,13122,64,1152,911.832
182,13122,64,1728,1038.77
182,13122,64,2592,1263.64
182,13122,64,3888,1810.18
182,13122,64,5832,2496.66
182,13122,64,8748,3611.2
182,13122,64,13122,4897.72
182,13122,64,16384,6579.34
182,13122,128,512,989.784
182,13122,128,768,1147.29
182,13122,128,1152,1377.58
182,13122,128,1728,1703.15
182,13122,128,2592,3088.08
182,13122,128,3888,4730.92
182,13122,128,5832,6591.7
182,13122,128,8748,10994.9
182,13122,128,13122,15806.1
182,13122,128,16384,21544.6
182,16384,0,0,749.868
182,16384,1,512,745.09
182,16384,1,768,753.172
182,16384,1,1152,754.178
182,16384,1,1728,746.176
182,16384,1,2592,754.796
182,16384,1,3888,746.092
182,16384,1,5832,752.96
182,16384,1,8748,755.97
182,16384,1,13122,745.196
182,16384,1,16384,753.09
182,16384,2,512,748.928
182,16384,2,768,758.148
182,16384,2,1152,759.446
182,16384,2,1728,751.574
182,16384,2,2592,749.12
182,16384,2,3888,744.214
182,16384,2,5832,749.184
182,16384,2,8748,759.66
182,16384,2,13122,749.144
182,16384,2,16384,752.364
182,16384,4,512,755.542
182,16384,4,768,754.476
182,16384,4,1152,758.292
182,16384,4,1728,758.336
182,16384,4,2592,755.202
182,16384,4,3888,751.85
182,16384,4,5832,751.83
182,16384,4,8748,758.976
182,16384,4,13122,757.42
182,16384,4,16384,759.83
182,16384,8,512,753.432
182,16384,8,768,752.3
182,16384,8,1152,749.996
182,16384,8,1728,759.832
182,16384,8,2592,755.712
182,16384,8,3888,765.612
182,16384,8,5832,764.972
182,16384,8,8748,774.082
182,16384,8,13122,773.142
182,16384,8,16384,776.898
182,16384,16,512,758.038
182,16384,16,768,765.654
182,16384,16,1152,793.154
182,16384,16,1728,800.428
182,16384,16,2592,845.508
182,16384,16,3888,918.102
182,16384,16,5832,1016.88
182,16384,16,8748,1166.19
182,16384,16,13122,1388.25
182,16384,16,16384,1548.12
182,16384,32,512,809.346
182,16384,32,768,846.04
182,16384,32,1152,896.622
182,16384,32,1728,964.01
182,16384,32,2592,1093.85
182,16384,32,3888,1275.2
182,16384,32,5832,1516.31
182,16384,32,8748,1681.18
182,16384,32,13122,2225.06
182,16384,32,16384,2414.84
182,16384,64,512,904.024
182,16384,64,768,981.25
182,16384,64,1152,1090.22
182,16384,64,1728,1220.65
182,16384,64,2592,1517.15
182,16384,64,3888,1990.43
182,16384,64,5832,2649.48
182,16384,64,8748,3577.7
182,16384,64,13122,5569.42
182,16384,64,16384,6145.62
182,16384,128,512,1157.29
182,16384,128,768,1326.66
182,16384,128,1152,1547.08
182,16384,128,1728,1867.57
182,16384,128,2592,3307.88
182,16384,128,3888,4934.38
182,16384,128,5832,6791.4
182,16384,128,8748,9915.42
182,16384,128,13122,17068.7
182,16384,128,16384,20771.6
256,0,0,0,21.6746
256,0,1,16,21.9734
256,0,1,32,22.0154
256,0,1,64,22.016
256,0,1,128,21.9734
256,0,1,256,25.58
256,0,1,512,35.862
256,0,1,1024,57.2594
256,0,1,2048,101.376
256,0,1,4096,190.507
256,0,1,8192,370.88
256,0,1,16384,730.09
256,0,2,16,22.23
256,0,2,32,22.1654
256,0,2,64,22.1446
256,0,2,128,22.23
256,0,2,256,25.7494
256,0,2,512,36.224
256,0,2,1024,57.2174
256,0,2,2048,101.504
256,0,2,4096,191.233
256,0,2,8192,369.578
256,0,2,16384,727.084
256,0,4,16,22.8054
256,0,4,32,22.5286
256,0,4,64,22.8054
256,0,4,128,23.0406
256,0,4,256,26.6234
256,0,4,512,37.1194
256,0,4,1024,58.496
256,0,4,2048,102.314
256,0,4,4096,190.955
256,0,4,8192,370.368
256,0,4,16384,729.09
256,0,8,16,26.966
256,0,8,32,26.88
256,0,8,64,26.9874
256,0,8,128,32.064
256,0,8,256,37.8026
256,0,8,512,48.618
256,0,8,1024,69.76
256,0,8,2048,113.899
256,0,8,4096,197.441
256,0,8,8192,379.692
256,0,8,16384,737.112
256,0,16,16,35.0514
256,0,16,32,34.8806
256,0,16,64,34.9654
256,0,16,128,38.8694
256,0,16,256,48.5754
256,0,16,512,69.6746
256,0,16,1024,114.41
256,0,16,2048,201.708
256,0,16,4096,377.004
256,0,16,8192,742.188
256,0,16,16384,1473.88
256,0,32,16,49.344
256,0,32,32,49.6206
256,0,32,64,50.2186
256,0,32,128,63.4454
256,0,32,256,81.5786
256,0,32,512,114.347
256,0,32,1024,180.46
256,0,32,2048,310.464
256,0,32,4096,588.162
256,0,32,8192,1164.78
256,0,32,16384,2275.04
256,0,64,16,77.12
256,0,64,32,77.2694
256,0,64,64,78.506
256,0,64,128,106.751
256,0,64,256,139.756
256,0,64,512,204.31
256,0,64,1024,342.614
256,0,64,2048,626.092
256,0,64,4096,1485.36
256,0,64,8192,2970.4
256,0,64,16384,5990.62
256,0,128,16,139.414
256,0,128,32,139.371
256,0,128,64,143.254
256,0,128,128,206.016
256,0,128,256,279.938
256,0,128,512,452.482
256,0,128,1024,740.782
256,0,128,2048,1563.5
256,0,128,4096,4358.16
256,0,128,8192,8600.58
256,0,128,16384,20728
256,16,0,0,25.92
256,16,1,16,26.0694
256,16,1,32,26.048
256,16,1,64,26.1126
256,16,1,128,26.1334
256,16,1,256,26.3466
256,16,1,512,35.4994
256,16,1,1024,56.6826
256,16,1,2048,101.653
256,16,1,4096,191.083
256,16,1,8192,370.006
256,16,1,16384,729.408
256,16,2,16,26.2606
256,16,2,32,26.2614
256,16,2,64,26.1974
256,16,2,128,26.1334
256,16,2,256,26.3886
256,16,2,512,36.3306
256,16,2,1024,57.0014
256,16,2,2048,101.397
256,16,2,4096,189.909
256,16,2,8192,370.006
256,16,2,16384,725.868
256,16,4,16,26.9654
256,16,4,32,27.1794
256,16,4,64,27.3066
256,16,4,128,27.0294
256,16,4,256,27.434
256,16,4,512,37.0354
256,16,4,1024,58.2394
256,16,4,2048,102.678
256,16,4,4096,191.552
256,16,4,8192,368.534
256,16,4,16384,727.106
256,16,8,16,31.2114
256,16,8,32,31.232
256,16,8,64,31.4026
256,16,8,128,32.278
256,16,8,256,38.442
256,16,8,512,48.768
256,16,8,1024,69.9954
256,16,8,2048,114.07
256,16,8,4096,197.995
256,16,8,8192,378.07
256,16,8,16384,737.112
256,16,16,16,39.744
256,16,16,32,39.7434
256,16,16,64,39.68
256,16,16,128,43.6274
256,16,16,256,48.8754
256,16,16,512,70.2086
256,16,16,1024,114.453
256,16,16,2048,201.686
256,16,16,4096,376.366
256,16,16,8192,741.654
256,16,16,16384,1468.74
256,16,32,16,54.4426
256,16,32,32,54.5914
256,16,32,64,55.53
256,16,32,128,65.174
256,16,32,256,83.3074
256,16,32,512,116.907
256,16,32,1024,182.231
256,16,32,2048,312.704
256,16,32,4096,588.93
256,16,32,8192,1165.87
256,16,32,16384,2273.78
256,16,64,16,82.0474
256,16,64,32,82.2194
256,16,64,64,83.626
256,16,64,128,107.584
256,16,64,256,140.054
256,16,64,512,204.182
256,16,64,1024,342.402
256,16,64,2048,625.836
256,16,64,4096,1484.85
256,16,64,8192,2972
256,16,64,16384,5902.1
256,16,128,16,138.753
256,16,128,32,139.521
256,16,128,64,142.315
256,16,128,128,199.532
256,16,128,256,273.578
256,16,128,512,442.476
256,16,128,1024,740.908
256,16,128,2048,1572.57
256,16,128,4096,4360.3
256,16,128,8192,8594.44
256,16,128,16384,21034.2
256,32,0,0,26.0914
256,32,1,16,26.2614
256,32,1,32,26.1114
256,32,1,64,26.2614
256,32,1,128,26.0686
256,32,1,256,26.134
256,32,1,512,35.4986
256,32,1,1024,56.8534
256,32,1,2048,101.205
256,32,1,4096,190.72
256,32,1,8192,370.88
256,32,1,16384,730.626
256,32,2,16,26.24
256,32,2,32,26.282
256,32,2,64,26.3474
256,32,2,128,26.2826
256,32,2,256,26.3246
256,32,2,512,36.416
256,32,2,1024,57.0466
256,32,2,2048,101.952
256,32,2,4096,190.656
256,32,2,8192,370.328
256,32,2,16384,727.748
256,32,4,16,27.1774
256,32,4,32,26.944
256,32,4,64,27.1154
256,32,4,128,27.3706
256,32,4,256,27.5414
256,32,4,512,36.97
256,32,4,1024,57.6854
256,32,4,2048,102.613
256,32,4,4096,191.787
256,32,4,8192,369.044
256,32,4,16384,729.024
256,32,8,16,31.488
256,32,8,32,31.5926
256,32,8,64,31.6574
256,32,8,128,32.3206
256,32,8,256,38.4846
256,32,8,512,49.4934
256,32,8,1024,70.336
256,32,8,2048,113.408
256,32,8,4096,198.699
256,32,8,8192,378.07
256,32,8,16384,737.004
256,32,16,16,39.5946
256,32,16,32,39.5734
256,32,16,64,40.192
256,32,16,128,43.5414
256,32,16,256,49.2366
256,32,16,512,70.186
256,32,16,1024,114.07
256,32,16,2048,202.006
256,32,16,4096,377.046
256,32,16,8192,743.554
256,32,16,16384,1469.08
256,32,32,16,54.784
256,32,32,32,55.2314
256,32,32,64,55.1674
256,32,32,128,65.0234
256,32,32,256,83.392
256,32,32,512,116.523
256,32,32,1024,182.763
256,32,32,2048,312.45
256,32,32,4096,590.104
256,32,32,8192,1166.43
256,32,32,16384,2276.8
256,32,64,16,82.1766
256,32,64,32,82.8586
256,32,64,64,83.67
256,32,64,128,107.819
256,32,64,256,140.053
256,32,64,512,204.332
256,32,64,1024,342.826
256,32,64,2048,626.328
256,32,64,4096,1484.76
256,32,64,8192,2992.94
256,32,64,16384,5967.72
256,32,128,16,139.457
256,32,128,32,139.798
256,32,128,64,142.037
256,32,128,128,199.318
256,32,128,256,273.516
256,32,128,512,442.562
256,32,128,1024,740.888
256,32,128,2048,1573.36
256,32,128,4096,4358.58
256,32,128,8192,8597.26
256,32,128,16384,20829.6
256,64,0,0,25.9
256,64,1,16,26.3246
256,64,1,32,26.3894
256,64,1,64,26.3246
256,64,1,128,26.368
256,64,1,256,26.5386
256,64,1,512,35.6054
256,64,1,1024,56.918
256,64,1,2048,101.397
256,64,1,4096,191.295
256,64,1,8192,372.054
256,64,1,16384,729.942
256,64,2,16,26.5814
256,64,2,32,26.432
256,64,2,64,26.5174
256,64,2,128,26.4534
256,64,2,256,26.432
256,64,2,512,36.2034
256,64,2,1024,57.088
256,64,2,2048,101.355
256,64,2,4096,190.507
256,64,2,8192,369.43
256,64,2,16384,727.786
256,64,4,16,27.456
256,64,4,32,27.264
256,64,4,64,27.3714
256,64,4,128,27.6054
256,64,4,256,27.3914
256,64,4,512,36.9494
256,64,4,1024,57.984
256,64,4,2048,102.335
256,64,4,4096,191.722
256,64,4,8192,369.41
256,64,4,16384,728.832
256,64,8,16,31.4454
256,64,8,32,31.68
256,64,8,64,31.8934
256,64,8,128,32.448
256,64,8,256,38.72
256,64,8,512,49.8134
256,64,8,1024,70.506
256,64,8,2048,114.475
256,64,8,4096,199.062
256,64,8,8192,378.688
256,64,8,16384,735.874
256,64,16,16,39.744
256,64,16,32,40.1494
256,64,16,64,40.0214
256,64,16,128,43.392
256,64,16,256,48.96
256,64,16,512,70.2506
256,64,16,1024,114.518
256,64,16,2048,201.302
256,64,16,4096,376.62
256,64,16,8192,740.396
256,64,16,16384,1471.79
256,64,32,16,54.6566
256,64,32,32,55.0394
256,64,32,64,55.5306
256,64,32,128,65.3226
256,64,32,256,83.4566
256,64,32,512,116.715
256,64,32,1024,181.74
256,64,32,2048,312.512
256,64,32,4096,588.78
256,64,32,8192,1167.04
256,64,32,16384,2273.8
256,64,64,16,82.6254
256,64,64,32,82.858
256,64,64,64,84.054
256,64,64,128,107.904
256,64,64,256,140.587
256,64,64,512,204.652
256,64,64,1024,341.824
256,64,64,2048,624.768
256,64,64,4096,1482.71
256,64,64,8192,2971.34
256,64,64,16384,5903
256,64,128,16,139.052
256,64,128,32,139.99
256,64,128,64,141.975
256,64,128,128,199.681
256,64,128,256,273.004
256,64,128,512,442.434
256,64,128,1024,742.274
256,64,128,2048,1553.56
256,64,128,4096,4356.78
256,64,128,8192,8603.22
256,64,128,16384,20967
256,128,0,0,26.5806
256,128,1,16,27.0514
256,128,1,32,27.1366
256,128,1,64,27.136
256,128,1,128,27.0714
256,128,1,256,27.0514
256,128,1,512,35.6266
256,128,1,1024,56.8106
256,128,1,2048,101.291
256,128,1,4096,191.146
256,128,1,8192,371.69
256,128,1,16384,729.622
256,128,2,16,27.4566
256,128,2,32,27.37
256,128,2,64,27.3706
256,128,2,128,27.414
256,128,2,256,27.4346
256,128,2,512,36.2446
256,128,2,1024,57.152
256,128,2,2048,101.973
256,128,2,4096,191.533
256,128,2,8192,369.238
256,128,2,16384,728.62
256,128,4,16,27.9466
256,128,4,32,28.1606
256,128,4,64,27.9894
256,128,4,128,28.1806
256,128,4,256,27.9686
256,128,4,512,37.1846
256,128,4,1024,58.7094
256,128,4,2048,102.891
256,128,4,4096,191.424
256,128,4,8192,369.514
256,128,4,16384,727.298
256,128,8,16,32.1914
256,128,8,32,32.5554
256,128,8,64,32.5546
256,128,8,128,34.9214
256,128,8,256,42.7526
256,128,8,512,54.124
256,128,8,1024,76.31
256,128,8,2048,119.659
256,128,8,4096,202.602
256,128,8,8192,378.39
256,128,8,16384,738.326
256,128,16,16,40.726
256,128,16,32,41.046
256,128,16,64,41.3654
256,128,16,128,45.4614
256,128,16,256,50.1334
256,128,16,512,70.442
256,128,16,1024,114.219
256,128,16,2048,201.73
256,128,16,4096,377.28
256,128,16,8192,740.054
256,128,16,16384,1469.29
256,128,32,16,55.9146
256,128,32,32,56.8314
256,128,32,64,57.1106
256,128,32,128,67.7114
256,128,32,256,85.5686
256,128,32,512,120.598
256,128,32,1024,185.858
256,128,32,2048,315.522
256,128,32,4096,589.484
256,128,32,8192,1166.08
256,128,32,16384,2276.1
256,128,64,16,83.9054
256,128,64,32,84.48
256,128,64,64,85.1634
256,128,64,128,109.59
256,128,64,256,140.716
256,128,64,512,204.95
256,128,64,1024,343.02
256,128,64,2048,623.768
256,128,64,4096,1487.07
256,128,64,8192,2977.32
256,128,64,16384,5923.54
256,128,128,16,140.543
256,128,128,32,141.056
256,128,128,64,143.788
256,128,128,128,200.726
256,128,128,256,274.134
256,128,128,512,445.122
256,128,128,1024,742.274
256,128,128,2048,1552.3
256,128,128,4096,4356.44
256,128,128,8192,8592.68
256,128,128,16384,20994.8
256,256,0,0,31.7654
256,256,1,16,32.0206
256,256,1,32,32.064
256,256,1,64,32.0854
256,256,1,128,32.042
256,256,1,256,32.064
256,256,1,512,35.648
256,256,1,1024,56.79
256,256,1,2048,101.377
256,256,1,4096,190.337
256,256,1,8192,370.924
256,256,1,16384,729.368
256,256,2,16,32.5126
256,256,2,32,32.256
256,256,2,64,32.256
256,256,2,128,32.4686
256,256,2,256,32.3846
256,256,2,512,36.224
256,256,2,1024,57.258
256,256,2,2048,101.824
256,256,2,4096,190.762
256,256,2,8192,369.45
256,256,2,16384,727.274
256,256,4,16,32.9394
256,256,4,32,32.6174
256,256,4,64,33.2366
256,256,4,128,32.8534
256,256,4,256,33.0246
256,256,4,512,37.376
256,256,4,1024,58.752
256,256,4,2048,102.933
256,256,4,4096,191.787
256,256,4,8192,370.41
256,256,4,16384,727.938
256,256,8,16,37.3974
256,256,8,32,37.2266
256,256,8,64,37.334
256,256,8,128,37.9946
256,256,8,256,45.8666
256,256,8,512,59.2646
256,256,8,1024,81.4074
256,256,8,2048,125.206
256,256,8,4096,209.088
256,256,8,8192,379.224
256,256,8,16384,737.942
256,256,16,16,45.888
256,256,16,32,46.2506
256,256,16,64,46.3794
256,256,16,128,51.1154
256,256,16,256,55.766
256,256,16,512,70.6346
256,256,16,1024,114.88
256,256,16,2048,202.154
256,256,16,4096,377.324
256,256,16,8192,739.286
256,256,16,16384,1469.7
256,256,32,16,62.8906
256,256,32,32,62.2946
256,256,32,64,62.9326
256,256,32,128,74.7526
256,256,32,256,87.488
256,256,32,512,125.589
256,256,32,1024,191.723
256,256,32,2048,319.084
256,256,32,4096,589.272
256,256,32,8192,1166.62
256,256,32,16384,2277.94
256,256,64,16,90.6666
256,256,64,32,90.9434
256,256,64,64,91.67
256,256,64,128,116.267
256,256,64,256,142.913
256,256,64,512,205.91
256,256,64,1024,342.572
256,256,64,2048,623.426
256,256,64,4096,1486.94
256,256,64,8192,2974.22
256,256,64,16384,5927.04
256,256,128,16,147.415
256,256,128,32,147.52
256,256,128,64,150.08
256,256,128,128,203.202
256,256,128,256,276.118
256,256,128,512,447.852
256,256,128,1024,743.704
256,256,128,2048,1565.38
256,256,128,4096,4359.08
256,256,128,8192,8612.48
256,256,128,16384,20498.8
256,512,0,0,42.2834
256,512,1,16,42.5174
256,512,1,32,42.4754
256,512,1,64,42.3466
256,512,1,128,42.5174
256,512,1,256,42.454
256,512,1,512,42.496
256,512,1,1024,56.79
256,512,1,2048,101.419
256,512,1,4096,190.933
256,512,1,8192,370.71
256,512,1,16384,730.132
256,512,2,16,42.8586
256,512,2,32,42.796
256,512,2,64,42.8154
256,512,2,128,42.8374
256,512,2,256,42.8366
256,512,2,512,43.0714
256,512,2,1024,57.3014
256,512,2,2048,102.165
256,512,2,4096,191.083
256,512,2,8192,369.302
256,512,2,16384,727.084
256,512,4,16,43.52
256,512,4,32,43.3066
256,512,4,64,43.1994
256,512,4,128,43.4346
256,512,4,256,43.5406
256,512,4,512,43.9886
256,512,4,1024,59.0934
256,512,4,2048,102.699
256,512,4,4096,192.085
256,512,4,8192,370.24
256,512,4,16384,729.452
256,512,8,16,47.4454
256,512,8,32,47.9786
256,512,8,64,48.0006
256,512,8,128,48.4906
256,512,8,256,48.7466
256,512,8,512,67.3274
256,512,8,1024,92.0954
256,512,8,2048,135.895
256,512,8,4096,221.1
256,512,8,8192,386.818
256,512,8,16384,737.262
256,512,16,16,56.32
256,512,16,32,57.4734
256,512,16,64,56.7254
256,512,16,128,61.9926
256,512,16,256,67.6694
256,512,16,512,78.2506
256,512,16,1024,115.457
256,512,16,2048,202.924
256,512,16,4096,376.96
256,512,16,8192,741.742
256,512,16,16384,1468.42
256,512,32,16,74.0486
256,512,32,32,74.1534
256,512,32,64,74.7306
256,512,32,128,88.6194
256,512,32,256,102.401
256,512,32,512,131.307
256,512,32,1024,202.006
256,512,32,2048,330.988
256,512,32,4096,591.446
256,512,32,8192,1168.09
256,512,32,16384,2275.62
256,512,64,16,102.934
256,512,64,32,103.745
256,512,64,64,104.96
256,512,64,128,129.665
256,512,64,256,155.072
256,512,64,512,209.238
256,512,64,1024,343.616
256,512,64,2048,629.228
256,512,64,4096,1488.77
256,512,64,8192,2972.54
256,512,64,16384,5937.7
256,512,128,16,160.619
256,512,128,32,161.515
256,512,128,64,163.905
256,512,128,128,217.324
256,512,128,256,281.9
256,512,128,512,452.652
256,512,128,1024,748.226
256,512,128,2048,1570.03
256,512,128,4096,4366.68
256,512,128,8192,8630
256,512,128,16384,20889.2
256,1024,0,0,62.848
256,1024,1,16,63.318
256,1024,1,32,63.2526
256,1024,1,64,63.2534
256,1024,1,128,63.232
256,1024,1,256,63.4454
256,1024,1,512,63.34
256,1024,1,1024,63.4666
256,1024,1,2048,101.547
256,1024,1,4096,191.616
256,1024,1,8192,371.818
256,1024,1,16384,729.728
256,1024,2,16,63.362
256,1024,2,32,63.3814
256,1024,2,64,63.616
256,1024,2,128,63.2966
256,1024,2,256,63.5314
256,1024,2,512,63.6374
256,1024,2,1024,64.256
256,1024,2,2048,101.931
256,1024,2,4096,190.997
256,1024,2,8192,370.326
256,1024,2,16384,728.108
256,1024,4,16,64.7454
256,1024,4,32,64.1066
256,1024,4,64,64.1286
256,1024,4,128,64.448
256,1024,4,256,65.0446
256,1024,4,512,64.4054
256,1024,4,1024,65.5586
256,1024,4,2048,103.724
256,1024,4,4096,193.238
256,1024,4,8192,370.944
256,1024,4,16384,731.138
256,1024,8,16,68.7146
256,1024,8,32,68.5214
256,1024,8,64,69.078
256,1024,8,128,69.354
256,1024,8,256,69.1414
256,1024,8,512,69.5894
256,1024,8,1024,111.232
256,1024,8,2048,157.76
256,1024,8,4096,243.67
256,1024,8,8192,409.152
256,1024,8,16384,745.516
256,1024,16,16,77.2266
256,1024,16,32,77.8026
256,1024,16,64,77.6754
256,1024,16,128,83.7126
256,1024,16,256,89.1314
256,1024,16,512,101.098
256,1024,16,1024,122.815
256,1024,16,2048,203.5
256,1024,16,4096,377.494
256,1024,16,8192,737.752
256,1024,16,16384,1467.42
256,1024,32,16,94.9766
256,1024,32,32,95.7006
256,1024,32,64,96.3634
256,1024,32,128,111.233
256,1024,32,256,127.531
256,1024,32,512,155.905
256,1024,32,1024,218.946
256,1024,32,2048,352.768
256,1024,32,4096,605.314
256,1024,32,8192,1168.47
256,1024,32,16384,2276.04
256,1024,64,16,126.977
256,1024,64,32,127.872
256,1024,64,64,128.725
256,1024,64,128,155.521
256,1024,64,256,183.147
256,1024,64,512,232.982
256,1024,64,1024,352.088
256,1024,64,2048,629.996
256,1024,64,4096,1484.91
256,1024,64,8192,2978.52
256,1024,64,16384,5915.64
256,1024,128,16,185.708
256,1024,128,32,186.733
256,1024,128,64,189.334
256,1024,128,128,243.65
256,1024,128,256,312.47
256,1024,128,512,468.886
256,1024,128,1024,760.472
256,1024,128,2048,1599.54
256,1024,128,4096,4365.36
256,1024,128,8192,8616.22
256,1024,128,16384,20230.6
256,2048,0,0,104.939
256,2048,1,16,105.558
256,2048,1,32,105.302
256,2048,1,64,105.217
256,2048,1,128,105.664
256,2048,1,256,105.344
256,2048,1,512,105.067
256,2048,1,1024,105.087
256,2048,1,2048,105.215
256,2048,1,4096,191.381
256,2048,1,8192,370.666
256,2048,1,16384,729.966
256,2048,2,16,105.217
256,2048,2,32,106.133
256,2048,2,64,105.728
256,2048,2,128,105.877
256,2048,2,256,105.473
256,2048,2,512,105.856
256,2048,2,1024,106.646
256,2048,2,2048,107.072
256,2048,2,4096,191.723
256,2048,2,8192,370.156
256,2048,2,16384,727.106
256,2048,4,16,106.944
256,2048,4,32,106.56
256,2048,4,64,106.923
256,2048,4,128,106.773
256,2048,4,256,106.581
256,2048,4,512,107.37
256,2048,4,1024,107.883
256,2048,4,2048,109.483
256,2048,4,4096,192.768
256,2048,4,8192,370.432
256,2048,4,16384,730.22
256,2048,8,16,110.827
256,2048,8,32,110.891
256,2048,8,64,110.912
256,2048,8,128,110.742
256,2048,8,256,112.513
256,2048,8,512,112.149
256,2048,8,1024,115.051
256,2048,8,2048,198.549
256,2048,8,4096,286.764
256,2048,8,8192,451.86
256,2048,8,16384,788.846
256,2048,16,16,118.955
256,2048,16,32,119.723
256,2048,16,64,119.872
256,2048,16,128,124.759
256,2048,16,256,132.032
256,2048,16,512,143.915
256,2048,16,1024,166.891
256,2048,16,2048,210.41
256,2048,16,4096,378.946
256,2048,16,8192,737.282
256,2048,16,16384,1470.02
256,2048,32,16,136.256
256,2048,32,32,137.109
256,2048,32,64,137.985
256,2048,32,128,153.174
256,2048,32,256,170.241
256,2048,32,512,203.072
256,2048,32,1024,265.088
256,2048,32,2048,390.87
256,2048,32,4096,653.144
256,2048,32,8192,1170.16
256,2048,32,16384,2278.1
256,2048,64,16,169.729
256,2048,64,32,169.901
256,2048,64,64,171.03
256,2048,64,128,202.646
256,2048,64,256,232.406
256,2048,64,512,281.474
256,2048,64,1024,406.188
256,2048,64,2048,638.53
256,2048,64,4096,1463.28
256,2048,64,8192,3001.96
256,2048,64,16384,5933.9
256,2048,128,16,234.262
256,2048,128,32,235.734
256,2048,128,64,237.612
256,2048,128,128,294.272
256,2048,128,256,371.862
256,2048,128,512,523.224
256,2048,128,1024,785.432
256,2048,128,2048,1706.18
256,2048,128,4096,4483.24
256,2048,128,8192,9229.78
256,2048,128,16384,21164.4
256,4096,0,0,194.347
256,4096,1,16,192.535
256,4096,1,32,193.686
256,4096,1,64,193.579
256,4096,1,128,193.365
256,4096,1,256,193.301
256,4096,1,512,193.387
256,4096,1,1024,193.346
256,4096,1,2048,192.725
256,4096,1,4096,193.173
256,4096,1,8192,371.756
256,4096,1,16384,730.072
256,4096,2,16,192.021
256,4096,2,32,192.257
256,4096,2,64,192.277
256,4096,2,128,192.384
256,4096,2,256,192.299
256,4096,2,512,192.426
256,4096,2,1024,192.576
256,4096,2,2048,192.746
256,4096,2,4096,193.792
256,4096,2,8192,371.69
256,4096,2,16384,726.914
256,4096,4,16,193.514
256,4096,4,32,192.513
256,4096,4,64,192.597
256,4096,4,128,192.555
256,4096,4,256,193.301
256,4096,4,512,192.768
256,4096,4,1024,193.729
256,4096,4,2048,194.028
256,4096,4,4096,197.589
256,4096,4,8192,370.902
256,4096,4,16384,730.474
256,4096,8,16,194.198
256,4096,8,32,194.646
256,4096,8,64,196.139
256,4096,8,128,196.054
256,4096,8,256,194.496
256,4096,8,512,195.884
256,4096,8,1024,198.314
256,4096,8,2048,200.726
256,4096,8,4096,371.158
256,4096,8,8192,542.956
256,4096,8,16384,874.966
256,4096,16,16,204.01
256,4096,16,32,203.178
256,4096,16,64,203.926
256,4096,16,128,209.386
256,4096,16,256,214.316
256,4096,16,512,228.716
256,4096,16,1024,249.666
256,4096,16,2048,294.444
256,4096,16,4096,388.694
256,4096,16,8192,734.488
256,4096,16,16384,1480.58
256,4096,32,16,219.456
256,4096,32,32,219.434
256,4096,32,64,220.716
256,4096,32,128,235.266
256,4096,32,256,253.418
256,4096,32,512,285.484
256,4096,32,1024,352.258
256,4096,32,2048,480.854
256,4096,32,4096,761.836
256,4096,32,8192,1496.03
256,4096,32,16384,2866.1
256,4096,64,16,252.608
256,4096,64,32,253.27
256,4096,64,64,254.55
256,4096,64,128,285.506
256,4096,64,256,318.912
256,4096,64,512,384.704
256,4096,64,1024,509.57
256,4096,64,2048,729.154
256,4096,64,4096,1555.55
256,4096,64,8192,3585.78
256,4096,64,16384,7374.02
256,4096,128,16,320.278
256,4096,128,32,321.026
256,4096,128,64,323.99
256,4096,128,128,387.606
256,4096,128,256,469.036
256,4096,128,512,635.586
256,4096,128,1024,916.142
256,4096,128,2048,1686.15
256,4096,128,4096,4530.78
256,4096,128,8192,10495.6
256,4096,128,16384,21382.6
256,8192,0,0,374.252
256,8192,1,16,372.202
256,8192,1,32,371.924
256,8192,1,64,372.162
256,8192,1,128,372.396
256,8192,1,256,371.842
256,8192,1,512,371.542
256,8192,1,1024,372.418
256,8192,1,2048,371.52
256,8192,1,4096,371.734
256,8192,1,8192,371.52
256,8192,1,16384,730.112
256,8192,2,16,372.608
256,8192,2,32,371.114
256,8192,2,64,372.97
256,8192,2,128,371.392
256,8192,2,256,371.926
256,8192,2,512,372.354
256,8192,2,1024,371.904
256,8192,2,2048,371.266
256,8192,2,4096,370.986
256,8192,2,8192,371.542
256,8192,2,16384,727.894
256,8192,4,16,372.246
256,8192,4,32,372.16
256,8192,4,64,372.78
256,8192,4,128,372.502
256,8192,4,256,371.584
256,8192,4,512,371.604
256,8192,4,1024,372.65
256,8192,4,2048,371.82
256,8192,4,4096,372.78
256,8192,4,8192,372.502
256,8192,4,16384,730.818
256,8192,8,16,371.564
256,8192,8,32,371.946
256,8192,8,64,373.76
256,8192,8,128,374.188
256,8192,8,256,373.678
256,8192,8,512,373.718
256,8192,8,1024,376.214
256,8192,8,2048,378.454
256,8192,8,4096,378.434
256,8192,8,8192,730.604
256,8192,8,16384,1101.27
256,8192,16,16,372.736
256,8192,16,32,372.352
256,8192,16,64,373.59
256,8192,16,128,376.896
256,8192,16,256,381.1
256,8192,16,512,396.756
256,8192,16,1024,417.194
256,8192,16,2048,461.932
256,8192,16,4096,555.756
256,8192,16,8192,755.97
256,8192,16,16384,1484.31
256,8192,32,16,385.024
256,8192,32,32,388.032
256,8192,32,64,387.97
256,8192,32,128,402.262
256,8192,32,256,420.908
256,8192,32,512,451.862
256,8192,32,1024,519.768
256,8192,32,2048,649.216
256,8192,32,4096,922.902
256,8192,32,8192,1509.08
256,8192,32,16384,3038.14
256,8192,64,16,419.222
256,8192,64,32,419.798
256,8192,64,64,419.884
256,8192,64,128,450.776
256,8192,64,256,484.14
256,8192,64,512,551
256,8192,64,1024,699.202
256,8192,64,2048,943.746
256,8192,64,4096,1716.17
256,8192,64,8192,3087.86
256,8192,64,16384,7426.88
256,8192,128,16,486.594
256,8192,128,32,487.894
256,8192,128,64,490.284
256,8192,128,128,555.16
256,8192,128,256,642.008
256,8192,128,512,827.182
256,8192,128,1024,1133.19
256,8192,128,2048,1771.29
256,8192,128,4096,4605.74
256,8192,128,8192,8995.14
256,8192,128,16384,21497.8
256,16384,0,0,738.606
256,16384,1,16,729.132
256,16384,1,32,728.856
256,16384,1,64,729.28
256,16384,1,128,728.578
256,16384,1,256,728.702
256,16384,1,512,728.128
256,16384,1,1024,730.434
256,16384,1,2048,732.288
256,16384,1,4096,726.976
256,16384,1,8192,729.28
256,16384,1,16384,731.756
256,16384,2,16,729.13
256,16384,2,32,730.198
256,16384,2,64,729.922
256,16384,2,128,729.002
256,16384,2,256,730.732
256,16384,2,512,730.474
256,16384,2,1024,729.344
256,16384,2,2048,730.284
256,16384,2,4096,730.432
256,16384,2,8192,726.828
256,16384,2,16384,730.22
256,16384,4,16,729.406
256,16384,4,32,729.002
256,16384,4,64,731.288
256,16384,4,128,727.362
256,16384,4,256,729.324
256,16384,4,512,729.92
256,16384,4,1024,730.07
256,16384,4,2048,730.176
256,16384,4,4096,729.28
256,16384,4,8192,729.858
256,16384,4,16384,734.614
256,16384,8,16,735.296
256,16384,8,32,731.586
256,16384,8,64,734.082
256,16384,8,128,733.206
256,16384,8,256,731.97
256,16384,8,512,733.824
256,16384,8,1024,735.596
256,16384,8,2048,736.386
256,16384,8,4096,741.228
256,16384,8,8192,744.534
256,16384,8,16384,1453.81
256,16384,16,16,730.796
256,16384,16,32,733.312
256,16384,16,64,731.032
256,16384,16,128,730.454
256,16384,16,256,731.37
256,16384,16,512,731.52
256,16384,16,1024,750.936
256,16384,16,2048,796.822
256,16384,16,4096,893.464
256,16384,16,8192,1099.82
256,16384,16,16384,1481.84
256,16384,32,16,732.054
256,16384,32,32,732.546
256,16384,32,64,730.178
256,16384,32,128,739.586
256,16384,32,256,750.102
256,16384,32,512,786.668
256,16384,32,1024,848.472
256,16384,32,2048,982.148
256,16384,32,4096,1271.6
256,16384,32,8192,1873.46
256,16384,32,16384,2971.82
256,16384,64,16,756.44
256,16384,64,32,757.186
256,16384,64,64,756.674
256,16384,64,128,783.234
256,16384,64,256,819.032
256,16384,64,512,880.982
256,16384,64,1024,1033.75
256,16384,64,2048,1292.82
256,16384,64,4096,2103.86
256,16384,64,8192,3377.94
256,16384,64,16384,6138.68
256,16384,128,16,818.458
256,16384,128,32,819.672
256,16384,128,64,822.188
256,16384,128,128,884.206
256,16384,128,256,967.554
256,16384,128,512,1156.87
256,16384,128,1024,1487.47
256,16384,128,2048,2238.34
256,16384,128,4096,5020.66
256,16384,128,8192,9133.36
256,16384,128,16384,20931.6
273,0,0,0,27.1146
273,0,1,512,36.9506
273,0,1,768,47.53
273,0,1,1152,64.532
273,0,1,1728,88.2134
273,0,1,2592,129.707
273,0,1,3888,186.325
273,0,1,5832,272.022
273,0,1,8748,407.488
273,0,1,13122,603.158
273,0,1,16384,751.896
273,0,2,512,38.1434
273,0,2,768,48.194
273,0,2,1152,64.8106
273,0,2,1728,89.0034
273,0,2,2592,130.007
273,0,2,3888,185.175
273,0,2,5832,275.114
273,0,2,8748,402.43
273,0,2,13122,599.06
273,0,2,16384,745.346
273,0,4,512,39.3394
273,0,4,768,50.2406
273,0,4,1152,66.5174
273,0,4,1728,90.006
273,0,4,2592,129.899
273,0,4,3888,186.347
273,0,4,5832,272
273,0,4,8748,408.042
273,0,4,13122,606.786
273,0,4,16384,757.292
273,0,8,512,53.5686
273,0,8,768,64.2134
273,0,8,1152,81.578
273,0,8,1728,104.449
273,0,8,2592,144.384
273,0,8,3888,199.723
273,0,8,5832,280.042
273,0,8,8748,418.796
273,0,8,13122,616.618
273,0,8,16384,767.192
273,0,16,512,75.264
273,0,16,768,97.7706
273,0,16,1152,132.737
273,0,16,1728,179.136
273,0,16,2592,259.158
273,0,16,3888,374.4
273,0,16,5832,550.122
273,0,16,8748,825.41
273,0,16,13122,1231.45
273,0,16,16384,1540.76
273,0,32,512,125.269
273,0,32,768,159.318
273,0,32,1152,209.898
273,0,32,1728,280.49
273,0,32,2592,398.742
273,0,32,3888,581.996
273,0,32,5832,867.544
273,0,32,8748,1281.46
273,0,32,13122,1898.01
273,0,32,16384,2361.36
273,0,64,512,217.258
273,0,64,768,289.728
273,0,64,1152,393.174
273,0,64,1728,542.296
273,0,64,2592,815.896
273,0,64,3888,1418.35
273,0,64,5832,2158.6
273,0,64,8748,3191.6
273,0,64,13122,4778.08
273,0,64,16384,6006.56
273,0,128,512,459.138
273,0,128,768,616.408
273,0,128,1152,851.288
273,0,128,1728,1250.05
273,0,128,2592,2413.22
273,0,128,3888,4141.4
273,0,128,5832,6152.14
273,0,128,8748,9276.54
273,0,128,13122,14001.4
273,0,128,16384,20426.4
273,512,0,0,48.0854
273,512,1,512,48.8754
273,512,1,768,48.726
273,512,1,1152,64.5346
273,512,1,1728,89.066
273,512,1,2592,129.62
273,512,1,3888,187.051
273,512,1,5832,271.958
273,512,1,8748,401.876
273,512,1,13122,604.394
273,512,1,16384,745.026
273,512,2,512,49.5566
273,512,2,768,50.092
273,512,2,1152,66.4114
273,512,2,1728,89.452
273,512,2,2592,130.197
273,512,2,3888,188.373
273,512,2,5832,270.742
273,512,2,8748,408.576
273,512,2,13122,602.796
273,512,2,16384,755.094
273,512,4,512,51.6486
273,512,4,768,51.2846
273,512,4,1152,67.5834
273,512,4,1728,91.072
273,512,4,2592,130.923
273,512,4,3888,189.333
273,512,4,5832,276.31
273,512,4,8748,407.318
273,512,4,13122,607.19
273,512,4,16384,752.724
273,512,8,512,80.4906
273,512,8,768,87.936
273,512,8,1152,105.195
273,512,8,1728,128.875
273,512,8,2592,167.317
273,512,8,3888,223.19
273,512,8,5832,306.348
273,512,8,8748,428.586
273,512,8,13122,621.72
273,512,8,16384,767.17
273,512,16,512,88.5334
273,512,16,768,99.6054
273,512,16,1152,134.187
273,512,16,1728,180.331
273,512,16,2592,258.328
273,512,16,3888,376.406
273,512,16,5832,549.718
273,512,16,8748,823.854
273,512,16,13122,1230.85
273,512,16,16384,1534.87
273,512,32,512,140.717
273,512,32,768,180.117
273,512,32,1152,232.64
273,512,32,1728,302.38
273,512,32,2592,420.886
273,512,32,3888,591.766
273,512,32,5832,865.88
273,512,32,8748,1283.97
273,512,32,13122,1891.8
273,512,32,16384,2364.58
273,512,64,512,226.794
273,512,64,768,296.108
273,512,64,1152,394.774
273,512,64,1728,545.324
273,512,64,2592,814.508
273,512,64,3888,1416.24
273,512,64,5832,2157
273,512,64,8748,3203.68
273,512,64,13122,4781.92
273,512,64,16384,5973.84
273,512,128,512,471.062
273,512,128,768,617.858
273,512,128,1152,856.834
273,512,128,1728,1252.91
273,512,128,2592,2426.06
273,512,128,3888,4147.2
273,512,128,5832,6165.12
273,512,128,8748,9254.58
273,512,128,13122,15743.8
273,512,128,16384,19330.9
273,768,0,0,56.938
273,768,1,512,57.4294
273,768,1,768,57.26
273,768,1,1152,62.486
273,768,1,1728,86.1866
273,768,1,2592,125.12
273,768,1,3888,180.715
273,768,1,5832,265.154
273,768,1,8748,394.688
273,768,1,13122,583.768
273,768,1,16384,729.216
273,768,2,512,58.6674
273,768,2,768,58.1954
273,768,2,1152,63.2954
273,768,2,1728,86.336
273,768,2,2592,126.293
273,768,2,3888,180.864
273,768,2,5832,264.406
273,768,2,8748,392.192
273,768,2,13122,582.208
273,768,2,16384,726.634
273,768,4,512,60.0754
273,768,4,768,60.48
273,768,4,1152,65.3446
273,768,4,1728,87.872
273,768,4,2592,127.83
273,768,4,3888,182.167
273,768,4,5832,265.088
273,768,4,8748,394.326
273,768,4,13122,583.872
273,768,4,16384,730.796
273,768,8,512,89.2786
273,768,8,768,99.2646
273,768,8,1152,112.129
273,768,8,1728,134.037
273,768,8,2592,171.456
273,768,8,3888,225.706
273,768,8,5832,304.15
273,768,8,8748,422.082
273,768,8,13122,604.8
273,768,8,16384,743.832
273,768,16,512,99.1786
273,768,16,768,106.965
273,768,16,1152,129.493
273,768,16,1728,174.037
273,768,16,2592,248.256
273,768,16,3888,360.79
273,768,16,5832,527.81
273,768,16,8748,793.708
273,768,16,13122,1178.52
273,768,16,16384,1471.68
273,768,32,512,150.955
273,768,32,768,178.113
273,768,32,1152,234.54
273,768,32,1728,312.598
273,768,32,2592,426.262
273,768,32,3888,600.258
273,768,32,5832,863.192
273,768,32,8748,1283.55
273,768,32,13122,1864.96
273,768,32,16384,2363.3
273,768,64,512,241.088
273,768,64,768,303.17
273,768,64,1152,398.636
273,768,64,1728,547.99
273,768,64,2592,814.978
273,768,64,3888,1413.87
273,768,64,5832,2159.22
273,768,64,8748,3207.46
273,768,64,13122,4757.12
273,768,64,16384,5973.24
273,768,128,512,465.302
273,768,128,768,636.312
273,768,128,1152,862.21
273,768,128,1728,1247.9
273,768,128,2592,2431.46
273,768,128,3888,4155.72
273,768,128,5832,6162.98
273,768,128,8748,9275.72
273,768,128,13122,15138.6
273,768,128,16384,19840.1
273,1152,0,0,72.8746
273,1152,1,512,73.3014
273,1152,1,768,73.6426
273,1152,1,1152,73.5146
273,1152,1,1728,86.144
273,1152,1,2592,125.845
273,1152,1,3888,180.438
273,1152,1,5832,264.896
273,1152,1,8748,410.69
273,1152,1,13122,608.472
273,1152,1,16384,749.568
273,1152,2,512,77.7814
273,1152,2,768,77.7174
273,1152,2,1152,77.8446
273,1152,2,1728,90.2406
273,1152,2,2592,131.519
273,1152,2,3888,188.375
273,1152,2,5832,265.748
273,1152,2,8748,393.858
273,1152,2,13122,582.656
273,1152,2,16384,726.848
273,1152,4,512,76.31
273,1152,4,768,76.5446
273,1152,4,1152,76.096
273,1152,4,1728,88.49
273,1152,4,2592,127.936
273,1152,4,3888,182.443
273,1152,4,5832,266.754
273,1152,4,8748,394.774
273,1152,4,13122,586.24
273,1152,4,16384,731.286
273,1152,8,512,104.981
273,1152,8,768,116.054
273,1152,8,1152,133.525
273,1152,8,1728,156.97
273,1152,8,2592,194.475
273,1152,8,3888,252.652
273,1152,8,5832,332.716
273,1152,8,8748,457.472
273,1152,8,13122,647.424
273,1152,8,16384,782.444
273,1152,16,512,120.235
273,1152,16,768,132.757
273,1152,16,1152,147.328
273,1152,16,1728,182.189
273,1152,16,2592,260.778
273,1152,16,3888,376.342
273,1152,16,5832,551.81
273,1152,16,8748,821.698
273,1152,16,13122,1230.85
273,1152,16,16384,1535.24
273,1152,32,512,175.936
273,1152,32,768,203.392
273,1152,32,1152,253.248
273,1152,32,1728,330.858
273,1152,32,2592,447.232
273,1152,32,3888,620.674
273,1152,32,5832,854.508
273,1152,32,8748,1287.68
273,1152,32,13122,1892.19
273,1152,32,16384,2362.84
273,1152,64,512,259.498
273,1152,64,768,323.2
273,1152,64,1152,406.274
273,1152,64,1728,550.914
273,1152,64,2592,812.398
273,1152,64,3888,1413.59
273,1152,64,5832,2162.38
273,1152,64,8748,3208.62
273,1152,64,13122,4772.22
273,1152,64,16384,5972.1
273,1152,128,512,504.706
273,1152,128,768,648.642
273,1152,128,1152,852.098
273,1152,128,1728,1254.66
273,1152,128,2592,2438.88
273,1152,128,3888,4160.68
273,1152,128,5832,6175.72
273,1152,128,8748,9381.54
273,1152,128,13122,15859.3
273,1152,128,16384,20141.8
273,1728,0,0,94.3574
273,1728,1,512,94.8054
273,1728,1,768,95.1886
273,1728,1,1152,95.9366
273,1728,1,1728,95.8294
273,1728,1,2592,125.889
273,1728,1,3888,180.48
273,1728,1,5832,274.944
273,1728,1,8748,406.102
273,1728,1,13122,604.01
273,1728,1,16384,749.25
273,1728,2,512,100.523
273,1728,2,768,100.523
273,1728,2,1152,101.333
273,1728,2,1728,101.142
273,1728,2,2592,131.2
273,1728,2,3888,187.755
273,1728,2,5832,272.084
273,1728,2,8748,411.202
273,1728,2,13122,600.108
273,1728,2,16384,748.928
273,1728,4,512,102.848
273,1728,4,768,103.509
273,1728,4,1152,103.104
273,1728,4,1728,103.956
273,1728,4,2592,132.501
273,1728,4,3888,190.145
273,1728,4,5832,275.008
273,1728,4,8748,407.978
273,1728,4,13122,607.724
273,1728,4,16384,763.926
273,1728,8,512,132.693
273,1728,8,768,144.277
273,1728,8,1152,162.451
273,1728,8,1728,187.819
273,1728,8,2592,220.118
273,1728,8,3888,274.986
273,1728,8,5832,357.29
273,1728,8,8748,483.372
273,1728,8,13122,675.16
273,1728,8,16384,818.796
273,1728,16,512,143.318
273,1728,16,768,155.883
273,1728,16,1152,173.697
273,1728,16,1728,194.647
273,1728,16,2592,260.866
273,1728,16,3888,376.256
273,1728,16,5832,549.846
273,1728,16,8748,823.766
273,1728,16,13122,1226.58
273,1728,16,16384,1535.94
273,1728,32,512,203.606
273,1728,32,768,236.052
273,1728,32,1152,276.822
273,1728,32,1728,345.6
273,1728,32,2592,473.686
273,1728,32,3888,640.13
273,1728,32,5832,889.048
273,1728,32,8748,1290.59
273,1728,32,13122,1910.26
273,1728,32,16384,2366.5
273,1728,64,512,295.98
273,1728,64,768,348.822
273,1728,64,1152,441.366
273,1728,64,1728,557.932
273,1728,64,2592,820.888
273,1728,64,3888,1410.48
273,1728,64,5832,2162.24
273,1728,64,8748,3210.94
273,1728,64,13122,4789.08
273,1728,64,16384,5968.26
273,1728,128,512,535.128
273,1728,128,768,682.114
273,1728,128,1152,879.172
273,1728,128,1728,1278.36
273,1728,128,2592,2472.98
273,1728,128,3888,4174.58
273,1728,128,5832,6210.66
273,1728,128,8748,9495.96
273,1728,128,13122,15988.9
273,1728,128,16384,20689.8
273,2592,0,0,136.641
273,2592,1,512,136.959
273,2592,1,768,137.195
273,2592,1,1152,138.389
273,2592,1,1728,138.347
273,2592,1,2592,138.111
273,2592,1,3888,186.902
273,2592,1,5832,274.71
273,2592,1,8748,408.128
273,2592,1,13122,600.81
273,2592,1,16384,752.704
273,2592,2,512,139.371
273,2592,2,768,139.177
273,2592,2,1152,139.457
273,2592,2,1728,140.117
273,2592,2,2592,140.629
273,2592,2,3888,187.029
273,2592,2,5832,271.616
273,2592,2,8748,409.772
273,2592,2,13122,603.968
273,2592,2,16384,748.032
273,2592,4,512,141.525
273,2592,4,768,141.803
273,2592,4,1152,141.801
273,2592,4,1728,143.424
273,2592,4,2592,145.089
273,2592,4,3888,189.91
273,2592,4,5832,276.95
273,2592,4,8748,407.872
273,2592,4,13122,610.22
273,2592,4,16384,756.394
273,2592,8,512,169.173
273,2592,8,768,181.033
273,2592,8,1152,199.723
273,2592,8,1728,224.468
273,2592,8,2592,264.298
273,2592,8,3888,315.242
273,2592,8,5832,395.33
273,2592,8,8748,520.812
273,2592,8,13122,711.064
273,2592,8,16384,859.308
273,2592,16,512,179.669
273,2592,16,768,193.877
273,2592,16,1152,212.138
273,2592,16,1728,235.37
273,2592,16,2592,272.962
273,2592,16,3888,378.666
273,2592,16,5832,550.998
273,2592,16,8748,819.758
273,2592,16,13122,1233.01
273,2592,16,16384,1536.09
273,2592,32,512,244.48
273,2592,32,768,275.648
273,2592,32,1152,328.108
273,2592,32,1728,383.98
273,2592,32,2592,506.178
273,2592,32,3888,687.682
273,2592,32,5832,938.03
273,2592,32,8748,1324.63
273,2592,32,13122,1928.73
273,2592,32,16384,2397.36
273,2592,64,512,342.144
273,2592,64,768,409.174
273,2592,64,1152,480.856
273,2592,64,1728,602.562
273,2592,64,2592,852.418
273,2592,64,3888,1405.34
273,2592,64,5832,2271.02
273,2592,64,8748,3378.88
273,2592,64,13122,5007.34
273,2592,64,16384,6399.6
273,2592,128,512,591.832
273,2592,128,768,738.882
273,2592,128,1152,914.52
273,2592,128,1728,1257.67
273,2592,128,2592,2560.66
273,2592,128,3888,4361.54
273,2592,128,5832,7497.98
273,2592,128,8748,10970.1
273,2592,128,13122,17006.2
273,2592,128,16384,21373.4
273,3888,0,0,190.315
273,3888,1,512,193.003
273,3888,1,768,192.726
273,3888,1,1152,191.659
273,3888,1,1728,191.723
273,3888,1,2592,192.811
273,3888,1,3888,194.475
273,3888,1,5832,273.558
273,3888,1,8748,405.548
273,3888,1,13122,601.686
273,3888,1,16384,752.578
273,3888,2,512,193.559
273,3888,2,768,193.834
273,3888,2,1152,193.644
273,3888,2,1728,196.16
273,3888,2,2592,195.5
273,3888,2,3888,194.965
273,3888,2,5832,274.924
273,3888,2,8748,406.486
273,3888,2,13122,607.512
273,3888,2,16384,749.228
273,3888,4,512,195.905
273,3888,4,768,196.844
273,3888,4,1152,195.031
273,3888,4,1728,197.079
273,3888,4,2592,199.68
273,3888,4,3888,201.43
273,3888,4,5832,276.162
273,3888,4,8748,407.51
273,3888,4,13122,603.288
273,3888,4,16384,758.38
273,3888,8,512,222.934
273,3888,8,768,234.178
273,3888,8,1152,253.44
273,3888,8,1728,279.04
273,3888,8,2592,318.55
273,3888,8,3888,375.382
273,3888,8,5832,452.226
273,3888,8,8748,581.272
273,3888,8,13122,764.868
273,3888,8,16384,911.512
273,3888,16,512,234.858
273,3888,16,768,247.744
273,3888,16,1152,264.512
273,3888,16,1728,290.966
273,3888,16,2592,333.336
273,3888,16,3888,391.02
273,3888,16,5832,553.026
273,3888,16,8748,815.96
273,3888,16,13122,1232.5
273,3888,16,16384,1540.85
273,3888,32,512,295.64
273,3888,32,768,332.162
273,3888,32,1152,383.874
273,3888,32,1728,451.096
273,3888,32,2592,555.97
273,3888,32,3888,753.004
273,3888,32,5832,1064.13
273,3888,32,8748,1678.02
273,3888,32,13122,2479.48
273,3888,32,16384,3046.94
273,3888,64,512,407.084
273,3888,64,768,479.276
273,3888,64,1152,567.168
273,3888,64,1728,664.812
273,3888,64,2592,911.428
273,3888,64,3888,1452.59
273,3888,64,5832,2212.26
273,3888,64,8748,4029.2
273,3888,64,13122,6024.3
273,3888,64,16384,7612.66
273,3888,128,512,662.766
273,3888,128,768,823.278
273,3888,128,1152,1050.37
273,3888,128,1728,1294.08
273,3888,128,2592,2573.26
273,3888,128,3888,4303.1
273,3888,128,5832,6958.22
273,3888,128,8748,11402.9
273,3888,128,13122,17181
273,3888,128,16384,21458.4
273,5832,0,0,271.168
273,5832,1,512,270.25
273,5832,1,768,270.444
273,5832,1,1152,270.382
273,5832,1,1728,270.166
273,5832,1,2592,270.85
273,5832,1,3888,270.636
273,5832,1,5832,270.486
273,5832,1,8748,395.286
273,5832,1,13122,584.45
273,5832,1,16384,729.816
273,5832,2,512,270.614
273,5832,2,768,270.336
273,5832,2,1152,270.87
273,5832,2,1728,272.642
273,5832,2,2592,270.636
273,5832,2,3888,270.422
273,5832,2,5832,270.336
273,5832,2,8748,394.476
273,5832,2,13122,583.4
273,5832,2,16384,728.298
273,5832,4,512,271.808
273,5832,4,768,271.082
273,5832,4,1152,271.958
273,5832,4,1728,272.768
273,5832,4,2592,271.744
273,5832,4,3888,272.94
273,5832,4,5832,273.45
273,5832,4,8748,395.99
273,5832,4,13122,589.312
273,5832,4,16384,733.356
273,5832,8,512,293.334
273,5832,8,768,306.454
273,5832,8,1152,324.268
273,5832,8,1728,347.756
273,5832,8,2592,386.026
273,5832,8,3888,441.152
273,5832,8,5832,528.214
273,5832,8,8748,654.444
273,5832,8,13122,827.482
273,5832,8,16384,965.698
273,5832,16,512,304.918
273,5832,16,768,316.672
273,5832,16,1152,333.014
273,5832,16,1728,358.272
273,5832,16,2592,396.096
273,5832,16,3888,456.172
273,5832,16,5832,546.924
273,5832,16,8748,788.29
273,5832,16,13122,1192.02
273,5832,16,16384,1505.73
273,5832,32,512,366.062
273,5832,32,768,397.484
273,5832,32,1152,446.914
273,5832,32,1728,515.138
273,5832,32,2592,629.442
273,5832,32,3888,791.062
273,5832,32,5832,1100.99
273,5832,32,8748,1619.29
273,5832,32,13122,2555.52
273,5832,32,16384,3115.92
273,5832,64,512,494.934
273,5832,64,768,568.386
273,5832,64,1152,669.442
273,5832,64,1728,789.508
273,5832,64,2592,999.982
273,5832,64,3888,1547.29
273,5832,64,5832,2214.02
273,5832,64,8748,3496.2
273,5832,64,13122,6125.82
273,5832,64,16384,7750.82
273,5832,128,512,767.618
273,5832,128,768,926.894
273,5832,128,1152,1168.3
273,5832,128,1728,1472.96
273,5832,128,2592,2676.84
273,5832,128,3888,4434.98
273,5832,128,5832,6416.64
273,5832,128,8748,11429.7
273,5832,128,13122,17193.9
273,5832,128,16384,21566
273,8748,0,0,405.782
273,8748,1,512,405.312
273,8748,1,768,411.136
273,8748,1,1152,407.126
273,8748,1,1728,408.704
273,8748,1,2592,408.642
273,8748,1,3888,409.472
273,8748,1,5832,405.034
273,8748,1,8748,404.586
273,8748,1,13122,605.974
273,8748,1,16384,752.406
273,8748,2,512,412.886
273,8748,2,768,410.048
273,8748,2,1152,411.606
273,8748,2,1728,407.146
273,8748,2,2592,409.77
273,8748,2,3888,410.37
273,8748,2,5832,408.086
273,8748,2,8748,409.194
273,8748,2,13122,603.414
273,8748,2,16384,752.682
273,8748,4,512,407.788
273,8748,4,768,408.17
273,8748,4,1152,408.256
273,8748,4,1728,411.798
273,8748,4,2592,412.864
273,8748,4,3888,412.65
273,8748,4,5832,412.95
273,8748,4,8748,413.184
273,8748,4,13122,612.248
273,8748,4,16384,762.03
273,8748,8,512,431.958
273,8748,8,768,440.108
273,8748,8,1152,457.45
273,8748,8,1728,485.992
273,8748,8,2592,528.448
273,8748,8,3888,581.376
273,8748,8,5832,672.854
273,8748,8,8748,810.774
273,8748,8,13122,1020.55
273,8748,8,16384,1170.67
273,8748,16,512,443.734
273,8748,16,768,455.104
273,8748,16,1152,470.55
273,8748,16,1728,498.774
273,8748,16,2592,537.792
273,8748,16,3888,603.03
273,8748,16,5832,693.166
273,8748,16,8748,839.576
273,8748,16,13122,1219.89
273,8748,16,16384,1549.64
273,8748,32,512,506.134
273,8748,32,768,539.33
273,8748,32,1152,590.87
273,8748,32,1728,662.08
273,8748,32,2592,785.558
273,8748,32,3888,970.052
273,8748,32,5832,1228.06
273,8748,32,8748,1680.9
273,8748,32,13122,2584.56
273,8748,32,16384,3203.28
273,8748,64,512,618.156
273,8748,64,768,694.338
273,8748,64,1152,805.314
273,8748,64,1728,939.138
273,8748,64,2592,1203.1
273,8748,64,3888,1672.22
273,8748,64,5832,2552.36
273,8748,64,8748,3306.08
273,8748,64,13122,6060.52
273,8748,64,16384,7681.48
273,8748,128,512,909.208
273,8748,128,768,1081.13
273,8748,128,1152,1301.06
273,8748,128,1728,1648.03
273,8748,128,2592,2804.88
273,8748,128,3888,4423.86
273,8748,128,5832,7398.34
273,8748,128,8748,9702.74
273,8748,128,13122,17260.1
273,8748,128,16384,21551.6
273,13122,0,0,591.148
273,13122,1,512,589.098
273,13122,1,768,588.76
273,13122,1,1152,590.102
273,13122,1,1728,590.762
273,13122,1,2592,588.396
273,13122,1,3888,589.376
273,13122,1,5832,588.886
273,13122,1,8748,589.696
273,13122,1,13122,588.566
273,13122,1,16384,730.134
273,13122,2,512,590.956
273,13122,2,768,589.996
273,13122,2,1152,590.764
273,13122,2,1728,588.372
273,13122,2,2592,589.654
273,13122,2,3888,589.826
273,13122,2,5832,588.458
273,13122,2,8748,588.01
273,13122,2,13122,585.984
273,13122,2,16384,730.818
273,13122,4,512,589.548
273,13122,4,768,589.654
273,13122,4,1152,591.042
273,13122,4,1728,592.086
273,13122,4,2592,592.084
273,13122,4,3888,592.322
273,13122,4,5832,591.658
273,13122,4,8748,592.768
273,13122,4,13122,594.732
273,13122,4,16384,733.612
273,13122,8,512,592.812
273,13122,8,768,601.43
273,13122,8,1152,620.504
273,13122,8,1728,644.396
273,13122,8,2592,683.392
273,13122,8,3888,741.186
273,13122,8,5832,828.44
273,13122,8,8748,960.77
273,13122,8,13122,1172.53
273,13122,8,16384,1330.35
273,13122,16,512,603.478
273,13122,16,768,617.302
273,13122,16,1152,632.32
273,13122,16,1728,656.406
273,13122,16,2592,691.138
273,13122,16,3888,752.81
273,13122,16,5832,844.866
273,13122,16,8748,995.756
273,13122,16,13122,1191.92
273,13122,16,16384,1454.64
273,13122,32,512,663.554
273,13122,32,768,698.584
273,13122,32,1152,746.646
273,13122,32,1728,813.186
273,13122,32,2592,929.602
273,13122,32,3888,1160.02
273,13122,32,5832,1466.35
273,13122,32,8748,1825.82
273,13122,32,13122,2480.78
273,13122,32,16384,3076.04
273,13122,64,512,805.08
273,13122,64,768,879.234
273,13122,64,1152,989.378
273,13122,64,1728,1136.22
273,13122,64,2592,1397.44
273,13122,64,3888,1913.39
273,13122,64,5832,2528.28
273,13122,64,8748,4067.68
273,13122,64,13122,4902.72
273,13122,64,16384,6484.82
273,13122,128,512,1082.58
273,13122,128,768,1300.36
273,13122,128,1152,1529.9
273,13122,128,1728,1858.91
273,13122,128,2592,3220.7
273,13122,128,3888,4683.64
273,13122,128,5832,6993.76
273,13122,128,8748,11246.5
273,13122,128,13122,15626.4
273,13122,128,16384,21524.6
273,16384,0,0,733.12
273,16384,1,512,755.244
273,16384,1,768,753.196
273,16384,1,1152,752.704
273,16384,1,1728,759.512
273,16384,1,2592,729.412
273,16384,1,3888,752.598
273,16384,1,5832,752.492
273,16384,1,8748,748.886
273,16384,1,13122,751.682
273,16384,1,16384,745.304
273,16384,2,512,759.682
273,16384,2,768,761.088
273,16384,2,1152,757.782
273,16384,2,1728,753.814
273,16384,2,2592,755.114
273,16384,2,3888,751.936
273,16384,2,5832,753.454
273,16384,2,8748,757.932
273,16384,2,13122,758.784
273,16384,2,16384,759.34
273,16384,4,512,753.858
273,16384,4,768,761.28
273,16384,4,1152,759.212
273,16384,4,1728,760.086
273,16384,4,2592,759.66
273,16384,4,3888,760
273,16384,4,5832,762.262
273,16384,4,8748,763.756
273,16384,4,13122,766.762
273,16384,4,16384,767.148
273,16384,8,512,756.416
273,16384,8,768,769.088
273,16384,8,1152,787.69
273,16384,8,1728,812.394
273,16384,8,2592,857.11
273,16384,8,3888,910.764
273,16384,8,5832,1003.03
273,16384,8,8748,1140.72
273,16384,8,13122,1357.53
273,16384,8,16384,1518.23
273,16384,16,512,768.918
273,16384,16,768,776.876
273,16384,16,1152,802.284
273,16384,16,1728,829.188
273,16384,16,2592,864.088
273,16384,16,3888,931.65
273,16384,16,5832,1028.04
273,16384,16,8748,1178.46
273,16384,16,13122,1392.49
273,16384,16,16384,1528.92
273,16384,32,512,835.588
273,16384,32,768,867.33
273,16384,32,1152,915.5
273,16384,32,1728,987.522
273,16384,32,2592,1107.01
273,16384,32,3888,1299.97
273,16384,32,5832,1609.48
273,16384,32,8748,2000.6
273,16384,32,13122,2680.2
273,16384,32,16384,3101.66
273,16384,64,512,946.458
273,16384,64,768,1022.15
273,16384,64,1152,1134.83
273,16384,64,1728,1272.02
273,16384,64,2592,1563.05
273,16384,64,3888,2096.22
273,16384,64,5832,2820.76
273,16384,64,8748,3715.96
273,16384,64,13122,6252.22
273,16384,64,16384,6147.66
273,16384,128,512,1217.69
273,16384,128,768,1432.39
273,16384,128,1152,1703.98
273,16384,128,1728,2025.08
273,16384,128,2592,3489.6
273,16384,128,3888,5047.7
273,16384,128,5832,6840.82
273,16384,128,8748,10246.8
273,16384,128,13122,17044
273,16384,128,16384,20894.8
410,0,0,0,34.6454
410,0,1,512,39.4026
410,0,1,768,50.8366
410,0,1,1152,66.858
410,0,1,1728,90.7094
410,0,1,2592,131.969
410,0,1,3888,189.077
410,0,1,5832,273.772
410,0,1,8748,405.504
410,0,1,13122,599.68
410,0,1,16384,754.39
410,0,2,512,41.1514
410,0,2,768,51.52
410,0,2,1152,67.968
410,0,2,1728,91.306
410,0,2,2592,131.647
410,0,2,3888,186.965
410,0,2,5832,275.35
410,0,2,8748,401.664
410,0,2,13122,601.112
410,0,2,16384,753.772
410,0,4,512,43.7986
410,0,4,768,54.9134
410,0,4,1152,71.7226
410,0,4,1728,94.8694
410,0,4,2592,133.376
410,0,4,3888,190.761
410,0,4,5832,276.65
410,0,4,8748,406.23
410,0,4,13122,602.07
410,0,4,16384,754.774
410,0,8,512,64.2134
410,0,8,768,74.9654
410,0,8,1152,92.8014
410,0,8,1728,115.221
410,0,8,2592,155.541
410,0,8,3888,211.116
410,0,8,5832,290.858
410,0,8,8748,421.61
410,0,8,13122,619.01
410,0,8,16384,772.864
410,0,16,512,83.9674
410,0,16,768,105.473
410,0,16,1152,139.648
410,0,16,1728,185.302
410,0,16,2592,263.744
410,0,16,3888,380.012
410,0,16,5832,550.188
410,0,16,8748,830.06
410,0,16,13122,1235.97
410,0,16,16384,1536.92
410,0,32,512,138.731
410,0,32,768,174.293
410,0,32,1152,223.318
410,0,32,1728,294.592
410,0,32,2592,412.46
410,0,32,3888,596.972
410,0,32,5832,875.564
410,0,32,8748,1287.39
410,0,32,13122,1881.56
410,0,32,16384,2372.98
410,0,64,512,234.006
410,0,64,768,304.256
410,0,64,1152,408.448
410,0,64,1728,555.566
410,0,64,2592,831.746
410,0,64,3888,1436.38
410,0,64,5832,2174.72
410,0,64,8748,3221.96
410,0,64,13122,4783.46
410,0,64,16384,5998.4
410,0,128,512,468.012
410,0,128,768,641.432
410,0,128,1152,870.808
410,0,128,1728,1243.48
410,0,128,2592,2448.28
410,0,128,3888,4152.78
410,0,128,5832,6167.02
410,0,128,8748,9317
410,0,128,13122,15567.6
410,0,128,16384,20703.2
410,512,0,0,56.1926
410,512,1,512,57.132
410,512,1,768,57.472
410,512,1,1152,67.2426
410,512,1,1728,92.118
410,512,1,2592,132.779
410,512,1,3888,188.011
410,512,1,5832,276.672
410,512,1,8748,411.67
410,512,1,13122,597.826
410,512,1,16384,756.586
410,512,2,512,59.0286
410,512,2,768,58.0266
410,512,2,1152,69.44
410,512,2,1728,92.9706
410,512,2,2592,132.928
410,512,2,3888,191.061
410,512,2,5832,277.696
410,512,2,8748,407.106
410,512,2,13122,604.992
410,512,2,16384,750.936
410,512,4,512,60.9286
410,512,4,768,61.1206
410,512,4,1152,73.1746
410,512,4,1728,96.9814
410,512,4,2592,135.062
410,512,4,3888,192.833
410,512,4,5832,277.396
410,512,4,8748,411.65
410,512,4,13122,610.518
410,512,4,16384,758.934
410,512,8,512,92.096
410,512,8,768,99.584
410,512,8,1152,116.373
410,512,8,1728,138.475
410,512,8,2592,178.368
410,512,8,3888,233.024
410,512,8,5832,314.114
410,512,8,8748,441.112
410,512,8,13122,630.464
410,512,8,16384,779.97
410,512,16,512,104.065
410,512,16,768,111.893
410,512,16,1152,145.664
410,512,16,1728,187.157
410,512,16,2592,264.81
410,512,16,3888,380.716
410,512,16,5832,554.838
410,512,16,8748,825.836
410,512,16,13122,1230.42
410,512,16,16384,1536.64
410,512,32,512,161.365
410,512,32,768,191.145
410,512,32,1152,246.4
410,512,32,1728,317.696
410,512,32,2592,435.732
410,512,32,3888,621.164
410,512,32,5832,882.52
410,512,32,8748,1289.28
410,512,32,13122,1895.11
410,512,32,16384,2373.84
410,512,64,512,248.618
410,512,64,768,320.748
410,512,64,1152,421.398
410,512,64,1728,564.182
410,512,64,2592,834.392
410,512,64,3888,1436.08
410,512,64,5832,2178.36
410,512,64,8748,3223.98
410,512,64,13122,4802.5
410,512,64,16384,5972.82
410,512,128,512,493.632
410,512,128,768,658.496
410,512,128,1152,874.842
410,512,128,1728,1261.76
410,512,128,2592,2445.08
410,512,128,3888,4158.86
410,512,128,5832,6166.12
410,512,128,8748,9291.2
410,512,128,13122,14068.3
410,512,128,16384,21090.6
410,768,0,0,67.3286
410,768,1,512,68.0106
410,768,1,768,68.5014
410,768,1,1152,69.2906
410,768,1,1728,91.6686
410,768,1,2592,132.437
410,768,1,3888,188.607
410,768,1,5832,278.486
410,768,1,8748,408.534
410,768,1,13122,601.73
410,768,1,16384,756.694
410,768,2,512,70.2506
410,768,2,768,70.2294
410,768,2,1152,70.358
410,768,2,1728,92.972
410,768,2,2592,133.546
410,768,2,3888,190.271
410,768,2,5832,278.72
410,768,2,8748,412.268
410,768,2,13122,605.314
410,768,2,16384,754.752
410,768,4,512,71.8494
410,768,4,768,72.1274
410,768,4,1152,73.1946
410,768,4,1728,97.2374
410,768,4,2592,136.363
410,768,4,3888,193.002
410,768,4,5832,280.598
410,768,4,8748,409.28
410,768,4,13122,605.612
410,768,4,16384,757.91
410,768,8,512,103.765
410,768,8,768,114.39
410,768,8,1152,126.699
410,768,8,1728,150.764
410,768,8,2592,188.245
410,768,8,3888,243.156
410,768,8,5832,324.992
410,768,8,8748,454.252
410,768,8,13122,645.036
410,768,8,16384,786.52
410,768,16,512,126.421
410,768,16,768,128.363
410,768,16,1152,147.392
410,768,16,1728,190.85
410,768,16,2592,265.6
410,768,16,3888,378.836
410,768,16,5832,555.242
410,768,16,8748,824.278
410,768,16,13122,1230.27
410,768,16,16384,1506.22
410,768,32,512,175.766
410,768,32,768,206.656
410,768,32,1152,255.362
410,768,32,1728,329.856
410,768,32,2592,444.076
410,768,32,3888,631.404
410,768,32,5832,895.574
410,768,32,8748,1290.71
410,768,32,13122,1906.35
410,768,32,16384,2374.48
410,768,64,512,267.99
410,768,64,768,330.008
410,768,64,1152,434.09
410,768,64,1728,571.392
410,768,64,2592,832.792
410,768,64,3888,1435.06
410,768,64,5832,2179.04
410,768,64,8748,3210.84
410,768,64,13122,4809.46
410,768,64,16384,6030.36
410,768,128,512,504.704
410,768,128,768,663.94
410,768,128,1152,886.554
410,768,128,1728,1260.29
410,768,128,2592,2432.62
410,768,128,3888,4159.26
410,768,128,5832,6169.38
410,768,128,8748,9317.6
410,768,128,13122,14977.1
410,768,128,16384,20588.2
410,1152,0,0,84.4806
410,1152,1,512,85.3534
410,1152,1,768,85.7174
410,1152,1,1152,86.1654
410,1152,1,1728,92.2006
410,1152,1,2592,133.548
410,1152,1,3888,188.843
410,1152,1,5832,274.71
410,1152,1,8748,411.328
410,1152,1,13122,609.282
410,1152,1,16384,753.132
410,1152,2,512,86.3994
410,1152,2,768,87.2954
410,1152,2,1152,86.998
410,1152,2,1728,93.4194
410,1152,2,2592,133.44
410,1152,2,3888,191.979
410,1152,2,5832,275.924
410,1152,2,8748,410.22
410,1152,2,13122,606.7
410,1152,2,16384,757.504
410,1152,4,512,89.28
410,1152,4,768,89.43
410,1152,4,1152,89.7494
410,1152,4,1728,98.0906
410,1152,4,2592,137.771
410,1152,4,3888,193.665
410,1152,4,5832,279.126
410,1152,4,8748,414.956
410,1152,4,13122,614.102
410,1152,4,16384,755.862
410,1152,8,512,122.176
410,1152,8,768,132.161
410,1152,8,1152,148.693
410,1152,8,1728,167.445
410,1152,8,2592,205.974
410,1152,8,3888,259.82
410,1152,8,5832,344.876
410,1152,8,8748,471.466
410,1152,8,13122,660.612
410,1152,8,16384,801.366
410,1152,16,512,153.857
410,1152,16,768,157.76
410,1152,16,1152,163.969
410,1152,16,1728,192.513
410,1152,16,2592,269.59
410,1152,16,3888,381.506
410,1152,16,5832,556.758
410,1152,16,8748,824.536
410,1152,16,13122,1233.2
410,1152,16,16384,1535.09
410,1152,32,512,194.114
410,1152,32,768,224.704
410,1152,32,1152,274.24
410,1152,32,1728,345.772
410,1152,32,2592,464.13
410,1152,32,3888,647
410,1152,32,5832,915.82
410,1152,32,8748,1311.39
410,1152,32,13122,1914.31
410,1152,32,16384,2370.6
410,1152,64,512,295.084
410,1152,64,768,353.048
410,1152,64,1152,455.938
410,1152,64,1728,586.326
410,1152,64,2592,831.278
410,1152,64,3888,1432.94
410,1152,64,5832,2181.9
410,1152,64,8748,3214.54
410,1152,64,13122,4807.52
410,1152,64,16384,5989.36
410,1152,128,512,532.44
410,1152,128,768,679.852
410,1152,128,1152,898.992
410,1152,128,1728,1273.31
410,1152,128,2592,2468.6
410,1152,128,3888,4164.48
410,1152,128,5832,6189.84
410,1152,128,8748,9303.02
410,1152,128,13122,15667.9
410,1152,128,16384,21078.4
410,1728,0,0,103.831
410,1728,1,512,105.452
410,1728,1,768,104.812
410,1728,1,1152,104.532
410,1728,1,1728,106.005
410,1728,1,2592,128.149
410,1728,1,3888,183.105
410,1728,1,5832,267.5
410,1728,1,8748,395.948
410,1728,1,13122,586.112
410,1728,1,16384,731.308
410,1728,2,512,105.793
410,1728,2,768,105.643
410,1728,2,1152,106.431
410,1728,2,1728,107.286
410,1728,2,2592,129.557
410,1728,2,3888,184.491
410,1728,2,5832,267.818
410,1728,2,8748,396.588
410,1728,2,13122,585.942
410,1728,2,16384,729.194
410,1728,4,512,113.644
410,1728,4,768,114.069
410,1728,4,1152,109.717
410,1728,4,1728,110.849
410,1728,4,2592,132.481
410,1728,4,3888,187.264
410,1728,4,5832,270.358
410,1728,4,8748,397.632
410,1728,4,13122,588.928
410,1728,4,16384,734.036
410,1728,8,512,138.495
410,1728,8,768,150.379
410,1728,8,1152,166.912
410,1728,8,1728,189.035
410,1728,8,2592,221.866
410,1728,8,3888,275.35
410,1728,8,5832,370.582
410,1728,8,8748,496.598
410,1728,8,13122,677.738
410,1728,8,16384,824.876
410,1728,16,512,178.495
410,1728,16,768,200.126
410,1728,16,1152,206.06
410,1728,16,1728,214.144
410,1728,16,2592,271.638
410,1728,16,3888,381.184
410,1728,16,5832,555.904
410,1728,16,8748,817.9
410,1728,16,13122,1225.3
410,1728,16,16384,1534.64
410,1728,32,512,226.624
410,1728,32,768,253.782
410,1728,32,1152,299.842
410,1728,32,1728,368.172
410,1728,32,2592,487.318
410,1728,32,3888,662.828
410,1728,32,5832,939.63
410,1728,32,8748,1345.73
410,1728,32,13122,1930.27
410,1728,32,16384,2381.36
410,1728,64,512,322.966
410,1728,64,768,390.296
410,1728,64,1152,467.436
410,1728,64,1728,609.794
410,1728,64,2592,825.026
410,1728,64,3888,1417.05
410,1728,64,5832,2191.8
410,1728,64,8748,3207.9
410,1728,64,13122,4789.36
410,1728,64,16384,6044.22
410,1728,128,512,571.904
410,1728,128,768,736.172
410,1728,128,1152,919.32
410,1728,128,1728,1279.58
410,1728,128,2592,2533.18
410,1728,128,3888,4202.92
410,1728,128,5832,6225.22
410,1728,128,8748,9551.68
410,1728,128,13122,15109
410,1728,128,16384,21091.6
410,2592,0,0,147.007
410,2592,1,512,146.432
410,2592,1,768,148.885
410,2592,1,1152,148.203
410,2592,1,1728,147.585
410,2592,1,2592,149.228
410,2592,1,3888,190.165
410,2592,1,5832,275.414
410,2592,1,8748,409.898
410,2592,1,13122,609.62
410,2592,1,16384,757.312
410,2592,2,512,148.949
410,2592,2,768,149.697
410,2592,2,1152,149.355
410,2592,2,1728,150.081
410,2592,2,2592,151.061
410,2592,2,3888,193.195
410,2592,2,5832,280.192
410,2592,2,8748,411.712
410,2592,2,13122,607.98
410,2592,2,16384,749.12
410,2592,4,512,151.574
410,2592,4,768,151.126
410,2592,4,1152,152.449
410,2592,4,1728,154.22
410,2592,4,2592,156.928
410,2592,4,3888,195.52
410,2592,4,5832,282.56
410,2592,4,8748,413.952
410,2592,4,13122,612.374
410,2592,4,16384,762.134
410,2592,8,512,182.485
410,2592,8,768,193.152
410,2592,8,1152,210.73
410,2592,8,1728,235.222
410,2592,8,2592,276.352
410,2592,8,3888,325.59
410,2592,8,5832,408.534
410,2592,8,8748,533.484
410,2592,8,13122,723.522
410,2592,8,16384,863.768
410,2592,16,512,217.28
410,2592,16,768,238.08
410,2592,16,1152,272.832
410,2592,16,1728,282.028
410,2592,16,2592,290.986
410,2592,16,3888,385.324
410,2592,16,5832,556.29
410,2592,16,8748,817.262
410,2592,16,13122,1223.58
410,2592,16,16384,1536.62
410,2592,32,512,282.646
410,2592,32,768,302.656
410,2592,32,1152,343.786
410,2592,32,1728,407.746
410,2592,32,2592,523.372
410,2592,32,3888,708.248
410,2592,32,5832,985.24
410,2592,32,8748,1436.5
410,2592,32,13122,2017.06
410,2592,32,16384,2442.46
410,2592,64,512,378.582
410,2592,64,768,441.942
410,2592,64,1152,530.754
410,2592,64,1728,636.78
410,2592,64,2592,941.784
410,2592,64,3888,1425.67
410,2592,64,5832,2396.02
410,2592,64,8748,3450.4
410,2592,64,13122,5353.84
410,2592,64,16384,6658.56
410,2592,128,512,609.794
410,2592,128,768,783.618
410,2592,128,1152,1014.66
410,2592,128,1728,1278.04
410,2592,128,2592,2599.86
410,2592,128,3888,4488.4
410,2592,128,5832,7661.94
410,2592,128,8748,11229
410,2592,128,13122,17212.8
410,2592,128,16384,21606.2
410,3888,0,0,201.962
410,3888,1,512,202.964
410,3888,1,768,202.048
410,3888,1,1152,203.884
410,3888,1,1728,204.268
410,3888,1,2592,203.926
410,3888,1,3888,204.502
410,3888,1,5832,278.272
410,3888,1,8748,411.35
410,3888,1,13122,609.41
410,3888,1,16384,758.25
410,3888,2,512,203.926
410,3888,2,768,203.968
410,3888,2,1152,204.012
410,3888,2,1728,204.374
410,3888,2,2592,208.064
410,3888,2,3888,207.958
410,3888,2,5832,280.108
410,3888,2,8748,412.246
410,3888,2,13122,607.446
410,3888,2,16384,753.004
410,3888,4,512,205.294
410,3888,4,768,206.614
410,3888,4,1152,208.214
410,3888,4,1728,208.086
410,3888,4,2592,209.558
410,3888,4,3888,213.78
410,3888,4,5832,282.646
410,3888,4,8748,416.128
410,3888,4,13122,614.784
410,3888,4,16384,762.796
410,3888,8,512,237.186
410,3888,8,768,246.038
410,3888,8,1152,267.242
410,3888,8,1728,290.432
410,3888,8,2592,332.246
410,3888,8,3888,387.99
410,3888,8,5832,465.004
410,3888,8,8748,587.286
410,3888,8,13122,779.67
410,3888,8,16384,925.098
410,3888,16,512,270.764
410,3888,16,768,293.846
410,3888,16,1152,327.936
410,3888,16,1728,373.91
410,3888,16,2592,390.89
410,3888,16,3888,404.526
410,3888,16,5832,560.364
410,3888,16,8748,819.438
410,3888,16,13122,1217.09
410,3888,16,16384,1539.91
410,3888,32,512,339.138
410,3888,32,768,384.298
410,3888,32,1152,405.462
410,3888,32,1728,475.22
410,3888,32,2592,581.506
410,3888,32,3888,763.99
410,3888,32,5832,1051.03
410,3888,32,8748,1737.01
410,3888,32,13122,2607
410,3888,32,16384,3281.06
410,3888,64,512,450.156
410,3888,64,768,516.78
410,3888,64,1152,606.23
410,3888,64,1728,726.914
410,3888,64,2592,943.192
410,3888,64,3888,1609.14
410,3888,64,5832,2321.94
410,3888,64,8748,4249.7
410,3888,64,13122,6410.16
410,3888,64,16384,8304.18
410,3888,128,512,690.732
410,3888,128,768,865.58
410,3888,128,1152,1094.87
410,3888,128,1728,1388.7
410,3888,128,2592,2657.32
410,3888,128,3888,4331.94
410,3888,128,5832,7348.38
410,3888,128,8748,11570.2
410,3888,128,13122,17302.8
410,3888,128,16384,21598.2
410,5832,0,0,282.496
410,5832,1,512,283.648
410,5832,1,768,287.658
410,5832,1,1152,287.424
410,5832,1,1728,284.992
410,5832,1,2592,285.226
410,5832,1,3888,288.086
410,5832,1,5832,285.334
410,5832,1,8748,408.214
410,5832,1,13122,604.652
410,5832,1,16384,755.008
410,5832,2,512,288
410,5832,2,768,286.188
410,5832,2,1152,287.552
410,5832,2,1728,288.45
410,5832,2,2592,288.876
410,5832,2,3888,288.576
410,5832,2,5832,290.154
410,5832,2,8748,414.186
410,5832,2,13122,603.906
410,5832,2,16384,758.848
410,5832,4,512,290.39
410,5832,4,768,293.098
410,5832,4,1152,291.906
410,5832,4,1728,293.568
410,5832,4,2592,291.692
410,5832,4,3888,295.488
410,5832,4,5832,296.32
410,5832,4,8748,414.978
410,5832,4,13122,613.592
410,5832,4,16384,766.424
410,5832,8,512,322.134
410,5832,8,768,332.886
410,5832,8,1152,347.69
410,5832,8,1728,375.082
410,5832,8,2592,412.97
410,5832,8,3888,470.7
410,5832,8,5832,559.98
410,5832,8,8748,679.938
410,5832,8,13122,866.602
410,5832,8,16384,1005.81
410,5832,16,512,353.814
410,5832,16,768,378.668
410,5832,16,1152,410.37
410,5832,16,1728,458.284
410,5832,16,2592,536.342
410,5832,16,3888,556.268
410,5832,16,5832,574.744
410,5832,16,8748,826.348
410,5832,16,13122,1231.64
410,5832,16,16384,1538.82
410,5832,32,512,418.006
410,5832,32,768,465.324
410,5832,32,1152,533.74
410,5832,32,1728,561.73
410,5832,32,2592,676.076
410,5832,32,3888,843.096
410,5832,32,5832,1138.73
410,5832,32,8748,1640.09
410,5832,32,13122,2753.18
410,5832,32,16384,3392.52
410,5832,64,512,556.95
410,5832,64,768,626.392
410,5832,64,1152,721.26
410,5832,64,1728,843.182
410,5832,64,2592,1095.51
410,5832,64,3888,1571.16
410,5832,64,5832,2446.78
410,5832,64,8748,3859.24
410,5832,64,13122,6418.54
410,5832,64,16384,8411.66
410,5832,128,512,803.778
410,5832,128,768,971.95
410,5832,128,1152,1200.6
410,5832,128,1728,1541.13
410,5832,128,2592,2660.6
410,5832,128,3888,4514.8
410,5832,128,5832,6452.64
410,5832,128,8748,11566.4
410,5832,128,13122,17360.3
410,5832,128,16384,21685.6
410,8748,0,0,415.68
410,8748,1,512,413.888
410,8748,1,768,415.66
410,8748,1,1152,415.978
410,8748,1,1728,415.146
410,8748,1,2592,414.336
410,8748,1,3888,414.89
410,8748,1,5832,411.286
410,8748,1,8748,415.702
410,8748,1,13122,610.88
410,8748,1,16384,749.442
410,8748,2,512,415.724
410,8748,2,768,415.062
410,8748,2,1152,416.298
410,8748,2,1728,416.428
410,8748,2,2592,413.206
410,8748,2,3888,416.406
410,8748,2,5832,414.316
410,8748,2,8748,419.158
410,8748,2,13122,606.87
410,8748,2,16384,758.594
410,8748,4,512,415.852
410,8748,4,768,421.462
410,8748,4,1152,419.586
410,8748,4,1728,420.502
410,8748,4,2592,415.49
410,8748,4,3888,419.776
410,8748,4,5832,420.032
410,8748,4,8748,424.812
410,8748,4,13122,615.252
410,8748,4,16384,766.53
410,8748,8,512,447.68
410,8748,8,768,456.492
410,8748,8,1152,473.004
410,8748,8,1728,499.67
410,8748,8,2592,543.17
410,8748,8,3888,592.108
410,8748,8,5832,685.354
410,8748,8,8748,825.024
410,8748,8,13122,1010.82
410,8748,8,16384,1166.36
410,8748,16,512,477.974
410,8748,16,768,500.502
410,8748,16,1152,537.088
410,8748,16,1728,582.636
410,8748,16,2592,660.824
410,8748,16,3888,773.74
410,8748,16,5832,808.342
410,8748,16,8748,844.846
410,8748,16,13122,1211.59
410,8748,16,16384,1545.5
410,8748,32,512,546.09
410,8748,32,768,589.356
410,8748,32,1152,657.346
410,8748,32,1728,749.762
410,8748,32,2592,807.876
410,8748,32,3888,984.258
410,8748,32,5832,1262.04
410,8748,32,8748,1673.01
410,8748,32,13122,2780.62
410,8748,32,16384,3419.44
410,8748,64,512,681.816
410,8748,64,768,774.98
410,8748,64,1152,887.812
410,8748,64,1728,1007.73
410,8748,64,2592,1271.45
410,8748,64,3888,1810.55
410,8748,64,5832,2553.38
410,8748,64,8748,3627
410,8748,64,13122,6933.3
410,8748,64,16384,8273.62
410,8748,128,512,956.014
410,8748,128,768,1143.56
410,8748,128,1152,1361.52
410,8748,128,1728,1696.03
410,8748,128,2592,2865.08
410,8748,128,3888,4345.86
410,8748,128,5832,7617.04
410,8748,128,8748,10192.4
410,8748,128,13122,17363.1
410,8748,128,16384,21656.6
410,13122,0,0,596.246
410,13122,1,512,596.244
410,13122,1,768,594.134
410,13122,1,1152,593.6
410,13122,1,1728,594.558
410,13122,1,2592,594.41
410,13122,1,3888,595.286
410,13122,1,5832,593.834
410,13122,1,8748,591.406
410,13122,1,13122,596.014
410,13122,1,16384,733.632
410,13122,2,512,596.268
410,13122,2,768,595.776
410,13122,2,1152,595.05
410,13122,2,1728,596.16
410,13122,2,2592,596.544
410,13122,2,3888,596.31
410,13122,2,5832,594.582
410,13122,2,8748,592.64
410,13122,2,13122,593.154
410,13122,2,16384,737.43
410,13122,4,512,596.352
410,13122,4,768,597.91
410,13122,4,1152,597.57
410,13122,4,1728,597.396
410,13122,4,2592,598.7
410,13122,4,3888,599.424
410,13122,4,5832,597.824
410,13122,4,8748,601.048
410,13122,4,13122,606.956
410,13122,4,16384,744.898
410,13122,8,512,609.942
410,13122,8,768,623.318
410,13122,8,1152,633.75
410,13122,8,1728,659.392
410,13122,8,2592,698.37
410,13122,8,3888,750.996
410,13122,8,5832,837.866
410,13122,8,8748,967.81
410,13122,8,13122,1168.37
410,13122,8,16384,1330.5
410,13122,16,512,668.332
410,13122,16,768,692.374
410,13122,16,1152,723.03
410,13122,16,1728,769.56
410,13122,16,2592,851.032
410,13122,16,3888,960.748
410,13122,16,5832,1118.77
410,13122,16,8748,1187.74
410,13122,16,13122,1237.94
410,13122,16,16384,1504.22
410,13122,32,512,726.87
410,13122,32,768,776.258
410,13122,32,1152,844.418
410,13122,32,1728,935.298
410,13122,32,2592,1092.74
410,13122,32,3888,1192.02
410,13122,32,5832,1442.65
410,13122,32,8748,2002.26
410,13122,32,13122,2478.38
410,13122,32,16384,3159.06
410,13122,64,512,866.242
410,13122,64,768,963.096
410,13122,64,1152,1095.56
410,13122,64,1728,1263.83
410,13122,64,2592,1543.88
410,13122,64,3888,2121.54
410,13122,64,5832,2713.56
410,13122,64,8748,4114.74
410,13122,64,13122,5407.64
410,13122,64,16384,7542.36
410,13122,128,512,1199.11
410,13122,128,768,1382
410,13122,128,1152,1619.5
410,13122,128,1728,1933.32
410,13122,128,2592,3405.32
410,13122,128,3888,5037.28
410,13122,128,5832,7376.48
410,13122,128,8748,11467
410,13122,128,13122,15500.9
410,13122,128,16384,21531
410,16384,0,0,758.826
410,16384,1,512,753.792
410,16384,1,768,765.27
410,16384,1,1152,763.138
410,16384,1,1728,754.688
410,16384,1,2592,754.922
410,16384,1,3888,760.212
410,16384,1,5832,746.86
410,16384,1,8748,756.01
410,16384,1,13122,757.122
410,16384,1,16384,762.602
410,16384,2,512,757.504
410,16384,2,768,762.798
410,16384,2,1152,765.994
410,16384,2,1728,764.034
410,16384,2,2592,761.962
410,16384,2,3888,761.304
410,16384,2,5832,761.9
410,16384,2,8748,760.364
410,16384,2,13122,764.972
410,16384,2,16384,767.596
410,16384,4,512,763.564
410,16384,4,768,764.354
410,16384,4,1152,763.626
410,16384,4,1728,764.374
410,16384,4,2592,768.554
410,16384,4,3888,762.582
410,16384,4,5832,764.608
410,16384,4,8748,770.966
410,16384,4,13122,777.048
410,16384,4,16384,780.248
410,16384,8,512,775.444
410,16384,8,768,780.8
410,16384,8,1152,801.132
410,16384,8,1728,832.62
410,16384,8,2592,867.82
410,16384,8,3888,924.056
410,16384,8,5832,1014.08
410,16384,8,8748,1153.33
410,16384,8,13122,1358.21
410,16384,8,16384,1519.51
410,16384,16,512,806.338
410,16384,16,768,837.12
410,16384,16,1152,860.566
410,16384,16,1728,911.468
410,16384,16,2592,990.508
410,16384,16,3888,1102.42
410,16384,16,5832,1275.44
410,16384,16,8748,1469.21
410,16384,16,13122,1468.93
410,16384,16,16384,1539.51
410,16384,32,512,876.674
410,16384,32,768,924.076
410,16384,32,1152,982.724
410,16384,32,1728,1080.07
410,16384,32,2592,1231.88
410,16384,32,3888,1470.13
410,16384,32,5832,1590.89
410,16384,32,8748,1996.44
410,16384,32,13122,2759.18
410,16384,32,16384,3099.06
410,16384,64,512,1008.07
410,16384,64,768,1104.41
410,16384,64,1152,1234.97
410,16384,64,1728,1409.47
410,16384,64,2592,1704.79
410,16384,64,3888,2333.54
410,16384,64,5832,3052.1
410,16384,64,8748,3994.62
410,16384,64,13122,6259.68
410,16384,64,16384,6845.22
410,16384,128,512,1336.35
410,16384,128,768,1546.95
410,16384,128,1152,1800.3
410,16384,128,1728,2125.1
410,16384,128,2592,3669.24
410,16384,128,3888,5487.1
410,16384,128,5832,7392.92
410,16384,128,8748,10465.3
410,16384,128,13122,17234.4
410,16384,128,16384,20884.2
512,0,0,0,34.7946
512,0,1,16,35.9894
512,0,1,32,35.69
512,0,1,64,35.754
512,0,1,128,35.8406
512,0,1,256,35.7326
512,0,1,512,38.9546
512,0,1,1024,59.4766
512,0,1,2048,103.743
512,0,1,4096,193.386
512,0,1,8192,373.46
512,0,1,16384,731.628
512,0,2,16,36.33
512,0,2,32,36.266
512,0,2,64,36.6514
512,0,2,128,36.608
512,0,2,256,36.3726
512,0,2,512,40.3826
512,0,2,1024,61.4826
512,0,2,2048,103.937
512,0,2,4096,193.217
512,0,2,8192,372.202
512,0,2,16384,729.004
512,0,4,16,40.768
512,0,4,32,40.79
512,0,4,64,40.9386
512,0,4,128,41.1094
512,0,4,256,41.2374
512,0,4,512,50.1334
512,0,4,1024,71.126
512,0,4,2048,113.067
512,0,4,4096,197.27
512,0,4,8192,372.182
512,0,4,16384,733.078
512,0,8,16,47.6586
512,0,8,32,47.9786
512,0,8,64,48.064
512,0,8,128,51.5406
512,0,8,256,55.3386
512,0,8,512,66.6026
512,0,8,1024,87.8506
512,0,8,2048,131.563
512,0,8,4096,218.05
512,0,8,8192,385.238
512,0,8,16384,742.296
512,0,16,16,58.09
512,0,16,32,57.92
512,0,16,64,57.858
512,0,16,128,63.7214
512,0,16,256,68.224
512,0,16,512,85.1206
512,0,16,1024,125.996
512,0,16,2048,210.752
512,0,16,4096,385.324
512,0,16,8192,743.894
512,0,16,16384,1474.59
512,0,32,16,75.9894
512,0,32,32,76.14
512,0,32,64,76.7574
512,0,32,128,88.4694
512,0,32,256,101.739
512,0,32,512,137.452
512,0,32,1024,204.374
512,0,32,2048,334.016
512,0,32,4096,616.768
512,0,32,8192,1183.32
512,0,32,16384,2289.54
512,0,64,16,111.169
512,0,64,32,111.403
512,0,64,64,112.896
512,0,64,128,137.109
512,0,64,256,166.251
512,0,64,512,231.596
512,0,64,1024,366.338
512,0,64,2048,641.026
512,0,64,4096,1506.57
512,0,64,8192,2985.9
512,0,64,16384,5907.14
512,0,128,16,180.971
512,0,128,32,181.099
512,0,128,64,183.148
512,0,128,128,235.394
512,0,128,256,309.334
512,0,128,512,476.418
512,0,128,1024,777.22
512,0,128,2048,1589.47
512,0,128,4096,4376.16
512,0,128,8192,8600.38
512,0,128,16384,20224.2
512,16,0,0,39.0186
512,16,1,16,39.9774
512,16,1,32,40.2566
512,16,1,64,39.744
512,16,1,128,40
512,16,1,256,40.0646
512,16,1,512,40.4914
512,16,1,1024,60.032
512,16,1,2048,103.787
512,16,1,4096,192.597
512,16,1,8192,372.63
512,16,1,16384,730.558
512,16,2,16,41.1306
512,16,2,32,40.7686
512,16,2,64,41.4506
512,16,2,128,41.258
512,16,2,256,40.9606
512,16,2,512,40.9386
512,16,2,1024,61.2694
512,16,2,2048,104.022
512,16,2,4096,193.451
512,16,2,8192,371.564
512,16,2,16384,725.314
512,16,4,16,45.2266
512,16,4,32,45.056
512,16,4,64,44.884
512,16,4,128,45.3546
512,16,4,256,45.3114
512,16,4,512,51.1574
512,16,4,1024,71.9354
512,16,4,2048,114.134
512,16,4,4096,198.103
512,16,4,8192,372.864
512,16,4,16384,732.844
512,16,8,16,52.4166
512,16,8,32,52.5014
512,16,8,64,52.842
512,16,8,128,56.362
512,16,8,256,60.0746
512,16,8,512,68.31
512,16,8,1024,90.646
512,16,8,2048,133.781
512,16,8,4096,219.458
512,16,8,8192,387.584
512,16,8,16384,743.426
512,16,16,16,63.04
512,16,16,32,63.424
512,16,16,64,63.0406
512,16,16,128,69.1414
512,16,16,256,73.8786
512,16,16,512,87.7214
512,16,16,1024,127.553
512,16,16,2048,211.5
512,16,16,4096,384.792
512,16,16,8192,743.342
512,16,16,16384,1474.05
512,16,32,16,81.3866
512,16,32,32,81.4074
512,16,32,64,82.0474
512,16,32,128,93.868
512,16,32,256,107.585
512,16,32,512,138.71
512,16,32,1024,208.086
512,16,32,2048,338.306
512,16,32,4096,619.5
512,16,32,8192,1182.55
512,16,32,16384,2292.26
512,16,64,16,117.205
512,16,64,32,117.781
512,16,64,64,118.4
512,16,64,128,143.105
512,16,64,256,170.241
512,16,64,512,233.878
512,16,64,1024,367.532
512,16,64,2048,640.62
512,16,64,4096,1504.64
512,16,64,8192,2986.48
512,16,64,16384,5901.62
512,16,128,16,186.07
512,16,128,32,186.391
512,16,128,64,188.801
512,16,128,128,240.32
512,16,128,256,311.574
512,16,128,512,477.952
512,16,128,1024,779.14
512,16,128,2048,1591.54
512,16,128,4096,4368.66
512,16,128,8192,8610.68
512,16,128,16384,20960.4
512,32,0,0,39.1034
512,32,1,16,40.512
512,32,1,32,39.914
512,32,1,64,40.3626
512,32,1,128,40.5326
512,32,1,256,40.15
512,32,1,512,39.6166
512,32,1,1024,59.968
512,32,1,2048,104.235
512,32,1,4096,192.768
512,32,1,8192,372.74
512,32,1,16384,730.198
512,32,2,16,40.9174
512,32,2,32,40.8966
512,32,2,64,41.1946
512,32,2,128,40.576
512,32,2,256,41.024
512,32,2,512,41.1954
512,32,2,1024,61.1634
512,32,2,2048,104.661
512,32,2,4096,192.959
512,32,2,8192,371.67
512,32,2,16384,727.788
512,32,4,16,45.2266
512,32,4,32,45.12
512,32,4,64,45.4614
512,32,4,128,45.2906
512,32,4,256,45.4406
512,32,4,512,50.9446
512,32,4,1024,72.1274
512,32,4,2048,114.582
512,32,4,4096,196.438
512,32,4,8192,373.336
512,32,4,16384,734.272
512,32,8,16,52.5446
512,32,8,32,52.63
512,32,8,64,52.6506
512,32,8,128,56.9606
512,32,8,256,59.6694
512,32,8,512,68.2454
512,32,8,1024,90.4754
512,32,8,2048,135.041
512,32,8,4096,219.562
512,32,8,8192,387.862
512,32,8,16384,742.572
512,32,16,16,62.826
512,32,16,32,63.872
512,32,16,64,63.0386
512,32,16,128,69.5034
512,32,16,256,74.9654
512,32,16,512,87.4026
512,32,16,1024,127.253
512,32,16,2048,211.116
512,32,16,4096,384.684
512,32,16,8192,744.236
512,32,16,16384,1478.47
512,32,32,16,82.1974
512,32,32,32,81.3874
512,32,32,64,82.198
512,32,32,128,94.8054
512,32,32,256,107.456
512,32,32,512,138.818
512,32,32,1024,207.466
512,32,32,2048,337.09
512,32,32,4096,618.692
512,32,32,8192,1182.72
512,32,32,16384,2290.52
512,32,64,16,116.843
512,32,64,32,117.782
512,32,64,64,118.976
512,32,64,128,143.51
512,32,64,256,170.284
512,32,64,512,234.456
512,32,64,1024,369.004
512,32,64,2048,641.516
512,32,64,4096,1505.07
512,32,64,8192,2989.8
512,32,64,16384,5901.04
512,32,128,16,186.495
512,32,128,32,187.051
512,32,128,64,188.865
512,32,128,128,240.362
512,32,128,256,312.684
512,32,128,512,478.55
512,32,128,1024,778.86
512,32,128,2048,1587.53
512,32,128,4096,4375.08
512,32,128,8192,8607.26
512,32,128,16384,19862.8
512,64,0,0,39.404
512,64,1,16,40.2774
512,64,1,32,40.278
512,64,1,64,40.6186
512,64,1,128,40.534
512,64,1,256,40.896
512,64,1,512,40.3414
512,64,1,1024,60.0546
512,64,1,2048,104.171
512,64,1,4096,192.747
512,64,1,8192,373.334
512,64,1,16384,731.542
512,64,2,16,41.3866
512,64,2,32,41.1306
512,64,2,64,41.3646
512,64,2,128,41.2806
512,64,2,256,41.194
512,64,2,512,41.472
512,64,2,1024,61.5674
512,64,2,2048,104.79
512,64,2,4096,193.449
512,64,2,8192,372.074
512,64,2,16384,726.25
512,64,4,16,45.44
512,64,4,32,45.462
512,64,4,64,45.44
512,64,4,128,45.8654
512,64,4,256,45.312
512,64,4,512,50.9014
512,64,4,1024,72.192
512,64,4,2048,114.475
512,64,4,4096,197.484
512,64,4,8192,372.886
512,64,4,16384,732.908
512,64,8,16,52.864
512,64,8,32,52.9066
512,64,8,64,52.822
512,64,8,128,55.9354
512,64,8,256,60.544
512,64,8,512,68.052
512,64,8,1024,91.2006
512,64,8,2048,133.461
512,64,8,4096,220.758
512,64,8,8192,386.26
512,64,8,16384,741.484
512,64,16,16,63.0174
512,64,16,32,64
512,64,16,64,64.1926
512,64,16,128,69.8034
512,64,16,256,73.6426
512,64,16,512,87.8934
512,64,16,1024,127.253
512,64,16,2048,210.966
512,64,16,4096,385.046
512,64,16,8192,744.792
512,64,16,16384,1473.35
512,64,32,16,81.3446
512,64,32,32,82.304
512,64,32,64,82.4746
512,64,32,128,94.2286
512,64,32,256,108.011
512,64,32,512,138.965
512,64,32,1024,207.85
512,64,32,2048,336.492
512,64,32,4096,618.796
512,64,32,8192,1184.13
512,64,32,16384,2292.12
512,64,64,16,117.142
512,64,64,32,117.761
512,64,64,64,118.892
512,64,64,128,143.509
512,64,64,256,170.368
512,64,64,512,233.92
512,64,64,1024,368.214
512,64,64,2048,642.414
512,64,64,4096,1504.79
512,64,64,8192,2987.3
512,64,64,16384,5941.94
512,64,128,16,186.262
512,64,128,32,187.243
512,64,128,64,189.483
512,64,128,128,240.856
512,64,128,256,311.724
512,64,128,512,478.572
512,64,128,1024,780.012
512,64,128,2048,1590.3
512,64,128,4096,4375.36
512,64,128,8192,8627.36
512,64,128,16384,19986.3
512,128,0,0,40.15
512,128,1,16,40.96
512,128,1,32,41.0026
512,128,1,64,40.9606
512,128,1,128,41.0246
512,128,1,256,41.0246
512,128,1,512,41.1946
512,128,1,1024,60.374
512,128,1,2048,104.255
512,128,1,4096,192.853
512,128,1,8192,373.058
512,128,1,16384,731.436
512,128,2,16,41.6846
512,128,2,32,41.6434
512,128,2,64,41.73
512,128,2,128,41.8126
512,128,2,256,41.878
512,128,2,512,42.198
512,128,2,1024,61.5474
512,128,2,2048,104.47
512,128,2,4096,193.003
512,128,2,8192,371.116
512,128,2,16384,730.028
512,128,4,16,46.144
512,128,4,32,46.72
512,128,4,64,46.294
512,128,4,128,46.3594
512,128,4,256,46.4006
512,128,4,512,56.342
512,128,4,1024,77.526
512,128,4,2048,119.915
512,128,4,4096,202.688
512,128,4,8192,372.502
512,128,4,16384,731.564
512,128,8,16,53.462
512,128,8,32,53.9086
512,128,8,64,54.4214
512,128,8,128,58.0914
512,128,8,256,61.846
512,128,8,512,69.654
512,128,8,1024,94.3574
512,128,8,2048,137.877
512,128,8,4096,222.998
512,128,8,8192,389.846
512,128,8,16384,742.914
512,128,16,16,64.9386
512,128,16,32,65.152
512,128,16,64,65.3014
512,128,16,128,72.2126
512,128,16,256,77.8246
512,128,16,512,91.3914
512,128,16,1024,128.639
512,128,16,2048,211.5
512,128,16,4096,384.514
512,128,16,8192,741.89
512,128,16,16384,1475.91
512,128,32,16,83.904
512,128,32,32,84.032
512,128,32,64,84.5874
512,128,32,128,97.1534
512,128,32,256,110.421
512,128,32,512,140.588
512,128,32,1024,211.456
512,128,32,2048,340.182
512,128,32,4096,621.292
512,128,32,8192,1183.96
512,128,32,16384,2291.88
512,128,64,16,119.189
512,128,64,32,120.042
512,128,64,64,121.067
512,128,64,128,146.155
512,128,64,256,172.481
512,128,64,512,236.14
512,128,64,1024,370.838
512,128,64,2048,644.846
512,128,64,4096,1505.5
512,128,64,8192,2983.86
512,128,64,16384,5940.72
512,128,128,16,188.651
512,128,128,32,189.015
512,128,128,64,191.829
512,128,128,128,243.478
512,128,128,256,314.624
512,128,128,512,480.876
512,128,128,1024,780.76
512,128,128,2048,1614.23
512,128,128,4096,4379.9
512,128,128,8192,8647.6
512,128,128,16384,20444.2
512,256,0,0,45.718
512,256,1,16,46.5486
512,256,1,32,46.4426
512,256,1,64,46.4646
512,256,1,128,46.0786
512,256,1,256,46.358
512,256,1,512,46.4006
512,256,1,1024,60.0746
512,256,1,2048,104.299
512,256,1,4096,193.557
512,256,1,8192,372.97
512,256,1,16384,731.222
512,256,2,16,46.828
512,256,2,32,47.424
512,256,2,64,47.3174
512,256,2,128,46.9966
512,256,2,256,47.3606
512,256,2,512,47.488
512,256,2,1024,61.9294
512,256,2,2048,105.471
512,256,2,4096,193.709
512,256,2,8192,372.116
512,256,2,16384,727.276
512,256,4,16,51.5626
512,256,4,32,52.0966
512,256,4,64,51.478
512,256,4,128,52.1166
512,256,4,256,51.8186
512,256,4,512,61.3986
512,256,4,1024,83.1146
512,256,4,2048,125.44
512,256,4,4096,209.24
512,256,4,8192,374.188
512,256,4,16384,734.892
512,256,8,16,59.52
512,256,8,32,59.498
512,256,8,64,59.4354
512,256,8,128,64.9814
512,256,8,256,68.6286
512,256,8,512,76.2034
512,256,8,1024,100.439
512,256,8,2048,143.168
512,256,8,4096,227.818
512,256,8,8192,395.606
512,256,8,16384,742.634
512,256,16,16,72.172
512,256,16,32,71.9786
512,256,16,64,72.4046
512,256,16,128,79.7866
512,256,16,256,86.9126
512,256,16,512,97.0654
512,256,16,1024,131.883
512,256,16,2048,212.842
512,256,16,4096,385.814
512,256,16,8192,741.526
512,256,16,16384,1474.95
512,256,32,16,91.6494
512,256,32,32,91.3486
512,256,32,64,92.224
512,256,32,128,104.833
512,256,32,256,117.995
512,256,32,512,145.537
512,256,32,1024,216.982
512,256,32,2048,346.048
512,256,32,4096,627.798
512,256,32,8192,1184.92
512,256,32,16384,2291.76
512,256,64,16,127.423
512,256,64,32,127.551
512,256,64,64,128.811
512,256,64,128,154.517
512,256,64,256,181.141
512,256,64,512,239.276
512,256,64,1024,375.276
512,256,64,2048,648.152
512,256,64,4096,1506.24
512,256,64,8192,2986.74
512,256,64,16384,5910.2
512,256,128,16,196.716
512,256,128,32,197.462
512,256,128,64,199.83
512,256,128,128,251.202
512,256,128,256,319.426
512,256,128,512,482.944
512,256,128,1024,784.362
512,256,128,2048,1598.85
512,256,128,4096,4377.96
512,256,128,8192,8615.26
512,256,128,16384,20288
512,512,0,0,56.384
512,512,1,16,57.024
512,512,1,32,56.746
512,512,1,64,57.2374
512,512,1,128,57.152
512,512,1,256,57.5154
512,512,1,512,57.2806
512,512,1,1024,60.8426
512,512,1,2048,105.003
512,512,1,4096,193.963
512,512,1,8192,373.248
512,512,1,16384,731.668
512,512,2,16,58.0706
512,512,2,32,57.8766
512,512,2,64,57.8346
512,512,2,128,58.0906
512,512,2,256,57.9414
512,512,2,512,58.8146
512,512,2,1024,62.124
512,512,2,2048,105.791
512,512,2,4096,194.134
512,512,2,8192,373.206
512,512,2,16384,728.792
512,512,4,16,61.9946
512,512,4,32,62.272
512,512,4,64,62.3994
512,512,4,128,63.0194
512,512,4,256,62.5294
512,512,4,512,69.8666
512,512,4,1024,94.1014
512,512,4,2048,136.427
512,512,4,4096,220.906
512,512,4,8192,385.26
512,512,4,16384,736.49
512,512,8,16,70.6786
512,512,8,32,69.9106
512,512,8,64,70.6346
512,512,8,128,75.2
512,512,8,256,80.8526
512,512,8,512,91.2854
512,512,8,1024,110.72
512,512,8,2048,154.112
512,512,8,4096,238.828
512,512,8,8192,406.4
512,512,8,16384,745.878
512,512,16,16,85.0134
512,512,16,32,85.142
512,512,16,64,85.4834
512,512,16,128,93.61
512,512,16,256,101.739
512,512,16,512,110.293
512,512,16,1024,146.134
512,512,16,2048,214.272
512,512,16,4096,386.924
512,512,16,8192,740.44
512,512,16,16384,1472.32
512,512,32,16,105.045
512,512,32,32,107.007
512,512,32,64,107.327
512,512,32,128,120.45
512,512,32,256,132.886
512,512,32,512,160.833
512,512,32,1024,224.876
512,512,32,2048,355.862
512,512,32,4096,636.546
512,512,32,8192,1184.79
512,512,32,16384,2292.78
512,512,64,16,142.955
512,512,64,32,143.147
512,512,64,64,144.855
512,512,64,128,170.837
512,512,64,256,197.975
512,512,64,512,250.562
512,512,64,1024,384.832
512,512,64,2048,650.286
512,512,64,4096,1506.46
512,512,64,8192,2988.82
512,512,64,16384,5909
512,512,128,16,212.8
512,512,128,32,213.398
512,512,128,64,215.424
512,512,128,128,268.012
512,512,128,256,335.552
512,512,128,512,493.08
512,512,128,1024,792.194
512,512,128,2048,1590.06
512,512,128,4096,4376.22
512,512,128,8192,8632.76
512,512,128,16384,19647
512,1024,0,0,77.8446
512,1024,1,16,79.0406
512,1024,1,32,78.6334
512,1024,1,64,78.848
512,1024,1,128,79.104
512,1024,1,256,78.9334
512,1024,1,512,79.2526
512,1024,1,1024,79.2314
512,1024,1,2048,105.941
512,1024,1,4096,194.71
512,1024,1,8192,374.294
512,1024,1,16384,732.802
512,1024,2,16,79.1254
512,1024,2,32,79.4246
512,1024,2,64,79.254
512,1024,2,128,79.36
512,1024,2,256,80.1486
512,1024,2,512,80.128
512,1024,2,1024,80.6186
512,1024,2,2048,106.965
512,1024,2,4096,195.541
512,1024,2,8192,374.038
512,1024,2,16384,731.414
512,1024,4,16,83.924
512,1024,4,32,83.9894
512,1024,4,64,84.3086
512,1024,4,128,84.4154
512,1024,4,256,84.694
512,1024,4,512,84.7574
512,1024,4,1024,114.368
512,1024,4,2048,158.699
512,1024,4,4096,243.392
512,1024,4,8192,409.474
512,1024,4,16384,738.69
512,1024,8,16,91.1786
512,1024,8,32,92.0966
512,1024,8,64,92.0534
512,1024,8,128,98.326
512,1024,8,256,103.104
512,1024,8,512,114.518
512,1024,8,1024,135.638
512,1024,8,2048,175.978
512,1024,8,4096,262.442
512,1024,8,8192,428.14
512,1024,8,16384,770.114
512,1024,16,16,106.005
512,1024,16,32,106.495
512,1024,16,64,107.415
512,1024,16,128,117.846
512,1024,16,256,129.109
512,1024,16,512,144.001
512,1024,16,1024,170.475
512,1024,16,2048,231.338
512,1024,16,4096,385.708
512,1024,16,8192,740.782
512,1024,16,16384,1475.29
512,1024,32,16,134.548
512,1024,32,32,134.485
512,1024,32,64,135.339
512,1024,32,128,148.651
512,1024,32,256,165.248
512,1024,32,512,188.395
512,1024,32,1024,246.7
512,1024,32,2048,378.924
512,1024,32,4096,659.182
512,1024,32,8192,1195.5
512,1024,32,16384,2297.2
512,1024,64,16,172.586
512,1024,64,32,172.821
512,1024,64,64,174.89
512,1024,64,128,199.659
512,1024,64,256,229.846
512,1024,64,512,283.028
512,1024,64,1024,405.12
512,1024,64,2048,659.352
512,1024,64,4096,1506.63
512,1024,64,8192,2994.58
512,1024,64,16384,5908.82
512,1024,128,16,244.564
512,1024,128,32,245.1
512,1024,128,64,247.468
512,1024,128,128,300.416
512,1024,128,256,368.364
512,1024,128,512,524.332
512,1024,128,1024,811.608
512,1024,128,2048,1642.67
512,1024,128,4096,4382.62
512,1024,128,8192,8680.58
512,1024,128,16384,20968.2
512,2048,0,0,120.277
512,2048,1,16,122.047
512,2048,1,32,121.643
512,2048,1,64,121.473
512,2048,1,128,123.051
512,2048,1,256,121.879
512,2048,1,512,121.792
512,2048,1,1024,123.328
512,2048,1,2048,123.435
512,2048,1,4096,195.412
512,2048,1,8192,373.718
512,2048,1,16384,732.928
512,2048,2,16,123.329
512,2048,2,32,122.901
512,2048,2,64,123.414
512,2048,2,128,122.539
512,2048,2,256,123.179
512,2048,2,512,123.307
512,2048,2,1024,124.202
512,2048,2,2048,124.907
512,2048,2,4096,196.523
512,2048,2,8192,374.294
512,2048,2,16384,730.24
512,2048,4,16,126.464
512,2048,4,32,126.271
512,2048,4,64,126.399
512,2048,4,128,127.381
512,2048,4,256,127.36
512,2048,4,512,127.723
512,2048,4,1024,129.238
512,2048,4,2048,201.196
512,2048,4,4096,286.422
512,2048,4,8192,456.32
512,2048,4,16384,788.548
512,2048,8,16,134.655
512,2048,8,32,134.293
512,2048,8,64,134.785
512,2048,8,128,139.329
512,2048,8,256,145.217
512,2048,8,512,156.885
512,2048,8,1024,179.031
512,2048,8,2048,222.016
512,2048,8,4096,303.294
512,2048,8,8192,470.678
512,2048,8,16384,809.794
512,2048,16,16,149.376
512,2048,16,32,149.055
512,2048,16,64,149.739
512,2048,16,128,160.107
512,2048,16,256,171.478
512,2048,16,512,192.726
512,2048,16,1024,230.124
512,2048,16,2048,298.752
512,2048,16,4096,398.808
512,2048,16,8192,739.352
512,2048,16,16384,1472.77
512,2048,32,16,176.875
512,2048,32,32,177.495
512,2048,32,64,178.07
512,2048,32,128,199.66
512,2048,32,256,221.482
512,2048,32,512,253.824
512,2048,32,1024,296.408
512,2048,32,2048,417.9
512,2048,32,4096,699.416
512,2048,32,8192,1257.26
512,2048,32,16384,2307.4
512,2048,64,16,229.27
512,2048,64,32,229.952
512,2048,64,64,230.68
512,2048,64,128,260.65
512,2048,64,256,288.554
512,2048,64,512,345.024
512,2048,64,1024,464.194
512,2048,64,2048,702.998
512,2048,64,4096,1505.6
512,2048,64,8192,3058.74
512,2048,64,16384,6008.32
512,2048,128,16,303.788
512,2048,128,32,305.622
512,2048,128,64,306.326
512,2048,128,128,362.432
512,2048,128,256,429.036
512,2048,128,512,590.786
512,2048,128,1024,888.45
512,2048,128,2048,1640.92
512,2048,128,4096,5261.36
512,2048,128,8192,10303.8
512,2048,128,16384,21159.8
512,4096,0,0,204.544
512,4096,1,16,205.334
512,4096,1,32,206.548
512,4096,1,64,206.464
512,4096,1,128,206.444
512,4096,1,256,207.06
512,4096,1,512,206.058
512,4096,1,1024,207.17
512,4096,1,2048,207.062
512,4096,1,4096,208.81
512,4096,1,8192,372.822
512,4096,1,16384,730.454
512,4096,2,16,207.936
512,4096,2,32,206.848
512,4096,2,64,206.996
512,4096,2,128,208.896
512,4096,2,256,207.616
512,4096,2,512,207.316
512,4096,2,1024,207.894
512,4096,2,2048,210.24
512,4096,2,4096,211.862
512,4096,2,8192,373.27
512,4096,2,16384,729.046
512,4096,4,16,211.03
512,4096,4,32,209.108
512,4096,4,64,209.92
512,4096,4,128,209.986
512,4096,4,256,209.92
512,4096,4,512,212.182
512,4096,4,1024,212.01
512,4096,4,2048,214.506
512,4096,4,4096,372.244
512,4096,4,8192,540.8
512,4096,4,16384,870.572
512,4096,8,16,217.472
512,4096,8,32,217.152
512,4096,8,64,219.948
512,4096,8,128,224.022
512,4096,8,256,229.29
512,4096,8,512,240.598
512,4096,8,1024,261.398
512,4096,8,2048,307.456
512,4096,8,4096,392.79
512,4096,8,8192,556.994
512,4096,8,16384,889.966
512,4096,16,16,232.64
512,4096,16,32,231.338
512,4096,16,64,231.424
512,4096,16,128,241.814
512,4096,16,256,253.696
512,4096,16,512,274.37
512,4096,16,1024,319.254
512,4096,16,2048,397.27
512,4096,16,4096,550.914
512,4096,16,8192,739.628
512,4096,16,16384,1479.83
512,4096,32,16,257.92
512,4096,32,32,260.246
512,4096,32,64,259.308
512,4096,32,128,282.774
512,4096,32,256,304.812
512,4096,32,512,347.584
512,4096,32,1024,420.886
512,4096,32,2048,504.748
512,4096,32,4096,773.334
512,4096,32,8192,1632.29
512,4096,32,16384,3202.66
512,4096,64,16,313.536
512,4096,64,32,313.986
512,4096,64,64,316.288
512,4096,64,128,360
512,4096,64,256,397.846
512,4096,64,512,462.338
512,4096,64,1024,583.212
512,4096,64,2048,807.32
512,4096,64,4096,1704.97
512,4096,64,8192,4216.86
512,4096,64,16384,8888.24
512,4096,128,16,418.69
512,4096,128,32,419.138
512,4096,128,64,420.672
512,4096,128,128,480.536
512,4096,128,256,547.842
512,4096,128,512,713.792
512,4096,128,1024,1009.9
512,4096,128,2048,1623.49
512,4096,128,4096,4568.86
512,4096,128,8192,10884.6
512,4096,128,16384,21738
512,8192,0,0,379.244
512,8192,1,16,377.836
512,8192,1,32,378.944
512,8192,1,64,378.602
512,8192,1,128,378.07
512,8192,1,256,377.856
512,8192,1,512,378.582
512,8192,1,1024,380.16
512,8192,1,2048,378.774
512,8192,1,4096,377.622
512,8192,1,8192,380.33
512,8192,1,16384,734.316
512,8192,2,16,379.456
512,8192,2,32,378.456
512,8192,2,64,378.07
512,8192,2,128,378.476
512,8192,2,256,379.052
512,8192,2,512,379.37
512,8192,2,1024,378.092
512,8192,2,2048,378.774
512,8192,2,4096,379.648
512,8192,2,8192,382.444
512,8192,2,16384,733.57
512,8192,4,16,379.712
512,8192,4,32,379.798
512,8192,4,64,379.84
512,8192,4,128,380.182
512,8192,4,256,379.904
512,8192,4,512,381.912
512,8192,4,1024,382.764
512,8192,4,2048,384.746
512,8192,4,4096,387.158
512,8192,4,8192,717.292
512,8192,4,16384,1052.87
512,8192,8,16,388.396
512,8192,8,32,388.16
512,8192,8,64,389.356
512,8192,8,128,393.088
512,8192,8,256,396.884
512,8192,8,512,410.07
512,8192,8,1024,430.742
512,8192,8,2048,477.014
512,8192,8,4096,562.732
512,8192,8,8192,744.408
512,8192,8,16384,1084.18
512,8192,16,16,401.388
512,8192,16,32,400.662
512,8192,16,64,398.55
512,8192,16,128,412.928
512,8192,16,256,424.066
512,8192,16,512,443.158
512,8192,16,1024,489.514
512,8192,16,2048,573.422
512,8192,16,4096,742.422
512,8192,16,8192,1067.1
512,8192,16,16384,1471.26
512,8192,32,16,428.524
512,8192,32,32,429.506
512,8192,32,64,428.33
512,8192,32,128,451.82
512,8192,32,256,473.09
512,8192,32,512,516.204
512,8192,32,1024,604.63
512,8192,32,2048,760.15
512,8192,32,4096,944.962
512,8192,32,8192,1540.87
512,8192,32,16384,3436.64
512,8192,64,16,481.026
512,8192,64,32,483.5
512,8192,64,64,483.756
512,8192,64,128,527.618
512,8192,64,256,572.994
512,8192,64,512,664.834
512,8192,64,1024,820.078
512,8192,64,2048,1050.35
512,8192,64,4096,1835.55
512,8192,64,8192,3385.76
512,8192,64,16384,8786.14
512,8192,128,16,590.572
512,8192,128,32,592.236
512,8192,128,64,595.074
512,8192,128,128,683.586
512,8192,128,256,776.942
512,8192,128,512,944.644
512,8192,128,1024,1255.26
512,8192,128,2048,2005.58
512,8192,128,4096,4708.76
512,8192,128,8192,9097.24
512,8192,128,16384,21777.6
512,16384,0,0,744.258
512,16384,1,16,740.992
512,16384,1,32,741.27
512,16384,1,64,741.632
512,16384,1,128,740.462
512,16384,1,256,741.014
512,16384,1,512,741.57
512,16384,1,1024,741.528
512,16384,1,2048,740.992
512,16384,1,4096,741.122
512,16384,1,8192,740.8
512,16384,1,16384,740.632
512,16384,2,16,739.222
512,16384,2,32,740.142
512,16384,2,64,741.228
512,16384,2,128,740.312
512,16384,2,256,740.352
512,16384,2,512,739.926
512,16384,2,1024,741.568
512,16384,2,2048,742.25
512,16384,2,4096,742.508
512,16384,2,8192,738.924
512,16384,2,16384,740.568
512,16384,4,16,741.058
512,16384,4,32,739.138
512,16384,4,64,742.036
512,16384,4,128,740.524
512,16384,4,256,740.14
512,16384,4,512,740.888
512,16384,4,1024,743.638
512,16384,4,2048,743.21
512,16384,4,4096,744.3
512,16384,4,8192,743.896
512,16384,4,16384,1433.07
512,16384,8,16,742.296
512,16384,8,32,742.808
512,16384,8,64,740.482
512,16384,8,128,745.452
512,16384,8,256,742.188
512,16384,8,512,747.416
512,16384,8,1024,768.77
512,16384,8,2048,814.168
512,16384,8,4096,900.844
512,16384,8,8192,1083.31
512,16384,8,16384,1461.81
512,16384,16,16,740.504
512,16384,16,32,745.068
512,16384,16,64,743.17
512,16384,16,128,749.698
512,16384,16,256,765.27
512,16384,16,512,779.244
512,16384,16,1024,826.904
512,16384,16,2048,910.446
512,16384,16,4096,1082.73
512,16384,16,8192,1443.46
512,16384,16,16384,2108.1
512,16384,32,16,765.058
512,16384,32,32,763.694
512,16384,32,64,768.172
512,16384,32,128,788.012
512,16384,32,256,809.176
512,16384,32,512,856.534
512,16384,32,1024,936.664
512,16384,32,2048,1109.27
512,16384,32,4096,1450.12
512,16384,32,8192,1845.57
512,16384,32,16384,3027.2
512,16384,64,16,818.262
512,16384,64,32,817.326
512,16384,64,64,823.256
512,16384,64,128,865.856
512,16384,64,256,907.288
512,16384,64,512,998.722
512,16384,64,1024,1188.12
512,16384,64,2048,1507.84
512,16384,64,4096,2461.08
512,16384,64,8192,3641.04
512,16384,64,16384,7100.42
512,16384,128,16,929.176
512,16384,128,32,927.596
512,16384,128,64,933.06
512,16384,128,128,1018.61
512,16384,128,256,1114.18
512,16384,128,512,1338.63
512,16384,128,1024,1716.12
512,16384,128,2048,2457.6
512,16384,128,4096,5474.68
512,16384,128,8192,9628.82
512,16384,128,16384,20470
615,0,0,0,40.704
615,0,1,512,42.0266
615,0,1,768,50.3046
615,0,1,1152,66.4954
615,0,1,1728,88.192
615,0,1,2592,127.127
615,0,1,3888,182.784
615,0,1,5832,266.09
615,0,1,8748,397.442
615,0,1,13122,584.512
615,0,1,16384,754.134
615,0,2,512,50.4534
615,0,2,768,62.0786
615,0,2,1152,78.9766
615,0,2,1728,100.458
615,0,2,2592,138.9
615,0,2,3888,184.299
615,0,2,5832,266.666
615,0,2,8748,400.812
615,0,2,13122,608.256
615,0,2,16384,748.354
615,0,4,512,59.2854
615,0,4,768,69.7606
615,0,4,1152,87.168
615,0,4,1728,109.184
615,0,4,2592,147.414
615,0,4,3888,203.37
615,0,4,5832,283.97
615,0,4,8748,411.904
615,0,4,13122,603.372
615,0,4,16384,755.862
615,0,8,512,74.1346
615,0,8,768,90.4754
615,0,8,1152,107.733
615,0,8,1728,131.562
615,0,8,2592,169.707
615,0,8,3888,224.064
615,0,8,5832,309.142
615,0,8,8748,433.836
615,0,8,13122,624.876
615,0,8,16384,774.828
615,0,16,512,99.776
615,0,16,768,120.726
615,0,16,1152,152.683
615,0,16,1728,196.501
615,0,16,2592,272.492
615,0,16,3888,384.066
615,0,16,5832,560.298
615,0,16,8748,831.468
615,0,16,13122,1235.69
615,0,16,16384,1531.72
615,0,32,512,152.149
615,0,32,768,187.84
615,0,32,1152,245.59
615,0,32,1728,312.492
615,0,32,2592,430.636
615,0,32,3888,611.394
615,0,32,5832,884.844
615,0,32,8748,1295.96
615,0,32,13122,1907.78
615,0,32,16384,2379.44
615,0,64,512,254.87
615,0,64,768,316.864
615,0,64,1152,430.592
615,0,64,1728,571.67
615,0,64,2592,844.482
615,0,64,3888,1433.56
615,0,64,5832,2155.56
615,0,64,8748,3202.66
615,0,64,13122,4800.82
615,0,64,16384,6004.68
615,0,128,512,510.572
615,0,128,768,674.414
615,0,128,1152,899.672
615,0,128,1728,1282.27
615,0,128,2592,2465.84
615,0,128,3888,4161.82
615,0,128,5832,6171.5
615,0,128,8748,9268.02
615,0,128,13122,15645.1
615,0,128,16384,20637.4
615,512,0,0,63.0614
615,512,1,512,63.8506
615,512,1,768,63.8926
615,512,1,1152,66.9854
615,512,1,1728,90.2614
615,512,1,2592,128.854
615,512,1,3888,183.637
615,512,1,5832,267.648
615,512,1,8748,397.376
615,512,1,13122,606.294
615,512,1,16384,761.152
615,512,2,512,96.534
615,512,2,768,97.9
615,512,2,1152,104.108
615,512,2,1728,125.739
615,512,2,2592,163.669
615,512,2,3888,217.216
615,512,2,5832,296.704
615,512,2,8748,419.264
615,512,2,13122,602.218
615,512,2,16384,755.436
615,512,4,512,98.3254
615,512,4,768,103.253
615,512,4,1152,111.104
615,512,4,1728,133.931
615,512,4,2592,171.286
615,512,4,3888,224.022
615,512,4,5832,305.622
615,512,4,8748,436.46
615,512,4,13122,615.466
615,512,4,16384,757.996
615,512,8,512,105.003
615,512,8,768,113.792
615,512,8,1152,131.713
615,512,8,1728,157.697
615,512,8,2592,195.094
615,512,8,3888,250.774
615,512,8,5832,333.996
615,512,8,8748,459.626
615,512,8,13122,650.392
615,512,8,16384,796.694
615,512,16,512,135.979
615,512,16,768,151.851
615,512,16,1152,179.2
615,512,16,1728,223.702
615,512,16,2592,291.904
615,512,16,3888,392.128
615,512,16,5832,567.788
615,512,16,8748,813.826
615,512,16,13122,1233.07
615,512,16,16384,1542.32
615,512,32,512,175.296
615,512,32,768,210.752
615,512,32,1152,263.168
615,512,32,1728,342.082
615,512,32,2592,458.178
615,512,32,3888,630.656
615,512,32,5832,908.142
615,512,32,8748,1311.39
615,512,32,13122,1883.67
615,512,32,16384,2373.92
615,512,64,512,284.118
615,512,64,768,347.072
615,512,64,1152,456.576
615,512,64,1728,589.526
615,512,64,2592,847.106
615,512,64,3888,1450.65
615,512,64,5832,2188.06
615,512,64,8748,3243.14
615,512,64,13122,4808.68
615,512,64,16384,6010.14
615,512,128,512,534.294
615,512,128,768,697.176
615,512,128,1152,905.41
615,512,128,1728,1262.55
615,512,128,2592,2449.62
615,512,128,3888,4162.96
615,512,128,5832,6176.48
615,512,128,8748,9341.66
615,512,128,13122,15497.7
615,512,128,16384,20656
615,768,0,0,77.162
615,768,1,512,78.422
615,768,1,768,78.314
615,768,1,1152,78.8054
615,768,1,1728,94.0586
615,768,1,2592,134.465
615,768,1,3888,191.787
615,768,1,5832,277.44
615,768,1,8748,407.874
615,768,1,13122,600.62
615,768,1,16384,760.706
615,768,2,512,108.672
615,768,2,768,119.189
615,768,2,1152,120.021
615,768,2,1728,137.941
615,768,2,2592,176.661
615,768,2,3888,228.716
615,768,2,5832,310.016
615,768,2,8748,432.576
615,768,2,13122,612.44
615,768,2,16384,758.572
615,768,4,512,110.997
615,768,4,768,121.408
615,768,4,1152,125.824
615,768,4,1728,146.391
615,768,4,2592,181.761
615,768,4,3888,237.44
615,768,4,5832,318.55
615,768,4,8748,445.056
615,768,4,13122,626.604
615,768,4,16384,768.388
615,768,8,512,121.92
615,768,8,768,129.749
615,768,8,1152,140.202
615,768,8,1728,168.64
615,768,8,2592,207.232
615,768,8,3888,262.72
615,768,8,5832,346.028
615,768,8,8748,469.932
615,768,8,13122,661.612
615,768,8,16384,805.868
615,768,16,512,149.717
615,768,16,768,169.175
615,768,16,1152,191.658
615,768,16,1728,235.584
615,768,16,2592,306.858
615,768,16,3888,402.008
615,768,16,5832,562.86
615,768,16,8748,831.064
615,768,16,13122,1222.85
615,768,16,16384,1508.53
615,768,32,512,201.642
615,768,32,768,227.52
615,768,32,1152,270.338
615,768,32,1728,353.024
615,768,32,2592,469.25
615,768,32,3888,642.198
615,768,32,5832,921.284
615,768,32,8748,1324.33
615,768,32,13122,1918.28
615,768,32,16384,2368.62
615,768,64,512,301.654
615,768,64,768,362.648
615,768,64,1152,467.458
615,768,64,1728,603.096
615,768,64,2592,848.216
615,768,64,3888,1437.34
615,768,64,5832,2161.46
615,768,64,8748,3201.08
615,768,64,13122,4742.74
615,768,64,16384,5919.98
615,768,128,512,535.084
615,768,128,768,696.406
615,768,128,1152,931.608
615,768,128,1728,1266.5
615,768,128,2592,2461.32
615,768,128,3888,4171.56
615,768,128,5832,6189.24
615,768,128,8748,9353.1
615,768,128,13122,14763.7
615,768,128,16384,20744.4
615,1152,0,0,94.2506
615,1152,1,512,96.5574
615,1152,1,768,95.9154
615,1152,1,1152,96.256
615,1152,1,1728,96.9186
615,1152,1,2592,135.765
615,1152,1,3888,192.491
615,1152,1,5832,277.868
615,1152,1,8748,413.44
615,1152,1,13122,600.852
615,1152,1,16384,760.662
615,1152,2,512,126.016
615,1152,2,768,136.299
615,1152,2,1152,153.728
615,1152,2,1728,155.626
615,1152,2,2592,193.045
615,1152,2,3888,246.208
615,1152,2,5832,324.524
615,1152,2,8748,452.716
615,1152,2,13122,636.524
615,1152,2,16384,772.864
615,1152,4,512,128.875
615,1152,4,768,140.31
615,1152,4,1152,155.754
615,1152,4,1728,162.325
615,1152,4,2592,200.086
615,1152,4,3888,253.59
615,1152,4,5832,337.834
615,1152,4,8748,463.51
615,1152,4,13122,647.724
615,1152,4,16384,787.69
615,1152,8,512,155.969
615,1152,8,768,157.333
615,1152,8,1152,163.434
615,1152,8,1728,180.353
615,1152,8,2592,225.024
615,1152,8,3888,279.958
615,1152,8,5832,364.204
615,1152,8,8748,493.142
615,1152,8,13122,675.202
615,1152,8,16384,821.398
615,1152,16,512,174.913
615,1152,16,768,187.221
615,1152,16,1152,220.884
615,1152,16,1728,253.974
615,1152,16,2592,330.56
615,1152,16,3888,428.738
615,1152,16,5832,571.564
615,1152,16,8748,832.922
615,1152,16,13122,1234.58
615,1152,16,16384,1539.91
615,1152,32,512,230.528
615,1152,32,768,253.27
615,1152,32,1152,295.488
615,1152,32,1728,359.062
615,1152,32,2592,491.968
615,1152,32,3888,663.232
615,1152,32,5832,940.78
615,1152,32,8748,1349.96
615,1152,32,13122,1943.28
615,1152,32,16384,2393.46
615,1152,64,512,326.422
615,1152,64,768,392.812
615,1152,64,1152,478.85
615,1152,64,1728,605.464
615,1152,64,2592,846.06
615,1152,64,3888,1448.77
615,1152,64,5832,2192.26
615,1152,64,8748,3249.98
615,1152,64,13122,4816.9
615,1152,64,16384,6010.24
615,1152,128,512,579.842
615,1152,128,768,724.866
615,1152,128,1152,958.98
615,1152,128,1728,1269.96
615,1152,128,2592,2473.16
615,1152,128,3888,4175.36
615,1152,128,5832,6204.4
615,1152,128,8748,9496.78
615,1152,128,13122,15817.6
615,1152,128,16384,20963
615,1728,0,0,121.941
615,1728,1,512,123.179
615,1728,1,768,123.371
615,1728,1,1152,124.415
615,1728,1,1728,124.373
615,1728,1,2592,137.451
615,1728,1,3888,192.579
615,1728,1,5832,282.154
615,1728,1,8748,415.978
615,1728,1,13122,609.324
615,1728,1,16384,754.134
615,1728,2,512,152.235
615,1728,2,768,163.413
615,1728,2,1152,179.989
615,1728,2,1728,203.926
615,1728,2,2592,217.322
615,1728,2,3888,273.324
615,1728,2,5832,354.922
615,1728,2,8748,478.572
615,1728,2,13122,659.286
615,1728,2,16384,800.192
615,1728,4,512,156.395
615,1728,4,768,166.891
615,1728,4,1152,184.619
615,1728,4,1728,207.638
615,1728,4,2592,226.24
615,1728,4,3888,281.386
615,1728,4,5832,361.388
615,1728,4,8748,487.02
615,1728,4,13122,671.064
615,1728,4,16384,813.292
615,1728,8,512,187.478
615,1728,8,768,204.992
615,1728,8,1152,204.972
615,1728,8,1728,213.504
615,1728,8,2592,250.006
615,1728,8,3888,306.56
615,1728,8,5832,389.226
615,1728,8,8748,512.854
615,1728,8,13122,706.562
615,1728,8,16384,853.718
615,1728,16,512,217.856
615,1728,16,768,224.896
615,1728,16,1152,247.874
615,1728,16,1728,295.082
615,1728,16,2592,352.96
615,1728,16,3888,462.486
615,1728,16,5832,591.682
615,1728,16,8748,836.078
615,1728,16,13122,1236.35
615,1728,16,16384,1550
615,1728,32,512,265.088
615,1728,32,768,298.284
615,1728,32,1152,335.552
615,1728,32,1728,392.194
615,1728,32,2592,509.548
615,1728,32,3888,692.332
615,1728,32,5832,943.512
615,1728,32,8748,1396.78
615,1728,32,13122,1988.14
615,1728,32,16384,2360.26
615,1728,64,512,367.51
615,1728,64,768,431.318
615,1728,64,1152,519.51
615,1728,64,1728,638.488
615,1728,64,2592,899.418
615,1728,64,3888,1448.05
615,1728,64,5832,2220.9
615,1728,64,8748,3273.26
615,1728,64,13122,4845.48
615,1728,64,16384,6045.5
615,1728,128,512,620.034
615,1728,128,768,780.312
615,1728,128,1152,993.986
615,1728,128,1728,1309.81
615,1728,128,2592,2609.24
615,1728,128,3888,4327.66
615,1728,128,5832,6330.28
615,1728,128,8748,10018.3
615,1728,128,13122,16556.4
615,1728,128,16384,21161.8
615,2592,0,0,161.173
615,2592,1,512,163.649
615,2592,1,768,162.795
615,2592,1,1152,162.858
615,2592,1,1728,163.413
615,2592,1,2592,165.099
615,2592,1,3888,195.221
615,2592,1,5832,282.006
615,2592,1,8748,414.016
615,2592,1,13122,607.468
615,2592,1,16384,756.652
615,2592,2,512,191.721
615,2592,2,768,202.326
615,2592,2,1152,217.706
615,2592,2,1728,244.16
615,2592,2,2592,284.822
615,2592,2,3888,313.706
615,2592,2,5832,391.808
615,2592,2,8748,518.636
615,2592,2,13122,698.668
615,2592,2,16384,841.836
615,2592,4,512,195.199
615,2592,4,768,205.098
615,2592,4,1152,222.85
615,2592,4,1728,247.402
615,2592,4,2592,286.784
615,2592,4,3888,319.744
615,2592,4,5832,400.81
615,2592,4,8748,529.812
615,2592,4,13122,715.864
615,2592,4,16384,849.26
615,2592,8,512,225.002
615,2592,8,768,246.976
615,2592,8,1152,281.026
615,2592,8,1728,283.03
615,2592,8,2592,294.144
615,2592,8,3888,344.642
615,2592,8,5832,429.398
615,2592,8,8748,554.37
615,2592,8,13122,746.006
615,2592,8,16384,890.606
615,2592,16,512,270.828
615,2592,16,768,291.714
615,2592,16,1152,300.588
615,2592,16,1728,333.484
615,2592,16,2592,404.992
615,2592,16,3888,505.388
615,2592,16,5832,669.442
615,2592,16,8748,837.806
615,2592,16,13122,1236.78
615,2592,16,16384,1543.11
615,2592,32,512,325.91
615,2592,32,768,351.594
615,2592,32,1152,404.502
615,2592,32,1728,448.364
615,2592,32,2592,532.696
615,2592,32,3888,731.928
615,2592,32,5832,1006.21
615,2592,32,8748,1463.52
615,2592,32,13122,2090.78
615,2592,32,16384,2498.2
615,2592,64,512,431.36
615,2592,64,768,493.25
615,2592,64,1152,578.308
615,2592,64,1728,695.532
615,2592,64,2592,957.784
615,2592,64,3888,1488.26
615,2592,64,5832,2511.42
615,2592,64,8748,3730.8
615,2592,64,13122,5262.32
615,2592,64,16384,6941.62
615,2592,128,512,683.65
615,2592,128,768,818.862
615,2592,128,1152,1038.36
615,2592,128,1728,1366.3
615,2592,128,2592,2610.42
615,2592,128,3888,4562.72
615,2592,128,5832,7834.62
615,2592,128,8748,11602.5
615,2592,128,13122,17453.6
615,2592,128,16384,21747.8
615,3888,0,0,216.364
615,3888,1,512,218.968
615,3888,1,768,217.176
615,3888,1,1152,218.412
615,3888,1,1728,220.674
615,3888,1,2592,219.668
615,3888,1,3888,219.904
615,3888,1,5832,283.094
615,3888,1,8748,416.662
615,3888,1,13122,608.896
615,3888,1,16384,766.678
615,3888,2,512,246.356
615,3888,2,768,256.214
615,3888,2,1152,275.436
615,3888,2,1728,299.862
615,3888,2,2592,338.582
615,3888,2,3888,397.334
615,3888,2,5832,452.032
615,3888,2,8748,576.214
615,3888,2,13122,756.822
615,3888,2,16384,902.766
615,3888,4,512,248.128
615,3888,4,768,262.484
615,3888,4,1152,279.976
615,3888,4,1728,303.02
615,3888,4,2592,339.05
615,3888,4,3888,395.564
615,3888,4,5832,460.564
615,3888,4,8748,582.358
615,3888,4,13122,768.042
615,3888,4,16384,910.744
615,3888,8,512,277.696
615,3888,8,768,300.63
615,3888,8,1152,335.766
615,3888,8,1728,381.804
615,3888,8,2592,390.806
615,3888,8,3888,405.826
615,3888,8,5832,484.928
615,3888,8,8748,610.028
615,3888,8,13122,800.236
615,3888,8,16384,940.14
615,3888,16,512,324.544
615,3888,16,768,356.652
615,3888,16,1152,399.916
615,3888,16,1728,400.748
615,3888,16,2592,468.396
615,3888,16,3888,578.626
615,3888,16,5832,730.562
615,3888,16,8748,982.488
615,3888,16,13122,1275.35
615,3888,16,16384,1625.24
615,3888,32,512,408.386
615,3888,32,768,437.846
615,3888,32,1152,478.208
615,3888,32,1728,550.914
615,3888,32,2592,603.03
615,3888,32,3888,774.936
615,3888,32,5832,1038.41
615,3888,32,8748,1779.78
615,3888,32,13122,2487.46
615,3888,32,16384,3060.56
615,3888,64,512,500.162
615,3888,64,768,574.87
615,3888,64,1152,666.048
615,3888,64,1728,775.342
615,3888,64,2592,981.892
615,3888,64,3888,1634.88
615,3888,64,5832,2519.66
615,3888,64,8748,4853.6
615,3888,64,13122,7626.9
615,3888,64,16384,9606.38
615,3888,128,512,763.628
615,3888,128,768,924.59
615,3888,128,1152,1136.16
615,3888,128,1728,1469.3
615,3888,128,2592,2594.56
615,3888,128,3888,4268.38
615,3888,128,5832,7701.86
615,3888,128,8748,11681.2
615,3888,128,13122,17509
615,3888,128,16384,21816
615,5832,0,0,299.84
615,5832,1,512,303.148
615,5832,1,768,303.468
615,5832,1,1152,302.398
615,5832,1,1728,306.388
615,5832,1,2592,305.836
615,5832,1,3888,305.536
615,5832,1,5832,304.662
615,5832,1,8748,415.298
615,5832,1,13122,610.412
615,5832,1,16384,760.94
615,5832,2,512,330.39
615,5832,2,768,337.878
615,5832,2,1152,358.676
615,5832,2,1728,382.358
615,5832,2,2592,421.886
615,5832,2,3888,478.442
615,5832,2,5832,562.796
615,5832,2,8748,666.006
615,5832,2,13122,852.396
615,5832,2,16384,995.99
615,5832,4,512,332.736
615,5832,4,768,346.86
615,5832,4,1152,364.716
615,5832,4,1728,385.92
615,5832,4,2592,425.45
615,5832,4,3888,478.38
615,5832,4,5832,566.486
615,5832,4,8748,673.216
615,5832,4,13122,856.278
615,5832,4,16384,996.588
615,5832,8,512,363.65
615,5832,8,768,386.24
615,5832,8,1152,419.306
615,5832,8,1728,465.644
615,5832,8,2592,543.298
615,5832,8,3888,558.016
615,5832,8,5832,579.414
615,5832,8,8748,695.062
615,5832,8,13122,884.504
615,5832,8,16384,1024.39
615,5832,16,512,407.51
615,5832,16,768,439.724
615,5832,16,1152,491.416
615,5832,16,1728,558.486
615,5832,16,2592,564.95
615,5832,16,3888,659.906
615,5832,16,5832,837.336
615,5832,16,8748,1046.77
615,5832,16,13122,1452.29
615,5832,16,16384,1634.48
615,5832,32,512,508.14
615,5832,32,768,570.412
615,5832,32,1152,611.33
615,5832,32,1728,667.778
615,5832,32,2592,788.376
615,5832,32,3888,874.732
615,5832,32,5832,1144.28
615,5832,32,8748,1652.12
615,5832,32,13122,2718.48
615,5832,32,16384,3372.52
615,5832,64,512,627.224
615,5832,64,768,705.068
615,5832,64,1152,794.948
615,5832,64,1728,919.788
615,5832,64,2592,1134.36
615,5832,64,3888,1613.3
615,5832,64,5832,2444.4
615,5832,64,8748,4234.28
615,5832,64,13122,7503.5
615,5832,64,16384,9742.64
615,5832,128,512,902.21
615,5832,128,768,1036.65
615,5832,128,1152,1274.25
615,5832,128,1728,1605.43
615,5832,128,2592,2826.5
615,5832,128,3888,4464.7
615,5832,128,5832,6354.56
615,5832,128,8748,11670.7
615,5832,128,13122,17527.4
615,5832,128,16384,21875.2
615,8748,0,0,428.458
615,8748,1,512,428.098
615,8748,1,768,429.014
615,8748,1,1152,427.968
615,8748,1,1728,429.378
615,8748,1,2592,431.51
615,8748,1,3888,432.79
615,8748,1,5832,428.714
615,8748,1,8748,431.98
615,8748,1,13122,614.4
615,8748,1,16384,765.804
615,8748,2,512,454.358
615,8748,2,768,464.726
615,8748,2,1152,485.974
615,8748,2,1728,507.884
615,8748,2,2592,546.026
615,8748,2,3888,603.968
615,8748,2,5832,688.47
615,8748,2,8748,819.436
615,8748,2,13122,978.348
615,8748,2,16384,1119.77
615,8748,4,512,460.288
615,8748,4,768,468.164
615,8748,4,1152,488.62
615,8748,4,1728,513.878
615,8748,4,2592,551.808
615,8748,4,3888,610.412
615,8748,4,5832,695.808
615,8748,4,8748,826.2
615,8748,4,13122,989.356
615,8748,4,16384,1133.14
615,8748,8,512,491.094
615,8748,8,768,510.508
615,8748,8,1152,545.56
615,8748,8,1728,589.824
615,8748,8,2592,669.996
615,8748,8,3888,776.77
615,8748,8,5832,809.324
615,8748,8,8748,838.614
615,8748,8,13122,1024.36
615,8748,8,16384,1179.91
615,8748,16,512,535.232
615,8748,16,768,545.388
615,8748,16,1152,619.158
615,8748,16,1728,681.538
615,8748,16,2592,801.068
615,8748,16,3888,810.626
615,8748,16,5832,966.146
615,8748,16,8748,1227.91
615,8748,16,13122,1671.36
615,8748,16,16384,1959.41
615,8748,32,512,633.794
615,8748,32,768,693.57
615,8748,32,1152,803.48
615,8748,32,1728,849.24
615,8748,32,2592,939.566
615,8748,32,3888,1138.63
615,8748,32,5832,1258.88
615,8748,32,8748,1681.09
615,8748,32,13122,2826.54
615,8748,32,16384,3381.6
615,8748,64,512,827.97
615,8748,64,768,895.214
615,8748,64,1152,986.69
615,8748,64,1728,1117.04
615,8748,64,2592,1338.03
615,8748,64,3888,1929.14
615,8748,64,5832,2659.2
615,8748,64,8748,3660.88
615,8748,64,13122,7442.24
615,8748,64,16384,9507.02
615,8748,128,512,1075.69
615,8748,128,768,1244.42
615,8748,128,1152,1461.47
615,8748,128,1728,1768.88
615,8748,128,2592,3188.26
615,8748,128,3888,4695.44
615,8748,128,5832,7822.78
615,8748,128,8748,10050.9
615,8748,128,13122,17505.5
615,8748,128,16384,21896.4
615,13122,0,0,632.322
615,13122,1,512,602.88
615,13122,1,768,628.5
615,13122,1,1152,628.29
615,13122,1,1728,623.168
615,13122,1,2592,629.034
615,13122,1,3888,627.948
615,13122,1,5832,629.378
615,13122,1,8748,634.198
615,13122,1,13122,628.246
615,13122,1,16384,767.404
615,13122,2,512,646.934
615,13122,2,768,661.888
615,13122,2,1152,676.158
615,13122,2,1728,701.996
615,13122,2,2592,745.92
615,13122,2,3888,799.554
615,13122,2,5832,883.498
615,13122,2,8748,1016.26
615,13122,2,13122,1202.73
615,13122,2,16384,1323.78
615,13122,4,512,655.232
615,13122,4,768,669.036
615,13122,4,1152,656.298
615,13122,4,1728,705.324
615,13122,4,2592,744.812
615,13122,4,3888,795.096
615,13122,4,5832,866.644
615,13122,4,8748,1018.41
615,13122,4,13122,1217.56
615,13122,4,16384,1357.8
615,13122,8,512,679.788
615,13122,8,768,700.758
615,13122,8,1152,736.384
615,13122,8,1728,783.618
615,13122,8,2592,861.228
615,13122,8,3888,949.058
615,13122,8,5832,1109.12
615,13122,8,8748,1191.28
615,13122,8,13122,1242.31
615,13122,8,16384,1394.58
615,13122,16,512,720.172
615,13122,16,768,755.052
615,13122,16,1152,806.7
615,13122,16,1728,869.954
615,13122,16,2592,992.066
615,13122,16,3888,1154.86
615,13122,16,5832,1188.52
615,13122,16,8748,1437.59
615,13122,16,13122,1808.86
615,13122,16,16384,2119.18
615,13122,32,512,816.62
615,13122,32,768,888.15
615,13122,32,1152,988.418
615,13122,32,1728,1129.43
615,13122,32,2592,1237.57
615,13122,32,3888,1363.89
615,13122,32,5832,1681.31
615,13122,32,8748,1942.85
615,13122,32,13122,2491.46
615,13122,32,16384,3162.32
615,13122,64,512,1028.06
615,13122,64,768,1163.76
615,13122,64,1152,1276.68
615,13122,64,1728,1400.17
615,13122,64,2592,1616.5
615,13122,64,3888,2114.3
615,13122,64,5832,2894.16
615,13122,64,8748,4494.9
615,13122,64,13122,5467.24
615,13122,64,16384,8329.2
615,13122,128,512,1362.74
615,13122,128,768,1525.15
615,13122,128,1152,1753.61
615,13122,128,1728,2086.94
615,13122,128,2592,3635.18
615,13122,128,3888,5540.22
615,13122,128,5832,7515.06
615,13122,128,8748,11718.3
615,13122,128,13122,15835.3
615,13122,128,16384,21848.2
615,16384,0,0,778.562
615,16384,1,512,773.846
615,16384,1,768,769.686
615,16384,1,1152,777.196
615,16384,1,1728,778.306
615,16384,1,2592,775.32
615,16384,1,3888,777.044
615,16384,1,5832,775.872
615,16384,1,8748,770.306
615,16384,1,13122,776.086
615,16384,1,16384,773.656
615,16384,2,512,789.974
615,16384,2,768,805.334
615,16384,2,1152,822.892
615,16384,2,1728,851.076
615,16384,2,2592,890.966
615,16384,2,3888,937.772
615,16384,2,5832,1024.41
615,16384,2,8748,1155.95
615,16384,2,13122,1351.96
615,16384,2,16384,1490.69
615,16384,4,512,768.428
615,16384,4,768,809.302
615,16384,4,1152,825.11
615,16384,4,1728,849.624
615,16384,4,2592,891.352
615,16384,4,3888,945.088
615,16384,4,5832,1024.98
615,16384,4,8748,1158.81
615,16384,4,13122,1364.27
615,16384,4,16384,1510.44
615,16384,8,512,816.34
615,16384,8,768,831.958
615,16384,8,1152,868.054
615,16384,8,1728,919.894
615,16384,8,2592,958.36
615,16384,8,3888,1080.94
615,16384,8,5832,1274.9
615,16384,8,8748,1465.3
615,16384,8,13122,1474.23
615,16384,8,16384,1539.63
615,16384,16,512,862.936
615,16384,16,768,896.216
615,16384,16,1152,944.918
615,16384,16,1728,1012.78
615,16384,16,2592,1127.38
615,16384,16,3888,1300.18
615,16384,16,5832,1465.18
615,16384,16,8748,1564.63
615,16384,16,13122,1997.04
615,16384,16,16384,2251.84
615,16384,32,512,940.184
615,16384,32,768,1032.28
615,16384,32,1152,1128.96
615,16384,32,1728,1236.7
615,16384,32,2592,1490.12
615,16384,32,3888,1647.79
615,16384,32,5832,1819.14
615,16384,32,8748,2194.22
615,16384,32,13122,2621.4
615,16384,32,16384,3108.12
615,16384,64,512,1166.45
615,16384,64,768,1300.16
615,16384,64,1152,1456.43
615,16384,64,1728,1625.78
615,16384,64,2592,1760.07
615,16384,64,3888,2229.9
615,16384,64,5832,3083.26
615,16384,64,8748,4384.74
615,16384,64,13122,6248.92
615,16384,64,16384,7208.76
615,16384,128,512,1577.82
615,16384,128,768,1742
615,16384,128,1152,1953.42
615,16384,128,1728,2294.32
615,16384,128,2592,3899.56
615,16384,128,3888,5430.26
615,16384,128,5832,7885.88
615,16384,128,8748,11307.5
615,16384,128,13122,17574.1
615,16384,128,16384,20247.2
923,0,0,0,76.928
923,0,1,512,83.6266
923,0,1,768,83.5626
923,0,1,1152,94.2714
923,0,1,1728,116.609
923,0,1,2592,154.111
923,0,1,3888,208.512
923,0,1,5832,279.104
923,0,1,8748,412.566
923,0,1,13122,610.67
923,0,1,16384,761.046
923,0,2,512,87.1674
923,0,2,768,87.21
923,0,2,1152,101.077
923,0,2,1728,121.749
923,0,2,2592,161.43
923,0,2,3888,214.378
923,0,2,5832,293.634
923,0,2,8748,420.738
923,0,2,13122,612.396
923,0,2,16384,765.612
923,0,4,512,93.9306
923,0,4,768,97.5794
923,0,4,1152,112.427
923,0,4,1728,134.421
923,0,4,2592,173.867
923,0,4,3888,223.232
923,0,4,5832,309.76
923,0,4,8748,433.176
923,0,4,13122,623.98
923,0,4,16384,770.434
923,0,8,512,106.409
923,0,8,768,108.949
923,0,8,1152,136.662
923,0,8,1728,168.276
923,0,8,2592,207.188
923,0,8,3888,261.888
923,0,8,5832,340.246
923,0,8,8748,474.156
923,0,8,13122,661.954
923,0,8,16384,806.636
923,0,16,512,135.616
923,0,16,768,147.051
923,0,16,1152,183.573
923,0,16,1728,224.746
923,0,16,2592,295.106
923,0,16,3888,412.354
923,0,16,5832,583.682
923,0,16,8748,842.264
923,0,16,13122,1215.15
923,0,16,16384,1554.59
923,0,32,512,190.315
923,0,32,768,210.924
923,0,32,1152,276.31
923,0,32,1728,355.008
923,0,32,2592,473.002
923,0,32,3888,638.018
923,0,32,5832,924.42
923,0,32,8748,1301.72
923,0,32,13122,1929.26
923,0,32,16384,2400.98
923,0,64,512,296.598
923,0,64,768,351.638
923,0,64,1152,475.628
923,0,64,1728,615.982
923,0,64,2592,872.258
923,0,64,3888,1479.09
923,0,64,5832,2209.84
923,0,64,8748,3259.88
923,0,64,13122,4819.52
923,0,64,16384,6041.5
923,0,128,512,566.338
923,0,128,768,734.148
923,0,128,1152,959.556
923,0,128,1728,1304.79
923,0,128,2592,2490.94
923,0,128,3888,4183.32
923,0,128,5832,6187.2
923,0,128,8748,9284.68
923,0,128,13122,15174.2
923,0,128,16384,20701.4
923,512,0,0,123.499
923,512,1,512,125.675
923,512,1,768,127.487
923,512,1,1152,128.191
923,512,1,1728,141.015
923,512,1,2592,177.621
923,512,1,3888,231.596
923,512,1,5832,310.122
923,512,1,8748,438.316
923,512,1,13122,624.492
923,512,1,16384,761.88
923,512,2,512,122.496
923,512,2,768,130.837
923,512,2,1152,133.313
923,512,2,1728,148.693
923,512,2,2592,188.458
923,512,2,3888,231.126
923,512,2,5832,321.494
923,512,2,8748,446.232
923,512,2,13122,629.866
923,512,2,16384,774.358
923,512,4,512,135.106
923,512,4,768,135.552
923,512,4,1152,144.555
923,512,4,1728,164.032
923,512,4,2592,201.238
923,512,4,3888,253.162
923,512,4,5832,338.432
923,512,4,8748,463.382
923,512,4,13122,650.924
923,512,4,16384,786.732
923,512,8,512,151.018
923,512,8,768,153.046
923,512,8,1152,158.743
923,512,8,1728,189.675
923,512,8,2592,255.532
923,512,8,3888,308.054
923,512,8,5832,391.83
923,512,8,8748,517.654
923,512,8,13122,706.262
923,512,8,16384,843.222
923,512,16,512,180.608
923,512,16,768,190.954
923,512,16,1152,211.626
923,512,16,1728,258.666
923,512,16,2592,330.688
923,512,16,3888,439.404
923,512,16,5832,600.322
923,512,16,8748,864.962
923,512,16,13122,1246.09
923,512,16,16384,1553.24
923,512,32,512,233.622
923,512,32,768,261.396
923,512,32,1152,302.72
923,512,32,1728,376.236
923,512,32,2592,514.284
923,512,32,3888,692.162
923,512,32,5832,959.34
923,512,32,8748,1348.01
923,512,32,13122,1935.77
923,512,32,16384,2420.6
923,512,64,512,342.806
923,512,64,768,405.42
923,512,64,1152,500.824
923,512,64,1728,643.992
923,512,64,2592,891.524
923,512,64,3888,1458.48
923,512,64,5832,2213.18
923,512,64,8748,3266.2
923,512,64,13122,4837.72
923,512,64,16384,6013.64
923,512,128,512,601.88
923,512,128,768,762.904
923,512,128,1152,989.826
923,512,128,1728,1313.69
923,512,128,2592,2516.16
923,512,128,3888,4185.38
923,512,128,5832,6196.96
923,512,128,8748,9389.4
923,512,128,13122,14670.2
923,512,128,16384,20666.4
923,768,0,0,145.025
923,768,1,512,147.948
923,768,1,768,146.623
923,768,1,1152,149.761
923,768,1,1728,153.025
923,768,1,2592,190.721
923,768,1,3888,243.628
923,768,1,5832,310.592
923,768,1,8748,450.092
923,768,1,13122,638.038
923,768,1,16384,775.298
923,768,2,512,143.424
923,768,2,768,143.231
923,768,2,1152,155.627
923,768,2,1728,160.983
923,768,2,2592,190.379
923,768,2,3888,252.866
923,768,2,5832,334.252
923,768,2,8748,459.072
923,768,2,13122,637.014
923,768,2,16384,781.23
923,768,4,512,156.565
923,768,4,768,157.484
923,768,4,1152,160.661
923,768,4,1728,175.403
923,768,4,2592,212.908
923,768,4,3888,268.31
923,768,4,5832,345.13
923,768,4,8748,469.142
923,768,4,13122,660.034
923,768,4,16384,796.118
923,768,8,512,170.903
923,768,8,768,166.4
923,768,8,1152,174.272
923,768,8,1728,197.505
923,768,8,2592,262.442
923,768,8,3888,332.608
923,768,8,5832,396.524
923,768,8,8748,543.34
923,768,8,13122,726.998
923,768,8,16384,850.136
923,768,16,512,200.044
923,768,16,768,212.588
923,768,16,1152,232.106
923,768,16,1728,269.398
923,768,16,2592,344.812
923,768,16,3888,452.374
923,768,16,5832,616.982
923,768,16,8748,863.086
923,768,16,13122,1261.36
923,768,16,16384,1509.42
923,768,32,512,256.364
923,768,32,768,282.71
923,768,32,1152,317.782
923,768,32,1728,386.648
923,768,32,2592,523.372
923,768,32,3888,692.076
923,768,32,5832,958.252
923,768,32,8748,1369.39
923,768,32,13122,1979.01
923,768,32,16384,2399.38
923,768,64,512,348.972
923,768,64,768,428.288
923,768,64,1152,513.688
923,768,64,1728,655.854
923,768,64,2592,903.662
923,768,64,3888,1466.99
923,768,64,5832,2209.9
923,768,64,8748,3225.4
923,768,64,13122,4843.82
923,768,64,16384,6030.38
923,768,128,512,617.112
923,768,128,768,778.968
923,768,128,1152,1008.18
923,768,128,1728,1328.73
923,768,128,2592,2530.86
923,768,128,3888,4190.34
923,768,128,5832,6213.5
923,768,128,8748,9445.06
923,768,128,13122,14909.5
923,768,128,16384,21136.2
923,1152,0,0,177.43
923,1152,1,512,180.075
923,1152,1,768,179.328
923,1152,1,1152,179.69
923,1152,1,1728,184.128
923,1152,1,2592,208.3
923,1152,1,3888,260.95
923,1152,1,5832,341.632
923,1152,1,8748,466.476
923,1152,1,13122,651.032
923,1152,1,16384,795.604
923,1152,2,512,183.125
923,1152,2,768,183.19
923,1152,2,1152,183.574
923,1152,2,1728,188.927
923,1152,2,2592,215.894
923,1152,2,3888,271.38
923,1152,2,5832,346.154
923,1152,2,8748,476.268
923,1152,2,13122,662.848
923,1152,2,16384,799.192
923,1152,4,512,186.923
923,1152,4,768,189.312
923,1152,4,1152,189.975
923,1152,4,1728,195.221
923,1152,4,2592,230.848
923,1152,4,3888,285.142
923,1152,4,5832,365.696
923,1152,4,8748,491.414
923,1152,4,13122,675.03
923,1152,4,16384,796.972
923,1152,8,512,190.037
923,1152,8,768,203.862
923,1152,8,1152,208
923,1152,8,1728,206.614
923,1152,8,2592,271.938
923,1152,8,3888,365.336
923,1152,8,5832,433.174
923,1152,8,8748,573.866
923,1152,8,13122,762.198
923,1152,8,16384,902.082
923,1152,16,512,222.038
923,1152,16,768,248.258
923,1152,16,1152,263.466
923,1152,16,1728,284.246
923,1152,16,2592,368.536
923,1152,16,3888,474.304
923,1152,16,5832,623.96
923,1152,16,8748,891.542
923,1152,16,13122,1272.41
923,1152,16,16384,1564.08
923,1152,32,512,289.6
923,1152,32,768,317.868
923,1152,32,1152,351.126
923,1152,32,1728,406.422
923,1152,32,2592,535.574
923,1152,32,3888,744.578
923,1152,32,5832,1015.34
923,1152,32,8748,1417.56
923,1152,32,13122,1997.08
923,1152,32,16384,2382.22
923,1152,64,512,385.43
923,1152,64,768,445.228
923,1152,64,1152,544.022
923,1152,64,1728,671.104
923,1152,64,2592,912.174
923,1152,64,3888,1484.98
923,1152,64,5832,2248.4
923,1152,64,8748,3290.96
923,1152,64,13122,4847.4
923,1152,64,16384,6067.64
923,1152,128,512,658.436
923,1152,128,768,811.438
923,1152,128,1152,1039.15
923,1152,128,1728,1362.33
923,1152,128,2592,2596.6
923,1152,128,3888,4222.38
923,1152,128,5832,6269.68
923,1152,128,8748,9585.68
923,1152,128,13122,16208
923,1152,128,16384,21164.2
923,1728,0,0,224.704
923,1728,1,512,219.498
923,1728,1,768,225.686
923,1728,1,1152,227.5
923,1728,1,1728,227.094
923,1728,1,2592,233.622
923,1728,1,3888,283.264
923,1728,1,5832,368.002
923,1728,1,8748,492.352
923,1728,1,13122,668.44
923,1728,1,16384,814.744
923,1728,2,512,228.864
923,1728,2,768,228.78
923,1728,2,1152,229.548
923,1728,2,1728,228.61
923,1728,2,2592,241.686
923,1728,2,3888,297.514
923,1728,2,5832,375.382
923,1728,2,8748,504.13
923,1728,2,13122,684.504
923,1728,2,16384,822.228
923,1728,4,512,232.044
923,1728,4,768,233.578
923,1728,4,1152,236.908
923,1728,4,1728,238.08
923,1728,4,2592,256.748
923,1728,4,3888,312.214
923,1728,4,5832,376.298
923,1728,4,8748,517.89
923,1728,4,13122,702.658
923,1728,4,16384,845.72
923,1728,8,512,246.252
923,1728,8,768,248.45
923,1728,8,1152,257.408
923,1728,8,1728,256.214
923,1728,8,2592,278.87
923,1728,8,3888,383.19
923,1728,8,5832,493.504
923,1728,8,8748,620.118
923,1728,8,13122,806.552
923,1728,8,16384,954.436
923,1728,16,512,274.752
923,1728,16,768,288.534
923,1728,16,1152,311.426
923,1728,16,1728,334.806
923,1728,16,2592,390.85
923,1728,16,3888,504.152
923,1728,16,5832,669.848
923,1728,16,8748,919.872
923,1728,16,13122,1293.29
923,1728,16,16384,1588.14
923,1728,32,512,330.496
923,1728,32,768,363.84
923,1728,32,1152,404.46
923,1728,32,1728,448.834
923,1728,32,2592,555.16
923,1728,32,3888,760.322
923,1728,32,5832,1048.09
923,1728,32,8748,1425.33
923,1728,32,13122,2104.66
923,1728,32,16384,2565.94
923,1728,64,512,444.91
923,1728,64,768,506.264
923,1728,64,1152,595.692
923,1728,64,1728,707.478
923,1728,64,2592,952.728
923,1728,64,3888,1559.69
923,1728,64,5832,2284.14
923,1728,64,8748,3509.98
923,1728,64,13122,5074.76
923,1728,64,16384,6309.98
923,1728,128,512,686.914
923,1728,128,768,861.25
923,1728,128,1152,1075.91
923,1728,128,1728,1414.92
923,1728,128,2592,2643.68
923,1728,128,3888,5034.5
923,1728,128,5832,7166.28
923,1728,128,8748,10678.2
923,1728,128,13122,17001.6
923,1728,128,16384,21225.2
923,2592,0,0,300.588
923,2592,1,512,302.166
923,2592,1,768,301.866
923,2592,1,1152,301.632
923,2592,1,1728,303.126
923,2592,1,2592,302.124
923,2592,1,3888,326.336
923,2592,1,5832,406.186
923,2592,1,8748,531.522
923,2592,1,13122,711.126
923,2592,1,16384,854.894
923,2592,2,512,303.382
923,2592,2,768,303.062
923,2592,2,1152,304.384
923,2592,2,1728,305.642
923,2592,2,2592,304.96
923,2592,2,3888,335.618
923,2592,2,5832,417.814
923,2592,2,8748,543.192
923,2592,2,13122,728.834
923,2592,2,16384,868.332
923,2592,4,512,308.374
923,2592,4,768,310.208
923,2592,4,1152,310.698
923,2592,4,1728,312.448
923,2592,4,2592,312.768
923,2592,4,3888,351.914
923,2592,4,5832,433.77
923,2592,4,8748,557.078
923,2592,4,13122,747.884
923,2592,4,16384,884.054
923,2592,8,512,319.106
923,2592,8,768,324.864
923,2592,8,1152,323.776
923,2592,8,1728,332.438
923,2592,8,2592,331.158
923,2592,8,3888,388.182
923,2592,8,5832,551.296
923,2592,8,8748,696.472
923,2592,8,13122,881.518
923,2592,8,16384,1023.34
923,2592,16,512,342.294
923,2592,16,768,363.67
923,2592,16,1152,380.778
923,2592,16,1728,411.926
923,2592,16,2592,449.836
923,2592,16,3888,547.244
923,2592,16,5832,699.544
923,2592,16,8748,958.168
923,2592,16,13122,1317.83
923,2592,16,16384,1626.74
923,2592,32,512,398.102
923,2592,32,768,428.076
923,2592,32,1152,471.596
923,2592,32,1728,531.458
923,2592,32,2592,619.82
923,2592,32,3888,775.682
923,2592,32,5832,1117.29
923,2592,32,8748,1613.49
923,2592,32,13122,2313.9
923,2592,32,16384,2686.68
923,2592,64,512,514.626
923,2592,64,768,581.528
923,2592,64,1152,669.12
923,2592,64,1728,788.226
923,2592,64,2592,1004.8
923,2592,64,3888,1484.53
923,2592,64,5832,3076.14
923,2592,64,8748,4198.16
923,2592,64,13122,6224.94
923,2592,64,16384,7773.76
923,2592,128,512,779.908
923,2592,128,768,924.654
923,2592,128,1152,1151.62
923,2592,128,1728,1457.65
923,2592,128,2592,2501.18
923,2592,128,3888,4488.62
923,2592,128,5832,7973.86
923,2592,128,8748,11817.5
923,2592,128,13122,17721.8
923,2592,128,16384,22201.4
923,3888,0,0,408.214
923,3888,1,512,410.452
923,3888,1,768,409.43
923,3888,1,1152,411.136
923,3888,1,1728,409.666
923,3888,1,2592,409.75
923,3888,1,3888,416.49
923,3888,1,5832,465.066
923,3888,1,8748,588.438
923,3888,1,13122,772.31
923,3888,1,16384,910.72
923,3888,2,512,411.092
923,3888,2,768,412.032
923,3888,2,1152,410.902
923,3888,2,1728,412.354
923,3888,2,2592,409.364
923,3888,2,3888,418.732
923,3888,2,5832,474.176
923,3888,2,8748,599.746
923,3888,2,13122,781.27
923,3888,2,16384,925.806
923,3888,4,512,414.998
923,3888,4,768,415.938
923,3888,4,1152,415.7
923,3888,4,1728,417.494
923,3888,4,2592,419.158
923,3888,4,3888,422.934
923,3888,4,5832,490.07
923,3888,4,8748,615.212
923,3888,4,13122,800.3
923,3888,4,16384,940.868
923,3888,8,512,424.768
923,3888,8,768,425.452
923,3888,8,1152,433.13
923,3888,8,1728,427.97
923,3888,8,2592,436.716
923,3888,8,3888,437.826
923,3888,8,5832,557.398
923,3888,8,8748,800.962
923,3888,8,13122,988.802
923,3888,8,16384,1135.28
923,3888,16,512,445.87
923,3888,16,768,467.308
923,3888,16,1152,481.558
923,3888,16,1728,512.216
923,3888,16,2592,558.444
923,3888,16,3888,618.498
923,3888,16,5832,774.38
923,3888,16,8748,1029.51
923,3888,16,13122,1443.99
923,3888,16,16384,1890.46
923,3888,32,512,502.808
923,3888,32,768,528.856
923,3888,32,1152,572.332
923,3888,32,1728,629.398
923,3888,32,2592,737.794
923,3888,32,3888,834.348
923,3888,32,5832,1091.59
923,3888,32,8748,1775.94
923,3888,32,13122,3078.98
923,3888,32,16384,3844.08
923,3888,64,512,617.43
923,3888,64,768,651.586
923,3888,64,1152,780.034
923,3888,64,1728,902.188
923,3888,64,2592,1083.69
923,3888,64,3888,1645.1
923,3888,64,5832,2447.92
923,3888,64,8748,5391.22
923,3888,64,13122,8306.84
923,3888,64,16384,10324.2
923,3888,128,512,882.968
923,3888,128,768,997.464
923,3888,128,1152,1204.72
923,3888,128,1728,1521.54
923,3888,128,2592,2557.88
923,3888,128,3888,4432.66
923,3888,128,5832,7808.32
923,3888,128,8748,11876
923,3888,128,13122,17752.2
923,3888,128,16384,22113.4
923,5832,0,0,575.704
923,5832,1,512,575.362
923,5832,1,768,573.974
923,5832,1,1152,574.936
923,5832,1,1728,573.506
923,5832,1,2592,573.484
923,5832,1,3888,574.166
923,5832,1,5832,587.882
923,5832,1,8748,676.418
923,5832,1,13122,861.312
923,5832,1,16384,1001.09
923,5832,2,512,576.514
923,5832,2,768,578.838
923,5832,2,1152,576.172
923,5832,2,1728,575.04
923,5832,2,2592,577.558
923,5832,2,3888,577.836
923,5832,2,5832,586.368
923,5832,2,8748,685.272
923,5832,2,13122,870.252
923,5832,2,16384,963.096
923,5832,4,512,552.534
923,5832,4,768,553.922
923,5832,4,1152,553.6
923,5832,4,1728,553.218
923,5832,4,2592,554.134
923,5832,4,3888,557.654
923,5832,4,5832,567.916
923,5832,4,8748,669.91
923,5832,4,13122,846.23
923,5832,4,16384,979.928
923,5832,8,512,561.984
923,5832,8,768,561.26
923,5832,8,1152,562.134
923,5832,8,1728,564.204
923,5832,8,2592,565.802
923,5832,8,3888,572.354
923,5832,8,5832,577.132
923,5832,8,8748,787.522
923,5832,8,13122,1099.91
923,5832,8,16384,1233.94
923,5832,16,512,579.926
923,5832,16,768,588.61
923,5832,16,1152,608.256
923,5832,16,1728,635.478
923,5832,16,2592,680.492
923,5832,16,3888,742.85
923,5832,16,5832,872.878
923,5832,16,8748,1124.53
923,5832,16,13122,1540.74
923,5832,16,16384,1915.68
923,5832,32,512,654.274
923,5832,32,768,688.002
923,5832,32,1152,726.04
923,5832,32,1728,776.6
923,5832,32,2592,872.814
923,5832,32,3888,1037.53
923,5832,32,5832,1183.04
923,5832,32,8748,1639.79
923,5832,32,13122,2841.18
923,5832,32,16384,3932.64
923,5832,64,512,772.142
923,5832,64,768,843.48
923,5832,64,1152,933.614
923,5832,64,1728,1074.09
923,5832,64,2592,1277.96
923,5832,64,3888,1642.74
923,5832,64,5832,2463.62
923,5832,64,8748,4691.8
923,5832,64,13122,8161.44
923,5832,64,16384,10426.8
923,5832,128,512,1037.36
923,5832,128,768,1194.71
923,5832,128,1152,1360.39
923,5832,128,1728,1668.78
923,5832,128,2592,3069.76
923,5832,128,3888,4910.48
923,5832,128,5832,6624.96
923,5832,128,8748,11895.5
923,5832,128,13122,17757.6
923,5832,128,16384,22191.2
923,8748,0,0,788.204
923,8748,1,512,784.32
923,8748,1,768,783.704
923,8748,1,1152,784.704
923,8748,1,1728,784.024
923,8748,1,2592,784.854
923,8748,1,3888,784.172
923,8748,1,5832,785.24
923,8748,1,8748,801.794
923,8748,1,13122,947.65
923,8748,1,16384,1082.77
923,8748,2,512,820.034
923,8748,2,768,821.974
923,8748,2,1152,819.95
923,8748,2,1728,818.456
923,8748,2,2592,822.124
923,8748,2,3888,821.034
923,8748,2,5832,821.444
923,8748,2,8748,844.928
923,8748,2,13122,996.93
923,8748,2,16384,1134.15
923,8748,4,512,822.638
923,8748,4,768,822.168
923,8748,4,1152,822.914
923,8748,4,1728,822.7
923,8748,4,2592,824.152
923,8748,4,3888,790.252
923,8748,4,5832,789.228
923,8748,4,8748,816.47
923,8748,4,13122,966.082
923,8748,4,16384,1158.3
923,8748,8,512,830.146
923,8748,8,768,832.642
923,8748,8,1152,830.402
923,8748,8,1728,831.234
923,8748,8,2592,837.464
923,8748,8,3888,841.836
923,8748,8,5832,841.73
923,8748,8,8748,870.744
923,8748,8,13122,1208.47
923,8748,8,16384,1501.13
923,8748,16,512,850.242
923,8748,16,768,858.242
923,8748,16,1152,877.57
923,8748,16,1728,901.208
923,8748,16,2592,953.388
923,8748,16,3888,1016.17
923,8748,16,5832,1111.34
923,8748,16,8748,1267.99
923,8748,16,13122,1582.55
923,8748,16,16384,1904.56
923,8748,32,512,887.362
923,8748,32,768,916.588
923,8748,32,1152,950.316
923,8748,32,1728,1013.06
923,8748,32,2592,1113.79
923,8748,32,3888,1228.55
923,8748,32,5832,1494.02
923,8748,32,8748,1706.31
923,8748,32,13122,2483.9
923,8748,32,16384,3521.86
923,8748,64,512,986.008
923,8748,64,768,1063.85
923,8748,64,1152,1114.05
923,8748,64,1728,1301.38
923,8748,64,2592,1506.42
923,8748,64,3888,1840.13
923,8748,64,5832,3126.68
923,8748,64,8748,3645.7
923,8748,64,13122,8297.14
923,8748,64,16384,9992.74
923,8748,128,512,1273.67
923,8748,128,768,1431.64
923,8748,128,1152,1653.77
923,8748,128,1728,1935.39
923,8748,128,2592,3407.56
923,8748,128,3888,5027.74
923,8748,128,5832,8033.44
923,8748,128,8748,11386.6
923,8748,128,13122,17784.1
923,8748,128,16384,22154.8
923,13122,0,0,1149.61
923,13122,1,512,1145.58
923,13122,1,768,1145.15
923,13122,1,1152,1197.48
923,13122,1,1728,1198.64
923,13122,1,2592,1194.05
923,13122,1,3888,1144.98
923,13122,1,5832,1147.31
923,13122,1,8748,1143.4
923,13122,1,13122,1181.85
923,13122,1,16384,1284.04
923,13122,2,512,1144.24
923,13122,2,768,1145.05
923,13122,2,1152,1195.37
923,13122,2,1728,1195.97
923,13122,2,2592,1145.77
923,13122,2,3888,1145.62
923,13122,2,5832,1195.63
923,13122,2,8748,1193.24
923,13122,2,13122,1227.91
923,13122,2,16384,1278.66
923,13122,4,512,1144.56
923,13122,4,768,1146.43
923,13122,4,1152,1145.45
923,13122,4,1728,1149.55
923,13122,4,2592,1146.67
923,13122,4,3888,1146.31
923,13122,4,5832,1147.65
923,13122,4,8748,1203.88
923,13122,4,13122,1241.84
923,13122,4,16384,1361.01
923,13122,8,512,1201.3
923,13122,8,768,1200.28
923,13122,8,1152,1201.17
923,13122,8,1728,1204.23
923,13122,8,2592,1201.73
923,13122,8,3888,1204.7
923,13122,8,5832,1150.36
923,13122,8,8748,1211.44
923,13122,8,13122,1262.06
923,13122,8,16384,1516.31
923,13122,16,512,1219.35
923,13122,16,768,1229.01
923,13122,16,1152,1184.96
923,13122,16,1728,1266.24
923,13122,16,2592,1257.07
923,13122,16,3888,1317
923,13122,16,5832,1412.08
923,13122,16,8748,1559.68
923,13122,16,13122,1785.22
923,13122,16,16384,2144.02
923,13122,32,512,1253.44
923,13122,32,768,1210.78
923,13122,32,1152,1273.2
923,13122,32,1728,1308.06
923,13122,32,2592,1414.44
923,13122,32,3888,1514.18
923,13122,32,5832,1796.85
923,13122,32,8748,2089.2
923,13122,32,13122,2453.9
923,13122,32,16384,2884.6
923,13122,64,512,1285.32
923,13122,64,768,1342.79
923,13122,64,1152,1483.4
923,13122,64,1728,1579.82
923,13122,64,2592,1806.15
923,13122,64,3888,2284.56
923,13122,64,5832,2620.06
923,13122,64,8748,5009.68
923,13122,64,13122,5447.88
923,13122,64,16384,8891.04
923,13122,128,512,1595.48
923,13122,128,768,1747.72
923,13122,128,1152,1998.36
923,13122,128,1728,2270.08
923,13122,128,2592,3799.4
923,13122,128,3888,5585.36
923,13122,128,5832,7388.68
923,13122,128,8748,11969
923,13122,128,13122,17208.8
923,13122,128,16384,22253.8
923,16384,0,0,1418.92
923,16384,1,512,1477.44
923,16384,1,768,1480.98
923,16384,1,1152,1478.79
923,16384,1,1728,1410.67
923,16384,1,2592,1476.9
923,16384,1,3888,1483.1
923,16384,1,5832,1485.98
923,16384,1,8748,1485.29
923,16384,1,13122,1482.37
923,16384,1,16384,1506.94
923,16384,2,512,1473.56
923,16384,2,768,1474.99
923,16384,2,1152,1480.94
923,16384,2,1728,1409.9
923,16384,2,2592,1410.56
923,16384,2,3888,1474.56
923,16384,2,5832,1478.15
923,16384,2,8748,1479.75
923,16384,2,13122,1477.12
923,16384,2,16384,1451.14
923,16384,4,512,1414.29
923,16384,4,768,1413.42
923,16384,4,1152,1412.89
923,16384,4,1728,1415.04
923,16384,4,2592,1413.68
923,16384,4,3888,1480.22
923,16384,4,5832,1479.11
923,16384,4,8748,1480.92
923,16384,4,13122,1483.16
923,16384,4,16384,1548.27
923,16384,8,512,1414.12
923,16384,8,768,1413.42
923,16384,8,1152,1478.06
923,16384,8,1728,1414.32
923,16384,8,2592,1414.53
923,16384,8,3888,1414.87
923,16384,8,5832,1419.63
923,16384,8,8748,1423.88
923,16384,8,13122,1429.55
923,16384,8,16384,1493.8
923,16384,16,512,1424.32
923,16384,16,768,1429.17
923,16384,16,1152,1448.34
923,16384,16,1728,1469.14
923,16384,16,2592,1514.61
923,16384,16,3888,1595.52
923,16384,16,5832,1678.81
923,16384,16,8748,1838.6
923,16384,16,13122,2029.74
923,16384,16,16384,2205.6
923,16384,32,512,1527.45
923,16384,32,768,1540.89
923,16384,32,1152,1503.66
923,16384,32,1728,1562.52
923,16384,32,2592,1657.14
923,16384,32,3888,1779.93
923,16384,32,5832,1987.21
923,16384,32,8748,2322.46
923,16384,32,13122,2667.24
923,16384,32,16384,2950.54
923,16384,64,512,1547.05
923,16384,64,768,1674.29
923,16384,64,1152,1751.09
923,16384,64,1728,1902.66
923,16384,64,2592,2158.56
923,16384,64,3888,2545.12
923,16384,64,5832,3453.96
923,16384,64,8748,3683.28
923,16384,64,13122,7687.58
923,16384,64,16384,7053.78
923,16384,128,512,1765.89
923,16384,128,768,1911.9
923,16384,128,1152,2162.16
923,16384,128,1728,2476.22
923,16384,128,2592,4010.3
923,16384,128,3888,5795.78
923,16384,128,5832,8256.5
923,16384,128,8748,11809.5
923,16384,128,13122,17951.9
923,16384,128,16384,21886.6
1024,0,0,0,80.2566
1024,0,1,16,81.664
1024,0,1,32,82.5386
1024,0,1,64,83.3286
1024,0,1,128,83.8406
1024,0,1,256,82.9234
1024,0,1,512,85.2054
1024,0,1,1024,89.5146
1024,0,1,2048,131.052
1024,0,1,4096,214.336
1024,0,1,8192,377.706
1024,0,1,16384,736.236
1024,0,2,16,83.798
1024,0,2,32,84.0746
1024,0,2,64,84.5014
1024,0,2,128,84.9706
1024,0,2,256,85.1634
1024,0,2,512,89.6646
1024,0,2,1024,95.9566
1024,0,2,2048,137.749
1024,0,2,4096,219.712
1024,0,2,8192,385.6
1024,0,2,16384,731.544
1024,0,4,16,87.8934
1024,0,4,32,87.6594
1024,0,4,64,87.8714
1024,0,4,128,89.3434
1024,0,4,256,91.072
1024,0,4,512,93.9506
1024,0,4,1024,107.263
1024,0,4,2048,148.971
1024,0,4,4096,232.066
1024,0,4,8192,398.848
1024,0,4,16384,738.074
1024,0,8,16,95.958
1024,0,8,32,96.234
1024,0,8,64,96.64
1024,0,8,128,99.9894
1024,0,8,256,103.744
1024,0,8,512,107.989
1024,0,8,1024,124.544
1024,0,8,2048,183.659
1024,0,8,4096,268.522
1024,0,8,8192,436.138
1024,0,8,16384,771.544
1024,0,16,16,108.139
1024,0,16,32,109.142
1024,0,16,64,110.017
1024,0,16,128,116.352
1024,0,16,256,123.052
1024,0,16,512,135.789
1024,0,16,1024,172.416
1024,0,16,2048,250.304
1024,0,16,4096,418.326
1024,0,16,8192,765.464
1024,0,16,16384,1487.23
1024,0,32,16,134.315
1024,0,32,32,135.233
1024,0,32,64,135.062
1024,0,32,128,148.396
1024,0,32,256,163.179
1024,0,32,512,189.953
1024,0,32,1024,252.31
1024,0,32,2048,396.674
1024,0,32,4096,679.34
1024,0,32,8192,1233.07
1024,0,32,16384,2321.46
1024,0,64,16,184.705
1024,0,64,32,185.088
1024,0,64,64,186.154
1024,0,64,128,212.054
1024,0,64,256,238.316
1024,0,64,512,294.294
1024,0,64,1024,430.614
1024,0,64,2048,699.692
1024,0,64,4096,1541.59
1024,0,64,8192,3025.6
1024,0,64,16384,5930.38
1024,0,128,16,284.588
1024,0,128,32,285.184
1024,0,128,64,290.048
1024,0,128,128,341.27
1024,0,128,256,399.552
1024,0,128,512,564.14
1024,0,128,1024,864.962
1024,0,128,2048,1676.12
1024,0,128,4096,4402.68
1024,0,128,8192,8645.88
1024,0,128,16384,21017.4
1024,16,0,0,88.3634
1024,16,1,16,88.79
1024,16,1,32,88.918
1024,16,1,64,89.644
1024,16,1,128,89.386
1024,16,1,256,90.624
1024,16,1,512,92.906
1024,16,1,1024,93.1846
1024,16,1,2048,133.974
1024,16,1,4096,215.87
1024,16,1,8192,379.946
1024,16,1,16384,736.172
1024,16,2,16,90.8566
1024,16,2,32,91.1366
1024,16,2,64,90.646
1024,16,2,128,92.3506
1024,16,2,256,91.648
1024,16,2,512,94.5706
1024,16,2,1024,99.392
1024,16,2,2048,141.568
1024,16,2,4096,222.636
1024,16,2,8192,387.33
1024,16,2,16384,729.602
1024,16,4,16,94.464
1024,16,4,32,94.72
1024,16,4,64,93.888
1024,16,4,128,96.256
1024,16,4,256,98.4966
1024,16,4,512,101.335
1024,16,4,1024,111.744
1024,16,4,2048,153.771
1024,16,4,4096,236.436
1024,16,4,8192,404.012
1024,16,4,16384,737.816
1024,16,8,16,102.081
1024,16,8,32,102.804
1024,16,8,64,102.72
1024,16,8,128,105.793
1024,16,8,256,109.101
1024,16,8,512,114.773
1024,16,8,1024,126.016
1024,16,8,2048,191.382
1024,16,8,4096,275.712
1024,16,8,8192,440.854
1024,16,8,16384,781.61
1024,16,16,16,115.477
1024,16,16,32,116.332
1024,16,16,64,115.755
1024,16,16,128,121.664
1024,16,16,256,130.901
1024,16,16,512,141.696
1024,16,16,1024,173.931
1024,16,16,2048,253.952
1024,16,16,4096,417.792
1024,16,16,8192,767.254
1024,16,16,16384,1487
1024,16,32,16,141.311
1024,16,32,32,141.121
1024,16,32,64,141.825
1024,16,32,128,155.563
1024,16,32,256,170.411
1024,16,32,512,196.011
1024,16,32,1024,255.766
1024,16,32,2048,400.534
1024,16,32,4096,683.458
1024,16,32,8192,1236.83
1024,16,32,16384,2326.02
1024,16,64,16,192.578
1024,16,64,32,191.468
1024,16,64,64,193.281
1024,16,64,128,221.228
1024,16,64,256,247.724
1024,16,64,512,302.252
1024,16,64,1024,435.5
1024,16,64,2048,704.642
1024,16,64,4096,1546.71
1024,16,64,8192,3027.6
1024,16,64,16384,5938.68
1024,16,128,16,291.412
1024,16,128,32,292.864
1024,16,128,64,295.66
1024,16,128,128,345.474
1024,16,128,256,403.692
1024,16,128,512,562.498
1024,16,128,1024,868.036
1024,16,128,2048,1692.02
1024,16,128,4096,4391.9
1024,16,128,8192,8661.02
1024,16,128,16384,20486.4
1024,32,0,0,89.0026
1024,32,1,16,88.8534
1024,32,1,32,89.1306
1024,32,1,64,89.3226
1024,32,1,128,90.6014
1024,32,1,256,90.0266
1024,32,1,512,92.6934
1024,32,1,1024,93.888
1024,32,1,2048,134.677
1024,32,1,4096,217.92
1024,32,1,8192,380.288
1024,32,1,16384,734.7
1024,32,2,16,90.3254
1024,32,2,32,90.3466
1024,32,2,64,91.0514
1024,32,2,128,91.9246
1024,32,2,256,91.7986
1024,32,2,512,95.8734
1024,32,2,1024,99.3706
1024,32,2,2048,140.757
1024,32,2,4096,223.21
1024,32,2,8192,388.14
1024,32,2,16384,730.072
1024,32,4,16,94.4634
1024,32,4,32,94.848
1024,32,4,64,94.08
1024,32,4,128,96.2346
1024,32,4,256,98.0494
1024,32,4,512,101.057
1024,32,4,1024,110.784
1024,32,4,2048,153.131
1024,32,4,4096,235.99
1024,32,4,8192,400.342
1024,32,4,16384,737.43
1024,32,8,16,101.909
1024,32,8,32,103.04
1024,32,8,64,103.723
1024,32,8,128,105.92
1024,32,8,256,110.038
1024,32,8,512,114.817
1024,32,8,1024,126.549
1024,32,8,2048,191.019
1024,32,8,4096,275.16
1024,32,8,8192,442.176
1024,32,8,16384,778.07
1024,32,16,16,115.201
1024,32,16,32,115.585
1024,32,16,64,115.627
1024,32,16,128,122.753
1024,32,16,256,131.179
1024,32,16,512,142.614
1024,32,16,1024,172.928
1024,32,16,2048,253.504
1024,32,16,4096,418.88
1024,32,16,8192,767.682
1024,32,16,16384,1487.15
1024,32,32,16,141.399
1024,32,32,32,142.015
1024,32,32,64,141.291
1024,32,32,128,155.414
1024,32,32,256,169.067
1024,32,32,512,196.907
1024,32,32,1024,255.424
1024,32,32,2048,401.048
1024,32,32,4096,684.61
1024,32,32,8192,1238.89
1024,32,32,16384,2325.72
1024,32,64,16,192.64
1024,32,64,32,191.979
1024,32,64,64,192.94
1024,32,64,128,219.028
1024,32,64,256,246.444
1024,32,64,512,302.442
1024,32,64,1024,434.966
1024,32,64,2048,704.622
1024,32,64,4096,1545.65
1024,32,64,8192,3026.04
1024,32,64,16384,5943.16
1024,32,128,16,291.756
1024,32,128,32,292.95
1024,32,128,64,294.252
1024,32,128,128,346.156
1024,32,128,256,405.696
1024,32,128,512,562.69
1024,32,128,1024,864.408
1024,32,128,2048,1685.32
1024,32,128,4096,4393.92
1024,32,128,8192,8654.86
1024,32,128,16384,19903.4
1024,64,0,0,88.8954
1024,64,1,16,89.3234
1024,64,1,32,90.2406
1024,64,1,64,89.6014
1024,64,1,128,90.1986
1024,64,1,256,89.536
1024,64,1,512,93.612
1024,64,1,1024,94.5066
1024,64,1,2048,134.933
1024,64,1,4096,217.45
1024,64,1,8192,380.736
1024,64,1,16384,736.962
1024,64,2,16,91.4554
1024,64,2,32,91.05
1024,64,2,64,91.136
1024,64,2,128,92.4586
1024,64,2,256,92.5006
1024,64,2,512,94.976
1024,64,2,1024,98.6454
1024,64,2,2048,140.566
1024,64,2,4096,222.4
1024,64,2,8192,388.522
1024,64,2,16384,730.54
1024,64,4,16,94.9766
1024,64,4,32,94.7854
1024,64,4,64,94.8914
1024,64,4,128,96.8554
1024,64,4,256,98.5394
1024,64,4,512,101.014
1024,64,4,1024,111.231
1024,64,4,2048,152.981
1024,64,4,4096,237.312
1024,64,4,8192,405.568
1024,64,4,16384,738.306
1024,64,8,16,101.741
1024,64,8,32,102.741
1024,64,8,64,102.272
1024,64,8,128,106.219
1024,64,8,256,110.143
1024,64,8,512,115.753
1024,64,8,1024,126.485
1024,64,8,2048,191.915
1024,64,8,4096,275.222
1024,64,8,8192,441.516
1024,64,8,16384,780.418
1024,64,16,16,115.519
1024,64,16,32,116.608
1024,64,16,64,115.648
1024,64,16,128,122.391
1024,64,16,256,129.942
1024,64,16,512,143.873
1024,64,16,1024,173.739
1024,64,16,2048,253.078
1024,64,16,4096,420.458
1024,64,16,8192,767.66
1024,64,16,16384,1486.06
1024,64,32,16,141.569
1024,64,32,32,141.355
1024,64,32,64,143.382
1024,64,32,128,155.861
1024,64,32,256,169.494
1024,64,32,512,196.053
1024,64,32,1024,253.974
1024,64,32,2048,399.168
1024,64,32,4096,683.374
1024,64,32,8192,1236.82
1024,64,32,16384,2327.68
1024,64,64,16,194.433
1024,64,64,32,192.897
1024,64,64,64,195.007
1024,64,64,128,219.116
1024,64,64,256,245.91
1024,64,64,512,303.788
1024,64,64,1024,435.328
1024,64,64,2048,704.3
1024,64,64,4096,1548.68
1024,64,64,8192,3031.02
1024,64,64,16384,5939.82
1024,64,128,16,293.91
1024,64,128,32,295.234
1024,64,128,64,297.794
1024,64,128,128,347.862
1024,64,128,256,404.418
1024,64,128,512,563.074
1024,64,128,1024,864.26
1024,64,128,2048,1681.43
1024,64,128,4096,4398.34
1024,64,128,8192,8648.64
1024,64,128,16384,21008.4
1024,128,0,0,90.1966
1024,128,1,16,93.2486
1024,128,1,32,93.014
1024,128,1,64,93.0986
1024,128,1,128,94.378
1024,128,1,256,94.4214
1024,128,1,512,96.4046
1024,128,1,1024,95.9786
1024,128,1,2048,137.153
1024,128,1,4096,219.754
1024,128,1,8192,383.574
1024,128,1,16384,734.72
1024,128,2,16,94.4006
1024,128,2,32,94.2934
1024,128,2,64,94.486
1024,128,2,128,95.168
1024,128,2,256,95.5314
1024,128,2,512,97.0454
1024,128,2,1024,102.079
1024,128,2,2048,143.573
1024,128,2,4096,226.624
1024,128,2,8192,390.274
1024,128,2,16384,730.348
1024,128,4,16,98.474
1024,128,4,32,99.1166
1024,128,4,64,98.624
1024,128,4,128,100.587
1024,128,4,256,103.296
1024,128,4,512,103.979
1024,128,4,1024,114.369
1024,128,4,2048,156.203
1024,128,4,4096,241.216
1024,128,4,8192,405.676
1024,128,4,16384,739.906
1024,128,8,16,106.197
1024,128,8,32,106.625
1024,128,8,64,105.835
1024,128,8,128,110.401
1024,128,8,256,113.985
1024,128,8,512,120.064
1024,128,8,1024,130.476
1024,128,8,2048,197.057
1024,128,8,4096,280.792
1024,128,8,8192,445.804
1024,128,8,16384,783.426
1024,128,16,16,119.98
1024,128,16,32,119.83
1024,128,16,64,120.767
1024,128,16,128,127.083
1024,128,16,256,133.44
1024,128,16,512,145.685
1024,128,16,1024,176.449
1024,128,16,2048,258.69
1024,128,16,4096,421.824
1024,128,16,8192,770.904
1024,128,16,16384,1486.72
1024,128,32,16,145.024
1024,128,32,32,146.027
1024,128,32,64,145.515
1024,128,32,128,159.423
1024,128,32,256,173.079
1024,128,32,512,198.697
1024,128,32,1024,257.428
1024,128,32,2048,403.264
1024,128,32,4096,685.57
1024,128,32,8192,1238.36
1024,128,32,16384,2325.54
1024,128,64,16,197.825
1024,128,64,32,197.911
1024,128,64,64,198.293
1024,128,64,128,225.644
1024,128,64,256,251.754
1024,128,64,512,305.238
1024,128,64,1024,436.032
1024,128,64,2048,703.874
1024,128,64,4096,1547.44
1024,128,64,8192,3030.14
1024,128,64,16384,5922.48
1024,128,128,16,295.786
1024,128,128,32,296.812
1024,128,128,64,299.478
1024,128,128,128,350.124
1024,128,128,256,408.768
1024,128,128,512,566.314
1024,128,128,1024,868.654
1024,128,128,2048,1708.29
1024,128,128,4096,4400.48
1024,128,128,8192,8641.58
1024,128,128,16384,20225
1024,256,0,0,101.141
1024,256,1,16,104.235
1024,256,1,32,103.702
1024,256,1,64,104.833
1024,256,1,128,105.45
1024,256,1,256,105.662
1024,256,1,512,105.6
1024,256,1,1024,107.308
1024,256,1,2048,143.552
1024,256,1,4096,225.41
1024,256,1,8192,390.486
1024,256,1,16384,737.45
1024,256,2,16,105.921
1024,256,2,32,105.877
1024,256,2,64,105.749
1024,256,2,128,105.835
1024,256,2,256,106.667
1024,256,2,512,107.029
1024,256,2,1024,111.38
1024,256,2,2048,150.037
1024,256,2,4096,233.962
1024,256,2,8192,399.894
1024,256,2,16384,733.612
1024,256,4,16,110.315
1024,256,4,32,110.379
1024,256,4,64,110.806
1024,256,4,128,110.784
1024,256,4,256,114.155
1024,256,4,512,114.539
1024,256,4,1024,124.714
1024,256,4,2048,164.799
1024,256,4,4096,248.556
1024,256,4,8192,414.102
1024,256,4,16384,744.28
1024,256,8,16,116.417
1024,256,8,32,117.589
1024,256,8,64,117.014
1024,256,8,128,120.171
1024,256,8,256,124.481
1024,256,8,512,130.047
1024,256,8,1024,136.918
1024,256,8,2048,204.522
1024,256,8,4096,294.06
1024,256,8,8192,459.478
1024,256,8,16384,796.14
1024,256,16,16,129.665
1024,256,16,32,130.623
1024,256,16,64,131.797
1024,256,16,128,137.599
1024,256,16,256,144.299
1024,256,16,512,158.379
1024,256,16,1024,182.123
1024,256,16,2048,265.728
1024,256,16,4096,428.076
1024,256,16,8192,774.38
1024,256,16,16384,1487.75
1024,256,32,16,155.307
1024,256,32,32,156.908
1024,256,32,64,156.608
1024,256,32,128,171.564
1024,256,32,256,185.388
1024,256,32,512,212.46
1024,256,32,1024,267.478
1024,256,32,2048,411.606
1024,256,32,4096,698.072
1024,256,32,8192,1249.84
1024,256,32,16384,2324.66
1024,256,64,16,206.848
1024,256,64,32,207.488
1024,256,64,64,208.192
1024,256,64,128,234.496
1024,256,64,256,262.976
1024,256,64,512,318.72
1024,256,64,1024,441.45
1024,256,64,2048,710.786
1024,256,64,4096,1545.48
1024,256,64,8192,3031.1
1024,256,64,16384,5942.92
1024,256,128,16,307.35
1024,256,128,32,307.052
1024,256,128,64,309.676
1024,256,128,128,361.26
1024,256,128,256,420.526
1024,256,128,512,571.926
1024,256,128,1024,875.288
1024,256,128,2048,1723.91
1024,256,128,4096,4401.46
1024,256,128,8192,8654.2
1024,256,128,16384,20608.8
1024,512,0,0,123.243
1024,512,1,16,125.739
1024,512,1,32,124.801
1024,512,1,64,124.843
1024,512,1,128,125.995
1024,512,1,256,126.379
1024,512,1,512,126.185
1024,512,1,1024,127.913
1024,512,1,2048,154.155
1024,512,1,4096,235.84
1024,512,1,8192,401.026
1024,512,1,16384,734.358
1024,512,2,16,126.677
1024,512,2,32,126.378
1024,512,2,64,126.486
1024,512,2,128,126.508
1024,512,2,256,127.318
1024,512,2,512,128.234
1024,512,2,1024,134.38
1024,512,2,2048,161.322
1024,512,2,4096,245.568
1024,512,2,8192,408.47
1024,512,2,16384,741.59
1024,512,4,16,131.072
1024,512,4,32,132.053
1024,512,4,64,131.627
1024,512,4,128,131.839
1024,512,4,256,132.459
1024,512,4,512,134.785
1024,512,4,1024,139.052
1024,512,4,2048,177.385
1024,512,4,4096,260.608
1024,512,4,8192,427.48
1024,512,4,16384,759.702
1024,512,8,16,137.452
1024,512,8,32,138.069
1024,512,8,64,137.516
1024,512,8,128,141.461
1024,512,8,256,144.875
1024,512,8,512,151.361
1024,512,8,1024,158.422
1024,512,8,2048,211.222
1024,512,8,4096,315.67
1024,512,8,8192,484.224
1024,512,8,16384,820.972
1024,512,16,16,150.828
1024,512,16,32,149.525
1024,512,16,64,152.321
1024,512,16,128,156.693
1024,512,16,256,165.419
1024,512,16,512,179.285
1024,512,16,1024,202.668
1024,512,16,2048,282.22
1024,512,16,4096,444.672
1024,512,16,8192,786.99
1024,512,16,16384,1486.94
1024,512,32,16,175.935
1024,512,32,32,176.811
1024,512,32,64,177.281
1024,512,32,128,191.661
1024,512,32,256,205.462
1024,512,32,512,232.022
1024,512,32,1024,281.132
1024,512,32,2048,419.18
1024,512,32,4096,711.894
1024,512,32,8192,1262.64
1024,512,32,16384,2339.46
1024,512,64,16,227.414
1024,512,64,32,228.694
1024,512,64,64,230.592
1024,512,64,128,257.814
1024,512,64,256,286.018
1024,512,64,512,341.676
1024,512,64,1024,456.748
1024,512,64,2048,727.384
1024,512,64,4096,1547.95
1024,512,64,8192,3033.16
1024,512,64,16384,5942.9
1024,512,128,16,331.628
1024,512,128,32,332.928
1024,512,128,64,332.076
1024,512,128,128,383.384
1024,512,128,256,443.67
1024,512,128,512,594.774
1024,512,128,1024,891.716
1024,512,128,2048,1694.62
1024,512,128,4096,4399.56
1024,512,128,8192,8669.36
1024,512,128,16384,20746.8
1024,1024,0,0,164.781
1024,1024,1,16,167.361
1024,1024,1,32,167.659
1024,1024,1,64,167.467
1024,1024,1,128,168.683
1024,1024,1,256,167.765
1024,1024,1,512,167.403
1024,1024,1,1024,169.025
1024,1024,1,2048,177.429
1024,1024,1,4096,259.138
1024,1024,1,8192,425.088
1024,1024,1,16384,750.958
1024,1024,2,16,168.256
1024,1024,2,32,168.065
1024,1024,2,64,168.192
1024,1024,2,128,169.046
1024,1024,2,256,169.109
1024,1024,2,512,169.472
1024,1024,2,1024,170.217
1024,1024,2,2048,183.979
1024,1024,2,4096,267.414
1024,1024,2,8192,433.452
1024,1024,2,16384,762.39
1024,1024,4,16,172.865
1024,1024,4,32,172.502
1024,1024,4,64,172.757
1024,1024,4,128,173.867
1024,1024,4,256,174.251
1024,1024,4,512,173.804
1024,1024,4,1024,176.172
1024,1024,4,2048,200.534
1024,1024,4,4096,284.352
1024,1024,4,8192,449.836
1024,1024,4,16384,779.052
1024,1024,8,16,178.667
1024,1024,8,32,178.88
1024,1024,8,64,180.053
1024,1024,8,128,181.142
1024,1024,8,256,184.277
1024,1024,8,512,189.654
1024,1024,8,1024,201.428
1024,1024,8,2048,239.34
1024,1024,8,4096,358.912
1024,1024,8,8192,527.298
1024,1024,8,16384,863.554
1024,1024,16,16,193.665
1024,1024,16,32,190.977
1024,1024,16,64,191.34
1024,1024,16,128,197.397
1024,1024,16,256,204.78
1024,1024,16,512,217.92
1024,1024,16,1024,244.246
1024,1024,16,2048,306.732
1024,1024,16,4096,469.164
1024,1024,16,8192,810.542
1024,1024,16,16384,1499.05
1024,1024,32,16,216.278
1024,1024,32,32,216.746
1024,1024,32,64,217.152
1024,1024,32,128,231.724
1024,1024,32,256,245.334
1024,1024,32,512,275.798
1024,1024,32,1024,329.494
1024,1024,32,2048,446.614
1024,1024,32,4096,757.57
1024,1024,32,8192,1303.53
1024,1024,32,16384,2390.06
1024,1024,64,16,269.184
1024,1024,64,32,268.458
1024,1024,64,64,271.062
1024,1024,64,128,297.58
1024,1024,64,256,327.192
1024,1024,64,512,381.76
1024,1024,64,1024,497.026
1024,1024,64,2048,749.016
1024,1024,64,4096,1546.65
1024,1024,64,8192,3047
1024,1024,64,16384,5963.54
1024,1024,128,16,371.01
1024,1024,128,32,372.972
1024,1024,128,64,375.274
1024,1024,128,128,427.542
1024,1024,128,256,488.174
1024,1024,128,512,640.642
1024,1024,128,1024,929.752
1024,1024,128,2048,1618.57
1024,1024,128,4096,4429.38
1024,1024,128,8192,8754.48
1024,1024,128,16384,20976.2
1024,2048,0,0,246.612
1024,2048,1,16,248.876
1024,2048,1,32,249.236
1024,2048,1,64,250.112
1024,2048,1,128,251.094
1024,2048,1,256,250.602
1024,2048,1,512,250.816
1024,2048,1,1024,250.624
1024,2048,1,2048,251.35
1024,2048,1,4096,302.378
1024,2048,1,8192,471.316
1024,2048,1,16384,800.32
1024,2048,2,16,251.35
1024,2048,2,32,251.904
1024,2048,2,64,251.178
1024,2048,2,128,252.736
1024,2048,2,256,252.202
1024,2048,2,512,253.826
1024,2048,2,1024,252.842
1024,2048,2,2048,252.992
1024,2048,2,4096,312.746
1024,2048,2,8192,475.712
1024,2048,2,16384,803.136
1024,2048,4,16,254.378
1024,2048,4,32,254.358
1024,2048,4,64,254.23
1024,2048,4,128,256.278
1024,2048,4,256,256.64
1024,2048,4,512,256.874
1024,2048,4,1024,258.794
1024,2048,4,2048,260.842
1024,2048,4,4096,327.552
1024,2048,4,8192,494.378
1024,2048,4,16384,827.564
1024,2048,8,16,261.462
1024,2048,8,32,260.46
1024,2048,8,64,261.802
1024,2048,8,128,264.384
1024,2048,8,256,267.136
1024,2048,8,512,269.27
1024,2048,8,1024,273.708
1024,2048,8,2048,307.328
1024,2048,8,4096,403.606
1024,2048,8,8192,606.87
1024,2048,8,16384,942.188
1024,2048,16,16,271.85
1024,2048,16,32,273.708
1024,2048,16,64,273.386
1024,2048,16,128,277.846
1024,2048,16,256,281.896
1024,2048,16,512,297.282
1024,2048,16,1024,323.052
1024,2048,16,2048,372.204
1024,2048,16,4096,527.146
1024,2048,16,8192,860.886
1024,2048,16,16384,1541.7
1024,2048,32,16,297.13
1024,2048,32,32,295.85
1024,2048,32,64,294.956
1024,2048,32,128,311.936
1024,2048,32,256,323.222
1024,2048,32,512,354.668
1024,2048,32,1024,412.462
1024,2048,32,2048,514.242
1024,2048,32,4096,782.528
1024,2048,32,8192,1393.26
1024,2048,32,16384,2572.22
1024,2048,64,16,348.992
1024,2048,64,32,347.798
1024,2048,64,64,345.75
1024,2048,64,128,380.524
1024,2048,64,256,408.108
1024,2048,64,512,465.388
1024,2048,64,1024,588.332
1024,2048,64,2048,798.446
1024,2048,64,4096,1618.76
1024,2048,64,8192,3503.84
1024,2048,64,16384,6813.82
1024,2048,128,16,459.266
1024,2048,128,32,459.244
1024,2048,128,64,457.792
1024,2048,128,128,514.838
1024,2048,128,256,574.382
1024,2048,128,512,725.254
1024,2048,128,1024,1010.35
1024,2048,128,2048,1673.22
1024,2048,128,4096,5594.82
1024,2048,128,8192,10760.7
1024,2048,128,16384,21642.4
1024,4096,0,0,411.094
1024,4096,1,16,413.506
1024,4096,1,32,412.65
1024,4096,1,64,412.736
1024,4096,1,128,413.442
1024,4096,1,256,413.996
1024,4096,1,512,413.418
1024,4096,1,1024,413.59
1024,4096,1,2048,413.844
1024,4096,1,4096,416.578
1024,4096,1,8192,554.816
1024,4096,1,16384,887.06
1024,4096,2,16,415.146
1024,4096,2,32,415.298
1024,4096,2,64,415.338
1024,4096,2,128,415.66
1024,4096,2,256,416.642
1024,4096,2,512,416.364
1024,4096,2,1024,416.448
1024,4096,2,2048,416.406
1024,4096,2,4096,420.204
1024,4096,2,8192,563.264
1024,4096,2,16384,892.608
1024,4096,4,16,419.668
1024,4096,4,32,419.478
1024,4096,4,64,418.028
1024,4096,4,128,418.86
1024,4096,4,256,419.284
1024,4096,4,512,419.264
1024,4096,4,1024,420.116
1024,4096,4,2048,422.826
1024,4096,4,4096,426.326
1024,4096,4,8192,580.952
1024,4096,4,16384,912.194
1024,4096,8,16,425.154
1024,4096,8,32,425.26
1024,4096,8,64,423.852
1024,4096,8,128,427.714
1024,4096,8,256,429.44
1024,4096,8,512,431.576
1024,4096,8,1024,432.214
1024,4096,8,2048,435.84
1024,4096,8,4096,558.338
1024,4096,8,8192,736.728
1024,4096,8,16384,1102.57
1024,4096,16,16,434.816
1024,4096,16,32,434.794
1024,4096,16,64,435.714
1024,4096,16,128,439.084
1024,4096,16,256,444.994
1024,4096,16,512,452.8
1024,4096,16,1024,477.504
1024,4096,16,2048,534.38
1024,4096,16,4096,620.886
1024,4096,16,8192,956.588
1024,4096,16,16384,1796.74
1024,4096,32,16,455.296
1024,4096,32,32,455.382
1024,4096,32,64,455.66
1024,4096,32,128,466.668
1024,4096,32,256,479.296
1024,4096,32,512,512.792
1024,4096,32,1024,572.844
1024,4096,32,2048,698.222
1024,4096,32,4096,937.454
1024,4096,32,8192,1620.29
1024,4096,32,16384,3872.78
1024,4096,64,16,499.16
1024,4096,64,32,506.54
1024,4096,64,64,501.356
1024,4096,64,128,531.564
1024,4096,64,256,560.876
1024,4096,64,512,632.918
1024,4096,64,1024,750.254
1024,4096,64,2048,990.36
1024,4096,64,4096,1715.27
1024,4096,64,8192,4789.58
1024,4096,64,16384,10487.3
1024,4096,128,16,612.054
1024,4096,128,32,617.774
1024,4096,128,64,612.93
1024,4096,128,128,677.292
1024,4096,128,256,742.316
1024,4096,128,512,892.378
1024,4096,128,1024,1175.24
1024,4096,128,2048,1897.24
1024,4096,128,4096,4731.2
1024,4096,128,8192,11162.5
1024,4096,128,16384,22223.2
1024,8192,0,0,745.132
1024,8192,1,16,744.492
1024,8192,1,32,744.556
1024,8192,1,64,743.404
1024,8192,1,128,743.318
1024,8192,1,256,744.704
1024,8192,1,512,744.704
1024,8192,1,1024,742.698
1024,8192,1,2048,742.848
1024,8192,1,4096,744.662
1024,8192,1,8192,754.454
1024,8192,1,16384,1057.88
1024,8192,2,16,744.618
1024,8192,2,32,744.042
1024,8192,2,64,744.216
1024,8192,2,128,744.17
1024,8192,2,256,744.772
1024,8192,2,512,745.538
1024,8192,2,1024,743.51
1024,8192,2,2048,744.64
1024,8192,2,4096,746.242
1024,8192,2,8192,763.458
1024,8192,2,16384,1062.63
1024,8192,4,16,744.066
1024,8192,4,32,744.748
1024,8192,4,64,744.044
1024,8192,4,128,745.302
1024,8192,4,256,745.066
1024,8192,4,512,745.068
1024,8192,4,1024,745.666
1024,8192,4,2048,746.03
1024,8192,4,4096,756.074
1024,8192,4,8192,769.45
1024,8192,4,16384,1083.07
1024,8192,8,16,750.978
1024,8192,8,32,751.342
1024,8192,8,64,751.36
1024,8192,8,128,754.392
1024,8192,8,256,754.392
1024,8192,8,512,755.648
1024,8192,8,1024,756.928
1024,8192,8,2048,756.012
1024,8192,8,4096,773.398
1024,8192,8,8192,1058.8
1024,8192,8,16384,1420.16
1024,8192,16,16,760.812
1024,8192,16,32,761.622
1024,8192,16,64,759.36
1024,8192,16,128,763.928
1024,8192,16,256,770.07
1024,8192,16,512,778.646
1024,8192,16,1024,800.982
1024,8192,16,2048,846.144
1024,8192,16,4096,952.236
1024,8192,16,8192,1142.51
1024,8192,16,16384,1854.19
1024,8192,32,16,779.82
1024,8192,32,32,780.398
1024,8192,32,64,779.8
1024,8192,32,128,791.128
1024,8192,32,256,802.604
1024,8192,32,512,823.958
1024,8192,32,1024,880.706
1024,8192,32,2048,993.39
1024,8192,32,4096,1279.79
1024,8192,32,8192,1826.14
1024,8192,32,16384,3362.2
1024,8192,64,16,822.872
1024,8192,64,32,821.506
1024,8192,64,64,822.424
1024,8192,64,128,845.654
1024,8192,64,256,873.092
1024,8192,64,512,940.588
1024,8192,64,1024,1072.77
1024,8192,64,2048,1326.51
1024,8192,64,4096,1803.4
1024,8192,64,8192,3435.28
1024,8192,64,16384,10270.2
1024,8192,128,16,921.196
1024,8192,128,32,921.54
1024,8192,128,64,923.14
1024,8192,128,128,986.776
1024,8192,128,256,1050.33
1024,8192,128,512,1204.55
1024,8192,128,1024,1506.29
1024,8192,128,2048,2181.88
1024,8192,128,4096,5542.86
1024,8192,128,8192,9764.76
1024,8192,128,16384,22200.4
1024,16384,0,0,1423.43
1024,16384,1,16,1422.77
1024,16384,1,32,1421.85
1024,16384,1,64,1422.95
1024,16384,1,128,1417.41
1024,16384,1,256,1418.58
1024,16384,1,512,1420.74
1024,16384,1,1024,1418.52
1024,16384,1,2048,1418.57
1024,16384,1,4096,1420.23
1024,16384,1,8192,1418.48
1024,16384,1,16384,1439.83
1024,16384,2,16,1419.71
1024,16384,2,32,1417.56
1024,16384,2,64,1419.88
1024,16384,2,128,1423
1024,16384,2,256,1420.46
1024,16384,2,512,1418.28
1024,16384,2,1024,1421.55
1024,16384,2,2048,1417.28
1024,16384,2,4096,1417.45
1024,16384,2,8192,1434.99
1024,16384,2,16384,1454.57
1024,16384,4,16,1417.98
1024,16384,4,32,1419.18
1024,16384,4,64,1421.12
1024,16384,4,128,1419.09
1024,16384,4,256,1419.37
1024,16384,4,512,1417.62
1024,16384,4,1024,1418.65
1024,16384,4,2048,1420.48
1024,16384,4,4096,1418.65
1024,16384,4,8192,1444.19
1024,16384,4,16384,1473.13
1024,16384,8,16,1419.44
1024,16384,8,32,1421.3
1024,16384,8,64,1418.54
1024,16384,8,128,1419.35
1024,16384,8,256,1419.97
1024,16384,8,512,1416.6
1024,16384,8,1024,1417.03
1024,16384,8,2048,1416.66
1024,16384,8,4096,1416.9
1024,16384,8,8192,1456.62
1024,16384,8,16384,2091.34
1024,16384,16,16,1424.96
1024,16384,16,32,1424.05
1024,16384,16,64,1423.68
1024,16384,16,128,1427.42
1024,16384,16,256,1431.51
1024,16384,16,512,1441.5
1024,16384,16,1024,1464.45
1024,16384,16,2048,1507.07
1024,16384,16,4096,1603.2
1024,16384,16,8192,1825.54
1024,16384,16,16384,2204.64
1024,16384,32,16,1441.18
1024,16384,32,32,1441.41
1024,16384,32,64,1442.37
1024,16384,32,128,1450.14
1024,16384,32,256,1460.89
1024,16384,32,512,1480.45
1024,16384,32,1024,1524.89
1024,16384,32,2048,1633.11
1024,16384,32,4096,1844.94
1024,16384,32,8192,2468.9
1024,16384,32,16384,3576.96
1024,16384,64,16,1480.35
1024,16384,64,32,1481.18
1024,16384,64,64,1479.73
1024,16384,64,128,1501.57
1024,16384,64,256,1524.59
1024,16384,64,512,1571.18
1024,16384,64,1024,1703.58
1024,16384,64,2048,1975.41
1024,16384,64,4096,2594.02
1024,16384,64,8192,3502.4
1024,16384,64,16384,7103.28
1024,16384,128,16,1566.66
1024,16384,128,32,1567.34
1024,16384,128,64,1569.5
1024,16384,128,128,1614.64
1024,16384,128,256,1681.71
1024,16384,128,512,1809.54
1024,16384,128,1024,2121.44
1024,16384,128,2048,2803.38
1024,16384,128,4096,6092.76
1024,16384,128,8192,11032.7
1024,16384,128,16384,21907.6
1384,0,0,0,124.671
1384,0,1,512,127.574
1384,0,1,768,134.678
1384,0,1,1152,135.66
1384,0,1,1728,153.899
1384,0,1,2592,190.699
1384,0,1,3888,243.67
1384,0,1,5832,325.036
1384,0,1,8748,452.182
1384,0,1,13122,629.676
1384,0,1,16384,771.946
1384,0,2,512,136.768
1384,0,2,768,138.347
1384,0,2,1152,142.4
1384,0,2,1728,155.094
1384,0,2,2592,190.613
1384,0,2,3888,242.09
1384,0,2,5832,320.278
1384,0,2,8748,456.236
1384,0,2,13122,639.36
1384,0,2,16384,785.706
1384,0,4,512,144.789
1384,0,4,768,141.035
1384,0,4,1152,143.552
1384,0,4,1728,177.599
1384,0,4,2592,215.126
1384,0,4,3888,259.414
1384,0,4,5832,337.238
1384,0,4,8748,474.24
1384,0,4,13122,632.426
1384,0,4,16384,799.042
1384,0,8,512,160.939
1384,0,8,768,167.041
1384,0,8,1152,175.957
1384,0,8,1728,207.658
1384,0,8,2592,264.468
1384,0,8,3888,314.198
1384,0,8,5832,410.156
1384,0,8,8748,535.894
1384,0,8,13122,690.648
1384,0,8,16384,868.654
1384,0,16,512,192.129
1384,0,16,768,203.52
1384,0,16,1152,217.024
1384,0,16,1728,265.002
1384,0,16,2592,334.572
1384,0,16,3888,436.822
1384,0,16,5832,602.968
1384,0,16,8748,847.234
1384,0,16,13122,1223.02
1384,0,16,16384,1507.76
1384,0,32,512,242.752
1384,0,32,768,268.566
1384,0,32,1152,316.994
1384,0,32,1728,403.114
1384,0,32,2592,513.41
1384,0,32,3888,694.978
1384,0,32,5832,960.302
1384,0,32,8748,1352.64
1384,0,32,13122,1918.13
1384,0,32,16384,2355.9
1384,0,64,512,362.582
1384,0,64,768,420.93
1384,0,64,1152,519.83
1384,0,64,1728,657.686
1384,0,64,2592,902.446
1384,0,64,3888,1476.08
1384,0,64,5832,2210.9
1384,0,64,8748,3279.94
1384,0,64,13122,4866.48
1384,0,64,16384,5973.78
1384,0,128,512,626.35
1384,0,128,768,792.386
1384,0,128,1152,1016.96
1384,0,128,1728,1371.97
1384,0,128,2592,2572.78
1384,0,128,3888,4201.18
1384,0,128,5832,6226.22
1384,0,128,8748,9433.46
1384,0,128,13122,15242.7
1384,0,128,16384,21001
1384,512,0,0,173.847
1384,512,1,512,177.622
1384,512,1,768,179.499
1384,512,1,1152,185.557
1384,512,1,1728,187.969
1384,512,1,2592,212.48
1384,512,1,3888,264.876
1384,512,1,5832,342.828
1384,512,1,8748,460.672
1384,512,1,13122,634.902
1384,512,1,16384,803.756
1384,512,2,512,187.031
1384,512,2,768,188.117
1384,512,2,1152,181.525
1384,512,2,1728,184.383
1384,512,2,2592,223.276
1384,512,2,3888,276.738
1384,512,2,5832,355.244
1384,512,2,8748,473.432
1384,512,2,13122,680.258
1384,512,2,16384,819.82
1384,512,4,512,193.514
1384,512,4,768,198.335
1384,512,4,1152,206.252
1384,512,4,1728,206.164
1384,512,4,2592,252.31
1384,512,4,3888,305.194
1384,512,4,5832,383.104
1384,512,4,8748,502.038
1384,512,4,13122,677.654
1384,512,4,16384,812.076
1384,512,8,512,207.104
1384,512,8,768,221.57
1384,512,8,1152,232.768
1384,512,8,1728,248.874
1384,512,8,2592,303.636
1384,512,8,3888,380.972
1384,512,8,5832,457.664
1384,512,8,8748,578.028
1384,512,8,13122,756.078
1384,512,8,16384,893.356
1384,512,16,512,237.548
1384,512,16,768,249.578
1384,512,16,1152,268.544
1384,512,16,1728,301.782
1384,512,16,2592,379.928
1384,512,16,3888,478.338
1384,512,16,5832,636.972
1384,512,16,8748,877.634
1384,512,16,13122,1300.17
1384,512,16,16384,1594.93
1384,512,32,512,308.95
1384,512,32,768,323.072
1384,512,32,1152,362.048
1384,512,32,1728,428.652
1384,512,32,2592,550.614
1384,512,32,3888,740.228
1384,512,32,5832,1005.57
1384,512,32,8748,1405
1384,512,32,13122,1980.57
1384,512,32,16384,2506.68
1384,512,64,512,426.262
1384,512,64,768,493.078
1384,512,64,1152,582.21
1384,512,64,1728,694.296
1384,512,64,2592,969.924
1384,512,64,3888,1518.51
1384,512,64,5832,2286.24
1384,512,64,8748,3330.08
1384,512,64,13122,4877.4
1384,512,64,16384,6073.52
1384,512,128,512,693.806
1384,512,128,768,852.398
1384,512,128,1152,1082.71
1384,512,128,1728,1419.12
1384,512,128,2592,2621.66
1384,512,128,3888,4230.26
1384,512,128,5832,6268.92
1384,512,128,8748,9626.04
1384,512,128,13122,14739
1384,512,128,16384,20922
1384,768,0,0,208.832
1384,768,1,512,198.784
1384,768,1,768,210.646
1384,768,1,1152,211.69
1384,768,1,1728,203.904
1384,768,1,2592,236.096
1384,768,1,3888,290.71
1384,768,1,5832,356.396
1384,768,1,8748,474.092
1384,768,1,13122,677.378
1384,768,1,16384,815.704
1384,768,2,512,210.56
1384,768,2,768,203.434
1384,768,2,1152,206.4
1384,768,2,1728,209.556
1384,768,2,2592,244.992
1384,768,2,3888,295.958
1384,768,2,5832,372.842
1384,768,2,8748,490.646
1384,768,2,13122,692.588
1384,768,2,16384,834.946
1384,768,4,512,221.696
1384,768,4,768,217.622
1384,768,4,1152,225.834
1384,768,4,1728,242.026
1384,768,4,2592,274.24
1384,768,4,3888,343.318
1384,768,4,5832,405.462
1384,768,4,8748,546.816
1384,768,4,13122,732.886
1384,768,4,16384,874.626
1384,768,8,512,230.72
1384,768,8,768,241.24
1384,768,8,1152,245.846
1384,768,8,1728,261.226
1384,768,8,2592,310.146
1384,768,8,3888,373.334
1384,768,8,5832,489.43
1384,768,8,8748,608.726
1384,768,8,13122,825.924
1384,768,8,16384,921.326
1384,768,16,512,262.4
1384,768,16,768,276.012
1384,768,16,1152,298.218
1384,768,16,1728,323.158
1384,768,16,2592,392.79
1384,768,16,3888,504.342
1384,768,16,5832,655.724
1384,768,16,8748,890.072
1384,768,16,13122,1260.59
1384,768,16,16384,1543.66
1384,768,32,512,323.52
1384,768,32,768,350.528
1384,768,32,1152,389.08
1384,768,32,1728,466.348
1384,768,32,2592,596.204
1384,768,32,3888,787.756
1384,768,32,5832,1073.71
1384,768,32,8748,1438.3
1384,768,32,13122,2028.78
1384,768,32,16384,2486.84
1384,768,64,512,454.232
1384,768,64,768,502.508
1384,768,64,1152,588.29
1384,768,64,1728,739.822
1384,768,64,2592,993.09
1384,768,64,3888,1497.16
1384,768,64,5832,2359.26
1384,768,64,8748,3427.14
1384,768,64,13122,4969.82
1384,768,64,16384,6069.22
1384,768,128,512,707.5
1384,768,128,768,848.11
1384,768,128,1152,1073.54
1384,768,128,1728,1390.43
1384,768,128,2592,2616.5
1384,768,128,3888,4253.46
1384,768,128,5832,6334.9
1384,768,128,8748,9746.28
1384,768,128,13122,15873.1
1384,768,128,16384,20991.6
1384,1152,0,0,228.482
1384,1152,1,512,241.388
1384,1152,1,768,244.332
1384,1152,1,1152,232.832
1384,1152,1,1728,233.536
1384,1152,1,2592,248.832
1384,1152,1,3888,311.596
1384,1152,1,5832,395.372
1384,1152,1,8748,495.766
1384,1152,1,13122,700.096
1384,1152,1,16384,845.398
1384,1152,2,512,242.454
1384,1152,2,768,246.806
1384,1152,2,1152,246.742
1384,1152,2,1728,249.964
1384,1152,2,2592,267.542
1384,1152,2,3888,328.044
1384,1152,2,5832,404.46
1384,1152,2,8748,546.39
1384,1152,2,13122,731.158
1384,1152,2,16384,832.384
1384,1152,4,512,247.274
1384,1152,4,768,257.942
1384,1152,4,1152,263.594
1384,1152,4,1728,273.92
1384,1152,4,2592,307.072
1384,1152,4,3888,375.082
1384,1152,4,5832,455.85
1384,1152,4,8748,554.924
1384,1152,4,13122,730.006
1384,1152,4,16384,865.088
1384,1152,8,512,267.52
1384,1152,8,768,288.15
1384,1152,8,1152,287.638
1384,1152,8,1728,300.714
1384,1152,8,2592,336.362
1384,1152,8,3888,407.766
1384,1152,8,5832,529.026
1384,1152,8,8748,656.514
1384,1152,8,13122,835.456
1384,1152,8,16384,967.854
1384,1152,16,512,300.758
1384,1152,16,768,315.968
1384,1152,16,1152,333.846
1384,1152,16,1728,363.456
1384,1152,16,2592,423.66
1384,1152,16,3888,564.076
1384,1152,16,5832,715.01
1384,1152,16,8748,957.186
1384,1152,16,13122,1335.66
1384,1152,16,16384,1623.77
1384,1152,32,512,376.642
1384,1152,32,768,388.138
1384,1152,32,1152,427.33
1384,1152,32,1728,482.008
1384,1152,32,2592,619.46
1384,1152,32,3888,813.292
1384,1152,32,5832,1116.72
1384,1152,32,8748,1515.76
1384,1152,32,13122,2117
1384,1152,32,16384,2573.58
1384,1152,64,512,481.686
1384,1152,64,768,542.508
1384,1152,64,1152,628.396
1384,1152,64,1728,741.034
1384,1152,64,2592,980.226
1384,1152,64,3888,1513.65
1384,1152,64,5832,2411.66
1384,1152,64,8748,3687.08
1384,1152,64,13122,5212.26
1384,1152,64,16384,6330.26
1384,1152,128,512,745.58
1384,1152,128,768,893.06
1384,1152,128,1152,1139.69
1384,1152,128,1728,1482.93
1384,1152,128,2592,2858.78
1384,1152,128,3888,4781.4
1384,1152,128,5832,6628.64
1384,1152,128,8748,10517.4
1384,1152,128,13122,16499.5
1384,1152,128,16384,21148.6
1384,1728,0,0,276.778
1384,1728,1,512,280.448
1384,1728,1,768,280.618
1384,1728,1,1152,283.074
1384,1728,1,1728,295.702
1384,1728,1,2592,296.064
1384,1728,1,3888,341.78
1384,1728,1,5832,422.912
1384,1728,1,8748,546.242
1384,1728,1,13122,732.014
1384,1728,1,16384,872.728
1384,1728,2,512,295.084
1384,1728,2,768,295.32
1384,1728,2,1152,297.858
1384,1728,2,1728,329.174
1384,1728,2,2592,335.786
1384,1728,2,3888,380.8
1384,1728,2,5832,470.762
1384,1728,2,8748,572.374
1384,1728,2,13122,781.142
1384,1728,2,16384,878.828
1384,1728,4,512,296.534
1384,1728,4,768,307.264
1384,1728,4,1152,324.288
1384,1728,4,1728,336.662
1384,1728,4,2592,348.332
1384,1728,4,3888,391.894
1384,1728,4,5832,483.436
1384,1728,4,8748,602.114
1384,1728,4,13122,777.024
1384,1728,4,16384,954.478
1384,1728,8,512,318.87
1384,1728,8,768,329.664
1384,1728,8,1152,341.74
1384,1728,8,1728,357.204
1384,1728,8,2592,377.366
1384,1728,8,3888,475.498
1384,1728,8,5832,572.14
1384,1728,8,8748,725.356
1384,1728,8,13122,903.042
1384,1728,8,16384,1039.51
1384,1728,16,512,354.966
1384,1728,16,768,373.29
1384,1728,16,1152,394.092
1384,1728,16,1728,420.204
1384,1728,16,2592,497.964
1384,1728,16,3888,568.002
1384,1728,16,5832,778.498
1384,1728,16,8748,1000.94
1384,1728,16,13122,1364.02
1384,1728,16,16384,1588.02
1384,1728,32,512,416.684
1384,1728,32,768,445.164
1384,1728,32,1152,487.276
1384,1728,32,1728,539.116
1384,1728,32,2592,666.242
1384,1728,32,3888,859.502
1384,1728,32,5832,1150.04
1384,1728,32,8748,1718.7
1384,1728,32,13122,2341.3
1384,1728,32,16384,2942.98
1384,1728,64,512,562.094
1384,1728,64,768,627.222
1384,1728,64,1152,716.332
1384,1728,64,1728,832.642
1384,1728,64,2592,1022.45
1384,1728,64,3888,1550.66
1384,1728,64,5832,2658.8
1384,1728,64,8748,4056.76
1384,1728,64,13122,5930.02
1384,1728,64,16384,7303.18
1384,1728,128,512,805.208
1384,1728,128,768,952.984
1384,1728,128,1152,1158.11
1384,1728,128,1728,1482.29
1384,1728,128,2592,2532.34
1384,1728,128,3888,5305.76
1384,1728,128,5832,7691.14
1384,1728,128,8748,11378.6
1384,1728,128,13122,17137.2
1384,1728,128,16384,21271.2
1384,2592,0,0,348.46
1384,2592,1,512,350.786
1384,2592,1,768,352.728
1384,2592,1,1152,353.834
1384,2592,1,1728,355.35
1384,2592,1,2592,367.446
1384,2592,1,3888,386.474
1384,2592,1,5832,465.516
1384,2592,1,8748,563.628
1384,2592,1,13122,739.754
1384,2592,1,16384,913.644
1384,2592,2,512,370.474
1384,2592,2,768,359.722
1384,2592,2,1152,369.728
1384,2592,2,1728,392.96
1384,2592,2,2592,426.518
1384,2592,2,3888,436.182
1384,2592,2,5832,519.254
1384,2592,2,8748,643.414
1384,2592,2,13122,816.706
1384,2592,2,16384,950.828
1384,2592,4,512,367.424
1384,2592,4,768,379.222
1384,2592,4,1152,395.306
1384,2592,4,1728,422.102
1384,2592,4,2592,444.738
1384,2592,4,3888,464.32
1384,2592,4,5832,542.294
1384,2592,4,8748,705.174
1384,2592,4,13122,848.792
1384,2592,4,16384,980.674
1384,2592,8,512,389.42
1384,2592,8,768,410.24
1384,2592,8,1152,454.23
1384,2592,8,1728,468.778
1384,2592,8,2592,488.172
1384,2592,8,3888,529.75
1384,2592,8,5832,671.978
1384,2592,8,8748,791.534
1384,2592,8,13122,1008.02
1384,2592,8,16384,1200.56
1384,2592,16,512,438.38
1384,2592,16,768,457.024
1384,2592,16,1152,477.142
1384,2592,16,1728,506.39
1384,2592,16,2592,564.396
1384,2592,16,3888,650.434
1384,2592,16,5832,802.754
1384,2592,16,8748,1042.8
1384,2592,16,13122,1425.54
1384,2592,16,16384,1673.65
1384,2592,32,512,512.278
1384,2592,32,768,557.59
1384,2592,32,1152,605.25
1384,2592,32,1728,630.274
1384,2592,32,2592,723.33
1384,2592,32,3888,905.858
1384,2592,32,5832,1174.81
1384,2592,32,8748,1687.02
1384,2592,32,13122,2753.84
1384,2592,32,16384,3373.84
1384,2592,64,512,624.258
1384,2592,64,768,687.17
1384,2592,64,1152,776.558
1384,2592,64,1728,926.724
1384,2592,64,2592,1083.99
1384,2592,64,3888,1652.98
1384,2592,64,5832,2756.26
1384,2592,64,8748,4449.34
1384,2592,64,13122,6917
1384,2592,64,16384,8335.64
1384,2592,128,512,908.994
1384,2592,128,768,1081.69
1384,2592,128,1152,1290.8
1384,2592,128,1728,1583.81
1384,2592,128,2592,2949.4
1384,2592,128,3888,5162.08
1384,2592,128,5832,8113.78
1384,2592,128,8748,12050.4
1384,2592,128,13122,17999.5
1384,2592,128,16384,22400.4
1384,3888,0,0,450.626
1384,3888,1,512,452.738
1384,3888,1,768,453.206
1384,3888,1,1152,455.382
1384,3888,1,1728,455.106
1384,3888,1,2592,456.448
1384,3888,1,3888,457.004
1384,3888,1,5832,520.982
1384,3888,1,8748,618.2
1384,3888,1,13122,795.032
1384,3888,1,16384,930.284
1384,3888,2,512,455.21
1384,3888,2,768,482.858
1384,3888,2,1152,471.19
1384,3888,2,1728,494.89
1384,3888,2,2592,555.798
1384,3888,2,3888,582.806
1384,3888,2,5832,616.426
1384,3888,2,8748,743.276
1384,3888,2,13122,964.76
1384,3888,2,16384,1052.89
1384,3888,4,512,468.374
1384,3888,4,768,482.176
1384,3888,4,1152,521.43
1384,3888,4,1728,544.086
1384,3888,4,2592,560.236
1384,3888,4,3888,625.516
1384,3888,4,5832,673.046
1384,3888,4,8748,773.056
1384,3888,4,13122,950.488
1384,3888,4,16384,1083.57
1384,3888,8,512,492.674
1384,3888,8,768,508.438
1384,3888,8,1152,541.91
1384,3888,8,1728,586.688
1384,3888,8,2592,623.68
1384,3888,8,3888,649.538
1384,3888,8,5832,706.39
1384,3888,8,8748,918.444
1384,3888,8,13122,1153.94
1384,3888,8,16384,1357.06
1384,3888,16,512,573.484
1384,3888,16,768,581.036
1384,3888,16,1152,606.978
1384,3888,16,1728,632.278
1384,3888,16,2592,701.036
1384,3888,16,3888,778.028
1384,3888,16,5832,898.518
1384,3888,16,8748,1163.16
1384,3888,16,13122,1513.43
1384,3888,16,16384,1735.37
1384,3888,32,512,631.128
1384,3888,32,768,691.244
1384,3888,32,1152,701.526
1384,3888,32,1728,756.72
1384,3888,32,2592,852.546
1384,3888,32,3888,987.268
1384,3888,32,5832,1267.27
1384,3888,32,8748,1906.76
1384,3888,32,13122,3325.54
1384,3888,32,16384,4435.32
1384,3888,64,512,783.554
1384,3888,64,768,816.898
1384,3888,64,1152,937.112
1384,3888,64,1728,1071.88
1384,3888,64,2592,1219.65
1384,3888,64,3888,1740.14
1384,3888,64,5832,2855.12
1384,3888,64,8748,5160
1384,3888,64,13122,8418.74
1384,3888,64,16384,10564.3
1384,3888,128,512,1014.68
1384,3888,128,768,1160.81
1384,3888,128,1152,1380.85
1384,3888,128,1728,1681.37
1384,3888,128,2592,2911.36
1384,3888,128,3888,4920.16
1384,3888,128,5832,8103.44
1384,3888,128,8748,12072.1
1384,3888,128,13122,18003.7
1384,3888,128,16384,22434.4
1384,5832,0,0,635.928
1384,5832,1,512,635.436
1384,5832,1,768,640.768
1384,5832,1,1152,612.78
1384,5832,1,1728,608.852
1384,5832,1,2592,610.22
1384,5832,1,3888,639.596
1384,5832,1,5832,637.312
1384,5832,1,8748,736.406
1384,5832,1,13122,874.604
1384,5832,1,16384,1011.76
1384,5832,2,512,609.622
1384,5832,2,768,642.73
1384,5832,2,1152,661.056
1384,5832,2,1728,651.052
1384,5832,2,2592,690.154
1384,5832,2,3888,742.1
1384,5832,2,5832,816.15
1384,5832,2,8748,892.716
1384,5832,2,13122,1078.89
1384,5832,2,16384,1211.44
1384,5832,4,512,652.458
1384,5832,4,768,664.706
1384,5832,4,1152,654.402
1384,5832,4,1728,674.5
1384,5832,4,2592,713.9
1384,5832,4,3888,771.84
1384,5832,4,5832,871.638
1384,5832,4,8748,963.414
1384,5832,4,13122,1164.16
1384,5832,4,16384,1305.35
1384,5832,8,512,676.012
1384,5832,8,768,696.108
1384,5832,8,1152,732.096
1384,5832,8,1728,775.36
1384,5832,8,2592,857.728
1384,5832,8,3888,835.074
1384,5832,8,5832,859.436
1384,5832,8,8748,1027.69
1384,5832,8,13122,1331.63
1384,5832,8,16384,1468.04
1384,5832,16,512,705.174
1384,5832,16,768,772.738
1384,5832,16,1152,825.474
1384,5832,16,1728,876.888
1384,5832,16,2592,907.374
1384,5832,16,3888,930.99
1384,5832,16,5832,1103.3
1384,5832,16,8748,1280.09
1384,5832,16,13122,1702.02
1384,5832,16,16384,1998.94
1384,5832,32,512,800.79
1384,5832,32,768,847.982
1384,5832,32,1152,891.372
1384,5832,32,1728,954.862
1384,5832,32,2592,1084.72
1384,5832,32,3888,1186.65
1384,5832,32,5832,1425.6
1384,5832,32,8748,1945.12
1384,5832,32,13122,3129.18
1384,5832,32,16384,3967.16
1384,5832,64,512,946.798
1384,5832,64,768,1003.74
1384,5832,64,1152,1093.53
1384,5832,64,1728,1216.47
1384,5832,64,2592,1426.78
1384,5832,64,3888,1721.29
1384,5832,64,5832,2729.24
1384,5832,64,8748,5039.86
1384,5832,64,13122,8406.08
1384,5832,64,16384,10577
1384,5832,128,512,1201.41
1384,5832,128,768,1341.04
1384,5832,128,1152,1574.58
1384,5832,128,1728,1904.54
1384,5832,128,2592,3356.22
1384,5832,128,3888,5387.2
1384,5832,128,5832,7719.8
1384,5832,128,8748,12088.8
1384,5832,128,13122,18034.6
1384,5832,128,16384,22425.4
1384,8748,0,0,834.308
1384,8748,1,512,877.122
1384,8748,1,768,878.594
1384,8748,1,1152,885.122
1384,8748,1,1728,880.024
1384,8748,1,2592,886.018
1384,8748,1,3888,885.082
1384,8748,1,5832,884.738
1384,8748,1,8748,880.6
1384,8748,1,13122,1003.8
1384,8748,1,16384,1192.39
1384,8748,2,512,844.076
1384,8748,2,768,889.176
1384,8748,2,1152,861.462
1384,8748,2,1728,882.688
1384,8748,2,2592,922.24
1384,8748,2,3888,978.242
1384,8748,2,5832,1059.2
1384,8748,2,8748,1161.09
1384,8748,2,13122,1298.52
1384,8748,2,16384,1431.85
1384,8748,4,512,855.852
1384,8748,4,768,864.81
1384,8748,4,1152,925.696
1384,8748,4,1728,906.176
1384,8748,4,2592,944.516
1384,8748,4,3888,1048.6
1384,8748,4,5832,1141.02
1384,8748,4,8748,1195.35
1384,8748,4,13122,1329.9
1384,8748,4,16384,1460.01
1384,8748,8,512,879.83
1384,8748,8,768,895.15
1384,8748,8,1152,926.638
1384,8748,8,1728,974.466
1384,8748,8,2592,1046.85
1384,8748,8,3888,1158.96
1384,8748,8,5832,1176.03
1384,8748,8,8748,1215.19
1384,8748,8,13122,1514.93
1384,8748,8,16384,1800.96
1384,8748,16,512,932.93
1384,8748,16,768,967.638
1384,8748,16,1152,1018.29
1384,8748,16,1728,1084.78
1384,8748,16,2592,1180.48
1384,8748,16,3888,1212.04
1384,8748,16,5832,1327.3
1384,8748,16,8748,1584.22
1384,8748,16,13122,1911.51
1384,8748,16,16384,2328.34
1384,8748,32,512,1077.31
1384,8748,32,768,1139.76
1384,8748,32,1152,1170.03
1384,8748,32,1728,1229.38
1384,8748,32,2592,1393.86
1384,8748,32,3888,1503.28
1384,8748,32,5832,1691.44
1384,8748,32,8748,2070.64
1384,8748,32,13122,3214.98
1384,8748,32,16384,3731.42
1384,8748,64,512,1219.91
1384,8748,64,768,1284.12
1384,8748,64,1152,1382.23
1384,8748,64,1728,1560.92
1384,8748,64,2592,1767.96
1384,8748,64,3888,2181.7
1384,8748,64,5832,2672.24
1384,8748,64,8748,4034.16
1384,8748,64,13122,8458.12
1384,8748,64,16384,10454.5
1384,8748,128,512,1501.92
1384,8748,128,768,1691.95
1384,8748,128,1152,1906.82
1384,8748,128,1728,2184.76
1384,8748,128,2592,3561.42
1384,8748,128,3888,5410.04
1384,8748,128,5832,8170.78
1384,8748,128,8748,11642.6
1384,8748,128,13122,18053
1384,8748,128,16384,22516.4
1384,13122,0,0,1239.49
1384,13122,1,512,1246.23
1384,13122,1,768,1245.93
1384,13122,1,1152,1190.47
1384,13122,1,1728,1190.98
1384,13122,1,2592,1191.17
1384,13122,1,3888,1190.29
1384,13122,1,5832,1191.58
1384,13122,1,8748,1243.76
1384,13122,1,13122,1253.01
1384,13122,1,16384,1390.32
1384,13122,2,512,1246.29
1384,13122,2,768,1200.79
1384,13122,2,1152,1210.28
1384,13122,2,1728,1236.31
1384,13122,2,2592,1275.56
1384,13122,2,3888,1329.37
1384,13122,2,5832,1414.81
1384,13122,2,8748,1541.45
1384,13122,2,13122,1694.17
1384,13122,2,16384,1789.32
1384,13122,4,512,1205.06
1384,13122,4,768,1217.16
1384,13122,4,1152,1236.27
1384,13122,4,1728,1254.27
1384,13122,4,2592,1291.37
1384,13122,4,3888,1348.29
1384,13122,4,5832,1435.44
1384,13122,4,8748,1564.95
1384,13122,4,13122,1714.69
1384,13122,4,16384,1816.77
1384,13122,8,512,1230.55
1384,13122,8,768,1309.19
1384,13122,8,1152,1280.09
1384,13122,8,1728,1325.51
1384,13122,8,2592,1403.61
1384,13122,8,3888,1512.11
1384,13122,8,5832,1674.71
1384,13122,8,8748,1714.88
1384,13122,8,13122,1768.6
1384,13122,8,16384,2019.46
1384,13122,16,512,1287.55
1384,13122,16,768,1321.3
1384,13122,16,1152,1371.8
1384,13122,16,1728,1440.66
1384,13122,16,2592,1554.01
1384,13122,16,3888,1713.44
1384,13122,16,5832,1743.67
1384,13122,16,8748,2052.36
1384,13122,16,13122,2323.14
1384,13122,16,16384,2496.5
1384,13122,32,512,1387.12
1384,13122,32,768,1441.28
1384,13122,32,1152,1533.25
1384,13122,32,1728,1712.94
1384,13122,32,2592,1752.97
1384,13122,32,3888,1921.41
1384,13122,32,5832,2049.44
1384,13122,32,8748,2612.4
1384,13122,32,13122,3015.88
1384,13122,32,16384,4028.42
1384,13122,64,512,1658.54
1384,13122,64,768,1772.47
1384,13122,64,1152,1903.71
1384,13122,64,1728,2024.28
1384,13122,64,2592,2163.28
1384,13122,64,3888,2542.14
1384,13122,64,5832,3340.52
1384,13122,64,8748,5294.06
1384,13122,64,13122,6066.94
1384,13122,64,16384,10537.1
1384,13122,128,512,1911.26
1384,13122,128,768,2056.22
1384,13122,128,1152,2267.74
1384,13122,128,1728,2573.32
1384,13122,128,2592,3969.62
1384,13122,128,3888,5652.1
1384,13122,128,5832,8145.18
1384,13122,128,8748,12157.4
1384,13122,128,13122,17516.5
1384,13122,128,16384,22496.2
1384,16384,0,0,1445.23
1384,16384,1,512,1448.3
1384,16384,1,768,1451.01
1384,16384,1,1152,1451.65
1384,16384,1,1728,1520.54
1384,16384,1,2592,1449.5
1384,16384,1,3888,1451.11
1384,16384,1,5832,1449.84
1384,16384,1,8748,1452.31
1384,16384,1,13122,1451.31
1384,16384,1,16384,1494.32
1384,16384,2,512,1455
1384,16384,2,768,1461.29
1384,16384,2,1152,1471.28
1384,16384,2,1728,1564.18
1384,16384,2,2592,1609.99
1384,16384,2,3888,1593.41
1384,16384,2,5832,1676.23
1384,16384,2,8748,1804.19
1384,16384,2,13122,1987.74
1384,16384,2,16384,2083.14
1384,16384,4,512,1468.87
1384,16384,4,768,1480.3
1384,16384,4,1152,1495.9
1384,16384,4,1728,1517.08
1384,16384,4,2592,1558.04
1384,16384,4,3888,1611.59
1384,16384,4,5832,1693.51
1384,16384,4,8748,1823.9
1384,16384,4,13122,2006.7
1384,16384,4,16384,2108.4
1384,16384,8,512,1569.05
1384,16384,8,768,1581.23
1384,16384,8,1152,1539.33
1384,16384,8,1728,1583.64
1384,16384,8,2592,1663.28
1384,16384,8,3888,1772.57
1384,16384,8,5832,1938.9
1384,16384,8,8748,2093.54
1384,16384,8,13122,2108.12
1384,16384,8,16384,2155.18
1384,16384,16,512,1547.22
1384,16384,16,768,1578.93
1384,16384,16,1152,1634.2
1384,16384,16,1728,1701.74
1384,16384,16,2592,1814.3
1384,16384,16,3888,1975.11
1384,16384,16,5832,2120.84
1384,16384,16,8748,2227.5
1384,16384,16,13122,2604.58
1384,16384,16,16384,2889.44
1384,16384,32,512,1642.69
1384,16384,32,768,1701.61
1384,16384,32,1152,1874.76
1384,16384,32,1728,1901.85
1384,16384,32,2592,2102.94
1384,16384,32,3888,2193.7
1384,16384,32,5832,2431.9
1384,16384,32,8748,2782.78
1384,16384,32,13122,3366.64
1384,16384,32,16384,3744.74
1384,16384,64,512,1839.66
1384,16384,64,768,1945.78
1384,16384,64,1152,2163.84
1384,16384,64,1728,2333.7
1384,16384,64,2592,2628.5
1384,16384,64,3888,2952.46
1384,16384,64,5832,3679.08
1384,16384,64,8748,5484.62
1384,16384,64,13122,6387.96
1384,16384,64,16384,7621.66
1384,16384,128,512,2232.12
1384,16384,128,768,2363.26
1384,16384,128,1152,2567.98
1384,16384,128,1728,2990.74
1384,16384,128,2592,4120.44
1384,16384,128,3888,5905.8
1384,16384,128,5832,8438.38
1384,16384,128,8748,12180
1384,16384,128,13122,18136.3
1384,16384,128,16384,22082.4
2048,0,0,0,213.676
2048,0,1,16,215.402
2048,0,1,32,215.082
2048,0,1,64,214.4
2048,0,1,128,215.082
2048,0,1,256,217.216
2048,0,1,512,215.958
2048,0,1,1024,219.094
2048,0,1,2048,225.236
2048,0,1,4096,309.44
2048,0,1,8192,473.92
2048,0,1,16384,804.866
2048,0,2,16,216.256
2048,0,2,32,216.554
2048,0,2,64,217.366
2048,0,2,128,216.938
2048,0,2,256,218.838
2048,0,2,512,221.376
2048,0,2,1024,225.964
2048,0,2,2048,238.294
2048,0,2,4096,323.754
2048,0,2,8192,490.968
2048,0,2,16384,819.052
2048,0,4,16,222.252
2048,0,4,32,221.76
2048,0,4,64,221.74
2048,0,4,128,225.088
2048,0,4,256,225.452
2048,0,4,512,229.632
2048,0,4,1024,237.61
2048,0,4,2048,258.136
2048,0,4,4096,354.412
2048,0,4,8192,519.874
2048,0,4,16384,851.52
2048,0,8,16,232.874
2048,0,8,32,232.128
2048,0,8,64,231.958
2048,0,8,128,235.158
2048,0,8,256,240.962
2048,0,8,512,247.382
2048,0,8,1024,260.8
2048,0,8,2048,299.2
2048,0,8,4096,415.53
2048,0,8,8192,611.35
2048,0,8,16384,946.454
2048,0,16,16,254.464
2048,0,16,32,254.016
2048,0,16,64,253.588
2048,0,16,128,260.8
2048,0,16,256,267.968
2048,0,16,512,282.56
2048,0,16,1024,310.122
2048,0,16,2048,375.084
2048,0,16,4096,546.03
2048,0,16,8192,877.634
2048,0,16,16384,1566.98
2048,0,32,16,293.974
2048,0,32,32,295.49
2048,0,32,64,294.636
2048,0,32,128,310.166
2048,0,32,256,324.95
2048,0,32,512,350.444
2048,0,32,1024,403.692
2048,0,32,2048,531.714
2048,0,32,4096,823.446
2048,0,32,8192,1399.92
2048,0,32,16384,2519
2048,0,64,16,374.892
2048,0,64,32,376.278
2048,0,64,64,377.088
2048,0,64,128,403.48
2048,0,64,256,429.42
2048,0,64,512,486.318
2048,0,64,1024,600.386
2048,0,64,2048,858.776
2048,0,64,4096,1611.57
2048,0,64,8192,3239.7
2048,0,64,16384,6194.24
2048,0,128,16,535.512
2048,0,128,32,537.026
2048,0,128,64,537.368
2048,0,128,128,588.396
2048,0,128,256,644.374
2048,0,128,512,774.724
2048,0,128,1024,1071.24
2048,0,128,2048,1760.71
2048,0,128,4096,4568.4
2048,0,128,8192,9058.06
2048,0,128,16384,21120
2048,16,0,0,222.998
2048,16,1,16,226.474
2048,16,1,32,225.814
2048,16,1,64,224
2048,16,1,128,223.318
2048,16,1,256,226.07
2048,16,1,512,228.394
2048,16,1,1024,228.778
2048,16,1,2048,234.006
2048,16,1,4096,315.884
2048,16,1,8192,479.85
2048,16,1,16384,809.43
2048,16,2,16,226.092
2048,16,2,32,227.158
2048,16,2,64,226.242
2048,16,2,128,227.606
2048,16,2,256,229.014
2048,16,2,512,232.236
2048,16,2,1024,235.03
2048,16,2,2048,244.33
2048,16,2,4096,331.414
2048,16,2,8192,495.936
2048,16,2,16384,825.282
2048,16,4,16,230.826
2048,16,4,32,229.802
2048,16,4,64,230.486
2048,16,4,128,232.724
2048,16,4,256,236.118
2048,16,4,512,240.81
2048,16,4,1024,245.932
2048,16,4,2048,264.788
2048,16,4,4096,362.176
2048,16,4,8192,528.15
2048,16,4,16384,855.448
2048,16,8,16,242.346
2048,16,8,32,241.516
2048,16,8,64,242.39
2048,16,8,128,245.056
2048,16,8,256,251.2
2048,16,8,512,255.808
2048,16,8,1024,269.164
2048,16,8,2048,305.364
2048,16,8,4096,423.702
2048,16,8,8192,624.108
2048,16,8,16384,957.464
2048,16,16,16,260.758
2048,16,16,32,264.642
2048,16,16,64,264.256
2048,16,16,128,270.294
2048,16,16,256,277.74
2048,16,16,512,294.358
2048,16,16,1024,318.23
2048,16,16,2048,381.974
2048,16,16,4096,554.392
2048,16,16,8192,886.124
2048,16,16,16384,1569.58
2048,16,32,16,303.702
2048,16,32,32,304.172
2048,16,32,64,305.174
2048,16,32,128,320.256
2048,16,32,256,330.432
2048,16,32,512,359.146
2048,16,32,1024,412.33
2048,16,32,2048,537.602
2048,16,32,4096,828.972
2048,16,32,8192,1407.69
2048,16,32,16384,2545.14
2048,16,64,16,382.104
2048,16,64,32,385.73
2048,16,64,64,384.534
2048,16,64,128,410.754
2048,16,64,256,440
2048,16,64,512,496.684
2048,16,64,1024,610.456
2048,16,64,2048,866.2
2048,16,64,4096,1611.8
2048,16,64,8192,3289.02
2048,16,64,16384,6233.16
2048,16,128,16,547.034
2048,16,128,32,546.646
2048,16,128,64,549.42
2048,16,128,128,598.786
2048,16,128,256,655.49
2048,16,128,512,783.47
2048,16,128,1024,1076.23
2048,16,128,2048,1759
2048,16,128,4096,4576.3
2048,16,128,8192,9035.72
2048,16,128,16384,21097.8
2048,32,0,0,221.782
2048,32,1,16,225.002
2048,32,1,32,223.488
2048,32,1,64,224.982
2048,32,1,128,224.342
2048,32,1,256,225.836
2048,32,1,512,226.39
2048,32,1,1024,227.456
2048,32,1,2048,231.7
2048,32,1,4096,316.16
2048,32,1,8192,482.944
2048,32,1,16384,811.478
2048,32,2,16,227.392
2048,32,2,32,226.132
2048,32,2,64,226.156
2048,32,2,128,229.078
2048,32,2,256,228.994
2048,32,2,512,230.7
2048,32,2,1024,235.136
2048,32,2,2048,244.118
2048,32,2,4096,331.776
2048,32,2,8192,498.56
2048,32,2,16384,826.456
2048,32,4,16,231.466
2048,32,4,32,231.766
2048,32,4,64,233.558
2048,32,4,128,232.598
2048,32,4,256,235.754
2048,32,4,512,241.132
2048,32,4,1024,247.018
2048,32,4,2048,264.426
2048,32,4,4096,363.074
2048,32,4,8192,527.724
2048,32,4,16384,855.916
2048,32,8,16,243.906
2048,32,8,32,241.152
2048,32,8,64,241.494
2048,32,8,128,248.086
2048,32,8,256,250.05
2048,32,8,512,258.284
2048,32,8,1024,269.462
2048,32,8,2048,305.024
2048,32,8,4096,425.558
2048,32,8,8192,621.546
2048,32,8,16384,958.424
2048,32,16,16,264.17
2048,32,16,32,264.384
2048,32,16,64,263.594
2048,32,16,128,271.638
2048,32,16,256,278.186
2048,32,16,512,292.268
2048,32,16,1024,318.87
2048,32,16,2048,382.08
2048,32,16,4096,555.052
2048,32,16,8192,884.846
2048,32,16,16384,1566.77
2048,32,32,16,302.508
2048,32,32,32,305.538
2048,32,32,64,305.558
2048,32,32,128,318.38
2048,32,32,256,330.988
2048,32,32,512,361.304
2048,32,32,1024,412.588
2048,32,32,2048,537.962
2048,32,32,4096,829.08
2048,32,32,8192,1408.13
2048,32,32,16384,2539.74
2048,32,64,16,383.872
2048,32,64,32,386.71
2048,32,64,64,386.05
2048,32,64,128,412.054
2048,32,64,256,439.788
2048,32,64,512,494.72
2048,32,64,1024,611.458
2048,32,64,2048,865.006
2048,32,64,4096,1610.33
2048,32,64,8192,3324.52
2048,32,64,16384,6231.4
2048,32,128,16,545.858
2048,32,128,32,545.494
2048,32,128,64,548.054
2048,32,128,128,600.642
2048,32,128,256,656.706
2048,32,128,512,785.902
2048,32,128,1024,1076.85
2048,32,128,2048,1754.86
2048,32,128,4096,4594.56
2048,32,128,8192,9081.16
2048,32,128,16384,21226.2
2048,64,0,0,222.528
2048,64,1,16,224.81
2048,64,1,32,225.002
2048,64,1,64,224.362
2048,64,1,128,225.28
2048,64,1,256,226.112
2048,64,1,512,227.478
2048,64,1,1024,228.758
2048,64,1,2048,233.044
2048,64,1,4096,315.626
2048,64,1,8192,480.534
2048,64,1,16384,812.462
2048,64,2,16,227.286
2048,64,2,32,227.05
2048,64,2,64,226.838
2048,64,2,128,227.904
2048,64,2,256,229.44
2048,64,2,512,230.464
2048,64,2,1024,234.432
2048,64,2,2048,244.054
2048,64,2,4096,330.776
2048,64,2,8192,497.514
2048,64,2,16384,825.238
2048,64,4,16,232.192
2048,64,4,32,229.546
2048,64,4,64,231.702
2048,64,4,128,232.17
2048,64,4,256,233.194
2048,64,4,512,240.002
2048,64,4,1024,247.126
2048,64,4,2048,263.234
2048,64,4,4096,362.304
2048,64,4,8192,526.806
2048,64,4,16384,857.88
2048,64,8,16,239.468
2048,64,8,32,243.584
2048,64,8,64,244.478
2048,64,8,128,246.358
2048,64,8,256,251.992
2048,64,8,512,256.832
2048,64,8,1024,271.788
2048,64,8,2048,306.048
2048,64,8,4096,423.744
2048,64,8,8192,622.314
2048,64,8,16384,959.128
2048,64,16,16,263.68
2048,64,16,32,263.276
2048,64,16,64,266.092
2048,64,16,128,271.446
2048,64,16,256,279.788
2048,64,16,512,292.268
2048,64,16,1024,318.698
2048,64,16,2048,382.464
2048,64,16,4096,554.988
2048,64,16,8192,885.528
2048,64,16,16384,1567.53
2048,64,32,16,305.174
2048,64,32,32,304.746
2048,64,32,64,304.34
2048,64,32,128,317.462
2048,64,32,256,332.012
2048,64,32,512,358.124
2048,64,32,1024,414.018
2048,64,32,2048,537.878
2048,64,32,4096,829.484
2048,64,32,8192,1409.18
2048,64,32,16384,2542.22
2048,64,64,16,384.066
2048,64,64,32,385.58
2048,64,64,64,386.048
2048,64,64,128,412.632
2048,64,64,256,440.45
2048,64,64,512,496.408
2048,64,64,1024,611.458
2048,64,64,2048,865.796
2048,64,64,4096,1609.56
2048,64,64,8192,3277.48
2048,64,64,16384,6232.92
2048,64,128,16,545.132
2048,64,128,32,546.178
2048,64,128,64,547.926
2048,64,128,128,600.94
2048,64,128,256,655.874
2048,64,128,512,785.774
2048,64,128,1024,1076.38
2048,64,128,2048,1757.36
2048,64,128,4096,4556.34
2048,64,128,8192,9060.52
2048,64,128,16384,21182.6
2048,128,0,0,229.162
2048,128,1,16,233.642
2048,128,1,32,231.744
2048,128,1,64,232.448
2048,128,1,128,231.702
2048,128,1,256,234.006
2048,128,1,512,235.478
2048,128,1,1024,236.738
2048,128,1,2048,239.318
2048,128,1,4096,322.412
2048,128,1,8192,487.256
2048,128,1,16384,814.23
2048,128,2,16,234.838
2048,128,2,32,235.114
2048,128,2,64,234.282
2048,128,2,128,235.456
2048,128,2,256,236.672
2048,128,2,512,240.192
2048,128,2,1024,241.556
2048,128,2,2048,250.028
2048,128,2,4096,337.92
2048,128,2,8192,502.464
2048,128,2,16384,833.516
2048,128,4,16,238.912
2048,128,4,32,240.45
2048,128,4,64,240.406
2048,128,4,128,241.386
2048,128,4,256,243.306
2048,128,4,512,245.844
2048,128,4,1024,254.528
2048,128,4,2048,271.51
2048,128,4,4096,370.604
2048,128,4,8192,534.316
2048,128,4,16384,865.75
2048,128,8,16,250.05
2048,128,8,32,249.984
2048,128,8,64,250.474
2048,128,8,128,254.398
2048,128,8,256,257.322
2048,128,8,512,266.22
2048,128,8,1024,277.29
2048,128,8,2048,310.934
2048,128,8,4096,432.45
2048,128,8,8192,635.436
2048,128,8,16384,969.772
2048,128,16,16,270.742
2048,128,16,32,269.91
2048,128,16,64,270.528
2048,128,16,128,278.678
2048,128,16,256,284.568
2048,128,16,512,300.076
2048,128,16,1024,326.25
2048,128,16,2048,389.504
2048,128,16,4096,562.988
2048,128,16,8192,888.964
2048,128,16,16384,1572.95
2048,128,32,16,311.596
2048,128,32,32,311.424
2048,128,32,64,312.62
2048,128,32,128,326.422
2048,128,32,256,340.908
2048,128,32,512,366.7
2048,128,32,1024,420.546
2048,128,32,2048,545.644
2048,128,32,4096,834.434
2048,128,32,8192,1413.74
2048,128,32,16384,2557.1
2048,128,64,16,392.47
2048,128,64,32,393.132
2048,128,64,64,393.6
2048,128,64,128,421.12
2048,128,64,256,449.304
2048,128,64,512,502.424
2048,128,64,1024,617.75
2048,128,64,2048,872.516
2048,128,64,4096,1605.21
2048,128,64,8192,3362.9
2048,128,64,16384,6340.36
2048,128,128,16,553.134
2048,128,128,32,554.264
2048,128,128,64,554.946
2048,128,128,128,607.448
2048,128,128,256,661.826
2048,128,128,512,792.94
2048,128,128,1024,1082.22
2048,128,128,2048,1763.29
2048,128,128,4096,4691.7
2048,128,128,8192,9105.44
2048,128,128,16384,21154.2
2048,256,0,0,247.382
2048,256,1,16,249.644
2048,256,1,32,249.856
2048,256,1,64,250.604
2048,256,1,128,250.156
2048,256,1,256,250.176
2048,256,1,512,251.094
2048,256,1,1024,252.8
2048,256,1,2048,256.618
2048,256,1,4096,335.742
2048,256,1,8192,498.946
2048,256,1,16384,830.808
2048,256,2,16,252.716
2048,256,2,32,252.928
2048,256,2,64,251.456
2048,256,2,128,254.144
2048,256,2,256,254.252
2048,256,2,512,255.382
2048,256,2,1024,260.586
2048,256,2,2048,266.582
2048,256,2,4096,353.044
2048,256,2,8192,516.906
2048,256,2,16384,843.756
2048,256,4,16,256.96
2048,256,4,32,256.384
2048,256,4,64,256.556
2048,256,4,128,258.56
2048,256,4,256,260.544
2048,256,4,512,263.574
2048,256,4,1024,270.892
2048,256,4,2048,284.82
2048,256,4,4096,384.106
2048,256,4,8192,550.444
2048,256,4,16384,882.584
2048,256,8,16,266.176
2048,256,8,32,266.412
2048,256,8,64,266.666
2048,256,8,128,270.292
2048,256,8,256,274.496
2048,256,8,512,282.134
2048,256,8,1024,295.766
2048,256,8,2048,323.244
2048,256,8,4096,446.912
2048,256,8,8192,659.138
2048,256,8,16384,993.602
2048,256,16,16,287.062
2048,256,16,32,287.51
2048,256,16,64,288.002
2048,256,16,128,295.574
2048,256,16,256,304.128
2048,256,16,512,316.714
2048,256,16,1024,343.596
2048,256,16,2048,402.582
2048,256,16,4096,577.878
2048,256,16,8192,903.49
2048,256,16,16384,1580.83
2048,256,32,16,327.744
2048,256,32,32,329.218
2048,256,32,64,328.404
2048,256,32,128,341.91
2048,256,32,256,358.356
2048,256,32,512,385.856
2048,256,32,1024,438.7
2048,256,32,2048,558.764
2048,256,32,4096,846.466
2048,256,32,8192,1429.53
2048,256,32,16384,2585.14
2048,256,64,16,409.558
2048,256,64,32,408.556
2048,256,64,64,411.52
2048,256,64,128,437.74
2048,256,64,256,464.298
2048,256,64,512,521.538
2048,256,64,1024,635.63
2048,256,64,2048,885.378
2048,256,64,4096,1611.46
2048,256,64,8192,3476.48
2048,256,64,16384,6616.6
2048,256,128,16,570.348
2048,256,128,32,571.16
2048,256,128,64,573.676
2048,256,128,128,624.684
2048,256,128,256,680.13
2048,256,128,512,810.094
2048,256,128,1024,1092.83
2048,256,128,2048,1773
2048,256,128,4096,4855.5
2048,256,128,8192,9343.14
2048,256,128,16384,21179.8
2048,512,0,0,282.134
2048,512,1,16,284.694
2048,512,1,32,283.712
2048,512,1,64,284.416
2048,512,1,128,283.392
2048,512,1,256,285.504
2048,512,1,512,286.228
2048,512,1,1024,287.018
2048,512,1,2048,290.346
2048,512,1,4096,362.006
2048,512,1,8192,525.654
2048,512,1,16384,854.974
2048,512,2,16,286.272
2048,512,2,32,286.762
2048,512,2,64,286.186
2048,512,2,128,288.234
2048,512,2,256,289.77
2048,512,2,512,291.37
2048,512,2,1024,295.212
2048,512,2,2048,299.926
2048,512,2,4096,380.63
2048,512,2,8192,544.62
2048,512,2,16384,872.514
2048,512,4,16,289.77
2048,512,4,32,292.438
2048,512,4,64,289.964
2048,512,4,128,293.57
2048,512,4,256,294.166
2048,512,4,512,298.602
2048,512,4,1024,306.454
2048,512,4,2048,317.098
2048,512,4,4096,408.576
2048,512,4,8192,583.404
2048,512,4,16384,910.274
2048,512,8,16,300.182
2048,512,8,32,300.95
2048,512,8,64,301.952
2048,512,8,128,303.914
2048,512,8,256,307.818
2048,512,8,512,314.858
2048,512,8,1024,329.578
2048,512,8,2048,354.326
2048,512,8,4096,474.39
2048,512,8,8192,703.36
2048,512,8,16384,1039.47
2048,512,16,16,321.922
2048,512,16,32,321.898
2048,512,16,64,321.92
2048,512,16,128,328.362
2048,512,16,256,336.664
2048,512,16,512,349.14
2048,512,16,1024,376.404
2048,512,16,2048,427.756
2048,512,16,4096,599.832
2048,512,16,8192,931.224
2048,512,16,16384,1592.26
2048,512,32,16,361.752
2048,512,32,32,361.132
2048,512,32,64,364.588
2048,512,32,128,375.746
2048,512,32,256,392.684
2048,512,32,512,419.884
2048,512,32,1024,473.622
2048,512,32,2048,586.092
2048,512,32,4096,873.068
2048,512,32,8192,1468.02
2048,512,32,16384,2618.12
2048,512,64,16,442.11
2048,512,64,32,443.5
2048,512,64,64,443.84
2048,512,64,128,471.254
2048,512,64,256,498.52
2048,512,64,512,555.202
2048,512,64,1024,671.254
2048,512,64,2048,914.2
2048,512,64,4096,1612.04
2048,512,64,8192,3628.62
2048,512,64,16384,7011.22
2048,512,128,16,604.76
2048,512,128,32,606.166
2048,512,128,64,607.276
2048,512,128,128,658.968
2048,512,128,256,716.078
2048,512,128,512,843.992
2048,512,128,1024,1118.15
2048,512,128,2048,1796.19
2048,512,128,4096,5168.04
2048,512,128,8192,10003.1
2048,512,128,16384,21177
2048,768,0,0,316.48
2048,1024,0,0,348.778
2048,1024,1,16,348.692
2048,1024,1,32,349.354
2048,1024,1,64,351.02
2048,1024,1,128,352.426
2048,1024,1,256,353.11
2048,1024,1,512,350.998
2048,1024,1,1024,352.49
2048,1024,1,2048,355.476
2048,1024,1,4096,406.89
2048,1024,1,8192,574.508
2048,1024,1,16384,904.706
2048,1024,2,16,351.83
2048,1024,2,32,351.724
2048,1024,2,64,352.214
2048,1024,2,128,353.6
2048,1024,2,256,354.944
2048,1024,2,512,356.458
2048,1024,2,1024,360.896
2048,1024,2,2048,365.078
2048,1024,2,4096,428.394
2048,1024,2,8192,596.822
2048,1024,2,16384,925.356
2048,1024,4,16,355.926
2048,1024,4,32,356.31
2048,1024,4,64,355.242
2048,1024,4,128,358.528
2048,1024,4,256,359.104
2048,1024,4,512,363.84
2048,1024,4,1024,372.864
2048,1024,4,2048,384.746
2048,1024,4,4096,462.828
2048,1024,4,8192,647.768
2048,1024,4,16384,977.134
2048,1024,8,16,364.864
2048,1024,8,32,368.15
2048,1024,8,64,366.506
2048,1024,8,128,368.704
2048,1024,8,256,373.378
2048,1024,8,512,383.04
2048,1024,8,1024,396.822
2048,1024,8,2048,424.598
2048,1024,8,4096,526.058
2048,1024,8,8192,758.232
2048,1024,8,16384,1128.19
2048,1024,16,16,384.704
2048,1024,16,32,385.346
2048,1024,16,64,387.05
2048,1024,16,128,393.878
2048,1024,16,256,400.128
2048,1024,16,512,417.302
2048,1024,16,1024,444.674
2048,1024,16,2048,494.7
2048,1024,16,4096,658.456
2048,1024,16,8192,991.832
2048,1024,16,16384,1637.74
2048,1024,32,16,427.498
2048,1024,32,32,428.054
2048,1024,32,64,430.016
2048,1024,32,128,442.774
2048,1024,32,256,457.176
2048,1024,32,512,485.376
2048,1024,32,1024,540.78
2048,1024,32,2048,646.892
2048,1024,32,4096,926.146
2048,1024,32,8192,1565.12
2048,1024,32,16384,3067.44
2048,1024,64,16,509.57
2048,1024,64,32,510.402
2048,1024,64,64,511.852
2048,1024,64,128,537.706
2048,1024,64,256,568.898
2048,1024,64,512,625.516
2048,1024,64,1024,738.392
2048,1024,64,2048,969.9
2048,1024,64,4096,1695.75
2048,1024,64,8192,3884.96
2048,1024,64,16384,7806.78
2048,1024,128,16,673.432
2048,1024,128,32,674.286
2048,1024,128,64,677.08
2048,1024,128,128,729.73
2048,1024,128,256,785.56
2048,1024,128,512,913.198
2048,1024,128,1024,1185.73
2048,1024,128,2048,1876.21
2048,1024,128,4096,5514.54
2048,1024,128,8192,10629.4
2048,1024,128,16384,21306.6
2048,1152,0,0,364.352
2048,1728,0,0,438.08
2048,2048,0,0,474.584
2048,2048,1,16,478.678
2048,2048,1,32,475.756
2048,2048,1,64,478.188
2048,2048,1,128,478.55
2048,2048,1,256,478.486
2048,2048,1,512,478.636
2048,2048,1,1024,479.638
2048,2048,1,2048,479.66
2048,2048,1,4096,493.44
2048,2048,1,8192,666.924
2048,2048,1,16384,994.774
2048,2048,2,16,478.122
2048,2048,2,32,477.27
2048,2048,2,64,477.74
2048,2048,2,128,476.992
2048,2048,2,256,478.68
2048,2048,2,512,482.986
2048,2048,2,1024,486.808
2048,2048,2,2048,491.99
2048,2048,2,4096,514.562
2048,2048,2,8192,709.184
2048,2048,2,16384,1035.88
2048,2048,4,16,479.978
2048,2048,4,32,480.342
2048,2048,4,64,481.836
2048,2048,4,128,483.198
2048,2048,4,256,484.908
2048,2048,4,512,491.074
2048,2048,4,1024,499.522
2048,2048,4,2048,520
2048,2048,4,4096,561.026
2048,2048,4,8192,759.148
2048,2048,4,16384,1101.42
2048,2048,8,16,490.328
2048,2048,8,32,489.922
2048,2048,8,64,489.56
2048,2048,8,128,494.124
2048,2048,8,256,498.264
2048,2048,8,512,507.67
2048,2048,8,1024,525.226
2048,2048,8,2048,559.51
2048,2048,8,4096,631.02
2048,2048,8,8192,871.062
2048,2048,8,16384,1302.85
2048,2048,16,16,509.846
2048,2048,16,32,511.318
2048,2048,16,64,511.192
2048,2048,16,128,519.894
2048,2048,16,256,528.044
2048,2048,16,512,544.258
2048,2048,16,1024,579.436
2048,2048,16,2048,630.38
2048,2048,16,4096,762.584
2048,2048,16,8192,1114.01
2048,2048,16,16384,1745.05
2048,2048,32,16,555.756
2048,2048,32,32,556.822
2048,2048,32,64,559.36
2048,2048,32,128,570.048
2048,2048,32,256,589.184
2048,2048,32,512,615.916
2048,2048,32,1024,676.182
2048,2048,32,2048,783.276
2048,2048,32,4096,1041.8
2048,2048,32,8192,1683.5
2048,2048,32,16384,3920.36
2048,2048,64,16,642.412
2048,2048,64,32,643.436
2048,2048,64,64,644.908
2048,2048,64,128,672.75
2048,2048,64,256,698.242
2048,2048,64,512,756.462
2048,2048,64,1024,878.872
2048,2048,64,2048,1099.07
2048,2048,64,4096,1613.17
2048,2048,64,8192,4675.86
2048,2048,64,16384,9523.48
2048,2048,128,16,808.942
2048,2048,128,32,809.666
2048,2048,128,64,809.9
2048,2048,128,128,864.792
2048,2048,128,256,921.71
2048,2048,128,512,1045.44
2048,2048,128,1024,1330.99
2048,2048,128,2048,1988.38
2048,2048,128,4096,5813.96
2048,2048,128,8192,11408.4
2048,2048,128,16384,22570
2048,2592,0,0,546.178
2048,3888,0,0,697.816
2048,4096,0,0,717.292
2048,4096,1,16,722.624
2048,4096,1,32,721.6
2048,4096,1,64,719.212
2048,4096,1,128,720.426
2048,4096,1,256,720.578
2048,4096,1,512,721.024
2048,4096,1,1024,720.982
2048,4096,1,2048,724.376
2048,4096,1,4096,726.806
2048,4096,1,8192,822.51
2048,4096,1,16384,1157.38
2048,4096,2,16,718.784
2048,4096,2,32,722.69
2048,4096,2,64,722.626
2048,4096,2,128,723.03
2048,4096,2,256,721.344
2048,4096,2,512,729.112
2048,4096,2,1024,731.798
2048,4096,2,2048,736.704
2048,4096,2,4096,737.472
2048,4096,2,8192,876.226
2048,4096,2,16384,1280.37
2048,4096,4,16,725.91
2048,4096,4,32,725.356
2048,4096,4,64,725.23
2048,4096,4,128,724.332
2048,4096,4,256,728.854
2048,4096,4,512,735.296
2048,4096,4,1024,744.342
2048,4096,4,2048,767.51
2048,4096,4,4096,847.938
2048,4096,4,8192,974.208
2048,4096,4,16384,1348.7
2048,4096,8,16,734.21
2048,4096,8,32,736.192
2048,4096,8,64,735.852
2048,4096,8,128,740.032
2048,4096,8,256,742.528
2048,4096,8,512,753.986
2048,4096,8,1024,770.284
2048,4096,8,2048,818.264
2048,4096,8,4096,888.258
2048,4096,8,8192,1064.99
2048,4096,8,16384,1576.11
2048,4096,16,16,756.758
2048,4096,16,32,755.182
2048,4096,16,64,757.57
2048,4096,16,128,765.27
2048,4096,16,256,773.1
2048,4096,16,512,790.55
2048,4096,16,1024,830.528
2048,4096,16,2048,912.62
2048,4096,16,4096,1014.66
2048,4096,16,8192,1333.46
2048,4096,16,16384,2055.6
2048,4096,32,16,800.322
2048,4096,32,32,800.598
2048,4096,32,64,799.79
2048,4096,32,128,816.898
2048,4096,32,256,834.456
2048,4096,32,512,875.458
2048,4096,32,1024,939.458
2048,4096,32,2048,1052.55
2048,4096,32,4096,1282.01
2048,4096,32,8192,1846.92
2048,4096,32,16384,4847.58
2048,4096,64,16,892.312
2048,4096,64,32,895.512
2048,4096,64,64,894.936
2048,4096,64,128,927.578
2048,4096,64,256,961.944
2048,4096,64,512,1021.42
2048,4096,64,1024,1142.53
2048,4096,64,2048,1367.09
2048,4096,64,4096,1932.15
2048,4096,64,8192,5190.16
2048,4096,64,16384,10757.4
2048,4096,128,16,1074.48
2048,4096,128,32,1072.77
2048,4096,128,64,1076.55
2048,4096,128,128,1132.36
2048,4096,128,256,1190.4
2048,4096,128,512,1311.77
2048,4096,128,1024,1584.94
2048,4096,128,2048,2232.9
2048,4096,128,4096,5396.42
2048,4096,128,8192,11432.9
2048,4096,128,16384,22649.4
2048,5832,0,0,932.142
2048,8192,0,0,1206.25
2048,8192,1,16,1206.08
2048,8192,1,32,1209.47
2048,8192,1,64,1209.26
2048,8192,1,128,1211.56
2048,8192,1,256,1208.9
2048,8192,1,512,1211.22
2048,8192,1,1024,1208.15
2048,8192,1,2048,1207.85
2048,8192,1,4096,1209.45
2048,8192,1,8192,1216
2048,8192,1,16384,1481.56
2048,8192,2,16,1207.28
2048,8192,2,32,1211.97
2048,8192,2,64,1212.42
2048,8192,2,128,1208.64
2048,8192,2,256,1216.21
2048,8192,2,512,1211.03
2048,8192,2,1024,1216.05
2048,8192,2,2048,1225.15
2048,8192,2,4096,1226.84
2048,8192,2,8192,1229.33
2048,8192,2,16384,1538.18
2048,8192,4,16,1212.71
2048,8192,4,32,1210.71
2048,8192,4,64,1215.06
2048,8192,4,128,1215.87
2048,8192,4,256,1215.77
2048,8192,4,512,1224.28
2048,8192,4,1024,1227.18
2048,8192,4,2048,1251.29
2048,8192,4,4096,1335.06
2048,8192,4,8192,1502.4
2048,8192,4,16384,1803.87
2048,8192,8,16,1219.35
2048,8192,8,32,1220.93
2048,8192,8,64,1225.11
2048,8192,8,128,1225.11
2048,8192,8,256,1230.96
2048,8192,8,512,1239.49
2048,8192,8,1024,1260.03
2048,8192,8,2048,1303.23
2048,8192,8,4096,1389.74
2048,8192,8,8192,1551.3
2048,8192,8,16384,1888.28
2048,8192,16,16,1245.08
2048,8192,16,32,1243.14
2048,8192,16,64,1244.21
2048,8192,16,128,1252.12
2048,8192,16,256,1259.99
2048,8192,16,512,1275.95
2048,8192,16,1024,1315.97
2048,8192,16,2048,1401.75
2048,8192,16,4096,1564.21
2048,8192,16,8192,1819.5
2048,8192,16,16384,2574.3
2048,8192,32,16,1287.11
2048,8192,32,32,1287.51
2048,8192,32,64,1286.43
2048,8192,32,128,1303.04
2048,8192,32,256,1322.5
2048,8192,32,512,1362.6
2048,8192,32,1024,1445.87
2048,8192,32,2048,1593.78
2048,8192,32,4096,1800.11
2048,8192,32,8192,2342.54
2048,8192,32,16384,3490.32
2048,8192,64,16,1379.46
2048,8192,64,32,1385.18
2048,8192,64,64,1382.21
2048,8192,64,128,1416.11
2048,8192,64,256,1451.12
2048,8192,64,512,1529.9
2048,8192,64,1024,1666.99
2048,8192,64,2048,1927.26
2048,8192,64,4096,2500.96
2048,8192,64,8192,3744.48
2048,8192,64,16384,10505.8
2048,8192,128,16,1581.21
2048,8192,128,32,1581.23
2048,8192,128,64,1579.29
2048,8192,128,128,1655.43
2048,8192,128,256,1719.18
2048,8192,128,512,1844.68
2048,8192,128,1024,2102.38
2048,8192,128,2048,2726.46
2048,8192,128,4096,5851.64
2048,8192,128,8192,11118.4
2048,8192,128,16384,22679.6
2048,8748,0,0,1278.72
2048,13122,0,0,1814.55
2048,16384,0,0,2201.24
2048,16384,1,16,2193.18
2048,16384,1,32,2197.46
2048,16384,1,64,2195.5
2048,16384,1,128,2196.24
2048,16384,1,256,2197.26
2048,16384,1,512,2196.28
2048,16384,1,1024,2200.9
2048,16384,1,2048,2201.52
2048,16384,1,4096,2198.28
2048,16384,1,8192,2195.94
2048,16384,1,16384,2200.24
2048,16384,2,16,2195.42
2048,16384,2,32,2198.86
2048,16384,2,64,2197.62
2048,16384,2,128,2200.46
2048,16384,2,256,2198.62
2048,16384,2,512,2202.1
2048,16384,2,1024,2205.3
2048,16384,2,2048,2205.96
2048,16384,2,4096,2208.36
2048,16384,2,8192,2210.28
2048,16384,2,16384,2213.14
2048,16384,4,16,2207.76
2048,16384,4,32,2203.9
2048,16384,4,64,2204.88
2048,16384,4,128,2208.02
2048,16384,4,256,2204.1
2048,16384,4,512,2205.98
2048,16384,4,1024,2219.3
2048,16384,4,2048,2238.52
2048,16384,4,4096,2328.7
2048,16384,4,8192,2492.52
2048,16384,4,16384,2832.26
2048,16384,8,16,2209.64
2048,16384,8,32,2211.94
2048,16384,8,64,2211.66
2048,16384,8,128,2209.08
2048,16384,8,256,2221.62
2048,16384,8,512,2225.6
2048,16384,8,1024,2246.68
2048,16384,8,2048,2287.02
2048,16384,8,4096,2377.76
2048,16384,8,8192,2553.6
2048,16384,8,16384,2888.6
2048,16384,16,16,2226.82
2048,16384,16,32,2223.9
2048,16384,16,64,2228.58
2048,16384,16,128,2233.5
2048,16384,16,256,2247.36
2048,16384,16,512,2261.16
2048,16384,16,1024,2298.24
2048,16384,16,2048,2381.16
2048,16384,16,4096,2559.92
2048,16384,16,8192,2893.42
2048,16384,16,16384,3576.58
2048,16384,32,16,2274.78
2048,16384,32,32,2270.8
2048,16384,32,64,2273.74
2048,16384,32,128,2295.06
2048,16384,32,256,2306.8
2048,16384,32,512,2345.48
2048,16384,32,1024,2425.68
2048,16384,32,2048,2590.66
2048,16384,32,4096,2907.34
2048,16384,32,8192,3335.46
2048,16384,32,16384,4423.88
2048,16384,64,16,2369.04
2048,16384,64,32,2368.44
2048,16384,64,64,2368.94
2048,16384,64,128,2400.04
2048,16384,64,256,2440.26
2048,16384,64,512,2502.78
2048,16384,64,1024,2655.3
2048,16384,64,2048,2961.5
2048,16384,64,4096,3570.6
2048,16384,64,8192,5508.78
2048,16384,64,16384,8803.06
2048,16384,128,16,2559.96
2048,16384,128,32,2563.96
2048,16384,128,64,2562.3
2048,16384,128,128,2632.04
2048,16384,128,256,2698.72
2048,16384,128,512,2852.84
2048,16384,128,1024,3155.94
2048,16384,128,2048,3784.12
2048,16384,128,4096,6349.68
2048,16384,128,8192,11860.8
2048,16384,128,16384,22588
