regime,n,nb,ratio,skew,pc,kp,kvs,kv_big,kv_mean,t_mean_us,t_max_us,t_skew_us,alpha
pure,2,1,0.5,4.0,0,0,128,512,320,44.704,46.528,46.112,0.7719
pure,2,1,0.5,4.0,0,0,256,1024,640,47.425,50.944,49.151,0.4905
pure,2,1,0.5,4.0,0,0,512,2048,1280,54.273,62.818,56.64,0.277
pure,2,1,0.5,4.0,0,0,1024,4096,2560,69.124,88.704,75.295,0.3152
pure,2,1,0.5,4.0,0,0,2048,8192,5120,100.289,121.536,96.77,-0.1656
pure,2,1,0.5,4.0,0,0,4096,16384,10240,142.369,192.13,143.393,0.0206
mixed,2,1,0.5,4.0,16,0,128,512,320,37.473,51.682,51.359,0.9773
mixed,2,1,0.5,4.0,16,0,256,1024,640,59.969,84.288,84.256,0.9987
mixed,2,1,0.5,4.0,16,0,512,2048,1280,99.968,151.295,151.327,1.0006
mixed,2,1,0.5,4.0,16,0,1024,4096,2560,183.967,284.671,284.034,0.9937
mixed,2,1,0.5,4.0,16,0,2048,8192,5120,350.945,552.449,554.081,1.0081
mixed,2,1,0.5,4.0,16,0,4096,16384,10240,686.018,1087.36,1090.18,1.007
mixed,2,1,0.5,4.0,16,512,128,512,320,51.84,52.736,51.903,0.0703
mixed,2,1,0.5,4.0,16,512,256,1024,640,59.49,84.609,84.097,0.9796
mixed,2,1,0.5,4.0,16,512,512,2048,1280,99.745,150.816,151.487,1.0131
mixed,2,1,0.5,4.0,16,512,1024,4096,2560,183.871,284.48,284.576,1.001
mixed,2,1,0.5,4.0,16,512,2048,8192,5120,351.777,551.968,553.824,1.0093
mixed,2,1,0.5,4.0,16,512,4096,16384,10240,685.793,1088.16,1093.47,1.0132
mixed,2,1,0.5,4.0,16,1024,128,512,320,84.512,84.866,84.993,1.3588
mixed,2,1,0.5,4.0,16,1024,256,1024,640,85.281,85.889,85.025,-0.4211
mixed,2,1,0.5,4.0,16,1024,512,2048,1280,99.776,151.297,150.814,0.9906
mixed,2,1,0.5,4.0,16,1024,1024,4096,2560,184.35,285.889,284.48,0.9861
mixed,2,1,0.5,4.0,16,1024,2048,8192,5120,351.552,553.344,554.943,1.0079
mixed,2,1,0.5,4.0,16,1024,4096,16384,10240,686.528,1088.1,1090.79,1.0067
mixed,2,1,0.5,4.0,16,2048,128,512,320,151.808,151.489,151.713,
mixed,2,1,0.5,4.0,16,2048,256,1024,640,151.36,151.872,151.744,0.75
mixed,2,1,0.5,4.0,16,2048,512,2048,1280,151.425,152.128,151.68,0.3627
mixed,2,1,0.5,4.0,16,2048,1024,4096,2560,185.376,284.737,283.774,0.9903
mixed,2,1,0.5,4.0,16,2048,2048,8192,5120,351.04,552.963,554.146,1.0059
mixed,2,1,0.5,4.0,16,2048,4096,16384,10240,685.056,1087.43,1090.4,1.0074
mixed,2,1,0.5,4.0,16,4096,128,512,320,285.919,287.136,285.793,-0.1035
mixed,2,1,0.5,4.0,16,4096,256,1024,640,285.216,286.815,285.408,0.1201
mixed,2,1,0.5,4.0,16,4096,512,2048,1280,286.24,286.239,284.832,
mixed,2,1,0.5,4.0,16,4096,1024,4096,2560,285.473,285.92,285.408,-0.1454
mixed,2,1,0.5,4.0,16,4096,2048,8192,5120,352.288,553.281,553.76,1.0024
mixed,2,1,0.5,4.0,16,4096,4096,16384,10240,686.72,1089.12,1088.06,0.9974
mixed,2,1,0.5,4.0,16,8192,128,512,320,556.896,556.739,556.514,
mixed,2,1,0.5,4.0,16,8192,256,1024,640,557.535,555.552,557.536,
mixed,2,1,0.5,4.0,16,8192,512,2048,1280,555.296,557.505,556.738,0.6528
mixed,2,1,0.5,4.0,16,8192,1024,4096,2560,556.129,556.483,554.402,-4.8785
mixed,2,1,0.5,4.0,16,8192,2048,8192,5120,552.511,552.287,557.826,
mixed,2,1,0.5,4.0,16,8192,4096,16384,10240,685.216,1087.2,1089.38,1.0054
mixed,2,1,0.5,4.0,32,0,128,512,320,37.857,52.191,51.68,0.9644
mixed,2,1,0.5,4.0,32,0,256,1024,640,59.712,84.32,84.256,0.9974
mixed,2,1,0.5,4.0,32,0,512,2048,1280,100.096,151.01,150.879,0.9974
mixed,2,1,0.5,4.0,32,0,1024,4096,2560,184.961,285.152,284.415,0.9926
mixed,2,1,0.5,4.0,32,0,2048,8192,5120,352.224,553.347,555.326,1.0098
mixed,2,1,0.5,4.0,32,0,4096,16384,10240,685.536,1089.35,1091.78,1.006
mixed,2,1,0.5,4.0,32,512,128,512,320,52.095,52.736,52.064,-0.0484
mixed,2,1,0.5,4.0,32,512,256,1024,640,59.201,84.704,84.096,0.9762
mixed,2,1,0.5,4.0,32,512,512,2048,1280,99.714,151.39,150.88,0.9901
mixed,2,1,0.5,4.0,32,512,1024,4096,2560,185.217,284.128,285.089,1.0097
mixed,2,1,0.5,4.0,32,512,2048,8192,5120,352.288,554.049,554.402,1.0017
mixed,2,1,0.5,4.0,32,512,4096,16384,10240,690.593,1088.26,1090.85,1.0065
mixed,2,1,0.5,4.0,32,1024,128,512,320,84.864,85.183,84.992,0.4013
mixed,2,1,0.5,4.0,32,1024,256,1024,640,85.279,85.952,84.961,-0.4725
mixed,2,1,0.5,4.0,32,1024,512,2048,1280,99.744,151.105,150.526,0.9887
mixed,2,1,0.5,4.0,32,1024,1024,4096,2560,184.864,284.608,284.544,0.9994
mixed,2,1,0.5,4.0,32,1024,2048,8192,5120,352.544,552.48,555.424,1.0147
mixed,2,1,0.5,4.0,32,1024,4096,16384,10240,686.528,1090.37,1092.29,1.0047
mixed,2,1,0.5,4.0,32,2048,128,512,320,151.872,152.032,151.841,-0.1938
mixed,2,1,0.5,4.0,32,2048,256,1024,640,152.16,151.84,152.256,
mixed,2,1,0.5,4.0,32,2048,512,2048,1280,151.425,152.64,151.808,0.3152
mixed,2,1,0.5,4.0,32,2048,1024,4096,2560,185.345,286.463,284.96,0.9851
mixed,2,1,0.5,4.0,32,2048,2048,8192,5120,352.928,552.703,555.52,1.0141
mixed,2,1,0.5,4.0,32,2048,4096,16384,10240,684.579,1088.19,1093.28,1.0126
mixed,2,1,0.5,4.0,32,4096,128,512,320,287.52,285.921,285.251,
mixed,2,1,0.5,4.0,32,4096,256,1024,640,285.474,285.218,286.08,
mixed,2,1,0.5,4.0,32,4096,512,2048,1280,284.896,286.689,285.248,0.1963
mixed,2,1,0.5,4.0,32,4096,1024,4096,2560,285.761,285.727,287.232,
mixed,2,1,0.5,4.0,32,4096,2048,8192,5120,351.264,552.768,555.584,1.014
mixed,2,1,0.5,4.0,32,4096,4096,16384,10240,687.2,1088.84,1092.29,1.0086
mixed,2,1,0.5,4.0,32,8192,128,512,320,555.616,556.993,557.888,1.65
mixed,2,1,0.5,4.0,32,8192,256,1024,640,556.831,557.6,558.592,2.29
mixed,2,1,0.5,4.0,32,8192,512,2048,1280,556.321,555.744,557.378,
mixed,2,1,0.5,4.0,32,8192,1024,4096,2560,554.528,555.456,556.191,1.792
mixed,2,1,0.5,4.0,32,8192,2048,8192,5120,555.521,553.377,556.129,
mixed,2,1,0.5,4.0,32,8192,4096,16384,10240,685.665,1089.64,1093.19,1.0088
mixed,2,1,0.5,4.0,64,0,128,512,320,38.336,52.255,52.321,1.0047
mixed,2,1,0.5,4.0,64,0,256,1024,640,60.255,84.608,84.449,0.9935
mixed,2,1,0.5,4.0,64,0,512,2048,1280,100.097,151.457,151.136,0.9938
mixed,2,1,0.5,4.0,64,0,1024,4096,2560,184.96,285.375,285.025,0.9965
mixed,2,1,0.5,4.0,64,0,2048,8192,5120,351.424,553.632,553.922,1.0014
mixed,2,1,0.5,4.0,64,0,4096,16384,10240,689.473,1089.79,1093.09,1.0082
mixed,2,1,0.5,4.0,64,512,128,512,320,53.344,53.886,53.279,-0.1199
mixed,2,1,0.5,4.0,64,512,256,1024,640,59.743,84.704,84.32,0.9846
mixed,2,1,0.5,4.0,64,512,512,2048,1280,99.936,151.04,151.009,0.9994
mixed,2,1,0.5,4.0,64,512,1024,4096,2560,184.96,284.991,284.96,0.9997
mixed,2,1,0.5,4.0,64,512,2048,8192,5120,351.711,552.897,556.031,1.0156
mixed,2,1,0.5,4.0,64,512,4096,16384,10240,687.329,1088.51,1093.25,1.0118
mixed,2,1,0.5,4.0,64,1024,128,512,320,86.497,86.112,86.145,
mixed,2,1,0.5,4.0,64,1024,256,1024,640,86.08,86.654,86.209,0.2247
mixed,2,1,0.5,4.0,64,1024,512,2048,1280,100.001,151.36,150.976,0.9925
mixed,2,1,0.5,4.0,64,1024,1024,4096,2560,185.28,284.607,285.026,1.0042
mixed,2,1,0.5,4.0,64,1024,2048,8192,5120,352.865,553.184,555.425,1.0112
mixed,2,1,0.5,4.0,64,1024,4096,16384,10240,687.552,1088.29,1094.43,1.0153
mixed,2,1,0.5,4.0,64,2048,128,512,320,152.927,153.248,153.376,1.3988
mixed,2,1,0.5,4.0,64,2048,256,1024,640,152.961,153.025,152.705,-4.0
mixed,2,1,0.5,4.0,64,2048,512,2048,1280,152.673,152.864,152.927,1.3298
mixed,2,1,0.5,4.0,64,2048,1024,4096,2560,184.544,283.938,285.57,1.0164
mixed,2,1,0.5,4.0,64,2048,2048,8192,5120,351.329,554.72,554.976,1.0013
mixed,2,1,0.5,4.0,64,2048,4096,16384,10240,688.482,1088.03,1092.13,1.0102
mixed,2,1,0.5,4.0,64,4096,128,512,320,287.04,286.72,287.392,
mixed,2,1,0.5,4.0,64,4096,256,1024,640,287.457,287.519,287.776,5.1452
mixed,2,1,0.5,4.0,64,4096,512,2048,1280,287.36,287.746,287.617,0.6658
mixed,2,1,0.5,4.0,64,4096,1024,4096,2560,286.273,286.88,288.737,4.0593
mixed,2,1,0.5,4.0,64,4096,2048,8192,5120,351.041,553.249,554.56,1.0065
mixed,2,1,0.5,4.0,64,4096,4096,16384,10240,688.226,1088.84,1091.46,1.0065
mixed,2,1,0.5,4.0,64,8192,128,512,320,558.369,561.025,558.367,-0.0008
mixed,2,1,0.5,4.0,64,8192,256,1024,640,557.824,559.103,557.12,-0.5504
mixed,2,1,0.5,4.0,64,8192,512,2048,1280,556.097,556.768,558.242,3.1967
mixed,2,1,0.5,4.0,64,8192,1024,4096,2560,556.287,556.002,555.424,
mixed,2,1,0.5,4.0,64,8192,2048,8192,5120,554.688,554.848,556.929,14.0063
mixed,2,1,0.5,4.0,64,8192,4096,16384,10240,688.993,1088.52,1091.9,1.0085
mixed,2,1,0.5,4.0,128,0,128,512,320,38.081,52.193,51.52,0.9523
mixed,2,1,0.5,4.0,128,0,256,1024,640,59.808,84.032,84.002,0.9988
mixed,2,1,0.5,4.0,128,0,512,2048,1280,99.296,151.008,150.688,0.9938
mixed,2,1,0.5,4.0,128,0,1024,4096,2560,184.224,284.256,283.521,0.9927
mixed,2,1,0.5,4.0,128,0,2048,8192,5120,350.881,552.609,553.345,1.0036
mixed,2,1,0.5,4.0,128,0,4096,16384,10240,684.418,1084.55,1089.66,1.0128
mixed,2,1,0.5,4.0,128,512,128,512,320,54.752,54.656,54.622,
mixed,2,1,0.5,4.0,128,512,256,1024,640,59.809,84.16,83.744,0.9829
mixed,2,1,0.5,4.0,128,512,512,2048,1280,99.873,150.688,150.496,0.9962
mixed,2,1,0.5,4.0,128,512,1024,4096,2560,184.768,284.033,284.385,1.0035
mixed,2,1,0.5,4.0,128,512,2048,8192,5120,351.328,551.714,554.529,1.014
mixed,2,1,0.5,4.0,128,512,4096,16384,10240,686.399,1087.04,1091.23,1.0105
mixed,2,1,0.5,4.0,128,1024,128,512,320,86.815,86.718,86.721,
mixed,2,1,0.5,4.0,128,1024,256,1024,640,86.815,87.199,87.008,0.5026
mixed,2,1,0.5,4.0,128,1024,512,2048,1280,99.872,150.369,150.785,1.0082
mixed,2,1,0.5,4.0,128,1024,1024,4096,2560,184.545,284.738,283.809,0.9907
mixed,2,1,0.5,4.0,128,1024,2048,8192,5120,350.879,551.264,553.248,1.0099
mixed,2,1,0.5,4.0,128,1024,4096,16384,10240,684.867,1085.86,1089.38,1.0088
mixed,2,1,0.5,4.0,128,2048,128,512,320,153.728,153.407,153.022,
mixed,2,1,0.5,4.0,128,2048,256,1024,640,153.122,153.633,153.344,0.4344
mixed,2,1,0.5,4.0,128,2048,512,2048,1280,154.241,153.824,153.345,
mixed,2,1,0.5,4.0,128,2048,1024,4096,2560,184.448,284.736,283.649,0.9892
mixed,2,1,0.5,4.0,128,2048,2048,8192,5120,350.882,553.056,551.967,0.9946
mixed,2,1,0.5,4.0,128,2048,4096,16384,10240,685.087,1086.37,1089.35,1.0074
mixed,2,1,0.5,4.0,128,4096,128,512,320,286.975,286.945,285.794,
mixed,2,1,0.5,4.0,128,4096,256,1024,640,286.177,287.008,286.146,-0.0373
mixed,2,1,0.5,4.0,128,4096,512,2048,1280,285.983,287.296,286.721,0.5621
mixed,2,1,0.5,4.0,128,4096,1024,4096,2560,286.367,286.657,286.59,0.769
mixed,2,1,0.5,4.0,128,4096,2048,8192,5120,351.072,550.722,551.874,1.0058
mixed,2,1,0.5,4.0,128,4096,4096,16384,10240,685.987,1086.47,1089.54,1.0077
mixed,2,1,0.5,4.0,128,8192,128,512,320,553.601,552.865,553.279,
mixed,2,1,0.5,4.0,128,8192,256,1024,640,554.05,553.439,553.889,
mixed,2,1,0.5,4.0,128,8192,512,2048,1280,552.898,553.283,554.435,3.9922
mixed,2,1,0.5,4.0,128,8192,1024,4096,2560,553.727,553.122,554.754,
mixed,2,1,0.5,4.0,128,8192,2048,8192,5120,552.45,552.769,554.208,5.511
mixed,2,1,0.5,4.0,128,8192,4096,16384,10240,686.018,1091.01,1093.25,1.0055
mixed,2,1,0.5,4.0,256,0,128,512,320,39.744,54.56,53.313,0.9158
mixed,2,1,0.5,4.0,256,0,256,1024,640,62.208,85.89,85.823,0.9972
mixed,2,1,0.5,4.0,256,0,512,2048,1280,101.216,152.224,152.417,1.0038
mixed,2,1,0.5,4.0,256,0,1024,4096,2560,185.633,286.433,286.688,1.0025
mixed,2,1,0.5,4.0,256,0,2048,8192,5120,353.857,553.921,556.64,1.0136
mixed,2,1,0.5,4.0,256,0,4096,16384,10240,689.281,1090.72,1092.29,1.0039
mixed,2,1,0.5,4.0,256,512,128,512,320,64.352,64.384,64.191,-5.0313
mixed,2,1,0.5,4.0,256,512,256,1024,640,64.544,85.92,85.568,0.9835
mixed,2,1,0.5,4.0,256,512,512,2048,1280,101.438,153.793,152.801,0.9811
mixed,2,1,0.5,4.0,256,512,1024,4096,2560,186.241,286.848,286.304,0.9946
mixed,2,1,0.5,4.0,256,512,2048,8192,5120,353.44,554.53,557.794,1.0162
mixed,2,1,0.5,4.0,256,512,4096,16384,10240,688.833,1091.43,1095.87,1.011
mixed,2,1,0.5,4.0,256,1024,128,512,320,95.169,95.456,95.102,-0.2334
mixed,2,1,0.5,4.0,256,1024,256,1024,640,95.904,96.673,96,0.1248
mixed,2,1,0.5,4.0,256,1024,512,2048,1280,102.273,153.665,153.376,0.9944
mixed,2,1,0.5,4.0,256,1024,1024,4096,2560,187.232,286.816,287.008,1.0019
mixed,2,1,0.5,4.0,256,1024,2048,8192,5120,354.72,556.995,557.024,1.0001
mixed,2,1,0.5,4.0,256,1024,4096,16384,10240,689.727,1093.54,1096.64,1.0077
mixed,2,1,0.5,4.0,256,2048,128,512,320,159.104,160.128,159.775,0.6553
mixed,2,1,0.5,4.0,256,2048,256,1024,640,159.393,161.502,159.648,0.1209
mixed,2,1,0.5,4.0,256,2048,512,2048,1280,160.673,162.72,161.76,0.531
mixed,2,1,0.5,4.0,256,2048,1024,4096,2560,187.585,287.905,286.943,0.9904
mixed,2,1,0.5,4.0,256,2048,2048,8192,5120,354.049,557.568,557.408,0.9992
mixed,2,1,0.5,4.0,256,2048,4096,16384,10240,689.921,1093.63,1095.33,1.0042
mixed,2,1,0.5,4.0,256,4096,128,512,320,289.377,289.632,289.826,1.7608
mixed,2,1,0.5,4.0,256,4096,256,1024,640,289.505,289.762,289.696,0.7432
mixed,2,1,0.5,4.0,256,4096,512,2048,1280,289.568,289.664,289.409,-1.6562
mixed,2,1,0.5,4.0,256,4096,1024,4096,2560,290.657,291.01,290.559,-0.2776
mixed,2,1,0.5,4.0,256,4096,2048,8192,5120,355.392,557.12,557.09,0.9999
mixed,2,1,0.5,4.0,256,4096,4096,16384,10240,689.698,1093.79,1093.83,1.0001
mixed,2,1,0.5,4.0,256,8192,128,512,320,558.017,559.234,559.009,0.8151
mixed,2,1,0.5,4.0,256,8192,256,1024,640,558.593,557.825,558.016,
mixed,2,1,0.5,4.0,256,8192,512,2048,1280,558.595,556.352,557.411,
mixed,2,1,0.5,4.0,256,8192,1024,4096,2560,556.418,556.352,556.801,
mixed,2,1,0.5,4.0,256,8192,2048,8192,5120,556.8,558.688,560.704,2.0678
mixed,2,1,0.5,4.0,256,8192,4096,16384,10240,689.698,1091.97,1096.99,1.0125
mixed,2,1,0.5,4.0,512,0,128,512,320,54.592,60.542,59.424,0.8121
mixed,2,1,0.5,4.0,512,0,256,1024,640,68.928,92.321,91.232,0.9534
mixed,2,1,0.5,4.0,512,0,512,2048,1280,107.584,156.961,156.865,0.9981
mixed,2,1,0.5,4.0,512,0,1024,4096,2560,189.409,288.896,288.703,0.9981
mixed,2,1,0.5,4.0,512,0,2048,8192,5120,354.751,554.817,556.034,1.0061
mixed,2,1,0.5,4.0,512,0,4096,16384,10240,688.832,1089.02,1092.29,1.0082
mixed,2,1,0.5,4.0,512,512,128,512,320,86.272,87.2,86.272,0.0
mixed,2,1,0.5,4.0,512,512,256,1024,640,87.295,92.738,92.48,0.9526
mixed,2,1,0.5,4.0,512,512,512,2048,1280,109.375,159.202,158.24,0.9807
mixed,2,1,0.5,4.0,512,512,1024,4096,2560,192.193,291.712,291.106,0.9939
mixed,2,1,0.5,4.0,512,512,2048,8192,5120,358.401,560.065,560.61,1.0027
mixed,2,1,0.5,4.0,512,512,4096,16384,10240,693.377,1094.02,1097.92,1.0097
mixed,2,1,0.5,4.0,512,1024,128,512,320,120.097,120.672,119.522,-1.0
mixed,2,1,0.5,4.0,512,1024,256,1024,640,120.258,120.448,119.808,-2.3684
mixed,2,1,0.5,4.0,512,1024,512,2048,1280,120.768,161.056,159.393,0.9587
mixed,2,1,0.5,4.0,512,1024,1024,4096,2560,193.985,294.176,292.961,0.9879
mixed,2,1,0.5,4.0,512,1024,2048,8192,5120,359.937,558.786,561.376,1.013
mixed,2,1,0.5,4.0,512,1024,4096,16384,10240,694.113,1091.74,1097.76,1.0151
mixed,2,1,0.5,4.0,512,2048,128,512,320,186.944,186.496,185.825,
mixed,2,1,0.5,4.0,512,2048,256,1024,640,186.591,187.232,186.241,-0.546
mixed,2,1,0.5,4.0,512,2048,512,2048,1280,187.265,188.542,187.744,0.3751
mixed,2,1,0.5,4.0,512,2048,1024,4096,2560,195.584,295.488,294.786,0.993
mixed,2,1,0.5,4.0,512,2048,2048,8192,5120,360.993,561.827,563.81,1.0099
mixed,2,1,0.5,4.0,512,2048,4096,16384,10240,695.809,1095.68,1098.59,1.0073
mixed,2,1,0.5,4.0,512,4096,128,512,320,318.432,315.234,314.56,
mixed,2,1,0.5,4.0,512,4096,256,1024,640,315.009,316.322,316.801,1.3648
mixed,2,1,0.5,4.0,512,4096,512,2048,1280,316.319,318.272,316.353,0.0174
mixed,2,1,0.5,4.0,512,4096,1024,4096,2560,317.697,321.09,318.144,0.1317
mixed,2,1,0.5,4.0,512,4096,2048,8192,5120,364.736,565.442,565.538,1.0005
mixed,2,1,0.5,4.0,512,4096,4096,16384,10240,697.409,1099.59,1102.21,1.0065
mixed,2,1,0.5,4.0,512,8192,128,512,320,568.355,568.581,568.546,0.8451
mixed,2,1,0.5,4.0,512,8192,256,1024,640,570.623,569.824,568.671,
mixed,2,1,0.5,4.0,512,8192,512,2048,1280,570.528,570.881,570.272,-0.7252
mixed,2,1,0.5,4.0,512,8192,1024,4096,2560,572.352,572.449,571.071,-13.2062
mixed,2,1,0.5,4.0,512,8192,2048,8192,5120,572.961,571.84,571.264,
mixed,2,1,0.5,4.0,512,8192,4096,16384,10240,699.392,1101.89,1104.74,1.0071
mixed,2,1,0.5,4.0,1024,0,128,512,320,128.8,134.304,130.433,0.2967
mixed,2,1,0.5,4.0,1024,0,256,1024,640,134.85,144.256,138.56,0.3944
mixed,2,1,0.5,4.0,1024,0,512,2048,1280,160.031,207.073,202.912,0.9115
mixed,2,1,0.5,4.0,1024,0,1024,4096,2560,239.423,330.592,327.808,0.9695
mixed,2,1,0.5,4.0,1024,0,2048,8192,5120,395.937,579.327,574.21,0.9721
mixed,2,1,0.5,4.0,1024,0,4096,16384,10240,701.345,1100.58,1101.06,1.0012
mixed,2,1,0.5,4.0,1024,512,128,512,320,192.738,193.889,192.479,-0.225
mixed,2,1,0.5,4.0,1024,512,256,1024,640,193.312,201.28,199.969,0.8355
mixed,2,1,0.5,4.0,1024,512,512,2048,1280,201.377,244.032,237.057,0.8365
mixed,2,1,0.5,4.0,1024,512,1024,4096,2560,275.297,367.681,361.952,0.938
mixed,2,1,0.5,4.0,1024,512,2048,8192,5120,427.522,614.336,609.534,0.9743
mixed,2,1,0.5,4.0,1024,512,4096,16384,10240,737.314,1107.88,1105.41,0.9934
mixed,2,1,0.5,4.0,1024,1024,128,512,320,255.809,256.192,256.705,2.3394
mixed,2,1,0.5,4.0,1024,1024,256,1024,640,255.52,257.667,255.841,0.1495
mixed,2,1,0.5,4.0,1024,1024,512,2048,1280,257.792,278.847,271.329,0.6429
mixed,2,1,0.5,4.0,1024,1024,1024,4096,2560,308.481,402.174,395.521,0.929
mixed,2,1,0.5,4.0,1024,1024,2048,8192,5120,463.809,650.626,645.311,0.9715
mixed,2,1,0.5,4.0,1024,1024,4096,16384,10240,773.154,1153.44,1143.14,0.9729
mixed,2,1,0.5,4.0,1024,2048,128,512,320,379.169,379.776,379.229,0.0988
mixed,2,1,0.5,4.0,1024,2048,256,1024,640,379.682,380.097,380.096,0.9976
mixed,2,1,0.5,4.0,1024,2048,512,2048,1280,380.863,380.929,381.699,12.6667
mixed,2,1,0.5,4.0,1024,2048,1024,4096,2560,390.401,468.032,460.225,0.8994
mixed,2,1,0.5,4.0,1024,2048,2048,8192,5120,527.937,715.235,706.657,0.9542
mixed,2,1,0.5,4.0,1024,2048,4096,16384,10240,839.393,1205.8,1210.34,1.0124
mixed,2,1,0.5,4.0,1024,4096,128,512,320,623.777,624.387,624.833,1.7311
mixed,2,1,0.5,4.0,1024,4096,256,1024,640,624.642,626.657,625.476,0.4139
mixed,2,1,0.5,4.0,1024,4096,512,2048,1280,627.713,625.795,626.532,
mixed,2,1,0.5,4.0,1024,4096,1024,4096,2560,627.266,631.713,628.482,0.2734
mixed,2,1,0.5,4.0,1024,4096,2048,8192,5120,660.898,847.361,842.146,0.972
mixed,2,1,0.5,4.0,1024,4096,4096,16384,10240,967.875,1345.86,1334.46,0.9699
mixed,2,1,0.5,4.0,1024,8192,128,512,320,1117.63,1121.28,1120.48,0.7813
mixed,2,1,0.5,4.0,1024,8192,256,1024,640,1120.22,1122.12,1116.19,-2.1339
mixed,2,1,0.5,4.0,1024,8192,512,2048,1280,1117.89,1116.77,1115.84,
mixed,2,1,0.5,4.0,1024,8192,1024,4096,2560,1116.87,1120.48,1118.43,0.4334
mixed,2,1,0.5,4.0,1024,8192,2048,8192,5120,1115.3,1144.1,1124.7,0.3266
mixed,2,1,0.5,4.0,1024,8192,4096,16384,10240,1225.6,1595.87,1588.39,0.9798
mixed,2,1,0.5,4.0,2048,0,128,512,320,325.856,332.482,329.536,0.5554
mixed,2,1,0.5,4.0,2048,0,256,1024,640,330.176,336.672,332.705,0.3893
mixed,2,1,0.5,4.0,2048,0,512,2048,1280,342.112,355.647,347.809,0.4209
mixed,2,1,0.5,4.0,2048,0,1024,4096,2560,389.217,485.984,474.4,0.8803
mixed,2,1,0.5,4.0,2048,0,2048,8192,5120,546.852,731.938,722.656,0.9499
mixed,2,1,0.5,4.0,2048,0,4096,16384,10240,854.755,1223.42,1221.15,0.9938
mixed,2,1,0.5,4.0,2048,512,128,512,320,434.978,435.073,431.808,-33.3684
mixed,2,1,0.5,4.0,2048,512,256,1024,640,437.282,441.857,437.185,-0.0212
mixed,2,1,0.5,4.0,2048,512,512,2048,1280,443.777,449.888,443.169,-0.0995
mixed,2,1,0.5,4.0,2048,512,1024,4096,2560,467.232,569.729,550.272,0.8102
mixed,2,1,0.5,4.0,2048,512,2048,8192,5120,630.24,817.121,804.257,0.9312
mixed,2,1,0.5,4.0,2048,512,4096,16384,10240,937.058,1310.98,1304.32,0.9822
mixed,2,1,0.5,4.0,2048,1024,128,512,320,532,535.071,532.868,0.2826
mixed,2,1,0.5,4.0,2048,1024,256,1024,640,536.514,539.426,536.929,0.1425
mixed,2,1,0.5,4.0,2048,1024,512,2048,1280,541.282,548.287,542.176,0.1276
mixed,2,1,0.5,4.0,2048,1024,1024,4096,2560,553.665,640.8,619.392,0.7543
mixed,2,1,0.5,4.0,2048,1024,2048,8192,5120,707.393,896.994,875.746,0.8879
mixed,2,1,0.5,4.0,2048,1024,4096,16384,10240,1018.34,1389.06,1379.3,0.9737
mixed,2,1,0.5,4.0,2048,2048,128,512,320,720.708,722.111,719.01,-1.2103
mixed,2,1,0.5,4.0,2048,2048,256,1024,640,726.37,730.112,723.327,-0.8132
mixed,2,1,0.5,4.0,2048,2048,512,2048,1280,732.227,738.432,725.729,-1.0472
mixed,2,1,0.5,4.0,2048,2048,1024,4096,2560,746.532,778.788,753.121,0.2043
mixed,2,1,0.5,4.0,2048,2048,2048,8192,5120,848.61,1062.65,1016.03,0.7822
mixed,2,1,0.5,4.0,2048,2048,4096,16384,10240,1184.07,1553.03,1518.47,0.9063
mixed,2,1,0.5,4.0,2048,4096,128,512,320,1087.94,1088.96,1089.03,1.0615
mixed,2,1,0.5,4.0,2048,4096,256,1024,640,1092.87,1097.54,1090.05,-0.6036
mixed,2,1,0.5,4.0,2048,4096,512,2048,1280,1098.15,1105.41,1092.13,-0.8285
mixed,2,1,0.5,4.0,2048,4096,1024,4096,2560,1107.59,1108.03,1103.91,-8.1871
mixed,2,1,0.5,4.0,2048,4096,2048,8192,5120,1115.94,1318.14,1265.09,0.7376
mixed,2,1,0.5,4.0,2048,4096,4096,16384,10240,1452.19,1917.64,1771.46,0.6859
mixed,2,1,0.5,4.0,2048,8192,128,512,320,1814.24,1821.92,1820.23,0.7796
mixed,2,1,0.5,4.0,2048,8192,256,1024,640,1815.56,1828.77,1819.52,0.3002
mixed,2,1,0.5,4.0,2048,8192,512,2048,1280,1827.59,1835.59,1825.13,-0.3077
mixed,2,1,0.5,4.0,2048,8192,1024,4096,2560,1837.48,1840.84,1829.83,-2.2772
mixed,2,1,0.5,4.0,2048,8192,2048,8192,5120,1837.89,1842.85,1842.85,0.9992
mixed,2,1,0.5,4.0,2048,8192,4096,16384,10240,1902.05,2312.32,2249.09,0.8459
pure,4,1,0.25,4.0,0,0,128,512,224,45.405,49.952,46.564,0.2549
pure,4,1,0.25,4.0,0,0,256,1024,448,48.545,59.647,51.584,0.2737
pure,4,1,0.25,4.0,0,0,512,2048,896,57.568,81.185,63.169,0.2372
pure,4,1,0.25,4.0,0,0,1024,4096,1792,76.16,116.481,79.136,0.0738
pure,4,1,0.25,4.0,0,0,2048,8192,3584,110.367,183.076,109.824,-0.0075
pure,4,1,0.25,4.0,0,0,4096,16384,7168,165.311,320.993,168.542,0.0208
mixed,4,1,0.25,4.0,16,0,128,512,224,30.464,52.479,51.68,0.9637
mixed,4,1,0.25,4.0,16,0,256,1024,448,45.535,84.672,84.033,0.9837
mixed,4,1,0.25,4.0,16,0,512,2048,896,75.904,152.608,150.912,0.9779
mixed,4,1,0.25,4.0,16,0,1024,4096,1792,133.344,284.801,284.288,0.9966
mixed,4,1,0.25,4.0,16,0,2048,8192,3584,252.545,553.667,555.555,1.0063
mixed,4,1,0.25,4.0,16,0,4096,16384,7168,486.88,1090.18,1089.66,0.9991
mixed,4,1,0.25,4.0,16,512,128,512,224,52.447,52.638,52.48,0.1728
mixed,4,1,0.25,4.0,16,512,256,1024,448,52.289,85.216,84.129,0.967
mixed,4,1,0.25,4.0,16,512,512,2048,896,76.224,152.449,151.36,0.9857
mixed,4,1,0.25,4.0,16,512,1024,4096,1792,134.881,286.144,285.696,0.997
mixed,4,1,0.25,4.0,16,512,2048,8192,3584,252.897,552.931,555.328,1.008
mixed,4,1,0.25,4.0,16,512,4096,16384,7168,485.602,1091.36,1091.78,1.0007
mixed,4,1,0.25,4.0,16,1024,128,512,224,85.248,85.022,84.962,
mixed,4,1,0.25,4.0,16,1024,256,1024,448,84.927,85.728,85.374,0.5581
mixed,4,1,0.25,4.0,16,1024,512,2048,896,84.928,151.937,150.816,0.9833
mixed,4,1,0.25,4.0,16,1024,1024,4096,1792,134.817,286.528,285.568,0.9937
mixed,4,1,0.25,4.0,16,1024,2048,8192,3584,252.93,552.865,555.873,1.01
mixed,4,1,0.25,4.0,16,1024,4096,16384,7168,484.929,1090.82,1090.27,0.9991
mixed,4,1,0.25,4.0,16,2048,128,512,224,152.257,151.744,151.425,
mixed,4,1,0.25,4.0,16,2048,256,1024,448,152.162,153.027,151.584,-0.6682
mixed,4,1,0.25,4.0,16,2048,512,2048,896,152.896,153.922,151.937,-0.9347
mixed,4,1,0.25,4.0,16,2048,1024,4096,1792,153.217,286.848,287.489,1.0048
mixed,4,1,0.25,4.0,16,2048,2048,8192,3584,253.088,553.217,555.905,1.009
mixed,4,1,0.25,4.0,16,2048,4096,16384,7168,486.177,1089.22,1089.83,1.001
mixed,4,1,0.25,4.0,16,4096,128,512,224,288.16,287.904,286.752,
mixed,4,1,0.25,4.0,16,4096,256,1024,448,286.366,287.456,285.409,-0.878
mixed,4,1,0.25,4.0,16,4096,512,2048,896,287.489,287.553,286.464,-16.0156
mixed,4,1,0.25,4.0,16,4096,1024,4096,1792,286.498,287.106,286.53,0.0526
mixed,4,1,0.25,4.0,16,4096,2048,8192,3584,287.104,553.761,554.882,1.0042
mixed,4,1,0.25,4.0,16,4096,4096,16384,7168,485.953,1087.87,1091.78,1.0065
mixed,4,1,0.25,4.0,16,8192,128,512,224,559.168,558.402,559.584,
mixed,4,1,0.25,4.0,16,8192,256,1024,448,559.042,559.875,557.153,-2.2677
mixed,4,1,0.25,4.0,16,8192,512,2048,896,559.555,558.881,558.37,
mixed,4,1,0.25,4.0,16,8192,1024,4096,1792,557.762,557.089,558.528,
mixed,4,1,0.25,4.0,16,8192,2048,8192,3584,556.832,555.297,557.409,
mixed,4,1,0.25,4.0,16,8192,4096,16384,7168,555.361,1088.67,1089.28,1.0011
mixed,4,1,0.25,4.0,32,0,128,512,224,30.624,52.129,51.999,0.994
mixed,4,1,0.25,4.0,32,0,256,1024,448,45.535,85.344,84.353,0.9751
mixed,4,1,0.25,4.0,32,0,512,2048,896,75.966,152.225,150.88,0.9824
mixed,4,1,0.25,4.0,32,0,1024,4096,1792,133.984,285.891,286.049,1.001
mixed,4,1,0.25,4.0,32,0,2048,8192,3584,251.968,552.705,556.192,1.0116
mixed,4,1,0.25,4.0,32,0,4096,16384,7168,487.712,1093.44,1092.74,0.9988
mixed,4,1,0.25,4.0,32,512,128,512,224,52.639,53.025,52.576,-0.1632
mixed,4,1,0.25,4.0,32,512,256,1024,448,52.288,85.121,84.449,0.9795
mixed,4,1,0.25,4.0,32,512,512,2048,896,75.712,151.936,151.778,0.9979
mixed,4,1,0.25,4.0,32,512,1024,4096,1792,134.465,285.824,286.816,1.0066
mixed,4,1,0.25,4.0,32,512,2048,8192,3584,252.191,556.546,554.786,0.9942
mixed,4,1,0.25,4.0,32,512,4096,16384,7168,485.827,1091.23,1095.14,1.0065
mixed,4,1,0.25,4.0,32,1024,128,512,224,85.152,85.057,84.929,
mixed,4,1,0.25,4.0,32,1024,256,1024,448,85.091,86.208,85.121,0.0269
mixed,4,1,0.25,4.0,32,1024,512,2048,896,85.505,153.601,151.426,0.9681
mixed,4,1,0.25,4.0,32,1024,1024,4096,1792,134.687,286.848,285.696,0.9924
mixed,4,1,0.25,4.0,32,1024,2048,8192,3584,252.64,555.617,555.296,0.9989
mixed,4,1,0.25,4.0,32,1024,4096,16384,7168,485.344,1090.66,1092.93,1.0038
mixed,4,1,0.25,4.0,32,2048,128,512,224,152.031,152.736,151.808,-0.3163
mixed,4,1,0.25,4.0,32,2048,256,1024,448,153.152,153.6,151.84,-2.9286
mixed,4,1,0.25,4.0,32,2048,512,2048,896,153.697,153.855,152.256,-9.1203
mixed,4,1,0.25,4.0,32,2048,1024,4096,1792,153.12,286.4,285.825,0.9957
mixed,4,1,0.25,4.0,32,2048,2048,8192,3584,253.601,554.144,557.219,1.0102
mixed,4,1,0.25,4.0,32,2048,4096,16384,7168,487.234,1089.7,1093.98,1.0071
mixed,4,1,0.25,4.0,32,4096,128,512,224,287.808,286.785,288.066,
mixed,4,1,0.25,4.0,32,4096,256,1024,448,287.136,287.425,287.615,1.6574
mixed,4,1,0.25,4.0,32,4096,512,2048,896,287.841,286.754,286.624,
mixed,4,1,0.25,4.0,32,4096,1024,4096,1792,288.256,286.88,288.288,
mixed,4,1,0.25,4.0,32,4096,2048,8192,3584,286.721,553.281,556.386,1.0116
mixed,4,1,0.25,4.0,32,4096,4096,16384,7168,486.144,1092,1094.4,1.004
mixed,4,1,0.25,4.0,32,8192,128,512,224,559.968,559.97,557.056,-1456.0
mixed,4,1,0.25,4.0,32,8192,256,1024,448,559.552,559.743,560.323,4.0366
mixed,4,1,0.25,4.0,32,8192,512,2048,896,560.448,558.656,559.713,
mixed,4,1,0.25,4.0,32,8192,1024,4096,1792,557.409,557.409,556.896,-4512395720392.0
mixed,4,1,0.25,4.0,32,8192,2048,8192,3584,556.577,555.713,557.407,
mixed,4,1,0.25,4.0,32,8192,4096,16384,7168,555.202,1092.67,1093.54,1.0016
mixed,4,1,0.25,4.0,64,0,128,512,224,30.657,52.993,52.129,0.9613
mixed,4,1,0.25,4.0,64,0,256,1024,448,45.728,85.632,84.16,0.9631
mixed,4,1,0.25,4.0,64,0,512,2048,896,76.479,151.904,151.616,0.9962
mixed,4,1,0.25,4.0,64,0,1024,4096,1792,134.817,285.472,286.88,1.0093
mixed,4,1,0.25,4.0,64,0,2048,8192,3584,252.545,552.897,555.616,1.0091
mixed,4,1,0.25,4.0,64,0,4096,16384,7168,486.305,1092.8,1091.81,0.9984
mixed,4,1,0.25,4.0,64,512,128,512,224,53.408,54.051,53.536,0.1991
mixed,4,1,0.25,4.0,64,512,256,1024,448,53.536,85.856,84.768,0.9663
mixed,4,1,0.25,4.0,64,512,512,2048,896,76.48,153.089,151.264,0.9762
mixed,4,1,0.25,4.0,64,512,1024,4096,1792,134.624,286.114,285.986,0.9992
mixed,4,1,0.25,4.0,64,512,2048,8192,3584,252.865,553.762,555.361,1.0053
mixed,4,1,0.25,4.0,64,512,4096,16384,7168,486.72,1092.77,1092.32,0.9993
mixed,4,1,0.25,4.0,64,1024,128,512,224,86.047,87.2,86.496,0.3894
mixed,4,1,0.25,4.0,64,1024,256,1024,448,86.687,87.84,87.007,0.2775
mixed,4,1,0.25,4.0,64,1024,512,2048,896,87.519,152.321,151.648,0.9896
mixed,4,1,0.25,4.0,64,1024,1024,4096,1792,135.2,288.031,285.986,0.9866
mixed,4,1,0.25,4.0,64,1024,2048,8192,3584,252.801,554.818,555.969,1.0038
mixed,4,1,0.25,4.0,64,1024,4096,16384,7168,485.569,1092.71,1094.69,1.0033
mixed,4,1,0.25,4.0,64,2048,128,512,224,153.248,153.218,153.504,
mixed,4,1,0.25,4.0,64,2048,256,1024,448,153.185,153.534,153.025,-0.4585
mixed,4,1,0.25,4.0,64,2048,512,2048,896,153.695,155.169,153.184,-0.3467
mixed,4,1,0.25,4.0,64,2048,1024,4096,1792,154.848,286.786,287.392,1.0046
mixed,4,1,0.25,4.0,64,2048,2048,8192,3584,253.921,554.145,555.776,1.0054
mixed,4,1,0.25,4.0,64,2048,4096,16384,7168,487.234,1089.95,1093.47,1.0058
mixed,4,1,0.25,4.0,64,4096,128,512,224,288.545,289.12,287.711,-1.4504
mixed,4,1,0.25,4.0,64,4096,256,1024,448,289.761,289.184,289.346,
mixed,4,1,0.25,4.0,64,4096,512,2048,896,288.511,289.09,288.353,-0.2729
mixed,4,1,0.25,4.0,64,4096,1024,4096,1792,288.64,288.64,287.776,-15199648742375.0
mixed,4,1,0.25,4.0,64,4096,2048,8192,3584,287.841,554.852,556.098,1.0047
mixed,4,1,0.25,4.0,64,4096,4096,16384,7168,487.967,1095.56,1093.6,0.9968
mixed,4,1,0.25,4.0,64,8192,128,512,224,560.833,561.472,559.777,-1.6526
mixed,4,1,0.25,4.0,64,8192,256,1024,448,561.568,560.291,561.731,
mixed,4,1,0.25,4.0,64,8192,512,2048,896,560.801,562.015,559.487,-1.0824
mixed,4,1,0.25,4.0,64,8192,1024,4096,1792,560.673,558.624,558.339,
mixed,4,1,0.25,4.0,64,8192,2048,8192,3584,558.432,556.928,558.85,
mixed,4,1,0.25,4.0,64,8192,4096,16384,7168,556.353,1091.94,1094.15,1.0041
mixed,4,1,0.25,4.0,128,0,128,512,224,31.424,53.793,51.937,0.917
mixed,4,1,0.25,4.0,128,0,256,1024,448,46.144,85.921,84.16,0.9557
mixed,4,1,0.25,4.0,128,0,512,2048,896,77.344,152.993,151.808,0.9843
mixed,4,1,0.25,4.0,128,0,1024,4096,1792,134.72,286.56,285.921,0.9958
mixed,4,1,0.25,4.0,128,0,2048,8192,3584,253.6,553.6,555.683,1.0069
mixed,4,1,0.25,4.0,128,0,4096,16384,7168,487.97,1091.39,1090.08,0.9978
mixed,4,1,0.25,4.0,128,512,128,512,224,55.008,55.52,54.689,-0.623
mixed,4,1,0.25,4.0,128,512,256,1024,448,55.169,86.336,84.416,0.9384
mixed,4,1,0.25,4.0,128,512,512,2048,896,77.44,154.432,151.968,0.968
mixed,4,1,0.25,4.0,128,512,1024,4096,1792,135.613,287.52,287.104,0.9973
mixed,4,1,0.25,4.0,128,512,2048,8192,3584,253.538,555.586,555.33,0.9992
mixed,4,1,0.25,4.0,128,512,4096,16384,7168,486.273,1094.18,1094.98,1.0013
mixed,4,1,0.25,4.0,128,1024,128,512,224,87.776,87.809,87.518,-7.8182
mixed,4,1,0.25,4.0,128,1024,256,1024,448,88.256,88.832,87.489,-1.3316
mixed,4,1,0.25,4.0,128,1024,512,2048,896,87.648,154.368,151.999,0.9645
mixed,4,1,0.25,4.0,128,1024,1024,4096,1792,135.329,287.649,285.855,0.9882
mixed,4,1,0.25,4.0,128,1024,2048,8192,3584,254.816,555.263,554.017,0.9959
mixed,4,1,0.25,4.0,128,1024,4096,16384,7168,487.265,1091.33,1093.35,1.0033
mixed,4,1,0.25,4.0,128,2048,128,512,224,154.37,154.496,154.273,-0.7698
mixed,4,1,0.25,4.0,128,2048,256,1024,448,154.689,155.872,154.239,-0.3804
mixed,4,1,0.25,4.0,128,2048,512,2048,896,155.2,156.351,154.72,-0.417
mixed,4,1,0.25,4.0,128,2048,1024,4096,1792,155.872,287.906,286.209,0.9871
mixed,4,1,0.25,4.0,128,2048,2048,8192,3584,254.463,555.168,555.36,1.0006
mixed,4,1,0.25,4.0,128,2048,4096,16384,7168,487.713,1091.71,1092.38,1.0011
mixed,4,1,0.25,4.0,128,4096,128,512,224,287.456,288.768,287.521,0.0495
mixed,4,1,0.25,4.0,128,4096,256,1024,448,289.088,289.986,287.423,-1.8541
mixed,4,1,0.25,4.0,128,4096,512,2048,896,290.559,289.151,287.874,
mixed,4,1,0.25,4.0,128,4096,1024,4096,1792,288.224,290.143,288.928,0.3669
mixed,4,1,0.25,4.0,128,4096,2048,8192,3584,288.992,556.481,554.272,0.9917
mixed,4,1,0.25,4.0,128,4096,4096,16384,7168,488.032,1095.65,1093.86,0.9971
mixed,4,1,0.25,4.0,128,8192,128,512,224,556.386,555.875,556.736,
mixed,4,1,0.25,4.0,128,8192,256,1024,448,555.681,557.057,557.888,1.6039
mixed,4,1,0.25,4.0,128,8192,512,2048,896,558.369,557.153,556.288,
mixed,4,1,0.25,4.0,128,8192,1024,4096,1792,555.872,556.352,556.481,1.2688
mixed,4,1,0.25,4.0,128,8192,2048,8192,3584,557.281,556.835,557.507,
mixed,4,1,0.25,4.0,128,8192,4096,16384,7168,555.457,1094.91,1092.38,0.9953
mixed,4,1,0.25,4.0,256,0,128,512,224,34.497,55.617,54.626,0.9531
mixed,4,1,0.25,4.0,256,0,256,1024,448,48.736,86.338,86.08,0.9931
mixed,4,1,0.25,4.0,256,0,512,2048,896,78.848,154.015,152.384,0.9783
mixed,4,1,0.25,4.0,256,0,1024,4096,1792,136.641,286.593,286.017,0.9962
mixed,4,1,0.25,4.0,256,0,2048,8192,3584,254.496,554.4,555.906,1.005
mixed,4,1,0.25,4.0,256,0,4096,16384,7168,487.361,1093.09,1093.89,1.0013
mixed,4,1,0.25,4.0,256,512,128,512,224,65.568,65.92,65.6,0.0909
mixed,4,1,0.25,4.0,256,512,256,1024,448,65.826,88.224,86.273,0.9129
mixed,4,1,0.25,4.0,256,512,512,2048,896,79.584,155.423,153.921,0.9802
mixed,4,1,0.25,4.0,256,512,1024,4096,1792,136.736,288.288,286.625,0.989
mixed,4,1,0.25,4.0,256,512,2048,8192,3584,254.688,556.482,556.608,1.0004
mixed,4,1,0.25,4.0,256,512,4096,16384,7168,487.937,1091.65,1092.64,1.0016
mixed,4,1,0.25,4.0,256,1024,128,512,224,97.409,98.304,97.249,-0.1788
mixed,4,1,0.25,4.0,256,1024,256,1024,448,98.177,97.92,97.408,
mixed,4,1,0.25,4.0,256,1024,512,2048,896,98.239,156.415,153.375,0.9477
mixed,4,1,0.25,4.0,256,1024,1024,4096,1792,138.272,289.728,288.994,0.9952
mixed,4,1,0.25,4.0,256,1024,2048,8192,3584,255.936,557.536,556,0.9949
mixed,4,1,0.25,4.0,256,1024,4096,16384,7168,488.737,1093.15,1093.76,1.001
mixed,4,1,0.25,4.0,256,2048,128,512,224,161.024,161.537,161.024,0.0
mixed,4,1,0.25,4.0,256,2048,256,1024,448,162.591,165.057,162.242,-0.1415
mixed,4,1,0.25,4.0,256,2048,512,2048,896,162.303,165.92,162.943,0.1769
mixed,4,1,0.25,4.0,256,2048,1024,4096,1792,164.865,290.688,288.672,0.984
mixed,4,1,0.25,4.0,256,2048,2048,8192,3584,257.601,557.443,557.345,0.9997
mixed,4,1,0.25,4.0,256,2048,4096,16384,7168,489.571,1094.98,1094.18,0.9987
mixed,4,1,0.25,4.0,256,4096,128,512,224,290.721,291.585,289.537,-1.3704
mixed,4,1,0.25,4.0,256,4096,256,1024,448,290.241,291.744,291.265,0.6813
mixed,4,1,0.25,4.0,256,4096,512,2048,896,291.33,292.896,289.889,-0.9202
mixed,4,1,0.25,4.0,256,4096,1024,4096,1792,292.257,294.817,292.224,-0.0129
mixed,4,1,0.25,4.0,256,4096,2048,8192,3584,296.61,559.235,557.857,0.9948
mixed,4,1,0.25,4.0,256,4096,4096,16384,7168,490.465,1095.04,1094.31,0.9988
mixed,4,1,0.25,4.0,256,8192,128,512,224,558.594,559.426,561.952,4.0361
mixed,4,1,0.25,4.0,256,8192,256,1024,448,560.608,560.353,560.354,
mixed,4,1,0.25,4.0,256,8192,512,2048,896,560.259,558.911,558.53,
mixed,4,1,0.25,4.0,256,8192,1024,4096,1792,559.136,559.779,558.785,-0.5459
mixed,4,1,0.25,4.0,256,8192,2048,8192,3584,559.683,560.258,559.808,0.2174
mixed,4,1,0.25,4.0,256,8192,4096,16384,7168,561.089,1096.07,1095.04,0.9981
mixed,4,1,0.25,4.0,512,0,128,512,224,61.379,75.202,73.441,0.8726
mixed,4,1,0.25,4.0,512,0,256,1024,448,67.968,106.497,104.706,0.9535
mixed,4,1,0.25,4.0,512,0,512,2048,896,99.136,170.272,166.304,0.9442
mixed,4,1,0.25,4.0,512,0,1024,4096,1792,154.816,295.394,291.362,0.9713
mixed,4,1,0.25,4.0,512,0,2048,8192,3584,264.67,558.912,560.161,1.0042
mixed,4,1,0.25,4.0,512,0,4096,16384,7168,492.128,1101.6,1096.51,0.9916
mixed,4,1,0.25,4.0,512,512,128,512,224,93.634,104.512,94.688,0.0969
mixed,4,1,0.25,4.0,512,512,256,1024,448,95.04,142.079,120.13,0.5334
mixed,4,1,0.25,4.0,512,512,512,2048,896,133.409,204.929,198.688,0.9127
mixed,4,1,0.25,4.0,512,512,1024,4096,1792,188.96,330.113,325.085,0.9644
mixed,4,1,0.25,4.0,512,512,2048,8192,3584,298.594,578.335,571.936,0.9771
mixed,4,1,0.25,4.0,512,512,4096,16384,7168,516.575,1100.54,1099.74,0.9986
mixed,4,1,0.25,4.0,512,1024,128,512,224,126.561,128.225,126.112,-0.2698
mixed,4,1,0.25,4.0,512,1024,256,1024,448,127.392,173.633,127.104,-0.0062
mixed,4,1,0.25,4.0,512,1024,512,2048,896,155.2,239.233,200.257,0.5362
mixed,4,1,0.25,4.0,512,1024,1024,4096,1792,224.479,366.016,355.842,0.9281
mixed,4,1,0.25,4.0,512,1024,2048,8192,3584,333.218,617.058,605.761,0.9602
mixed,4,1,0.25,4.0,512,1024,4096,16384,7168,551.745,1108.48,1102.18,0.9887
mixed,4,1,0.25,4.0,512,2048,128,512,224,190.527,194.209,191.713,0.3221
mixed,4,1,0.25,4.0,512,2048,256,1024,448,193.186,195.585,193.184,-0.0008
mixed,4,1,0.25,4.0,512,2048,512,2048,896,194.593,303.777,201.695,0.065
mixed,4,1,0.25,4.0,512,2048,1024,4096,1792,270.881,431.842,359.232,0.5489
mixed,4,1,0.25,4.0,512,2048,2048,8192,3584,401.409,682.594,671.299,0.9598
mixed,4,1,0.25,4.0,512,2048,4096,16384,7168,618.239,1180.71,1167.55,0.9766
mixed,4,1,0.25,4.0,512,4096,128,512,224,320.481,321.664,319.267,-1.0262
mixed,4,1,0.25,4.0,512,4096,256,1024,448,319.489,324.385,321.086,0.3262
mixed,4,1,0.25,4.0,512,4096,512,2048,896,322.015,326.754,322.849,0.176
mixed,4,1,0.25,4.0,512,4096,1024,4096,1792,325.248,564.225,363.072,0.1583
mixed,4,1,0.25,4.0,512,4096,2048,8192,3584,501.507,815.778,677.698,0.5606
mixed,4,1,0.25,4.0,512,4096,4096,16384,7168,753.087,1312.8,1302.31,0.9812
mixed,4,1,0.25,4.0,512,8192,128,512,224,574.242,571.808,570.721,
mixed,4,1,0.25,4.0,512,8192,256,1024,448,576.386,576.768,573.441,-7.7094
mixed,4,1,0.25,4.0,512,8192,512,2048,896,574.593,576.768,575.969,0.6326
mixed,4,1,0.25,4.0,512,8192,1024,4096,1792,574.24,579.873,575.135,0.1589
mixed,4,1,0.25,4.0,512,8192,2048,8192,3584,584.096,1077.03,676.449,0.1874
mixed,4,1,0.25,4.0,512,8192,4096,16384,7168,948.928,1579.78,1301.6,0.559
mixed,4,1,0.25,4.0,1024,0,128,512,224,135.84,142.464,137.152,0.1981
mixed,4,1,0.25,4.0,1024,0,256,1024,448,140.16,161.761,146.817,0.3082
mixed,4,1,0.25,4.0,1024,0,512,2048,896,152.833,225.57,212.064,0.8143
mixed,4,1,0.25,4.0,1024,0,1024,4096,1792,208.83,350.72,343.776,0.9511
mixed,4,1,0.25,4.0,1024,0,2048,8192,3584,319.68,602.656,589.473,0.9534
mixed,4,1,0.25,4.0,1024,0,4096,16384,7168,539.682,1110.4,1104.7,0.99
mixed,4,1,0.25,4.0,1024,512,128,512,224,198.721,203.55,200.8,0.4305
mixed,4,1,0.25,4.0,1024,512,256,1024,448,203.456,210.209,204.927,0.2178
mixed,4,1,0.25,4.0,1024,512,512,2048,896,206.08,266.304,247.296,0.6844
mixed,4,1,0.25,4.0,1024,512,1024,4096,1792,251.263,393.059,372.544,0.8553
mixed,4,1,0.25,4.0,1024,512,2048,8192,3584,360.064,642.721,633.856,0.9686
mixed,4,1,0.25,4.0,1024,512,4096,16384,7168,579.329,1144.35,1135.88,0.985
mixed,4,1,0.25,4.0,1024,1024,128,512,224,261.535,262.817,263.456,1.4984
mixed,4,1,0.25,4.0,1024,1024,256,1024,448,263.425,267.681,264.193,0.1805
mixed,4,1,0.25,4.0,1024,1024,512,2048,896,266.688,301.824,279.52,0.3652
mixed,4,1,0.25,4.0,1024,1024,1024,4096,1792,286.881,429.25,405.984,0.8366
mixed,4,1,0.25,4.0,1024,1024,2048,8192,3584,396.194,676.898,667.617,0.9669
mixed,4,1,0.25,4.0,1024,1024,4096,16384,7168,614.721,1176.93,1167.58,0.9834
mixed,4,1,0.25,4.0,1024,2048,128,512,224,385.279,387.297,384.832,-0.2215
mixed,4,1,0.25,4.0,1024,2048,256,1024,448,387.424,388.512,387.199,-0.2068
mixed,4,1,0.25,4.0,1024,2048,512,2048,896,388.384,392.352,389.506,0.2828
mixed,4,1,0.25,4.0,1024,2048,1024,4096,1792,391.745,494.017,470.112,0.7663
mixed,4,1,0.25,4.0,1024,2048,2048,8192,3584,463.68,748.289,715.649,0.8853
mixed,4,1,0.25,4.0,1024,2048,4096,16384,7168,679.488,1240.83,1228.35,0.9778
mixed,4,1,0.25,4.0,1024,4096,128,512,224,629.12,633.025,631.777,0.6804
mixed,4,1,0.25,4.0,1024,4096,256,1024,448,632.672,633.345,632.097,-0.8544
mixed,4,1,0.25,4.0,1024,4096,512,2048,896,632.608,638.849,634.529,0.3078
mixed,4,1,0.25,4.0,1024,4096,1024,4096,1792,635.201,643.073,634.753,-0.0569
mixed,4,1,0.25,4.0,1024,4096,2048,8192,3584,637.985,876.674,849.953,0.8881
mixed,4,1,0.25,4.0,1024,4096,4096,16384,7168,812.962,1372.39,1343.49,0.9483
mixed,4,1,0.25,4.0,1024,8192,128,512,224,1121.54,1118.98,1120.55,
mixed,4,1,0.25,4.0,1024,8192,256,1024,448,1121.79,1121.86,1122.15,5.3788
mixed,4,1,0.25,4.0,1024,8192,512,2048,896,1123.55,1125.47,1123.27,-0.1489
mixed,4,1,0.25,4.0,1024,8192,1024,4096,1792,1123.23,1134.85,1120.32,-0.2508
mixed,4,1,0.25,4.0,1024,8192,2048,8192,3584,1122.98,1152.29,1137.41,0.4924
mixed,4,1,0.25,4.0,1024,8192,4096,16384,7168,1124.39,1628.45,1598.21,0.94
mixed,4,1,0.25,4.0,2048,0,128,512,224,335.486,343.297,339.775,0.5491
mixed,4,1,0.25,4.0,2048,0,256,1024,448,342.912,358.08,343.008,0.0063
mixed,4,1,0.25,4.0,2048,0,512,2048,896,352.769,387.712,358.018,0.1502
mixed,4,1,0.25,4.0,2048,0,1024,4096,1792,368.448,531.776,492.8,0.7614
mixed,4,1,0.25,4.0,2048,0,2048,8192,3584,502.112,781.248,750.912,0.8913
mixed,4,1,0.25,4.0,2048,0,4096,16384,7168,720.002,1280,1262.72,0.9691
mixed,4,1,0.25,4.0,2048,512,128,512,224,441.28,445.983,441.762,0.1025
mixed,4,1,0.25,4.0,2048,512,256,1024,448,444.096,458.08,444.641,0.039
mixed,4,1,0.25,4.0,2048,512,512,2048,896,456.832,478.047,455.073,-0.0829
mixed,4,1,0.25,4.0,2048,512,1024,4096,1792,472.065,611.968,569.888,0.6992
mixed,4,1,0.25,4.0,2048,512,2048,8192,3584,579.232,877.186,829.824,0.841
mixed,4,1,0.25,4.0,2048,512,4096,16384,7168,815.172,1366.4,1339.46,0.9511
mixed,4,1,0.25,4.0,2048,1024,128,512,224,539.585,547.394,539.873,0.0369
mixed,4,1,0.25,4.0,2048,1024,256,1024,448,543.521,558.21,546.754,0.2201
mixed,4,1,0.25,4.0,2048,1024,512,2048,896,555.426,576.672,554.242,-0.0557
mixed,4,1,0.25,4.0,2048,1024,1024,4096,1792,574.019,694.595,641.729,0.5616
mixed,4,1,0.25,4.0,2048,1024,2048,8192,3584,656.835,974.564,904.577,0.7797
mixed,4,1,0.25,4.0,2048,1024,4096,16384,7168,910.37,1470.6,1429.09,0.9259
mixed,4,1,0.25,4.0,2048,2048,128,512,224,722.914,735.745,730.783,0.6133
mixed,4,1,0.25,4.0,2048,2048,256,1024,448,731.203,752.418,732.959,0.0828
mixed,4,1,0.25,4.0,2048,2048,512,2048,896,746.083,781.794,743.843,-0.0627
mixed,4,1,0.25,4.0,2048,2048,1024,4096,1792,772.384,844.388,771.811,-0.008
mixed,4,1,0.25,4.0,2048,2048,2048,8192,3584,808.799,1135.3,1061.6,0.7743
mixed,4,1,0.25,4.0,2048,2048,4096,16384,7168,1075.14,1655.84,1583.68,0.8757
mixed,4,1,0.25,4.0,2048,4096,128,512,224,1090.79,1101.73,1098.46,0.7018
mixed,4,1,0.25,4.0,2048,4096,256,1024,448,1095.68,1114.43,1098.05,0.1261
mixed,4,1,0.25,4.0,2048,4096,512,2048,896,1110.75,1153.99,1110.85,0.0022
mixed,4,1,0.25,4.0,2048,4096,1024,4096,1792,1140.68,1270.59,1123.74,-0.1303
mixed,4,1,0.25,4.0,2048,4096,2048,8192,3584,1241.21,1465.25,1335.75,0.422
mixed,4,1,0.25,4.0,2048,4096,4096,16384,7168,1400.51,2022.72,1929.32,0.8499
mixed,4,1,0.25,4.0,2048,8192,128,512,224,1821.48,1834.85,1821.63,0.0115
mixed,4,1,0.25,4.0,2048,8192,256,1024,448,1827.11,1853.35,1823.87,-0.1233
mixed,4,1,0.25,4.0,2048,8192,512,2048,896,1840.77,1881.15,1840.99,0.0055
mixed,4,1,0.25,4.0,2048,8192,1024,4096,1792,1876.8,2000.93,1855.43,-0.1722
mixed,4,1,0.25,4.0,2048,8192,2048,8192,3584,1971.72,2252.42,1897.03,-0.2661
mixed,4,1,0.25,4.0,2048,8192,4096,16384,7168,2206.4,2708.68,2447.94,0.4809
pure,4,2,0.5,4.0,0,0,128,512,320,45.953,49.506,47.553,0.4503
pure,4,2,0.5,4.0,0,0,256,1024,640,51.488,58.817,53.378,0.2579
pure,4,2,0.5,4.0,0,0,512,2048,1280,64.926,80.067,67.683,0.1821
pure,4,2,0.5,4.0,0,0,1024,4096,2560,90.014,115.392,89.537,-0.0188
pure,4,2,0.5,4.0,0,0,2048,8192,5120,132.35,181.12,132.321,-0.0006
pure,4,2,0.5,4.0,0,0,4096,16384,10240,214.623,321.408,215.519,0.0084
mixed,4,2,0.5,4.0,16,0,128,512,320,37.696,51.712,51.872,1.0114
mixed,4,2,0.5,4.0,16,0,256,1024,640,59.967,84.641,84.16,0.9805
mixed,4,2,0.5,4.0,16,0,512,2048,1280,99.648,151.776,150.208,0.9699
mixed,4,2,0.5,4.0,16,0,1024,4096,2560,184.769,283.712,283.585,0.9987
mixed,4,2,0.5,4.0,16,0,2048,8192,5120,350.56,551.171,550.24,0.9954
mixed,4,2,0.5,4.0,16,0,4096,16384,10240,683.2,1085.28,1081.92,0.9917
mixed,4,2,0.5,4.0,16,512,128,512,320,51.84,52.32,51.777,-0.1313
mixed,4,2,0.5,4.0,16,512,256,1024,640,59.585,84.705,84.514,0.9924
mixed,4,2,0.5,4.0,16,512,512,2048,1280,100.415,151.553,150.816,0.9856
mixed,4,2,0.5,4.0,16,512,1024,4096,2560,184.67,284.064,283.777,0.9971
mixed,4,2,0.5,4.0,16,512,2048,8192,5120,350.723,550.398,550.369,0.9999
mixed,4,2,0.5,4.0,16,512,4096,16384,10240,683.904,1087.04,1084.8,0.9944
mixed,4,2,0.5,4.0,16,1024,128,512,320,84.224,84.864,84.511,0.4484
mixed,4,2,0.5,4.0,16,1024,256,1024,640,84.736,85.664,84.736,-0.0
mixed,4,2,0.5,4.0,16,1024,512,2048,1280,99.872,151.359,150.527,0.9838
mixed,4,2,0.5,4.0,16,1024,1024,4096,2560,184.928,284.896,284.897,1.0
mixed,4,2,0.5,4.0,16,1024,2048,8192,5120,351.168,552.832,551.968,0.9957
mixed,4,2,0.5,4.0,16,1024,4096,16384,10240,684.321,1088.67,1083.27,0.9866
mixed,4,2,0.5,4.0,16,2048,128,512,320,150.848,151.488,150.976,0.2
mixed,4,2,0.5,4.0,16,2048,256,1024,640,151.39,152.449,150.975,-0.3919
mixed,4,2,0.5,4.0,16,2048,512,2048,1280,152.96,152.959,152.161,
mixed,4,2,0.5,4.0,16,2048,1024,4096,2560,185.153,285.185,284.416,0.9923
mixed,4,2,0.5,4.0,16,2048,2048,8192,5120,351.424,551.392,552.288,1.0045
mixed,4,2,0.5,4.0,16,2048,4096,16384,10240,683.331,1089.32,1082.53,0.9833
mixed,4,2,0.5,4.0,16,4096,128,512,320,284.417,285.024,284.096,-0.5288
mixed,4,2,0.5,4.0,16,4096,256,1024,640,284.769,285.182,284.674,-0.23
mixed,4,2,0.5,4.0,16,4096,512,2048,1280,285.376,286.24,284.64,-0.8519
mixed,4,2,0.5,4.0,16,4096,1024,4096,2560,285.217,285.984,285.153,-0.0834
mixed,4,2,0.5,4.0,16,4096,2048,8192,5120,351.776,552.064,551.392,0.9966
mixed,4,2,0.5,4.0,16,4096,4096,16384,10240,682.431,1083.75,1084.8,1.0026
mixed,4,2,0.5,4.0,16,8192,128,512,320,554.304,556.386,555.073,0.3694
mixed,4,2,0.5,4.0,16,8192,256,1024,640,555.168,553.793,555.01,
mixed,4,2,0.5,4.0,16,8192,512,2048,1280,554.53,554.719,553.696,-4.4127
mixed,4,2,0.5,4.0,16,8192,1024,4096,2560,553.729,552,551.905,
mixed,4,2,0.5,4.0,16,8192,2048,8192,5120,552.8,552.416,552.928,
mixed,4,2,0.5,4.0,16,8192,4096,16384,10240,684.706,1085.41,1084.67,0.9982
mixed,4,2,0.5,4.0,32,0,128,512,320,37.632,52.001,51.745,0.9822
mixed,4,2,0.5,4.0,32,0,256,1024,640,60.128,84.864,84.128,0.9702
mixed,4,2,0.5,4.0,32,0,512,2048,1280,100.224,151.009,150.305,0.9861
mixed,4,2,0.5,4.0,32,0,1024,4096,2560,184.607,284.448,283.648,0.992
mixed,4,2,0.5,4.0,32,0,2048,8192,5120,350.24,551.295,551.169,0.9994
mixed,4,2,0.5,4.0,32,0,4096,16384,10240,687.136,1089.7,1085.89,0.9905
mixed,4,2,0.5,4.0,32,512,128,512,320,52.096,52.736,52.672,0.9
mixed,4,2,0.5,4.0,32,512,256,1024,640,59.84,84.479,83.873,0.9754
mixed,4,2,0.5,4.0,32,512,512,2048,1280,99.681,152.032,151.297,0.986
mixed,4,2,0.5,4.0,32,512,1024,4096,2560,184.705,284.321,285.152,1.0083
mixed,4,2,0.5,4.0,32,512,2048,8192,5120,350.561,552.033,550.978,0.9948
mixed,4,2,0.5,4.0,32,512,4096,16384,10240,683.04,1088.32,1085.57,0.9932
mixed,4,2,0.5,4.0,32,1024,128,512,320,84.639,84.863,84.448,-0.8527
mixed,4,2,0.5,4.0,32,1024,256,1024,640,84.927,85.438,85.536,1.1918
mixed,4,2,0.5,4.0,32,1024,512,2048,1280,100.001,151.52,151.168,0.9932
mixed,4,2,0.5,4.0,32,1024,1024,4096,2560,186.113,285.537,284.991,0.9945
mixed,4,2,0.5,4.0,32,1024,2048,8192,5120,351.296,551.647,551.841,1.001
mixed,4,2,0.5,4.0,32,1024,4096,16384,10240,684.065,1088.8,1086.46,0.9942
mixed,4,2,0.5,4.0,32,2048,128,512,320,151.425,152,151.327,-0.1704
mixed,4,2,0.5,4.0,32,2048,256,1024,640,151.839,152.735,151.233,-0.6763
mixed,4,2,0.5,4.0,32,2048,512,2048,1280,152.384,153.345,151.969,-0.4318
mixed,4,2,0.5,4.0,32,2048,1024,4096,2560,185.536,285.761,284.48,0.9872
mixed,4,2,0.5,4.0,32,2048,2048,8192,5120,351.265,552.033,553.056,1.0051
mixed,4,2,0.5,4.0,32,2048,4096,16384,10240,683.651,1089.03,1085.79,0.992
mixed,4,2,0.5,4.0,32,4096,128,512,320,284.577,285.215,284.736,0.2492
mixed,4,2,0.5,4.0,32,4096,256,1024,640,285.568,284.928,284.576,
mixed,4,2,0.5,4.0,32,4096,512,2048,1280,286.976,285.503,285.28,
mixed,4,2,0.5,4.0,32,4096,1024,4096,2560,286.4,286.016,285.6,
mixed,4,2,0.5,4.0,32,4096,2048,8192,5120,352.226,551.393,551.937,1.0027
mixed,4,2,0.5,4.0,32,4096,4096,16384,10240,686.784,1087.62,1083.46,0.9896
mixed,4,2,0.5,4.0,32,8192,128,512,320,555.615,555.618,554.209,-468.6667
mixed,4,2,0.5,4.0,32,8192,256,1024,640,556.193,556.321,554.528,-13.0078
mixed,4,2,0.5,4.0,32,8192,512,2048,1280,555.105,554.657,554.592,
mixed,4,2,0.5,4.0,32,8192,1024,4096,2560,552.417,554.049,552.288,-0.079
mixed,4,2,0.5,4.0,32,8192,2048,8192,5120,552.832,553.665,553.088,0.3073
mixed,4,2,0.5,4.0,32,8192,4096,16384,10240,684.832,1086.91,1086.49,0.999
mixed,4,2,0.5,4.0,64,0,128,512,320,37.951,52.445,52.225,0.9848
mixed,4,2,0.5,4.0,64,0,256,1024,640,60.256,84.926,84.289,0.9742
mixed,4,2,0.5,4.0,64,0,512,2048,1280,100.481,151.36,150.849,0.99
mixed,4,2,0.5,4.0,64,0,1024,4096,2560,185.089,284.958,285.983,1.0103
mixed,4,2,0.5,4.0,64,0,2048,8192,5120,352.993,554.4,552.866,0.9924
mixed,4,2,0.5,4.0,64,0,4096,16384,10240,685.887,1091.08,1086.02,0.9875
mixed,4,2,0.5,4.0,64,512,128,512,320,53.472,54.048,53.856,0.6667
mixed,4,2,0.5,4.0,64,512,256,1024,640,60.576,85.889,85.44,0.9823
mixed,4,2,0.5,4.0,64,512,512,2048,1280,100.832,153.184,151.839,0.9743
mixed,4,2,0.5,4.0,64,512,1024,4096,2560,185.728,286.271,286.144,0.9987
mixed,4,2,0.5,4.0,64,512,2048,8192,5120,352.384,554.016,553.951,0.9997
mixed,4,2,0.5,4.0,64,512,4096,16384,10240,688.8,1091.04,1089.7,0.9967
mixed,4,2,0.5,4.0,64,1024,128,512,320,86.304,87.201,86.435,0.146
mixed,4,2,0.5,4.0,64,1024,256,1024,640,86.56,87.681,86.785,0.2007
mixed,4,2,0.5,4.0,64,1024,512,2048,1280,100.545,152.545,151.264,0.9754
mixed,4,2,0.5,4.0,64,1024,1024,4096,2560,186.208,286.08,285.311,0.9923
mixed,4,2,0.5,4.0,64,1024,2048,8192,5120,353.408,554.306,554.112,0.999
mixed,4,2,0.5,4.0,64,1024,4096,16384,10240,686.563,1091.39,1089.25,0.9947
mixed,4,2,0.5,4.0,64,2048,128,512,320,153.728,154.335,154.113,0.6343
mixed,4,2,0.5,4.0,64,2048,256,1024,640,154.497,154.209,153.952,
mixed,4,2,0.5,4.0,64,2048,512,2048,1280,154.4,154.816,154.592,0.4615
mixed,4,2,0.5,4.0,64,2048,1024,4096,2560,186.88,287.296,285.023,0.9774
mixed,4,2,0.5,4.0,64,2048,2048,8192,5120,352.8,554.498,554.306,0.999
mixed,4,2,0.5,4.0,64,2048,4096,16384,10240,686.336,1093.03,1090.75,0.9944
mixed,4,2,0.5,4.0,64,4096,128,512,320,290.306,288.77,289.344,
mixed,4,2,0.5,4.0,64,4096,256,1024,640,289.249,288.736,288.064,
mixed,4,2,0.5,4.0,64,4096,512,2048,1280,288.704,288.897,288.896,0.9948
mixed,4,2,0.5,4.0,64,4096,1024,4096,2560,288.863,288.8,288.033,
mixed,4,2,0.5,4.0,64,4096,2048,8192,5120,354.176,554.627,556.992,1.0118
mixed,4,2,0.5,4.0,64,4096,4096,16384,10240,687.841,1092.74,1089.89,0.993
mixed,4,2,0.5,4.0,64,8192,128,512,320,561.153,560.832,560.513,
mixed,4,2,0.5,4.0,64,8192,256,1024,640,560.609,560.994,559.937,-1.7455
mixed,4,2,0.5,4.0,64,8192,512,2048,1280,561.761,561.122,560.449,
mixed,4,2,0.5,4.0,64,8192,1024,4096,2560,559.265,560.257,559.553,0.2903
mixed,4,2,0.5,4.0,64,8192,2048,8192,5120,557.057,556.096,556.193,
mixed,4,2,0.5,4.0,64,8192,4096,16384,10240,691.328,1092.06,1093.35,1.0032
mixed,4,2,0.5,4.0,128,0,128,512,320,38.337,53.889,53.184,0.9547
mixed,4,2,0.5,4.0,128,0,256,1024,640,61.505,85.6,84.385,0.9496
mixed,4,2,0.5,4.0,128,0,512,2048,1280,100.8,153.409,152.673,0.986
mixed,4,2,0.5,4.0,128,0,1024,4096,2560,186.753,286.274,285.089,0.9881
mixed,4,2,0.5,4.0,128,0,2048,8192,5120,353.631,553.89,554.432,1.0027
mixed,4,2,0.5,4.0,128,0,4096,16384,10240,688.353,1092.87,1088.61,0.9895
mixed,4,2,0.5,4.0,128,512,128,512,320,55.009,55.168,54.848,-1.0126
mixed,4,2,0.5,4.0,128,512,256,1024,640,61.472,85.826,84.672,0.9526
mixed,4,2,0.5,4.0,128,512,512,2048,1280,101.153,154.113,152.447,0.9685
mixed,4,2,0.5,4.0,128,512,1024,4096,2560,187.296,287.202,286.433,0.9923
mixed,4,2,0.5,4.0,128,512,2048,8192,5120,354.496,553.921,554.625,1.0035
mixed,4,2,0.5,4.0,128,512,4096,16384,10240,689.056,1090.72,1089,0.9957
mixed,4,2,0.5,4.0,128,1024,128,512,320,87.746,87.807,87.808,1.0164
mixed,4,2,0.5,4.0,128,1024,256,1024,640,87.712,88.768,87.871,0.1506
mixed,4,2,0.5,4.0,128,1024,512,2048,1280,102.462,154.016,153.056,0.9814
mixed,4,2,0.5,4.0,128,1024,1024,4096,2560,188.321,287.84,286.88,0.9904
mixed,4,2,0.5,4.0,128,1024,2048,8192,5120,354.304,556.192,554.72,0.9927
mixed,4,2,0.5,4.0,128,1024,4096,16384,10240,686.785,1091.71,1089.63,0.9949
mixed,4,2,0.5,4.0,128,2048,128,512,320,155.362,154.784,154.081,
mixed,4,2,0.5,4.0,128,2048,256,1024,640,154.721,156.128,154.209,-0.3639
mixed,4,2,0.5,4.0,128,2048,512,2048,1280,155.872,156.032,155.008,-5.4
mixed,4,2,0.5,4.0,128,2048,1024,4096,2560,188.288,288.224,287.042,0.9882
mixed,4,2,0.5,4.0,128,2048,2048,8192,5120,354.334,556.866,554.529,0.9885
mixed,4,2,0.5,4.0,128,2048,4096,16384,10240,689.315,1093.54,1088.83,0.9884
mixed,4,2,0.5,4.0,128,4096,128,512,320,288.609,289.313,287.648,-1.3651
mixed,4,2,0.5,4.0,128,4096,256,1024,640,288.96,289.856,288.321,-0.7132
mixed,4,2,0.5,4.0,128,4096,512,2048,1280,289.599,290.113,288.095,-2.9261
mixed,4,2,0.5,4.0,128,4096,1024,4096,2560,289.984,289.344,288.8,
mixed,4,2,0.5,4.0,128,4096,2048,8192,5120,355.295,555.232,555.169,0.9997
mixed,4,2,0.5,4.0,128,4096,4096,16384,10240,689.089,1093.51,1090.47,0.9925
mixed,4,2,0.5,4.0,128,8192,128,512,320,555.041,557.153,556.353,0.6212
mixed,4,2,0.5,4.0,128,8192,256,1024,640,557.984,559.68,557.537,-0.2636
mixed,4,2,0.5,4.0,128,8192,512,2048,1280,557.632,556.96,557.952,
mixed,4,2,0.5,4.0,128,8192,1024,4096,2560,556.704,556.481,556.991,
mixed,4,2,0.5,4.0,128,8192,2048,8192,5120,557.536,555.871,555.647,
mixed,4,2,0.5,4.0,128,8192,4096,16384,10240,691.458,1092.35,1093.09,1.0018
mixed,4,2,0.5,4.0,256,0,128,512,320,40.897,55.424,55.328,0.9934
mixed,4,2,0.5,4.0,256,0,256,1024,640,63.519,88.48,86.464,0.9192
mixed,4,2,0.5,4.0,256,0,512,2048,1280,103.455,154.305,153.089,0.9761
mixed,4,2,0.5,4.0,256,0,1024,4096,2560,188.64,287.935,286.784,0.9884
mixed,4,2,0.5,4.0,256,0,2048,8192,5120,353.44,555.235,556.672,1.0071
mixed,4,2,0.5,4.0,256,0,4096,16384,10240,687.585,1090.43,1088.71,0.9957
mixed,4,2,0.5,4.0,256,512,128,512,320,65.119,66.112,65.663,0.5478
mixed,4,2,0.5,4.0,256,512,256,1024,640,65.76,88,87.392,0.9727
mixed,4,2,0.5,4.0,256,512,512,2048,1280,104.513,155.359,153.758,0.9685
mixed,4,2,0.5,4.0,256,512,1024,4096,2560,188.448,288.865,287.488,0.9863
mixed,4,2,0.5,4.0,256,512,2048,8192,5120,355.424,555.171,554.817,0.9982
mixed,4,2,0.5,4.0,256,512,4096,16384,10240,688.737,1093.25,1089.82,0.9915
mixed,4,2,0.5,4.0,256,1024,128,512,320,97.76,97.376,97.44,
mixed,4,2,0.5,4.0,256,1024,256,1024,640,97.632,97.696,97.89,4.0313
mixed,4,2,0.5,4.0,256,1024,512,2048,1280,104.832,156.96,154.111,0.9453
mixed,4,2,0.5,4.0,256,1024,1024,4096,2560,189.984,290.305,287.616,0.9732
mixed,4,2,0.5,4.0,256,1024,2048,8192,5120,355.84,555.904,556.511,1.003
mixed,4,2,0.5,4.0,256,1024,4096,16384,10240,690.945,1091.62,1089.44,0.9946
mixed,4,2,0.5,4.0,256,2048,128,512,320,161.505,161.44,160.544,
mixed,4,2,0.5,4.0,256,2048,256,1024,640,162.24,164.449,161.761,-0.2168
mixed,4,2,0.5,4.0,256,2048,512,2048,1280,163.713,165.855,162.912,-0.3739
mixed,4,2,0.5,4.0,256,2048,1024,4096,2560,190.401,291.456,288.256,0.9683
mixed,4,2,0.5,4.0,256,2048,2048,8192,5120,357.279,558.241,555.842,0.9881
mixed,4,2,0.5,4.0,256,2048,4096,16384,10240,689.826,1095.42,1091.65,0.9907
mixed,4,2,0.5,4.0,256,4096,128,512,320,290.785,291.424,290.465,-0.5008
mixed,4,2,0.5,4.0,256,4096,256,1024,640,291.104,291.36,290.112,-3.875
mixed,4,2,0.5,4.0,256,4096,512,2048,1280,292.224,292.16,290.114,
mixed,4,2,0.5,4.0,256,4096,1024,4096,2560,293.057,296.001,294.527,0.4993
mixed,4,2,0.5,4.0,256,4096,2048,8192,5120,358.945,558.371,557.059,0.9934
mixed,4,2,0.5,4.0,256,4096,4096,16384,10240,692.067,1094.53,1093.03,0.9963
mixed,4,2,0.5,4.0,256,8192,128,512,320,558.561,560.513,560.128,0.8028
mixed,4,2,0.5,4.0,256,8192,256,1024,640,561.057,560.127,559.776,
mixed,4,2,0.5,4.0,256,8192,512,2048,1280,560.771,559.968,561.921,
mixed,4,2,0.5,4.0,256,8192,1024,4096,2560,559.554,559.231,558.817,
mixed,4,2,0.5,4.0,256,8192,2048,8192,5120,559.105,560.673,560.482,0.8782
mixed,4,2,0.5,4.0,256,8192,4096,16384,10240,690.752,1097.76,1090.69,0.9826
mixed,4,2,0.5,4.0,512,0,128,512,320,61.536,75.33,74.432,0.9349
mixed,4,2,0.5,4.0,512,0,256,1024,640,83.071,107.456,105.12,0.9042
mixed,4,2,0.5,4.0,512,0,512,2048,1280,122.463,171.808,168.512,0.9332
mixed,4,2,0.5,4.0,512,0,1024,4096,2560,200.095,294.497,292.129,0.9749
mixed,4,2,0.5,4.0,512,0,2048,8192,5120,360.321,558.335,558.433,1.0005
mixed,4,2,0.5,4.0,512,0,4096,16384,10240,693.217,1100.8,1094.47,0.9845
mixed,4,2,0.5,4.0,512,512,128,512,320,94.048,104.447,94.432,0.0369
mixed,4,2,0.5,4.0,512,512,256,1024,640,117.246,142.785,121.345,0.1605
mixed,4,2,0.5,4.0,512,512,512,2048,1280,158.529,204.863,200.096,0.8971
mixed,4,2,0.5,4.0,512,512,1024,4096,2560,237.025,331.808,327.872,0.9585
mixed,4,2,0.5,4.0,512,512,2048,8192,5120,392.992,578.337,575.681,0.9857
mixed,4,2,0.5,4.0,512,512,4096,16384,10240,702.689,1101.86,1098.21,0.9909
mixed,4,2,0.5,4.0,512,1024,128,512,320,128.126,127.328,127.361,
mixed,4,2,0.5,4.0,512,1024,256,1024,640,128.737,172.066,128.256,-0.0111
mixed,4,2,0.5,4.0,512,1024,512,2048,1280,192.576,238.881,202.016,0.2039
mixed,4,2,0.5,4.0,512,1024,1024,4096,2560,270.816,363.871,358.111,0.9381
mixed,4,2,0.5,4.0,512,1024,2048,8192,5120,430.753,613.824,611.713,0.9885
mixed,4,2,0.5,4.0,512,1024,4096,16384,10240,748.545,1111.52,1102.11,0.9741
mixed,4,2,0.5,4.0,512,2048,128,512,320,192.609,194.21,191.808,-0.5003
mixed,4,2,0.5,4.0,512,2048,256,1024,640,194.209,196.703,193.217,-0.3978
mixed,4,2,0.5,4.0,512,2048,512,2048,1280,206.623,304.319,205.472,-0.0118
mixed,4,2,0.5,4.0,512,2048,1024,4096,2560,338.145,433.152,362.945,0.261
mixed,4,2,0.5,4.0,512,2048,2048,8192,5120,495.36,679.329,675.843,0.9811
mixed,4,2,0.5,4.0,512,2048,4096,16384,10240,800.706,1178.53,1173.99,0.988
mixed,4,2,0.5,4.0,512,4096,128,512,320,320.834,321.311,322.431,3.348
mixed,4,2,0.5,4.0,512,4096,256,1024,640,319.904,321.632,321.984,1.2037
mixed,4,2,0.5,4.0,512,4096,512,2048,1280,324.065,326.784,323.584,-0.1769
mixed,4,2,0.5,4.0,512,4096,1024,4096,2560,371.457,563.171,367.552,-0.0204
mixed,4,2,0.5,4.0,512,4096,2048,8192,5120,628.864,816.546,682.208,0.2842
mixed,4,2,0.5,4.0,512,4096,4096,16384,10240,940.322,1310.94,1308.9,0.9945
mixed,4,2,0.5,4.0,512,8192,128,512,320,571.168,574.335,574.081,0.9198
mixed,4,2,0.5,4.0,512,8192,256,1024,640,576.833,576.258,576.095,
mixed,4,2,0.5,4.0,512,8192,512,2048,1280,577.217,578.721,578.113,0.5957
mixed,4,2,0.5,4.0,512,8192,1024,4096,2560,576.961,582.882,577.378,0.0704
mixed,4,2,0.5,4.0,512,8192,2048,8192,5120,694.88,1077.95,683.84,-0.0288
mixed,4,2,0.5,4.0,512,8192,4096,16384,10240,1204.8,1579.46,1313.86,0.2911
mixed,4,2,0.5,4.0,1024,0,128,512,320,137.663,141.824,138.881,0.2927
mixed,4,2,0.5,4.0,1024,0,256,1024,640,145.567,162.397,152,0.3822
mixed,4,2,0.5,4.0,1024,0,512,2048,1280,177.697,224.928,217.026,0.8327
mixed,4,2,0.5,4.0,1024,0,1024,4096,2560,256.928,352.416,346.623,0.9393
mixed,4,2,0.5,4.0,1024,0,2048,8192,5120,411.49,600.707,595.007,0.9699
mixed,4,2,0.5,4.0,1024,0,4096,16384,10240,721.697,1112.36,1105.12,0.9815
mixed,4,2,0.5,4.0,1024,512,128,512,320,201.088,203.426,202.304,0.5201
mixed,4,2,0.5,4.0,1024,512,256,1024,640,202.913,209.184,206.528,0.5765
mixed,4,2,0.5,4.0,1024,512,512,2048,1280,221.377,268.606,254.912,0.7101
mixed,4,2,0.5,4.0,1024,512,1024,4096,2560,298.497,392.064,380.353,0.8748
mixed,4,2,0.5,4.0,1024,512,2048,8192,5120,453.631,641.313,638.499,0.985
mixed,4,2,0.5,4.0,1024,512,4096,16384,10240,766.593,1140.13,1130.82,0.9751
mixed,4,2,0.5,4.0,1024,1024,128,512,320,263.006,262.911,262.784,
mixed,4,2,0.5,4.0,1024,1024,256,1024,640,265.951,267.649,264.832,-0.659
mixed,4,2,0.5,4.0,1024,1024,512,2048,1280,268.096,302.368,287.327,0.5611
mixed,4,2,0.5,4.0,1024,1024,1024,4096,2560,332.992,428.608,411.84,0.8246
mixed,4,2,0.5,4.0,1024,1024,2048,8192,5120,491.712,675.457,672.544,0.9841
mixed,4,2,0.5,4.0,1024,1024,4096,16384,10240,799.488,1177.67,1172.2,0.9855
mixed,4,2,0.5,4.0,1024,2048,128,512,320,387.201,386.945,385.631,
mixed,4,2,0.5,4.0,1024,2048,256,1024,640,387.17,390.434,388.096,0.2837
mixed,4,2,0.5,4.0,1024,2048,512,2048,1280,392.001,393.759,390.176,-1.0381
mixed,4,2,0.5,4.0,1024,2048,1024,4096,2560,408.768,495.296,478.464,0.8055
mixed,4,2,0.5,4.0,1024,2048,2048,8192,5120,557.025,745.153,728.256,0.9102
mixed,4,2,0.5,4.0,1024,2048,4096,16384,10240,868.736,1240.8,1236.74,0.9891
mixed,4,2,0.5,4.0,1024,4096,128,512,320,632.963,632.737,632.674,
mixed,4,2,0.5,4.0,1024,4096,256,1024,640,634.528,633.41,632.992,
mixed,4,2,0.5,4.0,1024,4096,512,2048,1280,636.097,637.729,633.568,-1.5496
mixed,4,2,0.5,4.0,1024,4096,1024,4096,2560,637.73,640.067,640.706,1.2734
mixed,4,2,0.5,4.0,1024,4096,2048,8192,5120,687.2,875.007,858.849,0.914
mixed,4,2,0.5,4.0,1024,4096,4096,16384,10240,997.091,1370.28,1357.22,0.965
mixed,4,2,0.5,4.0,1024,8192,128,512,320,1124.74,1123.36,1123.01,
mixed,4,2,0.5,4.0,1024,8192,256,1024,640,1122.66,1123.81,1123.42,0.6661
mixed,4,2,0.5,4.0,1024,8192,512,2048,1280,1124.1,1121.83,1125.03,
mixed,4,2,0.5,4.0,1024,8192,1024,4096,2560,1122.66,1135.84,1126.63,0.3011
mixed,4,2,0.5,4.0,1024,8192,2048,8192,5120,1126.18,1158.98,1152.42,0.8
mixed,4,2,0.5,4.0,1024,8192,4096,16384,10240,1253.98,1629.7,1605.76,0.9363
mixed,4,2,0.5,4.0,2048,0,128,512,320,339.52,346.816,339.265,-0.035
mixed,4,2,0.5,4.0,2048,0,256,1024,640,347.583,355.107,347.585,0.0003
mixed,4,2,0.5,4.0,2048,0,512,2048,1280,361.698,389.152,372.258,0.3846
mixed,4,2,0.5,4.0,2048,0,1024,4096,2560,426.529,534.655,506.336,0.7381
mixed,4,2,0.5,4.0,2048,0,2048,8192,5120,593.855,780.164,763.907,0.9127
mixed,4,2,0.5,4.0,2048,0,4096,16384,10240,902.977,1275.78,1268.1,0.9794
mixed,4,2,0.5,4.0,2048,512,128,512,320,444.033,447.871,445.185,0.3002
mixed,4,2,0.5,4.0,2048,512,256,1024,640,452.928,460.16,447.681,-0.7255
mixed,4,2,0.5,4.0,2048,512,512,2048,1280,461.697,473.825,464.768,0.2532
mixed,4,2,0.5,4.0,2048,512,1024,4096,2560,505.28,613.058,582.754,0.7188
mixed,4,2,0.5,4.0,2048,512,2048,8192,5120,690.946,874.947,847.168,0.849
mixed,4,2,0.5,4.0,2048,512,4096,16384,10240,997.985,1371.36,1350.85,0.9451
mixed,4,2,0.5,4.0,2048,1024,128,512,320,540.481,546.784,544.896,0.7005
mixed,4,2,0.5,4.0,2048,1024,256,1024,640,549.92,557.984,548.225,-0.2102
mixed,4,2,0.5,4.0,2048,1024,512,2048,1280,560.159,577.6,559.167,-0.0569
mixed,4,2,0.5,4.0,2048,1024,1024,4096,2560,586.943,692.802,661.215,0.7016
mixed,4,2,0.5,4.0,2048,1024,2048,8192,5120,764.994,971.778,927.681,0.7867
mixed,4,2,0.5,4.0,2048,1024,4096,16384,10240,1096.67,1465.8,1442.69,0.9374
mixed,4,2,0.5,4.0,2048,2048,128,512,320,727.458,736.77,730.177,0.292
mixed,4,2,0.5,4.0,2048,2048,256,1024,640,737.186,752.353,737.696,0.0336
mixed,4,2,0.5,4.0,2048,2048,512,2048,1280,756.258,778.66,749.473,-0.3029
mixed,4,2,0.5,4.0,2048,2048,1024,4096,2560,800.801,843.521,799.872,-0.0217
mixed,4,2,0.5,4.0,2048,2048,2048,8192,5120,926.017,1137.41,1093.73,0.7934
mixed,4,2,0.5,4.0,2048,2048,4096,16384,10240,1284.23,1664.16,1615.55,0.8721
mixed,4,2,0.5,4.0,2048,4096,128,512,320,1096.48,1098.21,1096.45,-0.0185
mixed,4,2,0.5,4.0,2048,4096,256,1024,640,1106.14,1113.22,1106.24,0.0134
mixed,4,2,0.5,4.0,2048,4096,512,2048,1280,1124.67,1154.79,1117.02,-0.254
mixed,4,2,0.5,4.0,2048,4096,1024,4096,2560,1173.22,1272.1,1136.03,-0.376
mixed,4,2,0.5,4.0,2048,4096,2048,8192,5120,1293.69,1463.62,1390.4,0.5691
mixed,4,2,0.5,4.0,2048,4096,4096,16384,10240,1625.38,2020.07,1959.49,0.8465
mixed,4,2,0.5,4.0,2048,8192,128,512,320,1824.84,1832.13,1824.64,-0.0262
mixed,4,2,0.5,4.0,2048,8192,256,1024,640,1839.43,1846.59,1832.87,-0.9155
mixed,4,2,0.5,4.0,2048,8192,512,2048,1280,1857.34,1878.24,1847.84,-0.4545
mixed,4,2,0.5,4.0,2048,8192,1024,4096,2560,1906.63,2004.96,1869.35,-0.3791
mixed,4,2,0.5,4.0,2048,8192,2048,8192,5120,2067.81,2250.66,1917.98,-0.8194
mixed,4,2,0.5,4.0,2048,8192,4096,16384,10240,2313.57,2705.35,2575.17,0.6677
pure,4,3,0.75,4.0,0,0,128,512,416,47.488,49.854,48.128,0.2705
pure,4,3,0.75,4.0,0,0,256,1024,832,54.944,60.512,57.536,0.4655
pure,4,3,0.75,4.0,0,0,512,2048,1664,74.592,81.152,76.928,0.3561
pure,4,3,0.75,4.0,0,0,1024,4096,3328,107.648,116.608,108.317,0.0747
pure,4,3,0.75,4.0,0,0,2048,8192,6656,157.248,183.104,160.544,0.1275
pure,4,3,0.75,4.0,0,0,4096,16384,13312,268.483,322.178,282.271,0.2568
mixed,4,3,0.75,4.0,16,0,128,512,416,45.12,52.191,52.095,0.9864
mixed,4,3,0.75,4.0,16,0,256,1024,832,68.991,85.568,84.416,0.9305
mixed,4,3,0.75,4.0,16,0,512,2048,1664,126.625,152.065,151.297,0.9698
mixed,4,3,0.75,4.0,16,0,1024,4096,3328,234.177,285.12,284.256,0.983
mixed,4,3,0.75,4.0,16,0,2048,8192,6656,452.16,551.712,552.258,1.0055
mixed,4,3,0.75,4.0,16,0,4096,16384,13312,887.265,1087.75,1088.55,1.004
mixed,4,3,0.75,4.0,16,512,128,512,416,52.063,52.513,52.288,0.5
mixed,4,3,0.75,4.0,16,512,256,1024,832,68.927,84.96,84.352,0.9621
mixed,4,3,0.75,4.0,16,512,512,2048,1664,126.239,152.8,152.065,0.9723
mixed,4,3,0.75,4.0,16,512,1024,4096,3328,235.233,286.337,285.183,0.9774
mixed,4,3,0.75,4.0,16,512,2048,8192,6656,452.865,554.112,551.68,0.976
mixed,4,3,0.75,4.0,16,512,4096,16384,13312,888.608,1087.84,1089.54,1.0085
mixed,4,3,0.75,4.0,16,1024,128,512,416,85.087,85.472,85.056,-0.0805
mixed,4,3,0.75,4.0,16,1024,256,1024,832,85.857,85.792,85.216,
mixed,4,3,0.75,4.0,16,1024,512,2048,1664,127.2,152,152.032,1.0013
mixed,4,3,0.75,4.0,16,1024,1024,4096,3328,234.91,286.945,285.951,0.9809
mixed,4,3,0.75,4.0,16,1024,2048,8192,6656,452.961,552.867,553.539,1.0067
mixed,4,3,0.75,4.0,16,1024,4096,16384,13312,887.426,1091.2,1088.23,0.9854
mixed,4,3,0.75,4.0,16,2048,128,512,416,152.385,152.226,152.383,
mixed,4,3,0.75,4.0,16,2048,256,1024,832,151.775,152.704,151.649,-0.1356
mixed,4,3,0.75,4.0,16,2048,512,2048,1664,153.409,153.472,152.96,-7.127
mixed,4,3,0.75,4.0,16,2048,1024,4096,3328,234.656,286.88,287.072,1.0037
mixed,4,3,0.75,4.0,16,2048,2048,8192,6656,452.352,554.337,553.12,0.9881
mixed,4,3,0.75,4.0,16,2048,4096,16384,13312,889.155,1091.49,1087.01,0.9779
mixed,4,3,0.75,4.0,16,4096,128,512,416,287.04,287.008,287.616,
mixed,4,3,0.75,4.0,16,4096,256,1024,832,287.648,288.193,287.233,-0.7615
mixed,4,3,0.75,4.0,16,4096,512,2048,1664,286.785,286.593,287.359,
mixed,4,3,0.75,4.0,16,4096,1024,4096,3328,287.041,287.168,286.752,-2.2756
mixed,4,3,0.75,4.0,16,4096,2048,8192,6656,453.25,552.864,551.616,0.9875
mixed,4,3,0.75,4.0,16,4096,4096,16384,13312,889.762,1089.83,1090.14,1.0016
mixed,4,3,0.75,4.0,16,8192,128,512,416,560.578,560.608,557.984,-86.4667
mixed,4,3,0.75,4.0,16,8192,256,1024,832,559.073,559.968,558.241,-0.9296
mixed,4,3,0.75,4.0,16,8192,512,2048,1664,559.137,557.566,558.338,
mixed,4,3,0.75,4.0,16,8192,1024,4096,3328,556.448,554.593,557.152,
mixed,4,3,0.75,4.0,16,8192,2048,8192,6656,553.759,552.929,554.784,
mixed,4,3,0.75,4.0,16,8192,4096,16384,13312,890.721,1090.21,1087.81,0.988
mixed,4,3,0.75,4.0,32,0,128,512,416,45.184,52.192,52.32,1.0183
mixed,4,3,0.75,4.0,32,0,256,1024,832,69.089,84.736,84.479,0.9836
mixed,4,3,0.75,4.0,32,0,512,2048,1664,126.336,151.872,151.328,0.9787
mixed,4,3,0.75,4.0,32,0,1024,4096,3328,234.688,285.345,285.184,0.9968
mixed,4,3,0.75,4.0,32,0,2048,8192,6656,452.736,554.147,553.729,0.9959
mixed,4,3,0.75,4.0,32,0,4096,16384,13312,887.811,1091.65,1087.1,0.9777
mixed,4,3,0.75,4.0,32,512,128,512,416,52.672,52.961,52.769,0.3356
mixed,4,3,0.75,4.0,32,512,256,1024,832,68.704,84.961,84.67,0.9821
mixed,4,3,0.75,4.0,32,512,512,2048,1664,126.496,152.065,151.937,0.995
mixed,4,3,0.75,4.0,32,512,1024,4096,3328,234.145,285.919,284.224,0.9673
mixed,4,3,0.75,4.0,32,512,2048,8192,6656,451.712,554.464,553.058,0.9863
mixed,4,3,0.75,4.0,32,512,4096,16384,13312,889.859,1090.63,1089.28,0.9933
mixed,4,3,0.75,4.0,32,1024,128,512,416,84.992,85.186,85.184,0.9897
mixed,4,3,0.75,4.0,32,1024,256,1024,832,86.08,86.4,85.44,-2.0
mixed,4,3,0.75,4.0,32,1024,512,2048,1664,126.527,152.352,151.488,0.9665
mixed,4,3,0.75,4.0,32,1024,1024,4096,3328,235.711,286.528,286.208,0.9937
mixed,4,3,0.75,4.0,32,1024,2048,8192,6656,453.248,553.12,553.632,1.0051
mixed,4,3,0.75,4.0,32,1024,4096,16384,13312,892,1090.85,1090.78,0.9997
mixed,4,3,0.75,4.0,32,2048,128,512,416,152.033,153.376,152.065,0.0238
mixed,4,3,0.75,4.0,32,2048,256,1024,832,153.12,152.992,152.737,
mixed,4,3,0.75,4.0,32,2048,512,2048,1664,153.952,153.566,153.407,
mixed,4,3,0.75,4.0,32,2048,1024,4096,3328,234.081,287.2,286.144,0.9801
mixed,4,3,0.75,4.0,32,2048,2048,8192,6656,452,555.104,553.696,0.9863
mixed,4,3,0.75,4.0,32,2048,4096,16384,13312,888.545,1094.27,1091.01,0.9841
mixed,4,3,0.75,4.0,32,4096,128,512,416,287.584,288.673,287.456,-0.1175
mixed,4,3,0.75,4.0,32,4096,256,1024,832,286.656,287.105,286.784,0.2851
mixed,4,3,0.75,4.0,32,4096,512,2048,1664,288.223,288.032,286.624,
mixed,4,3,0.75,4.0,32,4096,1024,4096,3328,286.112,287.712,287.649,0.9606
mixed,4,3,0.75,4.0,32,4096,2048,8192,6656,452.608,554.399,554.335,0.9994
mixed,4,3,0.75,4.0,32,4096,4096,16384,13312,888.354,1094.69,1091.81,0.986
mixed,4,3,0.75,4.0,32,8192,128,512,416,559.265,559.968,559.329,0.091
mixed,4,3,0.75,4.0,32,8192,256,1024,832,559.872,559.425,559.041,
mixed,4,3,0.75,4.0,32,8192,512,2048,1664,559.33,557.793,559.424,
mixed,4,3,0.75,4.0,32,8192,1024,4096,3328,558.211,556.289,557.346,
mixed,4,3,0.75,4.0,32,8192,2048,8192,6656,554.176,555.136,554.752,0.6
mixed,4,3,0.75,4.0,32,8192,4096,16384,13312,892.639,1092.03,1093.15,1.0056
mixed,4,3,0.75,4.0,64,0,128,512,416,45.057,52.575,52.319,0.9659
mixed,4,3,0.75,4.0,64,0,256,1024,832,69.216,85.215,84.832,0.9761
mixed,4,3,0.75,4.0,64,0,512,2048,1664,127.008,152.415,151.424,0.961
mixed,4,3,0.75,4.0,64,0,1024,4096,3328,235.136,285.696,285.345,0.9931
mixed,4,3,0.75,4.0,64,0,2048,8192,6656,452.736,554.24,553.856,0.9962
mixed,4,3,0.75,4.0,64,0,4096,16384,13312,890.434,1093.48,1091.55,0.9905
mixed,4,3,0.75,4.0,64,512,128,512,416,53.44,54.111,53.696,0.3815
mixed,4,3,0.75,4.0,64,512,256,1024,832,69.344,85.695,84.928,0.9531
mixed,4,3,0.75,4.0,64,512,512,2048,1664,126.623,152.543,151.936,0.9766
mixed,4,3,0.75,4.0,64,512,1024,4096,3328,234.368,286.721,285.664,0.9798
mixed,4,3,0.75,4.0,64,512,2048,8192,6656,452.225,554.336,553.921,0.9959
mixed,4,3,0.75,4.0,64,512,4096,16384,13312,890.017,1092.19,1091.62,0.9972
mixed,4,3,0.75,4.0,64,1024,128,512,416,86.434,86.814,86.656,0.5842
mixed,4,3,0.75,4.0,64,1024,256,1024,832,86.815,87.649,87.52,0.8453
mixed,4,3,0.75,4.0,64,1024,512,2048,1664,127.841,152.768,152.067,0.9719
mixed,4,3,0.75,4.0,64,1024,1024,4096,3328,235.584,286.688,285.152,0.9699
mixed,4,3,0.75,4.0,64,1024,2048,8192,6656,453.184,554.144,555.073,1.0092
mixed,4,3,0.75,4.0,64,1024,4096,16384,13312,890.178,1091.55,1091.52,0.9999
mixed,4,3,0.75,4.0,64,2048,128,512,416,153.535,153.663,154.24,5.5078
mixed,4,3,0.75,4.0,64,2048,256,1024,832,153.825,154.944,153.825,0.0
mixed,4,3,0.75,4.0,64,2048,512,2048,1664,153.601,154.624,154.208,0.5934
mixed,4,3,0.75,4.0,64,2048,1024,4096,3328,235.487,287.265,286.912,0.9932
mixed,4,3,0.75,4.0,64,2048,2048,8192,6656,454.656,554.915,553.986,0.9907
mixed,4,3,0.75,4.0,64,2048,4096,16384,13312,891.681,1091.01,1091.01,1.0
mixed,4,3,0.75,4.0,64,4096,128,512,416,288.8,288.256,288.449,
mixed,4,3,0.75,4.0,64,4096,256,1024,832,289.088,289.985,288.929,-0.1773
mixed,4,3,0.75,4.0,64,4096,512,2048,1664,288.705,289.119,288.385,-0.7729
mixed,4,3,0.75,4.0,64,4096,1024,4096,3328,287.008,287.873,288.447,1.6636
mixed,4,3,0.75,4.0,64,4096,2048,8192,6656,454.336,554.368,556.033,1.0166
mixed,4,3,0.75,4.0,64,4096,4096,16384,13312,892.418,1090.91,1092.64,1.0087
mixed,4,3,0.75,4.0,64,8192,128,512,416,560.706,560.226,561.216,
mixed,4,3,0.75,4.0,64,8192,256,1024,832,561.952,561.474,560.16,
mixed,4,3,0.75,4.0,64,8192,512,2048,1664,560.673,560.449,560.32,
mixed,4,3,0.75,4.0,64,8192,1024,4096,3328,559.777,558.784,558.626,
mixed,4,3,0.75,4.0,64,8192,2048,8192,6656,555.104,556.673,555.49,0.246
mixed,4,3,0.75,4.0,64,8192,4096,16384,13312,892.61,1092.16,1093.28,1.0056
mixed,4,3,0.75,4.0,128,0,128,512,416,45.536,54.08,53.44,0.9251
mixed,4,3,0.75,4.0,128,0,256,1024,832,70.048,85.121,84.672,0.9702
mixed,4,3,0.75,4.0,128,0,512,2048,1664,128.128,153.538,151.391,0.9155
mixed,4,3,0.75,4.0,128,0,1024,4096,3328,235.52,286.209,285.248,0.981
mixed,4,3,0.75,4.0,128,0,2048,8192,6656,453.088,553.953,555.743,1.0177
mixed,4,3,0.75,4.0,128,0,4096,16384,13312,891.073,1090.46,1087.84,0.9868
mixed,4,3,0.75,4.0,128,512,128,512,416,54.943,55.359,55.071,0.3077
mixed,4,3,0.75,4.0,128,512,256,1024,832,70.401,85.92,85.505,0.9733
mixed,4,3,0.75,4.0,128,512,512,2048,1664,128.545,153.696,151.967,0.9313
mixed,4,3,0.75,4.0,128,512,1024,4096,3328,235.744,287.938,286.913,0.9804
mixed,4,3,0.75,4.0,128,512,2048,8192,6656,453.282,555.041,552.191,0.972
mixed,4,3,0.75,4.0,128,512,4096,16384,13312,890.659,1093.25,1088.67,0.9774
mixed,4,3,0.75,4.0,128,1024,128,512,416,87.775,87.553,87.361,
mixed,4,3,0.75,4.0,128,1024,256,1024,832,88.576,88.446,88.416,
mixed,4,3,0.75,4.0,128,1024,512,2048,1664,128.32,153.953,153.152,0.9688
mixed,4,3,0.75,4.0,128,1024,1024,4096,3328,236.61,288,286.207,0.9651
mixed,4,3,0.75,4.0,128,1024,2048,8192,6656,453.985,555.071,554.271,0.9921
mixed,4,3,0.75,4.0,128,1024,4096,16384,13312,891.231,1094.79,1091.68,0.9848
mixed,4,3,0.75,4.0,128,2048,128,512,416,154.784,154.817,154.207,-17.4848
mixed,4,3,0.75,4.0,128,2048,256,1024,832,155.169,155.84,155.201,0.0477
mixed,4,3,0.75,4.0,128,2048,512,2048,1664,155.839,156.191,155.712,-0.3608
mixed,4,3,0.75,4.0,128,2048,1024,4096,3328,237.184,288.287,287.042,0.9756
mixed,4,3,0.75,4.0,128,2048,2048,8192,6656,455.104,554.656,555.201,1.0055
mixed,4,3,0.75,4.0,128,2048,4096,16384,13312,890.594,1095.17,1093.22,0.9905
mixed,4,3,0.75,4.0,128,4096,128,512,416,288.352,288.64,288.223,-0.4479
mixed,4,3,0.75,4.0,128,4096,256,1024,832,289.6,289.216,288.992,
mixed,4,3,0.75,4.0,128,4096,512,2048,1664,288.896,289.856,288.352,-0.5667
mixed,4,3,0.75,4.0,128,4096,1024,4096,3328,289.793,289.76,289.63,
mixed,4,3,0.75,4.0,128,4096,2048,8192,6656,455.489,557.378,555.105,0.9777
mixed,4,3,0.75,4.0,128,4096,4096,16384,13312,894.21,1094.37,1093.54,0.9959
mixed,4,3,0.75,4.0,128,8192,128,512,416,560.352,558.721,557.762,
mixed,4,3,0.75,4.0,128,8192,256,1024,832,556.834,556.992,557.889,6.6772
mixed,4,3,0.75,4.0,128,8192,512,2048,1664,557.184,556.833,556.642,
mixed,4,3,0.75,4.0,128,8192,1024,4096,3328,556.067,556.385,557.504,4.5189
mixed,4,3,0.75,4.0,128,8192,2048,8192,6656,556.099,556.705,558.147,3.3795
mixed,4,3,0.75,4.0,128,8192,4096,16384,13312,894.433,1093.67,1094.44,1.0039
mixed,4,3,0.75,4.0,256,0,128,512,416,48.639,55.936,55.489,0.9387
mixed,4,3,0.75,4.0,256,0,256,1024,832,72.672,87.231,87.104,0.9913
mixed,4,3,0.75,4.0,256,0,512,2048,1664,127.392,154.208,153.119,0.9594
mixed,4,3,0.75,4.0,256,0,1024,4096,3328,236.194,287.424,286.082,0.9738
mixed,4,3,0.75,4.0,256,0,2048,8192,6656,454.241,552.994,554.753,1.0178
mixed,4,3,0.75,4.0,256,0,4096,16384,13312,887.423,1091.04,1089.86,0.9942
mixed,4,3,0.75,4.0,256,512,128,512,416,66.335,65.857,65.472,
mixed,4,3,0.75,4.0,256,512,256,1024,832,73.087,88.353,87.647,0.9538
mixed,4,3,0.75,4.0,256,512,512,2048,1664,130.175,155.808,154.688,0.9563
mixed,4,3,0.75,4.0,256,512,1024,4096,3328,237.697,289.248,288,0.9758
mixed,4,3,0.75,4.0,256,512,2048,8192,6656,456.287,555.199,557.056,1.0188
mixed,4,3,0.75,4.0,256,512,4096,16384,13312,892.768,1091.52,1092.7,1.006
mixed,4,3,0.75,4.0,256,1024,128,512,416,97.409,96.992,97.504,
mixed,4,3,0.75,4.0,256,1024,256,1024,832,98.463,97.888,98.177,
mixed,4,3,0.75,4.0,256,1024,512,2048,1664,129.824,156.416,155.423,0.9627
mixed,4,3,0.75,4.0,256,1024,1024,4096,3328,238.048,290.56,288.671,0.964
mixed,4,3,0.75,4.0,256,1024,2048,8192,6656,456.447,557.056,555.904,0.9885
mixed,4,3,0.75,4.0,256,1024,4096,16384,13312,890.497,1094.56,1092.99,0.9923
mixed,4,3,0.75,4.0,256,2048,128,512,416,161.44,161.792,160.897,-1.5426
mixed,4,3,0.75,4.0,256,2048,256,1024,832,162.88,162.24,162.528,
mixed,4,3,0.75,4.0,256,2048,512,2048,1664,164.706,165.537,165.376,0.8063
mixed,4,3,0.75,4.0,256,2048,1024,4096,3328,239.294,290.369,290.114,0.995
mixed,4,3,0.75,4.0,256,2048,2048,8192,6656,455.392,556.512,557.923,1.014
mixed,4,3,0.75,4.0,256,2048,4096,16384,13312,893.024,1094.72,1094.02,0.9965
mixed,4,3,0.75,4.0,256,4096,128,512,416,290.88,289.792,290.272,
mixed,4,3,0.75,4.0,256,4096,256,1024,832,291.616,291.168,291.231,
mixed,4,3,0.75,4.0,256,4096,512,2048,1664,292.704,292.705,291.969,-735.0
mixed,4,3,0.75,4.0,256,4096,1024,4096,3328,295.616,293.377,294.016,
mixed,4,3,0.75,4.0,256,4096,2048,8192,6656,458.176,556.801,556.961,1.0016
mixed,4,3,0.75,4.0,256,4096,4096,16384,13312,895.616,1095.65,1094.98,0.9966
mixed,4,3,0.75,4.0,256,8192,128,512,416,559.201,561.023,561.217,1.1065
mixed,4,3,0.75,4.0,256,8192,256,1024,832,559.36,559.489,557.664,-13.1473
mixed,4,3,0.75,4.0,256,8192,512,2048,1664,558.465,560.192,558.818,0.2044
mixed,4,3,0.75,4.0,256,8192,1024,4096,3328,559.969,560.513,558.946,-1.8805
mixed,4,3,0.75,4.0,256,8192,2048,8192,6656,558.016,560.449,558.976,0.3946
mixed,4,3,0.75,4.0,256,8192,4096,16384,13312,895.201,1096.39,1095.75,0.9968
mixed,4,3,0.75,4.0,512,0,128,512,416,68.097,75.36,74.72,0.9119
mixed,4,3,0.75,4.0,512,0,256,1024,832,91.808,106.847,105.984,0.9426
mixed,4,3,0.75,4.0,512,0,512,2048,1664,146.399,170.305,169.055,0.9477
mixed,4,3,0.75,4.0,512,0,1024,4096,3328,248.321,294.558,292.863,0.9633
mixed,4,3,0.75,4.0,512,0,2048,8192,6656,458.528,557.347,559.234,1.0191
mixed,4,3,0.75,4.0,512,0,4096,16384,13312,894.785,1101.32,1098.62,0.987
mixed,4,3,0.75,4.0,512,512,128,512,416,94.272,104.8,95.361,0.1034
mixed,4,3,0.75,4.0,512,512,256,1024,832,126.977,141.12,124.607,-0.1676
mixed,4,3,0.75,4.0,512,512,512,2048,1664,180.833,205.665,202.239,0.862
mixed,4,3,0.75,4.0,512,512,1024,4096,3328,284.32,330.08,329.602,0.9896
mixed,4,3,0.75,4.0,512,512,2048,8192,6656,484.702,580.707,576.224,0.9533
mixed,4,3,0.75,4.0,512,512,4096,16384,13312,900.736,1102.88,1098.97,0.9807
mixed,4,3,0.75,4.0,512,1024,128,512,416,126.978,127.522,127.776,1.4669
mixed,4,3,0.75,4.0,512,1024,256,1024,832,141.088,171.52,128.191,-0.4238
mixed,4,3,0.75,4.0,512,1024,512,2048,1664,215.617,239.073,205.889,-0.4147
mixed,4,3,0.75,4.0,512,1024,1024,4096,3328,317.856,367.778,361.088,0.866
mixed,4,3,0.75,4.0,512,1024,2048,8192,6656,521.055,611.81,613.824,1.0222
mixed,4,3,0.75,4.0,512,1024,4096,16384,13312,926.817,1121.35,1108.42,0.9335
mixed,4,3,0.75,4.0,512,2048,128,512,416,193.12,194.177,193.825,0.667
mixed,4,3,0.75,4.0,512,2048,256,1024,832,194.718,195.328,195.616,1.4721
mixed,4,3,0.75,4.0,512,2048,512,2048,1664,255.01,303.774,209.121,-0.941
mixed,4,3,0.75,4.0,512,2048,1024,4096,3328,385.184,432.608,367.426,-0.3745
mixed,4,3,0.75,4.0,512,2048,2048,8192,6656,592.512,682.308,680.288,0.9775
mixed,4,3,0.75,4.0,512,2048,4096,16384,13312,988.994,1175.43,1181.67,1.0335
mixed,4,3,0.75,4.0,512,4096,128,512,416,320.48,321.761,320.127,-0.2756
mixed,4,3,0.75,4.0,512,4096,256,1024,832,322.593,322.208,321.28,
mixed,4,3,0.75,4.0,512,4096,512,2048,1664,325.026,326.242,326.559,1.2607
mixed,4,3,0.75,4.0,512,4096,1024,4096,3328,467.619,563.264,372.8,-0.9914
mixed,4,3,0.75,4.0,512,4096,2048,8192,6656,720.768,815.267,688.259,-0.344
mixed,4,3,0.75,4.0,512,4096,4096,16384,13312,1125.79,1314.21,1312.04,0.9885
mixed,4,3,0.75,4.0,512,8192,128,512,416,573.056,576.095,574.881,0.6005
mixed,4,3,0.75,4.0,512,8192,256,1024,832,576.992,577.088,574.208,-29.0
mixed,4,3,0.75,4.0,512,8192,512,2048,1664,577.602,581.249,577.984,0.1047
mixed,4,3,0.75,4.0,512,8192,1024,4096,3328,580.32,581.024,581.409,1.5469
mixed,4,3,0.75,4.0,512,8192,2048,8192,6656,885.538,1078.91,690.594,-1.0081
mixed,4,3,0.75,4.0,512,8192,4096,16384,13312,1390.4,1580.67,1313.03,-0.4067
mixed,4,3,0.75,4.0,1024,0,128,512,416,139.487,141.664,141.535,0.9407
mixed,4,3,0.75,4.0,1024,0,256,1024,832,150.688,161.919,158.016,0.6525
mixed,4,3,0.75,4.0,1024,0,512,2048,1664,202.175,226.177,221.696,0.8133
mixed,4,3,0.75,4.0,1024,0,1024,4096,3328,304.16,348.706,348.288,0.9906
mixed,4,3,0.75,4.0,1024,0,2048,8192,6656,509.092,597.954,596.704,0.9859
mixed,4,3,0.75,4.0,1024,0,4096,16384,13312,915.364,1109.6,1104.67,0.9746
mixed,4,3,0.75,4.0,1024,512,128,512,416,203.777,204.416,201.601,-3.4053
mixed,4,3,0.75,4.0,1024,512,256,1024,832,204.801,209.409,208.833,0.875
mixed,4,3,0.75,4.0,1024,512,512,2048,1664,243.617,267.489,260.672,0.7144
mixed,4,3,0.75,4.0,1024,512,1024,4096,3328,345.92,391.361,385.216,0.8648
mixed,4,3,0.75,4.0,1024,512,2048,8192,6656,547.298,647.168,640.259,0.9308
mixed,4,3,0.75,4.0,1024,512,4096,16384,13312,954.561,1138.97,1133.95,0.9728
mixed,4,3,0.75,4.0,1024,1024,128,512,416,262.814,264.608,263.039,0.1254
mixed,4,3,0.75,4.0,1024,1024,256,1024,832,266.784,267.329,268.385,2.9376
mixed,4,3,0.75,4.0,1024,1024,512,2048,1664,281.762,301.345,295.745,0.714
mixed,4,3,0.75,4.0,1024,1024,1024,4096,3328,381.857,428.224,422.208,0.8703
mixed,4,3,0.75,4.0,1024,1024,2048,8192,6656,583.01,676.767,673.602,0.9662
mixed,4,3,0.75,4.0,1024,1024,4096,16384,13312,991.905,1172,1173.99,1.011
mixed,4,3,0.75,4.0,1024,2048,128,512,416,387.04,387.552,387.264,0.4375
mixed,4,3,0.75,4.0,1024,2048,256,1024,832,387.616,388.32,391.136,5.0
mixed,4,3,0.75,4.0,1024,2048,512,2048,1664,391.52,391.201,392.033,
mixed,4,3,0.75,4.0,1024,2048,1024,4096,3328,446.944,493.919,487.424,0.8617
mixed,4,3,0.75,4.0,1024,2048,2048,8192,6656,651.265,743.746,736.48,0.9214
mixed,4,3,0.75,4.0,1024,2048,4096,16384,13312,1054.02,1244.36,1238.95,0.9716
mixed,4,3,0.75,4.0,1024,4096,128,512,416,632.768,633.217,634.913,4.7773
mixed,4,3,0.75,4.0,1024,4096,256,1024,832,633.792,633.698,633.057,
mixed,4,3,0.75,4.0,1024,4096,512,2048,1664,635.073,643.106,634.593,-0.0598
mixed,4,3,0.75,4.0,1024,4096,1024,4096,3328,639.81,642.019,644.097,1.9407
mixed,4,3,0.75,4.0,1024,4096,2048,8192,6656,783.297,877.378,867.906,0.8993
mixed,4,3,0.75,4.0,1024,4096,4096,16384,13312,1185.03,1375.74,1365.82,0.948
mixed,4,3,0.75,4.0,1024,8192,128,512,416,1122.98,1123.07,1123.23,2.7802
mixed,4,3,0.75,4.0,1024,8192,256,1024,832,1124.55,1122.17,1121.98,
mixed,4,3,0.75,4.0,1024,8192,512,2048,1664,1125.61,1125.22,1124.67,
mixed,4,3,0.75,4.0,1024,8192,1024,4096,3328,1124.61,1142.98,1143.87,1.0487
mixed,4,3,0.75,4.0,1024,8192,2048,8192,6656,1127.62,1155.81,1156.03,1.008
mixed,4,3,0.75,4.0,1024,8192,4096,16384,13312,1442.47,1631.33,1618.76,0.9334
mixed,4,3,0.75,4.0,2048,0,128,512,416,345.666,344.064,343.423,
mixed,4,3,0.75,4.0,2048,0,256,1024,832,349.888,357.569,351.584,0.2208
mixed,4,3,0.75,4.0,2048,0,512,2048,1664,365.536,387.299,378.338,0.5882
mixed,4,3,0.75,4.0,2048,0,1024,4096,3328,482.721,531.872,517.377,0.7051
mixed,4,3,0.75,4.0,2048,0,2048,8192,6656,686.531,778.401,775.01,0.9631
mixed,4,3,0.75,4.0,2048,0,4096,16384,13312,1089.51,1282.88,1269.44,0.9305
mixed,4,3,0.75,4.0,2048,512,128,512,416,444.961,446.048,445.666,0.6486
mixed,4,3,0.75,4.0,2048,512,256,1024,832,457.281,456.769,452.258,
mixed,4,3,0.75,4.0,2048,512,512,2048,1664,471.552,476.738,468.224,-0.6417
mixed,4,3,0.75,4.0,2048,512,1024,4096,3328,559.458,611.006,593.762,0.6655
mixed,4,3,0.75,4.0,2048,512,2048,8192,6656,783.489,874.593,860.099,0.8409
mixed,4,3,0.75,4.0,2048,512,4096,16384,13312,1185.51,1368.77,1364.71,0.9778
mixed,4,3,0.75,4.0,2048,1024,128,512,416,544.13,545.633,543.199,-0.6194
mixed,4,3,0.75,4.0,2048,1024,256,1024,832,553.377,557.665,552.897,-0.1119
mixed,4,3,0.75,4.0,2048,1024,512,2048,1664,568.705,579.682,569.283,0.0527
mixed,4,3,0.75,4.0,2048,1024,1024,4096,3328,636.29,692.897,677.537,0.7287
mixed,4,3,0.75,4.0,2048,1024,2048,8192,6656,879.36,974.369,948.927,0.7322
mixed,4,3,0.75,4.0,2048,1024,4096,16384,13312,1281.41,1465.83,1458.18,0.9585
mixed,4,3,0.75,4.0,2048,2048,128,512,416,731.522,738.369,732.514,0.1449
mixed,4,3,0.75,4.0,2048,2048,256,1024,832,743.842,749.539,745.411,0.2754
mixed,4,3,0.75,4.0,2048,2048,512,2048,1664,765.761,783.137,761.311,-0.2561
mixed,4,3,0.75,4.0,2048,2048,1024,4096,3328,806.177,841.953,818.881,0.3551
mixed,4,3,0.75,4.0,2048,2048,2048,8192,6656,1044.04,1137.25,1109.57,0.703
mixed,4,3,0.75,4.0,2048,2048,4096,16384,13312,1469.25,1654.11,1632.8,0.8847
mixed,4,3,0.75,4.0,2048,4096,128,512,416,1095.78,1100.36,1096.13,0.0771
mixed,4,3,0.75,4.0,2048,4096,256,1024,832,1108.13,1113.92,1108.67,0.0932
mixed,4,3,0.75,4.0,2048,4096,512,2048,1664,1139.68,1151.81,1130.5,-0.7573
mixed,4,3,0.75,4.0,2048,4096,1024,4096,3328,1228.19,1267.55,1155.01,-1.8593
mixed,4,3,0.75,4.0,2048,4096,2048,8192,6656,1360.07,1464.55,1442.82,0.792
mixed,4,3,0.75,4.0,2048,4096,4096,16384,13312,1812.74,2018.95,1994.02,0.8791
mixed,4,3,0.75,4.0,2048,8192,128,512,416,1825.54,1835.39,1826.46,0.094
mixed,4,3,0.75,4.0,2048,8192,256,1024,832,1838.27,1842.46,1843.91,1.3441
mixed,4,3,0.75,4.0,2048,8192,512,2048,1664,1873.89,1886.21,1860.93,-1.0524
mixed,4,3,0.75,4.0,2048,8192,1024,4096,3328,1952.1,2002.85,1873.41,-1.5505
mixed,4,3,0.75,4.0,2048,8192,2048,8192,6656,2167.43,2257.51,1939.24,-2.5331
mixed,4,3,0.75,4.0,2048,8192,4096,16384,13312,2506.47,2709.06,2687.88,0.8954
pure,8,1,0.125,4.0,0,0,128,512,176,45.889,57.183,47.775,0.167
pure,8,1,0.125,4.0,0,0,256,1024,352,51.618,78.304,55.84,0.1582
pure,8,1,0.125,4.0,0,0,512,2048,704,67.648,111.839,70.368,0.0616
pure,8,1,0.125,4.0,0,0,1024,4096,1408,97.088,177.632,92.959,-0.0513
pure,8,1,0.125,4.0,0,0,2048,8192,2816,142.494,322.847,148.642,0.0341
pure,8,1,0.125,4.0,0,0,4096,16384,5632,234.272,589.923,243.552,0.0261
mixed,8,1,0.125,4.0,16,0,128,512,176,30.561,53.666,52.384,0.9445
mixed,8,1,0.125,4.0,16,0,256,1024,352,39.679,87.679,84.831,0.9407
mixed,8,1,0.125,4.0,16,0,512,2048,704,62.721,156.832,152.353,0.9524
mixed,8,1,0.125,4.0,16,0,1024,4096,1408,111.904,292.065,287.36,0.9739
mixed,8,1,0.125,4.0,16,0,2048,8192,2816,206.848,565.633,556.256,0.9739
mixed,8,1,0.125,4.0,16,0,4096,16384,5632,393.057,1101.06,1093.82,0.9898
mixed,8,1,0.125,4.0,16,512,128,512,176,52.608,54.207,52.704,0.06
mixed,8,1,0.125,4.0,16,512,256,1024,352,53.152,88.096,86.111,0.9432
mixed,8,1,0.125,4.0,16,512,512,2048,704,63.231,157.695,153.985,0.9607
mixed,8,1,0.125,4.0,16,512,1024,4096,1408,111.937,291.232,288.897,0.987
mixed,8,1,0.125,4.0,16,512,2048,8192,2816,207.2,566.273,557.121,0.9745
mixed,8,1,0.125,4.0,16,512,4096,16384,5632,391.648,1102.21,1094.82,0.9896
mixed,8,1,0.125,4.0,16,1024,128,512,176,84.96,87.007,85.793,0.4069
mixed,8,1,0.125,4.0,16,1024,256,1024,352,85.249,88.448,86.689,0.4501
mixed,8,1,0.125,4.0,16,1024,512,2048,704,86.464,157.826,154.529,0.9538
mixed,8,1,0.125,4.0,16,1024,1024,4096,1408,111.552,292.831,286.945,0.9675
mixed,8,1,0.125,4.0,16,1024,2048,8192,2816,207.778,565.12,559.106,0.9832
mixed,8,1,0.125,4.0,16,1024,4096,16384,5632,392.32,1101.7,1095.62,0.9914
mixed,8,1,0.125,4.0,16,2048,128,512,176,152.032,153.855,151.87,-0.0889
mixed,8,1,0.125,4.0,16,2048,256,1024,352,152.8,157.247,152.992,0.0432
mixed,8,1,0.125,4.0,16,2048,512,2048,704,154.144,159.456,154.304,0.0301
mixed,8,1,0.125,4.0,16,2048,1024,4096,1408,156.832,295.104,288.703,0.9537
mixed,8,1,0.125,4.0,16,2048,2048,8192,2816,208.959,565.632,560.64,0.986
mixed,8,1,0.125,4.0,16,2048,4096,16384,5632,394.944,1103.23,1096.03,0.9898
mixed,8,1,0.125,4.0,16,4096,128,512,176,286.304,288.224,286.178,-0.0656
mixed,8,1,0.125,4.0,16,4096,256,1024,352,287.266,289.792,288.64,0.5439
mixed,8,1,0.125,4.0,16,4096,512,2048,704,287.361,291.969,288.609,0.2708
mixed,8,1,0.125,4.0,16,4096,1024,4096,1408,290.144,293.728,289.792,-0.0982
mixed,8,1,0.125,4.0,16,4096,2048,8192,2816,292,566.72,557.793,0.9675
mixed,8,1,0.125,4.0,16,4096,4096,16384,5632,395.841,1104.39,1094.5,0.986
mixed,8,1,0.125,4.0,16,8192,128,512,176,558.08,559.65,558.527,0.2847
mixed,8,1,0.125,4.0,16,8192,256,1024,352,558.657,562.049,559.169,0.1509
mixed,8,1,0.125,4.0,16,8192,512,2048,704,559.841,563.233,556.641,-0.9434
mixed,8,1,0.125,4.0,16,8192,1024,4096,1408,559.904,563.328,561.634,0.5053
mixed,8,1,0.125,4.0,16,8192,2048,8192,2816,561.92,571.33,559.778,-0.2276
mixed,8,1,0.125,4.0,16,8192,4096,16384,5632,565.408,1106.69,1096.29,0.9808
mixed,8,1,0.125,4.0,32,0,128,512,176,30.752,53.314,52.351,0.9573
mixed,8,1,0.125,4.0,32,0,256,1024,352,39.52,87.199,85.6,0.9665
mixed,8,1,0.125,4.0,32,0,512,2048,704,63.168,157.152,152.962,0.9554
mixed,8,1,0.125,4.0,32,0,1024,4096,1408,111.903,291.872,288.064,0.9788
mixed,8,1,0.125,4.0,32,0,2048,8192,2816,207.136,564.225,558.562,0.9841
mixed,8,1,0.125,4.0,32,0,4096,16384,5632,392.129,1104.16,1095.74,0.9882
mixed,8,1,0.125,4.0,32,512,128,512,176,52.96,54.783,53.057,0.0532
mixed,8,1,0.125,4.0,32,512,256,1024,352,53.408,88.225,85.854,0.9319
mixed,8,1,0.125,4.0,32,512,512,2048,704,63.361,157.378,153.536,0.9591
mixed,8,1,0.125,4.0,32,512,1024,4096,1408,112.001,292.609,288.065,0.9748
mixed,8,1,0.125,4.0,32,512,2048,8192,2816,208.353,567.04,559.52,0.979
mixed,8,1,0.125,4.0,32,512,4096,16384,5632,393.152,1103.59,1097.7,0.9917
mixed,8,1,0.125,4.0,32,1024,128,512,176,85.216,86.944,85.216,0.0
mixed,8,1,0.125,4.0,32,1024,256,1024,352,85.439,88.96,85.921,0.1369
mixed,8,1,0.125,4.0,32,1024,512,2048,704,86.528,158.112,153.281,0.9325
mixed,8,1,0.125,4.0,32,1024,1024,4096,1408,111.968,292.192,288.544,0.9798
mixed,8,1,0.125,4.0,32,1024,2048,8192,2816,208.8,568.481,561.119,0.9795
mixed,8,1,0.125,4.0,32,1024,4096,16384,5632,394.593,1102.91,1098.56,0.9939
mixed,8,1,0.125,4.0,32,2048,128,512,176,152.192,154.881,152.96,0.2856
mixed,8,1,0.125,4.0,32,2048,256,1024,352,152.703,157.088,153.889,0.2705
mixed,8,1,0.125,4.0,32,2048,512,2048,704,155.297,159.297,154.56,-0.1842
mixed,8,1,0.125,4.0,32,2048,1024,4096,1408,158.529,293.888,288.64,0.9612
mixed,8,1,0.125,4.0,32,2048,2048,8192,2816,208.736,568.577,559.647,0.9752
mixed,8,1,0.125,4.0,32,2048,4096,16384,5632,394.528,1104.61,1099.81,0.9932
mixed,8,1,0.125,4.0,32,4096,128,512,176,286.848,288.962,287.393,0.2578
mixed,8,1,0.125,4.0,32,4096,256,1024,352,288.545,290.144,288.193,-0.2201
mixed,8,1,0.125,4.0,32,4096,512,2048,704,287.521,292.897,288.864,0.2498
mixed,8,1,0.125,4.0,32,4096,1024,4096,1408,290.656,294.718,290.689,0.0081
mixed,8,1,0.125,4.0,32,4096,2048,8192,2816,293.409,568.385,559.519,0.9678
mixed,8,1,0.125,4.0,32,4096,4096,16384,5632,395.49,1105.6,1098.21,0.9896
mixed,8,1,0.125,4.0,32,8192,128,512,176,557.314,557.761,559.011,3.7964
mixed,8,1,0.125,4.0,32,8192,256,1024,352,559.938,562.241,557.955,-0.8611
mixed,8,1,0.125,4.0,32,8192,512,2048,704,559.073,562.849,557.472,-0.424
mixed,8,1,0.125,4.0,32,8192,1024,4096,1408,561.954,563.234,557.985,-3.1008
mixed,8,1,0.125,4.0,32,8192,2048,8192,2816,561.472,570.016,560.578,-0.1046
mixed,8,1,0.125,4.0,32,8192,4096,16384,5632,566.403,1106.82,1100.71,0.9887
mixed,8,1,0.125,4.0,64,0,128,512,176,31.296,54.272,52.576,0.9262
mixed,8,1,0.125,4.0,64,0,256,1024,352,40.096,88.64,85.088,0.9268
mixed,8,1,0.125,4.0,64,0,512,2048,704,63.65,157.6,152.993,0.951
mixed,8,1,0.125,4.0,64,0,1024,4096,1408,111.905,291.075,288.927,0.988
mixed,8,1,0.125,4.0,64,0,2048,8192,2816,208,565.058,559.713,0.985
mixed,8,1,0.125,4.0,64,0,4096,16384,5632,393.793,1101.95,1095.14,0.9904
mixed,8,1,0.125,4.0,64,512,128,512,176,53.76,55.392,54.368,0.3725
mixed,8,1,0.125,4.0,64,512,256,1024,352,54.177,89.056,85.408,0.8954
mixed,8,1,0.125,4.0,64,512,512,2048,704,64.32,158.304,154.207,0.9564
mixed,8,1,0.125,4.0,64,512,1024,4096,1408,113.055,292.641,288.865,0.979
mixed,8,1,0.125,4.0,64,512,2048,8192,2816,208.129,566.689,559.102,0.9788
mixed,8,1,0.125,4.0,64,512,4096,16384,5632,392.93,1103.52,1099.56,0.9944
mixed,8,1,0.125,4.0,64,1024,128,512,176,87.039,88.801,87.968,0.5272
mixed,8,1,0.125,4.0,64,1024,256,1024,352,86.88,89.215,88.128,0.5345
mixed,8,1,0.125,4.0,64,1024,512,2048,704,88.863,157.729,153.92,0.9447
mixed,8,1,0.125,4.0,64,1024,1024,4096,1408,112.768,293.12,289.185,0.9782
mixed,8,1,0.125,4.0,64,1024,2048,8192,2816,209.312,568.638,559.553,0.9747
mixed,8,1,0.125,4.0,64,1024,4096,16384,5632,394.497,1104.67,1099.11,0.9922
mixed,8,1,0.125,4.0,64,2048,128,512,176,154.56,157.119,154.399,-0.0629
mixed,8,1,0.125,4.0,64,2048,256,1024,352,153.792,159.521,155.201,0.2459
mixed,8,1,0.125,4.0,64,2048,512,2048,704,156.993,159.968,158.432,0.4837
mixed,8,1,0.125,4.0,64,2048,1024,4096,1408,159.072,293.248,288.928,0.9678
mixed,8,1,0.125,4.0,64,2048,2048,8192,2816,207.936,568.832,560.993,0.9783
mixed,8,1,0.125,4.0,64,2048,4096,16384,5632,395.648,1106.85,1102.12,0.9933
mixed,8,1,0.125,4.0,64,4096,128,512,176,288.193,291.075,288.225,0.0111
mixed,8,1,0.125,4.0,64,4096,256,1024,352,288.512,291.776,289.12,0.1863
mixed,8,1,0.125,4.0,64,4096,512,2048,704,289.282,293.216,290.721,0.3658
mixed,8,1,0.125,4.0,64,4096,1024,4096,1408,292.481,295.969,291.36,-0.3214
mixed,8,1,0.125,4.0,64,4096,2048,8192,2816,298.049,568.704,560.479,0.9696
mixed,8,1,0.125,4.0,64,4096,4096,16384,5632,398.592,1105.67,1102.18,0.9951
mixed,8,1,0.125,4.0,64,8192,128,512,176,559.234,561.217,561.601,1.1936
mixed,8,1,0.125,4.0,64,8192,256,1024,352,561.152,563.936,560.064,-0.3908
mixed,8,1,0.125,4.0,64,8192,512,2048,704,560.608,563.969,560.483,-0.0372
mixed,8,1,0.125,4.0,64,8192,1024,4096,1408,562.434,564.224,562.783,0.195
mixed,8,1,0.125,4.0,64,8192,2048,8192,2816,565.41,570.433,560.991,-0.8798
mixed,8,1,0.125,4.0,64,8192,4096,16384,5632,569.472,1107.68,1100.8,0.9872
mixed,8,1,0.125,4.0,128,0,128,512,176,32.256,55.808,53.92,0.9198
mixed,8,1,0.125,4.0,128,0,256,1024,352,41.379,88.831,85.44,0.9285
mixed,8,1,0.125,4.0,128,0,512,2048,704,65.024,157.152,153.504,0.9604
mixed,8,1,0.125,4.0,128,0,1024,4096,1408,112.767,291.138,288.61,0.9858
mixed,8,1,0.125,4.0,128,0,2048,8192,2816,207.967,565.601,556.993,0.9759
mixed,8,1,0.125,4.0,128,0,4096,16384,5632,393.247,1106.31,1095.14,0.9843
mixed,8,1,0.125,4.0,128,512,128,512,176,56.065,57.759,56.672,0.3583
mixed,8,1,0.125,4.0,128,512,256,1024,352,57.407,89.183,85.986,0.8994
mixed,8,1,0.125,4.0,128,512,512,2048,704,65.185,158.369,153.6,0.9488
mixed,8,1,0.125,4.0,128,512,1024,4096,1408,113.665,293.794,290.21,0.9801
mixed,8,1,0.125,4.0,128,512,2048,8192,2816,208.931,567.713,560.577,0.9801
mixed,8,1,0.125,4.0,128,512,4096,16384,5632,395.073,1107.68,1097.7,0.986
mixed,8,1,0.125,4.0,128,1024,128,512,176,88.895,89.088,88.8,-0.4922
mixed,8,1,0.125,4.0,128,1024,256,1024,352,88.992,90.656,89.601,0.366
mixed,8,1,0.125,4.0,128,1024,512,2048,704,90.88,159.713,153.566,0.9107
mixed,8,1,0.125,4.0,128,1024,1024,4096,1408,113.696,294.976,289.825,0.9716
mixed,8,1,0.125,4.0,128,1024,2048,8192,2816,209.09,570.625,559.81,0.9701
mixed,8,1,0.125,4.0,128,1024,4096,16384,5632,397.922,1105.8,1096.96,0.9875
mixed,8,1,0.125,4.0,128,2048,128,512,176,155.296,156.959,155.489,0.1161
mixed,8,1,0.125,4.0,128,2048,256,1024,352,155.04,159.648,156.351,0.2845
mixed,8,1,0.125,4.0,128,2048,512,2048,704,158.207,162.08,157.632,-0.1485
mixed,8,1,0.125,4.0,128,2048,1024,4096,1408,158.69,296.256,289.346,0.9498
mixed,8,1,0.125,4.0,128,2048,2048,8192,2816,210.72,571.744,562.335,0.9739
mixed,8,1,0.125,4.0,128,2048,4096,16384,5632,400.098,1109.54,1103.01,0.9908
mixed,8,1,0.125,4.0,128,4096,128,512,176,288.098,289.025,288.704,0.6537
mixed,8,1,0.125,4.0,128,4096,256,1024,352,288.929,292.704,288.831,-0.026
mixed,8,1,0.125,4.0,128,4096,512,2048,704,290.368,294.913,289.632,-0.1619
mixed,8,1,0.125,4.0,128,4096,1024,4096,1408,293.216,298.849,293.057,-0.0282
mixed,8,1,0.125,4.0,128,4096,2048,8192,2816,294.912,572.608,560.224,0.9554
mixed,8,1,0.125,4.0,128,4096,4096,16384,5632,402.559,1110.37,1105.03,0.9925
mixed,8,1,0.125,4.0,128,8192,128,512,176,557.6,559.17,557.09,-0.3248
mixed,8,1,0.125,4.0,128,8192,256,1024,352,556.098,559.873,557.73,0.4323
mixed,8,1,0.125,4.0,128,8192,512,2048,704,558.048,561.888,557.601,-0.1164
mixed,8,1,0.125,4.0,128,8192,1024,4096,1408,561.696,565.217,560.961,-0.2087
mixed,8,1,0.125,4.0,128,8192,2048,8192,2816,560.93,575.04,563.62,0.1906
mixed,8,1,0.125,4.0,128,8192,4096,16384,5632,568.609,1111.01,1101.76,0.9829
mixed,8,1,0.125,4.0,256,0,128,512,176,48.514,74.112,61.985,0.5263
mixed,8,1,0.125,4.0,256,0,256,1024,352,57.759,104.544,92.929,0.7517
mixed,8,1,0.125,4.0,256,0,512,2048,704,81.92,170.753,156.19,0.8361
mixed,8,1,0.125,4.0,256,0,1024,4096,1408,130.178,298.337,289.601,0.948
mixed,8,1,0.125,4.0,256,0,2048,8192,2816,220.577,567.81,558.657,0.9736
mixed,8,1,0.125,4.0,256,0,4096,16384,5632,395.234,1105.6,1096.13,0.9867
mixed,8,1,0.125,4.0,256,512,128,512,176,72.704,100.864,73.087,0.0136
mixed,8,1,0.125,4.0,256,512,256,1024,352,73.857,140.032,93.377,0.295
mixed,8,1,0.125,4.0,256,512,512,2048,704,113.92,205.056,159.135,0.4961
mixed,8,1,0.125,4.0,256,512,1024,4096,1408,164.577,330.59,290.463,0.7583
mixed,8,1,0.125,4.0,256,512,2048,8192,2816,251.009,580.639,561.57,0.9422
mixed,8,1,0.125,4.0,256,512,4096,16384,5632,426.305,1106.85,1097.47,0.9862
mixed,8,1,0.125,4.0,256,1024,128,512,176,104.192,106.208,103.488,-0.3492
mixed,8,1,0.125,4.0,256,1024,256,1024,352,104.608,167.745,105.217,0.0096
mixed,8,1,0.125,4.0,256,1024,512,2048,704,119.457,237.696,158.4,0.3294
mixed,8,1,0.125,4.0,256,1024,1024,4096,1408,199.168,364.928,292.256,0.5616
mixed,8,1,0.125,4.0,256,1024,2048,8192,2816,286.209,615.903,564.417,0.8438
mixed,8,1,0.125,4.0,256,1024,4096,16384,5632,459.265,1116.55,1101,0.9763
mixed,8,1,0.125,4.0,256,2048,128,512,176,167.714,169.888,169.408,0.7792
mixed,8,1,0.125,4.0,256,2048,256,1024,352,169.632,173.76,169.761,0.0313
mixed,8,1,0.125,4.0,256,2048,512,2048,704,170.945,299.104,172.32,0.0107
mixed,8,1,0.125,4.0,256,2048,1024,4096,1408,218.082,433.28,291.426,0.3408
mixed,8,1,0.125,4.0,256,2048,2048,8192,2816,352.801,681.698,563.681,0.6412
mixed,8,1,0.125,4.0,256,2048,4096,16384,5632,523.554,1184.67,1102.08,0.8751
mixed,8,1,0.125,4.0,256,4096,128,512,176,293.472,296.514,293.025,-0.1469
mixed,8,1,0.125,4.0,256,4096,256,1024,352,295.199,300.256,293.504,-0.3352
mixed,8,1,0.125,4.0,256,4096,512,2048,704,296.256,303.296,299.072,0.4
mixed,8,1,0.125,4.0,256,4096,1024,4096,1408,301.569,558.209,299.841,-0.0067
mixed,8,1,0.125,4.0,256,4096,2048,8192,2816,395.618,818.401,563.84,0.3979
mixed,8,1,0.125,4.0,256,4096,4096,16384,5632,660.801,1316.26,1107.46,0.6814
mixed,8,1,0.125,4.0,256,8192,128,512,176,563.583,561.888,560.162,
mixed,8,1,0.125,4.0,256,8192,256,1024,352,561.377,566.497,563.105,0.3375
mixed,8,1,0.125,4.0,256,8192,512,2048,704,565.344,567.361,564.639,-0.3495
mixed,8,1,0.125,4.0,256,8192,1024,4096,1408,565.474,571.777,564.609,-0.1372
mixed,8,1,0.125,4.0,256,8192,2048,8192,2816,566.242,1098.34,567.904,0.0031
mixed,8,1,0.125,4.0,256,8192,4096,16384,5632,755.138,1649.03,1105.67,0.3921
mixed,8,1,0.125,4.0,512,0,128,512,176,77.473,98.401,82.463,0.2384
mixed,8,1,0.125,4.0,512,0,256,1024,352,83.745,132.96,119.68,0.7302
mixed,8,1,0.125,4.0,512,0,512,2048,704,109.089,198.304,189.567,0.9021
mixed,8,1,0.125,4.0,512,0,1024,4096,1408,157.727,328.128,314.979,0.9228
mixed,8,1,0.125,4.0,512,0,2048,8192,2816,247.071,577.218,564.291,0.9608
mixed,8,1,0.125,4.0,512,0,4096,16384,5632,419.841,1111.11,1101.44,0.986
mixed,8,1,0.125,4.0,512,512,128,512,176,114.624,137.377,115.296,0.0295
mixed,8,1,0.125,4.0,512,512,256,1024,352,124.288,167.648,129.316,0.116
mixed,8,1,0.125,4.0,512,512,512,2048,704,144.16,233.761,205.858,0.6886
mixed,8,1,0.125,4.0,512,512,1024,4096,1408,192.032,359.49,348.129,0.9322
mixed,8,1,0.125,4.0,512,512,2048,8192,2816,280.128,610.433,597.731,0.9615
mixed,8,1,0.125,4.0,512,512,4096,16384,5632,452,1123.26,1100.61,0.9663
mixed,8,1,0.125,4.0,512,1024,128,512,176,147.744,172.065,148.161,0.0171
mixed,8,1,0.125,4.0,512,1024,256,1024,352,156.864,204.96,158.306,0.03
mixed,8,1,0.125,4.0,512,1024,512,2048,704,182.111,265.313,209.184,0.3254
mixed,8,1,0.125,4.0,512,1024,1024,4096,1408,222.016,393.442,366.433,0.8424
mixed,8,1,0.125,4.0,512,1024,2048,8192,2816,313.089,640.897,631.107,0.9701
mixed,8,1,0.125,4.0,512,1024,4096,16384,5632,487.266,1152.13,1126.69,0.9617
mixed,8,1,0.125,4.0,512,2048,128,512,176,212.224,236.129,212.512,0.012
mixed,8,1,0.125,4.0,512,2048,256,1024,352,221.376,270.945,222.656,0.0258
mixed,8,1,0.125,4.0,512,2048,512,2048,704,245.056,335.681,239.457,-0.0618
mixed,8,1,0.125,4.0,512,2048,1024,4096,1408,294.4,459.971,369.696,0.4548
mixed,8,1,0.125,4.0,512,2048,2048,8192,2816,377.6,710.689,680.831,0.9104
mixed,8,1,0.125,4.0,512,2048,4096,16384,5632,552.482,1222.37,1194.34,0.9581
mixed,8,1,0.125,4.0,512,4096,128,512,176,340.801,366.048,339.167,-0.0647
mixed,8,1,0.125,4.0,512,4096,256,1024,352,348.831,398.752,347.424,-0.0282
mixed,8,1,0.125,4.0,512,4096,512,2048,704,371.553,464.609,366.115,-0.0584
mixed,8,1,0.125,4.0,512,4096,1024,4096,1408,422.688,593.217,400.162,-0.1321
mixed,8,1,0.125,4.0,512,4096,2048,8192,2816,513.186,837.186,689.378,0.5438
mixed,8,1,0.125,4.0,512,4096,4096,16384,5632,683.36,1344.04,1312.8,0.9527
mixed,8,1,0.125,4.0,512,8192,128,512,176,595.551,613.376,595.295,-0.0144
mixed,8,1,0.125,4.0,512,8192,256,1024,352,600.674,651.043,599.393,-0.0254
mixed,8,1,0.125,4.0,512,8192,512,2048,704,625.216,717.923,615.168,-0.1084
mixed,8,1,0.125,4.0,512,8192,1024,4096,1408,675.779,846.049,651.938,-0.14
mixed,8,1,0.125,4.0,512,8192,2048,8192,2816,764.382,1117.38,719.105,-0.1283
mixed,8,1,0.125,4.0,512,8192,4096,16384,5632,946.719,1627.14,1322.88,0.5528
mixed,8,1,0.125,4.0,1024,0,128,512,176,149.471,162.593,151.264,0.1366
mixed,8,1,0.125,4.0,1024,0,256,1024,352,157.696,188,164.192,0.2144
mixed,8,1,0.125,4.0,1024,0,512,2048,704,165.664,279.617,233.248,0.5931
mixed,8,1,0.125,4.0,1024,0,1024,4096,1408,228.928,407.456,369.217,0.7858
mixed,8,1,0.125,4.0,1024,0,2048,8192,2816,326.911,655.234,635.073,0.9386
mixed,8,1,0.125,4.0,1024,0,4096,16384,5632,497.696,1165.25,1134.18,0.9535
mixed,8,1,0.125,4.0,1024,512,128,512,176,212.577,229.536,215.073,0.1472
mixed,8,1,0.125,4.0,1024,512,256,1024,352,218.114,239.2,220.609,0.1183
mixed,8,1,0.125,4.0,1024,512,512,2048,704,232.577,316.993,269.634,0.439
mixed,8,1,0.125,4.0,1024,512,1024,4096,1408,258.88,475.809,406.081,0.6786
mixed,8,1,0.125,4.0,1024,512,2048,8192,2816,395.199,725.058,683.49,0.874
mixed,8,1,0.125,4.0,1024,512,4096,16384,5632,569.919,1235.88,1197.86,0.9429
mixed,8,1,0.125,4.0,1024,1024,128,512,176,273.696,284.673,275.519,0.1661
mixed,8,1,0.125,4.0,1024,1024,256,1024,352,279.073,304.577,280.288,0.0476
mixed,8,1,0.125,4.0,1024,1024,512,2048,704,289.313,360.094,301.154,0.1673
mixed,8,1,0.125,4.0,1024,1024,1024,4096,1408,316.033,540.993,448.033,0.5868
mixed,8,1,0.125,4.0,1024,1024,2048,8192,2816,418.305,790.594,720.929,0.8129
mixed,8,1,0.125,4.0,1024,1024,4096,16384,5632,636.002,1298.37,1260.45,0.9428
mixed,8,1,0.125,4.0,1024,2048,128,512,176,397.473,407.136,398.145,0.0695
mixed,8,1,0.125,4.0,1024,2048,256,1024,352,401.474,411.361,400.833,-0.0648
mixed,8,1,0.125,4.0,1024,2048,512,2048,704,411.936,463.841,410.465,-0.0283
mixed,8,1,0.125,4.0,1024,2048,1024,4096,1408,431.648,608.416,494.176,0.3537
mixed,8,1,0.125,4.0,1024,2048,2048,8192,2816,529.986,913.25,830.593,0.7843
mixed,8,1,0.125,4.0,1024,2048,4096,16384,5632,758.596,1420.55,1337.89,0.8751
mixed,8,1,0.125,4.0,1024,4096,128,512,176,644.896,649.856,644.608,-0.0581
mixed,8,1,0.125,4.0,1024,4096,256,1024,352,650.369,652.417,650.402,0.0161
mixed,8,1,0.125,4.0,1024,4096,512,2048,704,651.297,657.824,650.912,-0.059
mixed,8,1,0.125,4.0,1024,4096,1024,4096,1408,660.642,845.217,660.705,0.0003
mixed,8,1,0.125,4.0,1024,4096,2048,8192,2816,678.115,1111.3,875.777,0.4563
mixed,8,1,0.125,4.0,1024,4096,4096,16384,5632,946.111,1661.6,1574.79,0.8787
mixed,8,1,0.125,4.0,1024,8192,128,512,176,1134.53,1135.17,1135.75,1.8988
mixed,8,1,0.125,4.0,1024,8192,256,1024,352,1135.97,1137.51,1136.67,0.4561
mixed,8,1,0.125,4.0,1024,8192,512,2048,704,1136.67,1139.68,1137.51,0.2776
mixed,8,1,0.125,4.0,1024,8192,1024,4096,1408,1141.57,1160.9,1140.19,-0.0712
mixed,8,1,0.125,4.0,1024,8192,2048,8192,2816,1153.89,1588.32,1152.77,-0.0026
mixed,8,1,0.125,4.0,1024,8192,4096,16384,5632,1156.7,2133.61,1625.99,0.4804
mixed,8,1,0.125,4.0,2048,0,128,512,176,358.144,375.074,357.728,-0.0246
mixed,8,1,0.125,4.0,2048,0,256,1024,352,360.961,391.008,365.857,0.1629
mixed,8,1,0.125,4.0,2048,0,512,2048,704,377.633,448.482,384.64,0.0989
mixed,8,1,0.125,4.0,2048,0,1024,4096,1408,404.066,623.492,530.241,0.575
mixed,8,1,0.125,4.0,2048,0,2048,8192,2816,515.522,920.162,808.897,0.725
mixed,8,1,0.125,4.0,2048,0,4096,16384,5632,761.922,1412.96,1347.49,0.8994
mixed,8,1,0.125,4.0,2048,512,128,512,176,458.5,472.802,460.866,0.1654
mixed,8,1,0.125,4.0,2048,512,256,1024,352,464.163,494.881,465.952,0.0582
mixed,8,1,0.125,4.0,2048,512,512,2048,704,480.769,525.987,478.273,-0.0552
mixed,8,1,0.125,4.0,2048,512,1024,4096,1408,508.385,709.826,603.553,0.4724
mixed,8,1,0.125,4.0,2048,512,2048,8192,2816,597.122,1058.15,886.276,0.6272
mixed,8,1,0.125,4.0,2048,512,4096,16384,5632,842.208,1557.06,1442.18,0.8393
mixed,8,1,0.125,4.0,2048,1024,128,512,176,555.458,572.353,554.145,-0.0777
mixed,8,1,0.125,4.0,2048,1024,256,1024,352,562.147,594.594,563.585,0.0443
mixed,8,1,0.125,4.0,2048,1024,512,2048,704,577.57,636.064,581.826,0.0728
mixed,8,1,0.125,4.0,2048,1024,1024,4096,1408,612.417,789.186,675.585,0.3573
mixed,8,1,0.125,4.0,2048,1024,2048,8192,2816,673.827,1135.91,968.676,0.6381
mixed,8,1,0.125,4.0,2048,1024,4096,16384,5632,924.866,1694.89,1511.4,0.7617
mixed,8,1,0.125,4.0,2048,2048,128,512,176,745.538,759.424,744.35,-0.0856
mixed,8,1,0.125,4.0,2048,2048,256,1024,352,751.17,791.011,754.112,0.0738
mixed,8,1,0.125,4.0,2048,2048,512,2048,704,768.033,845.442,766.081,-0.0252
mixed,8,1,0.125,4.0,2048,2048,1024,4096,1408,810.786,949.541,811.972,0.0085
mixed,8,1,0.125,4.0,2048,2048,2048,8192,2816,876.705,1308.67,1114.57,0.5506
mixed,8,1,0.125,4.0,2048,2048,4096,16384,5632,1074.31,1953.67,1679.68,0.6884
mixed,8,1,0.125,4.0,2048,4096,128,512,176,1109.28,1127.39,1110.18,0.0496
mixed,8,1,0.125,4.0,2048,4096,256,1024,352,1118.11,1157.5,1118.15,0.0008
mixed,8,1,0.125,4.0,2048,4096,512,2048,704,1135.53,1218.12,1132.26,-0.0396
mixed,8,1,0.125,4.0,2048,4096,1024,4096,1408,1179.78,1339.87,1171.84,-0.0496
mixed,8,1,0.125,4.0,2048,4096,2048,8192,2816,1276.99,1596.23,1407.49,0.4088
mixed,8,1,0.125,4.0,2048,4096,4096,16384,5632,1395.49,2366.37,1984.1,0.6063
mixed,8,1,0.125,4.0,2048,8192,128,512,176,1839.2,1863.05,1844.71,0.2308
mixed,8,1,0.125,4.0,2048,8192,256,1024,352,1847.37,1884.51,1852.61,0.1412
mixed,8,1,0.125,4.0,2048,8192,512,2048,704,1867.08,1953.48,1859.91,-0.083
mixed,8,1,0.125,4.0,2048,8192,1024,4096,1408,1914.24,2095.2,1897.03,-0.0951
mixed,8,1,0.125,4.0,2048,8192,2048,8192,2816,1999.36,2330.05,1981.57,-0.0538
mixed,8,1,0.125,4.0,2048,8192,4096,16384,5632,2194.47,2831.3,2523.14,0.5161
pure,8,2,0.25,4.0,0,0,128,512,224,47.232,57.696,49.155,0.1838
pure,8,2,0.25,4.0,0,0,256,1024,448,54.816,76.959,58.464,0.1647
pure,8,2,0.25,4.0,0,0,512,2048,896,72.895,110.367,73.6,0.0188
pure,8,2,0.25,4.0,0,0,1024,4096,1792,104.543,177.247,104.608,0.0009
pure,8,2,0.25,4.0,0,0,2048,8192,3584,160.162,323.776,162.08,0.0117
pure,8,2,0.25,4.0,0,0,4096,16384,7168,286.336,591.009,285.535,-0.0026
mixed,8,2,0.25,4.0,16,0,128,512,224,31.935,53.601,52.128,0.932
mixed,8,2,0.25,4.0,16,0,256,1024,448,47.2,87.616,85.09,0.9375
mixed,8,2,0.25,4.0,16,0,512,2048,896,77.952,156.641,153.025,0.954
mixed,8,2,0.25,4.0,16,0,1024,4096,1792,138.529,290.465,288.128,0.9846
mixed,8,2,0.25,4.0,16,0,2048,8192,3584,258.784,565.347,556.928,0.9725
mixed,8,2,0.25,4.0,16,0,4096,16384,7168,496.001,1102.56,1093.89,0.9857
mixed,8,2,0.25,4.0,16,512,128,512,224,52.993,54.337,53.024,0.0231
mixed,8,2,0.25,4.0,16,512,256,1024,448,53.279,88.032,85.598,0.93
mixed,8,2,0.25,4.0,16,512,512,2048,896,78.176,157.791,153.6,0.9474
mixed,8,2,0.25,4.0,16,512,1024,4096,1792,138.912,291.841,288.609,0.9789
mixed,8,2,0.25,4.0,16,512,2048,8192,3584,258.241,565.632,556.32,0.9697
mixed,8,2,0.25,4.0,16,512,4096,16384,7168,496.961,1103.17,1094.11,0.9851
mixed,8,2,0.25,4.0,16,1024,128,512,224,85.76,87.041,85.377,-0.299
mixed,8,2,0.25,4.0,16,1024,256,1024,448,86.176,89.441,86.976,0.245
mixed,8,2,0.25,4.0,16,1024,512,2048,896,87.458,157.695,153.44,0.9394
mixed,8,2,0.25,4.0,16,1024,1024,4096,1792,138.722,291.744,289.345,0.9843
mixed,8,2,0.25,4.0,16,1024,2048,8192,3584,259.265,565.379,556.705,0.9717
mixed,8,2,0.25,4.0,16,1024,4096,16384,7168,498.434,1103.27,1096.9,0.9895
mixed,8,2,0.25,4.0,16,2048,128,512,224,152.127,154.111,152.356,0.1154
mixed,8,2,0.25,4.0,16,2048,256,1024,448,153.12,157.44,153.889,0.178
mixed,8,2,0.25,4.0,16,2048,512,2048,896,156.512,158.72,155.424,-0.4928
mixed,8,2,0.25,4.0,16,2048,1024,4096,1792,156.672,293.344,288.448,0.9642
mixed,8,2,0.25,4.0,16,2048,2048,8192,3584,259.839,565.41,559.039,0.9792
mixed,8,2,0.25,4.0,16,2048,4096,16384,7168,499.329,1104.23,1095.78,0.986
mixed,8,2,0.25,4.0,16,4096,128,512,224,287.521,288.256,287.84,0.434
mixed,8,2,0.25,4.0,16,4096,256,1024,448,287.842,290.177,286.912,-0.3983
mixed,8,2,0.25,4.0,16,4096,512,2048,896,288.16,292.352,287.074,-0.2591
mixed,8,2,0.25,4.0,16,4096,1024,4096,1792,291.616,294.337,289.184,-0.8938
mixed,8,2,0.25,4.0,16,4096,2048,8192,3584,294.048,567.746,558.147,0.9649
mixed,8,2,0.25,4.0,16,4096,4096,16384,7168,500.034,1104.84,1096.99,0.987
mixed,8,2,0.25,4.0,16,8192,128,512,224,559.936,559.299,557.602,
mixed,8,2,0.25,4.0,16,8192,256,1024,448,557.537,559.328,558.337,0.4467
mixed,8,2,0.25,4.0,16,8192,512,2048,896,558.691,563.968,557.217,-0.2793
mixed,8,2,0.25,4.0,16,8192,1024,4096,1792,561.153,564.866,558.144,-0.8104
mixed,8,2,0.25,4.0,16,8192,2048,8192,3584,562.403,568.706,559.074,-0.5282
mixed,8,2,0.25,4.0,16,8192,4096,16384,7168,568.544,1108.55,1098.75,0.9819
mixed,8,2,0.25,4.0,32,0,128,512,224,32.032,53.92,52.416,0.9313
mixed,8,2,0.25,4.0,32,0,256,1024,448,46.751,88.321,85.248,0.9261
mixed,8,2,0.25,4.0,32,0,512,2048,896,78.4,157.152,153.185,0.9496
mixed,8,2,0.25,4.0,32,0,1024,4096,1792,138.785,291.456,288.224,0.9788
mixed,8,2,0.25,4.0,32,0,2048,8192,3584,258.4,563.809,556.225,0.9752
mixed,8,2,0.25,4.0,32,0,4096,16384,7168,497.153,1103.36,1096.61,0.9889
mixed,8,2,0.25,4.0,32,512,128,512,224,53.12,54.368,53.568,0.359
mixed,8,2,0.25,4.0,32,512,256,1024,448,52.864,88.224,85.184,0.914
mixed,8,2,0.25,4.0,32,512,512,2048,896,78.528,158.338,153.537,0.9398
mixed,8,2,0.25,4.0,32,512,1024,4096,1792,139.456,292.193,288.673,0.977
mixed,8,2,0.25,4.0,32,512,2048,8192,3584,259.137,565.314,557.825,0.9755
mixed,8,2,0.25,4.0,32,512,4096,16384,7168,497.696,1105.32,1096.13,0.9849
mixed,8,2,0.25,4.0,32,1024,128,512,224,85.41,87.169,85.92,0.2899
mixed,8,2,0.25,4.0,32,1024,256,1024,448,86.175,89.697,86.818,0.1826
mixed,8,2,0.25,4.0,32,1024,512,2048,896,87.68,158.21,153.952,0.9396
mixed,8,2,0.25,4.0,32,1024,1024,4096,1792,139.36,292,289.953,0.9866
mixed,8,2,0.25,4.0,32,1024,2048,8192,3584,259.777,566.849,557.026,0.968
mixed,8,2,0.25,4.0,32,1024,4096,16384,7168,499.587,1106.15,1097.03,0.985
mixed,8,2,0.25,4.0,32,2048,128,512,224,153.185,154.688,152.065,-0.7452
mixed,8,2,0.25,4.0,32,2048,256,1024,448,152.928,157.569,153.824,0.1931
mixed,8,2,0.25,4.0,32,2048,512,2048,896,156.576,159.968,155.104,-0.434
mixed,8,2,0.25,4.0,32,2048,1024,4096,1792,158.464,294.274,288.737,0.9592
mixed,8,2,0.25,4.0,32,2048,2048,8192,3584,260.863,569.441,558.272,0.9638
mixed,8,2,0.25,4.0,32,2048,4096,16384,7168,499.458,1107.24,1097.83,0.9845
mixed,8,2,0.25,4.0,32,4096,128,512,224,288.352,288.45,288.608,2.6122
mixed,8,2,0.25,4.0,32,4096,256,1024,448,286.912,291.2,288.546,0.3811
mixed,8,2,0.25,4.0,32,4096,512,2048,896,289.443,293.57,289.153,-0.0703
mixed,8,2,0.25,4.0,32,4096,1024,4096,1792,292.32,294.688,291.457,-0.3644
mixed,8,2,0.25,4.0,32,4096,2048,8192,3584,293.792,567.906,559.392,0.9689
mixed,8,2,0.25,4.0,32,4096,4096,16384,7168,499.521,1104.74,1098.5,0.9897
mixed,8,2,0.25,4.0,32,8192,128,512,224,559.296,559.873,557.823,-2.5529
mixed,8,2,0.25,4.0,32,8192,256,1024,448,558.24,560.512,559.296,0.4648
mixed,8,2,0.25,4.0,32,8192,512,2048,896,557.666,563.233,557.889,0.0401
mixed,8,2,0.25,4.0,32,8192,1024,4096,1792,564.257,563.523,561.183,
mixed,8,2,0.25,4.0,32,8192,2048,8192,3584,564.867,568.992,559.138,-1.3888
mixed,8,2,0.25,4.0,32,8192,4096,16384,7168,571.042,1107.84,1099.62,0.9847
mixed,8,2,0.25,4.0,64,0,128,512,224,31.999,54.017,52.928,0.9505
mixed,8,2,0.25,4.0,64,0,256,1024,448,47.392,88.096,85.247,0.93
mixed,8,2,0.25,4.0,64,0,512,2048,896,79.041,157.409,153.759,0.9534
mixed,8,2,0.25,4.0,64,0,1024,4096,1792,139.551,291.937,287.808,0.9729
mixed,8,2,0.25,4.0,64,0,2048,8192,3584,259.329,566.304,554.881,0.9628
mixed,8,2,0.25,4.0,64,0,4096,16384,7168,498.721,1102.76,1098.63,0.9932
mixed,8,2,0.25,4.0,64,512,128,512,224,53.728,55.393,54.368,0.3844
mixed,8,2,0.25,4.0,64,512,256,1024,448,54.176,88.768,85.632,0.9093
mixed,8,2,0.25,4.0,64,512,512,2048,896,78.976,157.984,154.466,0.9555
mixed,8,2,0.25,4.0,64,512,1024,4096,1792,139.775,292.322,287.936,0.9712
mixed,8,2,0.25,4.0,64,512,2048,8192,3584,259.168,565.921,557.699,0.9732
mixed,8,2,0.25,4.0,64,512,4096,16384,7168,496.898,1105.54,1100.52,0.9917
mixed,8,2,0.25,4.0,64,1024,128,512,224,86.944,89.248,88.321,0.5977
mixed,8,2,0.25,4.0,64,1024,256,1024,448,87.423,89.889,87.937,0.2084
mixed,8,2,0.25,4.0,64,1024,512,2048,896,89.024,158.24,154.274,0.9427
mixed,8,2,0.25,4.0,64,1024,1024,4096,1792,139.52,293.92,287.871,0.9608
mixed,8,2,0.25,4.0,64,1024,2048,8192,3584,260.064,568.002,559.137,0.9712
mixed,8,2,0.25,4.0,64,1024,4096,16384,7168,498.466,1104.96,1099.4,0.9908
mixed,8,2,0.25,4.0,64,2048,128,512,224,153.312,156.896,154.561,0.3485
mixed,8,2,0.25,4.0,64,2048,256,1024,448,154.752,158.367,155.071,0.0882
mixed,8,2,0.25,4.0,64,2048,512,2048,896,157.889,159.904,156.32,-0.7787
mixed,8,2,0.25,4.0,64,2048,1024,4096,1792,158.145,294.211,288.576,0.9586
mixed,8,2,0.25,4.0,64,2048,2048,8192,3584,260.099,568.545,558.882,0.9687
mixed,8,2,0.25,4.0,64,2048,4096,16384,7168,500.643,1105.86,1096.99,0.9854
mixed,8,2,0.25,4.0,64,4096,128,512,224,288.353,289.954,289.12,0.4791
mixed,8,2,0.25,4.0,64,4096,256,1024,448,288,291.136,290.145,0.684
mixed,8,2,0.25,4.0,64,4096,512,2048,896,291.649,295.041,289.344,-0.6795
mixed,8,2,0.25,4.0,64,4096,1024,4096,1792,292.928,294.784,292.449,-0.2581
mixed,8,2,0.25,4.0,64,4096,2048,8192,3584,294.943,568.801,558.56,0.9626
mixed,8,2,0.25,4.0,64,4096,4096,16384,7168,501.952,1106.21,1098.56,0.9873
mixed,8,2,0.25,4.0,64,8192,128,512,224,559.871,561.729,560.352,0.2589
mixed,8,2,0.25,4.0,64,8192,256,1024,448,559.682,560.515,560.386,0.8451
mixed,8,2,0.25,4.0,64,8192,512,2048,896,563.203,564.353,560.13,-2.6722
mixed,8,2,0.25,4.0,64,8192,1024,4096,1792,563.298,565.184,562.593,-0.3738
mixed,8,2,0.25,4.0,64,8192,2048,8192,3584,564.737,571.809,561.984,-0.3893
mixed,8,2,0.25,4.0,64,8192,4096,16384,7168,571.265,1107.94,1099.52,0.9843
mixed,8,2,0.25,4.0,128,0,128,512,224,33.602,56.547,53.889,0.8842
mixed,8,2,0.25,4.0,128,0,256,1024,448,48.672,88.351,85.153,0.9194
mixed,8,2,0.25,4.0,128,0,512,2048,896,79.552,157.728,153.439,0.9451
mixed,8,2,0.25,4.0,128,0,1024,4096,1792,139.328,291.359,287.617,0.9754
mixed,8,2,0.25,4.0,128,0,2048,8192,3584,258.881,567.296,556.353,0.9645
mixed,8,2,0.25,4.0,128,0,4096,16384,7168,499.522,1106.08,1097.41,0.9857
mixed,8,2,0.25,4.0,128,512,128,512,224,56.864,57.632,56.192,-0.875
mixed,8,2,0.25,4.0,128,512,256,1024,448,57.152,88.831,86.048,0.9122
mixed,8,2,0.25,4.0,128,512,512,2048,896,80.544,158.339,154.144,0.9461
mixed,8,2,0.25,4.0,128,512,1024,4096,1792,139.424,292.512,289.153,0.9781
mixed,8,2,0.25,4.0,128,512,2048,8192,3584,259.551,568.899,558.113,0.9651
mixed,8,2,0.25,4.0,128,512,4096,16384,7168,499.522,1106.63,1096.1,0.9827
mixed,8,2,0.25,4.0,128,1024,128,512,224,88.352,89.664,88.704,0.2683
mixed,8,2,0.25,4.0,128,1024,256,1024,448,89.568,90.753,89.023,-0.4599
mixed,8,2,0.25,4.0,128,1024,512,2048,896,90.081,159.073,154.207,0.9295
mixed,8,2,0.25,4.0,128,1024,1024,4096,1792,140.353,294.112,288.577,0.964
mixed,8,2,0.25,4.0,128,1024,2048,8192,3584,260.834,569.632,557.794,0.9617
mixed,8,2,0.25,4.0,128,1024,4096,16384,7168,500.322,1108.71,1098.79,0.9837
mixed,8,2,0.25,4.0,128,2048,128,512,224,154.848,156.8,155.136,0.1475
mixed,8,2,0.25,4.0,128,2048,256,1024,448,157.025,160.705,156.64,-0.1046
mixed,8,2,0.25,4.0,128,2048,512,2048,896,158.753,161.73,156.898,-0.6231
mixed,8,2,0.25,4.0,128,2048,1024,4096,1792,158.465,295.552,289.505,0.9559
mixed,8,2,0.25,4.0,128,2048,2048,8192,3584,262.529,570.848,558.528,0.96
mixed,8,2,0.25,4.0,128,2048,4096,16384,7168,502.434,1109.54,1098.18,0.9813
mixed,8,2,0.25,4.0,128,4096,128,512,224,288.481,289.407,288.545,0.0691
mixed,8,2,0.25,4.0,128,4096,256,1024,448,290.56,292.224,289.281,-0.7686
mixed,8,2,0.25,4.0,128,4096,512,2048,896,291.394,295.167,290.241,-0.3056
mixed,8,2,0.25,4.0,128,4096,1024,4096,1792,292.928,297.44,294.272,0.2979
mixed,8,2,0.25,4.0,128,4096,2048,8192,3584,297.951,573.473,558.529,0.9458
mixed,8,2,0.25,4.0,128,4096,4096,16384,7168,504.098,1109.38,1101.86,0.9876
mixed,8,2,0.25,4.0,128,8192,128,512,224,556.576,556.672,556.384,-2.0
mixed,8,2,0.25,4.0,128,8192,256,1024,448,557.282,561.378,557.246,-0.0088
mixed,8,2,0.25,4.0,128,8192,512,2048,896,558.307,562.369,558.85,0.1337
mixed,8,2,0.25,4.0,128,8192,1024,4096,1792,559.936,564.962,559.106,-0.1651
mixed,8,2,0.25,4.0,128,8192,2048,8192,3584,563.555,576.193,562.114,-0.114
mixed,8,2,0.25,4.0,128,8192,4096,16384,7168,572.642,1114.69,1101.44,0.9756
mixed,8,2,0.25,4.0,256,0,128,512,224,49.984,72.926,63.999,0.6109
mixed,8,2,0.25,4.0,256,0,256,1024,448,65.343,104.385,94.528,0.7475
mixed,8,2,0.25,4.0,256,0,512,2048,896,98.015,171.489,158.048,0.8171
mixed,8,2,0.25,4.0,256,0,1024,4096,1792,154.304,298.56,288.193,0.9281
mixed,8,2,0.25,4.0,256,0,2048,8192,3584,265.312,566.626,557.729,0.9705
mixed,8,2,0.25,4.0,256,0,4096,16384,7168,497.57,1106.18,1101.22,0.9918
mixed,8,2,0.25,4.0,256,512,128,512,224,72.48,100.96,72.607,0.0045
mixed,8,2,0.25,4.0,256,512,256,1024,448,87.296,139.999,95.84,0.1621
mixed,8,2,0.25,4.0,256,512,512,2048,896,130.688,203.648,160.096,0.4031
mixed,8,2,0.25,4.0,256,512,1024,4096,1792,187.905,331.233,290.884,0.7185
mixed,8,2,0.25,4.0,256,512,2048,8192,3584,298.017,582.849,561.184,0.9239
mixed,8,2,0.25,4.0,256,512,4096,16384,7168,517.73,1109.73,1099.65,0.983
mixed,8,2,0.25,4.0,256,1024,128,512,224,104.543,106.879,104.8,0.11
mixed,8,2,0.25,4.0,256,1024,256,1024,448,106.177,168.417,105.856,-0.0052
mixed,8,2,0.25,4.0,256,1024,512,2048,896,151.426,239.265,160.675,0.1053
mixed,8,2,0.25,4.0,256,1024,1024,4096,1792,221.505,369.216,291.585,0.4744
mixed,8,2,0.25,4.0,256,1024,2048,8192,3584,333.602,614.335,559.842,0.8059
mixed,8,2,0.25,4.0,256,1024,4096,16384,7168,551.745,1115.81,1103.43,0.978
mixed,8,2,0.25,4.0,256,2048,128,512,224,167.874,170.913,167.616,-0.0849
mixed,8,2,0.25,4.0,256,2048,256,1024,448,170.146,174.368,168.576,-0.3719
mixed,8,2,0.25,4.0,256,2048,512,2048,896,173.345,299.873,172.96,-0.003
mixed,8,2,0.25,4.0,256,2048,1024,4096,1792,266.625,431.904,292.095,0.1541
mixed,8,2,0.25,4.0,256,2048,2048,8192,3584,398.241,679.62,561.889,0.5816
mixed,8,2,0.25,4.0,256,2048,4096,16384,7168,616.674,1182.27,1100.77,0.8559
mixed,8,2,0.25,4.0,256,4096,128,512,224,293.984,296.737,293.409,-0.2089
mixed,8,2,0.25,4.0,256,4096,256,1024,448,294.56,302.496,294.721,0.0203
mixed,8,2,0.25,4.0,256,4096,512,2048,896,300.64,304.321,297.538,-0.8427
mixed,8,2,0.25,4.0,256,4096,1024,4096,1792,303.873,559.203,300.641,-0.0127
mixed,8,2,0.25,4.0,256,4096,2048,8192,3584,494.242,815.394,562.977,0.214
mixed,8,2,0.25,4.0,256,4096,4096,16384,7168,753.41,1317.22,1106.56,0.6264
mixed,8,2,0.25,4.0,256,8192,128,512,224,562.303,563.042,560.803,-2.0298
mixed,8,2,0.25,4.0,256,8192,256,1024,448,563.842,563.076,564.128,
mixed,8,2,0.25,4.0,256,8192,512,2048,896,564.64,564.833,562.817,-9.4456
mixed,8,2,0.25,4.0,256,8192,1024,4096,1792,565.155,572.576,565.665,0.0687
mixed,8,2,0.25,4.0,256,8192,2048,8192,3584,568.097,1096.39,565.92,-0.0041
mixed,8,2,0.25,4.0,256,8192,4096,16384,7168,961.762,1648.9,1106.88,0.2112
mixed,8,2,0.25,4.0,512,0,128,512,224,77.346,98.689,84.128,0.3178
mixed,8,2,0.25,4.0,512,0,256,1024,448,89.726,132.385,121.12,0.7359
mixed,8,2,0.25,4.0,512,0,512,2048,896,124.608,197.728,189.92,0.8932
mixed,8,2,0.25,4.0,512,0,1024,4096,1792,181.855,326.081,316.866,0.9361
mixed,8,2,0.25,4.0,512,0,2048,8192,3584,294.401,578.079,566.531,0.9593
mixed,8,2,0.25,4.0,512,0,4096,16384,7168,511.713,1113.19,1100.2,0.9784
mixed,8,2,0.25,4.0,512,512,128,512,224,115.842,137.248,118.561,0.127
mixed,8,2,0.25,4.0,512,512,256,1024,448,131.617,166.432,134.145,0.0726
mixed,8,2,0.25,4.0,512,512,512,2048,896,154.977,232.577,208.736,0.6928
mixed,8,2,0.25,4.0,512,512,1024,4096,1792,216.065,359.904,349.057,0.9246
mixed,8,2,0.25,4.0,512,512,2048,8192,3584,327.776,612.448,599.682,0.9552
mixed,8,2,0.25,4.0,512,512,4096,16384,7168,547.649,1119.97,1102.82,0.97
mixed,8,2,0.25,4.0,512,1024,128,512,224,148.735,172.159,152.48,0.1599
mixed,8,2,0.25,4.0,512,1024,256,1024,448,164.962,203.808,161.664,-0.0849
mixed,8,2,0.25,4.0,512,1024,512,2048,896,196.321,265.888,216.735,0.2934
mixed,8,2,0.25,4.0,512,1024,1024,4096,1792,249.953,392.224,367.104,0.8234
mixed,8,2,0.25,4.0,512,1024,2048,8192,3584,360.961,642.21,632.001,0.9637
mixed,8,2,0.25,4.0,512,1024,4096,16384,7168,580.929,1154.98,1128.32,0.9536
mixed,8,2,0.25,4.0,512,2048,128,512,224,212.066,236.513,215.936,0.1583
mixed,8,2,0.25,4.0,512,2048,256,1024,448,229.536,270.274,226.049,-0.0856
mixed,8,2,0.25,4.0,512,2048,512,2048,896,261.791,336.64,243.393,-0.2458
mixed,8,2,0.25,4.0,512,2048,1024,4096,1792,320.128,457.73,375.36,0.4014
mixed,8,2,0.25,4.0,512,2048,2048,8192,3584,426.561,710.691,682.721,0.9016
mixed,8,2,0.25,4.0,512,2048,4096,16384,7168,645.698,1213.83,1192.87,0.9631
mixed,8,2,0.25,4.0,512,4096,128,512,224,341.44,363.617,345.504,0.1833
mixed,8,2,0.25,4.0,512,4096,256,1024,448,357.153,398.112,352.961,-0.1023
mixed,8,2,0.25,4.0,512,4096,512,2048,896,390.531,463.776,369.728,-0.284
mixed,8,2,0.25,4.0,512,4096,1024,4096,1792,447.584,593.826,405.217,-0.2897
mixed,8,2,0.25,4.0,512,4096,2048,8192,3584,563.617,840.162,692.961,0.4677
mixed,8,2,0.25,4.0,512,4096,4096,16384,7168,773.282,1343.65,1314.59,0.9491
mixed,8,2,0.25,4.0,512,8192,128,512,224,592.321,617.538,596.321,0.1586
mixed,8,2,0.25,4.0,512,8192,256,1024,448,610.975,647.553,601.985,-0.2458
mixed,8,2,0.25,4.0,512,8192,512,2048,896,640.576,714.882,622.082,-0.2489
mixed,8,2,0.25,4.0,512,8192,1024,4096,1792,698.305,847.074,656.256,-0.2826
mixed,8,2,0.25,4.0,512,8192,2048,8192,3584,813.475,1116.96,724.962,-0.2917
mixed,8,2,0.25,4.0,512,8192,4096,16384,7168,1048.58,1630.21,1322.18,0.4704
mixed,8,2,0.25,4.0,1024,0,128,512,224,152.352,161.954,153.216,0.09
mixed,8,2,0.25,4.0,1024,0,256,1024,448,160.577,187.968,169.343,0.32
mixed,8,2,0.25,4.0,1024,0,512,2048,896,176.735,279.392,237.634,0.5932
mixed,8,2,0.25,4.0,1024,0,1024,4096,1792,262.912,407.874,374.275,0.7682
mixed,8,2,0.25,4.0,1024,0,2048,8192,3584,374.466,656.386,641.123,0.9459
mixed,8,2,0.25,4.0,1024,0,4096,16384,7168,592.418,1164.32,1135.65,0.9499
mixed,8,2,0.25,4.0,1024,512,128,512,224,213.729,228.191,215.552,0.1261
mixed,8,2,0.25,4.0,1024,512,256,1024,448,222.594,241.09,223.969,0.0743
mixed,8,2,0.25,4.0,1024,512,512,2048,896,237.888,317.729,274.753,0.4617
mixed,8,2,0.25,4.0,1024,512,1024,4096,1792,292.449,475.49,420.098,0.6974
mixed,8,2,0.25,4.0,1024,512,2048,8192,3584,445.89,725.57,687.232,0.8629
mixed,8,2,0.25,4.0,1024,512,4096,16384,7168,662.241,1232.74,1204.58,0.9506
mixed,8,2,0.25,4.0,1024,1024,128,512,224,274.527,286.148,277.056,0.2176
mixed,8,2,0.25,4.0,1024,1024,256,1024,448,284.128,303.65,282.944,-0.0606
mixed,8,2,0.25,4.0,1024,1024,512,2048,896,298.24,359.873,310.016,0.1911
mixed,8,2,0.25,4.0,1024,1024,1024,4096,1792,342.719,539.266,460.032,0.5969
mixed,8,2,0.25,4.0,1024,1024,2048,8192,3584,503.489,789.824,733.983,0.805
mixed,8,2,0.25,4.0,1024,1024,4096,16384,7168,725.699,1300.9,1269.86,0.946
mixed,8,2,0.25,4.0,1024,2048,128,512,224,398.817,407.105,399.586,0.0928
mixed,8,2,0.25,4.0,1024,2048,256,1024,448,405.281,411.426,404.191,-0.1774
mixed,8,2,0.25,4.0,1024,2048,512,2048,896,410.946,462.336,419.264,0.1619
mixed,8,2,0.25,4.0,1024,2048,1024,4096,1792,428.737,610.627,526.498,0.5375
mixed,8,2,0.25,4.0,1024,2048,2048,8192,3584,577.024,913.923,836.512,0.7702
mixed,8,2,0.25,4.0,1024,2048,4096,16384,7168,852.611,1421.89,1351.84,0.8769
mixed,8,2,0.25,4.0,1024,4096,128,512,224,644.962,652.034,645.73,0.1086
mixed,8,2,0.25,4.0,1024,4096,256,1024,448,650.113,651.681,650.402,0.1843
mixed,8,2,0.25,4.0,1024,4096,512,2048,896,652.672,657.632,653.504,0.1677
mixed,8,2,0.25,4.0,1024,4096,1024,4096,1792,657.249,844.708,660.545,0.0176
mixed,8,2,0.25,4.0,1024,4096,2048,8192,3584,757.443,1111.24,969.699,0.5999
mixed,8,2,0.25,4.0,1024,4096,4096,16384,7168,1040.39,1661.15,1591.3,0.8875
mixed,8,2,0.25,4.0,1024,8192,128,512,224,1133.7,1136.07,1133.38,-0.1352
mixed,8,2,0.25,4.0,1024,8192,256,1024,448,1138.12,1137.38,1136.42,
mixed,8,2,0.25,4.0,1024,8192,512,2048,896,1137.22,1139.71,1138.76,0.6153
mixed,8,2,0.25,4.0,1024,8192,1024,4096,1792,1140.32,1169.06,1140.99,0.0234
mixed,8,2,0.25,4.0,1024,8192,2048,8192,3584,1143.43,1593.41,1155.05,0.0258
mixed,8,2,0.25,4.0,1024,8192,4096,16384,7168,1426.94,2139.24,1852.1,0.5969
mixed,8,2,0.25,4.0,2048,0,128,512,224,357.986,373.088,360.448,0.163
mixed,8,2,0.25,4.0,2048,0,256,1024,448,370.147,393.794,369.279,-0.0367
mixed,8,2,0.25,4.0,2048,0,512,2048,896,386.209,450.113,396.066,0.1542
mixed,8,2,0.25,4.0,2048,0,1024,4096,1792,424.257,625.538,546.433,0.607
mixed,8,2,0.25,4.0,2048,0,2048,8192,3584,580.897,922.306,824.096,0.7123
mixed,8,2,0.25,4.0,2048,0,4096,16384,7168,857.889,1424.48,1361.67,0.8891
mixed,8,2,0.25,4.0,2048,512,128,512,224,459.97,476.706,459.713,-0.0154
mixed,8,2,0.25,4.0,2048,512,256,1024,448,468.801,494.242,469.76,0.0377
mixed,8,2,0.25,4.0,2048,512,512,2048,896,487.744,528.897,485.696,-0.0498
mixed,8,2,0.25,4.0,2048,512,1024,4096,1792,520.672,710.85,620.577,0.5253
mixed,8,2,0.25,4.0,2048,512,2048,8192,3584,665.698,1055.53,908.672,0.6233
mixed,8,2,0.25,4.0,2048,512,4096,16384,7168,980.357,1554.47,1450.98,0.8197
mixed,8,2,0.25,4.0,2048,1024,128,512,224,556.353,571.712,559.041,0.175
mixed,8,2,0.25,4.0,2048,1024,256,1024,448,568.002,598.208,572.419,0.1462
mixed,8,2,0.25,4.0,2048,1024,512,2048,896,588.095,638.624,588.193,0.0019
mixed,8,2,0.25,4.0,2048,1024,1024,4096,1792,628.224,786.178,697.731,0.44
mixed,8,2,0.25,4.0,2048,1024,2048,8192,3584,746.048,1136,988.963,0.6229
mixed,8,2,0.25,4.0,2048,1024,4096,16384,7168,1063.21,1691.59,1537.89,0.7554
mixed,8,2,0.25,4.0,2048,2048,128,512,224,744.898,759.778,746.691,0.1205
mixed,8,2,0.25,4.0,2048,2048,256,1024,448,758.337,790.177,759.365,0.0323
mixed,8,2,0.25,4.0,2048,2048,512,2048,896,782.273,842.914,779.585,-0.0443
mixed,8,2,0.25,4.0,2048,2048,1024,4096,1792,829.73,947.107,841.506,0.1003
mixed,8,2,0.25,4.0,2048,2048,2048,8192,3584,903.969,1308.39,1143.11,0.5913
mixed,8,2,0.25,4.0,2048,2048,4096,16384,7168,1213.32,1956.04,1703.3,0.6597
mixed,8,2,0.25,4.0,2048,4096,128,512,224,1106.78,1127.59,1113.22,0.3093
mixed,8,2,0.25,4.0,2048,4096,256,1024,448,1119.52,1157.86,1123.33,0.0994
mixed,8,2,0.25,4.0,2048,4096,512,2048,896,1150.15,1225.09,1148.07,-0.0277
mixed,8,2,0.25,4.0,2048,4096,1024,4096,1792,1206.3,1337.09,1191.62,-0.1123
mixed,8,2,0.25,4.0,2048,4096,2048,8192,3584,1314.53,1600.04,1452.1,0.4818
mixed,8,2,0.25,4.0,2048,4096,4096,16384,7168,1520.64,2365.67,2018.6,0.5893
mixed,8,2,0.25,4.0,2048,8192,128,512,224,1842.4,1865.02,1847.46,0.2235
mixed,8,2,0.25,4.0,2048,8192,256,1024,448,1852.64,1892.22,1859.78,0.1802
mixed,8,2,0.25,4.0,2048,8192,512,2048,896,1880.42,1953.47,1875.46,-0.0679
mixed,8,2,0.25,4.0,2048,8192,1024,4096,1792,1935.01,2090.92,1913.7,-0.1367
mixed,8,2,0.25,4.0,2048,8192,2048,8192,3584,2046.79,2328.9,1997.89,-0.1733
mixed,8,2,0.25,4.0,2048,8192,4096,16384,7168,2281.07,2833.45,2696.93,0.7529
pure,8,3,0.375,4.0,0,0,128,512,272,49.246,57.662,50.016,0.0915
pure,8,3,0.375,4.0,0,0,256,1024,544,58.911,77.312,60.833,0.1045
pure,8,3,0.375,4.0,0,0,512,2048,1088,79.679,111.555,79.426,-0.0079
pure,8,3,0.375,4.0,0,0,1024,4096,2176,114.559,178.048,117.602,0.0479
pure,8,3,0.375,4.0,0,0,2048,8192,4352,197.342,323.075,186.816,-0.0837
pure,8,3,0.375,4.0,0,0,4096,16384,8704,340.448,592.801,340.323,-0.0005
mixed,8,3,0.375,4.0,16,0,128,512,272,38.208,53.761,52.64,0.9279
mixed,8,3,0.375,4.0,16,0,256,1024,544,54.657,88.608,84.703,0.885
mixed,8,3,0.375,4.0,16,0,512,2048,1088,89.121,156.481,152.865,0.9463
mixed,8,3,0.375,4.0,16,0,1024,4096,2176,164.894,291.394,288.161,0.9744
mixed,8,3,0.375,4.0,16,0,2048,8192,4352,307.074,562.913,555.776,0.9721
mixed,8,3,0.375,4.0,16,0,4096,16384,8704,597.697,1101.25,1092.48,0.9826
mixed,8,3,0.375,4.0,16,512,128,512,272,52.736,54.113,53.153,0.3028
mixed,8,3,0.375,4.0,16,512,256,1024,544,54.625,88.832,85.631,0.9064
mixed,8,3,0.375,4.0,16,512,512,2048,1088,90.049,157.12,154.048,0.9542
mixed,8,3,0.375,4.0,16,512,1024,4096,2176,165.889,292.323,287.713,0.9635
mixed,8,3,0.375,4.0,16,512,2048,8192,4352,307.168,566.144,554.496,0.955
mixed,8,3,0.375,4.0,16,512,4096,16384,8704,597.376,1103.23,1091.97,0.9777
mixed,8,3,0.375,4.0,16,1024,128,512,272,85.406,87.104,85.792,0.2273
mixed,8,3,0.375,4.0,16,1024,256,1024,544,87.361,89.761,86.945,-0.1733
mixed,8,3,0.375,4.0,16,1024,512,2048,1088,89.953,157.792,153.44,0.9358
mixed,8,3,0.375,4.0,16,1024,1024,4096,2176,165.985,293.087,289.088,0.9685
mixed,8,3,0.375,4.0,16,1024,2048,8192,4352,308.993,565.442,557.442,0.9688
mixed,8,3,0.375,4.0,16,1024,4096,16384,8704,600.609,1101.57,1094.72,0.9863
mixed,8,3,0.375,4.0,16,2048,128,512,272,153.28,153.696,152.672,-1.4615
mixed,8,3,0.375,4.0,16,2048,256,1024,544,153.536,156.32,154.368,0.2989
mixed,8,3,0.375,4.0,16,2048,512,2048,1088,155.328,159.137,155.583,0.0669
mixed,8,3,0.375,4.0,16,2048,1024,4096,2176,165.761,293.667,289.056,0.964
mixed,8,3,0.375,4.0,16,2048,2048,8192,4352,309.282,566.753,558.53,0.9681
mixed,8,3,0.375,4.0,16,2048,4096,16384,8704,600.385,1104.39,1094.34,0.9801
mixed,8,3,0.375,4.0,16,4096,128,512,272,286.944,288.257,286.784,-0.1219
mixed,8,3,0.375,4.0,16,4096,256,1024,544,286.465,290.88,287.713,0.2827
mixed,8,3,0.375,4.0,16,4096,512,2048,1088,288.416,291.649,287.137,-0.3956
mixed,8,3,0.375,4.0,16,4096,1024,4096,2176,292.32,294.403,289.634,-1.2895
mixed,8,3,0.375,4.0,16,4096,2048,8192,4352,309.825,568.48,555.393,0.9494
mixed,8,3,0.375,4.0,16,4096,4096,16384,8704,601.313,1104.26,1096.36,0.9843
mixed,8,3,0.375,4.0,16,8192,128,512,272,557.729,558.178,557.952,0.4967
mixed,8,3,0.375,4.0,16,8192,256,1024,544,558.336,560.576,557.282,-0.4705
mixed,8,3,0.375,4.0,16,8192,512,2048,1088,557.599,561.792,560.386,0.6647
mixed,8,3,0.375,4.0,16,8192,1024,4096,2176,561.537,560.738,558.112,
mixed,8,3,0.375,4.0,16,8192,2048,8192,4352,561.666,570.305,557.601,-0.4705
mixed,8,3,0.375,4.0,16,8192,4096,16384,8704,600.418,1106.95,1096.48,0.9793
mixed,8,3,0.375,4.0,32,0,128,512,272,38.656,53.505,52.512,0.9331
mixed,8,3,0.375,4.0,32,0,256,1024,544,54.528,87.968,85.153,0.9158
mixed,8,3,0.375,4.0,32,0,512,2048,1088,89.024,156.8,153.311,0.9485
mixed,8,3,0.375,4.0,32,0,1024,4096,2176,165.41,291.778,288.673,0.9754
mixed,8,3,0.375,4.0,32,0,2048,8192,4352,305.632,567.425,556.225,0.9572
mixed,8,3,0.375,4.0,32,0,4096,16384,8704,599.106,1104.9,1096.32,0.983
mixed,8,3,0.375,4.0,32,512,128,512,272,52.896,54.241,53.664,0.571
mixed,8,3,0.375,4.0,32,512,256,1024,544,54.401,88.001,85.952,0.939
mixed,8,3,0.375,4.0,32,512,512,2048,1088,90.208,157.536,154.465,0.9544
mixed,8,3,0.375,4.0,32,512,1024,4096,2176,165.409,292.448,289.377,0.9758
mixed,8,3,0.375,4.0,32,512,2048,8192,4352,307.968,567.233,557.76,0.9635
mixed,8,3,0.375,4.0,32,512,4096,16384,8704,601.537,1104.71,1098.66,0.988
mixed,8,3,0.375,4.0,32,1024,128,512,272,85.664,87.04,85.569,-0.069
mixed,8,3,0.375,4.0,32,1024,256,1024,544,86.752,88.77,86.464,-0.1427
mixed,8,3,0.375,4.0,32,1024,512,2048,1088,89.954,157.599,153.728,0.9428
mixed,8,3,0.375,4.0,32,1024,1024,4096,2176,166.464,292.705,289.665,0.9759
mixed,8,3,0.375,4.0,32,1024,2048,8192,4352,307.969,569.153,557.888,0.9569
mixed,8,3,0.375,4.0,32,1024,4096,16384,8704,600.898,1104.61,1095.46,0.9818
mixed,8,3,0.375,4.0,32,2048,128,512,272,153.089,154.688,152.256,-0.521
mixed,8,3,0.375,4.0,32,2048,256,1024,544,154.496,157.696,153.632,-0.27
mixed,8,3,0.375,4.0,32,2048,512,2048,1088,156.736,159.553,155.425,-0.4654
mixed,8,3,0.375,4.0,32,2048,1024,4096,2176,166.624,294.848,289.282,0.9566
mixed,8,3,0.375,4.0,32,2048,2048,8192,4352,309.056,569.474,558.914,0.9594
mixed,8,3,0.375,4.0,32,2048,4096,16384,8704,601.026,1106.66,1096.1,0.9791
mixed,8,3,0.375,4.0,32,4096,128,512,272,287.809,288.194,287.166,-1.6701
mixed,8,3,0.375,4.0,32,4096,256,1024,544,288.513,291.968,288.545,0.0093
mixed,8,3,0.375,4.0,32,4096,512,2048,1088,288.48,293.792,287.872,-0.1145
mixed,8,3,0.375,4.0,32,4096,1024,4096,2176,292.384,295.458,290.754,-0.5303
mixed,8,3,0.375,4.0,32,4096,2048,8192,4352,310.017,567.586,558.497,0.9647
mixed,8,3,0.375,4.0,32,4096,4096,16384,8704,601.539,1106.31,1099.81,0.9871
mixed,8,3,0.375,4.0,32,8192,128,512,272,558.273,560.354,557.824,-0.2158
mixed,8,3,0.375,4.0,32,8192,256,1024,544,557.507,562.368,559.585,0.4275
mixed,8,3,0.375,4.0,32,8192,512,2048,1088,559.459,563.488,558.979,-0.1191
mixed,8,3,0.375,4.0,32,8192,1024,4096,2176,562.305,564.929,561.056,-0.476
mixed,8,3,0.375,4.0,32,8192,2048,8192,4352,564.481,569.345,560.48,-0.8226
mixed,8,3,0.375,4.0,32,8192,4096,16384,8704,603.457,1108.71,1099.14,0.9811
mixed,8,3,0.375,4.0,64,0,128,512,272,39.041,53.826,52.768,0.9284
mixed,8,3,0.375,4.0,64,0,256,1024,544,54.688,88.449,85.185,0.9033
mixed,8,3,0.375,4.0,64,0,512,2048,1088,89.824,157.089,153.409,0.9453
mixed,8,3,0.375,4.0,64,0,1024,4096,2176,165.76,292.449,288.513,0.9689
mixed,8,3,0.375,4.0,64,0,2048,8192,4352,307.168,565.504,558.37,0.9724
mixed,8,3,0.375,4.0,64,0,4096,16384,8704,601.346,1103.53,1094.59,0.9822
mixed,8,3,0.375,4.0,64,512,128,512,272,54.945,55.712,54.593,-0.4589
mixed,8,3,0.375,4.0,64,512,256,1024,544,55.872,88.96,86.657,0.9304
mixed,8,3,0.375,4.0,64,512,512,2048,1088,89.824,158.368,154.528,0.944
mixed,8,3,0.375,4.0,64,512,1024,4096,2176,165.889,292,288.352,0.9711
mixed,8,3,0.375,4.0,64,512,2048,8192,4352,308.065,567.171,557.121,0.9612
mixed,8,3,0.375,4.0,64,512,4096,16384,8704,602.305,1103.27,1096.03,0.9856
mixed,8,3,0.375,4.0,64,1024,128,512,272,88.704,88.96,87.328,-5.375
mixed,8,3,0.375,4.0,64,1024,256,1024,544,88.704,90.305,88.448,-0.1599
mixed,8,3,0.375,4.0,64,1024,512,2048,1088,90.497,158.21,154.592,0.9466
mixed,8,3,0.375,4.0,64,1024,1024,4096,2176,165.952,292.354,289.12,0.9744
mixed,8,3,0.375,4.0,64,1024,2048,8192,4352,310.336,566.916,558.56,0.9674
mixed,8,3,0.375,4.0,64,1024,4096,16384,8704,601.761,1105.57,1095.59,0.9802
mixed,8,3,0.375,4.0,64,2048,128,512,272,155.232,157.088,155.392,0.0862
mixed,8,3,0.375,4.0,64,2048,256,1024,544,155.425,158.495,154.944,-0.1567
mixed,8,3,0.375,4.0,64,2048,512,2048,1088,156.289,159.905,156.703,0.1145
mixed,8,3,0.375,4.0,64,2048,1024,4096,2176,166.368,293.763,289.728,0.9683
mixed,8,3,0.375,4.0,64,2048,2048,8192,4352,310.208,568.865,559.393,0.9634
mixed,8,3,0.375,4.0,64,2048,4096,16384,8704,600.899,1107.71,1097.63,0.9801
mixed,8,3,0.375,4.0,64,4096,128,512,272,289.856,290.464,291.648,2.9474
mixed,8,3,0.375,4.0,64,4096,256,1024,544,289.599,292.418,289.472,-0.0451
mixed,8,3,0.375,4.0,64,4096,512,2048,1088,289.375,294.529,290.465,0.2115
mixed,8,3,0.375,4.0,64,4096,1024,4096,2176,294.783,296.641,291.584,-1.7217
mixed,8,3,0.375,4.0,64,4096,2048,8192,4352,309.857,570.56,558.08,0.9521
mixed,8,3,0.375,4.0,64,4096,4096,16384,8704,601.825,1107.46,1097.92,0.9811
mixed,8,3,0.375,4.0,64,8192,128,512,272,561.953,561.921,560.674,
mixed,8,3,0.375,4.0,64,8192,256,1024,544,561.857,561.953,559.616,-23.3437
mixed,8,3,0.375,4.0,64,8192,512,2048,1088,559.745,565.762,561.12,0.2285
mixed,8,3,0.375,4.0,64,8192,1024,4096,2176,562.306,564.673,559.264,-1.2852
mixed,8,3,0.375,4.0,64,8192,2048,8192,4352,565.409,569.762,558.593,-1.5658
mixed,8,3,0.375,4.0,64,8192,4096,16384,8704,604.319,1105.41,1099.49,0.9882
mixed,8,3,0.375,4.0,128,0,128,512,272,40.128,55.776,54.336,0.908
mixed,8,3,0.375,4.0,128,0,256,1024,544,55.905,88.959,85.824,0.9052
mixed,8,3,0.375,4.0,128,0,512,2048,1088,89.472,157.728,153.409,0.9367
mixed,8,3,0.375,4.0,128,0,1024,4096,2176,165.696,292.768,287.937,0.962
mixed,8,3,0.375,4.0,128,0,2048,8192,4352,307.809,567.007,556.032,0.9577
mixed,8,3,0.375,4.0,128,0,4096,16384,8704,604.675,1106.24,1095.08,0.9777
mixed,8,3,0.375,4.0,128,512,128,512,272,56.96,57.184,56.799,-0.7187
mixed,8,3,0.375,4.0,128,512,256,1024,544,57.343,89.28,85.952,0.8958
mixed,8,3,0.375,4.0,128,512,512,2048,1088,90.273,159.167,153.92,0.9238
mixed,8,3,0.375,4.0,128,512,1024,4096,2176,166.849,294.049,287.809,0.9509
mixed,8,3,0.375,4.0,128,512,2048,8192,4352,308.833,569.985,557.44,0.952
mixed,8,3,0.375,4.0,128,512,4096,16384,8704,603.556,1106.31,1099.56,0.9866
mixed,8,3,0.375,4.0,128,1024,128,512,272,89.089,89.664,88.961,-0.2226
mixed,8,3,0.375,4.0,128,1024,256,1024,544,89.697,90.655,89.536,-0.1681
mixed,8,3,0.375,4.0,128,1024,512,2048,1088,91.809,158.785,155.137,0.9455
mixed,8,3,0.375,4.0,128,1024,1024,4096,2176,167.104,294.56,289.217,0.9581
mixed,8,3,0.375,4.0,128,1024,2048,8192,4352,310.658,570.658,557.89,0.9509
mixed,8,3,0.375,4.0,128,1024,4096,16384,8704,603.361,1110.34,1099.91,0.9794
mixed,8,3,0.375,4.0,128,2048,128,512,272,156.32,156.8,155.137,-2.4646
mixed,8,3,0.375,4.0,128,2048,256,1024,544,156.928,159.872,156.704,-0.0761
mixed,8,3,0.375,4.0,128,2048,512,2048,1088,159.775,161.952,158.336,-0.661
mixed,8,3,0.375,4.0,128,2048,1024,4096,2176,168.768,296.032,291.361,0.9633
mixed,8,3,0.375,4.0,128,2048,2048,8192,4352,310.401,571.744,559.072,0.9515
mixed,8,3,0.375,4.0,128,2048,4096,16384,8704,603.552,1107.01,1101.06,0.9882
mixed,8,3,0.375,4.0,128,4096,128,512,272,289.953,289.473,289.217,
mixed,8,3,0.375,4.0,128,4096,256,1024,544,289.504,293.089,289.345,-0.0444
mixed,8,3,0.375,4.0,128,4096,512,2048,1088,292.544,294.879,290.753,-0.767
mixed,8,3,0.375,4.0,128,4096,1024,4096,2176,296.225,298.656,292.416,-1.5668
mixed,8,3,0.375,4.0,128,4096,2048,8192,4352,312.512,572.449,558.433,0.9461
mixed,8,3,0.375,4.0,128,4096,4096,16384,8704,608.289,1107.68,1101.35,0.9873
mixed,8,3,0.375,4.0,128,8192,128,512,272,557.091,557.313,555.682,-6.3468
mixed,8,3,0.375,4.0,128,8192,256,1024,544,557.281,560.641,556.928,-0.1051
mixed,8,3,0.375,4.0,128,8192,512,2048,1088,560.642,562.147,556.416,-2.808
mixed,8,3,0.375,4.0,128,8192,1024,4096,2176,561.729,565.698,560.129,-0.4031
mixed,8,3,0.375,4.0,128,8192,2048,8192,4352,564.291,576.835,561.473,-0.2246
mixed,8,3,0.375,4.0,128,8192,4096,16384,8704,606.306,1113.73,1101.6,0.9761
mixed,8,3,0.375,4.0,256,0,128,512,272,57.12,72.864,65.888,0.5569
mixed,8,3,0.375,4.0,256,0,256,1024,544,73.184,104.511,97.153,0.7651
mixed,8,3,0.375,4.0,256,0,512,2048,1088,105.792,172.254,159.424,0.807
mixed,8,3,0.375,4.0,256,0,1024,4096,2176,179.65,298.431,288.288,0.9146
mixed,8,3,0.375,4.0,256,0,2048,8192,4352,314.53,567.587,556.384,0.9557
mixed,8,3,0.375,4.0,256,0,4096,16384,8704,602.946,1103.78,1096.1,0.9847
mixed,8,3,0.375,4.0,256,512,128,512,272,73.312,100.672,73.377,0.0024
mixed,8,3,0.375,4.0,256,512,256,1024,544,102.751,139.745,97.536,-0.141
mixed,8,3,0.375,4.0,256,512,512,2048,1088,140.257,204.608,163.616,0.363
mixed,8,3,0.375,4.0,256,512,1024,4096,2176,213.345,333.665,290.751,0.6433
mixed,8,3,0.375,4.0,256,512,2048,8192,4352,348.034,580.065,558.015,0.905
mixed,8,3,0.375,4.0,256,512,4096,16384,8704,611.682,1108,1097.89,0.9796
mixed,8,3,0.375,4.0,256,1024,128,512,272,104.577,105.663,104.865,0.2652
mixed,8,3,0.375,4.0,256,1024,256,1024,544,106.464,167.744,105.599,-0.0141
mixed,8,3,0.375,4.0,256,1024,512,2048,1088,171.297,239.233,163.839,-0.1098
mixed,8,3,0.375,4.0,256,1024,1024,4096,2176,246.752,365.506,292.96,0.3891
mixed,8,3,0.375,4.0,256,1024,2048,8192,4352,384.064,615.969,560.385,0.7603
mixed,8,3,0.375,4.0,256,1024,4096,16384,8704,642.978,1112.84,1098.24,0.9689
mixed,8,3,0.375,4.0,256,2048,128,512,272,167.522,171.328,168.16,0.1676
mixed,8,3,0.375,4.0,256,2048,256,1024,544,171.33,173.567,171.104,-0.101
mixed,8,3,0.375,4.0,256,2048,512,2048,1088,175.327,299.138,173.088,-0.0181
mixed,8,3,0.375,4.0,256,2048,1024,4096,2176,311.937,433.603,293.536,-0.1512
mixed,8,3,0.375,4.0,256,2048,2048,8192,4352,447.395,681.059,562.561,0.4929
mixed,8,3,0.375,4.0,256,2048,4096,16384,8704,713.825,1183.78,1102.21,0.8264
mixed,8,3,0.375,4.0,256,4096,128,512,272,294.337,295.199,293.152,-1.3747
mixed,8,3,0.375,4.0,256,4096,256,1024,544,296.319,300.736,294.431,-0.4274
mixed,8,3,0.375,4.0,256,4096,512,2048,1088,299.425,304.16,299.808,0.0809
mixed,8,3,0.375,4.0,256,4096,1024,4096,2176,316.095,558.912,303.007,-0.0539
mixed,8,3,0.375,4.0,256,4096,2048,8192,4352,579.329,817.603,562.849,-0.0692
mixed,8,3,0.375,4.0,256,4096,4096,16384,8704,848.673,1316.23,1104.67,0.5475
mixed,8,3,0.375,4.0,256,8192,128,512,272,559.778,564.353,560.74,0.2103
mixed,8,3,0.375,4.0,256,8192,256,1024,544,563.458,564.928,563.104,-0.2408
mixed,8,3,0.375,4.0,256,8192,512,2048,1088,565.632,569.537,563.648,-0.5081
mixed,8,3,0.375,4.0,256,8192,1024,4096,2176,565.57,569.762,564.833,-0.1758
mixed,8,3,0.375,4.0,256,8192,2048,8192,4352,590.529,1096.39,564.608,-0.0512
mixed,8,3,0.375,4.0,256,8192,4096,16384,8704,1148.36,1649.76,1107.85,-0.0808
mixed,8,3,0.375,4.0,512,0,128,512,272,83.169,98.304,84.898,0.1142
mixed,8,3,0.375,4.0,512,0,256,1024,544,99.712,132.129,122.623,0.7068
mixed,8,3,0.375,4.0,512,0,512,2048,1088,132.896,198.656,191.904,0.8973
mixed,8,3,0.375,4.0,512,0,1024,4096,2176,206.626,326.271,319.168,0.9406
mixed,8,3,0.375,4.0,512,0,2048,8192,4352,342.112,576.897,569.92,0.9703
mixed,8,3,0.375,4.0,512,0,4096,16384,8704,611.97,1114.4,1102.53,0.9764
mixed,8,3,0.375,4.0,512,512,128,512,272,123.519,136.449,128.673,0.3986
mixed,8,3,0.375,4.0,512,512,256,1024,544,137.601,167.711,141.727,0.137
mixed,8,3,0.375,4.0,512,512,512,2048,1088,167.808,231.87,210.498,0.6664
mixed,8,3,0.375,4.0,512,512,1024,4096,2176,240.768,360.961,350.079,0.9095
mixed,8,3,0.375,4.0,512,512,2048,8192,4352,378.527,610.05,604.769,0.9772
mixed,8,3,0.375,4.0,512,512,4096,16384,8704,642.463,1119.04,1105.38,0.9713
mixed,8,3,0.375,4.0,512,1024,128,512,272,156.128,172.705,161.247,0.3088
mixed,8,3,0.375,4.0,512,1024,256,1024,544,173.984,204.576,180.255,0.205
mixed,8,3,0.375,4.0,512,1024,512,2048,1088,204.864,265.599,238.687,0.5569
mixed,8,3,0.375,4.0,512,1024,1024,4096,2176,273.504,393.633,370.464,0.8071
mixed,8,3,0.375,4.0,512,1024,2048,8192,4352,409.6,643.395,635.327,0.9655
mixed,8,3,0.375,4.0,512,1024,4096,16384,8704,676.227,1151.3,1131.94,0.9593
mixed,8,3,0.375,4.0,512,2048,128,512,272,221.153,236.515,225.47,0.281
mixed,8,3,0.375,4.0,512,2048,256,1024,544,237.696,271.456,247.072,0.2777
mixed,8,3,0.375,4.0,512,2048,512,2048,1088,273.952,335.744,277.696,0.0606
mixed,8,3,0.375,4.0,512,2048,1024,4096,2176,340.416,457.314,432.801,0.7903
mixed,8,3,0.375,4.0,512,2048,2048,8192,4352,472.769,710.211,685.89,0.8976
mixed,8,3,0.375,4.0,512,2048,4096,16384,8704,742.049,1215.04,1202.98,0.9745
mixed,8,3,0.375,4.0,512,4096,128,512,272,350.049,363.265,353.697,0.276
mixed,8,3,0.375,4.0,512,4096,256,1024,544,363.807,397.794,369.824,0.177
mixed,8,3,0.375,4.0,512,4096,512,2048,1088,400.961,464.292,404.67,0.0586
mixed,8,3,0.375,4.0,512,4096,1024,4096,2176,472.735,596.737,470.144,-0.0209
mixed,8,3,0.375,4.0,512,4096,2048,8192,4352,604.255,837.123,815.327,0.9064
mixed,8,3,0.375,4.0,512,4096,4096,16384,8704,869.732,1342.88,1320.71,0.9531
mixed,8,3,0.375,4.0,512,8192,128,512,272,598.592,617.41,603.649,0.2687
mixed,8,3,0.375,4.0,512,8192,256,1024,544,617.599,647.616,623.234,0.1877
mixed,8,3,0.375,4.0,512,8192,512,2048,1088,651.808,713.955,656.48,0.0752
mixed,8,3,0.375,4.0,512,8192,1024,4096,2176,721.729,845.473,718.944,-0.0225
mixed,8,3,0.375,4.0,512,8192,2048,8192,4352,866.881,1115.39,849.983,-0.068
mixed,8,3,0.375,4.0,512,8192,4096,16384,8704,1136.45,1627.43,1570.44,0.8839
mixed,8,3,0.375,4.0,1024,0,128,512,272,156.606,162.849,155.714,-0.1429
mixed,8,3,0.375,4.0,1024,0,256,1024,544,161.217,187.201,173.152,0.4593
mixed,8,3,0.375,4.0,1024,0,512,2048,1088,189.535,279.264,242.943,0.5952
mixed,8,3,0.375,4.0,1024,0,1024,4096,2176,287.296,406.975,377.025,0.7497
mixed,8,3,0.375,4.0,1024,0,2048,8192,4352,422.016,655.425,643.585,0.9493
mixed,8,3,0.375,4.0,1024,0,4096,16384,8704,689.346,1169.6,1140.61,0.9396
mixed,8,3,0.375,4.0,1024,512,128,512,272,217.537,229.632,217.441,-0.0079
mixed,8,3,0.375,4.0,1024,512,256,1024,544,227.808,237.696,225.568,-0.2265
mixed,8,3,0.375,4.0,1024,512,512,2048,1088,238.591,318.913,283.072,0.5538
mixed,8,3,0.375,4.0,1024,512,1024,4096,2176,330.656,476.098,427.425,0.6653
mixed,8,3,0.375,4.0,1024,512,2048,8192,4352,490.689,725.536,693.857,0.8651
mixed,8,3,0.375,4.0,1024,512,4096,16384,8704,756.289,1237.09,1212.9,0.9497
mixed,8,3,0.375,4.0,1024,1024,128,512,272,279.361,286.528,280.705,0.1875
mixed,8,3,0.375,4.0,1024,1024,256,1024,544,286.818,306.563,284.032,-0.1411
mixed,8,3,0.375,4.0,1024,1024,512,2048,1088,303.84,358.816,312.992,0.1665
mixed,8,3,0.375,4.0,1024,1024,1024,4096,2176,366.786,540.225,472.512,0.6096
mixed,8,3,0.375,4.0,1024,1024,2048,8192,4352,557.026,787.968,746.499,0.8204
mixed,8,3,0.375,4.0,1024,1024,4096,16384,8704,821.634,1296.58,1278.18,0.9613
mixed,8,3,0.375,4.0,1024,2048,128,512,272,402.24,406.689,402.303,0.0142
mixed,8,3,0.375,4.0,1024,2048,256,1024,544,405.218,411.298,404.321,-0.1475
mixed,8,3,0.375,4.0,1024,2048,512,2048,1088,412.064,462.593,418.814,0.1336
mixed,8,3,0.375,4.0,1024,2048,1024,4096,2176,480.034,608.896,544.544,0.5006
mixed,8,3,0.375,4.0,1024,2048,2048,8192,4352,625.44,912.834,851.874,0.7879
mixed,8,3,0.375,4.0,1024,2048,4096,16384,8704,944.516,1415.97,1371.59,0.9059
mixed,8,3,0.375,4.0,1024,4096,128,512,272,647.872,651.426,645.377,-0.702
mixed,8,3,0.375,4.0,1024,4096,256,1024,544,651.201,651.456,649.76,-5.651
mixed,8,3,0.375,4.0,1024,4096,512,2048,1088,652.836,661.026,653.794,0.117
mixed,8,3,0.375,4.0,1024,4096,1024,4096,2176,672.993,842.367,664.127,-0.0523
mixed,8,3,0.375,4.0,1024,4096,2048,8192,4352,869.762,1110.79,989.344,0.4961
mixed,8,3,0.375,4.0,1024,4096,4096,16384,8704,1168.84,1660.52,1595.36,0.8675
mixed,8,3,0.375,4.0,1024,8192,128,512,272,1134.18,1139.33,1136.07,0.3658
mixed,8,3,0.375,4.0,1024,8192,256,1024,544,1139.36,1138.56,1139.81,
mixed,8,3,0.375,4.0,1024,8192,512,2048,1088,1140.52,1140.48,1139.87,
mixed,8,3,0.375,4.0,1024,8192,1024,4096,2176,1139.46,1154.82,1145.61,0.4001
mixed,8,3,0.375,4.0,1024,8192,2048,8192,4352,1180.03,1588.32,1157.28,-0.0557
mixed,8,3,0.375,4.0,1024,8192,4096,16384,8704,1629.28,2141.64,1868.68,0.4672
mixed,8,3,0.375,4.0,2048,0,128,512,272,363.903,372.864,361.502,-0.2679
mixed,8,3,0.375,4.0,2048,0,256,1024,544,375.81,393.795,374.563,-0.0693
mixed,8,3,0.375,4.0,2048,0,512,2048,1088,394.433,451.998,406.786,0.2146
mixed,8,3,0.375,4.0,2048,0,1024,4096,2176,461.697,627.65,563.074,0.6109
mixed,8,3,0.375,4.0,2048,0,2048,8192,4352,648.993,921.058,836.481,0.6891
mixed,8,3,0.375,4.0,2048,0,4096,16384,8704,952.001,1421.09,1373.12,0.8977
mixed,8,3,0.375,4.0,2048,512,128,512,272,463.615,473.441,463.49,-0.0127
mixed,8,3,0.375,4.0,2048,512,256,1024,544,476.064,495.616,475.295,-0.0393
mixed,8,3,0.375,4.0,2048,512,512,2048,1088,498.851,527.267,494.912,-0.1386
mixed,8,3,0.375,4.0,2048,512,1024,4096,2176,539.552,710.782,637.923,0.5745
mixed,8,3,0.375,4.0,2048,512,2048,8192,4352,733.249,1056.04,923.778,0.5903
mixed,8,3,0.375,4.0,2048,512,4096,16384,8704,1089.31,1556.74,1469.22,0.8128
mixed,8,3,0.375,4.0,2048,1024,128,512,272,561.825,574.849,564.128,0.1768
mixed,8,3,0.375,4.0,2048,1024,256,1024,544,574.721,596.482,571.905,-0.1294
mixed,8,3,0.375,4.0,2048,1024,512,2048,1088,595.62,637.25,600.066,0.1068
mixed,8,3,0.375,4.0,2048,1024,1024,4096,2176,642.53,788.032,713.441,0.4874
mixed,8,3,0.375,4.0,2048,1024,2048,8192,4352,808.45,1137.54,1010.31,0.6134
mixed,8,3,0.375,4.0,2048,1024,4096,16384,8704,1185.6,1689.64,1554.28,0.7314
mixed,8,3,0.375,4.0,2048,2048,128,512,272,751.042,760.002,749.219,-0.2035
mixed,8,3,0.375,4.0,2048,2048,256,1024,544,765.89,788.606,762.307,-0.1577
mixed,8,3,0.375,4.0,2048,2048,512,2048,1088,789.029,842.817,791.296,0.0421
mixed,8,3,0.375,4.0,2048,2048,1024,4096,2176,849.857,946.019,857.951,0.0842
mixed,8,3,0.375,4.0,2048,2048,2048,8192,4352,971.81,1309.6,1173.7,0.5977
mixed,8,3,0.375,4.0,2048,2048,4096,16384,8704,1358.47,1958.6,1736.1,0.6293
mixed,8,3,0.375,4.0,2048,4096,128,512,272,1117.7,1135.01,1114.69,-0.1736
mixed,8,3,0.375,4.0,2048,4096,256,1024,544,1126.79,1155.3,1130.37,0.1257
mixed,8,3,0.375,4.0,2048,4096,512,2048,1088,1159.14,1227.94,1158.18,-0.014
mixed,8,3,0.375,4.0,2048,4096,1024,4096,2176,1232.55,1339.85,1233.09,0.0051
mixed,8,3,0.375,4.0,2048,4096,2048,8192,4352,1349.06,1598.12,1477.76,0.5168
mixed,8,3,0.375,4.0,2048,4096,4096,16384,8704,1627.4,2370.12,2054.98,0.5757
mixed,8,3,0.375,4.0,2048,8192,128,512,272,1844.97,1859.49,1849.96,0.3435
mixed,8,3,0.375,4.0,2048,8192,256,1024,544,1863.4,1894.02,1858.47,-0.1609
mixed,8,3,0.375,4.0,2048,8192,512,2048,1088,1889.77,1954.24,1889.51,-0.004
mixed,8,3,0.375,4.0,2048,8192,1024,4096,2176,1962.76,2093.09,1955.49,-0.0557
mixed,8,3,0.375,4.0,2048,8192,2048,8192,4352,2106.11,2324.93,2094.11,-0.0548
mixed,8,3,0.375,4.0,2048,8192,4096,16384,8704,2350.02,2830.86,2716.36,0.7619
pure,8,4,0.5,4.0,0,0,128,512,320,50.589,57.888,51.581,0.1359
pure,8,4,0.5,4.0,0,0,256,1024,640,65.089,77.632,67.012,0.1533
pure,8,4,0.5,4.0,0,0,512,2048,1280,86.178,111.201,84.831,-0.0538
pure,8,4,0.5,4.0,0,0,1024,4096,2560,128.382,176.864,128.511,0.0027
pure,8,4,0.5,4.0,0,0,2048,8192,5120,213.857,322.817,212.381,-0.0135
pure,8,4,0.5,4.0,0,0,4096,16384,10240,393.504,591.363,401.826,0.0421
mixed,8,4,0.5,4.0,16,0,128,512,320,38.592,53.633,52.223,0.9063
mixed,8,4,0.5,4.0,16,0,256,1024,640,61.792,87.2,85.056,0.9156
mixed,8,4,0.5,4.0,16,0,512,2048,1280,103.393,156.481,152.992,0.9343
mixed,8,4,0.5,4.0,16,0,1024,4096,2560,190.752,289.889,286.721,0.968
mixed,8,4,0.5,4.0,16,0,2048,8192,5120,357.602,562.305,552.864,0.9539
mixed,8,4,0.5,4.0,16,0,4096,16384,10240,700.003,1101.28,1091.43,0.9754
mixed,8,4,0.5,4.0,16,512,128,512,320,52.544,54.272,53.024,0.2778
mixed,8,4,0.5,4.0,16,512,256,1024,640,61.761,88.16,85.376,0.8945
mixed,8,4,0.5,4.0,16,512,512,2048,1280,104,157.377,154.304,0.9424
mixed,8,4,0.5,4.0,16,512,1024,4096,2560,191.777,291.424,288.768,0.9733
mixed,8,4,0.5,4.0,16,512,2048,8192,5120,357.793,565.504,555.901,0.9538
mixed,8,4,0.5,4.0,16,512,4096,16384,10240,697.953,1104.39,1093.35,0.9728
mixed,8,4,0.5,4.0,16,1024,128,512,320,85.216,86.818,85.727,0.319
mixed,8,4,0.5,4.0,16,1024,256,1024,640,87.104,89.536,86.945,-0.0654
mixed,8,4,0.5,4.0,16,1024,512,2048,1280,103.68,157.536,153.888,0.9323
mixed,8,4,0.5,4.0,16,1024,1024,4096,2560,192.192,292.929,289.057,0.9616
mixed,8,4,0.5,4.0,16,1024,2048,8192,5120,359.458,567.169,556.768,0.9499
mixed,8,4,0.5,4.0,16,1024,4096,16384,10240,699.393,1101.83,1093.57,0.9795
mixed,8,4,0.5,4.0,16,2048,128,512,320,152.417,154.209,153.056,0.3566
mixed,8,4,0.5,4.0,16,2048,256,1024,640,155.36,158.112,153.697,-0.6043
mixed,8,4,0.5,4.0,16,2048,512,2048,1280,157.248,158.368,155.425,-1.6277
mixed,8,4,0.5,4.0,16,2048,1024,4096,2560,192.991,293.761,289.025,0.953
mixed,8,4,0.5,4.0,16,2048,2048,8192,5120,360.193,567.875,556.481,0.9451
mixed,8,4,0.5,4.0,16,2048,4096,16384,10240,701.151,1104.77,1094.15,0.9737
mixed,8,4,0.5,4.0,16,4096,128,512,320,287.841,287.968,287.455,-3.0394
mixed,8,4,0.5,4.0,16,4096,256,1024,640,287.681,290.4,286.945,-0.2707
mixed,8,4,0.5,4.0,16,4096,512,2048,1280,290.977,291.679,288.191,-3.9687
mixed,8,4,0.5,4.0,16,4096,1024,4096,2560,293.12,294.305,289.602,-2.9688
mixed,8,4,0.5,4.0,16,4096,2048,8192,5120,360.576,565.889,557.185,0.9576
mixed,8,4,0.5,4.0,16,4096,4096,16384,10240,701.538,1105.28,1096.64,0.9786
mixed,8,4,0.5,4.0,16,8192,128,512,320,558.209,558.817,557.25,-1.5773
mixed,8,4,0.5,4.0,16,8192,256,1024,640,558.945,561.344,557.633,-0.5469
mixed,8,4,0.5,4.0,16,8192,512,2048,1280,560.609,563.265,559.489,-0.4217
mixed,8,4,0.5,4.0,16,8192,1024,4096,2560,561.218,561.729,559.072,-4.1996
mixed,8,4,0.5,4.0,16,8192,2048,8192,5120,565.409,568.257,559.745,-1.9888
mixed,8,4,0.5,4.0,16,8192,4096,16384,10240,702.401,1105.7,1095.49,0.9747
mixed,8,4,0.5,4.0,32,0,128,512,320,39.168,53.216,52.736,0.9658
mixed,8,4,0.5,4.0,32,0,256,1024,640,62.08,87.52,86.049,0.9422
mixed,8,4,0.5,4.0,32,0,512,2048,1280,103.616,156.96,154.112,0.9466
mixed,8,4,0.5,4.0,32,0,1024,4096,2560,191.391,290.818,286.88,0.9604
mixed,8,4,0.5,4.0,32,0,2048,8192,5120,358.243,565.249,555.041,0.9507
mixed,8,4,0.5,4.0,32,0,4096,16384,10240,701.153,1103.84,1097.19,0.9835
mixed,8,4,0.5,4.0,32,512,128,512,320,53.281,54.048,53.089,-0.2503
mixed,8,4,0.5,4.0,32,512,256,1024,640,61.6,88.194,85.697,0.9061
mixed,8,4,0.5,4.0,32,512,512,2048,1280,104.193,157.761,154.434,0.9379
mixed,8,4,0.5,4.0,32,512,1024,4096,2560,192.097,292.257,289.919,0.9767
mixed,8,4,0.5,4.0,32,512,2048,8192,5120,359.904,566.304,556.419,0.9521
mixed,8,4,0.5,4.0,32,512,4096,16384,10240,699.104,1102.56,1096.19,0.9842
mixed,8,4,0.5,4.0,32,1024,128,512,320,85.888,87.073,85.664,-0.189
mixed,8,4,0.5,4.0,32,1024,256,1024,640,87.648,88.45,87.104,-0.6783
mixed,8,4,0.5,4.0,32,1024,512,2048,1280,104.033,157.697,154.464,0.9398
mixed,8,4,0.5,4.0,32,1024,1024,4096,2560,192.863,293.279,289.345,0.9608
mixed,8,4,0.5,4.0,32,1024,2048,8192,5120,360.129,565.826,559.36,0.9686
mixed,8,4,0.5,4.0,32,1024,4096,16384,10240,699.874,1106.25,1094.79,0.9718
mixed,8,4,0.5,4.0,32,2048,128,512,320,152.29,155.329,152.96,0.2205
mixed,8,4,0.5,4.0,32,2048,256,1024,640,155.522,157.602,154.303,-0.5861
mixed,8,4,0.5,4.0,32,2048,512,2048,1280,158.208,158.913,155.551,-3.7688
mixed,8,4,0.5,4.0,32,2048,1024,4096,2560,193.41,295.457,289.537,0.942
mixed,8,4,0.5,4.0,32,2048,2048,8192,5120,360.576,569.284,560.481,0.9578
mixed,8,4,0.5,4.0,32,2048,4096,16384,10240,702.209,1105.32,1098.21,0.9824
mixed,8,4,0.5,4.0,32,4096,128,512,320,286.465,288.482,287.424,0.4755
mixed,8,4,0.5,4.0,32,4096,256,1024,640,289.534,290.976,288.096,-0.9972
mixed,8,4,0.5,4.0,32,4096,512,2048,1280,290.464,292.992,288.191,-0.8991
mixed,8,4,0.5,4.0,32,4096,1024,4096,2560,293.377,294.688,290.626,-2.0984
mixed,8,4,0.5,4.0,32,4096,2048,8192,5120,361.857,568.77,557.921,0.9476
mixed,8,4,0.5,4.0,32,4096,4096,16384,10240,703.715,1106.69,1098.37,0.9793
mixed,8,4,0.5,4.0,32,8192,128,512,320,558.465,557.922,559.041,
mixed,8,4,0.5,4.0,32,8192,256,1024,640,559.523,561.985,557.282,-0.9102
mixed,8,4,0.5,4.0,32,8192,512,2048,1280,562.403,561.537,559.073,
mixed,8,4,0.5,4.0,32,8192,1024,4096,2560,561.539,564.258,557.856,-1.3545
mixed,8,4,0.5,4.0,32,8192,2048,8192,5120,565.506,571.168,560.578,-0.8704
mixed,8,4,0.5,4.0,32,8192,4096,16384,10240,706.243,1108.93,1097.28,0.9711
mixed,8,4,0.5,4.0,64,0,128,512,320,39.392,53.952,53.248,0.9516
mixed,8,4,0.5,4.0,64,0,256,1024,640,62.56,88.544,85.953,0.9003
mixed,8,4,0.5,4.0,64,0,512,2048,1280,104.288,156.512,154.56,0.9626
mixed,8,4,0.5,4.0,64,0,1024,4096,2560,191.968,291.071,288.611,0.9752
mixed,8,4,0.5,4.0,64,0,2048,8192,5120,359.2,564.703,558.05,0.9676
mixed,8,4,0.5,4.0,64,0,4096,16384,10240,701.763,1102.85,1097.8,0.9874
mixed,8,4,0.5,4.0,64,512,128,512,320,53.855,55.488,54.848,0.6081
mixed,8,4,0.5,4.0,64,512,256,1024,640,62.269,88.959,86.049,0.891
mixed,8,4,0.5,4.0,64,512,512,2048,1280,104.287,158.561,154.719,0.9292
mixed,8,4,0.5,4.0,64,512,1024,4096,2560,192.128,293.153,288.576,0.9547
mixed,8,4,0.5,4.0,64,512,2048,8192,5120,360.193,567.202,556.226,0.947
mixed,8,4,0.5,4.0,64,512,4096,16384,10240,701.538,1105.76,1096.22,0.9764
mixed,8,4,0.5,4.0,64,1024,128,512,320,87.424,89.823,89.441,0.8408
mixed,8,4,0.5,4.0,64,1024,256,1024,640,88.48,89.472,87.969,-0.5151
mixed,8,4,0.5,4.0,64,1024,512,2048,1280,104.671,158.208,154.945,0.9391
mixed,8,4,0.5,4.0,64,1024,1024,4096,2560,192.002,292.836,289.888,0.9708
mixed,8,4,0.5,4.0,64,1024,2048,8192,5120,359.36,568.865,558.017,0.9482
mixed,8,4,0.5,4.0,64,1024,4096,16384,10240,701.088,1104.64,1098.27,0.9842
mixed,8,4,0.5,4.0,64,2048,128,512,320,153.569,157.568,154.912,0.3358
mixed,8,4,0.5,4.0,64,2048,256,1024,640,156.544,158.752,155.234,-0.5933
mixed,8,4,0.5,4.0,64,2048,512,2048,1280,158.4,159.712,156.768,-1.2439
mixed,8,4,0.5,4.0,64,2048,1024,4096,2560,193.601,295.234,289.312,0.9417
mixed,8,4,0.5,4.0,64,2048,2048,8192,5120,360.257,567.617,559.138,0.9591
mixed,8,4,0.5,4.0,64,2048,4096,16384,10240,701.185,1104.77,1098.92,0.9855
mixed,8,4,0.5,4.0,64,4096,128,512,320,289.183,289.825,290.338,1.7991
mixed,8,4,0.5,4.0,64,4096,256,1024,640,290.849,293.247,290.56,-0.1205
mixed,8,4,0.5,4.0,64,4096,512,2048,1280,293.183,294.656,290.24,-1.998
mixed,8,4,0.5,4.0,64,4096,1024,4096,2560,293.888,295.584,292.032,-1.0943
mixed,8,4,0.5,4.0,64,4096,2048,8192,5120,362.816,570.465,559.328,0.9464
mixed,8,4,0.5,4.0,64,4096,4096,16384,10240,701.154,1108,1098.08,0.9756
mixed,8,4,0.5,4.0,64,8192,128,512,320,562.017,561.826,560.609,
mixed,8,4,0.5,4.0,64,8192,256,1024,640,560.768,562.273,560.098,-0.4452
mixed,8,4,0.5,4.0,64,8192,512,2048,1280,563.296,562.787,559.682,
mixed,8,4,0.5,4.0,64,8192,1024,4096,2560,564.098,564.801,560.321,-5.3727
mixed,8,4,0.5,4.0,64,8192,2048,8192,5120,564.896,569.154,561.152,-0.8793
mixed,8,4,0.5,4.0,64,8192,4096,16384,10240,703.969,1106.18,1099.94,0.9845
mixed,8,4,0.5,4.0,128,0,128,512,320,40.416,56.064,54.561,0.9039
mixed,8,4,0.5,4.0,128,0,256,1024,640,64.162,88.862,85.921,0.8809
mixed,8,4,0.5,4.0,128,0,512,2048,1280,104.736,157.857,154.272,0.9325
mixed,8,4,0.5,4.0,128,0,1024,4096,2560,192.48,293.058,288.096,0.9507
mixed,8,4,0.5,4.0,128,0,2048,8192,5120,359.457,567.235,556.194,0.9469
mixed,8,4,0.5,4.0,128,0,4096,16384,10240,701.987,1104.55,1096.58,0.9802
mixed,8,4,0.5,4.0,128,512,128,512,320,57.534,57.536,56.737,-398.5
mixed,8,4,0.5,4.0,128,512,256,1024,640,64.416,88.993,87.423,0.9361
mixed,8,4,0.5,4.0,128,512,512,2048,1280,105.184,158.495,154.496,0.925
mixed,8,4,0.5,4.0,128,512,1024,4096,2560,192.705,293.758,289.089,0.9538
mixed,8,4,0.5,4.0,128,512,2048,8192,5120,361.377,570.08,557.89,0.9416
mixed,8,4,0.5,4.0,128,512,4096,16384,10240,703.906,1106.66,1100.1,0.9837
mixed,8,4,0.5,4.0,128,1024,128,512,320,88.735,89.217,88.768,0.0685
mixed,8,4,0.5,4.0,128,1024,256,1024,640,90.754,90.592,89.633,
mixed,8,4,0.5,4.0,128,1024,512,2048,1280,105.793,159.84,154.689,0.9047
mixed,8,4,0.5,4.0,128,1024,1024,4096,2560,192.928,293.986,291.392,0.9743
mixed,8,4,0.5,4.0,128,1024,2048,8192,5120,362.273,571.875,557.985,0.9337
mixed,8,4,0.5,4.0,128,1024,4096,16384,10240,703.617,1107.2,1098.24,0.9778
mixed,8,4,0.5,4.0,128,2048,128,512,320,155.809,156.863,155.778,-0.0294
mixed,8,4,0.5,4.0,128,2048,256,1024,640,157.217,161.025,156.418,-0.2098
mixed,8,4,0.5,4.0,128,2048,512,2048,1280,159.008,160.993,158.209,-0.4025
mixed,8,4,0.5,4.0,128,2048,1024,4096,2560,194.785,296.096,290.497,0.9447
mixed,8,4,0.5,4.0,128,2048,2048,8192,5120,362.08,570.176,560.16,0.9519
mixed,8,4,0.5,4.0,128,2048,4096,16384,10240,704.801,1107.17,1097.73,0.9765
mixed,8,4,0.5,4.0,128,4096,128,512,320,289.088,289.952,290.144,1.2222
mixed,8,4,0.5,4.0,128,4096,256,1024,640,290.209,293.409,289.728,-0.1503
mixed,8,4,0.5,4.0,128,4096,512,2048,1280,292.129,294.272,291.456,-0.314
mixed,8,4,0.5,4.0,128,4096,1024,4096,2560,298.785,298.656,291.744,
mixed,8,4,0.5,4.0,128,4096,2048,8192,5120,365.537,574.657,561.634,0.9377
mixed,8,4,0.5,4.0,128,4096,4096,16384,10240,707.938,1112.29,1100.13,0.9699
mixed,8,4,0.5,4.0,128,8192,128,512,320,556.513,558.56,558.529,0.9849
mixed,8,4,0.5,4.0,128,8192,256,1024,640,558.561,559.616,557.92,-0.6076
mixed,8,4,0.5,4.0,128,8192,512,2048,1280,561.056,562.466,558.816,-1.5887
mixed,8,4,0.5,4.0,128,8192,1024,4096,2560,561.41,563.681,560.066,-0.5918
mixed,8,4,0.5,4.0,128,8192,2048,8192,5120,566.211,577.603,563.648,-0.225
mixed,8,4,0.5,4.0,128,8192,4096,16384,10240,710.881,1110.4,1103.52,0.9828
mixed,8,4,0.5,4.0,256,0,128,512,320,56.768,73.088,69.377,0.7726
mixed,8,4,0.5,4.0,256,0,256,1024,640,80.768,104.801,101.472,0.8615
mixed,8,4,0.5,4.0,256,0,512,2048,1280,120.544,172.128,167.136,0.9032
mixed,8,4,0.5,4.0,256,0,1024,4096,2560,204.321,300.384,292.545,0.9184
mixed,8,4,0.5,4.0,256,0,2048,8192,5120,360.352,567.329,556.161,0.946
mixed,8,4,0.5,4.0,256,0,4096,16384,10240,702.623,1104.48,1095.75,0.9783
mixed,8,4,0.5,4.0,256,512,128,512,320,73.28,100.609,73.344,0.0023
mixed,8,4,0.5,4.0,256,512,256,1024,640,113.248,140.448,102.369,-0.4
mixed,8,4,0.5,4.0,256,512,512,2048,1280,155.871,204.097,167.649,0.2442
mixed,8,4,0.5,4.0,256,512,1024,4096,2560,237.026,331.68,294.752,0.6099
mixed,8,4,0.5,4.0,256,512,2048,8192,5120,396.639,581.314,560.162,0.8855
mixed,8,4,0.5,4.0,256,512,4096,16384,10240,706.018,1109.19,1098.53,0.9736
mixed,8,4,0.5,4.0,256,1024,128,512,320,105.12,105.952,105.247,0.1526
mixed,8,4,0.5,4.0,256,1024,256,1024,640,117.857,168.448,105.729,-0.2397
mixed,8,4,0.5,4.0,256,1024,512,2048,1280,189.697,237.408,169.057,-0.4326
mixed,8,4,0.5,4.0,256,1024,1024,4096,2560,270.369,364.771,295.457,0.2658
mixed,8,4,0.5,4.0,256,1024,2048,8192,5120,428.671,611.841,560.449,0.7194
mixed,8,4,0.5,4.0,256,1024,4096,16384,10240,738.465,1127.14,1100.35,0.9311
mixed,8,4,0.5,4.0,256,2048,128,512,320,168.834,171.167,169.792,0.4106
mixed,8,4,0.5,4.0,256,2048,256,1024,640,171.232,173.952,170.433,-0.2938
mixed,8,4,0.5,4.0,256,2048,512,2048,1280,201.183,299.137,173.601,-0.2816
mixed,8,4,0.5,4.0,256,2048,1024,4096,2560,337.377,432.193,297.73,-0.4181
mixed,8,4,0.5,4.0,256,2048,2048,8192,5120,496.16,682.464,564.417,0.3664
mixed,8,4,0.5,4.0,256,2048,4096,16384,10240,804.672,1181.06,1104.07,0.7954
mixed,8,4,0.5,4.0,256,4096,128,512,320,294.944,298.944,296.61,0.4165
mixed,8,4,0.5,4.0,256,4096,256,1024,640,298.496,297.857,296.48,
mixed,8,4,0.5,4.0,256,4096,512,2048,1280,301.952,304.898,299.586,-0.8031
mixed,8,4,0.5,4.0,256,4096,1024,4096,2560,365.025,559.425,304,-0.3139
mixed,8,4,0.5,4.0,256,4096,2048,8192,5120,628.579,817.857,561.857,-0.3525
mixed,8,4,0.5,4.0,256,4096,4096,16384,10240,942.755,1318.66,1103.05,0.4264
mixed,8,4,0.5,4.0,256,8192,128,512,320,562.274,563.968,561.984,-0.1712
mixed,8,4,0.5,4.0,256,8192,256,1024,640,560.96,565.856,560.61,-0.0715
mixed,8,4,0.5,4.0,256,8192,512,2048,1280,565.219,570.048,564.288,-0.1928
mixed,8,4,0.5,4.0,256,8192,1024,4096,2560,567.234,571.776,564.228,-0.6618
mixed,8,4,0.5,4.0,256,8192,2048,8192,5120,688.225,1097.47,567.394,-0.2953
mixed,8,4,0.5,4.0,256,8192,4096,16384,10240,1250.82,1653.32,1105.92,-0.36
mixed,8,4,0.5,4.0,512,0,128,512,320,83.488,99.104,87.297,0.2439
mixed,8,4,0.5,4.0,512,0,256,1024,640,108.865,132.511,123.329,0.6117
mixed,8,4,0.5,4.0,512,0,512,2048,1280,149.758,197.663,192.865,0.8998
mixed,8,4,0.5,4.0,512,0,1024,4096,2560,229.92,325.44,321.185,0.9555
mixed,8,4,0.5,4.0,512,0,2048,8192,5120,390.016,577.409,575.009,0.9872
mixed,8,4,0.5,4.0,512,0,4096,16384,10240,712.995,1112.9,1104.99,0.9802
mixed,8,4,0.5,4.0,512,512,128,512,320,124.224,137.537,132.129,0.5938
mixed,8,4,0.5,4.0,512,512,256,1024,640,143.201,166.657,147.329,0.176
mixed,8,4,0.5,4.0,512,512,512,2048,1280,183.586,231.906,213.217,0.6132
mixed,8,4,0.5,4.0,512,512,1024,4096,2560,266.05,362.849,353.409,0.9025
mixed,8,4,0.5,4.0,512,512,2048,8192,5120,422.655,610.881,606.177,0.975
mixed,8,4,0.5,4.0,512,512,4096,16384,10240,741.54,1116.93,1107.23,0.9742
mixed,8,4,0.5,4.0,512,1024,128,512,320,157.247,172.482,166.242,0.5904
mixed,8,4,0.5,4.0,512,1024,256,1024,640,180.544,204.158,196.257,0.6654
mixed,8,4,0.5,4.0,512,1024,512,2048,1280,215.999,265.186,244.77,0.5849
mixed,8,4,0.5,4.0,512,1024,1024,4096,2560,299.553,394.4,374.24,0.7874
mixed,8,4,0.5,4.0,512,1024,2048,8192,5120,456.032,641.601,635.97,0.9697
mixed,8,4,0.5,4.0,512,1024,4096,16384,10240,767.235,1153.19,1141.06,0.9686
mixed,8,4,0.5,4.0,512,2048,128,512,320,222.208,235.488,229.632,0.559
mixed,8,4,0.5,4.0,512,2048,256,1024,640,245.634,271.361,260.866,0.5921
mixed,8,4,0.5,4.0,512,2048,512,2048,1280,285.474,334.657,326.497,0.8341
mixed,8,4,0.5,4.0,512,2048,1024,4096,2560,362.242,457.824,437.889,0.7914
mixed,8,4,0.5,4.0,512,2048,2048,8192,5120,520.545,711.042,690.754,0.8935
mixed,8,4,0.5,4.0,512,2048,4096,16384,10240,834.273,1214.11,1203.33,0.9716
mixed,8,4,0.5,4.0,512,4096,128,512,320,348.512,364.289,357.505,0.57
mixed,8,4,0.5,4.0,512,4096,256,1024,640,371.074,397.728,386.178,0.5667
mixed,8,4,0.5,4.0,512,4096,512,2048,1280,415.969,464.576,455.649,0.8163
mixed,8,4,0.5,4.0,512,4096,1024,4096,2560,497.121,594.497,561.248,0.6586
mixed,8,4,0.5,4.0,512,4096,2048,8192,5120,648.768,836.579,818.274,0.9025
mixed,8,4,0.5,4.0,512,4096,4096,16384,10240,960.418,1341.6,1324.23,0.9544
mixed,8,4,0.5,4.0,512,8192,128,512,320,602.082,614.752,613.089,0.8687
mixed,8,4,0.5,4.0,512,8192,256,1024,640,625.569,652.64,642.4,0.6217
mixed,8,4,0.5,4.0,512,8192,512,2048,1280,664.864,715.362,704.449,0.7839
mixed,8,4,0.5,4.0,512,8192,1024,4096,2560,745.667,847.168,807.393,0.6081
mixed,8,4,0.5,4.0,512,8192,2048,8192,5120,912.387,1116.42,1073.79,0.7911
mixed,8,4,0.5,4.0,512,8192,4096,16384,10240,1233.16,1629.48,1583.3,0.8835
mixed,8,4,0.5,4.0,1024,0,128,512,320,156.959,163.169,157.089,0.0209
mixed,8,4,0.5,4.0,1024,0,256,1024,640,165.6,187.936,176.513,0.4886
mixed,8,4,0.5,4.0,1024,0,512,2048,1280,215.264,279.423,247.266,0.4988
mixed,8,4,0.5,4.0,1024,0,1024,4096,2560,310.401,403.233,380.96,0.7601
mixed,8,4,0.5,4.0,1024,0,2048,8192,5120,468.162,653.889,647.136,0.9636
mixed,8,4,0.5,4.0,1024,0,4096,16384,10240,780.418,1164.33,1143.94,0.9469
mixed,8,4,0.5,4.0,1024,512,128,512,320,218.591,227.967,221.088,0.2663
mixed,8,4,0.5,4.0,1024,512,256,1024,640,231.648,239.137,225.601,-0.8075
mixed,8,4,0.5,4.0,1024,512,512,2048,1280,250.752,317.761,295.615,0.6695
mixed,8,4,0.5,4.0,1024,512,1024,4096,2560,373.954,474.401,435.938,0.6171
mixed,8,4,0.5,4.0,1024,512,2048,8192,5120,538.049,723.744,697.346,0.8578
mixed,8,4,0.5,4.0,1024,512,4096,16384,10240,848.994,1235.33,1214.56,0.9462
mixed,8,4,0.5,4.0,1024,1024,128,512,320,278.817,287.426,280.864,0.2378
mixed,8,4,0.5,4.0,1024,1024,256,1024,640,287.52,304.576,286.08,-0.0844
mixed,8,4,0.5,4.0,1024,1024,512,2048,1280,305.727,357.858,317.313,0.2222
mixed,8,4,0.5,4.0,1024,1024,1024,4096,2560,394.784,540.161,483.775,0.6121
mixed,8,4,0.5,4.0,1024,1024,2048,8192,5120,602.624,792.129,757.026,0.8148
mixed,8,4,0.5,4.0,1024,1024,4096,16384,10240,914.467,1299.2,1278.98,0.9474
mixed,8,4,0.5,4.0,1024,2048,128,512,320,401.921,407.489,400.608,-0.2358
mixed,8,4,0.5,4.0,1024,2048,256,1024,640,406.367,411.842,410.689,0.7894
mixed,8,4,0.5,4.0,1024,2048,512,2048,1280,423.874,464.384,419.392,-0.1106
mixed,8,4,0.5,4.0,1024,2048,1024,4096,2560,514.338,609.602,568.128,0.5646
mixed,8,4,0.5,4.0,1024,2048,2048,8192,5120,704.674,913.89,861.794,0.751
mixed,8,4,0.5,4.0,1024,2048,4096,16384,10240,1038.53,1415.3,1377.63,0.9
mixed,8,4,0.5,4.0,1024,4096,128,512,320,648.93,651.008,648.865,-0.0313
mixed,8,4,0.5,4.0,1024,4096,256,1024,640,652.928,654.113,650.818,-1.7806
mixed,8,4,0.5,4.0,1024,4096,512,2048,1280,653.951,659.682,655.233,0.2237
mixed,8,4,0.5,4.0,1024,4096,1024,4096,2560,683.776,843.522,665.056,-0.1172
mixed,8,4,0.5,4.0,1024,4096,2048,8192,5120,913.794,1111.39,1020.9,0.542
mixed,8,4,0.5,4.0,1024,4096,4096,16384,10240,1284.77,1661.29,1612.16,0.8695
mixed,8,4,0.5,4.0,1024,8192,128,512,320,1135.94,1138.14,1136.42,0.2168
mixed,8,4,0.5,4.0,1024,8192,256,1024,640,1137.57,1138.56,1136.8,-0.776
mixed,8,4,0.5,4.0,1024,8192,512,2048,1280,1140.26,1141.06,1137.54,-3.4
mixed,8,4,0.5,4.0,1024,8192,1024,4096,2560,1142.4,1161.76,1140.67,-0.0892
mixed,8,4,0.5,4.0,1024,8192,2048,8192,5120,1163.23,1591.62,1161.79,-0.0034
mixed,8,4,0.5,4.0,1024,8192,4096,16384,10240,1719.37,2138.98,1902.85,0.4373
mixed,8,4,0.5,4.0,2048,0,128,512,320,363.489,370.754,364.384,0.1232
mixed,8,4,0.5,4.0,2048,0,256,1024,640,378.4,393.44,379.553,0.0767
mixed,8,4,0.5,4.0,2048,0,512,2048,1280,402.113,449.313,416.256,0.2996
mixed,8,4,0.5,4.0,2048,0,1024,4096,2560,496,626.851,578.242,0.6285
mixed,8,4,0.5,4.0,2048,0,2048,8192,5120,717.476,915.841,844.835,0.642
mixed,8,4,0.5,4.0,2048,0,4096,16384,10240,1045.99,1419.94,1376.68,0.8843
mixed,8,4,0.5,4.0,2048,512,128,512,320,463.46,472.545,464.671,0.1333
mixed,8,4,0.5,4.0,2048,512,256,1024,640,481.953,496.096,479.775,-0.154
mixed,8,4,0.5,4.0,2048,512,512,2048,1280,508,530.688,505.698,-0.1015
mixed,8,4,0.5,4.0,2048,512,1024,4096,2560,574.273,714.752,653.311,0.5626
mixed,8,4,0.5,4.0,2048,512,2048,8192,5120,800.645,1059.14,943.235,0.5516
mixed,8,4,0.5,4.0,2048,512,4096,16384,10240,1182.63,1561.51,1487.23,0.804
mixed,8,4,0.5,4.0,2048,1024,128,512,320,559.33,575.457,564.769,0.3373
mixed,8,4,0.5,4.0,2048,1024,256,1024,640,578.338,595.458,578.977,0.0373
mixed,8,4,0.5,4.0,2048,1024,512,2048,1280,605.983,641.348,606.08,0.0027
mixed,8,4,0.5,4.0,2048,1024,1024,4096,2560,655.586,789.537,734.018,0.5855
mixed,8,4,0.5,4.0,2048,1024,2048,8192,5120,877.444,1136.19,1036.9,0.6163
mixed,8,4,0.5,4.0,2048,1024,4096,16384,10240,1319.33,1692.39,1574.12,0.683
mixed,8,4,0.5,4.0,2048,2048,128,512,320,752.129,763.556,752.962,0.0729
mixed,8,4,0.5,4.0,2048,2048,256,1024,640,768.673,787.268,766.689,-0.1067
mixed,8,4,0.5,4.0,2048,2048,512,2048,1280,804.193,843.652,804.034,-0.004
mixed,8,4,0.5,4.0,2048,2048,1024,4096,2560,868.897,948.257,880.546,0.1468
mixed,8,4,0.5,4.0,2048,2048,2048,8192,5120,1038.79,1307.84,1199.46,0.5972
mixed,8,4,0.5,4.0,2048,2048,4096,16384,10240,1499.78,1953.8,1757.22,0.567
mixed,8,4,0.5,4.0,2048,4096,128,512,320,1112.26,1127.36,1116.87,0.305
mixed,8,4,0.5,4.0,2048,4096,256,1024,640,1135.97,1159.52,1137.31,0.057
mixed,8,4,0.5,4.0,2048,4096,512,2048,1280,1167.81,1228.1,1183.94,0.2675
mixed,8,4,0.5,4.0,2048,4096,1024,4096,2560,1258.02,1335.36,1285.06,0.3496
mixed,8,4,0.5,4.0,2048,4096,2048,8192,5120,1379.65,1596.81,1506.34,0.5834
mixed,8,4,0.5,4.0,2048,4096,4096,16384,10240,1740.61,2365.73,2102.34,0.5787
mixed,8,4,0.5,4.0,2048,8192,128,512,320,1845.25,1860.32,1853.44,0.5434
mixed,8,4,0.5,4.0,2048,8192,256,1024,640,1862.95,1887.3,1867.36,0.1813
mixed,8,4,0.5,4.0,2048,8192,512,2048,1280,1901.6,1953.35,1910.37,0.1695
mixed,8,4,0.5,4.0,2048,8192,1024,4096,2560,1992.99,2088.45,2023.01,0.3144
mixed,8,4,0.5,4.0,2048,8192,2048,8192,5120,2165.32,2333.03,2268.16,0.6132
mixed,8,4,0.5,4.0,2048,8192,4096,16384,10240,2430.95,2829.99,2750.44,0.8007
pure,8,6,0.75,4.0,0,0,128,512,416,53.825,58.242,55.777,0.4419
pure,8,6,0.75,4.0,0,0,256,1024,832,70.848,78.431,74.08,0.4262
pure,8,6,0.75,4.0,0,0,512,2048,1664,102.496,111.133,104.033,0.178
pure,8,6,0.75,4.0,0,0,1024,4096,3328,152.896,177.727,155.778,0.1161
pure,8,6,0.75,4.0,0,0,2048,8192,6656,265.155,323.841,280.8,0.2666
pure,8,6,0.75,4.0,0,0,4096,16384,13312,491.619,591.235,503.585,0.1201
mixed,8,6,0.75,4.0,16,0,128,512,416,46.56,53.215,52.801,0.9378
mixed,8,6,0.75,4.0,16,0,256,1024,832,71.553,87.968,86.402,0.9046
mixed,8,6,0.75,4.0,16,0,512,2048,1664,130.847,156.736,155.201,0.9407
mixed,8,6,0.75,4.0,16,0,1024,4096,3328,239.425,291.137,288.865,0.9561
mixed,8,6,0.75,4.0,16,0,2048,8192,6656,461.41,565.857,556.48,0.9102
mixed,8,6,0.75,4.0,16,0,4096,16384,13312,900.579,1102.15,1094.75,0.9633
mixed,8,6,0.75,4.0,16,512,128,512,416,52.864,54.21,53.408,0.4042
mixed,8,6,0.75,4.0,16,512,256,1024,832,71.776,88.224,86.88,0.9183
mixed,8,6,0.75,4.0,16,512,512,2048,1664,131.168,157.44,155.327,0.9196
mixed,8,6,0.75,4.0,16,512,1024,4096,3328,241.794,291.361,289.377,0.96
mixed,8,6,0.75,4.0,16,512,2048,8192,6656,462.528,564.132,559.777,0.9571
mixed,8,6,0.75,4.0,16,512,4096,16384,13312,901.059,1103.11,1094.79,0.9588
mixed,8,6,0.75,4.0,16,1024,128,512,416,85.921,87.04,86.114,0.1725
mixed,8,6,0.75,4.0,16,1024,256,1024,832,86.72,88.832,87.36,0.303
mixed,8,6,0.75,4.0,16,1024,512,2048,1664,130.848,157.344,155.423,0.9275
mixed,8,6,0.75,4.0,16,1024,1024,4096,3328,241.697,292.032,290.273,0.9651
mixed,8,6,0.75,4.0,16,1024,2048,8192,6656,464.706,566.783,562.274,0.9558
mixed,8,6,0.75,4.0,16,1024,4096,16384,13312,900.867,1102.79,1096.93,0.971
mixed,8,6,0.75,4.0,16,2048,128,512,416,153.184,154.592,153.473,0.2053
mixed,8,6,0.75,4.0,16,2048,256,1024,832,154.657,156.544,154.976,0.1691
mixed,8,6,0.75,4.0,16,2048,512,2048,1664,158.591,159.007,156.225,-5.6875
mixed,8,6,0.75,4.0,16,2048,1024,4096,3328,241.984,293.473,290.882,0.9497
mixed,8,6,0.75,4.0,16,2048,2048,8192,6656,464.867,564.931,562.978,0.9805
mixed,8,6,0.75,4.0,16,2048,4096,16384,13312,902.05,1104.48,1094.08,0.9486
mixed,8,6,0.75,4.0,16,4096,128,512,416,287.105,287.873,287.681,0.75
mixed,8,6,0.75,4.0,16,4096,256,1024,832,288.705,289.92,288.16,-0.4486
mixed,8,6,0.75,4.0,16,4096,512,2048,1664,291.328,292.513,289.664,-1.4042
mixed,8,6,0.75,4.0,16,4096,1024,4096,3328,292.576,294.464,292.064,-0.2712
mixed,8,6,0.75,4.0,16,4096,2048,8192,6656,467.01,566.049,561.505,0.9541
mixed,8,6,0.75,4.0,16,4096,4096,16384,13312,904.194,1104.29,1098.02,0.9686
mixed,8,6,0.75,4.0,16,8192,128,512,416,558.979,559.648,559.618,0.9552
mixed,8,6,0.75,4.0,16,8192,256,1024,832,558.593,561.281,558.912,0.1187
mixed,8,6,0.75,4.0,16,8192,512,2048,1664,560,563.616,560.578,0.1598
mixed,8,6,0.75,4.0,16,8192,1024,4096,3328,565.506,563.936,560.035,
mixed,8,6,0.75,4.0,16,8192,2048,8192,6656,568.48,571.17,566.593,-0.7015
mixed,8,6,0.75,4.0,16,8192,4096,16384,13312,902.818,1106.44,1100.13,0.969
mixed,8,6,0.75,4.0,32,0,128,512,416,46.304,53.345,52.8,0.9226
mixed,8,6,0.75,4.0,32,0,256,1024,832,71.073,88.416,87.456,0.9446
mixed,8,6,0.75,4.0,32,0,512,2048,1664,130.017,157.249,155.008,0.9177
mixed,8,6,0.75,4.0,32,0,1024,4096,3328,241.024,291.872,289.537,0.9541
mixed,8,6,0.75,4.0,32,0,2048,8192,6656,460.963,567.295,557.889,0.9115
mixed,8,6,0.75,4.0,32,0,4096,16384,13312,901.474,1101.06,1098.21,0.9857
mixed,8,6,0.75,4.0,32,512,128,512,416,52.767,54.112,53.473,0.5249
mixed,8,6,0.75,4.0,32,512,256,1024,832,71.456,88.064,86.368,0.8979
mixed,8,6,0.75,4.0,32,512,512,2048,1664,130.849,157.73,156,0.9356
mixed,8,6,0.75,4.0,32,512,1024,4096,3328,241.952,292.641,289.121,0.9306
mixed,8,6,0.75,4.0,32,512,2048,8192,6656,462.88,565.698,560.32,0.9477
mixed,8,6,0.75,4.0,32,512,4096,16384,13312,901.219,1105.6,1098.63,0.9659
mixed,8,6,0.75,4.0,32,1024,128,512,416,86.752,87.36,86.561,-0.3141
mixed,8,6,0.75,4.0,32,1024,256,1024,832,87.167,88.897,87.745,0.3341
mixed,8,6,0.75,4.0,32,1024,512,2048,1664,131.232,157.984,155.712,0.9151
mixed,8,6,0.75,4.0,32,1024,1024,4096,3328,241.536,293.216,290.304,0.9437
mixed,8,6,0.75,4.0,32,1024,2048,8192,6656,465.475,566.018,563.456,0.9745
mixed,8,6,0.75,4.0,32,1024,4096,16384,13312,900.963,1104.07,1097.73,0.9688
mixed,8,6,0.75,4.0,32,2048,128,512,416,153.44,154.783,153.216,-0.1668
mixed,8,6,0.75,4.0,32,2048,256,1024,832,155.904,157.535,155.008,-0.5494
mixed,8,6,0.75,4.0,32,2048,512,2048,1664,158.624,159.392,156.928,-2.2083
mixed,8,6,0.75,4.0,32,2048,1024,4096,3328,243.297,294.594,291.775,0.945
mixed,8,6,0.75,4.0,32,2048,2048,8192,6656,464.866,568.165,561.633,0.9368
mixed,8,6,0.75,4.0,32,2048,4096,16384,13312,903.521,1104.39,1098.05,0.9685
mixed,8,6,0.75,4.0,32,4096,128,512,416,287.232,287.456,287.84,2.7143
mixed,8,6,0.75,4.0,32,4096,256,1024,832,288.992,291.169,288.449,-0.2494
mixed,8,6,0.75,4.0,32,4096,512,2048,1664,292.674,292.225,288.672,
mixed,8,6,0.75,4.0,32,4096,1024,4096,3328,292.93,295.233,291.234,-0.7364
mixed,8,6,0.75,4.0,32,4096,2048,8192,6656,467.904,569.217,560.896,0.9179
mixed,8,6,0.75,4.0,32,4096,4096,16384,13312,904.385,1106.4,1098.92,0.9629
mixed,8,6,0.75,4.0,32,8192,128,512,416,559.617,559.521,559.748,
mixed,8,6,0.75,4.0,32,8192,256,1024,832,558.402,560.705,557.983,-0.1819
mixed,8,6,0.75,4.0,32,8192,512,2048,1664,561.73,562.272,559.584,-3.9594
mixed,8,6,0.75,4.0,32,8192,1024,4096,3328,563.265,563.425,559.872,-21.2063
mixed,8,6,0.75,4.0,32,8192,2048,8192,6656,567.618,570.946,564.675,-0.8843
mixed,8,6,0.75,4.0,32,8192,4096,16384,13312,904.674,1106.95,1102.02,0.9756
mixed,8,6,0.75,4.0,64,0,128,512,416,46.848,53.824,53.185,0.9084
mixed,8,6,0.75,4.0,64,0,256,1024,832,71.616,88.48,87.424,0.9374
mixed,8,6,0.75,4.0,64,0,512,2048,1664,130.88,157.152,154.817,0.9111
mixed,8,6,0.75,4.0,64,0,1024,4096,3328,241.313,291.073,289.569,0.9698
mixed,8,6,0.75,4.0,64,0,2048,8192,6656,464.801,564.515,557.121,0.9258
mixed,8,6,0.75,4.0,64,0,4096,16384,13312,902.723,1106.14,1099.07,0.9652
mixed,8,6,0.75,4.0,64,512,128,512,416,54.689,55.777,55.136,0.4108
mixed,8,6,0.75,4.0,64,512,256,1024,832,71.647,88.514,87.809,0.9582
mixed,8,6,0.75,4.0,64,512,512,2048,1664,131.456,158.176,155.648,0.9054
mixed,8,6,0.75,4.0,64,512,1024,4096,3328,241.344,292.642,290.241,0.9532
mixed,8,6,0.75,4.0,64,512,2048,8192,6656,465.825,566.241,562.753,0.9653
mixed,8,6,0.75,4.0,64,512,4096,16384,13312,904.194,1103.81,1098.91,0.9755
mixed,8,6,0.75,4.0,64,1024,128,512,416,88.479,88.481,88.095,-192.0
mixed,8,6,0.75,4.0,64,1024,256,1024,832,89.472,90.081,88.928,-0.8933
mixed,8,6,0.75,4.0,64,1024,512,2048,1664,131.008,158.943,155.936,0.8924
mixed,8,6,0.75,4.0,64,1024,1024,4096,3328,241.762,293.311,290.753,0.9504
mixed,8,6,0.75,4.0,64,1024,2048,8192,6656,463.682,567.041,563.616,0.9669
mixed,8,6,0.75,4.0,64,1024,4096,16384,13312,902.177,1105.99,1099.2,0.9667
mixed,8,6,0.75,4.0,64,2048,128,512,416,156.512,156.577,155.296,-18.7077
mixed,8,6,0.75,4.0,64,2048,256,1024,832,156.705,158.69,156.77,0.0327
mixed,8,6,0.75,4.0,64,2048,512,2048,1664,159.647,159.552,158.049,
mixed,8,6,0.75,4.0,64,2048,1024,4096,3328,242.08,293.953,292.225,0.9667
mixed,8,6,0.75,4.0,64,2048,2048,8192,6656,465.824,568.643,565.314,0.9676
mixed,8,6,0.75,4.0,64,2048,4096,16384,13312,904.771,1107.11,1098.92,0.9595
mixed,8,6,0.75,4.0,64,4096,128,512,416,289.952,289.598,289.568,
mixed,8,6,0.75,4.0,64,4096,256,1024,832,290.53,292.225,290.272,-0.1522
mixed,8,6,0.75,4.0,64,4096,512,2048,1664,294.08,293.568,291.649,
mixed,8,6,0.75,4.0,64,4096,1024,4096,3328,294.051,295.682,292.545,-0.9234
mixed,8,6,0.75,4.0,64,4096,2048,8192,6656,467.458,570.306,563.075,0.9297
mixed,8,6,0.75,4.0,64,4096,4096,16384,13312,904.196,1108.61,1100.2,0.9588
mixed,8,6,0.75,4.0,64,8192,128,512,416,560.739,562.593,560.802,0.034
mixed,8,6,0.75,4.0,64,8192,256,1024,832,558.403,560.484,561.09,1.2912
mixed,8,6,0.75,4.0,64,8192,512,2048,1664,565.152,563.202,562.049,
mixed,8,6,0.75,4.0,64,8192,1024,4096,3328,563.458,566.529,562.561,-0.2921
mixed,8,6,0.75,4.0,64,8192,2048,8192,6656,569.824,571.044,566.369,-2.832
mixed,8,6,0.75,4.0,64,8192,4096,16384,13312,905.441,1106.66,1101.76,0.9757
mixed,8,6,0.75,4.0,128,0,128,512,416,48.447,55.744,54.912,0.886
mixed,8,6,0.75,4.0,128,0,256,1024,832,72.96,89.088,87.17,0.8811
mixed,8,6,0.75,4.0,128,0,512,2048,1664,131.169,157.761,155.584,0.9181
mixed,8,6,0.75,4.0,128,0,1024,4096,3328,242.08,292.736,289.376,0.9337
mixed,8,6,0.75,4.0,128,0,2048,8192,6656,463.521,567.488,557.249,0.9015
mixed,8,6,0.75,4.0,128,0,4096,16384,13312,904.867,1104.07,1095.46,0.9568
mixed,8,6,0.75,4.0,128,512,128,512,416,57.153,57.28,57.28,1.0
mixed,8,6,0.75,4.0,128,512,256,1024,832,73.057,89.184,87.202,0.8771
mixed,8,6,0.75,4.0,128,512,512,2048,1664,131.969,158.305,156.191,0.9197
mixed,8,6,0.75,4.0,128,512,1024,4096,3328,243.04,293.695,290.882,0.9445
mixed,8,6,0.75,4.0,128,512,2048,8192,6656,465.599,570.497,561.601,0.9152
mixed,8,6,0.75,4.0,128,512,4096,16384,13312,905.602,1107.71,1100.32,0.9634
mixed,8,6,0.75,4.0,128,1024,128,512,416,89.282,89.697,88.577,-1.6988
mixed,8,6,0.75,4.0,128,1024,256,1024,832,90.624,91.873,90.048,-0.4612
mixed,8,6,0.75,4.0,128,1024,512,2048,1664,132.097,159.04,156.608,0.9097
mixed,8,6,0.75,4.0,128,1024,1024,4096,3328,243.297,293.794,290.881,0.9423
mixed,8,6,0.75,4.0,128,1024,2048,8192,6656,467.617,571.616,562.914,0.9163
mixed,8,6,0.75,4.0,128,1024,4096,16384,13312,907.908,1107.04,1099.39,0.9616
mixed,8,6,0.75,4.0,128,2048,128,512,416,156.608,156.256,156.834,
mixed,8,6,0.75,4.0,128,2048,256,1024,832,158.881,160.929,158.305,-0.2812
mixed,8,6,0.75,4.0,128,2048,512,2048,1664,160.16,161.087,159.584,-0.6214
mixed,8,6,0.75,4.0,128,2048,1024,4096,3328,245.056,296.095,292.704,0.9336
mixed,8,6,0.75,4.0,128,2048,2048,8192,6656,467.587,567.427,567.041,0.9961
mixed,8,6,0.75,4.0,128,2048,4096,16384,13312,909.027,1109.38,1100.32,0.9548
mixed,8,6,0.75,4.0,128,4096,128,512,416,289.824,290.849,288.768,-1.0302
mixed,8,6,0.75,4.0,128,4096,256,1024,832,291.936,291.744,292.351,
mixed,8,6,0.75,4.0,128,4096,512,2048,1664,293.536,294.881,292.481,-0.7844
mixed,8,6,0.75,4.0,128,4096,1024,4096,3328,295.584,298.53,295.009,-0.1952
mixed,8,6,0.75,4.0,128,4096,2048,8192,6656,470.882,573.601,565.634,0.9224
mixed,8,6,0.75,4.0,128,4096,4096,16384,13312,911.33,1112.77,1104.51,0.959
mixed,8,6,0.75,4.0,128,8192,128,512,416,558.496,556.161,558.528,
mixed,8,6,0.75,4.0,128,8192,256,1024,832,557.794,559.425,558.818,0.6278
mixed,8,6,0.75,4.0,128,8192,512,2048,1664,560.224,562.849,559.425,-0.3044
mixed,8,6,0.75,4.0,128,8192,1024,4096,3328,564.162,563.873,560.736,
mixed,8,6,0.75,4.0,128,8192,2048,8192,6656,571.713,576.42,567.265,-0.945
mixed,8,6,0.75,4.0,128,8192,4096,16384,13312,910.37,1108.77,1103.81,0.975
mixed,8,6,0.75,4.0,256,0,128,512,416,65.952,72.127,70.496,0.7359
mixed,8,6,0.75,4.0,256,0,256,1024,832,89.376,104.64,102.592,0.8658
mixed,8,6,0.75,4.0,256,0,512,2048,1664,146.176,170.752,167.456,0.8659
mixed,8,6,0.75,4.0,256,0,1024,4096,3328,250.913,297.536,292.929,0.9012
mixed,8,6,0.75,4.0,256,0,2048,8192,6656,463.873,565.825,559.65,0.9394
mixed,8,6,0.75,4.0,256,0,4096,16384,13312,902.276,1104.33,1097.86,0.968
mixed,8,6,0.75,4.0,256,512,128,512,416,86.175,100.673,77.92,-0.5694
mixed,8,6,0.75,4.0,256,512,256,1024,832,124.032,138.657,119.679,-0.2976
mixed,8,6,0.75,4.0,256,512,512,2048,1664,180.162,204.545,198.497,0.752
mixed,8,6,0.75,4.0,256,512,1024,4096,3328,283.489,330.241,326.146,0.9124
mixed,8,6,0.75,4.0,256,512,2048,8192,6656,485.441,582.271,573.025,0.9045
mixed,8,6,0.75,4.0,256,512,4096,16384,13312,906.882,1106.6,1102.85,0.9812
mixed,8,6,0.75,4.0,256,1024,128,512,416,106.082,106.848,104.769,-1.7141
mixed,8,6,0.75,4.0,256,1024,256,1024,832,135.904,168.29,120.928,-0.4624
mixed,8,6,0.75,4.0,256,1024,512,2048,1664,214.816,239.487,201.217,-0.5512
mixed,8,6,0.75,4.0,256,1024,1024,4096,3328,318.336,367.456,356.928,0.7857
mixed,8,6,0.75,4.0,256,1024,2048,8192,6656,518.815,611.872,612.289,1.0045
mixed,8,6,0.75,4.0,256,1024,4096,16384,13312,929.412,1118.82,1109.06,0.9485
mixed,8,6,0.75,4.0,256,2048,128,512,416,168.864,169.634,168.128,-0.9558
mixed,8,6,0.75,4.0,256,2048,256,1024,832,172.415,174.624,172.865,0.2037
mixed,8,6,0.75,4.0,256,2048,512,2048,1664,250.688,299.009,204.001,-0.9662
mixed,8,6,0.75,4.0,256,2048,1024,4096,3328,383.873,432.194,359.168,-0.5113
mixed,8,6,0.75,4.0,256,2048,2048,8192,6656,587.779,679.969,673.953,0.9347
mixed,8,6,0.75,4.0,256,2048,4096,16384,13312,997.091,1188.74,1176.67,0.9371
mixed,8,6,0.75,4.0,256,4096,128,512,416,294.496,296.128,296.896,1.4706
mixed,8,6,0.75,4.0,256,4096,256,1024,832,297.345,298.274,298.785,1.5501
mixed,8,6,0.75,4.0,256,4096,512,2048,1664,303.937,304.544,303.201,-1.2125
mixed,8,6,0.75,4.0,256,4096,1024,4096,3328,460.801,559.33,361.888,-1.0039
mixed,8,6,0.75,4.0,256,4096,2048,8192,6656,720.866,816.578,679.744,-0.4296
mixed,8,6,0.75,4.0,256,4096,4096,16384,13312,1125.67,1317.86,1309,0.9539
mixed,8,6,0.75,4.0,256,8192,128,512,416,561.537,563.552,562.146,0.3022
mixed,8,6,0.75,4.0,256,8192,256,1024,832,564.579,567.395,564.929,0.1243
mixed,8,6,0.75,4.0,256,8192,512,2048,1664,566.56,566.465,564,
mixed,8,6,0.75,4.0,256,8192,1024,4096,3328,565.73,570.272,567.454,0.3796
mixed,8,6,0.75,4.0,256,8192,2048,8192,6656,886.115,1095.91,677.378,-0.995
mixed,8,6,0.75,4.0,256,8192,4096,16384,13312,1450.34,1649.57,1310.15,-0.7037
mixed,8,6,0.75,4.0,512,0,128,512,416,88.928,99.425,91.486,0.2437
mixed,8,6,0.75,4.0,512,0,256,1024,832,117.279,133.472,126.497,0.5693
mixed,8,6,0.75,4.0,512,0,512,2048,1664,173.247,199.457,196.544,0.8889
mixed,8,6,0.75,4.0,512,0,1024,4096,3328,278.081,324.864,322.466,0.9487
mixed,8,6,0.75,4.0,512,0,2048,8192,6656,483.265,578.241,576.834,0.9852
mixed,8,6,0.75,4.0,512,0,4096,16384,13312,909.186,1115.4,1108.99,0.969
mixed,8,6,0.75,4.0,512,512,128,512,416,131.2,137.312,134.049,0.4661
mixed,8,6,0.75,4.0,512,512,256,1024,832,150.463,167.328,156.61,0.3645
mixed,8,6,0.75,4.0,512,512,512,2048,1664,208.193,232.226,221.889,0.5699
mixed,8,6,0.75,4.0,512,512,1024,4096,3328,312.931,359.842,356.192,0.9222
mixed,8,6,0.75,4.0,512,512,2048,8192,6656,515.073,613.406,605.123,0.9158
mixed,8,6,0.75,4.0,512,512,4096,16384,13312,925.601,1121.03,1116.23,0.9754
mixed,8,6,0.75,4.0,512,1024,128,512,416,164.641,172.159,169.441,0.6385
mixed,8,6,0.75,4.0,512,1024,256,1024,832,189.986,203.36,202.335,0.9234
mixed,8,6,0.75,4.0,512,1024,512,2048,1664,240.417,265.376,255.424,0.6013
mixed,8,6,0.75,4.0,512,1024,1024,4096,3328,344.769,393.507,381.377,0.7511
mixed,8,6,0.75,4.0,512,1024,2048,8192,6656,550.367,644.768,640.996,0.96
mixed,8,6,0.75,4.0,512,1024,4096,16384,13312,957.218,1149.96,1140.32,0.95
mixed,8,6,0.75,4.0,512,2048,128,512,416,229.921,238.4,234.655,0.5583
mixed,8,6,0.75,4.0,512,2048,256,1024,832,257.122,270.783,265.983,0.6486
mixed,8,6,0.75,4.0,512,2048,512,2048,1664,311.202,336.96,331.776,0.7987
mixed,8,6,0.75,4.0,512,2048,1024,4096,3328,409.089,456.098,447.327,0.8134
mixed,8,6,0.75,4.0,512,2048,2048,8192,6656,612.417,709.28,698.817,0.892
mixed,8,6,0.75,4.0,512,2048,4096,16384,13312,1023.71,1222.75,1215.78,0.965
mixed,8,6,0.75,4.0,512,4096,128,512,416,357.92,362.495,362.018,0.8957
mixed,8,6,0.75,4.0,512,4096,256,1024,832,383.488,397.537,395.871,0.8814
mixed,8,6,0.75,4.0,512,4096,512,2048,1664,439.905,465.537,459.616,0.769
mixed,8,6,0.75,4.0,512,4096,1024,4096,3328,544.066,594.498,592.162,0.9537
mixed,8,6,0.75,4.0,512,4096,2048,8192,6656,744.448,836.259,827.681,0.9066
mixed,8,6,0.75,4.0,512,4096,4096,16384,13312,1156,1340.77,1336,0.9742
mixed,8,6,0.75,4.0,512,8192,128,512,416,609.219,613.825,612.512,0.7149
mixed,8,6,0.75,4.0,512,8192,256,1024,832,634.595,650.818,643.971,0.5779
mixed,8,6,0.75,4.0,512,8192,512,2048,1664,689.443,715.139,709.792,0.7919
mixed,8,6,0.75,4.0,512,8192,1024,4096,3328,797.729,848.739,843.937,0.9059
mixed,8,6,0.75,4.0,512,8192,2048,8192,6656,1011.62,1116.2,1109.35,0.9345
mixed,8,6,0.75,4.0,512,8192,4096,16384,13312,1421.54,1629.96,1595.14,0.833
mixed,8,6,0.75,4.0,1024,0,128,512,416,160.961,162.561,159.647,-0.8213
mixed,8,6,0.75,4.0,1024,0,256,1024,832,168.479,188.257,182.464,0.7071
mixed,8,6,0.75,4.0,1024,0,512,2048,1664,255.009,279.104,259.041,0.1673
mixed,8,6,0.75,4.0,1024,0,1024,4096,3328,358.21,405.378,390.913,0.6933
mixed,8,6,0.75,4.0,1024,0,2048,8192,6656,560.319,656.129,655.072,0.989
mixed,8,6,0.75,4.0,1024,0,4096,16384,13312,977.826,1160.07,1151.01,0.9503
mixed,8,6,0.75,4.0,1024,512,128,512,416,221.983,228.128,221.888,-0.0155
mixed,8,6,0.75,4.0,1024,512,256,1024,832,236.192,236.383,231.967,-22.1204
mixed,8,6,0.75,4.0,1024,512,512,2048,1664,280.225,318.432,308.705,0.7454
mixed,8,6,0.75,4.0,1024,512,1024,4096,3328,429.089,476.129,453.216,0.5129
mixed,8,6,0.75,4.0,1024,512,2048,8192,6656,631.137,724.162,713.697,0.8875
mixed,8,6,0.75,4.0,1024,512,4096,16384,13312,1038.08,1230.85,1215.88,0.9223
mixed,8,6,0.75,4.0,1024,1024,128,512,416,285.825,286.529,283.489,-3.3182
mixed,8,6,0.75,4.0,1024,1024,256,1024,832,296.321,302.688,291.552,-0.749
mixed,8,6,0.75,4.0,1024,1024,512,2048,1664,335.295,359.81,328.928,-0.2597
mixed,8,6,0.75,4.0,1024,1024,1024,4096,3328,475.038,540.448,509.601,0.5284
mixed,8,6,0.75,4.0,1024,1024,2048,8192,6656,695.199,788.131,771.937,0.8257
mixed,8,6,0.75,4.0,1024,1024,4096,16384,13312,1106.82,1293.32,1288.99,0.9768
mixed,8,6,0.75,4.0,1024,2048,128,512,416,404.768,406.432,405.088,0.1923
mixed,8,6,0.75,4.0,1024,2048,256,1024,832,412.513,411.682,410.018,
mixed,8,6,0.75,4.0,1024,2048,512,2048,1664,428.704,462.529,419.552,-0.2706
mixed,8,6,0.75,4.0,1024,2048,1024,4096,3328,561.536,607.778,578.335,0.3633
mixed,8,6,0.75,4.0,1024,2048,2048,8192,6656,819.554,913.282,881.987,0.6661
mixed,8,6,0.75,4.0,1024,2048,4096,16384,13312,1222.6,1417.38,1394.88,0.8845
mixed,8,6,0.75,4.0,1024,4096,128,512,416,651.267,651.105,648.13,
mixed,8,6,0.75,4.0,1024,4096,256,1024,832,650.784,652.418,652.641,1.1365
mixed,8,6,0.75,4.0,1024,4096,512,2048,1664,657.186,656.8,657.345,
mixed,8,6,0.75,4.0,1024,4096,1024,4096,3328,710.66,842.947,669.986,-0.3075
mixed,8,6,0.75,4.0,1024,4096,2048,8192,6656,1008.13,1110.91,1095.39,0.849
mixed,8,6,0.75,4.0,1024,4096,4096,16384,13312,1473.38,1662.88,1634.63,0.8509
mixed,8,6,0.75,4.0,1024,8192,128,512,416,1136.84,1134.24,1135.91,
mixed,8,6,0.75,4.0,1024,8192,256,1024,832,1136.64,1139.84,1137.8,0.3607
mixed,8,6,0.75,4.0,1024,8192,512,2048,1664,1139.4,1140.1,1138.46,-1.3314
mixed,8,6,0.75,4.0,1024,8192,1024,4096,3328,1145.51,1167.04,1151.59,0.2824
mixed,8,6,0.75,4.0,1024,8192,2048,8192,6656,1334.4,1592.9,1241.28,-0.3602
mixed,8,6,0.75,4.0,1024,8192,4096,16384,13312,1912.16,2137.86,2113.16,0.8905
mixed,8,6,0.75,4.0,2048,0,128,512,416,369.825,373.6,368.066,-0.466
mixed,8,6,0.75,4.0,2048,0,256,1024,832,385.889,390.748,386.625,0.1515
mixed,8,6,0.75,4.0,2048,0,512,2048,1664,417.025,449.504,431.425,0.4434
mixed,8,6,0.75,4.0,2048,0,1024,4096,3328,559.233,625.89,597.663,0.5765
mixed,8,6,0.75,4.0,2048,0,2048,8192,6656,828.611,920.322,877.409,0.5321
mixed,8,6,0.75,4.0,2048,0,4096,16384,13312,1231.11,1423.46,1402.6,0.8915
mixed,8,6,0.75,4.0,2048,512,128,512,416,471.233,472.321,469.824,-1.295
mixed,8,6,0.75,4.0,2048,512,256,1024,832,487.009,493.506,488.51,0.231
mixed,8,6,0.75,4.0,2048,512,512,2048,1664,519.009,531.297,516.608,-0.1954
mixed,8,6,0.75,4.0,2048,512,1024,4096,3328,645.059,711.938,684.674,0.5923
mixed,8,6,0.75,4.0,2048,512,2048,8192,6656,926.66,1062.66,986.787,0.4421
mixed,8,6,0.75,4.0,2048,512,4096,16384,13312,1366.95,1557.03,1506.82,0.7359
mixed,8,6,0.75,4.0,2048,1024,128,512,416,567.616,573.09,568.321,0.1288
mixed,8,6,0.75,4.0,2048,1024,256,1024,832,584.034,591.713,585.442,0.1834
mixed,8,6,0.75,4.0,2048,1024,512,2048,1664,625.635,641.442,623.489,-0.1358
mixed,8,6,0.75,4.0,2048,1024,1024,4096,3328,720.325,786.881,758.626,0.5755
mixed,8,6,0.75,4.0,2048,1024,2048,8192,6656,1015.52,1135.11,1100.07,0.707
mixed,8,6,0.75,4.0,2048,1024,4096,16384,13312,1511.65,1693.63,1619.05,0.5901
mixed,8,6,0.75,4.0,2048,2048,128,512,416,754.209,763.936,756.322,0.2172
mixed,8,6,0.75,4.0,2048,2048,256,1024,832,775.329,786.819,778.305,0.259
mixed,8,6,0.75,4.0,2048,2048,512,2048,1664,828.162,843.778,828.162,-0.0
mixed,8,6,0.75,4.0,2048,2048,1024,4096,3328,891.104,948.003,918.499,0.4815
mixed,8,6,0.75,4.0,2048,2048,2048,8192,6656,1158.11,1307.59,1254.34,0.6438
mixed,8,6,0.75,4.0,2048,2048,4096,16384,13312,1760.13,1954.18,1850.31,0.4647
mixed,8,6,0.75,4.0,2048,4096,128,512,416,1121.92,1126.6,1122.56,0.1368
mixed,8,6,0.75,4.0,2048,4096,256,1024,832,1145.21,1158.34,1149.63,0.3367
mixed,8,6,0.75,4.0,2048,4096,512,2048,1664,1196.48,1224.23,1209.38,0.4648
mixed,8,6,0.75,4.0,2048,4096,1024,4096,3328,1303.49,1333.96,1318.43,0.4906
mixed,8,6,0.75,4.0,2048,4096,2048,8192,6656,1485.96,1596.84,1553.7,0.611
mixed,8,6,0.75,4.0,2048,4096,4096,16384,13312,2094.18,2365.54,2253.19,0.586
mixed,8,6,0.75,4.0,2048,8192,128,512,416,1848.96,1859.01,1856.8,0.7803
mixed,8,6,0.75,4.0,2048,8192,256,1024,832,1878.75,1889.29,1875.5,-0.309
mixed,8,6,0.75,4.0,2048,8192,512,2048,1664,1928.42,1955.05,1936.67,0.31
mixed,8,6,0.75,4.0,2048,8192,1024,4096,3328,2033.54,2089.73,2069.1,0.6327
mixed,8,6,0.75,4.0,2048,8192,2048,8192,6656,2253.12,2334.18,2307.68,0.6731
mixed,8,6,0.75,4.0,2048,8192,4096,16384,13312,2639.11,2832.17,2789.03,0.7766
pure,8,7,0.875,4.0,0,0,128,512,464,55.84,57.279,56.191,0.2439
pure,8,7,0.875,4.0,0,0,256,1024,928,74.368,76.896,75.04,0.2658
pure,8,7,0.875,4.0,0,0,512,2048,1856,105.471,110.402,106.592,0.2273
pure,8,7,0.875,4.0,0,0,1024,4096,3712,164.769,177.44,164.897,0.0101
pure,8,7,0.875,4.0,0,0,2048,8192,7424,293.6,323.68,295.935,0.0776
pure,8,7,0.875,4.0,0,0,4096,16384,14848,542.98,591.201,543.106,0.0026
mixed,8,7,0.875,4.0,16,0,128,512,464,46.881,53.311,53.152,0.9753
mixed,8,7,0.875,4.0,16,0,256,1024,928,78.815,87.904,86.272,0.8204
mixed,8,7,0.875,4.0,16,0,512,2048,1856,139.68,157.345,156.031,0.9256
mixed,8,7,0.875,4.0,16,0,1024,4096,3712,265.28,290.752,290.112,0.9749
mixed,8,7,0.875,4.0,16,0,2048,8192,7424,511.648,564.735,562.435,0.9567
mixed,8,7,0.875,4.0,16,0,4096,16384,14848,1001.22,1101.38,1098.18,0.9681
mixed,8,7,0.875,4.0,16,512,128,512,464,53.151,54.56,53.505,0.2512
mixed,8,7,0.875,4.0,16,512,256,1024,928,78.658,87.969,88.097,1.0137
mixed,8,7,0.875,4.0,16,512,512,2048,1856,140.385,157.344,156.64,0.9585
mixed,8,7,0.875,4.0,16,512,1024,4096,3712,266.943,292.416,290.433,0.9222
mixed,8,7,0.875,4.0,16,512,2048,8192,7424,514.145,563.459,562.72,0.985
mixed,8,7,0.875,4.0,16,512,4096,16384,14848,1001.51,1101.31,1098.5,0.9718
mixed,8,7,0.875,4.0,16,1024,128,512,464,86.083,86.944,86.816,0.8513
mixed,8,7,0.875,4.0,16,1024,256,1024,928,87.68,88.799,87.776,0.0858
mixed,8,7,0.875,4.0,16,1024,512,2048,1856,141.44,157.088,156.416,0.9571
mixed,8,7,0.875,4.0,16,1024,1024,4096,3712,266.432,293.537,291.456,0.9232
mixed,8,7,0.875,4.0,16,1024,2048,8192,7424,513.377,565.442,564.16,0.9754
mixed,8,7,0.875,4.0,16,1024,4096,16384,14848,1000.87,1103.39,1101.76,0.9841
mixed,8,7,0.875,4.0,16,2048,128,512,464,153.28,154.497,153.408,0.1052
mixed,8,7,0.875,4.0,16,2048,256,1024,928,155.872,157.345,155.615,-0.1745
mixed,8,7,0.875,4.0,16,2048,512,2048,1856,156.544,158.592,157.505,0.4692
mixed,8,7,0.875,4.0,16,2048,1024,4096,3712,267.714,292.384,291.904,0.9805
mixed,8,7,0.875,4.0,16,2048,2048,8192,7424,515.777,566.018,564.641,0.9726
mixed,8,7,0.875,4.0,16,2048,4096,16384,14848,1003.04,1106.21,1100.64,0.946
mixed,8,7,0.875,4.0,16,4096,128,512,464,287.552,287.264,287.457,
mixed,8,7,0.875,4.0,16,4096,256,1024,928,287.968,290.018,288.769,0.3907
mixed,8,7,0.875,4.0,16,4096,512,2048,1856,290.081,292.449,291.168,0.459
mixed,8,7,0.875,4.0,16,4096,1024,4096,3712,294.241,293.73,293.664,
mixed,8,7,0.875,4.0,16,4096,2048,8192,7424,514.977,567.808,565.219,0.951
mixed,8,7,0.875,4.0,16,4096,4096,16384,14848,1005.57,1105.73,1103.2,0.9748
mixed,8,7,0.875,4.0,16,8192,128,512,464,558.816,557.698,559.615,
mixed,8,7,0.875,4.0,16,8192,256,1024,928,558.977,560.064,560.098,1.0313
mixed,8,7,0.875,4.0,16,8192,512,2048,1856,560.384,560.161,561.089,
mixed,8,7,0.875,4.0,16,8192,1024,4096,3712,563.394,562.403,562.625,
mixed,8,7,0.875,4.0,16,8192,2048,8192,7424,569.921,569.281,566.05,
mixed,8,7,0.875,4.0,16,8192,4096,16384,14848,1004.93,1108.1,1101.22,0.9333
mixed,8,7,0.875,4.0,32,0,128,512,464,47.776,53.409,53.12,0.9487
mixed,8,7,0.875,4.0,32,0,256,1024,928,78.912,87.65,86.975,0.9228
mixed,8,7,0.875,4.0,32,0,512,2048,1856,140.129,156.832,155.712,0.9329
mixed,8,7,0.875,4.0,32,0,1024,4096,3712,266.399,291.297,290.593,0.9717
mixed,8,7,0.875,4.0,32,0,2048,8192,7424,514.337,564.512,558.978,0.8897
mixed,8,7,0.875,4.0,32,0,4096,16384,14848,1001.25,1103.75,1099.49,0.9585
mixed,8,7,0.875,4.0,32,512,128,512,464,53.119,54.367,54.112,0.7957
mixed,8,7,0.875,4.0,32,512,256,1024,928,79.039,88.192,87.52,0.9266
mixed,8,7,0.875,4.0,32,512,512,2048,1856,140.544,157.377,156.032,0.9201
mixed,8,7,0.875,4.0,32,512,1024,4096,3712,266.435,293.088,291.552,0.9424
mixed,8,7,0.875,4.0,32,512,2048,8192,7424,514.081,568.576,566.051,0.9537
mixed,8,7,0.875,4.0,32,512,4096,16384,14848,1000.8,1104.07,1101.6,0.9761
mixed,8,7,0.875,4.0,32,1024,128,512,464,85.57,87.456,86.783,0.6432
mixed,8,7,0.875,4.0,32,1024,256,1024,928,87.648,88.577,89.152,1.6189
mixed,8,7,0.875,4.0,32,1024,512,2048,1856,141.343,158.721,156.287,0.8599
mixed,8,7,0.875,4.0,32,1024,1024,4096,3712,267.52,293.858,292,0.9295
mixed,8,7,0.875,4.0,32,1024,2048,8192,7424,515.809,568.545,565.121,0.9351
mixed,8,7,0.875,4.0,32,1024,4096,16384,14848,1004.16,1103.39,1099.91,0.9649
mixed,8,7,0.875,4.0,32,2048,128,512,464,153.152,155.36,154.272,0.5072
mixed,8,7,0.875,4.0,32,2048,256,1024,928,156.77,157.729,155.809,-1.0021
mixed,8,7,0.875,4.0,32,2048,512,2048,1856,156.064,159.168,157.599,0.4945
mixed,8,7,0.875,4.0,32,2048,1024,4096,3712,268.193,294.592,293.314,0.9516
mixed,8,7,0.875,4.0,32,2048,2048,8192,7424,516.161,568.258,565.602,0.949
mixed,8,7,0.875,4.0,32,2048,4096,16384,14848,1005.79,1104.58,1103.49,0.989
mixed,8,7,0.875,4.0,32,4096,128,512,464,286.913,288.225,288.384,1.1212
mixed,8,7,0.875,4.0,32,4096,256,1024,928,290.368,291.232,290.24,-0.1481
mixed,8,7,0.875,4.0,32,4096,512,2048,1856,292.098,293.567,291.519,-0.3941
mixed,8,7,0.875,4.0,32,4096,1024,4096,3712,293.921,293.92,293.345,
mixed,8,7,0.875,4.0,32,4096,2048,8192,7424,516.897,568.321,565.667,0.9484
mixed,8,7,0.875,4.0,32,4096,4096,16384,14848,1006.11,1105.73,1103.78,0.9804
mixed,8,7,0.875,4.0,32,8192,128,512,464,558.755,558.913,559.167,2.6076
mixed,8,7,0.875,4.0,32,8192,256,1024,928,559.328,560.865,561.09,1.1464
mixed,8,7,0.875,4.0,32,8192,512,2048,1856,559.907,561.442,560.193,0.1863
mixed,8,7,0.875,4.0,32,8192,1024,4096,3712,564.547,564.193,563.456,
mixed,8,7,0.875,4.0,32,8192,2048,8192,7424,568.066,572.16,566.307,-0.4297
mixed,8,7,0.875,4.0,32,8192,4096,16384,14848,1006.72,1107.17,1102.15,0.95
mixed,8,7,0.875,4.0,64,0,128,512,464,48.032,53.888,53.535,0.9397
mixed,8,7,0.875,4.0,64,0,256,1024,928,78.943,88.448,87.68,0.9192
mixed,8,7,0.875,4.0,64,0,512,2048,1856,140,156.96,156.033,0.9453
mixed,8,7,0.875,4.0,64,0,1024,4096,3712,267.648,292.129,290.43,0.9306
mixed,8,7,0.875,4.0,64,0,2048,8192,7424,513.665,565.762,563.011,0.9472
mixed,8,7,0.875,4.0,64,0,4096,16384,14848,1004.19,1102.95,1098.72,0.9572
mixed,8,7,0.875,4.0,64,512,128,512,464,54.016,55.745,55.487,0.8508
mixed,8,7,0.875,4.0,64,512,256,1024,928,79.585,88.416,88.384,0.9964
mixed,8,7,0.875,4.0,64,512,512,2048,1856,140.512,158.655,156.321,0.8714
mixed,8,7,0.875,4.0,64,512,1024,4096,3712,266.496,292.512,291.776,0.9717
mixed,8,7,0.875,4.0,64,512,2048,8192,7424,515.329,567.779,563.554,0.9194
mixed,8,7,0.875,4.0,64,512,4096,16384,14848,1002.37,1104.84,1101.35,0.9659
mixed,8,7,0.875,4.0,64,1024,128,512,464,87.136,88.831,88.16,0.6041
mixed,8,7,0.875,4.0,64,1024,256,1024,928,89.407,89.793,89.567,0.4145
mixed,8,7,0.875,4.0,64,1024,512,2048,1856,140.961,157.632,156.896,0.9559
mixed,8,7,0.875,4.0,64,1024,1024,4096,3712,267.523,293.152,292.641,0.9801
mixed,8,7,0.875,4.0,64,1024,2048,8192,7424,513.986,568.993,566.785,0.9599
mixed,8,7,0.875,4.0,64,1024,4096,16384,14848,1004.77,1104.23,1100.58,0.9633
mixed,8,7,0.875,4.0,64,2048,128,512,464,154.529,156.128,156.16,1.02
mixed,8,7,0.875,4.0,64,2048,256,1024,928,157.986,157.602,157.76,
mixed,8,7,0.875,4.0,64,2048,512,2048,1856,159.552,160.352,159.135,-0.5212
mixed,8,7,0.875,4.0,64,2048,1024,4096,3712,267.649,294.015,292.61,0.9467
mixed,8,7,0.875,4.0,64,2048,2048,8192,7424,516.13,566.689,567.265,1.0114
mixed,8,7,0.875,4.0,64,2048,4096,16384,14848,1005.73,1107.65,1102.88,0.9532
mixed,8,7,0.875,4.0,64,4096,128,512,464,288.641,290.017,290.336,1.2318
mixed,8,7,0.875,4.0,64,4096,256,1024,928,290.529,291.744,291.104,0.4733
mixed,8,7,0.875,4.0,64,4096,512,2048,1856,293.633,293.985,292.641,-2.8182
mixed,8,7,0.875,4.0,64,4096,1024,4096,3712,294.273,296.256,294.048,-0.1135
mixed,8,7,0.875,4.0,64,4096,2048,8192,7424,517.602,570.21,565.504,0.9105
mixed,8,7,0.875,4.0,64,4096,4096,16384,14848,1005.51,1106.63,1101.44,0.9487
mixed,8,7,0.875,4.0,64,8192,128,512,464,559.328,560.001,560.609,1.9034
mixed,8,7,0.875,4.0,64,8192,256,1024,928,560.832,563.586,561.697,0.3141
mixed,8,7,0.875,4.0,64,8192,512,2048,1856,561.248,562.688,562.785,1.0674
mixed,8,7,0.875,4.0,64,8192,1024,4096,3712,563.745,565.249,564.354,0.4049
mixed,8,7,0.875,4.0,64,8192,2048,8192,7424,569.571,572.289,568.609,-0.3539
mixed,8,7,0.875,4.0,64,8192,4096,16384,14848,1006.91,1107.75,1104.74,0.9702
mixed,8,7,0.875,4.0,128,0,128,512,464,48.608,55.97,55.968,0.9997
mixed,8,7,0.875,4.0,128,0,256,1024,928,80.29,89.313,87.744,0.8261
mixed,8,7,0.875,4.0,128,0,512,2048,1856,140.48,158.08,157.121,0.9455
mixed,8,7,0.875,4.0,128,0,1024,4096,3712,267.233,292.065,291.456,0.9755
mixed,8,7,0.875,4.0,128,0,2048,8192,7424,515.039,566.466,565.665,0.9844
mixed,8,7,0.875,4.0,128,0,4096,16384,14848,1004.2,1107.3,1101.98,0.9485
mixed,8,7,0.875,4.0,128,512,128,512,464,57.76,57.632,57.184,
mixed,8,7,0.875,4.0,128,512,256,1024,928,81.536,89.6,88.479,0.861
mixed,8,7,0.875,4.0,128,512,512,2048,1856,141.696,158.784,157.696,0.9363
mixed,8,7,0.875,4.0,128,512,1024,4096,3712,267.552,293.474,292.449,0.9605
mixed,8,7,0.875,4.0,128,512,2048,8192,7424,516.127,570.499,565.825,0.914
mixed,8,7,0.875,4.0,128,512,4096,16384,14848,1004.26,1106.95,1103.84,0.9698
mixed,8,7,0.875,4.0,128,1024,128,512,464,89.343,88.929,89.697,
mixed,8,7,0.875,4.0,128,1024,256,1024,928,91.04,90.911,90.88,
mixed,8,7,0.875,4.0,128,1024,512,2048,1856,141.731,158.69,157.664,0.9395
mixed,8,7,0.875,4.0,128,1024,1024,4096,3712,268.255,294.208,293.121,0.9581
mixed,8,7,0.875,4.0,128,1024,2048,8192,7424,517.538,570.561,566.784,0.9288
mixed,8,7,0.875,4.0,128,1024,4096,16384,14848,1007.14,1109.35,1105.54,0.9627
mixed,8,7,0.875,4.0,128,2048,128,512,464,156.831,156.959,156.609,-1.7344
mixed,8,7,0.875,4.0,128,2048,256,1024,928,159.232,160,159.392,0.2083
mixed,8,7,0.875,4.0,128,2048,512,2048,1856,160.768,161.536,159.328,-1.875
mixed,8,7,0.875,4.0,128,2048,1024,4096,3712,269.92,296.067,294.913,0.9559
mixed,8,7,0.875,4.0,128,2048,2048,8192,7424,519.009,572.226,570.113,0.9603
mixed,8,7,0.875,4.0,128,2048,4096,16384,14848,1007.14,1107.55,1105.86,0.9831
mixed,8,7,0.875,4.0,128,4096,128,512,464,289.057,289.696,289.796,1.1565
mixed,8,7,0.875,4.0,128,4096,256,1024,928,292.002,293.535,292.355,0.2303
mixed,8,7,0.875,4.0,128,4096,512,2048,1856,295.456,295.361,294.242,
mixed,8,7,0.875,4.0,128,4096,1024,4096,3712,296.065,297.537,296.897,0.5652
mixed,8,7,0.875,4.0,128,4096,2048,8192,7424,520.033,572.194,570.467,0.9669
mixed,8,7,0.875,4.0,128,4096,4096,16384,14848,1007.55,1108.16,1107.91,0.9975
mixed,8,7,0.875,4.0,128,8192,128,512,464,557.889,557.218,557.793,
mixed,8,7,0.875,4.0,128,8192,256,1024,928,559.52,559.425,558.434,
mixed,8,7,0.875,4.0,128,8192,512,2048,1856,560.962,563.2,559.65,-0.5862
mixed,8,7,0.875,4.0,128,8192,1024,4096,3712,563.586,562.784,563.747,
mixed,8,7,0.875,4.0,128,8192,2048,8192,7424,573.504,576.962,572.642,-0.2493
mixed,8,7,0.875,4.0,128,8192,4096,16384,14848,1010.98,1112.19,1109.47,0.9731
mixed,8,7,0.875,4.0,256,0,128,512,464,66.208,73.568,72.033,0.7914
mixed,8,7,0.875,4.0,256,0,256,1024,928,97.856,104.482,103.36,0.8307
mixed,8,7,0.875,4.0,256,0,512,2048,1856,156.768,171.201,168.384,0.8048
mixed,8,7,0.875,4.0,256,0,1024,4096,3712,274.082,295.264,293.921,0.9366
mixed,8,7,0.875,4.0,256,0,2048,8192,7424,516.641,566.691,562.624,0.9187
mixed,8,7,0.875,4.0,256,0,4096,16384,14848,1004.71,1104.93,1102.5,0.9758
mixed,8,7,0.875,4.0,256,512,128,512,464,87.423,100.48,79.968,-0.571
mixed,8,7,0.875,4.0,256,512,256,1024,928,132.193,138.752,121.506,-1.6294
mixed,8,7,0.875,4.0,256,512,512,2048,1856,189.249,204.513,200.704,0.7505
mixed,8,7,0.875,4.0,256,512,1024,4096,3712,306.176,328.832,328.546,0.9874
mixed,8,7,0.875,4.0,256,512,2048,8192,7424,531.391,578.753,581.057,1.0486
mixed,8,7,0.875,4.0,256,512,4096,16384,14848,1010.4,1106.34,1104.61,0.982
mixed,8,7,0.875,4.0,256,1024,128,512,464,106.048,106.017,105.983,
mixed,8,7,0.875,4.0,256,1024,256,1024,928,152.415,168.195,121.952,-1.9305
mixed,8,7,0.875,4.0,256,1024,512,2048,1856,224.545,238.146,203.553,-1.5434
mixed,8,7,0.875,4.0,256,1024,1024,4096,3712,340.227,364.384,362.72,0.9311
mixed,8,7,0.875,4.0,256,1024,2048,8192,7424,566.338,615.649,614.53,0.9773
mixed,8,7,0.875,4.0,256,1024,4096,16384,14848,1027.01,1114.43,1114.72,1.0033
mixed,8,7,0.875,4.0,256,2048,128,512,464,170.4,171.744,169.408,-0.7381
mixed,8,7,0.875,4.0,256,2048,256,1024,928,174.433,174.305,173.536,
mixed,8,7,0.875,4.0,256,2048,512,2048,1856,268.32,300.033,205.918,-1.9677
mixed,8,7,0.875,4.0,256,2048,1024,4096,3712,407.168,431.263,364.096,-1.7876
mixed,8,7,0.875,4.0,256,2048,2048,8192,7424,632.738,679.394,677.889,0.9677
mixed,8,7,0.875,4.0,256,2048,4096,16384,14848,1089.83,1180.42,1187.04,1.0731
mixed,8,7,0.875,4.0,256,4096,128,512,464,295.743,296.066,295.553,-0.5882
mixed,8,7,0.875,4.0,256,4096,256,1024,928,299.615,299.712,299.14,-4.8969
mixed,8,7,0.875,4.0,256,4096,512,2048,1856,302.88,305.761,304,0.3888
mixed,8,7,0.875,4.0,256,4096,1024,4096,3712,509.315,558.85,366.72,-2.8787
mixed,8,7,0.875,4.0,256,4096,2048,8192,7424,767.073,818.083,684.579,-1.6172
mixed,8,7,0.875,4.0,256,4096,4096,16384,14848,1223.27,1318.18,1317.99,0.998
mixed,8,7,0.875,4.0,256,8192,128,512,464,563.649,562.72,562.497,
mixed,8,7,0.875,4.0,256,8192,256,1024,928,564.702,566.336,565.121,0.2564
mixed,8,7,0.875,4.0,256,8192,512,2048,1856,569.25,568.929,567.203,
mixed,8,7,0.875,4.0,256,8192,1024,4096,3712,570.177,568.384,570.018,
mixed,8,7,0.875,4.0,256,8192,2048,8192,7424,987.042,1098.21,682.754,-2.7371
mixed,8,7,0.875,4.0,256,8192,4096,16384,14848,1550.24,1648.45,1317.83,-2.3665
mixed,8,7,0.875,4.0,512,0,128,512,464,89.12,99.681,95.297,0.5849
mixed,8,7,0.875,4.0,512,0,256,1024,928,124.255,132.799,128.959,0.5506
mixed,8,7,0.875,4.0,512,0,512,2048,1856,181.792,197.343,198.531,1.0764
mixed,8,7,0.875,4.0,512,0,1024,4096,3712,302.944,326.211,325.506,0.9697
mixed,8,7,0.875,4.0,512,0,2048,8192,7424,529.057,579.168,575.042,0.9177
mixed,8,7,0.875,4.0,512,0,4096,16384,14848,1013.15,1115.68,1113.12,0.975
mixed,8,7,0.875,4.0,512,512,128,512,464,131.969,136.607,135.134,0.6824
mixed,8,7,0.875,4.0,512,512,256,1024,928,155.362,166.882,162.304,0.6026
mixed,8,7,0.875,4.0,512,512,512,2048,1856,218.015,232.096,226.336,0.5909
mixed,8,7,0.875,4.0,512,512,1024,4096,3712,336.799,361.536,358.56,0.8797
mixed,8,7,0.875,4.0,512,512,2048,8192,7424,562.913,612.065,608.514,0.9278
mixed,8,7,0.875,4.0,512,512,4096,16384,14848,1024.35,1126.05,1117.6,0.9169
mixed,8,7,0.875,4.0,512,1024,128,512,464,165.057,172.449,171.839,0.9175
mixed,8,7,0.875,4.0,512,1024,256,1024,928,198.686,204.224,204.191,0.994
mixed,8,7,0.875,4.0,512,1024,512,2048,1856,250.176,265.536,260.033,0.6417
mixed,8,7,0.875,4.0,512,1024,1024,4096,3712,368.607,392.385,387.457,0.7927
mixed,8,7,0.875,4.0,512,1024,2048,8192,7424,593.089,645.249,641.793,0.9337
mixed,8,7,0.875,4.0,512,1024,4096,16384,14848,1054.47,1155.56,1153.44,0.9791
mixed,8,7,0.875,4.0,512,2048,128,512,464,229.281,236.32,235.264,0.85
mixed,8,7,0.875,4.0,512,2048,256,1024,928,263.104,270.466,267.969,0.6608
mixed,8,7,0.875,4.0,512,2048,512,2048,1856,320.287,334.112,333.024,0.9213
mixed,8,7,0.875,4.0,512,2048,1024,4096,3712,434.719,457.248,452.129,0.7728
mixed,8,7,0.875,4.0,512,2048,2048,8192,7424,661.312,708.258,705.442,0.94
mixed,8,7,0.875,4.0,512,2048,4096,16384,14848,1123.87,1216.29,1211.84,0.9518
mixed,8,7,0.875,4.0,512,4096,128,512,464,356.609,364.8,361.666,0.6174
mixed,8,7,0.875,4.0,512,4096,256,1024,928,389.889,398.818,395.745,0.6558
mixed,8,7,0.875,4.0,512,4096,512,2048,1856,448.034,463.84,462.911,0.9412
mixed,8,7,0.875,4.0,512,4096,1024,4096,3712,570.72,593.471,592.448,0.955
mixed,8,7,0.875,4.0,512,4096,2048,8192,7424,791.233,837.73,832.8,0.894
mixed,8,7,0.875,4.0,512,4096,4096,16384,14848,1244.39,1341.89,1339.81,0.9787
mixed,8,7,0.875,4.0,512,8192,128,512,464,609.024,616.382,613.76,0.6437
mixed,8,7,0.875,4.0,512,8192,256,1024,928,640.834,649.312,649.984,1.0793
mixed,8,7,0.875,4.0,512,8192,512,2048,1856,699.169,716.255,710.368,0.6554
mixed,8,7,0.875,4.0,512,8192,1024,4096,3712,823.97,847.745,846.371,0.9422
mixed,8,7,0.875,4.0,512,8192,2048,8192,7424,1066.91,1118.08,1112.71,0.8949
mixed,8,7,0.875,4.0,512,8192,4096,16384,14848,1529.03,1630.09,1597.25,0.6751
mixed,8,7,0.875,4.0,1024,0,128,512,464,160.065,163.264,160.931,0.2707
mixed,8,7,0.875,4.0,1024,0,256,1024,928,176.896,187.841,185.539,0.7897
mixed,8,7,0.875,4.0,1024,0,512,2048,1856,265.056,279.808,268.577,0.2387
mixed,8,7,0.875,4.0,1024,0,1024,4096,3712,381.154,405.312,399.809,0.7722
mixed,8,7,0.875,4.0,1024,0,2048,8192,7424,606.402,654.979,652.705,0.9532
mixed,8,7,0.875,4.0,1024,0,4096,16384,14848,1073.29,1159.07,1161.95,1.0336
mixed,8,7,0.875,4.0,1024,512,128,512,464,221.184,227.681,226.114,0.7588
mixed,8,7,0.875,4.0,1024,512,256,1024,928,238.687,234.336,232.192,
mixed,8,7,0.875,4.0,1024,512,512,2048,1856,292.417,318.016,314.656,0.8687
mixed,8,7,0.875,4.0,1024,512,1024,4096,3712,451.265,476.704,463.394,0.4768
mixed,8,7,0.875,4.0,1024,512,2048,8192,7424,681.247,725.825,716.706,0.7954
mixed,8,7,0.875,4.0,1024,512,4096,16384,14848,1135.78,1232.8,1229.26,0.9634
mixed,8,7,0.875,4.0,1024,1024,128,512,464,282.975,287.296,285.248,0.526
mixed,8,7,0.875,4.0,1024,1024,256,1024,928,301.44,301.024,294.338,
mixed,8,7,0.875,4.0,1024,1024,512,2048,1856,341.598,359.904,346.018,0.2415
mixed,8,7,0.875,4.0,1024,1024,1024,4096,3712,515.041,538.786,522.497,0.314
mixed,8,7,0.875,4.0,1024,1024,2048,8192,7424,742.754,789.57,780.961,0.8161
mixed,8,7,0.875,4.0,1024,1024,4096,16384,14848,1201.99,1294.24,1292.1,0.9768
mixed,8,7,0.875,4.0,1024,2048,128,512,464,405.41,405.504,405.186,-2.383
mixed,8,7,0.875,4.0,1024,2048,256,1024,928,411.487,411.424,409.631,
mixed,8,7,0.875,4.0,1024,2048,512,2048,1856,431.042,463.329,420.929,-0.3132
mixed,8,7,0.875,4.0,1024,2048,1024,4096,3712,584.608,609.09,592.864,0.3372
mixed,8,7,0.875,4.0,1024,2048,2048,8192,7424,866.241,913.632,893.151,0.5678
mixed,8,7,0.875,4.0,1024,2048,4096,16384,14848,1321.44,1422.79,1407.68,0.8509
mixed,8,7,0.875,4.0,1024,4096,128,512,464,650.464,651.745,650.466,0.0016
mixed,8,7,0.875,4.0,1024,4096,256,1024,928,652.929,652.609,653.027,
mixed,8,7,0.875,4.0,1024,4096,512,2048,1856,657.794,658.528,657.347,-0.609
mixed,8,7,0.875,4.0,1024,4096,1024,4096,3712,777.155,844.032,680.481,-1.4455
mixed,8,7,0.875,4.0,1024,4096,2048,8192,7424,1055.55,1111.17,1104.26,0.8757
mixed,8,7,0.875,4.0,1024,4096,4096,16384,14848,1569.35,1663.46,1643.23,0.7851
mixed,8,7,0.875,4.0,1024,8192,128,512,464,1136.42,1137.44,1137.76,1.3129
mixed,8,7,0.875,4.0,1024,8192,256,1024,928,1137.83,1139.3,1138.46,0.4323
mixed,8,7,0.875,4.0,1024,8192,512,2048,1856,1139.01,1141.47,1141.12,0.8571
mixed,8,7,0.875,4.0,1024,8192,1024,4096,3712,1143.56,1166.6,1160.13,0.7194
mixed,8,7,0.875,4.0,1024,8192,2048,8192,7424,1478.28,1589.57,1252.29,-2.0305
mixed,8,7,0.875,4.0,1024,8192,4096,16384,14848,2004.84,2142.25,2127.46,0.8924
mixed,8,7,0.875,4.0,2048,0,128,512,464,369.698,373.951,370.944,0.293
mixed,8,7,0.875,4.0,2048,0,256,1024,928,389.474,393.761,389.985,0.1192
mixed,8,7,0.875,4.0,2048,0,512,2048,1856,427.266,450.562,443.073,0.6785
mixed,8,7,0.875,4.0,2048,0,1024,4096,3712,595.168,626.051,608.224,0.4228
mixed,8,7,0.875,4.0,2048,0,2048,8192,7424,870.372,918.177,894.688,0.5086
mixed,8,7,0.875,4.0,2048,0,4096,16384,14848,1328.04,1425.15,1408.87,0.8323
mixed,8,7,0.875,4.0,2048,512,128,512,464,471.234,475.361,471.871,0.1543
mixed,8,7,0.875,4.0,2048,512,256,1024,928,492.417,498.946,492.546,0.0198
mixed,8,7,0.875,4.0,2048,512,512,2048,1856,525.824,531.586,524.865,-0.1664
mixed,8,7,0.875,4.0,2048,512,1024,4096,3712,678.976,713.184,696.578,0.5146
mixed,8,7,0.875,4.0,2048,512,2048,8192,7424,1008.1,1058.08,1017.99,0.1978
mixed,8,7,0.875,4.0,2048,512,4096,16384,14848,1461.63,1560.9,1532.55,0.7144
mixed,8,7,0.875,4.0,2048,1024,128,512,464,570.018,573.664,568.801,-0.3338
mixed,8,7,0.875,4.0,2048,1024,256,1024,928,588.994,593.985,591.299,0.4618
mixed,8,7,0.875,4.0,2048,1024,512,2048,1856,627.329,639.359,630.082,0.2288
mixed,8,7,0.875,4.0,2048,1024,1024,4096,3712,759.296,787.105,771.969,0.4557
mixed,8,7,0.875,4.0,2048,1024,2048,8192,7424,1085.89,1140.19,1118.21,0.5952
mixed,8,7,0.875,4.0,2048,1024,4096,16384,14848,1602.95,1695.14,1652.93,0.5422
mixed,8,7,0.875,4.0,2048,2048,128,512,464,755.554,758.528,766.338,3.6261
mixed,8,7,0.875,4.0,2048,2048,256,1024,928,779.904,787.618,782.848,0.3816
mixed,8,7,0.875,4.0,2048,2048,512,2048,1856,833.411,842.467,833.026,-0.0425
mixed,8,7,0.875,4.0,2048,2048,1024,4096,3712,914.178,951.648,932.609,0.4919
mixed,8,7,0.875,4.0,2048,2048,2048,8192,7424,1237.6,1309.76,1283.43,0.635
mixed,8,7,0.875,4.0,2048,2048,4096,16384,14848,1862.95,1954.6,1897.06,0.3722
mixed,8,7,0.875,4.0,2048,4096,128,512,464,1122.63,1129.67,1125.7,0.4359
mixed,8,7,0.875,4.0,2048,4096,256,1024,928,1156.07,1155.4,1152,
mixed,8,7,0.875,4.0,2048,4096,512,2048,1856,1204.1,1225.92,1215.14,0.5058
mixed,8,7,0.875,4.0,2048,4096,1024,4096,3712,1323.75,1341.57,1329.38,0.3158
mixed,8,7,0.875,4.0,2048,4096,2048,8192,7424,1536.51,1598.11,1574.82,0.6218
mixed,8,7,0.875,4.0,2048,4096,4096,16384,14848,2235.56,2371.46,2321.99,0.636
mixed,8,7,0.875,4.0,2048,8192,128,512,464,1852.99,1858.69,1857.57,0.8028
mixed,8,7,0.875,4.0,2048,8192,256,1024,928,1879.2,1888.64,1878.56,-0.0675
mixed,8,7,0.875,4.0,2048,8192,512,2048,1856,1940.13,1957.63,1939.91,-0.0128
mixed,8,7,0.875,4.0,2048,8192,1024,4096,3712,2067.08,2088.13,2082.66,0.7402
mixed,8,7,0.875,4.0,2048,8192,2048,8192,7424,2290.27,2332.9,2312.39,0.5188
mixed,8,7,0.875,4.0,2048,8192,4096,16384,14848,2736.9,2836.52,2812.14,0.7552
pure,16,1,0.0625,4.0,0,0,128,512,152,49.756,75.295,53.41,0.1431
pure,16,1,0.0625,4.0,0,0,256,1024,304,65.247,111.263,65.887,0.0139
pure,16,1,0.0625,4.0,0,0,512,2048,608,82.688,176.929,92.449,0.1036
pure,16,1,0.0625,4.0,0,0,1024,4096,1216,122.24,327.65,138.079,0.0771
pure,16,1,0.0625,4.0,0,0,2048,8192,2432,199.841,600.034,227.039,0.068
pure,16,1,0.0625,4.0,0,0,4096,16384,4864,380.768,1133.66,446.69,0.0876
mixed,16,1,0.0625,4.0,16,0,128,512,152,51.424,99.168,71.968,0.4303
mixed,16,1,0.0625,4.0,16,0,256,1024,304,68.415,168.609,111.841,0.4334
mixed,16,1,0.0625,4.0,16,0,512,2048,608,103.265,300.864,192.993,0.4541
mixed,16,1,0.0625,4.0,16,0,1024,4096,1216,187.072,566.243,350.306,0.4305
mixed,16,1,0.0625,4.0,16,0,2048,8192,2432,348.321,1116.96,669.219,0.4175
mixed,16,1,0.0625,4.0,16,0,4096,16384,4864,666.978,2207.27,1305.7,0.4147
mixed,16,1,0.0625,4.0,16,512,128,512,152,76.32,100.64,75.967,-0.0145
mixed,16,1,0.0625,4.0,16,512,256,1024,304,84.832,168.032,114.081,0.3516
mixed,16,1,0.0625,4.0,16,512,512,2048,608,104.927,301.6,193.856,0.4522
mixed,16,1,0.0625,4.0,16,512,1024,4096,1216,188.321,566.177,351.617,0.4322
mixed,16,1,0.0625,4.0,16,512,2048,8192,2432,347.842,1112.74,668.865,0.4197
mixed,16,1,0.0625,4.0,16,512,4096,16384,4864,667.232,2206.21,1303.62,0.4135
mixed,16,1,0.0625,4.0,16,1024,128,512,152,108.48,132.351,107.424,-0.0442
mixed,16,1,0.0625,4.0,16,1024,256,1024,304,116.672,169.73,115.808,-0.0163
mixed,16,1,0.0625,4.0,16,1024,512,2048,608,135.231,300.927,195.296,0.3625
mixed,16,1,0.0625,4.0,16,1024,1024,4096,1216,187.394,567.331,353.634,0.4375
mixed,16,1,0.0625,4.0,16,1024,2048,8192,2432,346.978,1111.81,670.274,0.4227
mixed,16,1,0.0625,4.0,16,1024,4096,16384,4864,669.601,2205.41,1306.53,0.4147
mixed,16,1,0.0625,4.0,16,2048,128,512,152,170.336,195.136,169.472,-0.0348
mixed,16,1,0.0625,4.0,16,2048,256,1024,304,179.839,231.555,178.208,-0.0315
mixed,16,1,0.0625,4.0,16,2048,512,2048,608,197.632,302.594,196.384,-0.0119
mixed,16,1,0.0625,4.0,16,2048,1024,4096,1216,240.673,566.144,354.785,0.3506
mixed,16,1,0.0625,4.0,16,2048,2048,8192,2432,348.771,1113.03,669.857,0.4201
mixed,16,1,0.0625,4.0,16,2048,4096,16384,4864,667.49,2207.14,1311.23,0.4181
mixed,16,1,0.0625,4.0,16,4096,128,512,152,293.857,319.264,293.856,-0.0
mixed,16,1,0.0625,4.0,16,4096,256,1024,304,304.126,355.872,302.37,-0.0339
mixed,16,1,0.0625,4.0,16,4096,512,2048,608,321.921,427.136,318.464,-0.0329
mixed,16,1,0.0625,4.0,16,4096,1024,4096,1216,365.568,568.897,356.448,-0.0449
mixed,16,1,0.0625,4.0,16,4096,2048,8192,2432,450.53,1121.8,673.186,0.3317
mixed,16,1,0.0625,4.0,16,4096,4096,16384,4864,669.219,2208.9,1308.74,0.4154
mixed,16,1,0.0625,4.0,16,8192,128,512,152,554.239,564.898,554.531,0.0274
mixed,16,1,0.0625,4.0,16,8192,256,1024,304,554.336,602.688,556.769,0.0503
mixed,16,1,0.0625,4.0,16,8192,512,2048,608,567.871,672.353,567.042,-0.0079
mixed,16,1,0.0625,4.0,16,8192,1024,4096,1216,611.777,815.105,604.225,-0.0371
mixed,16,1,0.0625,4.0,16,8192,2048,8192,2432,694.337,1133.03,674.913,-0.0443
mixed,16,1,0.0625,4.0,16,8192,4096,16384,4864,875.489,2206.6,1312.45,0.3283
mixed,16,1,0.0625,4.0,32,0,128,512,152,51.298,98.784,72.447,0.4454
mixed,16,1,0.0625,4.0,32,0,256,1024,304,68.993,167.745,111.968,0.4352
mixed,16,1,0.0625,4.0,32,0,512,2048,608,102.562,301.12,193.28,0.4569
mixed,16,1,0.0625,4.0,32,0,1024,4096,1216,187.201,565.889,352.321,0.436
mixed,16,1,0.0625,4.0,32,0,2048,8192,2432,347.84,1117.22,669.57,0.4182
mixed,16,1,0.0625,4.0,32,0,4096,16384,4864,668.769,2208.78,1309.16,0.4158
mixed,16,1,0.0625,4.0,32,512,128,512,152,76.991,100.447,76.256,-0.0313
mixed,16,1,0.0625,4.0,32,512,256,1024,304,85.153,168.928,114.592,0.3514
mixed,16,1,0.0625,4.0,32,512,512,2048,608,104.448,302.529,194.496,0.4546
mixed,16,1,0.0625,4.0,32,512,1024,4096,1216,186.944,566.241,353.697,0.4396
mixed,16,1,0.0625,4.0,32,512,2048,8192,2432,347.233,1111.72,668.227,0.4199
mixed,16,1,0.0625,4.0,32,512,4096,16384,4864,669.057,2205.77,1307.04,0.4152
mixed,16,1,0.0625,4.0,32,1024,128,512,152,109.567,133.44,107.552,-0.0844
mixed,16,1,0.0625,4.0,32,1024,256,1024,304,117.216,169.825,116.319,-0.0171
mixed,16,1,0.0625,4.0,32,1024,512,2048,608,134.752,302.24,193.6,0.3514
mixed,16,1,0.0625,4.0,32,1024,1024,4096,1216,187.424,568.192,352.707,0.4341
mixed,16,1,0.0625,4.0,32,1024,2048,8192,2432,347.362,1113.22,670.115,0.4214
mixed,16,1,0.0625,4.0,32,1024,4096,16384,4864,670.849,2204.23,1305.92,0.4142
mixed,16,1,0.0625,4.0,32,2048,128,512,152,171.041,196.032,170.209,-0.0333
mixed,16,1,0.0625,4.0,32,2048,256,1024,304,180.385,231.84,178.337,-0.0398
mixed,16,1,0.0625,4.0,32,2048,512,2048,608,197.6,302.111,196.227,-0.0131
mixed,16,1,0.0625,4.0,32,2048,1024,4096,1216,241.12,566.72,353.152,0.3441
mixed,16,1,0.0625,4.0,32,2048,2048,8192,2432,348.483,1112.71,671.232,0.4223
mixed,16,1,0.0625,4.0,32,2048,4096,16384,4864,668.609,2208.39,1308.64,0.4157
mixed,16,1,0.0625,4.0,32,4096,128,512,152,294.624,320.001,295.136,0.0202
mixed,16,1,0.0625,4.0,32,4096,256,1024,304,303.553,355.969,302.785,-0.0147
mixed,16,1,0.0625,4.0,32,4096,512,2048,608,321.377,426.753,321.282,-0.0009
mixed,16,1,0.0625,4.0,32,4096,1024,4096,1216,366.016,569.697,357.056,-0.044
mixed,16,1,0.0625,4.0,32,4096,2048,8192,2432,448.994,1117.83,672.385,0.334
mixed,16,1,0.0625,4.0,32,4096,4096,16384,4864,671.874,2207.63,1310.34,0.4157
mixed,16,1,0.0625,4.0,32,8192,128,512,152,556.929,566.115,555.743,-0.1291
mixed,16,1,0.0625,4.0,32,8192,256,1024,304,553.792,603.938,557.376,0.0715
mixed,16,1,0.0625,4.0,32,8192,512,2048,608,569.121,672.802,568.93,-0.0018
mixed,16,1,0.0625,4.0,32,8192,1024,4096,1216,612.194,816.323,601.218,-0.0538
mixed,16,1,0.0625,4.0,32,8192,2048,8192,2432,695.713,1134.37,674.976,-0.0473
mixed,16,1,0.0625,4.0,32,8192,4096,16384,4864,877.601,2213.22,1314.02,0.3268
mixed,16,1,0.0625,4.0,64,0,128,512,152,51.391,99.519,71.968,0.4275
mixed,16,1,0.0625,4.0,64,0,256,1024,304,68.897,168.575,113.025,0.4427
mixed,16,1,0.0625,4.0,64,0,512,2048,608,103.807,301.954,192,0.4451
mixed,16,1,0.0625,4.0,64,0,1024,4096,1216,187.2,565.952,352.673,0.4369
mixed,16,1,0.0625,4.0,64,0,2048,8192,2432,346.624,1118.66,672.291,0.4218
mixed,16,1,0.0625,4.0,64,0,4096,16384,4864,668.739,2207.88,1302.76,0.4119
mixed,16,1,0.0625,4.0,64,512,128,512,152,78.112,102.048,77.792,-0.0134
mixed,16,1,0.0625,4.0,64,512,256,1024,304,85.824,168.096,114.72,0.3512
mixed,16,1,0.0625,4.0,64,512,512,2048,608,105.601,302.016,193.696,0.4485
mixed,16,1,0.0625,4.0,64,512,1024,4096,1216,187.743,565.731,351.649,0.4336
mixed,16,1,0.0625,4.0,64,512,2048,8192,2432,347.327,1111.2,672.448,0.4256
mixed,16,1,0.0625,4.0,64,512,4096,16384,4864,671.491,2206.44,1307.17,0.4141
mixed,16,1,0.0625,4.0,64,1024,128,512,152,109.408,134.146,108.993,-0.0168
mixed,16,1,0.0625,4.0,64,1024,256,1024,304,118.72,170.464,117.759,-0.0186
mixed,16,1,0.0625,4.0,64,1024,512,2048,608,136.736,301.153,194.432,0.3509
mixed,16,1,0.0625,4.0,64,1024,1024,4096,1216,187.52,568.29,354.208,0.4378
mixed,16,1,0.0625,4.0,64,1024,2048,8192,2432,347.745,1115.2,668.288,0.4177
mixed,16,1,0.0625,4.0,64,1024,4096,16384,4864,671.683,2210.18,1309.76,0.4147
mixed,16,1,0.0625,4.0,64,2048,128,512,152,173.217,197.088,170.527,-0.1127
mixed,16,1,0.0625,4.0,64,2048,256,1024,304,180.127,232.992,179.713,-0.0078
mixed,16,1,0.0625,4.0,64,2048,512,2048,608,198.848,303.073,197.856,-0.0095
mixed,16,1,0.0625,4.0,64,2048,1024,4096,1216,243.744,570.72,353.759,0.3365
mixed,16,1,0.0625,4.0,64,2048,2048,8192,2432,348.065,1112.29,672.513,0.4245
mixed,16,1,0.0625,4.0,64,2048,4096,16384,4864,668.29,2207.85,1310.56,0.4172
mixed,16,1,0.0625,4.0,64,4096,128,512,152,294.881,320.704,294.048,-0.0323
mixed,16,1,0.0625,4.0,64,4096,256,1024,304,304.225,356.064,304.448,0.0043
mixed,16,1,0.0625,4.0,64,4096,512,2048,608,323.039,427.17,321.408,-0.0157
mixed,16,1,0.0625,4.0,64,4096,1024,4096,1216,367.263,571.201,356.96,-0.0505
mixed,16,1,0.0625,4.0,64,4096,2048,8192,2432,449.346,1121.47,672.258,0.3317
mixed,16,1,0.0625,4.0,64,4096,4096,16384,4864,672.992,2205.86,1309.44,0.4152
mixed,16,1,0.0625,4.0,64,8192,128,512,152,556.513,567.202,558.37,0.1737
mixed,16,1,0.0625,4.0,64,8192,256,1024,304,555.617,603.298,557.855,0.0469
mixed,16,1,0.0625,4.0,64,8192,512,2048,608,568.899,673.857,568.96,0.0006
mixed,16,1,0.0625,4.0,64,8192,1024,4096,1216,613.185,820.45,605.121,-0.0389
mixed,16,1,0.0625,4.0,64,8192,2048,8192,2432,697.538,1137.57,674.562,-0.0522
mixed,16,1,0.0625,4.0,64,8192,4096,16384,4864,874.369,2209.26,1315.59,0.3305
mixed,16,1,0.0625,4.0,128,0,128,512,152,52.48,100.672,73.312,0.4323
mixed,16,1,0.0625,4.0,128,0,256,1024,304,69.663,168.928,114.497,0.4517
mixed,16,1,0.0625,4.0,128,0,512,2048,608,104.353,300.513,193.6,0.455
mixed,16,1,0.0625,4.0,128,0,1024,4096,1216,188.736,566.783,353.185,0.435
mixed,16,1,0.0625,4.0,128,0,2048,8192,2432,348.193,1116.1,672.547,0.4224
mixed,16,1,0.0625,4.0,128,0,4096,16384,4864,670.786,2212.46,1307.33,0.4129
mixed,16,1,0.0625,4.0,128,512,128,512,152,79.776,103.967,79.456,-0.0132
mixed,16,1,0.0625,4.0,128,512,256,1024,304,89.281,169.313,116.672,0.3423
mixed,16,1,0.0625,4.0,128,512,512,2048,608,106.113,301.985,196.096,0.4594
mixed,16,1,0.0625,4.0,128,512,1024,4096,1216,188.993,568.257,352.385,0.4308
mixed,16,1,0.0625,4.0,128,512,2048,8192,2432,348.577,1110.5,669.154,0.4207
mixed,16,1,0.0625,4.0,128,512,4096,16384,4864,670.113,2210.18,1309.06,0.4149
mixed,16,1,0.0625,4.0,128,1024,128,512,152,111.265,136.833,110.048,-0.0476
mixed,16,1,0.0625,4.0,128,1024,256,1024,304,120.61,172.32,119.297,-0.0254
mixed,16,1,0.0625,4.0,128,1024,512,2048,608,138.945,302.272,196.449,0.3521
mixed,16,1,0.0625,4.0,128,1024,1024,4096,1216,189.666,569.441,354.753,0.4347
mixed,16,1,0.0625,4.0,128,1024,2048,8192,2432,349.568,1111.07,669.954,0.4207
mixed,16,1,0.0625,4.0,128,1024,4096,16384,4864,670.851,2212.84,1306.5,0.4122
mixed,16,1,0.0625,4.0,128,2048,128,512,152,173.12,199.584,173.76,0.0242
mixed,16,1,0.0625,4.0,128,2048,256,1024,304,183.777,234.946,181.857,-0.0375
mixed,16,1,0.0625,4.0,128,2048,512,2048,608,201.855,306.336,199.775,-0.0199
mixed,16,1,0.0625,4.0,128,2048,1024,4096,1216,244.159,571.52,355.905,0.3414
mixed,16,1,0.0625,4.0,128,2048,2048,8192,2432,349.281,1109.12,676.771,0.431
mixed,16,1,0.0625,4.0,128,2048,4096,16384,4864,671.361,2206.76,1311.17,0.4167
mixed,16,1,0.0625,4.0,128,4096,128,512,152,300.064,324.448,300.16,0.0039
mixed,16,1,0.0625,4.0,128,4096,256,1024,304,312.448,359.841,308.579,-0.0816
mixed,16,1,0.0625,4.0,128,4096,512,2048,608,341.057,450.304,338.753,-0.0211
mixed,16,1,0.0625,4.0,128,4096,1024,4096,1216,386.495,597.089,376.448,-0.0477
mixed,16,1,0.0625,4.0,128,4096,2048,8192,2432,469.601,1151.46,702.689,0.3418
mixed,16,1,0.0625,4.0,128,4096,4096,16384,4864,700.034,2305.45,1368.8,0.4166
mixed,16,1,0.0625,4.0,128,8192,128,512,152,576.866,599.201,577.666,0.0358
mixed,16,1,0.0625,4.0,128,8192,256,1024,304,581.952,632.033,584.928,0.0594
mixed,16,1,0.0625,4.0,128,8192,512,2048,608,602.431,708.355,596.033,-0.0604
mixed,16,1,0.0625,4.0,128,8192,1024,4096,1216,647.585,858.848,634.049,-0.0641
mixed,16,1,0.0625,4.0,128,8192,2048,8192,2432,729.568,1181.8,704.322,-0.0558
mixed,16,1,0.0625,4.0,128,8192,4096,16384,4864,916.452,2292.71,1373.86,0.3324
mixed,16,1,0.0625,4.0,256,0,128,512,152,60.961,109.952,83.68,0.4637
mixed,16,1,0.0625,4.0,256,0,256,1024,304,76.991,179.649,124.928,0.467
mixed,16,1,0.0625,4.0,256,0,512,2048,608,113.985,316.64,206.208,0.4551
mixed,16,1,0.0625,4.0,256,0,1024,4096,1216,199.361,567.01,372.641,0.4713
mixed,16,1,0.0625,4.0,256,0,2048,8192,2432,367.937,1155.43,694.433,0.4146
mixed,16,1,0.0625,4.0,256,0,4096,16384,4864,698.147,2287.24,1361.38,0.4174
mixed,16,1,0.0625,4.0,256,512,128,512,152,98.336,122.144,97.408,-0.039
mixed,16,1,0.0625,4.0,256,512,256,1024,304,107.968,181.249,129.855,0.2987
mixed,16,1,0.0625,4.0,256,512,512,2048,608,124.448,318.655,212.065,0.4512
mixed,16,1,0.0625,4.0,256,512,1024,4096,1216,196.993,592.417,371.007,0.4401
mixed,16,1,0.0625,4.0,256,512,2048,8192,2432,369.313,1153.15,686.786,0.405
mixed,16,1,0.0625,4.0,256,512,4096,16384,4864,686.882,2203.97,1313.12,0.4128
mixed,16,1,0.0625,4.0,256,1024,128,512,152,126.08,152.064,126.785,0.0271
mixed,16,1,0.0625,4.0,256,1024,256,1024,304,136.319,186.24,136.448,0.0026
mixed,16,1,0.0625,4.0,256,1024,512,2048,608,154.273,307.521,205.249,0.3326
mixed,16,1,0.0625,4.0,256,1024,1024,4096,1216,195.138,568.642,362.366,0.4477
mixed,16,1,0.0625,4.0,256,1024,2048,8192,2432,353.44,1110.47,676.771,0.4271
mixed,16,1,0.0625,4.0,256,1024,4096,16384,4864,671.01,2210.73,1310.79,0.4155
mixed,16,1,0.0625,4.0,256,2048,128,512,152,189.376,215.68,189.311,-0.0025
mixed,16,1,0.0625,4.0,256,2048,256,1024,304,197.825,251.904,200.321,0.0462
mixed,16,1,0.0625,4.0,256,2048,512,2048,608,218.977,318.465,218.176,-0.0081
mixed,16,1,0.0625,4.0,256,2048,1024,4096,1216,260.833,570.978,365.697,0.3381
mixed,16,1,0.0625,4.0,256,2048,2048,8192,2432,354.24,1108.71,679.234,0.4308
mixed,16,1,0.0625,4.0,256,2048,4096,16384,4864,673.889,2204.23,1314.4,0.4185
mixed,16,1,0.0625,4.0,256,4096,128,512,152,314.945,341.857,316.066,0.0417
mixed,16,1,0.0625,4.0,256,4096,256,1024,304,324.512,377.503,327.616,0.0586
mixed,16,1,0.0625,4.0,256,4096,512,2048,608,345.856,446.591,343.232,-0.026
mixed,16,1,0.0625,4.0,256,4096,1024,4096,1216,386.657,586.048,379.36,-0.0366
mixed,16,1,0.0625,4.0,256,4096,2048,8192,2432,470.881,1104.55,681.729,0.3327
mixed,16,1,0.0625,4.0,256,4096,4096,16384,4864,676.258,2224.04,1316.55,0.4137
mixed,16,1,0.0625,4.0,256,8192,128,512,152,567.265,588.29,564.963,-0.1095
mixed,16,1,0.0625,4.0,256,8192,256,1024,304,574.784,629.568,575.971,0.0217
mixed,16,1,0.0625,4.0,256,8192,512,2048,608,594.655,699.233,592.96,-0.0162
mixed,16,1,0.0625,4.0,256,8192,1024,4096,1216,637.985,834.852,626.817,-0.0567
mixed,16,1,0.0625,4.0,256,8192,2048,8192,2432,722.211,1139.46,697.794,-0.0585
mixed,16,1,0.0625,4.0,256,8192,4096,16384,4864,892.93,2226.41,1323.39,0.3228
mixed,16,1,0.0625,4.0,512,0,128,512,152,96.289,128.479,102.432,0.1908
mixed,16,1,0.0625,4.0,512,0,256,1024,304,103.106,189.984,142.623,0.4549
mixed,16,1,0.0625,4.0,512,0,512,2048,608,130.655,318.208,218.207,0.4668
mixed,16,1,0.0625,4.0,512,0,1024,4096,1216,208.417,578.147,370.657,0.4388
mixed,16,1,0.0625,4.0,512,0,2048,8192,2432,365.186,1115.17,688.641,0.4313
mixed,16,1,0.0625,4.0,512,0,4096,16384,4864,680.002,2214.34,1313.83,0.4131
mixed,16,1,0.0625,4.0,512,512,128,512,152,142.112,166.048,142.751,0.0267
mixed,16,1,0.0625,4.0,512,512,256,1024,304,154.336,220.063,160.673,0.0964
mixed,16,1,0.0625,4.0,512,512,512,2048,608,165.024,322.528,245.023,0.5079
mixed,16,1,0.0625,4.0,512,512,1024,4096,1216,231.008,579.87,386.209,0.4449
mixed,16,1,0.0625,4.0,512,512,2048,8192,2432,370.081,1111.3,685.44,0.4255
mixed,16,1,0.0625,4.0,512,512,4096,16384,4864,680.802,2214.72,1320.77,0.4172
mixed,16,1,0.0625,4.0,512,1024,128,512,152,177.918,218.592,180.735,0.0693
mixed,16,1,0.0625,4.0,512,1024,256,1024,304,195.618,256.162,198.913,0.0544
mixed,16,1,0.0625,4.0,512,1024,512,2048,608,218.751,349.248,257.247,0.295
mixed,16,1,0.0625,4.0,512,1024,1024,4096,1216,279.007,580.899,435.586,0.5187
mixed,16,1,0.0625,4.0,512,1024,2048,8192,2432,382.625,1111.39,699.967,0.4355
mixed,16,1,0.0625,4.0,512,1024,4096,16384,4864,679.906,2211.78,1320.23,0.418
mixed,16,1,0.0625,4.0,512,2048,128,512,152,242.304,289.119,245.632,0.0711
mixed,16,1,0.0625,4.0,512,2048,256,1024,304,259.264,348.544,263.809,0.0509
mixed,16,1,0.0625,4.0,512,2048,512,2048,608,294.978,450.431,299.361,0.0282
mixed,16,1,0.0625,4.0,512,2048,1024,4096,1216,357.313,604.48,447.744,0.3659
mixed,16,1,0.0625,4.0,512,2048,2048,8192,2432,493.826,1111.46,808.354,0.5092
mixed,16,1,0.0625,4.0,512,2048,4096,16384,4864,681.794,2213.83,1323.17,0.4186
mixed,16,1,0.0625,4.0,512,4096,128,512,152,367.425,416.449,371.071,0.0744
mixed,16,1,0.0625,4.0,512,4096,256,1024,304,387.777,483.777,395.614,0.0816
mixed,16,1,0.0625,4.0,512,4096,512,2048,608,419.199,605.439,426.113,0.0371
mixed,16,1,0.0625,4.0,512,4096,1024,4096,1216,501.377,831.202,493.889,-0.0227
mixed,16,1,0.0625,4.0,512,4096,2048,8192,2432,601.891,1118.85,828.64,0.4386
mixed,16,1,0.0625,4.0,512,4096,4096,16384,4864,891.555,2226.92,1561.35,0.5016
mixed,16,1,0.0625,4.0,512,8192,128,512,152,622.271,668.803,622.083,-0.004
mixed,16,1,0.0625,4.0,512,8192,256,1024,304,636.929,738.659,641.666,0.0466
mixed,16,1,0.0625,4.0,512,8192,512,2048,608,669.246,861.058,676.481,0.0377
mixed,16,1,0.0625,4.0,512,8192,1024,4096,1216,752.483,1116.9,737.921,-0.04
mixed,16,1,0.0625,4.0,512,8192,2048,8192,2432,908.966,1600.99,870.819,-0.0551
mixed,16,1,0.0625,4.0,512,8192,4096,16384,4864,1097.54,2212.2,1585.58,0.4378
mixed,16,1,0.0625,4.0,1024,0,128,512,152,176.16,205.248,177.503,0.0462
mixed,16,1,0.0625,4.0,1024,0,256,1024,304,187.711,257.696,195.008,0.1043
mixed,16,1,0.0625,4.0,1024,0,512,2048,608,206.785,378.305,276.193,0.4047
mixed,16,1,0.0625,4.0,1024,0,1024,4096,1216,274.561,627.167,436.098,0.4581
mixed,16,1,0.0625,4.0,1024,0,2048,8192,2432,423.808,1152.29,735.522,0.4279
mixed,16,1,0.0625,4.0,1024,0,4096,16384,4864,727.489,2235.36,1355.75,0.4167
mixed,16,1,0.0625,4.0,1024,512,128,512,152,235.552,272.896,238.529,0.0797
mixed,16,1,0.0625,4.0,1024,512,256,1024,304,251.362,306.112,251.456,0.0017
mixed,16,1,0.0625,4.0,1024,512,512,2048,608,271.519,426.689,314.142,0.2747
mixed,16,1,0.0625,4.0,1024,512,1024,4096,1216,316.895,669.377,471.332,0.4381
mixed,16,1,0.0625,4.0,1024,512,2048,8192,2432,469.791,1183.14,784.515,0.4412
mixed,16,1,0.0625,4.0,1024,512,4096,16384,4864,764.002,2234.86,1397.19,0.4305
mixed,16,1,0.0625,4.0,1024,1024,128,512,152,300.128,330.466,298.944,-0.039
mixed,16,1,0.0625,4.0,1024,1024,256,1024,304,308.577,368.031,313.857,0.0888
mixed,16,1,0.0625,4.0,1024,1024,512,2048,608,331.233,461.41,346.114,0.1143
mixed,16,1,0.0625,4.0,1024,1024,1024,4096,1216,379.297,708.641,511.041,0.4
mixed,16,1,0.0625,4.0,1024,1024,2048,8192,2432,516.321,1217.54,824.579,0.4396
mixed,16,1,0.0625,4.0,1024,1024,4096,16384,4864,806.783,2252.14,1436.61,0.4358
mixed,16,1,0.0625,4.0,1024,2048,128,512,152,419.424,445.345,419.073,-0.0135
mixed,16,1,0.0625,4.0,1024,2048,256,1024,304,428,489.379,428.225,0.0037
mixed,16,1,0.0625,4.0,1024,2048,512,2048,608,449.185,562.177,453.505,0.0382
mixed,16,1,0.0625,4.0,1024,2048,1024,4096,1216,508.001,793.506,568.993,0.2136
mixed,16,1,0.0625,4.0,1024,2048,2048,8192,2432,582.338,1298.18,886.178,0.4245
mixed,16,1,0.0625,4.0,1024,2048,4096,16384,4864,883.012,2319.82,1522.44,0.445
mixed,16,1,0.0625,4.0,1024,4096,128,512,152,664.609,682.242,663.489,-0.0635
mixed,16,1,0.0625,4.0,1024,4096,256,1024,304,670.335,719.841,670.882,0.011
mixed,16,1,0.0625,4.0,1024,4096,512,2048,608,684.035,807.426,697.602,0.11
mixed,16,1,0.0625,4.0,1024,4096,1024,4096,1216,730.977,936.45,729.731,-0.0061
mixed,16,1,0.0625,4.0,1024,4096,2048,8192,2432,835.586,1443.43,1019.33,0.3023
mixed,16,1,0.0625,4.0,1024,4096,4096,16384,4864,1005.51,2690.92,1639.27,0.376
mixed,16,1,0.0625,4.0,1024,8192,128,512,152,1152.48,1171.78,1153.8,0.068
mixed,16,1,0.0625,4.0,1024,8192,256,1024,304,1158.02,1206.92,1157.67,-0.0072
mixed,16,1,0.0625,4.0,1024,8192,512,2048,608,1172.55,1276.04,1175.49,0.0284
mixed,16,1,0.0625,4.0,1024,8192,1024,4096,1216,1216.26,1439.2,1207.56,-0.039
mixed,16,1,0.0625,4.0,1024,8192,2048,8192,2432,1309.41,1720.16,1295.14,-0.0347
mixed,16,1,0.0625,4.0,1024,8192,4096,16384,4864,1477.47,2795.62,1899.75,0.3204
mixed,16,1,0.0625,4.0,2048,0,128,512,152,392.032,427.137,395.36,0.0948
mixed,16,1,0.0625,4.0,2048,0,256,1024,304,408.383,466.401,409.472,0.0188
mixed,16,1,0.0625,4.0,2048,0,512,2048,608,428.417,566.401,439.041,0.077
mixed,16,1,0.0625,4.0,2048,0,1024,4096,1216,474.336,824.097,605.441,0.3748
mixed,16,1,0.0625,4.0,2048,0,2048,8192,2432,614.21,1321.8,922.243,0.4353
mixed,16,1,0.0625,4.0,2048,0,4096,16384,4864,913.825,2353.87,1545.73,0.4388
mixed,16,1,0.0625,4.0,2048,512,128,512,152,493.731,525.376,497.057,0.1051
mixed,16,1,0.0625,4.0,2048,512,256,1024,304,509.217,566.691,510.335,0.0195
mixed,16,1,0.0625,4.0,2048,512,512,2048,608,530.304,646.466,536.194,0.0507
mixed,16,1,0.0625,4.0,2048,512,1024,4096,1216,580.128,904.673,677.601,0.3003
mixed,16,1,0.0625,4.0,2048,512,2048,8192,2432,697.186,1402.27,1002.34,0.4328
mixed,16,1,0.0625,4.0,2048,512,4096,16384,4864,1009.6,2397.38,1628.42,0.4459
mixed,16,1,0.0625,4.0,2048,1024,128,512,152,593.794,627.328,592.894,-0.0268
mixed,16,1,0.0625,4.0,2048,1024,256,1024,304,603.234,672.127,609.793,0.0952
mixed,16,1,0.0625,4.0,2048,1024,512,2048,608,626.24,742.787,633.473,0.0621
mixed,16,1,0.0625,4.0,2048,1024,1024,4096,1216,683.2,992.29,752.385,0.2238
mixed,16,1,0.0625,4.0,2048,1024,2048,8192,2432,771.172,1496.29,1080.96,0.4272
mixed,16,1,0.0625,4.0,2048,1024,4096,16384,4864,1081.99,2454.09,1716.23,0.4622
mixed,16,1,0.0625,4.0,2048,2048,128,512,152,783.939,817.889,784.771,0.0245
mixed,16,1,0.0625,4.0,2048,2048,256,1024,304,792.545,867.171,795.713,0.0425
mixed,16,1,0.0625,4.0,2048,2048,512,2048,608,819.329,947.969,822.914,0.0279
mixed,16,1,0.0625,4.0,2048,2048,1024,4096,1216,876.961,1143.17,896.161,0.0721
mixed,16,1,0.0625,4.0,2048,2048,2048,8192,2432,972.803,1670.18,1234.08,0.3747
mixed,16,1,0.0625,4.0,2048,2048,4096,16384,4864,1250.05,2620.3,1872.84,0.4545
mixed,16,1,0.0625,4.0,2048,4096,128,512,152,1145.99,1187.3,1149.19,0.0775
mixed,16,1,0.0625,4.0,2048,4096,256,1024,304,1159.71,1246.37,1164.48,0.055
mixed,16,1,0.0625,4.0,2048,4096,512,2048,608,1188.87,1365.22,1197.09,0.0466
mixed,16,1,0.0625,4.0,2048,4096,1024,4096,1216,1266.82,1517.92,1275.97,0.0364
mixed,16,1,0.0625,4.0,2048,4096,2048,8192,2432,1387.23,2009.32,1528.99,0.2279
mixed,16,1,0.0625,4.0,2048,4096,4096,16384,4864,1586.92,3097.1,2212.2,0.414
mixed,16,1,0.0625,4.0,2048,8192,128,512,152,1881.67,1913.09,1879.52,-0.0684
mixed,16,1,0.0625,4.0,2048,8192,256,1024,304,1898.08,1973.54,1889.8,-0.1098
mixed,16,1,0.0625,4.0,2048,8192,512,2048,608,1918.18,2098.85,1926.69,0.0471
mixed,16,1,0.0625,4.0,2048,8192,1024,4096,1216,1996.38,2349.03,1999.01,0.0074
mixed,16,1,0.0625,4.0,2048,8192,2048,8192,2432,2156.87,2735.18,2146.12,-0.0186
mixed,16,1,0.0625,4.0,2048,8192,4096,16384,4864,2383.69,3862.95,2760.81,0.2549
pure,16,2,0.125,4.0,0,0,128,512,176,50.369,74.688,53.634,0.1343
pure,16,2,0.125,4.0,0,0,256,1024,352,65.505,109.824,65.888,0.0086
pure,16,2,0.125,4.0,0,0,512,2048,704,95.971,175.073,93.311,-0.0336
pure,16,2,0.125,4.0,0,0,1024,4096,1408,135.776,327.358,144.512,0.0456
pure,16,2,0.125,4.0,0,0,2048,8192,2816,225.666,596.096,239.427,0.0371
pure,16,2,0.125,4.0,0,0,4096,16384,5632,435.105,1136.84,471.073,0.0513
mixed,16,2,0.125,4.0,16,0,128,512,176,52.095,98.816,72.415,0.4349
mixed,16,2,0.125,4.0,16,0,256,1024,352,69.825,167.168,112.512,0.4385
mixed,16,2,0.125,4.0,16,0,512,2048,704,118.176,299.746,192.418,0.4089
mixed,16,2,0.125,4.0,16,0,1024,4096,1408,215.01,563.65,353.857,0.3983
mixed,16,2,0.125,4.0,16,0,2048,8192,2816,395.232,1113.63,670.563,0.3833
mixed,16,2,0.125,4.0,16,0,4096,16384,5632,767.651,2201.25,1305.57,0.3752
mixed,16,2,0.125,4.0,16,512,128,512,176,77.281,100.703,76.896,-0.0164
mixed,16,2,0.125,4.0,16,512,256,1024,352,86.562,168.8,116.704,0.3665
mixed,16,2,0.125,4.0,16,512,512,2048,704,119.039,300.801,194.368,0.4144
mixed,16,2,0.125,4.0,16,512,1024,4096,1408,216.417,564.898,353.345,0.3929
mixed,16,2,0.125,4.0,16,512,2048,8192,2816,398.177,1111.08,670.146,0.3815
mixed,16,2,0.125,4.0,16,512,4096,16384,5632,771.298,2205.99,1305.48,0.3723
mixed,16,2,0.125,4.0,16,1024,128,512,176,109.216,133.376,108.063,-0.0477
mixed,16,2,0.125,4.0,16,1024,256,1024,352,117.6,169.407,116.577,-0.0197
mixed,16,2,0.125,4.0,16,1024,512,2048,704,142.113,300.737,196.641,0.3438
mixed,16,2,0.125,4.0,16,1024,1024,4096,1408,216.928,568.065,354.306,0.3912
mixed,16,2,0.125,4.0,16,1024,2048,8192,2816,397.57,1112.67,669.795,0.3807
mixed,16,2,0.125,4.0,16,1024,4096,16384,5632,769.441,2203.88,1309.25,0.3763
mixed,16,2,0.125,4.0,16,2048,128,512,176,171.298,195.041,170.111,-0.05
mixed,16,2,0.125,4.0,16,2048,256,1024,352,180.225,232.417,178.816,-0.027
mixed,16,2,0.125,4.0,16,2048,512,2048,704,205.217,302.816,197.152,-0.0826
mixed,16,2,0.125,4.0,16,2048,1024,4096,1408,257.857,566.913,356.032,0.3177
mixed,16,2,0.125,4.0,16,2048,2048,8192,2816,397.919,1111.9,671.585,0.3833
mixed,16,2,0.125,4.0,16,2048,4096,16384,5632,770.148,2209.41,1312.38,0.3767
mixed,16,2,0.125,4.0,16,4096,128,512,176,295.65,317.919,294.465,-0.0532
mixed,16,2,0.125,4.0,16,4096,256,1024,352,303.168,356.802,302.817,-0.0065
mixed,16,2,0.125,4.0,16,4096,512,2048,704,328.992,426.274,319.329,-0.0993
mixed,16,2,0.125,4.0,16,4096,1024,4096,1408,381.217,568.992,355.84,-0.1351
mixed,16,2,0.125,4.0,16,4096,2048,8192,2816,475.522,1123.49,671.553,0.3025
mixed,16,2,0.125,4.0,16,4096,4096,16384,5632,772.032,2207.24,1316.23,0.3792
mixed,16,2,0.125,4.0,16,8192,128,512,176,552.481,565.792,554.368,0.1418
mixed,16,2,0.125,4.0,16,8192,256,1024,352,555.651,601.889,557.378,0.0374
mixed,16,2,0.125,4.0,16,8192,512,2048,704,578.851,672.834,568.544,-0.1097
mixed,16,2,0.125,4.0,16,8192,1024,4096,1408,627.747,816.128,602.307,-0.135
mixed,16,2,0.125,4.0,16,8192,2048,8192,2816,724.226,1133.57,672.674,-0.1259
mixed,16,2,0.125,4.0,16,8192,4096,16384,5632,936.29,2209.16,1314.75,0.2973
mixed,16,2,0.125,4.0,32,0,128,512,176,52.607,99.041,73.567,0.4514
mixed,16,2,0.125,4.0,32,0,256,1024,352,70.849,167.969,113.089,0.4349
mixed,16,2,0.125,4.0,32,0,512,2048,704,118.112,300.8,193.984,0.4153
mixed,16,2,0.125,4.0,32,0,1024,4096,1408,215.585,564.93,351.681,0.3896
mixed,16,2,0.125,4.0,32,0,2048,8192,2816,397.729,1116,669.986,0.379
mixed,16,2,0.125,4.0,32,0,4096,16384,5632,772.355,2205.86,1309.06,0.3744
mixed,16,2,0.125,4.0,32,512,128,512,176,77.728,101.248,76.672,-0.0449
mixed,16,2,0.125,4.0,32,512,256,1024,352,86.592,168.96,116.032,0.3574
mixed,16,2,0.125,4.0,32,512,512,2048,704,118.048,301.825,194.848,0.4179
mixed,16,2,0.125,4.0,32,512,1024,4096,1408,216.32,567.873,352.864,0.3884
mixed,16,2,0.125,4.0,32,512,2048,8192,2816,397.954,1113.12,671.777,0.3829
mixed,16,2,0.125,4.0,32,512,4096,16384,5632,771.427,2206.31,1308.03,0.374
mixed,16,2,0.125,4.0,32,1024,128,512,176,108.928,132.447,109.056,0.0054
mixed,16,2,0.125,4.0,32,1024,256,1024,352,118.784,169.729,117.183,-0.0314
mixed,16,2,0.125,4.0,32,1024,512,2048,704,142.465,302.273,195.744,0.3334
mixed,16,2,0.125,4.0,32,1024,1024,4096,1408,216.16,568.416,356.098,0.3973
mixed,16,2,0.125,4.0,32,1024,2048,8192,2816,396.703,1112.26,671.138,0.3835
mixed,16,2,0.125,4.0,32,1024,4096,16384,5632,774.945,2207.62,1311.3,0.3744
mixed,16,2,0.125,4.0,32,2048,128,512,176,171.104,196.929,171.168,0.0025
mixed,16,2,0.125,4.0,32,2048,256,1024,352,181.536,231.233,179.361,-0.0438
mixed,16,2,0.125,4.0,32,2048,512,2048,704,204.863,303.906,196.064,-0.0888
mixed,16,2,0.125,4.0,32,2048,1024,4096,1408,256.48,568.321,356.384,0.3204
mixed,16,2,0.125,4.0,32,2048,2048,8192,2816,398.241,1113.22,671.874,0.3827
mixed,16,2,0.125,4.0,32,2048,4096,16384,5632,772.609,2207.88,1312.52,0.3762
mixed,16,2,0.125,4.0,32,4096,128,512,176,295.072,318.143,294.816,-0.0111
mixed,16,2,0.125,4.0,32,4096,256,1024,352,305.217,356.063,302.849,-0.0466
mixed,16,2,0.125,4.0,32,4096,512,2048,704,328.225,426.945,320.738,-0.0758
mixed,16,2,0.125,4.0,32,4096,1024,4096,1408,381.151,570.371,358.242,-0.1211
mixed,16,2,0.125,4.0,32,4096,2048,8192,2816,477.89,1120.51,678.401,0.312
mixed,16,2,0.125,4.0,32,4096,4096,16384,5632,782.274,2206.86,1311.56,0.3715
mixed,16,2,0.125,4.0,32,8192,128,512,176,554.497,567.871,555.104,0.0454
mixed,16,2,0.125,4.0,32,8192,256,1024,352,554.912,603.746,556.768,0.038
mixed,16,2,0.125,4.0,32,8192,512,2048,704,576.387,672.416,568.16,-0.0857
mixed,16,2,0.125,4.0,32,8192,1024,4096,1408,627.362,819.137,602.531,-0.1295
mixed,16,2,0.125,4.0,32,8192,2048,8192,2816,724.194,1133.6,674.722,-0.1208
mixed,16,2,0.125,4.0,32,8192,4096,16384,5632,941.763,2207.68,1315.17,0.295
mixed,16,2,0.125,4.0,64,0,128,512,176,52.736,99.583,73.152,0.4358
mixed,16,2,0.125,4.0,64,0,256,1024,352,70.495,168.032,113.376,0.4396
mixed,16,2,0.125,4.0,64,0,512,2048,704,118.656,300.896,193.153,0.4088
mixed,16,2,0.125,4.0,64,0,1024,4096,1408,217.184,566.241,352.963,0.389
mixed,16,2,0.125,4.0,64,0,2048,8192,2816,396.418,1113.8,670.529,0.3821
mixed,16,2,0.125,4.0,64,0,4096,16384,5632,773.283,2206.02,1307.43,0.3728
mixed,16,2,0.125,4.0,64,512,128,512,176,78.304,101.728,77.76,-0.0232
mixed,16,2,0.125,4.0,64,512,256,1024,352,87.296,168.896,116.48,0.3576
mixed,16,2,0.125,4.0,64,512,512,2048,704,118.625,301.091,195.648,0.4221
mixed,16,2,0.125,4.0,64,512,1024,4096,1408,216.351,567.907,353.632,0.3905
mixed,16,2,0.125,4.0,64,512,2048,8192,2816,398.145,1111.52,671.425,0.3831
mixed,16,2,0.125,4.0,64,512,4096,16384,5632,773.123,2206.02,1315.75,0.3787
mixed,16,2,0.125,4.0,64,1024,128,512,176,110.399,134.655,109.088,-0.054
mixed,16,2,0.125,4.0,64,1024,256,1024,352,119.808,170.078,118.176,-0.0325
mixed,16,2,0.125,4.0,64,1024,512,2048,704,144.32,302.496,195.712,0.3249
mixed,16,2,0.125,4.0,64,1024,1024,4096,1408,216.928,569.568,354.881,0.3912
mixed,16,2,0.125,4.0,64,1024,2048,8192,2816,397.952,1113.16,672.704,0.3842
mixed,16,2,0.125,4.0,64,1024,4096,16384,5632,771.299,2207.05,1312.26,0.3768
mixed,16,2,0.125,4.0,64,2048,128,512,176,172.609,196.735,171.584,-0.0425
mixed,16,2,0.125,4.0,64,2048,256,1024,352,182.913,233.184,180.288,-0.0522
mixed,16,2,0.125,4.0,64,2048,512,2048,704,206.912,302.239,198.176,-0.0916
mixed,16,2,0.125,4.0,64,2048,1024,4096,1408,258.017,570.976,356.993,0.3163
mixed,16,2,0.125,4.0,64,2048,2048,8192,2816,397.632,1111.42,671.969,0.3843
mixed,16,2,0.125,4.0,64,2048,4096,16384,5632,769.827,2205.57,1310.88,0.3768
mixed,16,2,0.125,4.0,64,4096,128,512,176,295.969,320.833,295.36,-0.0245
mixed,16,2,0.125,4.0,64,4096,256,1024,352,305.474,356.194,304,-0.0291
mixed,16,2,0.125,4.0,64,4096,512,2048,704,331.104,427.585,321.569,-0.0988
mixed,16,2,0.125,4.0,64,4096,1024,4096,1408,381.729,570.21,359.457,-0.1182
mixed,16,2,0.125,4.0,64,4096,2048,8192,2816,476.48,1121.8,672.129,0.3032
mixed,16,2,0.125,4.0,64,4096,4096,16384,5632,774.787,2213.22,1313.86,0.3748
mixed,16,2,0.125,4.0,64,8192,128,512,176,556.192,568.162,557.568,0.115
mixed,16,2,0.125,4.0,64,8192,256,1024,352,557.824,604.447,557.409,-0.0089
mixed,16,2,0.125,4.0,64,8192,512,2048,704,576.61,673.986,568.706,-0.0812
mixed,16,2,0.125,4.0,64,8192,1024,4096,1408,628.034,817.25,604.608,-0.1238
mixed,16,2,0.125,4.0,64,8192,2048,8192,2816,724.065,1134.66,676.801,-0.1151
mixed,16,2,0.125,4.0,64,8192,4096,16384,5632,938.274,2207.01,1322.56,0.3029
mixed,16,2,0.125,4.0,128,0,128,512,176,53.856,100.896,74.752,0.4442
mixed,16,2,0.125,4.0,128,0,256,1024,352,71.169,168.994,114.785,0.4459
mixed,16,2,0.125,4.0,128,0,512,2048,704,120.608,300.608,195.297,0.4149
mixed,16,2,0.125,4.0,128,0,1024,4096,1408,218.112,568.354,353.185,0.3857
mixed,16,2,0.125,4.0,128,0,2048,8192,2816,397.665,1116.45,672.769,0.3827
mixed,16,2,0.125,4.0,128,0,4096,16384,5632,771.811,2207.56,1312.96,0.3769
mixed,16,2,0.125,4.0,128,512,128,512,176,79.872,103.616,79.008,-0.0364
mixed,16,2,0.125,4.0,128,512,256,1024,352,89.599,169.121,117.247,0.3477
mixed,16,2,0.125,4.0,128,512,512,2048,704,119.874,302.016,196.416,0.4202
mixed,16,2,0.125,4.0,128,512,1024,4096,1408,218.561,566.658,355.807,0.3943
mixed,16,2,0.125,4.0,128,512,2048,8192,2816,398.399,1111.39,670.947,0.3823
mixed,16,2,0.125,4.0,128,512,4096,16384,5632,770.979,2209.06,1308.74,0.3739
mixed,16,2,0.125,4.0,128,1024,128,512,176,111.073,136.384,110.431,-0.0254
mixed,16,2,0.125,4.0,128,1024,256,1024,352,121.536,172.351,120.192,-0.0264
mixed,16,2,0.125,4.0,128,1024,512,2048,704,146.4,302.176,197.919,0.3307
mixed,16,2,0.125,4.0,128,1024,1024,4096,1408,219.522,567.841,357.058,0.3949
mixed,16,2,0.125,4.0,128,1024,2048,8192,2816,397.666,1113.54,669.953,0.3804
mixed,16,2,0.125,4.0,128,1024,4096,16384,5632,772.001,2210.02,1310.92,0.3748
mixed,16,2,0.125,4.0,128,2048,128,512,176,174.177,199.873,173.952,-0.0088
mixed,16,2,0.125,4.0,128,2048,256,1024,352,184.319,235.135,184.608,0.0057
mixed,16,2,0.125,4.0,128,2048,512,2048,704,210.239,304.738,201.378,-0.0938
mixed,16,2,0.125,4.0,128,2048,1024,4096,1408,261.344,572.611,358.336,0.3116
mixed,16,2,0.125,4.0,128,2048,2048,8192,2816,400.258,1108.07,674.339,0.3872
mixed,16,2,0.125,4.0,128,2048,4096,16384,5632,771.585,2206.5,1315.14,0.3788
mixed,16,2,0.125,4.0,128,4096,128,512,176,301.247,324.256,297.984,-0.1418
mixed,16,2,0.125,4.0,128,4096,256,1024,352,309.952,361.857,310.495,0.0105
mixed,16,2,0.125,4.0,128,4096,512,2048,704,334.338,429.568,327.68,-0.0699
mixed,16,2,0.125,4.0,128,4096,1024,4096,1408,385.984,574.88,363.776,-0.1176
mixed,16,2,0.125,4.0,128,4096,2048,8192,2816,479.618,1107.59,675.778,0.3124
mixed,16,2,0.125,4.0,128,4096,4096,16384,5632,775.491,2212.45,1317.67,0.3773
mixed,16,2,0.125,4.0,128,8192,128,512,176,558.049,575.105,557.153,-0.0525
mixed,16,2,0.125,4.0,128,8192,256,1024,352,558.304,607.969,559.168,0.0174
mixed,16,2,0.125,4.0,128,8192,512,2048,704,581.954,678.4,576.737,-0.0541
mixed,16,2,0.125,4.0,128,8192,1024,4096,1408,639.041,819.65,609.312,-0.1646
mixed,16,2,0.125,4.0,128,8192,2048,8192,2816,730.37,1136.87,678.786,-0.1269
mixed,16,2,0.125,4.0,128,8192,4096,16384,5632,941.442,2210.6,1321.06,0.2991
mixed,16,2,0.125,4.0,256,0,128,512,176,59.072,105.12,80.768,0.4712
mixed,16,2,0.125,4.0,256,0,256,1024,352,75.616,173.249,120.543,0.4602
mixed,16,2,0.125,4.0,256,0,512,2048,704,123.809,304.96,199.968,0.4204
mixed,16,2,0.125,4.0,256,0,1024,4096,1408,221.761,566.402,357.857,0.3949
mixed,16,2,0.125,4.0,256,0,2048,8192,2816,401.25,1110.5,675.554,0.3868
mixed,16,2,0.125,4.0,256,0,4096,16384,5632,769.922,2205.67,1311.2,0.377
mixed,16,2,0.125,4.0,256,512,128,512,176,95.327,117.216,96.511,0.0541
mixed,16,2,0.125,4.0,256,512,256,1024,352,104.352,174.722,127.808,0.3333
mixed,16,2,0.125,4.0,256,512,512,2048,704,127.137,304.93,205.856,0.4428
mixed,16,2,0.125,4.0,256,512,1024,4096,1408,224.192,568.288,360.64,0.3965
mixed,16,2,0.125,4.0,256,512,2048,8192,2816,403.17,1108.23,676.385,0.3875
mixed,16,2,0.125,4.0,256,512,4096,16384,5632,770.498,2210.69,1316,0.3788
mixed,16,2,0.125,4.0,256,1024,128,512,176,126.849,152.512,129.025,0.0848
mixed,16,2,0.125,4.0,256,1024,256,1024,352,137.312,186.144,138.176,0.0177
mixed,16,2,0.125,4.0,256,1024,512,2048,704,162.593,307.745,207.106,0.3067
mixed,16,2,0.125,4.0,256,1024,1024,4096,1408,224.641,568.738,363.809,0.4044
mixed,16,2,0.125,4.0,256,1024,2048,8192,2816,402.527,1106.18,677.217,0.3904
mixed,16,2,0.125,4.0,256,1024,4096,16384,5632,771.779,2203.24,1309.48,0.3756
mixed,16,2,0.125,4.0,256,2048,128,512,176,190.946,215.776,190.656,-0.0117
mixed,16,2,0.125,4.0,256,2048,256,1024,352,200.096,252.065,201.728,0.0314
mixed,16,2,0.125,4.0,256,2048,512,2048,704,226.913,317.922,219.713,-0.0791
mixed,16,2,0.125,4.0,256,2048,1024,4096,1408,277.887,571.009,368.897,0.3105
mixed,16,2,0.125,4.0,256,2048,2048,8192,2816,404.418,1108.33,679.905,0.3914
mixed,16,2,0.125,4.0,256,2048,4096,16384,5632,771.138,2205.54,1315.49,0.3795
mixed,16,2,0.125,4.0,256,4096,128,512,176,313.887,341.377,318.592,0.1712
mixed,16,2,0.125,4.0,256,4096,256,1024,352,325.985,376.16,328.096,0.0421
mixed,16,2,0.125,4.0,256,4096,512,2048,704,351.679,446.369,346.914,-0.0503
mixed,16,2,0.125,4.0,256,4096,1024,4096,1408,403.458,584.193,383.551,-0.1101
mixed,16,2,0.125,4.0,256,4096,2048,8192,2816,495.905,1102.95,687.233,0.3152
mixed,16,2,0.125,4.0,256,4096,4096,16384,5632,776.449,2221.83,1385.12,0.4211
mixed,16,2,0.125,4.0,256,8192,128,512,176,588.833,613.504,591.009,0.0882
mixed,16,2,0.125,4.0,256,8192,256,1024,352,602.881,651.619,599.136,-0.0768
mixed,16,2,0.125,4.0,256,8192,512,2048,704,635.777,726.144,625.728,-0.1112
mixed,16,2,0.125,4.0,256,8192,1024,4096,1408,683.62,872.799,660.643,-0.1215
mixed,16,2,0.125,4.0,256,8192,2048,8192,2816,777.026,1184.13,731.489,-0.1119
mixed,16,2,0.125,4.0,256,8192,4096,16384,5632,990.466,2312.78,1385.8,0.299
mixed,16,2,0.125,4.0,512,0,128,512,176,99.967,134.432,108.578,0.2498
mixed,16,2,0.125,4.0,512,0,256,1024,352,108.449,197.475,152.098,0.4903
mixed,16,2,0.125,4.0,512,0,512,2048,704,151.198,332.896,231.777,0.4435
mixed,16,2,0.125,4.0,512,0,1024,4096,1408,247.041,602.754,389.538,0.4006
mixed,16,2,0.125,4.0,512,0,2048,8192,2816,431.778,1159.75,711.326,0.384
mixed,16,2,0.125,4.0,512,0,4096,16384,5632,812.387,2308.81,1319.11,0.3386
mixed,16,2,0.125,4.0,512,512,128,512,176,141.119,166.272,144.512,0.1349
mixed,16,2,0.125,4.0,512,512,256,1024,352,153.792,220.608,163.232,0.1413
mixed,16,2,0.125,4.0,512,512,512,2048,704,181.538,323.231,249.41,0.479
mixed,16,2,0.125,4.0,512,512,1024,4096,1408,251.808,578.912,404.993,0.4683
mixed,16,2,0.125,4.0,512,512,2048,8192,2816,415.361,1112.29,693.986,0.3998
mixed,16,2,0.125,4.0,512,512,4096,16384,5632,781.505,2210.31,1321.8,0.3781
mixed,16,2,0.125,4.0,512,1024,128,512,176,178.976,216.319,185.184,0.1662
mixed,16,2,0.125,4.0,512,1024,256,1024,352,196.449,256.225,204.193,0.1296
mixed,16,2,0.125,4.0,512,1024,512,2048,704,229.312,348.063,261.024,0.267
mixed,16,2,0.125,4.0,512,1024,1024,4096,1408,304.193,581.121,438.85,0.4863
mixed,16,2,0.125,4.0,512,1024,2048,8192,2816,420.544,1110.76,721.665,0.4363
mixed,16,2,0.125,4.0,512,1024,4096,16384,5632,780.897,2209.67,1323.39,0.3797
mixed,16,2,0.125,4.0,512,2048,128,512,176,244.032,290.082,248.736,0.1021
mixed,16,2,0.125,4.0,512,2048,256,1024,352,260.448,345.92,271.329,0.1273
mixed,16,2,0.125,4.0,512,2048,512,2048,704,308.064,450.658,327.778,0.1383
mixed,16,2,0.125,4.0,512,2048,1024,4096,1408,352.383,599.81,452.865,0.4061
mixed,16,2,0.125,4.0,512,2048,2048,8192,2816,519.363,1110.53,819.393,0.5075
mixed,16,2,0.125,4.0,512,2048,4096,16384,5632,784.003,2207.62,1340.29,0.3908
mixed,16,2,0.125,4.0,512,4096,128,512,176,368.895,415.391,377.09,0.1763
mixed,16,2,0.125,4.0,512,4096,256,1024,352,385.954,479.935,398.69,0.1355
mixed,16,2,0.125,4.0,512,4096,512,2048,704,436.13,605.731,454.944,0.1109
mixed,16,2,0.125,4.0,512,4096,1024,4096,1408,531.17,832.132,553.185,0.0731
mixed,16,2,0.125,4.0,512,4096,2048,8192,2816,602.914,1115.94,832.931,0.4484
mixed,16,2,0.125,4.0,512,4096,4096,16384,5632,938.784,2226.79,1569.28,0.4895
mixed,16,2,0.125,4.0,512,8192,128,512,176,618.911,671.201,629.473,0.202
mixed,16,2,0.125,4.0,512,8192,256,1024,352,645.665,736.704,647.011,0.0148
mixed,16,2,0.125,4.0,512,8192,512,2048,704,686.787,867.491,705.952,0.1061
mixed,16,2,0.125,4.0,512,8192,1024,4096,1408,781.602,1115.55,804.292,0.0679
mixed,16,2,0.125,4.0,512,8192,2048,8192,2816,957.73,1602.08,993.056,0.0548
mixed,16,2,0.125,4.0,512,8192,4096,16384,5632,1125.92,2203.24,1586.15,0.4272
mixed,16,2,0.125,4.0,1024,0,128,512,176,176.449,206.528,179.68,0.1074
mixed,16,2,0.125,4.0,1024,0,256,1024,352,188.319,258.879,199.456,0.1578
mixed,16,2,0.125,4.0,1024,0,512,2048,704,216.288,376.128,283.169,0.4184
mixed,16,2,0.125,4.0,1024,0,1024,4096,1408,302.464,627.65,441.953,0.429
mixed,16,2,0.125,4.0,1024,0,2048,8192,2816,469.056,1154.43,745.314,0.4031
mixed,16,2,0.125,4.0,1024,0,4096,16384,5632,825.889,2235.78,1360.74,0.3794
mixed,16,2,0.125,4.0,1024,512,128,512,176,237.057,270.273,238.975,0.0577
mixed,16,2,0.125,4.0,1024,512,256,1024,352,251.583,306.4,254.752,0.0578
mixed,16,2,0.125,4.0,1024,512,512,2048,704,279.872,425.761,319.362,0.2707
mixed,16,2,0.125,4.0,1024,512,1024,4096,1408,343.52,669.537,477.825,0.412
mixed,16,2,0.125,4.0,1024,512,2048,8192,2816,514.241,1180.39,794.849,0.4212
mixed,16,2,0.125,4.0,1024,512,4096,16384,5632,860.45,2235.88,1402.88,0.3944
mixed,16,2,0.125,4.0,1024,1024,128,512,176,298.048,331.937,299.903,0.0547
mixed,16,2,0.125,4.0,1024,1024,256,1024,352,309.151,368.866,317.728,0.1436
mixed,16,2,0.125,4.0,1024,1024,512,2048,704,344.737,463.873,354.849,0.0849
mixed,16,2,0.125,4.0,1024,1024,1024,4096,1408,390.593,709.185,520.13,0.4066
mixed,16,2,0.125,4.0,1024,1024,2048,8192,2816,560.192,1216.8,833.601,0.4164
mixed,16,2,0.125,4.0,1024,1024,4096,16384,5632,901.666,2255.75,1449.41,0.4045
mixed,16,2,0.125,4.0,1024,2048,128,512,176,420.224,448.288,423.584,0.1197
mixed,16,2,0.125,4.0,1024,2048,256,1024,352,428.225,494.91,431.393,0.0475
mixed,16,2,0.125,4.0,1024,2048,512,2048,704,462.976,555.52,458.242,-0.0512
mixed,16,2,0.125,4.0,1024,2048,1024,4096,1408,525.984,794.561,581.826,0.2079
mixed,16,2,0.125,4.0,1024,2048,2048,8192,2816,619.555,1296.36,898.563,0.4122
mixed,16,2,0.125,4.0,1024,2048,4096,16384,5632,979.459,2319.62,1538.53,0.4172
mixed,16,2,0.125,4.0,1024,4096,128,512,176,665.217,682.755,665.473,0.0146
mixed,16,2,0.125,4.0,1024,4096,256,1024,352,671.396,722.306,672.128,0.0144
mixed,16,2,0.125,4.0,1024,4096,512,2048,704,696.962,807.49,692.61,-0.0394
mixed,16,2,0.125,4.0,1024,4096,1024,4096,1408,753.154,942.626,735.424,-0.0936
mixed,16,2,0.125,4.0,1024,4096,2048,8192,2816,857.665,1440.48,1084.93,0.3899
mixed,16,2,0.125,4.0,1024,4096,4096,16384,5632,1125.35,2690.44,1647.24,0.3335
mixed,16,2,0.125,4.0,1024,8192,128,512,176,1150.98,1173.83,1152.9,0.0841
mixed,16,2,0.125,4.0,1024,8192,256,1024,352,1158.18,1205.47,1161.06,0.0608
mixed,16,2,0.125,4.0,1024,8192,512,2048,704,1183.39,1275.33,1176.32,-0.077
mixed,16,2,0.125,4.0,1024,8192,1024,4096,1408,1229.32,1449.38,1214.79,-0.066
mixed,16,2,0.125,4.0,1024,8192,2048,8192,2816,1328.93,1720.52,1309.76,-0.049
mixed,16,2,0.125,4.0,1024,8192,4096,16384,5632,1531.81,2788.74,2084.23,0.4395
mixed,16,2,0.125,4.0,2048,0,128,512,176,397.312,428.416,399.167,0.0596
mixed,16,2,0.125,4.0,2048,0,256,1024,352,405.823,464.833,411.328,0.0933
mixed,16,2,0.125,4.0,2048,0,512,2048,704,438.691,568.13,448.033,0.0722
mixed,16,2,0.125,4.0,2048,0,1024,4096,1408,492,824.26,617.602,0.378
mixed,16,2,0.125,4.0,2048,0,2048,8192,2816,656.483,1317.83,941.505,0.431
mixed,16,2,0.125,4.0,2048,0,4096,16384,5632,1008.83,2361.96,1564.68,0.4108
mixed,16,2,0.125,4.0,2048,512,128,512,176,495.363,526.657,497.697,0.0746
mixed,16,2,0.125,4.0,2048,512,256,1024,352,510.304,566.24,515.426,0.0916
mixed,16,2,0.125,4.0,2048,512,512,2048,704,540.575,645.858,544.001,0.0325
mixed,16,2,0.125,4.0,2048,512,1024,4096,1408,597.027,903.939,696.832,0.3252
mixed,16,2,0.125,4.0,2048,512,2048,8192,2816,746.979,1403.65,1026.98,0.4264
mixed,16,2,0.125,4.0,2048,512,4096,16384,5632,1100.45,2394.37,1646.24,0.4218
mixed,16,2,0.125,4.0,2048,1024,128,512,176,590.655,624.514,598.017,0.2174
mixed,16,2,0.125,4.0,2048,1024,256,1024,352,605.697,671.394,613.635,0.1208
mixed,16,2,0.125,4.0,2048,1024,512,2048,704,640.035,745.25,639.01,-0.0097
mixed,16,2,0.125,4.0,2048,1024,1024,4096,1408,698.691,993.027,764.323,0.223
mixed,16,2,0.125,4.0,2048,1024,2048,8192,2816,821.477,1491.59,1105.35,0.4236
mixed,16,2,0.125,4.0,2048,1024,4096,16384,5632,1180.99,2455.21,1745.28,0.4429
mixed,16,2,0.125,4.0,2048,2048,128,512,176,781.761,818.403,790.081,0.2271
mixed,16,2,0.125,4.0,2048,2048,256,1024,352,796.227,873.508,802.882,0.0861
mixed,16,2,0.125,4.0,2048,2048,512,2048,704,830.624,949.057,838.596,0.0673
mixed,16,2,0.125,4.0,2048,2048,1024,4096,1408,895.939,1148.36,916.833,0.0828
mixed,16,2,0.125,4.0,2048,2048,2048,8192,2816,1004.1,1675.84,1257.12,0.3767
mixed,16,2,0.125,4.0,2048,2048,4096,16384,5632,1356.64,2628.1,1917.09,0.4408
mixed,16,2,0.125,4.0,2048,4096,128,512,176,1148.87,1186.12,1151.52,0.0713
mixed,16,2,0.125,4.0,2048,4096,256,1024,352,1162.56,1244.58,1169.41,0.0835
mixed,16,2,0.125,4.0,2048,4096,512,2048,704,1201.54,1363.11,1209.19,0.0473
mixed,16,2,0.125,4.0,2048,4096,1024,4096,1408,1298.53,1517.76,1297.86,-0.0031
mixed,16,2,0.125,4.0,2048,4096,2048,8192,2816,1409.09,2000.13,1556.26,0.249
mixed,16,2,0.125,4.0,2048,4096,4096,16384,5632,1680.32,3093.77,2260.01,0.4101
mixed,16,2,0.125,4.0,2048,8192,128,512,176,1877.35,1924.65,1887.37,0.2118
mixed,16,2,0.125,4.0,2048,8192,256,1024,352,1892.1,1976.67,1910.37,0.2161
mixed,16,2,0.125,4.0,2048,8192,512,2048,704,1938.85,2108.36,1939.46,0.0036
mixed,16,2,0.125,4.0,2048,8192,1024,4096,1408,2024.61,2350.34,2031.11,0.0199
mixed,16,2,0.125,4.0,2048,8192,2048,8192,2816,2203.53,2730.35,2208.9,0.0102
mixed,16,2,0.125,4.0,2048,8192,4096,16384,5632,2405.96,3863.56,2798.66,0.2694
pure,16,3,0.1875,4.0,0,0,128,512,200,52.381,74.367,54.559,0.0991
pure,16,3,0.1875,4.0,0,0,256,1024,400,68.129,109.761,68,-0.0031
pure,16,3,0.1875,4.0,0,0,512,2048,800,96.672,177.024,97.055,0.0048
pure,16,3,0.1875,4.0,0,0,1024,4096,1600,146.753,329.057,153.634,0.0377
pure,16,3,0.1875,4.0,0,0,2048,8192,3200,260.706,596.543,260.576,-0.0004
pure,16,3,0.1875,4.0,0,0,4096,16384,6400,487.809,1131.37,504.224,0.0255
mixed,16,3,0.1875,4.0,16,0,128,512,200,53.217,99.104,73.728,0.447
mixed,16,3,0.1875,4.0,16,0,256,1024,400,84.289,167.617,113.888,0.3552
mixed,16,3,0.1875,4.0,16,0,512,2048,800,134.624,300.577,194.625,0.3616
mixed,16,3,0.1875,4.0,16,0,1024,4096,1600,238.016,566.241,353.537,0.352
mixed,16,3,0.1875,4.0,16,0,2048,8192,3200,448.577,1116.84,672.385,0.3349
mixed,16,3,0.1875,4.0,16,0,4096,16384,6400,872.193,2205.54,1309.54,0.328
mixed,16,3,0.1875,4.0,16,512,128,512,200,78.144,100.576,76.769,-0.0613
mixed,16,3,0.1875,4.0,16,512,256,1024,400,92.545,168.032,116.546,0.3179
mixed,16,3,0.1875,4.0,16,512,512,2048,800,133.793,300.032,195.392,0.3705
mixed,16,3,0.1875,4.0,16,512,1024,4096,1600,238.401,566.466,353.824,0.3518
mixed,16,3,0.1875,4.0,16,512,2048,8192,3200,448.258,1112.07,673.28,0.339
mixed,16,3,0.1875,4.0,16,512,4096,16384,6400,868.353,2208.2,1314.02,0.3326
mixed,16,3,0.1875,4.0,16,1024,128,512,200,109.984,133.312,107.968,-0.0864
mixed,16,3,0.1875,4.0,16,1024,256,1024,400,124.129,170.271,117.183,-0.1505
mixed,16,3,0.1875,4.0,16,1024,512,2048,800,150.944,302.017,197.315,0.3069
mixed,16,3,0.1875,4.0,16,1024,1024,4096,1600,238.623,566.851,357.185,0.3612
mixed,16,3,0.1875,4.0,16,1024,2048,8192,3200,447.616,1110.53,672.771,0.3396
mixed,16,3,0.1875,4.0,16,1024,4096,16384,6400,871.267,2209.09,1313.41,0.3305
mixed,16,3,0.1875,4.0,16,2048,128,512,200,172.001,195.169,169.954,-0.0884
mixed,16,3,0.1875,4.0,16,2048,256,1024,400,186.784,232.608,179.426,-0.1606
mixed,16,3,0.1875,4.0,16,2048,512,2048,800,212.929,302.402,197.601,-0.1713
mixed,16,3,0.1875,4.0,16,2048,1024,4096,1600,266.752,565.825,356.416,0.2998
mixed,16,3,0.1875,4.0,16,2048,2048,8192,3200,447.619,1115.46,673.729,0.3386
mixed,16,3,0.1875,4.0,16,2048,4096,16384,6400,872.609,2206.31,1315.81,0.3323
mixed,16,3,0.1875,4.0,16,4096,128,512,200,295.968,319.168,294.913,-0.0455
mixed,16,3,0.1875,4.0,16,4096,256,1024,400,311.393,356.64,303.392,-0.1768
mixed,16,3,0.1875,4.0,16,4096,512,2048,800,337.122,426.466,321.25,-0.1777
mixed,16,3,0.1875,4.0,16,4096,1024,4096,1600,392.576,569.826,358.017,-0.195
mixed,16,3,0.1875,4.0,16,4096,2048,8192,3200,501.601,1123.04,674.435,0.2781
mixed,16,3,0.1875,4.0,16,4096,4096,16384,6400,876.96,2211.62,1318.12,0.3305
mixed,16,3,0.1875,4.0,16,8192,128,512,200,554.113,566.21,555.616,0.1242
mixed,16,3,0.1875,4.0,16,8192,256,1024,400,557.665,602.497,557.282,-0.0085
mixed,16,3,0.1875,4.0,16,8192,512,2048,800,585.057,676.192,567.872,-0.1886
mixed,16,3,0.1875,4.0,16,8192,1024,4096,1600,639.423,814.274,605.729,-0.1927
mixed,16,3,0.1875,4.0,16,8192,2048,8192,3200,749.826,1132.48,679.074,-0.1849
mixed,16,3,0.1875,4.0,16,8192,4096,16384,6400,988.324,2212.87,1316.33,0.2679
mixed,16,3,0.1875,4.0,32,0,128,512,200,52.864,99.297,73.154,0.437
mixed,16,3,0.1875,4.0,32,0,256,1024,400,82.753,168.162,113.216,0.3567
mixed,16,3,0.1875,4.0,32,0,512,2048,800,133.728,300.64,193.984,0.361
mixed,16,3,0.1875,4.0,32,0,1024,4096,1600,236.577,566.209,355.264,0.3601
mixed,16,3,0.1875,4.0,32,0,2048,8192,3200,448.16,1115.2,675.042,0.3401
mixed,16,3,0.1875,4.0,32,0,4096,16384,6400,872.45,2207.53,1310.4,0.328
mixed,16,3,0.1875,4.0,32,512,128,512,200,78.335,101.57,77.44,-0.0385
mixed,16,3,0.1875,4.0,32,512,256,1024,400,93.633,168.64,116.736,0.308
mixed,16,3,0.1875,4.0,32,512,512,2048,800,133.697,300.513,196.16,0.3744
mixed,16,3,0.1875,4.0,32,512,1024,4096,1600,237.954,565.953,354.88,0.3565
mixed,16,3,0.1875,4.0,32,512,2048,8192,3200,448.257,1112.07,673.155,0.3388
mixed,16,3,0.1875,4.0,32,512,4096,16384,6400,868.675,2206.63,1315.75,0.3341
mixed,16,3,0.1875,4.0,32,1024,128,512,200,109.824,133.599,108.224,-0.0673
mixed,16,3,0.1875,4.0,32,1024,256,1024,400,124.96,170.496,116.64,-0.1827
mixed,16,3,0.1875,4.0,32,1024,512,2048,800,149.984,301.057,196.544,0.3082
mixed,16,3,0.1875,4.0,32,1024,1024,4096,1600,237.887,568,356.288,0.3587
mixed,16,3,0.1875,4.0,32,1024,2048,8192,3200,448.162,1113.44,671.074,0.3351
mixed,16,3,0.1875,4.0,32,1024,4096,16384,6400,870.978,2209.03,1319.46,0.3352
mixed,16,3,0.1875,4.0,32,2048,128,512,200,171.936,194.88,170.879,-0.0461
mixed,16,3,0.1875,4.0,32,2048,256,1024,400,187.328,232.001,179.551,-0.1741
mixed,16,3,0.1875,4.0,32,2048,512,2048,800,212.897,302.496,197.728,-0.1693
mixed,16,3,0.1875,4.0,32,2048,1024,4096,1600,268.128,569.026,356.672,0.2943
mixed,16,3,0.1875,4.0,32,2048,2048,8192,3200,448.642,1111.94,675.04,0.3413
mixed,16,3,0.1875,4.0,32,2048,4096,16384,6400,876.002,2212.01,1316.39,0.3296
mixed,16,3,0.1875,4.0,32,4096,128,512,200,295.775,318.912,295.361,-0.0179
mixed,16,3,0.1875,4.0,32,4096,256,1024,400,310.592,356.447,304.608,-0.1305
mixed,16,3,0.1875,4.0,32,4096,512,2048,800,338.496,426.624,320.801,-0.2008
mixed,16,3,0.1875,4.0,32,4096,1024,4096,1600,392.256,568.033,359.329,-0.1873
mixed,16,3,0.1875,4.0,32,4096,2048,8192,3200,504.196,1122.95,675.073,0.2762
mixed,16,3,0.1875,4.0,32,4096,4096,16384,6400,878.531,2208.42,1319.08,0.3313
mixed,16,3,0.1875,4.0,32,8192,128,512,200,554.689,565.857,555.395,0.0632
mixed,16,3,0.1875,4.0,32,8192,256,1024,400,559.137,604.483,556.896,-0.0494
mixed,16,3,0.1875,4.0,32,8192,512,2048,800,582.147,673.857,567.617,-0.1584
mixed,16,3,0.1875,4.0,32,8192,1024,4096,1600,638.114,815.583,604.673,-0.1884
mixed,16,3,0.1875,4.0,32,8192,2048,8192,3200,750.786,1134.4,674.882,-0.1979
mixed,16,3,0.1875,4.0,32,8192,4096,16384,6400,995.01,2211.37,1318.47,0.2659
mixed,16,3,0.1875,4.0,64,0,128,512,200,53.568,99.2,73.215,0.4306
mixed,16,3,0.1875,4.0,64,0,256,1024,400,83.424,168.16,113.345,0.3531
mixed,16,3,0.1875,4.0,64,0,512,2048,800,134.624,300,195.618,0.3688
mixed,16,3,0.1875,4.0,64,0,1024,4096,1600,237.794,565.985,354.753,0.3564
mixed,16,3,0.1875,4.0,64,0,2048,8192,3200,447.713,1118.6,672.066,0.3344
mixed,16,3,0.1875,4.0,64,0,4096,16384,6400,873.283,2213.1,1315.91,0.3304
mixed,16,3,0.1875,4.0,64,512,128,512,200,78.782,102.08,78.112,-0.0288
mixed,16,3,0.1875,4.0,64,512,256,1024,400,94.624,168.416,116.704,0.2992
mixed,16,3,0.1875,4.0,64,512,512,2048,800,134.24,300.867,196.863,0.3758
mixed,16,3,0.1875,4.0,64,512,1024,4096,1600,238.209,568.673,357.729,0.3617
mixed,16,3,0.1875,4.0,64,512,2048,8192,3200,448.001,1112.68,673.119,0.3387
mixed,16,3,0.1875,4.0,64,512,4096,16384,6400,870.145,2211.05,1318.18,0.3341
mixed,16,3,0.1875,4.0,64,1024,128,512,200,111.136,135.007,109.122,-0.0844
mixed,16,3,0.1875,4.0,64,1024,256,1024,400,126.273,170.785,118.945,-0.1646
mixed,16,3,0.1875,4.0,64,1024,512,2048,800,152.832,300.512,197.345,0.3014
mixed,16,3,0.1875,4.0,64,1024,1024,4096,1600,237.665,569.315,356.033,0.3569
mixed,16,3,0.1875,4.0,64,1024,2048,8192,3200,448.675,1111.68,672.961,0.3383
mixed,16,3,0.1875,4.0,64,1024,4096,16384,6400,873.504,2203.27,1316.9,0.3334
mixed,16,3,0.1875,4.0,64,2048,128,512,200,173.6,197.184,172.195,-0.0596
mixed,16,3,0.1875,4.0,64,2048,256,1024,400,188.962,233.727,181.568,-0.1652
mixed,16,3,0.1875,4.0,64,2048,512,2048,800,215.329,304.416,198.272,-0.1915
mixed,16,3,0.1875,4.0,64,2048,1024,4096,1600,270.815,571.135,357.666,0.2892
mixed,16,3,0.1875,4.0,64,2048,2048,8192,3200,447.682,1111.91,673.28,0.3396
mixed,16,3,0.1875,4.0,64,2048,4096,16384,6400,875.936,2208.17,1317.12,0.3312
mixed,16,3,0.1875,4.0,64,4096,128,512,200,296.193,320.896,295.744,-0.0182
mixed,16,3,0.1875,4.0,64,4096,256,1024,400,312.289,357.219,305.825,-0.1439
mixed,16,3,0.1875,4.0,64,4096,512,2048,800,338.753,427.649,323.359,-0.1732
mixed,16,3,0.1875,4.0,64,4096,1024,4096,1600,394.784,568.995,360.705,-0.1956
mixed,16,3,0.1875,4.0,64,4096,2048,8192,3200,503.585,1121.47,676.323,0.2796
mixed,16,3,0.1875,4.0,64,4096,4096,16384,6400,881.186,2210.53,1317.09,0.3279
mixed,16,3,0.1875,4.0,64,8192,128,512,200,554.435,566.881,559.136,0.3777
mixed,16,3,0.1875,4.0,64,8192,256,1024,400,559.873,604.897,558.08,-0.0398
mixed,16,3,0.1875,4.0,64,8192,512,2048,800,584.77,672.034,570.242,-0.1665
mixed,16,3,0.1875,4.0,64,8192,1024,4096,1600,640.832,821.538,604.288,-0.2022
mixed,16,3,0.1875,4.0,64,8192,2048,8192,3200,750.755,1138.14,676.545,-0.1916
mixed,16,3,0.1875,4.0,64,8192,4096,16384,6400,991.555,2211.17,1323.04,0.2718
mixed,16,3,0.1875,4.0,128,0,128,512,200,53.439,100.8,75.552,0.4669
mixed,16,3,0.1875,4.0,128,0,256,1024,400,85.345,168.738,116.128,0.3691
mixed,16,3,0.1875,4.0,128,0,512,2048,800,135.84,301.954,196.384,0.3645
mixed,16,3,0.1875,4.0,128,0,1024,4096,1600,237.216,566.53,355.33,0.3587
mixed,16,3,0.1875,4.0,128,0,2048,8192,3200,449.152,1118.15,672.674,0.3341
mixed,16,3,0.1875,4.0,128,0,4096,16384,6400,875.426,2210.15,1316.45,0.3304
mixed,16,3,0.1875,4.0,128,512,128,512,200,80.384,104.736,79.68,-0.0289
mixed,16,3,0.1875,4.0,128,512,256,1024,400,96.257,169.891,119.393,0.3142
mixed,16,3,0.1875,4.0,128,512,512,2048,800,136.256,300.929,198.21,0.3762
mixed,16,3,0.1875,4.0,128,512,1024,4096,1600,238.497,568.035,358.144,0.3631
mixed,16,3,0.1875,4.0,128,512,2048,8192,3200,448.001,1111.59,675.329,0.3426
mixed,16,3,0.1875,4.0,128,512,4096,16384,6400,871.395,2211.62,1318.72,0.3338
mixed,16,3,0.1875,4.0,128,1024,128,512,200,111.648,136.642,111.167,-0.0192
mixed,16,3,0.1875,4.0,128,1024,256,1024,400,128.385,172.481,120.288,-0.1836
mixed,16,3,0.1875,4.0,128,1024,512,2048,800,154.145,302.593,198.368,0.2979
mixed,16,3,0.1875,4.0,128,1024,1024,4096,1600,238.528,569.983,358.978,0.3634
mixed,16,3,0.1875,4.0,128,1024,2048,8192,3200,449.377,1113.38,675.136,0.34
mixed,16,3,0.1875,4.0,128,1024,4096,16384,6400,871.523,2209.45,1320.13,0.3353
mixed,16,3,0.1875,4.0,128,2048,128,512,200,174.752,199.327,174.272,-0.0195
mixed,16,3,0.1875,4.0,128,2048,256,1024,400,191.62,235.201,185.697,-0.1359
mixed,16,3,0.1875,4.0,128,2048,512,2048,800,217.408,305.312,203.2,-0.1616
mixed,16,3,0.1875,4.0,128,2048,1024,4096,1600,271.648,570.945,358.081,0.2888
mixed,16,3,0.1875,4.0,128,2048,2048,8192,3200,449.216,1109.67,676.93,0.3448
mixed,16,3,0.1875,4.0,128,2048,4096,16384,6400,870.98,2210.86,1321.12,0.336
mixed,16,3,0.1875,4.0,128,4096,128,512,200,302.657,324.096,298.464,-0.1956
mixed,16,3,0.1875,4.0,128,4096,256,1024,400,319.008,360.416,311.585,-0.1793
mixed,16,3,0.1875,4.0,128,4096,512,2048,800,343.33,429.504,326.657,-0.1935
mixed,16,3,0.1875,4.0,128,4096,1024,4096,1600,396.801,573.442,363.682,-0.1875
mixed,16,3,0.1875,4.0,128,4096,2048,8192,3200,509.408,1102.79,678.882,0.2856
mixed,16,3,0.1875,4.0,128,4096,4096,16384,6400,872.963,2216.33,1320.26,0.333
mixed,16,3,0.1875,4.0,128,8192,128,512,200,558.145,572.257,558.305,0.0113
mixed,16,3,0.1875,4.0,128,8192,256,1024,400,566.178,607.68,558.944,-0.1743
mixed,16,3,0.1875,4.0,128,8192,512,2048,800,589.537,685.634,573.601,-0.1658
mixed,16,3,0.1875,4.0,128,8192,1024,4096,1600,647.777,822.594,610.403,-0.2138
mixed,16,3,0.1875,4.0,128,8192,2048,8192,3200,756.641,1137.38,680.738,-0.1994
mixed,16,3,0.1875,4.0,128,8192,4096,16384,6400,1004.16,2210.63,1320.67,0.2623
mixed,16,3,0.1875,4.0,256,0,128,512,200,60.578,106.112,82.177,0.4743
mixed,16,3,0.1875,4.0,256,0,256,1024,400,90.016,173.505,121.536,0.3775
mixed,16,3,0.1875,4.0,256,0,512,2048,800,139.873,304.863,201.184,0.3716
mixed,16,3,0.1875,4.0,256,0,1024,4096,1600,242.24,566.402,361.216,0.367
mixed,16,3,0.1875,4.0,256,0,2048,8192,3200,450.721,1114.28,676.896,0.3409
mixed,16,3,0.1875,4.0,256,0,4096,16384,6400,872.803,2207.08,1314.85,0.3313
mixed,16,3,0.1875,4.0,256,512,128,512,200,94.913,117.313,100.096,0.2314
mixed,16,3,0.1875,4.0,256,512,256,1024,400,111.233,174.563,134.368,0.3653
mixed,16,3,0.1875,4.0,256,512,512,2048,800,142.177,305.729,206.752,0.3948
mixed,16,3,0.1875,4.0,256,512,1024,4096,1600,242.112,567.49,362.24,0.3692
mixed,16,3,0.1875,4.0,256,512,2048,8192,3200,453.378,1110.47,677.57,0.3412
mixed,16,3,0.1875,4.0,256,512,4096,16384,6400,868.352,2210.95,1316.77,0.334
mixed,16,3,0.1875,4.0,256,1024,128,512,200,127.584,152.959,132.928,0.2106
mixed,16,3,0.1875,4.0,256,1024,256,1024,400,144.704,186.944,146.624,0.0455
mixed,16,3,0.1875,4.0,256,1024,512,2048,800,169.918,306.819,231.617,0.4507
mixed,16,3,0.1875,4.0,256,1024,1024,4096,1600,243.489,568.769,367.169,0.3802
mixed,16,3,0.1875,4.0,256,1024,2048,8192,3200,451.872,1105.47,678.657,0.347
mixed,16,3,0.1875,4.0,256,1024,4096,16384,6400,867.747,2208.93,1317.73,0.3355
mixed,16,3,0.1875,4.0,256,2048,128,512,200,189.375,216.096,195.52,0.23
mixed,16,3,0.1875,4.0,256,2048,256,1024,400,207.872,252.609,206.177,-0.0379
mixed,16,3,0.1875,4.0,256,2048,512,2048,800,234.689,319.457,241.056,0.0751
mixed,16,3,0.1875,4.0,256,2048,1024,4096,1600,288.801,572.898,426.016,0.483
mixed,16,3,0.1875,4.0,256,2048,2048,8192,3200,454.432,1105.57,684.034,0.3526
mixed,16,3,0.1875,4.0,256,2048,4096,16384,6400,869.824,2203.08,1321.92,0.3391
mixed,16,3,0.1875,4.0,256,4096,128,512,200,316.385,342.336,320.256,0.1492
mixed,16,3,0.1875,4.0,256,4096,256,1024,400,334.338,378.433,331.809,-0.0574
mixed,16,3,0.1875,4.0,256,4096,512,2048,800,361.12,447.201,349.633,-0.1334
mixed,16,3,0.1875,4.0,256,4096,1024,4096,1600,412.513,583.906,433.761,0.124
mixed,16,3,0.1875,4.0,256,4096,2048,8192,3200,522.307,1103.94,803.203,0.4829
mixed,16,3,0.1875,4.0,256,4096,4096,16384,6400,876.832,2219.43,1325.67,0.3343
mixed,16,3,0.1875,4.0,256,8192,128,512,200,564.45,597.57,572.418,0.2406
mixed,16,3,0.1875,4.0,256,8192,256,1024,400,585.216,629.218,585.283,0.0015
mixed,16,3,0.1875,4.0,256,8192,512,2048,800,611.874,695.842,600.609,-0.1342
mixed,16,3,0.1875,4.0,256,8192,1024,4096,1600,662.113,835.361,636.898,-0.1455
mixed,16,3,0.1875,4.0,256,8192,2048,8192,3200,775.871,1138.5,803.265,0.0755
mixed,16,3,0.1875,4.0,256,8192,4096,16384,6400,1002.57,2230.95,1560.23,0.454
mixed,16,3,0.1875,4.0,512,0,128,512,200,96.865,128.415,106.178,0.2952
mixed,16,3,0.1875,4.0,512,0,256,1024,400,114.431,191.36,150.462,0.4684
mixed,16,3,0.1875,4.0,512,0,512,2048,800,159.841,318.465,225.985,0.417
mixed,16,3,0.1875,4.0,512,0,1024,4096,1600,256.191,578.433,378.656,0.38
mixed,16,3,0.1875,4.0,512,0,2048,8192,3200,462.433,1114.37,690.786,0.3503
mixed,16,3,0.1875,4.0,512,0,4096,16384,6400,879.424,2217.32,1324.64,0.3328
mixed,16,3,0.1875,4.0,512,512,128,512,200,142.464,165.854,145.566,0.1326
mixed,16,3,0.1875,4.0,512,512,256,1024,400,165.886,220.32,167.968,0.0382
mixed,16,3,0.1875,4.0,512,512,512,2048,800,196.447,323.648,255.647,0.4654
mixed,16,3,0.1875,4.0,512,512,1024,4096,1600,265.792,578.847,413.856,0.473
mixed,16,3,0.1875,4.0,512,512,2048,8192,3200,464.225,1111.59,697.09,0.3597
mixed,16,3,0.1875,4.0,512,512,4096,16384,6400,881.507,2209.96,1328.51,0.3365
mixed,16,3,0.1875,4.0,512,1024,128,512,200,179.842,219.075,188.64,0.2242
mixed,16,3,0.1875,4.0,512,1024,256,1024,400,206.912,256.128,209.377,0.0501
mixed,16,3,0.1875,4.0,512,1024,512,2048,800,227.873,348.127,265.728,0.3148
mixed,16,3,0.1875,4.0,512,1024,1024,4096,1600,316.993,580.545,444.064,0.4821
mixed,16,3,0.1875,4.0,512,1024,2048,8192,3200,468.48,1112.45,734.945,0.4138
mixed,16,3,0.1875,4.0,512,1024,4096,16384,6400,880.579,2212.52,1329.25,0.3369
mixed,16,3,0.1875,4.0,512,2048,128,512,200,242.754,290.561,254.463,0.2449
mixed,16,3,0.1875,4.0,512,2048,256,1024,400,275.009,349.058,279.455,0.06
mixed,16,3,0.1875,4.0,512,2048,512,2048,800,323.968,450.177,334.175,0.0809
mixed,16,3,0.1875,4.0,512,2048,1024,4096,1600,358.624,600.384,456.509,0.4049
mixed,16,3,0.1875,4.0,512,2048,2048,8192,3200,544.194,1111.87,824.513,0.4938
mixed,16,3,0.1875,4.0,512,2048,4096,16384,6400,883.843,2208.84,1360.64,0.3599
mixed,16,3,0.1875,4.0,512,4096,128,512,200,368.415,417.186,380.992,0.2579
mixed,16,3,0.1875,4.0,512,4096,256,1024,400,400.897,483.425,405.218,0.0524
mixed,16,3,0.1875,4.0,512,4096,512,2048,800,454.91,604.13,464.031,0.0611
mixed,16,3,0.1875,4.0,512,4096,1024,4096,1600,551.81,832.866,572.576,0.0739
mixed,16,3,0.1875,4.0,512,4096,2048,8192,3200,669.024,1113.73,836.704,0.3771
mixed,16,3,0.1875,4.0,512,4096,4096,16384,6400,985.344,2230.63,1580.39,0.4778
mixed,16,3,0.1875,4.0,512,8192,128,512,200,622.786,667.234,634.657,0.2671
mixed,16,3,0.1875,4.0,512,8192,256,1024,400,652.738,729.315,657.538,0.0627
mixed,16,3,0.1875,4.0,512,8192,512,2048,800,703.007,865.603,713.665,0.0655
mixed,16,3,0.1875,4.0,512,8192,1024,4096,1600,799.458,1114.4,821.76,0.0708
mixed,16,3,0.1875,4.0,512,8192,2048,8192,3200,1006.18,1600.74,1066.88,0.1021
mixed,16,3,0.1875,4.0,512,8192,4096,16384,6400,1260.42,2209.7,1594.92,0.3524
mixed,16,3,0.1875,4.0,1024,0,128,512,200,176.255,205.537,179.904,0.1246
mixed,16,3,0.1875,4.0,1024,0,256,1024,400,196.64,258.499,203.488,0.1107
mixed,16,3,0.1875,4.0,1024,0,512,2048,800,226.176,378.689,288.832,0.4108
mixed,16,3,0.1875,4.0,1024,0,1024,4096,1600,320.61,627.839,449.76,0.4204
mixed,16,3,0.1875,4.0,1024,0,2048,8192,3200,515.17,1156.7,753.795,0.372
mixed,16,3,0.1875,4.0,1024,0,4096,16384,6400,927.905,2266,1380.74,0.3384
mixed,16,3,0.1875,4.0,1024,512,128,512,200,239.712,269.665,243.136,0.1143
mixed,16,3,0.1875,4.0,1024,512,256,1024,400,261.25,305.44,258.785,-0.0558
mixed,16,3,0.1875,4.0,1024,512,512,2048,800,289.696,426.401,325.314,0.2605
mixed,16,3,0.1875,4.0,1024,512,1024,4096,1600,366.496,668.77,489.089,0.4056
mixed,16,3,0.1875,4.0,1024,512,2048,8192,3200,559.616,1186.4,806.531,0.3939
mixed,16,3,0.1875,4.0,1024,512,4096,16384,6400,960.483,2237.96,1420.42,0.36
mixed,16,3,0.1875,4.0,1024,1024,128,512,200,296.897,330.207,304.066,0.2152
mixed,16,3,0.1875,4.0,1024,1024,256,1024,400,319.456,370.527,317.28,-0.0426
mixed,16,3,0.1875,4.0,1024,1024,512,2048,800,356.768,462.849,363.584,0.0643
mixed,16,3,0.1875,4.0,1024,1024,1024,4096,1600,405.633,708.994,533.634,0.4219
mixed,16,3,0.1875,4.0,1024,1024,2048,8192,3200,603.265,1216.1,843.682,0.3923
mixed,16,3,0.1875,4.0,1024,1024,4096,16384,6400,998.403,2252.68,1464.36,0.3715
mixed,16,3,0.1875,4.0,1024,2048,128,512,200,420.864,446.976,421.248,0.0147
mixed,16,3,0.1875,4.0,1024,2048,256,1024,400,435.427,488.226,436.418,0.0188
mixed,16,3,0.1875,4.0,1024,2048,512,2048,800,470.594,560.771,462.914,-0.0852
mixed,16,3,0.1875,4.0,1024,2048,1024,4096,1600,530.146,792.225,608.801,0.3001
mixed,16,3,0.1875,4.0,1024,2048,2048,8192,3200,681.313,1296.26,911.106,0.3737
mixed,16,3,0.1875,4.0,1024,2048,4096,16384,6400,1078.08,2320.33,1568.23,0.3946
mixed,16,3,0.1875,4.0,1024,4096,128,512,200,664.994,683.586,667.041,0.1101
mixed,16,3,0.1875,4.0,1024,4096,256,1024,400,675.234,719.81,676.319,0.0243
mixed,16,3,0.1875,4.0,1024,4096,512,2048,800,709.412,801.952,695.68,-0.1484
mixed,16,3,0.1875,4.0,1024,4096,1024,4096,1600,762.275,933.027,744.483,-0.1042
mixed,16,3,0.1875,4.0,1024,4096,2048,8192,3200,883.107,1443.78,1105.51,0.3967
mixed,16,3,0.1875,4.0,1024,4096,4096,16384,6400,1228.96,2688.45,1663.78,0.2979
mixed,16,3,0.1875,4.0,1024,8192,128,512,200,1151.52,1170.85,1153.09,0.081
mixed,16,3,0.1875,4.0,1024,8192,256,1024,400,1165.51,1206.02,1161.99,-0.0868
mixed,16,3,0.1875,4.0,1024,8192,512,2048,800,1191.2,1274.5,1176.67,-0.1744
mixed,16,3,0.1875,4.0,1024,8192,1024,4096,1600,1241.47,1429.92,1216.23,-0.134
mixed,16,3,0.1875,4.0,1024,8192,2048,8192,3200,1354.82,1723.78,1308.58,-0.1253
mixed,16,3,0.1875,4.0,1024,8192,4096,16384,6400,1581.79,2795.75,2120.65,0.4439
mixed,16,3,0.1875,4.0,2048,0,128,512,200,396.64,424.064,399.264,0.0957
mixed,16,3,0.1875,4.0,2048,0,256,1024,400,416.287,464.514,418.048,0.0365
mixed,16,3,0.1875,4.0,2048,0,512,2048,800,449.154,566.241,456.066,0.059
mixed,16,3,0.1875,4.0,2048,0,1024,4096,1600,503.104,823.009,632.257,0.4037
mixed,16,3,0.1875,4.0,2048,0,2048,8192,3200,710.05,1318.85,958.69,0.4084
mixed,16,3,0.1875,4.0,2048,0,4096,16384,6400,1105.96,2349.54,1587.33,0.3871
mixed,16,3,0.1875,4.0,2048,512,128,512,200,498.305,530.945,501.155,0.0873
mixed,16,3,0.1875,4.0,2048,512,256,1024,400,519.104,570.915,518.465,-0.0123
mixed,16,3,0.1875,4.0,2048,512,512,2048,800,549.536,645.761,549.665,0.0013
mixed,16,3,0.1875,4.0,2048,512,1024,4096,1600,606.624,904.994,713.758,0.3591
mixed,16,3,0.1875,4.0,2048,512,2048,8192,3200,794.851,1405.7,1051.33,0.4199
mixed,16,3,0.1875,4.0,2048,512,4096,16384,6400,1189.61,2398.89,1677.09,0.4031
mixed,16,3,0.1875,4.0,2048,1024,128,512,200,595.873,627.618,601.282,0.1704
mixed,16,3,0.1875,4.0,2048,1024,256,1024,400,617.89,670.689,617.122,-0.0145
mixed,16,3,0.1875,4.0,2048,1024,512,2048,800,649.44,744.835,650.401,0.0101
mixed,16,3,0.1875,4.0,2048,1024,1024,4096,1600,711.266,992.034,788.163,0.2739
mixed,16,3,0.1875,4.0,2048,1024,2048,8192,3200,876.831,1496.64,1129.19,0.4072
mixed,16,3,0.1875,4.0,2048,1024,4096,16384,6400,1284.04,2467.02,1776.45,0.4163
mixed,16,3,0.1875,4.0,2048,2048,128,512,200,784.418,822.148,788.802,0.1162
mixed,16,3,0.1875,4.0,2048,2048,256,1024,400,808.066,868.963,810.081,0.0331
mixed,16,3,0.1875,4.0,2048,2048,512,2048,800,846.688,954.019,846.562,-0.0012
mixed,16,3,0.1875,4.0,2048,2048,1024,4096,1600,914.113,1145.63,930.882,0.0724
mixed,16,3,0.1875,4.0,2048,2048,2048,8192,3200,1027.33,1667.33,1291.81,0.4133
mixed,16,3,0.1875,4.0,2048,2048,4096,16384,6400,1448.32,2622.41,1961.57,0.4371
mixed,16,3,0.1875,4.0,2048,4096,128,512,200,1153.19,1188,1156.16,0.0855
mixed,16,3,0.1875,4.0,2048,4096,256,1024,400,1177.38,1250.24,1181.57,0.0576
mixed,16,3,0.1875,4.0,2048,4096,512,2048,800,1217.19,1367.94,1232.07,0.0987
mixed,16,3,0.1875,4.0,2048,4096,1024,4096,1600,1312.93,1517.09,1330.31,0.0851
mixed,16,3,0.1875,4.0,2048,4096,2048,8192,3200,1441.12,2005.92,1585.7,0.256
mixed,16,3,0.1875,4.0,2048,4096,4096,16384,6400,1764.17,3089.8,2293.35,0.3992
mixed,16,3,0.1875,4.0,2048,8192,128,512,200,1879.72,1921.03,1885.15,0.1316
mixed,16,3,0.1875,4.0,2048,8192,256,1024,400,1902.76,1981.25,1907.3,0.0579
mixed,16,3,0.1875,4.0,2048,8192,512,2048,800,1951.08,2105.61,1955.49,0.0286
mixed,16,3,0.1875,4.0,2048,8192,1024,4096,1600,2040.39,2347.94,2062.18,0.0709
mixed,16,3,0.1875,4.0,2048,8192,2048,8192,3200,2255.43,2737.54,2289.93,0.0716
mixed,16,3,0.1875,4.0,2048,8192,4096,16384,6400,2450.79,3862.8,2833.45,0.271
pure,16,4,0.25,4.0,0,0,128,512,224,53.538,74.59,57.474,0.187
pure,16,4,0.25,4.0,0,0,256,1024,448,70.625,109.856,70.88,0.0065
pure,16,4,0.25,4.0,0,0,512,2048,896,100.481,176.194,102.333,0.0245
pure,16,4,0.25,4.0,0,0,1024,4096,1792,159.775,328.033,162.047,0.0135
pure,16,4,0.25,4.0,0,0,2048,8192,3584,286.27,597.859,288.256,0.0064
pure,16,4,0.25,4.0,0,0,4096,16384,7168,532.225,1136.23,548.547,0.027
mixed,16,4,0.25,4.0,16,0,128,512,224,53.568,99.359,73.728,0.4403
mixed,16,4,0.25,4.0,16,0,256,1024,448,84.832,168.161,114.113,0.3514
mixed,16,4,0.25,4.0,16,0,512,2048,896,149.568,301.728,196.768,0.3102
mixed,16,4,0.25,4.0,16,0,1024,4096,1792,267.008,565.186,354.944,0.2949
mixed,16,4,0.25,4.0,16,0,2048,8192,3584,499.393,1115.59,675.584,0.2859
mixed,16,4,0.25,4.0,16,0,4096,16384,7168,975.138,2209.99,1313.73,0.2742
mixed,16,4,0.25,4.0,16,512,128,512,224,78.368,101.504,77.632,-0.0318
mixed,16,4,0.25,4.0,16,512,256,1024,448,93.344,167.968,117.441,0.3229
mixed,16,4,0.25,4.0,16,512,512,2048,896,149.696,301.378,197.502,0.3152
mixed,16,4,0.25,4.0,16,512,1024,4096,1792,266.594,567.299,355.553,0.2958
mixed,16,4,0.25,4.0,16,512,2048,8192,3584,498.723,1111.59,674.786,0.2873
mixed,16,4,0.25,4.0,16,512,4096,16384,7168,981.538,2205.45,1314.66,0.2722
mixed,16,4,0.25,4.0,16,1024,128,512,224,110.496,132.033,109.44,-0.049
mixed,16,4,0.25,4.0,16,1024,256,1024,448,125.503,169.889,117.728,-0.1752
mixed,16,4,0.25,4.0,16,1024,512,2048,896,157.472,300.577,198.113,0.284
mixed,16,4,0.25,4.0,16,1024,1024,4096,1792,267.553,567.36,357.984,0.3016
mixed,16,4,0.25,4.0,16,1024,2048,8192,3584,498.625,1109.15,674.819,0.2886
mixed,16,4,0.25,4.0,16,1024,4096,16384,7168,972.227,2206.05,1313.32,0.2764
mixed,16,4,0.25,4.0,16,2048,128,512,224,172.673,195.2,171.296,-0.0611
mixed,16,4,0.25,4.0,16,2048,256,1024,448,188.322,231.391,180.32,-0.1858
mixed,16,4,0.25,4.0,16,2048,512,2048,896,220.448,302.4,198.945,-0.2624
mixed,16,4,0.25,4.0,16,2048,1024,4096,1792,282.913,568.097,357.377,0.2611
mixed,16,4,0.25,4.0,16,2048,2048,8192,3584,500.065,1112,677.954,0.2907
mixed,16,4,0.25,4.0,16,2048,4096,16384,7168,976.355,2204.87,1321.38,0.2808
mixed,16,4,0.25,4.0,16,4096,128,512,224,296.384,320.513,296.225,-0.0066
mixed,16,4,0.25,4.0,16,4096,256,1024,448,312.863,355.841,304.415,-0.1966
mixed,16,4,0.25,4.0,16,4096,512,2048,896,344.448,426.209,322.4,-0.2697
mixed,16,4,0.25,4.0,16,4096,1024,4096,1792,406.402,567.969,360.578,-0.2836
mixed,16,4,0.25,4.0,16,4096,2048,8192,3584,531.617,1123.39,677.953,0.2473
mixed,16,4,0.25,4.0,16,4096,4096,16384,7168,981.186,2212.93,1317.92,0.2734
mixed,16,4,0.25,4.0,16,8192,128,512,224,555.585,567.041,555.042,-0.0474
mixed,16,4,0.25,4.0,16,8192,256,1024,448,559.04,602.402,557.344,-0.0391
mixed,16,4,0.25,4.0,16,8192,512,2048,896,591.105,673.891,569.857,-0.2567
mixed,16,4,0.25,4.0,16,8192,1024,4096,1792,653.761,814.531,607.296,-0.289
mixed,16,4,0.25,4.0,16,8192,2048,8192,3584,778.754,1133.35,677.281,-0.2862
mixed,16,4,0.25,4.0,16,8192,4096,16384,7168,1056.52,2212.65,1318.82,0.2269
mixed,16,4,0.25,4.0,32,0,128,512,224,54.176,99.136,74.69,0.4563
mixed,16,4,0.25,4.0,32,0,256,1024,448,85.6,168.16,113.633,0.3395
mixed,16,4,0.25,4.0,32,0,512,2048,896,149.408,300.384,196.64,0.3128
mixed,16,4,0.25,4.0,32,0,1024,4096,1792,266.177,565.985,355.649,0.2984
mixed,16,4,0.25,4.0,32,0,2048,8192,3584,498.85,1114.6,675.648,0.2871
mixed,16,4,0.25,4.0,32,0,4096,16384,7168,977.892,2206.5,1314.18,0.2737
mixed,16,4,0.25,4.0,32,512,128,512,224,78.847,101.024,77.503,-0.0606
mixed,16,4,0.25,4.0,32,512,256,1024,448,92.895,168.833,116.895,0.316
mixed,16,4,0.25,4.0,32,512,512,2048,896,150.208,301.76,197.313,0.3108
mixed,16,4,0.25,4.0,32,512,1024,4096,1792,266.689,567.681,357.248,0.3009
mixed,16,4,0.25,4.0,32,512,2048,8192,3584,500.799,1109.89,672.193,0.2814
mixed,16,4,0.25,4.0,32,512,4096,16384,7168,980.353,2205.67,1315.84,0.2738
mixed,16,4,0.25,4.0,32,1024,128,512,224,110.432,133.378,108.928,-0.0655
mixed,16,4,0.25,4.0,32,1024,256,1024,448,125.472,170.784,117.824,-0.1688
mixed,16,4,0.25,4.0,32,1024,512,2048,896,158.434,301.473,197.697,0.2745
mixed,16,4,0.25,4.0,32,1024,1024,4096,1792,267.809,567.298,358.016,0.3012
mixed,16,4,0.25,4.0,32,1024,2048,8192,3584,498.624,1112.19,673.314,0.2847
mixed,16,4,0.25,4.0,32,1024,4096,16384,7168,975.937,2205.29,1316.77,0.2772
mixed,16,4,0.25,4.0,32,2048,128,512,224,173.056,195.871,171.585,-0.0645
mixed,16,4,0.25,4.0,32,2048,256,1024,448,187.937,231.297,181.856,-0.1402
mixed,16,4,0.25,4.0,32,2048,512,2048,896,221.088,302.082,198.368,-0.2805
mixed,16,4,0.25,4.0,32,2048,1024,4096,1792,284.16,566.787,360.481,0.27
mixed,16,4,0.25,4.0,32,2048,2048,8192,3584,499.264,1113.7,676.163,0.2879
mixed,16,4,0.25,4.0,32,2048,4096,16384,7168,975.49,2206.76,1320.74,0.2804
mixed,16,4,0.25,4.0,32,4096,128,512,224,295.809,319.041,295.072,-0.0317
mixed,16,4,0.25,4.0,32,4096,256,1024,448,312.288,356.545,303.778,-0.1923
mixed,16,4,0.25,4.0,32,4096,512,2048,896,344.385,426.369,322.114,-0.2717
mixed,16,4,0.25,4.0,32,4096,1024,4096,1792,406.754,570.21,357.92,-0.2988
mixed,16,4,0.25,4.0,32,4096,2048,8192,3584,532.226,1121.06,676.833,0.2456
mixed,16,4,0.25,4.0,32,4096,4096,16384,7168,981.987,2210.82,1320.77,0.2757
mixed,16,4,0.25,4.0,32,8192,128,512,224,555.2,565.185,555.395,0.0195
mixed,16,4,0.25,4.0,32,8192,256,1024,448,558.048,602.177,556.096,-0.0442
mixed,16,4,0.25,4.0,32,8192,512,2048,896,591.424,671.457,569.632,-0.2723
mixed,16,4,0.25,4.0,32,8192,1024,4096,1792,652.45,815.17,606.145,-0.2846
mixed,16,4,0.25,4.0,32,8192,2048,8192,3584,780.738,1134.53,679.075,-0.2874
mixed,16,4,0.25,4.0,32,8192,4096,16384,7168,1057.54,2209.16,1321.19,0.2289
mixed,16,4,0.25,4.0,64,0,128,512,224,53.921,99.65,74.464,0.4492
mixed,16,4,0.25,4.0,64,0,256,1024,448,84.832,168.575,114.4,0.3531
mixed,16,4,0.25,4.0,64,0,512,2048,896,149.504,301.536,196.032,0.306
mixed,16,4,0.25,4.0,64,0,1024,4096,1792,266.37,566.21,356.095,0.2992
mixed,16,4,0.25,4.0,64,0,2048,8192,3584,498.083,1119.39,676.258,0.2868
mixed,16,4,0.25,4.0,64,0,4096,16384,7168,981.251,2211.37,1314.88,0.2712
mixed,16,4,0.25,4.0,64,512,128,512,224,79.616,102.495,78.048,-0.0685
mixed,16,4,0.25,4.0,64,512,256,1024,448,95.521,168.737,117.504,0.3002
mixed,16,4,0.25,4.0,64,512,512,2048,896,149.728,300.736,197.089,0.3136
mixed,16,4,0.25,4.0,64,512,1024,4096,1792,267.106,568.289,356.48,0.2967
mixed,16,4,0.25,4.0,64,512,2048,8192,3584,498.336,1110.63,673.889,0.2867
mixed,16,4,0.25,4.0,64,512,4096,16384,7168,979.905,2205.06,1313.22,0.2721
mixed,16,4,0.25,4.0,64,1024,128,512,224,112.192,134.912,110.144,-0.0901
mixed,16,4,0.25,4.0,64,1024,256,1024,448,126.688,171.009,119.425,-0.1639
mixed,16,4,0.25,4.0,64,1024,512,2048,896,159.137,301.984,197.28,0.267
mixed,16,4,0.25,4.0,64,1024,1024,4096,1792,266.465,569.857,357.794,0.301
mixed,16,4,0.25,4.0,64,1024,2048,8192,3584,498.819,1114.28,674.019,0.2847
mixed,16,4,0.25,4.0,64,1024,4096,16384,7168,977.986,2210.22,1314.56,0.2731
mixed,16,4,0.25,4.0,64,2048,128,512,224,174.048,196.832,172.544,-0.066
mixed,16,4,0.25,4.0,64,2048,256,1024,448,189.759,233.216,181.312,-0.1944
mixed,16,4,0.25,4.0,64,2048,512,2048,896,221.314,303.299,198.978,-0.2724
mixed,16,4,0.25,4.0,64,2048,1024,4096,1792,284.769,571.744,357.345,0.2529
mixed,16,4,0.25,4.0,64,2048,2048,8192,3584,500.226,1114.47,678.625,0.2904
mixed,16,4,0.25,4.0,64,2048,4096,16384,7168,974.563,2211.21,1316.13,0.2762
mixed,16,4,0.25,4.0,64,4096,128,512,224,297.023,321.281,296.128,-0.0369
mixed,16,4,0.25,4.0,64,4096,256,1024,448,313.314,357.153,305.984,-0.1672
mixed,16,4,0.25,4.0,64,4096,512,2048,896,345.858,427.202,323.681,-0.2726
mixed,16,4,0.25,4.0,64,4096,1024,4096,1792,407.939,570.816,359.042,-0.3002
mixed,16,4,0.25,4.0,64,4096,2048,8192,3584,533.312,1120.36,676.096,0.2432
mixed,16,4,0.25,4.0,64,4096,4096,16384,7168,982.496,2215.34,1323.65,0.2767
mixed,16,4,0.25,4.0,64,8192,128,512,224,555.393,568.355,557.409,0.1555
mixed,16,4,0.25,4.0,64,8192,256,1024,448,558.847,604.642,558.305,-0.0118
mixed,16,4,0.25,4.0,64,8192,512,2048,896,592.833,673.633,569.888,-0.284
mixed,16,4,0.25,4.0,64,8192,1024,4096,1792,654.625,817.668,606.659,-0.2942
mixed,16,4,0.25,4.0,64,8192,2048,8192,3584,780.385,1134.5,678.242,-0.2884
mixed,16,4,0.25,4.0,64,8192,4096,16384,7168,1056.96,2212.48,1317.32,0.2253
mixed,16,4,0.25,4.0,128,0,128,512,224,54.658,100.414,76.032,0.4671
mixed,16,4,0.25,4.0,128,0,256,1024,448,85.92,169.248,116.992,0.3729
mixed,16,4,0.25,4.0,128,0,512,2048,896,151.232,301.73,197.12,0.3049
mixed,16,4,0.25,4.0,128,0,1024,4096,1792,267.136,566.786,357.44,0.3014
mixed,16,4,0.25,4.0,128,0,2048,8192,3584,500.225,1121.25,673.185,0.2785
mixed,16,4,0.25,4.0,128,0,4096,16384,7168,977.73,2207.49,1320.74,0.2789
mixed,16,4,0.25,4.0,128,512,128,512,224,80.384,103.328,80.479,0.0041
mixed,16,4,0.25,4.0,128,512,256,1024,448,96.32,169.184,118.848,0.3092
mixed,16,4,0.25,4.0,128,512,512,2048,896,151.264,301.505,200.194,0.3257
mixed,16,4,0.25,4.0,128,512,1024,4096,1792,267.84,565.666,358.466,0.3043
mixed,16,4,0.25,4.0,128,512,2048,8192,3584,499.232,1115.68,674.017,0.2835
mixed,16,4,0.25,4.0,128,512,4096,16384,7168,979.427,2202.98,1316.58,0.2756
mixed,16,4,0.25,4.0,128,1024,128,512,224,112.416,136.511,113.023,0.0252
mixed,16,4,0.25,4.0,128,1024,256,1024,448,129.279,172.129,121.697,-0.1769
mixed,16,4,0.25,4.0,128,1024,512,2048,896,161.92,303.169,199.521,0.2662
mixed,16,4,0.25,4.0,128,1024,1024,4096,1792,268.897,569.123,360.993,0.3068
mixed,16,4,0.25,4.0,128,1024,2048,8192,3584,501.154,1109.67,677.76,0.2902
mixed,16,4,0.25,4.0,128,1024,4096,16384,7168,972.26,2208.04,1322.37,0.2833
mixed,16,4,0.25,4.0,128,2048,128,512,224,175.712,200.961,174.624,-0.0431
mixed,16,4,0.25,4.0,128,2048,256,1024,448,193.41,235.616,185.921,-0.1774
mixed,16,4,0.25,4.0,128,2048,512,2048,896,225.76,306.016,202.977,-0.2839
mixed,16,4,0.25,4.0,128,2048,1024,4096,1792,286.88,570.85,361.313,0.2621
mixed,16,4,0.25,4.0,128,2048,2048,8192,3584,500.64,1106.44,679.103,0.2946
mixed,16,4,0.25,4.0,128,2048,4096,16384,7168,972.994,2205.22,1321.76,0.283
mixed,16,4,0.25,4.0,128,4096,128,512,224,302.272,326.592,299.488,-0.1145
mixed,16,4,0.25,4.0,128,4096,256,1024,448,317.056,361.442,309.699,-0.1658
mixed,16,4,0.25,4.0,128,4096,512,2048,896,352.864,429.955,330.336,-0.2922
mixed,16,4,0.25,4.0,128,4096,1024,4096,1792,410.882,573.794,365.058,-0.2813
mixed,16,4,0.25,4.0,128,4096,2048,8192,3584,537.409,1113.12,681.184,0.2497
mixed,16,4,0.25,4.0,128,4096,4096,16384,7168,970.401,2210.69,1324.68,0.2856
mixed,16,4,0.25,4.0,128,8192,128,512,224,556.864,570.658,557.123,0.0188
mixed,16,4,0.25,4.0,128,8192,256,1024,448,564.991,606.497,558.88,-0.1472
mixed,16,4,0.25,4.0,128,8192,512,2048,896,598.498,677.185,579.842,-0.2371
mixed,16,4,0.25,4.0,128,8192,1024,4096,1792,659.872,821.666,614.336,-0.2814
mixed,16,4,0.25,4.0,128,8192,2048,8192,3584,787.652,1133.96,685.41,-0.2952
mixed,16,4,0.25,4.0,128,8192,4096,16384,7168,1064.64,2213.83,1324.81,0.2264
mixed,16,4,0.25,4.0,256,0,128,512,224,60.608,105.313,83.199,0.5053
mixed,16,4,0.25,4.0,256,0,256,1024,448,90.527,173.76,123.073,0.391
mixed,16,4,0.25,4.0,256,0,512,2048,896,156.449,302.754,201.952,0.311
mixed,16,4,0.25,4.0,256,0,1024,4096,1792,271.971,565.954,362.176,0.3068
mixed,16,4,0.25,4.0,256,0,2048,8192,3584,500.257,1112,677.664,0.29
mixed,16,4,0.25,4.0,256,0,4096,16384,7168,972.963,2206.21,1316.9,0.2789
mixed,16,4,0.25,4.0,256,512,128,512,224,95.136,117.12,109.055,0.6331
mixed,16,4,0.25,4.0,256,512,256,1024,448,110.912,174.561,140.736,0.4686
mixed,16,4,0.25,4.0,256,512,512,2048,896,157.215,304.738,209.632,0.3553
mixed,16,4,0.25,4.0,256,512,1024,4096,1792,272.159,567.777,363.458,0.3088
mixed,16,4,0.25,4.0,256,512,2048,8192,3584,500.705,1106.66,679.617,0.2953
mixed,16,4,0.25,4.0,256,512,4096,16384,7168,979.649,2201.86,1315.2,0.2745
mixed,16,4,0.25,4.0,256,1024,128,512,224,127.553,152.224,140.16,0.511
mixed,16,4,0.25,4.0,256,1024,256,1024,448,144.512,186.883,159.232,0.3474
mixed,16,4,0.25,4.0,256,1024,512,2048,896,178.047,306.817,238.177,0.467
mixed,16,4,0.25,4.0,256,1024,1024,4096,1792,274.272,569.474,370.08,0.3246
mixed,16,4,0.25,4.0,256,1024,2048,8192,3584,502.754,1107.39,681.376,0.2954
mixed,16,4,0.25,4.0,256,1024,4096,16384,7168,971.235,2207.78,1321.8,0.2835
mixed,16,4,0.25,4.0,256,2048,128,512,224,191.069,217.89,203.584,0.4666
mixed,16,4,0.25,4.0,256,2048,256,1024,448,207.68,251.872,223.937,0.3679
mixed,16,4,0.25,4.0,256,2048,512,2048,896,242.369,319.489,256.608,0.1846
mixed,16,4,0.25,4.0,256,2048,1024,4096,1792,303.105,570.593,433.57,0.4877
mixed,16,4,0.25,4.0,256,2048,2048,8192,3584,503.266,1105.99,686.019,0.3032
mixed,16,4,0.25,4.0,256,2048,4096,16384,7168,974.466,2207.43,1324.64,0.284
mixed,16,4,0.25,4.0,256,4096,128,512,224,317.6,341.312,328.481,0.4589
mixed,16,4,0.25,4.0,256,4096,256,1024,448,335.103,376.865,351.008,0.3808
mixed,16,4,0.25,4.0,256,4096,512,2048,896,368.546,445.954,380.993,0.1608
mixed,16,4,0.25,4.0,256,4096,1024,4096,1792,429.856,583.521,446.85,0.1106
mixed,16,4,0.25,4.0,256,4096,2048,8192,3584,549.25,1106.43,816.672,0.48
mixed,16,4,0.25,4.0,256,4096,4096,16384,7168,972.963,2222.63,1327.01,0.2833
mixed,16,4,0.25,4.0,256,8192,128,512,224,568.448,600.036,579.617,0.3536
mixed,16,4,0.25,4.0,256,8192,256,1024,448,585.473,625.408,596.002,0.2637
mixed,16,4,0.25,4.0,256,8192,512,2048,896,617.857,694.114,627.361,0.1246
mixed,16,4,0.25,4.0,256,8192,1024,4096,1792,678.271,838.113,699.395,0.1322
mixed,16,4,0.25,4.0,256,8192,2048,8192,3584,798.403,1137.22,827.073,0.0846
mixed,16,4,0.25,4.0,256,8192,4096,16384,7168,1060.52,2224.87,1575.46,0.4423
mixed,16,4,0.25,4.0,512,0,128,512,224,97.44,128.704,108.254,0.3459
mixed,16,4,0.25,4.0,512,0,256,1024,448,115.746,191.04,153.632,0.5032
mixed,16,4,0.25,4.0,512,0,512,2048,896,174.497,316.9,231.008,0.3968
mixed,16,4,0.25,4.0,512,0,1024,4096,1792,285.089,577.633,383.491,0.3364
mixed,16,4,0.25,4.0,512,0,2048,8192,3584,512.161,1117.64,694.978,0.3019
mixed,16,4,0.25,4.0,512,0,4096,16384,7168,982.018,2214.21,1329.79,0.2822
mixed,16,4,0.25,4.0,512,512,128,512,224,143.007,163.584,148.609,0.2722
mixed,16,4,0.25,4.0,512,512,256,1024,448,165.282,220.321,171.329,0.1099
mixed,16,4,0.25,4.0,512,512,512,2048,896,208.641,322.114,258.881,0.4427
mixed,16,4,0.25,4.0,512,512,1024,4096,1792,293.023,580.866,420.126,0.4416
mixed,16,4,0.25,4.0,512,512,2048,8192,3584,514.306,1111.68,729.024,0.3594
mixed,16,4,0.25,4.0,512,512,4096,16384,7168,979.107,2208.68,1334.6,0.2891
mixed,16,4,0.25,4.0,512,1024,128,512,224,180.033,217.729,191.616,0.3073
mixed,16,4,0.25,4.0,512,1024,256,1024,448,208.8,255.488,211.872,0.0658
mixed,16,4,0.25,4.0,512,1024,512,2048,896,231.105,350.049,270.177,0.3285
mixed,16,4,0.25,4.0,512,1024,1024,4096,1792,332.226,582.721,450.497,0.4721
mixed,16,4,0.25,4.0,512,1024,2048,8192,3584,519.072,1113.09,767.042,0.4174
mixed,16,4,0.25,4.0,512,1024,4096,16384,7168,980.674,2215.01,1341.47,0.2923
mixed,16,4,0.25,4.0,512,2048,128,512,224,243.903,290.305,255.17,0.2428
mixed,16,4,0.25,4.0,512,2048,256,1024,448,277.185,347.201,287.456,0.1467
mixed,16,4,0.25,4.0,512,2048,512,2048,896,337.122,449.952,333.088,-0.0358
mixed,16,4,0.25,4.0,512,2048,1024,4096,1792,403.841,598.944,463.425,0.3054
mixed,16,4,0.25,4.0,512,2048,2048,8192,3584,567.68,1112.19,831.04,0.4837
mixed,16,4,0.25,4.0,512,2048,4096,16384,7168,982.211,2210.02,1461.73,0.3905
mixed,16,4,0.25,4.0,512,4096,128,512,224,370.56,416.194,383.553,0.2847
mixed,16,4,0.25,4.0,512,4096,256,1024,448,401.955,483.488,412.098,0.1244
mixed,16,4,0.25,4.0,512,4096,512,2048,896,468.098,604.129,471.297,0.0235
mixed,16,4,0.25,4.0,512,4096,1024,4096,1792,579.936,833.249,592.671,0.0503
mixed,16,4,0.25,4.0,512,4096,2048,8192,3584,738.658,1117.51,845.664,0.2825
mixed,16,4,0.25,4.0,512,4096,4096,16384,7168,1032.74,2225.03,1658.15,0.5245
mixed,16,4,0.25,4.0,512,8192,128,512,224,648.832,701.855,664.383,0.2933
mixed,16,4,0.25,4.0,512,8192,256,1024,448,679.33,762.785,695.427,0.1929
mixed,16,4,0.25,4.0,512,8192,512,2048,896,746.98,862.496,749.667,0.0233
mixed,16,4,0.25,4.0,512,8192,1024,4096,1792,869.346,1166.12,886.498,0.0578
mixed,16,4,0.25,4.0,512,8192,2048,8192,3584,1101.73,1678.95,1153,0.0888
mixed,16,4,0.25,4.0,512,8192,4096,16384,7168,1493.32,2305.03,1679.62,0.2295
mixed,16,4,0.25,4.0,1024,0,128,512,224,184.832,213.374,191.777,0.2433
mixed,16,4,0.25,4.0,1024,0,256,1024,448,196.575,258.337,206.655,0.1632
mixed,16,4,0.25,4.0,1024,0,512,2048,896,240.352,377.055,295.295,0.4019
mixed,16,4,0.25,4.0,1024,0,1024,4096,1792,347.872,629.058,476.256,0.4566
mixed,16,4,0.25,4.0,1024,0,2048,8192,3584,588.257,1153.76,762.979,0.309
mixed,16,4,0.25,4.0,1024,0,4096,16384,7168,1020.58,2236.17,1389.83,0.3038
mixed,16,4,0.25,4.0,1024,512,128,512,224,239.904,273.218,254.177,0.4284
mixed,16,4,0.25,4.0,1024,512,256,1024,448,272.929,316.417,276.098,0.0729
mixed,16,4,0.25,4.0,1024,512,512,2048,896,297.28,426.37,331.041,0.2615
mixed,16,4,0.25,4.0,1024,512,1024,4096,1792,395.553,669.217,501.921,0.3887
mixed,16,4,0.25,4.0,1024,512,2048,8192,3584,606.785,1184.26,818.979,0.3675
mixed,16,4,0.25,4.0,1024,512,4096,16384,7168,1055.56,2237.25,1438.15,0.3238
mixed,16,4,0.25,4.0,1024,1024,128,512,224,300.417,331.84,308.449,0.2556
mixed,16,4,0.25,4.0,1024,1024,256,1024,448,321.537,370.274,325.409,0.0794
mixed,16,4,0.25,4.0,1024,1024,512,2048,896,364.126,484.093,384.994,0.1739
mixed,16,4,0.25,4.0,1024,1024,1024,4096,1792,424.161,708.257,552.032,0.4501
mixed,16,4,0.25,4.0,1024,1024,2048,8192,3584,646.495,1216.74,863.331,0.3803
mixed,16,4,0.25,4.0,1024,1024,4096,16384,7168,1093.06,2255.78,1486.53,0.3384
mixed,16,4,0.25,4.0,1024,2048,128,512,224,419.776,446.946,422.399,0.0965
mixed,16,4,0.25,4.0,1024,2048,256,1024,448,436.992,487.394,440.769,0.0749
mixed,16,4,0.25,4.0,1024,2048,512,2048,896,476.832,563.2,495.009,0.2105
mixed,16,4,0.25,4.0,1024,2048,1024,4096,1792,545.633,794.851,622.752,0.3094
mixed,16,4,0.25,4.0,1024,2048,2048,8192,3584,738.434,1293.19,986.499,0.4472
mixed,16,4,0.25,4.0,1024,2048,4096,16384,7168,1167.62,2321.42,1592.23,0.368
mixed,16,4,0.25,4.0,1024,4096,128,512,224,666.176,683.233,667.455,0.075
mixed,16,4,0.25,4.0,1024,4096,256,1024,448,677.247,730.818,677.059,-0.0035
mixed,16,4,0.25,4.0,1024,4096,512,2048,896,716.514,799.555,705.666,-0.1306
mixed,16,4,0.25,4.0,1024,4096,1024,4096,1792,779.171,932.13,763.427,-0.1029
mixed,16,4,0.25,4.0,1024,4096,2048,8192,3584,906.723,1440.8,1120.87,0.401
mixed,16,4,0.25,4.0,1024,4096,4096,16384,7168,1323.56,2693.32,1861.99,0.3931
mixed,16,4,0.25,4.0,1024,8192,128,512,224,1152.45,1171.78,1155.39,0.1523
mixed,16,4,0.25,4.0,1024,8192,256,1024,448,1165.47,1206.85,1164.13,-0.0324
mixed,16,4,0.25,4.0,1024,8192,512,2048,896,1196.64,1276.99,1178.53,-0.2254
mixed,16,4,0.25,4.0,1024,8192,1024,4096,1792,1257.95,1435.33,1218.37,-0.2232
mixed,16,4,0.25,4.0,1024,8192,2048,8192,3584,1380.71,1718.92,1335.14,-0.1347
mixed,16,4,0.25,4.0,1024,8192,4096,16384,7168,1640.49,2790.6,2136.52,0.4313
mixed,16,4,0.25,4.0,2048,0,128,512,224,397.347,424.704,404.127,0.2478
mixed,16,4,0.25,4.0,2048,0,256,1024,448,420.16,467.01,419.649,-0.0109
mixed,16,4,0.25,4.0,2048,0,512,2048,896,457.794,567.009,465.665,0.0721
mixed,16,4,0.25,4.0,2048,0,1024,4096,1792,532.928,822.561,648.547,0.3992
mixed,16,4,0.25,4.0,2048,0,2048,8192,3584,763.778,1323.21,981.987,0.3901
mixed,16,4,0.25,4.0,2048,0,4096,16384,7168,1203.2,2358.03,1609.8,0.3521
mixed,16,4,0.25,4.0,2048,512,128,512,224,498.275,529.153,504.256,0.1937
mixed,16,4,0.25,4.0,2048,512,256,1024,448,521.888,569.984,522.466,0.012
mixed,16,4,0.25,4.0,2048,512,512,2048,896,559.775,647.618,555.617,-0.0473
mixed,16,4,0.25,4.0,2048,512,1024,4096,1792,624.579,903.3,726.72,0.3665
mixed,16,4,0.25,4.0,2048,512,2048,8192,3584,842.435,1404.36,1076.51,0.4166
mixed,16,4,0.25,4.0,2048,512,4096,16384,7168,1290.4,2398.7,1715.14,0.3832
mixed,16,4,0.25,4.0,2048,1024,128,512,224,595.363,628.578,601.951,0.1983
mixed,16,4,0.25,4.0,2048,1024,256,1024,448,618.721,670.467,623.49,0.0922
mixed,16,4,0.25,4.0,2048,1024,512,2048,896,659.839,743.299,659.04,-0.0096
mixed,16,4,0.25,4.0,2048,1024,1024,4096,1792,724.772,992.739,802.177,0.2889
mixed,16,4,0.25,4.0,2048,1024,2048,8192,3584,927.81,1493.38,1158.53,0.408
mixed,16,4,0.25,4.0,2048,1024,4096,16384,7168,1444.26,2457.83,1808.07,0.3589
mixed,16,4,0.25,4.0,2048,2048,128,512,224,783.618,820.419,791.78,0.2218
mixed,16,4,0.25,4.0,2048,2048,256,1024,448,808.226,872.418,813.027,0.0748
mixed,16,4,0.25,4.0,2048,2048,512,2048,896,858.466,952.066,853.216,-0.0561
mixed,16,4,0.25,4.0,2048,2048,1024,4096,1792,934.147,1147.75,956.225,0.1034
mixed,16,4,0.25,4.0,2048,2048,2048,8192,3584,1080.9,1674.69,1319.3,0.4015
mixed,16,4,0.25,4.0,2048,2048,4096,16384,7168,1536.96,2623.91,1996.13,0.4224
mixed,16,4,0.25,4.0,2048,4096,128,512,224,1150.82,1187.84,1155.97,0.1391
mixed,16,4,0.25,4.0,2048,4096,256,1024,448,1178.63,1250.53,1186.05,0.1033
mixed,16,4,0.25,4.0,2048,4096,512,2048,896,1234.12,1368.58,1240.1,0.0445
mixed,16,4,0.25,4.0,2048,4096,1024,4096,1792,1337.15,1523.88,1347.05,0.053
mixed,16,4,0.25,4.0,2048,4096,2048,8192,3584,1463.88,2005.89,1619.52,0.2872
mixed,16,4,0.25,4.0,2048,4096,4096,16384,7168,1861.89,3089.41,2330.02,0.3814
mixed,16,4,0.25,4.0,2048,8192,128,512,224,1878.05,1914.34,1890.82,0.3518
mixed,16,4,0.25,4.0,2048,8192,256,1024,448,1910.63,1980.42,1918.92,0.1188
mixed,16,4,0.25,4.0,2048,8192,512,2048,896,1959.33,2104.71,1965.7,0.0438
mixed,16,4,0.25,4.0,2048,8192,1024,4096,1792,2076.97,2356.36,2088.93,0.0428
mixed,16,4,0.25,4.0,2048,8192,2048,8192,3584,2298.05,2733.83,2325.06,0.062
mixed,16,4,0.25,4.0,2048,8192,4096,16384,7168,2549.77,3865.55,2918.86,0.2805
pure,16,8,0.5,4.0,0,0,128,512,320,63.969,74.591,64.734,0.072
pure,16,8,0.5,4.0,0,0,256,1024,640,88.704,109.376,85.278,-0.1657
pure,16,8,0.5,4.0,0,0,512,2048,1280,126.339,178.046,124,-0.0452
pure,16,8,0.5,4.0,0,0,1024,4096,2560,211.392,329.344,210.113,-0.0108
pure,16,8,0.5,4.0,0,0,2048,8192,5120,403.011,596.704,408.193,0.0268
pure,16,8,0.5,4.0,0,0,4096,16384,10240,737.187,1139.81,747.139,0.0247
mixed,16,8,0.5,4.0,16,0,128,512,320,69.152,99.648,76.096,0.2277
mixed,16,8,0.5,4.0,16,0,256,1024,640,115.647,167.297,116.288,0.0124
mixed,16,8,0.5,4.0,16,0,512,2048,1280,200.737,301.664,199.679,-0.0105
mixed,16,8,0.5,4.0,16,0,1024,4096,2560,366.177,566.816,362.69,-0.0174
mixed,16,8,0.5,4.0,16,0,2048,8192,5120,699.297,1117.63,680.162,-0.0457
mixed,16,8,0.5,4.0,16,0,4096,16384,10240,1387.27,2208.58,1330.15,-0.0695
mixed,16,8,0.5,4.0,16,512,128,512,320,85.185,100.769,78.784,-0.4107
mixed,16,8,0.5,4.0,16,512,256,1024,640,115.969,168.159,119.872,0.0748
mixed,16,8,0.5,4.0,16,512,512,2048,1280,200.097,300.449,200.545,0.0045
mixed,16,8,0.5,4.0,16,512,1024,4096,2560,366.528,567.52,361.438,-0.0253
mixed,16,8,0.5,4.0,16,512,2048,8192,5120,701.731,1107.88,680.737,-0.0517
mixed,16,8,0.5,4.0,16,512,4096,16384,10240,1386.6,2199.3,1326.82,-0.0736
mixed,16,8,0.5,4.0,16,1024,128,512,320,116.96,132.512,110.784,-0.3971
mixed,16,8,0.5,4.0,16,1024,256,1024,640,142.144,170.208,119.426,-0.8095
mixed,16,8,0.5,4.0,16,1024,512,2048,1280,201.249,301.025,202.498,0.0125
mixed,16,8,0.5,4.0,16,1024,1024,4096,2560,366.016,565.824,361.728,-0.0215
mixed,16,8,0.5,4.0,16,1024,2048,8192,5120,702.593,1112.71,683.394,-0.0468
mixed,16,8,0.5,4.0,16,1024,4096,16384,10240,1389.09,2208.71,1330.69,-0.0713
mixed,16,8,0.5,4.0,16,2048,128,512,320,179.649,195.969,173.376,-0.3844
mixed,16,8,0.5,4.0,16,2048,256,1024,640,203.584,232.033,183.489,-0.7064
mixed,16,8,0.5,4.0,16,2048,512,2048,1280,248.194,303.457,203.489,-0.8089
mixed,16,8,0.5,4.0,16,2048,1024,4096,2560,368.993,566.755,363.904,-0.0257
mixed,16,8,0.5,4.0,16,2048,2048,8192,5120,702.434,1112.39,683.843,-0.0453
mixed,16,8,0.5,4.0,16,2048,4096,16384,10240,1386.95,2206.5,1328.87,-0.0709
mixed,16,8,0.5,4.0,16,4096,128,512,320,304.353,319.265,296.802,-0.5064
mixed,16,8,0.5,4.0,16,4096,256,1024,640,327.36,354.623,307.84,-0.716
mixed,16,8,0.5,4.0,16,4096,512,2048,1280,372.193,426.306,327.136,-0.8326
mixed,16,8,0.5,4.0,16,4096,1024,4096,2560,459.009,568.257,363.778,-0.8717
mixed,16,8,0.5,4.0,16,4096,2048,8192,5120,705.825,1126.4,686.627,-0.0456
mixed,16,8,0.5,4.0,16,4096,4096,16384,10240,1387.94,2209.86,1334.43,-0.0651
mixed,16,8,0.5,4.0,16,8192,128,512,320,555.456,566.304,556.065,0.0561
mixed,16,8,0.5,4.0,16,8192,256,1024,640,574.24,602.658,558.914,-0.5393
mixed,16,8,0.5,4.0,16,8192,512,2048,1280,618.785,673.184,570.787,-0.8823
mixed,16,8,0.5,4.0,16,8192,1024,4096,2560,706.21,815.011,611.652,-0.8691
mixed,16,8,0.5,4.0,16,8192,2048,8192,5120,892.388,1135.62,687.907,-0.8407
mixed,16,8,0.5,4.0,16,8192,4096,16384,10240,1396.96,2210.89,1333.99,-0.0774
mixed,16,8,0.5,4.0,32,0,128,512,320,68.608,99.328,76.032,0.2417
mixed,16,8,0.5,4.0,32,0,256,1024,640,116.256,167.617,115.647,-0.0119
mixed,16,8,0.5,4.0,32,0,512,2048,1280,200.193,300.097,199.744,-0.0045
mixed,16,8,0.5,4.0,32,0,1024,4096,2560,367.84,566.018,361.121,-0.0339
mixed,16,8,0.5,4.0,32,0,2048,8192,5120,702.402,1115.84,683.458,-0.0458
mixed,16,8,0.5,4.0,32,0,4096,16384,10240,1383.27,2205.35,1328.48,-0.0666
mixed,16,8,0.5,4.0,32,512,128,512,320,85.377,100.833,78.145,-0.4679
mixed,16,8,0.5,4.0,32,512,256,1024,640,115.648,169.184,119.808,0.0777
mixed,16,8,0.5,4.0,32,512,512,2048,1280,200.416,302.336,202.08,0.0163
mixed,16,8,0.5,4.0,32,512,1024,4096,2560,367.616,565.122,360.515,-0.036
mixed,16,8,0.5,4.0,32,512,2048,8192,5120,700.705,1112.84,683.683,-0.0413
mixed,16,8,0.5,4.0,32,512,4096,16384,10240,1386.79,2208.81,1328.2,-0.0713
mixed,16,8,0.5,4.0,32,1024,128,512,320,117.569,132.289,110.624,-0.4718
mixed,16,8,0.5,4.0,32,1024,256,1024,640,141.473,170.56,118.848,-0.7778
mixed,16,8,0.5,4.0,32,1024,512,2048,1280,201.12,300.801,201.12,0.0
mixed,16,8,0.5,4.0,32,1024,1024,4096,2560,367.011,567.425,362.977,-0.0201
mixed,16,8,0.5,4.0,32,1024,2048,8192,5120,705.698,1110.02,681.922,-0.0588
mixed,16,8,0.5,4.0,32,1024,4096,16384,10240,1388.64,2206.63,1326.63,-0.0758
mixed,16,8,0.5,4.0,32,2048,128,512,320,179.808,196.482,173.439,-0.382
mixed,16,8,0.5,4.0,32,2048,256,1024,640,203.52,231.745,184,-0.6916
mixed,16,8,0.5,4.0,32,2048,512,2048,1280,249.441,303.043,202.754,-0.871
mixed,16,8,0.5,4.0,32,2048,1024,4096,2560,366.529,568.579,363.872,-0.0132
mixed,16,8,0.5,4.0,32,2048,2048,8192,5120,701.537,1111.27,683.68,-0.0436
mixed,16,8,0.5,4.0,32,2048,4096,16384,10240,1385.35,2208.84,1330.82,-0.0662
mixed,16,8,0.5,4.0,32,4096,128,512,320,304.096,320.513,297.44,-0.4054
mixed,16,8,0.5,4.0,32,4096,256,1024,640,327.81,356.671,307.553,-0.7019
mixed,16,8,0.5,4.0,32,4096,512,2048,1280,372.321,425.536,326.337,-0.8641
mixed,16,8,0.5,4.0,32,4096,1024,4096,2560,461.504,568.447,364.32,-0.9087
mixed,16,8,0.5,4.0,32,4096,2048,8192,5120,710.401,1120.04,688.064,-0.0545
mixed,16,8,0.5,4.0,32,4096,4096,16384,10240,1390.53,2214.12,1336.19,-0.066
mixed,16,8,0.5,4.0,32,8192,128,512,320,555.907,565.985,555.842,-0.0064
mixed,16,8,0.5,4.0,32,8192,256,1024,640,575.041,603.394,560.384,-0.5169
mixed,16,8,0.5,4.0,32,8192,512,2048,1280,617.762,671.521,573.6,-0.8215
mixed,16,8,0.5,4.0,32,8192,1024,4096,2560,707.747,816.672,608.929,-0.9072
mixed,16,8,0.5,4.0,32,8192,2048,8192,5120,897.604,1131.59,686.88,-0.9006
mixed,16,8,0.5,4.0,32,8192,4096,16384,10240,1399.08,2208.23,1334.6,-0.0797
mixed,16,8,0.5,4.0,64,0,128,512,320,69.665,99.648,76.224,0.2188
mixed,16,8,0.5,4.0,64,0,256,1024,640,116.127,168.416,116.417,0.0055
mixed,16,8,0.5,4.0,64,0,512,2048,1280,200.96,301.281,199.617,-0.0134
mixed,16,8,0.5,4.0,64,0,1024,4096,2560,367.712,566.273,361.248,-0.0326
mixed,16,8,0.5,4.0,64,0,2048,8192,5120,706.72,1116.93,681.889,-0.0605
mixed,16,8,0.5,4.0,64,0,4096,16384,10240,1388.16,2206.69,1329.57,-0.0716
mixed,16,8,0.5,4.0,64,512,128,512,320,86.593,102.656,79.488,-0.4423
mixed,16,8,0.5,4.0,64,512,256,1024,640,115.968,168.64,119.84,0.0735
mixed,16,8,0.5,4.0,64,512,512,2048,1280,201.055,301.345,201.793,0.0074
mixed,16,8,0.5,4.0,64,512,1024,4096,2560,366.785,567.778,361.919,-0.0242
mixed,16,8,0.5,4.0,64,512,2048,8192,5120,705.604,1114.82,681.313,-0.0594
mixed,16,8,0.5,4.0,64,512,4096,16384,10240,1389.57,2212.45,1331.05,-0.0711
mixed,16,8,0.5,4.0,64,1024,128,512,320,118.432,134.465,111.072,-0.4591
mixed,16,8,0.5,4.0,64,1024,256,1024,640,142.432,170.498,120.002,-0.7992
mixed,16,8,0.5,4.0,64,1024,512,2048,1280,201.185,300.577,201.888,0.0071
mixed,16,8,0.5,4.0,64,1024,1024,4096,2560,367.52,568.128,362.401,-0.0255
mixed,16,8,0.5,4.0,64,1024,2048,8192,5120,705.505,1112.13,680.098,-0.0625
mixed,16,8,0.5,4.0,64,1024,4096,16384,10240,1389.89,2207.68,1329.83,-0.0735
mixed,16,8,0.5,4.0,64,2048,128,512,320,181.888,196.769,174.144,-0.5204
mixed,16,8,0.5,4.0,64,2048,256,1024,640,204.993,234.177,184.833,-0.6908
mixed,16,8,0.5,4.0,64,2048,512,2048,1280,249.537,303.68,203.904,-0.8428
mixed,16,8,0.5,4.0,64,2048,1024,4096,2560,367.616,571.938,364.61,-0.0147
mixed,16,8,0.5,4.0,64,2048,2048,8192,5120,703.33,1112.71,683.424,-0.0486
mixed,16,8,0.5,4.0,64,2048,4096,16384,10240,1387.2,2209.32,1330.12,-0.0694
mixed,16,8,0.5,4.0,64,4096,128,512,320,304.673,320.545,298.306,-0.4011
mixed,16,8,0.5,4.0,64,4096,256,1024,640,329.024,356.386,308.513,-0.7496
mixed,16,8,0.5,4.0,64,4096,512,2048,1280,374.082,427.872,327.295,-0.8698
mixed,16,8,0.5,4.0,64,4096,1024,4096,2560,462.177,569.633,366.176,-0.8934
mixed,16,8,0.5,4.0,64,4096,2048,8192,5120,706.626,1122.85,686.788,-0.0477
mixed,16,8,0.5,4.0,64,4096,4096,16384,10240,1388.32,2216.33,1335.62,-0.0637
mixed,16,8,0.5,4.0,64,8192,128,512,320,556.13,568.033,558.049,0.1612
mixed,16,8,0.5,4.0,64,8192,256,1024,640,576.322,605.569,559.328,-0.5811
mixed,16,8,0.5,4.0,64,8192,512,2048,1280,620.353,673.667,573.762,-0.8739
mixed,16,8,0.5,4.0,64,8192,1024,4096,2560,709.507,817.442,612.099,-0.9025
mixed,16,8,0.5,4.0,64,8192,2048,8192,5120,899.267,1135.94,686.882,-0.8974
mixed,16,8,0.5,4.0,64,8192,4096,16384,10240,1402.18,2211.94,1338.31,-0.0789
mixed,16,8,0.5,4.0,128,0,128,512,320,70.464,100.802,79.68,0.3038
mixed,16,8,0.5,4.0,128,0,256,1024,640,117.28,168.863,119.937,0.0515
mixed,16,8,0.5,4.0,128,0,512,2048,1280,201.664,301.731,203.583,0.0192
mixed,16,8,0.5,4.0,128,0,1024,4096,2560,365.888,565.346,363.265,-0.0132
mixed,16,8,0.5,4.0,128,0,2048,8192,5120,702.946,1116.26,686.05,-0.0409
mixed,16,8,0.5,4.0,128,0,4096,16384,10240,1381.64,2206.05,1326.76,-0.0666
mixed,16,8,0.5,4.0,128,512,128,512,320,88.736,103.491,98.4,0.655
mixed,16,8,0.5,4.0,128,512,256,1024,640,117.984,169.25,136.225,0.3558
mixed,16,8,0.5,4.0,128,512,512,2048,1280,202.433,301.697,205.058,0.0264
mixed,16,8,0.5,4.0,128,512,1024,4096,2560,366.752,567.264,363.008,-0.0187
mixed,16,8,0.5,4.0,128,512,2048,8192,5120,703.01,1113.25,682.82,-0.0492
mixed,16,8,0.5,4.0,128,512,4096,16384,10240,1387.43,2207.66,1328.9,-0.0714
mixed,16,8,0.5,4.0,128,1024,128,512,320,121.567,136.192,130.434,0.6063
mixed,16,8,0.5,4.0,128,1024,256,1024,640,144.128,172.031,150.208,0.2179
mixed,16,8,0.5,4.0,128,1024,512,2048,1280,203.554,301.793,236.257,0.3329
mixed,16,8,0.5,4.0,128,1024,1024,4096,2560,368.129,567.906,367.617,-0.0026
mixed,16,8,0.5,4.0,128,1024,2048,8192,5120,705.859,1113.09,682.915,-0.0563
mixed,16,8,0.5,4.0,128,1024,4096,16384,10240,1387.39,2208.97,1335.08,-0.0637
mixed,16,8,0.5,4.0,128,2048,128,512,320,184.768,199.776,192.48,0.5139
mixed,16,8,0.5,4.0,128,2048,256,1024,640,207.648,235.649,213.026,0.1921
mixed,16,8,0.5,4.0,128,2048,512,2048,1280,251.489,306.273,248.705,-0.0508
mixed,16,8,0.5,4.0,128,2048,1024,4096,2560,369.152,571.457,432.93,0.3153
mixed,16,8,0.5,4.0,128,2048,2048,8192,5120,706.178,1109.28,686.979,-0.0476
mixed,16,8,0.5,4.0,128,2048,4096,16384,10240,1387.49,2210.22,1329.63,-0.0703
mixed,16,8,0.5,4.0,128,4096,128,512,320,308.385,324.321,316.258,0.494
mixed,16,8,0.5,4.0,128,4096,256,1024,640,334.465,360.931,336.608,0.081
mixed,16,8,0.5,4.0,128,4096,512,2048,1280,376.993,430.851,370.401,-0.1224
mixed,16,8,0.5,4.0,128,4096,1024,4096,2560,463.97,572.449,438.145,-0.2381
mixed,16,8,0.5,4.0,128,4096,2048,8192,5120,707.969,1104.32,816.706,0.2743
mixed,16,8,0.5,4.0,128,4096,4096,16384,10240,1372.68,2213.8,1341.57,-0.037
mixed,16,8,0.5,4.0,128,8192,128,512,320,560.096,575.361,567.426,0.4802
mixed,16,8,0.5,4.0,128,8192,256,1024,640,585.538,609.761,586.209,0.0277
mixed,16,8,0.5,4.0,128,8192,512,2048,1280,624.77,678.529,618.018,-0.1256
mixed,16,8,0.5,4.0,128,8192,1024,4096,2560,711.042,823.171,683.297,-0.2474
mixed,16,8,0.5,4.0,128,8192,2048,8192,5120,898.466,1137.6,818.243,-0.3355
mixed,16,8,0.5,4.0,128,8192,4096,16384,10240,1369.86,2219.27,1585.09,0.2534
mixed,16,8,0.5,4.0,256,0,128,512,320,74.561,106.08,97.439,0.7258
mixed,16,8,0.5,4.0,256,0,256,1024,640,122.144,173.856,139.712,0.3397
mixed,16,8,0.5,4.0,256,0,512,2048,1280,205.984,304.928,220.64,0.1481
mixed,16,8,0.5,4.0,256,0,1024,4096,2560,368.993,566.146,378.529,0.0484
mixed,16,8,0.5,4.0,256,0,2048,8192,5120,704.287,1112.87,692.608,-0.0286
mixed,16,8,0.5,4.0,256,0,4096,16384,10240,1383.68,2206.44,1330.53,-0.0646
mixed,16,8,0.5,4.0,256,512,128,512,320,103.264,117.12,112.576,0.6721
mixed,16,8,0.5,4.0,256,512,256,1024,640,124.769,174.751,155.105,0.6069
mixed,16,8,0.5,4.0,256,512,512,2048,1280,208.193,304.93,249.92,0.4313
mixed,16,8,0.5,4.0,256,512,1024,4096,2560,371.553,568.194,412.512,0.2083
mixed,16,8,0.5,4.0,256,512,2048,8192,5120,703.939,1112.07,724.225,0.0497
mixed,16,8,0.5,4.0,256,512,4096,16384,10240,1385.67,2208.36,1352.77,-0.04
mixed,16,8,0.5,4.0,256,1024,128,512,320,137.121,152.063,147.201,0.6746
mixed,16,8,0.5,4.0,256,1024,256,1024,640,161.346,185.536,179.168,0.7368
mixed,16,8,0.5,4.0,256,1024,512,2048,1280,210.208,307.329,253.728,0.4481
mixed,16,8,0.5,4.0,256,1024,1024,4096,2560,370.945,569.507,441.473,0.3552
mixed,16,8,0.5,4.0,256,1024,2048,8192,5120,704.579,1107.56,761.441,0.1411
mixed,16,8,0.5,4.0,256,1024,4096,16384,10240,1381.73,2203.85,1388.83,0.0086
mixed,16,8,0.5,4.0,256,2048,128,512,320,200.512,216.034,210.369,0.635
mixed,16,8,0.5,4.0,256,2048,256,1024,640,224.737,252.001,241.184,0.6032
mixed,16,8,0.5,4.0,256,2048,512,2048,1280,269.376,318.944,309.825,0.816
mixed,16,8,0.5,4.0,256,2048,1024,4096,2560,374.338,570.659,445.25,0.3612
mixed,16,8,0.5,4.0,256,2048,2048,8192,5120,705.218,1107.07,821.506,0.2894
mixed,16,8,0.5,4.0,256,2048,4096,16384,10240,1379.84,2204.35,1454.21,0.0902
mixed,16,8,0.5,4.0,256,4096,128,512,320,328.257,343.456,334.528,0.4126
mixed,16,8,0.5,4.0,256,4096,256,1024,640,349.985,376.961,367.81,0.6608
mixed,16,8,0.5,4.0,256,4096,512,2048,1280,393.986,446.721,433.441,0.7482
mixed,16,8,0.5,4.0,256,4096,1024,4096,2560,480.128,583.265,569.057,0.8622
mixed,16,8,0.5,4.0,256,4096,2048,8192,5120,710.949,1105.63,827.296,0.2948
mixed,16,8,0.5,4.0,256,4096,4096,16384,10240,1380.13,2220.65,1585.03,0.2438
mixed,16,8,0.5,4.0,256,8192,128,512,320,577.09,592.802,588.897,0.7515
mixed,16,8,0.5,4.0,256,8192,256,1024,640,603.234,631.969,621.57,0.6381
mixed,16,8,0.5,4.0,256,8192,512,2048,1280,644.163,694.626,683.01,0.7698
mixed,16,8,0.5,4.0,256,8192,1024,4096,2560,727.81,835.875,817.634,0.8312
mixed,16,8,0.5,4.0,256,8192,2048,8192,5120,913.44,1136.1,1090.12,0.7935
mixed,16,8,0.5,4.0,256,8192,4096,16384,10240,1382.31,2229.61,1611.52,0.2705
mixed,16,8,0.5,4.0,512,0,128,512,320,103.201,129.119,113.504,0.3975
mixed,16,8,0.5,4.0,512,0,256,1024,640,143.68,190.911,169.696,0.5508
mixed,16,8,0.5,4.0,512,0,512,2048,1280,221.791,318.529,253.759,0.3305
mixed,16,8,0.5,4.0,512,0,1024,4096,2560,382.72,576.93,412.451,0.1531
mixed,16,8,0.5,4.0,512,0,2048,8192,5120,713.378,1115.91,726.531,0.0327
mixed,16,8,0.5,4.0,512,0,4096,16384,10240,1390.37,2217.32,1425.76,0.0428
mixed,16,8,0.5,4.0,512,512,128,512,320,161.088,171.776,162.562,0.1379
mixed,16,8,0.5,4.0,512,512,256,1024,640,185.375,229.087,189.92,0.104
mixed,16,8,0.5,4.0,512,512,512,2048,1280,250.783,336.288,299.522,0.57
mixed,16,8,0.5,4.0,512,512,1024,4096,2560,399.552,603.362,465.06,0.3214
mixed,16,8,0.5,4.0,512,512,2048,8192,5120,717.088,1111.14,762.241,0.1146
mixed,16,8,0.5,4.0,512,512,4096,16384,10240,1385.38,2209.03,1396.8,0.0139
mixed,16,8,0.5,4.0,512,1024,128,512,320,196.609,217.631,200.963,0.2071
mixed,16,8,0.5,4.0,512,1024,256,1024,640,228.512,256.32,221.121,-0.2658
mixed,16,8,0.5,4.0,512,1024,512,2048,1280,292.961,349.408,308.257,0.271
mixed,16,8,0.5,4.0,512,1024,1024,4096,2560,393.824,580.674,479.907,0.4607
mixed,16,8,0.5,4.0,512,1024,2048,8192,5120,715.587,1110.79,806.915,0.2311
mixed,16,8,0.5,4.0,512,1024,4096,16384,10240,1388.87,2209.03,1432.93,0.0537
mixed,16,8,0.5,4.0,512,2048,128,512,320,260.384,291.393,267.937,0.2436
mixed,16,8,0.5,4.0,512,2048,256,1024,640,307.841,347.937,307.68,-0.004
mixed,16,8,0.5,4.0,512,2048,512,2048,1280,352.832,450.529,344.96,-0.0806
mixed,16,8,0.5,4.0,512,2048,1024,4096,2560,502.914,600.548,550.658,0.489
mixed,16,8,0.5,4.0,512,2048,2048,8192,5120,717.475,1110.05,857.633,0.357
mixed,16,8,0.5,4.0,512,2048,4096,16384,10240,1375.52,2207.88,1501.54,0.1514
mixed,16,8,0.5,4.0,512,4096,128,512,320,390.24,415.265,394.626,0.1753
mixed,16,8,0.5,4.0,512,4096,256,1024,640,435.971,482.337,433.73,-0.0483
mixed,16,8,0.5,4.0,512,4096,512,2048,1280,515.008,604.449,516.513,0.0168
mixed,16,8,0.5,4.0,512,4096,1024,4096,2560,602.082,870.242,634.627,0.1214
mixed,16,8,0.5,4.0,512,4096,2048,8192,5120,948.897,1167.78,992.195,0.1978
mixed,16,8,0.5,4.0,512,4096,4096,16384,10240,1376.55,2224.81,1616.58,0.283
mixed,16,8,0.5,4.0,512,8192,128,512,320,639.231,669.184,644.067,0.1615
mixed,16,8,0.5,4.0,512,8192,256,1024,640,690.623,735.682,688.707,-0.0425
mixed,16,8,0.5,4.0,512,8192,512,2048,1280,769.025,862.432,765.348,-0.0394
mixed,16,8,0.5,4.0,512,8192,1024,4096,2560,926.85,1116,931.585,0.025
mixed,16,8,0.5,4.0,512,8192,2048,8192,5120,1148.26,1677.8,1169.03,0.0392
mixed,16,8,0.5,4.0,512,8192,4096,16384,10240,1831.11,2320.04,1878.85,0.0976
mixed,16,8,0.5,4.0,1024,0,128,512,320,187.938,204.735,191.17,0.1924
mixed,16,8,0.5,4.0,1024,0,256,1024,640,214.306,268.609,230.88,0.3052
mixed,16,8,0.5,4.0,1024,0,512,2048,1280,288.608,376.512,321.058,0.3692
mixed,16,8,0.5,4.0,1024,0,1024,4096,2560,438.4,627.234,501.152,0.3323
mixed,16,8,0.5,4.0,1024,0,2048,8192,5120,762.274,1152.71,822.21,0.1535
mixed,16,8,0.5,4.0,1024,0,4096,16384,10240,1415.91,2236.23,1451.85,0.0438
mixed,16,8,0.5,4.0,1024,512,128,512,320,250.881,272.927,266.528,0.7097
mixed,16,8,0.5,4.0,1024,512,256,1024,640,291.329,307.458,279.648,-0.7242
mixed,16,8,0.5,4.0,1024,512,512,2048,1280,325.856,426.435,364.384,0.3831
mixed,16,8,0.5,4.0,1024,512,1024,4096,2560,484.387,668.834,568.644,0.4568
mixed,16,8,0.5,4.0,1024,512,2048,8192,5120,795.331,1181.15,890.627,0.247
mixed,16,8,0.5,4.0,1024,512,4096,16384,10240,1442.47,2235.88,1536.81,0.1189
mixed,16,8,0.5,4.0,1024,1024,128,512,320,309.505,329.825,315.392,0.2897
mixed,16,8,0.5,4.0,1024,1024,256,1024,640,343.777,367.648,341.602,-0.0911
mixed,16,8,0.5,4.0,1024,1024,512,2048,1280,384.448,462.753,403.073,0.2379
mixed,16,8,0.5,4.0,1024,1024,1024,4096,2560,531.552,707.75,594.243,0.3558
mixed,16,8,0.5,4.0,1024,1024,2048,8192,5120,837.698,1216.35,962.308,0.3291
mixed,16,8,0.5,4.0,1024,1024,4096,16384,10240,1476.1,2252.42,1601.95,0.1621
mixed,16,8,0.5,4.0,1024,2048,128,512,320,427.746,444.481,431.009,0.195
mixed,16,8,0.5,4.0,1024,2048,256,1024,640,455.074,488.002,455.523,0.0136
mixed,16,8,0.5,4.0,1024,2048,512,2048,1280,515.971,555.97,518.944,0.0743
mixed,16,8,0.5,4.0,1024,2048,1024,4096,2560,595.681,794.723,667.619,0.3614
mixed,16,8,0.5,4.0,1024,2048,2048,8192,5120,916.738,1296.8,1080.1,0.4298
mixed,16,8,0.5,4.0,1024,2048,4096,16384,10240,1546.08,2318.82,1749.19,0.2628
mixed,16,8,0.5,4.0,1024,4096,128,512,320,672.578,681.154,672.228,-0.0408
mixed,16,8,0.5,4.0,1024,4096,256,1024,640,690.37,720.58,686.306,-0.1345
mixed,16,8,0.5,4.0,1024,4096,512,2048,1280,740.963,802.049,735.012,-0.0974
mixed,16,8,0.5,4.0,1024,4096,1024,4096,2560,840.066,935.972,900.226,0.6273
mixed,16,8,0.5,4.0,1024,4096,2048,8192,5120,1047.07,1442.12,1193.64,0.371
mixed,16,8,0.5,4.0,1024,4096,4096,16384,10240,1699.17,2688.04,1951.14,0.2548
mixed,16,8,0.5,4.0,1024,8192,128,512,320,1160.99,1173.12,1160.83,-0.0131
mixed,16,8,0.5,4.0,1024,8192,256,1024,640,1180.77,1208.8,1174.28,-0.2318
mixed,16,8,0.5,4.0,1024,8192,512,2048,1280,1221.63,1275.97,1192,-0.5453
mixed,16,8,0.5,4.0,1024,8192,1024,4096,2560,1313.57,1437.06,1286.88,-0.2161
mixed,16,8,0.5,4.0,1024,8192,2048,8192,5120,1496.07,1722.37,1608.74,0.4979
mixed,16,8,0.5,4.0,1024,8192,4096,16384,10240,1974.12,2797.48,2199.05,0.2732
mixed,16,8,0.5,4.0,2048,0,128,512,320,407.809,427.744,410.69,0.1445
mixed,16,8,0.5,4.0,2048,0,256,1024,640,436.703,466.339,439.328,0.0886
mixed,16,8,0.5,4.0,2048,0,512,2048,1280,481.73,565.536,498.464,0.1997
mixed,16,8,0.5,4.0,2048,0,1024,4096,2560,630.818,823.65,700.546,0.3616
mixed,16,8,0.5,4.0,2048,0,2048,8192,5120,944.101,1323.3,1105.28,0.4251
mixed,16,8,0.5,4.0,2048,0,4096,16384,10240,1567.52,2349.86,1744.33,0.226
mixed,16,8,0.5,4.0,2048,512,128,512,320,509.536,527.971,513.409,0.2101
mixed,16,8,0.5,4.0,2048,512,256,1024,640,540.034,569.664,539.842,-0.0065
mixed,16,8,0.5,4.0,2048,512,512,2048,1280,588.769,646.497,586.016,-0.0477
mixed,16,8,0.5,4.0,2048,512,1024,4096,2560,714.404,904.774,783.074,0.3607
mixed,16,8,0.5,4.0,2048,512,2048,8192,5120,1040.93,1405.44,1190.08,0.4092
mixed,16,8,0.5,4.0,2048,512,4096,16384,10240,1651.08,2394.85,1884.49,0.3138
mixed,16,8,0.5,4.0,2048,1024,128,512,320,603.682,626.944,611.043,0.3164
mixed,16,8,0.5,4.0,2048,1024,256,1024,640,639.49,670.561,637.954,-0.0494
mixed,16,8,0.5,4.0,2048,1024,512,2048,1280,690.37,745.058,686.752,-0.0662
mixed,16,8,0.5,4.0,2048,1024,1024,4096,2560,788.671,991.875,869.058,0.3956
mixed,16,8,0.5,4.0,2048,1024,2048,8192,5120,1114.92,1493.35,1269.6,0.4088
mixed,16,8,0.5,4.0,2048,1024,4096,16384,10240,1734.37,2465,2010.31,0.3777
mixed,16,8,0.5,4.0,2048,2048,128,512,320,792.256,820.577,804.576,0.435
mixed,16,8,0.5,4.0,2048,2048,256,1024,640,832.161,871.074,838.242,0.1563
mixed,16,8,0.5,4.0,2048,2048,512,2048,1280,890.082,951.107,892.127,0.0335
mixed,16,8,0.5,4.0,2048,2048,1024,4096,2560,985.507,1148.29,1018.31,0.2015
mixed,16,8,0.5,4.0,2048,2048,2048,8192,5120,1285.44,1669.8,1432.13,0.3817
mixed,16,8,0.5,4.0,2048,2048,4096,16384,10240,1922.76,2625.16,2201.96,0.3975
mixed,16,8,0.5,4.0,2048,4096,128,512,320,1164.1,1192.58,1171.2,0.2494
mixed,16,8,0.5,4.0,2048,4096,256,1024,640,1203.04,1248.8,1209.89,0.1497
mixed,16,8,0.5,4.0,2048,4096,512,2048,1280,1278.56,1368.8,1292.61,0.1557
mixed,16,8,0.5,4.0,2048,4096,1024,4096,2560,1395.43,1521.92,1392.52,-0.023
mixed,16,8,0.5,4.0,2048,4096,2048,8192,5120,1622.79,2005.8,1742.76,0.3132
mixed,16,8,0.5,4.0,2048,4096,4096,16384,10240,2296.3,3096.78,2536.46,0.3
mixed,16,8,0.5,4.0,2048,8192,128,512,320,1894.62,1922.72,1903.46,0.3144
mixed,16,8,0.5,4.0,2048,8192,256,1024,640,1937.96,1979.53,1934.56,-0.0816
mixed,16,8,0.5,4.0,2048,8192,512,2048,1280,2004.87,2110.15,2020.74,0.1508
mixed,16,8,0.5,4.0,2048,8192,1024,4096,2560,2174.98,2345,2186.95,0.0704
mixed,16,8,0.5,4.0,2048,8192,2048,8192,5120,2407.56,2732.55,2385.8,-0.067
mixed,16,8,0.5,4.0,2048,8192,4096,16384,10240,2969.7,3860.88,3211.3,0.2711
pure,16,12,0.75,4.0,0,0,128,512,416,69.089,75.454,71.202,0.332
pure,16,12,0.75,4.0,0,0,256,1024,832,98.08,110.176,99.267,0.0981
pure,16,12,0.75,4.0,0,0,512,2048,1664,150.689,176.961,165.118,0.5492
pure,16,12,0.75,4.0,0,0,1024,4096,3328,269.28,328.577,276.511,0.1219
pure,16,12,0.75,4.0,0,0,2048,8192,6656,499.457,595.458,512.162,0.1323
pure,16,12,0.75,4.0,0,0,4096,16384,13312,935.04,1134.05,961.766,0.1343
mixed,16,12,0.75,4.0,16,0,128,512,416,84.287,99.071,97.44,0.8897
mixed,16,12,0.75,4.0,16,0,256,1024,832,135.424,168.128,165.023,0.9051
mixed,16,12,0.75,4.0,16,0,512,2048,1664,250.336,299.874,294.912,0.8998
mixed,16,12,0.75,4.0,16,0,1024,4096,3328,463.17,565.282,559.04,0.9389
mixed,16,12,0.75,4.0,16,0,2048,8192,6656,907.586,1114.69,1083.3,0.8484
mixed,16,12,0.75,4.0,16,0,4096,16384,13312,1799.46,2204.84,2155.72,0.8788
mixed,16,12,0.75,4.0,16,512,128,512,416,92.96,100.959,97.441,0.5602
mixed,16,12,0.75,4.0,16,512,256,1024,832,135.553,168.254,165.024,0.9012
mixed,16,12,0.75,4.0,16,512,512,2048,1664,250.658,300.705,295.265,0.8913
mixed,16,12,0.75,4.0,16,512,1024,4096,3328,462.593,566.467,558.945,0.9276
mixed,16,12,0.75,4.0,16,512,2048,8192,6656,904.449,1111.23,1082.27,0.8599
mixed,16,12,0.75,4.0,16,512,4096,16384,13312,1797.8,2204.97,2145.19,0.8532
mixed,16,12,0.75,4.0,16,1024,128,512,416,124.48,132.928,128.8,0.5114
mixed,16,12,0.75,4.0,16,1024,256,1024,832,150.495,169.888,166.562,0.8285
mixed,16,12,0.75,4.0,16,1024,512,2048,1664,249.919,300.64,296.801,0.9243
mixed,16,12,0.75,4.0,16,1024,1024,4096,3328,464.481,565.858,559.715,0.9394
mixed,16,12,0.75,4.0,16,1024,2048,8192,6656,904.739,1113.16,1084.74,0.8637
mixed,16,12,0.75,4.0,16,1024,4096,16384,13312,1801.25,2206.25,2151.11,0.8639
mixed,16,12,0.75,4.0,16,2048,128,512,416,187.072,194.912,190.976,0.498
mixed,16,12,0.75,4.0,16,2048,256,1024,832,213.441,232.643,226.689,0.6899
mixed,16,12,0.75,4.0,16,2048,512,2048,1664,276.066,302.049,297.825,0.8374
mixed,16,12,0.75,4.0,16,2048,1024,4096,3328,464.609,566.688,566.946,1.0025
mixed,16,12,0.75,4.0,16,2048,2048,8192,6656,915.522,1111.84,1090.69,0.8923
mixed,16,12,0.75,4.0,16,2048,4096,16384,13312,1798.86,2202.5,2154.41,0.8808
mixed,16,12,0.75,4.0,16,4096,128,512,416,312.192,318.849,314.721,0.3799
mixed,16,12,0.75,4.0,16,4096,256,1024,832,337.792,355.648,352.096,0.8011
mixed,16,12,0.75,4.0,16,4096,512,2048,1664,399.169,425.987,420.929,0.8114
mixed,16,12,0.75,4.0,16,4096,1024,4096,3328,509.825,571.617,564.737,0.8887
mixed,16,12,0.75,4.0,16,4096,2048,8192,6656,906.371,1120.8,1093.06,0.8706
mixed,16,12,0.75,4.0,16,4096,4096,16384,13312,1796.71,2211.72,2194.92,0.9595
mixed,16,12,0.75,4.0,16,8192,128,512,416,557.538,566.753,562.433,0.5312
mixed,16,12,0.75,4.0,16,8192,256,1024,832,584.802,602.626,596.163,0.6374
mixed,16,12,0.75,4.0,16,8192,512,2048,1664,646.177,671.203,666.305,0.8043
mixed,16,12,0.75,4.0,16,8192,1024,4096,3328,759.426,814.755,808.033,0.8785
mixed,16,12,0.75,4.0,16,8192,2048,8192,6656,1019.59,1132.32,1109.35,0.7962
mixed,16,12,0.75,4.0,16,8192,4096,16384,13312,1801.48,2212.58,2243.37,1.0749
mixed,16,12,0.75,4.0,32,0,128,512,416,84.066,99.231,97.377,0.8777
mixed,16,12,0.75,4.0,32,0,256,1024,832,135.039,167.618,164.544,0.9056
mixed,16,12,0.75,4.0,32,0,512,2048,1664,251.232,301.216,295.201,0.8797
mixed,16,12,0.75,4.0,32,0,1024,4096,3328,462.4,564.194,559.552,0.9544
mixed,16,12,0.75,4.0,32,0,2048,8192,6656,908.321,1117.67,1083.91,0.8387
mixed,16,12,0.75,4.0,32,0,4096,16384,13312,1803.62,2212.68,2156.52,0.8627
mixed,16,12,0.75,4.0,32,512,128,512,416,93.12,100.801,98.496,0.6999
mixed,16,12,0.75,4.0,32,512,256,1024,832,134.943,168.063,164.8,0.9015
mixed,16,12,0.75,4.0,32,512,512,2048,1664,251.49,301.857,296.704,0.8977
mixed,16,12,0.75,4.0,32,512,1024,4096,3328,462.496,566.242,560.352,0.9432
mixed,16,12,0.75,4.0,32,512,2048,8192,6656,907.203,1112.36,1086.88,0.8758
mixed,16,12,0.75,4.0,32,512,4096,16384,13312,1802.34,2208.93,2149.38,0.8535
mixed,16,12,0.75,4.0,32,1024,128,512,416,126.016,133.793,129.152,0.4032
mixed,16,12,0.75,4.0,32,1024,256,1024,832,150.562,169.921,166.432,0.8198
mixed,16,12,0.75,4.0,32,1024,512,2048,1664,252.288,300.801,296.639,0.9142
mixed,16,12,0.75,4.0,32,1024,1024,4096,3328,464.801,568.195,562.37,0.9437
mixed,16,12,0.75,4.0,32,1024,2048,8192,6656,909.634,1112.58,1086.85,0.8732
mixed,16,12,0.75,4.0,32,1024,4096,16384,13312,1802.05,2207.53,2147.85,0.8528
mixed,16,12,0.75,4.0,32,2048,128,512,416,188.705,196.128,191.329,0.3535
mixed,16,12,0.75,4.0,32,2048,256,1024,832,213.409,231.841,227.36,0.7569
mixed,16,12,0.75,4.0,32,2048,512,2048,1664,274.433,303.264,298.624,0.8391
mixed,16,12,0.75,4.0,32,2048,1024,4096,3328,463.68,568.994,566.627,0.9775
mixed,16,12,0.75,4.0,32,2048,2048,8192,6656,913.283,1111.2,1092.55,0.9057
mixed,16,12,0.75,4.0,32,2048,4096,16384,13312,1799.4,2209.99,2165.93,0.8927
mixed,16,12,0.75,4.0,32,4096,128,512,416,311.744,318.593,314.273,0.3693
mixed,16,12,0.75,4.0,32,4096,256,1024,832,337.824,355.744,351.009,0.7358
mixed,16,12,0.75,4.0,32,4096,512,2048,1664,398.37,424.576,421.474,0.8816
mixed,16,12,0.75,4.0,32,4096,1024,4096,3328,510.403,568.223,564.033,0.9275
mixed,16,12,0.75,4.0,32,4096,2048,8192,6656,909.027,1120.68,1094.66,0.8771
mixed,16,12,0.75,4.0,32,4096,4096,16384,13312,1797.54,2209.77,2198.76,0.9733
mixed,16,12,0.75,4.0,32,8192,128,512,416,559.649,565.09,561.889,0.4117
mixed,16,12,0.75,4.0,32,8192,256,1024,832,584.226,603.266,597.537,0.6991
mixed,16,12,0.75,4.0,32,8192,512,2048,1664,644.514,670.624,668.066,0.902
mixed,16,12,0.75,4.0,32,8192,1024,4096,3328,762.083,815.299,810.915,0.9176
mixed,16,12,0.75,4.0,32,8192,2048,8192,6656,1019.36,1135.75,1109.22,0.7721
mixed,16,12,0.75,4.0,32,8192,4096,16384,13312,1799.78,2211.24,2241.35,1.0732
mixed,16,12,0.75,4.0,64,0,128,512,416,84.128,100.066,96.737,0.7911
mixed,16,12,0.75,4.0,64,0,256,1024,832,135.296,168.096,164.96,0.9044
mixed,16,12,0.75,4.0,64,0,512,2048,1664,251.072,301.152,296.674,0.9106
mixed,16,12,0.75,4.0,64,0,1024,4096,3328,462.817,567.297,559.456,0.925
mixed,16,12,0.75,4.0,64,0,2048,8192,6656,906.915,1115.68,1084.61,0.8512
mixed,16,12,0.75,4.0,64,0,4096,16384,13312,1802.85,2213.57,2153.16,0.8529
mixed,16,12,0.75,4.0,64,512,128,512,416,93.76,102.144,99.296,0.6603
mixed,16,12,0.75,4.0,64,512,256,1024,832,135.904,168.482,165.057,0.8949
mixed,16,12,0.75,4.0,64,512,512,2048,1664,250.784,301.536,295.04,0.872
mixed,16,12,0.75,4.0,64,512,1024,4096,3328,464.642,569.216,559.203,0.9042
mixed,16,12,0.75,4.0,64,512,2048,8192,6656,907.939,1111.78,1087.91,0.8829
mixed,16,12,0.75,4.0,64,512,4096,16384,13312,1798.25,2207.56,2149.51,0.8582
mixed,16,12,0.75,4.0,64,1024,128,512,416,126.207,133.92,130.559,0.5642
mixed,16,12,0.75,4.0,64,1024,256,1024,832,153.409,170.528,166.592,0.7701
mixed,16,12,0.75,4.0,64,1024,512,2048,1664,251.072,301.76,296.927,0.9047
mixed,16,12,0.75,4.0,64,1024,1024,4096,3328,464.835,568.002,563.167,0.9531
mixed,16,12,0.75,4.0,64,1024,2048,8192,6656,908.738,1109.18,1088.9,0.8988
mixed,16,12,0.75,4.0,64,1024,4096,16384,13312,1802.18,2212.42,2152.32,0.8535
mixed,16,12,0.75,4.0,64,2048,128,512,416,189.921,197.215,192.705,0.3817
mixed,16,12,0.75,4.0,64,2048,256,1024,832,214.975,232.8,229.505,0.8151
mixed,16,12,0.75,4.0,64,2048,512,2048,1664,276.48,303.97,299.104,0.823
mixed,16,12,0.75,4.0,64,2048,1024,4096,3328,465.57,572.898,566.784,0.943
mixed,16,12,0.75,4.0,64,2048,2048,8192,6656,914.114,1113.6,1093.44,0.8989
mixed,16,12,0.75,4.0,64,2048,4096,16384,13312,1803.21,2210.76,2160.17,0.8759
mixed,16,12,0.75,4.0,64,4096,128,512,416,312.959,320.833,316.031,0.3901
mixed,16,12,0.75,4.0,64,4096,256,1024,832,339.97,355.905,352.032,0.757
mixed,16,12,0.75,4.0,64,4096,512,2048,1664,400.642,427.714,422.017,0.7896
mixed,16,12,0.75,4.0,64,4096,1024,4096,3328,512.929,571.681,564.225,0.8731
mixed,16,12,0.75,4.0,64,4096,2048,8192,6656,910.306,1119.27,1094.15,0.8798
mixed,16,12,0.75,4.0,64,4096,4096,16384,13312,1801.13,2210.63,2203.56,0.9827
mixed,16,12,0.75,4.0,64,8192,128,512,416,561.281,567.105,563.074,0.3079
mixed,16,12,0.75,4.0,64,8192,256,1024,832,587.138,604.481,599.232,0.6973
mixed,16,12,0.75,4.0,64,8192,512,2048,1664,645.987,672.994,670.655,0.9134
mixed,16,12,0.75,4.0,64,8192,1024,4096,3328,760.514,818.083,812.002,0.8944
mixed,16,12,0.75,4.0,64,8192,2048,8192,6656,1018.98,1134.12,1114.4,0.8288
mixed,16,12,0.75,4.0,64,8192,4096,16384,13312,1807.65,2209.7,2244.9,1.0875
mixed,16,12,0.75,4.0,128,0,128,512,416,85.952,100.928,98.432,0.8333
mixed,16,12,0.75,4.0,128,0,256,1024,832,136.768,168.96,165.664,0.8976
mixed,16,12,0.75,4.0,128,0,512,2048,1664,251.455,301.087,296.448,0.9065
mixed,16,12,0.75,4.0,128,0,1024,4096,3328,463.041,567.584,561.664,0.9434
mixed,16,12,0.75,4.0,128,0,2048,8192,6656,907.907,1116.32,1087.33,0.8609
mixed,16,12,0.75,4.0,128,0,4096,16384,13312,1804.29,2205.45,2154.28,0.8725
mixed,16,12,0.75,4.0,128,512,128,512,416,96.158,103.041,102.176,0.8743
mixed,16,12,0.75,4.0,128,512,256,1024,832,136.576,169.376,166.433,0.9103
mixed,16,12,0.75,4.0,128,512,512,2048,1664,252.097,301.409,296.832,0.9072
mixed,16,12,0.75,4.0,128,512,1024,4096,3328,464.065,568.097,560.416,0.9262
mixed,16,12,0.75,4.0,128,512,2048,8192,6656,905.251,1111.39,1087.27,0.8829
mixed,16,12,0.75,4.0,128,512,4096,16384,13312,1803.2,2205.45,2149.32,0.8605
mixed,16,12,0.75,4.0,128,1024,128,512,416,129.184,136,134.272,0.7465
mixed,16,12,0.75,4.0,128,1024,256,1024,832,154.976,172.385,169.824,0.8529
mixed,16,12,0.75,4.0,128,1024,512,2048,1664,252.418,301.826,297.791,0.9183
mixed,16,12,0.75,4.0,128,1024,1024,4096,3328,464.769,569.025,562.273,0.9352
mixed,16,12,0.75,4.0,128,1024,2048,8192,6656,902.051,1111.43,1089.38,0.8947
mixed,16,12,0.75,4.0,128,1024,4096,16384,13312,1802.6,2208.16,2155.33,0.8697
mixed,16,12,0.75,4.0,128,2048,128,512,416,192.354,199.586,196.865,0.6238
mixed,16,12,0.75,4.0,128,2048,256,1024,832,218.273,236.16,231.552,0.7424
mixed,16,12,0.75,4.0,128,2048,512,2048,1664,278.56,305.792,300.449,0.8038
mixed,16,12,0.75,4.0,128,2048,1024,4096,3328,465.954,571.042,566.786,0.9595
mixed,16,12,0.75,4.0,128,2048,2048,8192,6656,903.233,1107.27,1093.54,0.9327
mixed,16,12,0.75,4.0,128,2048,4096,16384,13312,1801.45,2211.88,2161.64,0.8776
mixed,16,12,0.75,4.0,128,4096,128,512,416,317.345,326.657,320.13,0.2991
mixed,16,12,0.75,4.0,128,4096,256,1024,832,344.61,359.328,357.858,0.9001
mixed,16,12,0.75,4.0,128,4096,512,2048,1664,402.977,428.61,426.239,0.9075
mixed,16,12,0.75,4.0,128,4096,1024,4096,3328,517.058,575.073,570.721,0.925
mixed,16,12,0.75,4.0,128,4096,2048,8192,6656,905.634,1108.04,1092.48,0.9232
mixed,16,12,0.75,4.0,128,4096,4096,16384,13312,1797.77,2217.45,2221.6,1.0099
mixed,16,12,0.75,4.0,128,8192,128,512,416,567.424,571.874,569.506,0.4679
mixed,16,12,0.75,4.0,128,8192,256,1024,832,591.777,609.794,605.474,0.7602
mixed,16,12,0.75,4.0,128,8192,512,2048,1664,652.511,677.057,673.411,0.8515
mixed,16,12,0.75,4.0,128,8192,1024,4096,3328,763.012,822.082,818.818,0.9447
mixed,16,12,0.75,4.0,128,8192,2048,8192,6656,1022.09,1135.71,1113.63,0.8057
mixed,16,12,0.75,4.0,128,8192,4096,16384,13312,1778.4,2215.84,2255.75,1.0912
mixed,16,12,0.75,4.0,256,0,128,512,416,89.761,105.344,102.017,0.7865
mixed,16,12,0.75,4.0,256,0,256,1024,832,141.506,173.086,168.608,0.8582
mixed,16,12,0.75,4.0,256,0,512,2048,1664,255.33,304.352,299.392,0.8988
mixed,16,12,0.75,4.0,256,0,1024,4096,3328,467.52,567.617,559.007,0.914
mixed,16,12,0.75,4.0,256,0,2048,8192,6656,903.715,1115.17,1085.95,0.8618
mixed,16,12,0.75,4.0,256,0,4096,16384,13312,1801.57,2206.47,2150.66,0.8622
mixed,16,12,0.75,4.0,256,512,128,512,416,110.878,118.433,115.2,0.5721
mixed,16,12,0.75,4.0,256,512,256,1024,832,143.488,174.624,170.815,0.8777
mixed,16,12,0.75,4.0,256,512,512,2048,1664,256.704,305.888,299.841,0.8771
mixed,16,12,0.75,4.0,256,512,1024,4096,3328,467.395,569.569,559.779,0.9042
mixed,16,12,0.75,4.0,256,512,2048,8192,6656,903.554,1110.85,1085.12,0.8759
mixed,16,12,0.75,4.0,256,512,4096,16384,13312,1797.86,2204.23,2151.3,0.8697
mixed,16,12,0.75,4.0,256,1024,128,512,416,144.033,152.992,148.576,0.5071
mixed,16,12,0.75,4.0,256,1024,256,1024,832,171.2,185.729,182.592,0.7841
mixed,16,12,0.75,4.0,256,1024,512,2048,1664,257.57,306.017,300.768,0.8917
mixed,16,12,0.75,4.0,256,1024,1024,4096,3328,468.545,569.408,562.914,0.9356
mixed,16,12,0.75,4.0,256,1024,2048,8192,6656,903.459,1106.56,1088.71,0.9121
mixed,16,12,0.75,4.0,256,1024,4096,16384,13312,1798.5,2207.78,2161.86,0.8878
mixed,16,12,0.75,4.0,256,2048,128,512,416,208.097,216.543,212.321,0.5001
mixed,16,12,0.75,4.0,256,2048,256,1024,832,234.562,252,247.361,0.734
mixed,16,12,0.75,4.0,256,2048,512,2048,1664,293.827,316.962,313.984,0.8713
mixed,16,12,0.75,4.0,256,2048,1024,4096,3328,470.721,570.66,567.747,0.9709
mixed,16,12,0.75,4.0,256,2048,2048,8192,6656,903.362,1106.43,1096.64,0.9518
mixed,16,12,0.75,4.0,256,2048,4096,16384,13312,1799.97,2208.94,2162.73,0.887
mixed,16,12,0.75,4.0,256,4096,128,512,416,335.169,341.664,338.815,0.5614
mixed,16,12,0.75,4.0,256,4096,256,1024,832,359.489,378.049,374.593,0.8138
mixed,16,12,0.75,4.0,256,4096,512,2048,1664,420.673,449.024,441.187,0.7236
mixed,16,12,0.75,4.0,256,4096,1024,4096,3328,529.122,585.762,574.018,0.7927
mixed,16,12,0.75,4.0,256,4096,2048,8192,6656,912.289,1105.76,1093.09,0.9345
mixed,16,12,0.75,4.0,256,4096,4096,16384,13312,1803.04,2222.82,2233.22,1.0248
mixed,16,12,0.75,4.0,256,8192,128,512,416,588.355,594.143,586.849,-0.2602
mixed,16,12,0.75,4.0,256,8192,256,1024,832,612.991,626.498,621.57,0.6352
mixed,16,12,0.75,4.0,256,8192,512,2048,1664,669.218,698.337,689.186,0.6857
mixed,16,12,0.75,4.0,256,8192,1024,4096,3328,780.513,835.234,823.651,0.7883
mixed,16,12,0.75,4.0,256,8192,2048,8192,6656,1019.04,1137.95,1103.56,0.7107
mixed,16,12,0.75,4.0,256,8192,4096,16384,13312,1787.75,2227.34,2244.52,1.0391
mixed,16,12,0.75,4.0,512,0,128,512,416,114.591,127.936,120.672,0.4557
mixed,16,12,0.75,4.0,512,0,256,1024,832,160.288,189.504,179.777,0.6671
mixed,16,12,0.75,4.0,512,0,512,2048,1664,269.185,318.018,306.689,0.768
mixed,16,12,0.75,4.0,512,0,1024,4096,3328,479.331,576.867,564.704,0.8753
mixed,16,12,0.75,4.0,512,0,2048,8192,6656,910.913,1116.83,1095.49,0.8963
mixed,16,12,0.75,4.0,512,0,4096,16384,13312,1807.43,2210.82,2160.58,0.8755
mixed,16,12,0.75,4.0,512,512,128,512,416,164,165.922,158.559,-2.8309
mixed,16,12,0.75,4.0,512,512,256,1024,832,196.352,220.929,193.533,-0.1147
mixed,16,12,0.75,4.0,512,512,512,2048,1664,277.474,322.592,311.041,0.744
mixed,16,12,0.75,4.0,512,512,1024,4096,3328,480.355,580.928,568.066,0.8721
mixed,16,12,0.75,4.0,512,512,2048,8192,6656,915.14,1111.52,1095.75,0.9197
mixed,16,12,0.75,4.0,512,512,4096,16384,13312,1799.24,2210.19,2168.71,0.8991
mixed,16,12,0.75,4.0,512,1024,128,512,416,207.394,217.696,210.369,0.2888
mixed,16,12,0.75,4.0,512,1024,256,1024,832,229.665,256.193,228.735,-0.0351
mixed,16,12,0.75,4.0,512,1024,512,2048,1664,323.488,347.68,319.007,-0.1852
mixed,16,12,0.75,4.0,512,1024,1024,4096,3328,485.569,581.25,571.009,0.893
mixed,16,12,0.75,4.0,512,1024,2048,8192,6656,912.802,1112.71,1097.99,0.9264
mixed,16,12,0.75,4.0,512,1024,4096,16384,13312,1797.29,2211.72,2175.72,0.9131
mixed,16,12,0.75,4.0,512,2048,128,512,416,274.017,290.786,282.56,0.5095
mixed,16,12,0.75,4.0,512,2048,256,1024,832,326.145,349.313,335.776,0.4157
mixed,16,12,0.75,4.0,512,2048,512,2048,1664,378.305,449.793,359.52,-0.2628
mixed,16,12,0.75,4.0,512,2048,1024,4096,3328,549.409,600.033,574.945,0.5044
mixed,16,12,0.75,4.0,512,2048,2048,8192,6656,915.138,1111.11,1099.2,0.9393
mixed,16,12,0.75,4.0,512,2048,4096,16384,13312,1800.97,2212.3,2161.35,0.8761
mixed,16,12,0.75,4.0,512,4096,128,512,416,400.035,416.803,409.313,0.5533
mixed,16,12,0.75,4.0,512,4096,256,1024,832,451.778,483.009,472.386,0.6599
mixed,16,12,0.75,4.0,512,4096,512,2048,1664,562.881,605.409,582.049,0.4507
mixed,16,12,0.75,4.0,512,4096,1024,4096,3328,691.875,833.698,614.754,-0.5438
mixed,16,12,0.75,4.0,512,4096,2048,8192,6656,1000.74,1115.68,1102.69,0.887
mixed,16,12,0.75,4.0,512,4096,4096,16384,13312,1791.4,2226.7,2145.57,0.8136
mixed,16,12,0.75,4.0,512,8192,128,512,416,652.384,664.991,659.135,0.5355
mixed,16,12,0.75,4.0,512,8192,256,1024,832,703.042,731.042,724.962,0.7829
mixed,16,12,0.75,4.0,512,8192,512,2048,1664,812.962,863.747,851.394,0.7568
mixed,16,12,0.75,4.0,512,8192,1024,4096,3328,1022.43,1115.04,1107.97,0.9236
mixed,16,12,0.75,4.0,512,8192,2048,8192,6656,1329.16,1599.46,1140.87,-0.6966
mixed,16,12,0.75,4.0,512,8192,4096,16384,13312,1924.39,2208.36,2140.64,0.7615
mixed,16,12,0.75,4.0,1024,0,128,512,416,196.832,205.538,196.928,0.011
mixed,16,12,0.75,4.0,1024,0,256,1024,832,234.11,267.969,239.265,0.1522
mixed,16,12,0.75,4.0,1024,0,512,2048,1664,332.16,378.014,350.753,0.4055
mixed,16,12,0.75,4.0,1024,0,1024,4096,3328,530.338,628.224,586.85,0.5773
mixed,16,12,0.75,4.0,1024,0,2048,8192,6656,956.257,1200.68,1133.83,0.7265
mixed,16,12,0.75,4.0,1024,0,4096,16384,13312,1825.7,2233.45,2189.09,0.8912
mixed,16,12,0.75,4.0,1024,512,128,512,416,260.352,282.881,273.153,0.5682
mixed,16,12,0.75,4.0,1024,512,256,1024,832,295.905,316.961,307.554,0.5532
mixed,16,12,0.75,4.0,1024,512,512,2048,1664,388.29,425.825,410.976,0.6044
mixed,16,12,0.75,4.0,1024,512,1024,4096,3328,575.746,670.081,614.371,0.4094
mixed,16,12,0.75,4.0,1024,512,2048,8192,6656,990.82,1183.88,1124.42,0.692
mixed,16,12,0.75,4.0,1024,512,4096,16384,13312,1831.23,2236.36,2185.41,0.8743
mixed,16,12,0.75,4.0,1024,1024,128,512,416,319.393,331.711,321.92,0.2051
mixed,16,12,0.75,4.0,1024,1024,256,1024,832,366.976,388,371.777,0.2284
mixed,16,12,0.75,4.0,1024,1024,512,2048,1664,432.416,482.785,455.139,0.4511
mixed,16,12,0.75,4.0,1024,1024,1024,4096,3328,645.154,708.611,664.514,0.3051
mixed,16,12,0.75,4.0,1024,1024,2048,8192,6656,1029.73,1217.67,1127.2,0.5186
mixed,16,12,0.75,4.0,1024,1024,4096,16384,13312,1869.35,2257.45,2194.31,0.8373
mixed,16,12,0.75,4.0,1024,2048,128,512,416,436.066,443.456,438.562,0.3378
mixed,16,12,0.75,4.0,1024,2048,256,1024,832,470.272,489.186,478.242,0.4214
mixed,16,12,0.75,4.0,1024,2048,512,2048,1664,537.441,558.338,544.448,0.3353
mixed,16,12,0.75,4.0,1024,2048,1024,4096,3328,701.503,792.481,747.009,0.5002
mixed,16,12,0.75,4.0,1024,2048,2048,8192,6656,1111.78,1295.65,1187.97,0.4144
mixed,16,12,0.75,4.0,1024,2048,4096,16384,13312,1932.04,2319.11,2161.35,0.5924
mixed,16,12,0.75,4.0,1024,4096,128,512,416,675.395,684.163,679.042,0.4159
mixed,16,12,0.75,4.0,1024,4096,256,1024,832,709.891,720.578,707.49,-0.2247
mixed,16,12,0.75,4.0,1024,4096,512,2048,1664,769.41,802.433,786.209,0.5087
mixed,16,12,0.75,4.0,1024,4096,1024,4096,3328,888.74,934.18,921.635,0.7239
mixed,16,12,0.75,4.0,1024,4096,2048,8192,6656,1261.09,1439.01,1372.32,0.6252
mixed,16,12,0.75,4.0,1024,4096,4096,16384,13312,2114.79,2690.53,2194.57,0.1386
mixed,16,12,0.75,4.0,1024,8192,128,512,416,1167.62,1173.35,1166.46,-0.2014
mixed,16,12,0.75,4.0,1024,8192,256,1024,832,1190.34,1205.22,1190.21,-0.0085
mixed,16,12,0.75,4.0,1024,8192,512,2048,1664,1259.4,1275.04,1271.52,0.775
mixed,16,12,0.75,4.0,1024,8192,1024,4096,3328,1362.34,1434.92,1405.19,0.5904
mixed,16,12,0.75,4.0,1024,8192,2048,8192,6656,1599.85,1721.06,1697.86,0.8086
mixed,16,12,0.75,4.0,1024,8192,4096,16384,13312,2388.14,2793.51,2706.63,0.7857
mixed,16,12,0.75,4.0,2048,0,128,512,416,418.208,426.944,420.607,0.2746
mixed,16,12,0.75,4.0,2048,0,256,1024,832,449.696,466.593,452.769,0.1819
mixed,16,12,0.75,4.0,2048,0,512,2048,1664,516.513,564.481,533.347,0.3509
mixed,16,12,0.75,4.0,2048,0,1024,4096,3328,728.898,824.514,757.891,0.3032
mixed,16,12,0.75,4.0,2048,0,2048,8192,6656,1142.31,1373.83,1220.8,0.339
mixed,16,12,0.75,4.0,2048,0,4096,16384,13312,1957.38,2354.4,2216.01,0.6514
mixed,16,12,0.75,4.0,2048,512,128,512,416,519.744,530.082,521.953,0.2137
mixed,16,12,0.75,4.0,2048,512,256,1024,832,552.417,569.953,551.521,-0.0511
mixed,16,12,0.75,4.0,2048,512,512,2048,1664,614.177,647.264,616.48,0.0696
mixed,16,12,0.75,4.0,2048,512,1024,4096,3328,810.049,903.971,850.72,0.433
mixed,16,12,0.75,4.0,2048,512,2048,8192,6656,1227.08,1402.85,1295.84,0.3912
mixed,16,12,0.75,4.0,2048,512,4096,16384,13312,2018.22,2398.02,2232.13,0.5632
mixed,16,12,0.75,4.0,2048,1024,128,512,416,617.347,625.633,619.264,0.2314
mixed,16,12,0.75,4.0,2048,1024,256,1024,832,650.69,668.415,655.138,0.2509
mixed,16,12,0.75,4.0,2048,1024,512,2048,1664,717.855,744.737,721.857,0.1489
mixed,16,12,0.75,4.0,2048,1024,1024,4096,3328,892.866,992.865,924.13,0.3126
mixed,16,12,0.75,4.0,2048,1024,2048,8192,6656,1315.71,1495.56,1379.91,0.3569
mixed,16,12,0.75,4.0,2048,1024,4096,16384,13312,2100.39,2463.27,2290.95,0.5251
mixed,16,12,0.75,4.0,2048,2048,128,512,416,808.227,821.475,808.482,0.0192
mixed,16,12,0.75,4.0,2048,2048,256,1024,832,847.712,873.602,854.882,0.2769
mixed,16,12,0.75,4.0,2048,2048,512,2048,1664,925.888,951.394,919.426,-0.2534
mixed,16,12,0.75,4.0,2048,2048,1024,4096,3328,1044.1,1141.83,1077.76,0.3445
mixed,16,12,0.75,4.0,2048,2048,2048,8192,6656,1477.89,1674.08,1551.59,0.3756
mixed,16,12,0.75,4.0,2048,2048,4096,16384,13312,2273.48,2618.92,2426.22,0.4422
mixed,16,12,0.75,4.0,2048,4096,128,512,416,1175.33,1188.04,1177.57,0.1764
mixed,16,12,0.75,4.0,2048,4096,256,1024,832,1222.57,1247.17,1232.2,0.3915
mixed,16,12,0.75,4.0,2048,4096,512,2048,1664,1329.95,1365.47,1337.73,0.2189
mixed,16,12,0.75,4.0,2048,4096,1024,4096,3328,1444.39,1523.11,1427.56,-0.2139
mixed,16,12,0.75,4.0,2048,4096,2048,8192,6656,1802.73,2007.65,1855.94,0.2597
mixed,16,12,0.75,4.0,2048,4096,4096,16384,13312,2664.71,3090.54,2779.24,0.269
mixed,16,12,0.75,4.0,2048,8192,128,512,416,1911.97,1915.01,1911.08,-0.2948
mixed,16,12,0.75,4.0,2048,8192,256,1024,832,1947.69,1978.09,1951.62,0.1293
mixed,16,12,0.75,4.0,2048,8192,512,2048,1664,2067.49,2106.02,2064.42,-0.0797
mixed,16,12,0.75,4.0,2048,8192,1024,4096,3328,2273.22,2352.55,2308.14,0.4401
mixed,16,12,0.75,4.0,2048,8192,2048,8192,6656,2467.98,2736.81,2440.01,-0.104
mixed,16,12,0.75,4.0,2048,8192,4096,16384,13312,3283.72,3869.45,3369.07,0.1457
pure,16,14,0.875,4.0,0,0,128,512,464,71.904,75.137,73.501,0.494
pure,16,14,0.875,4.0,0,0,256,1024,928,102.273,109.728,104.48,0.296
pure,16,14,0.875,4.0,0,0,512,2048,1856,163.555,178.401,171.487,0.5343
pure,16,14,0.875,4.0,0,0,1024,4096,3712,294.88,328,300.225,0.1614
pure,16,14,0.875,4.0,0,0,2048,8192,7424,551.65,596.896,548.609,-0.0672
pure,16,14,0.875,4.0,0,0,4096,16384,14848,1032.64,1134.63,1035.49,0.028
mixed,16,14,0.875,4.0,16,0,128,512,464,85.569,99.456,98.432,0.9263
mixed,16,14,0.875,4.0,16,0,256,1024,928,150.273,167.52,166.915,0.9649
mixed,16,14,0.875,4.0,16,0,512,2048,1856,268.864,301.472,299.904,0.9519
mixed,16,14,0.875,4.0,16,0,1024,4096,3712,514.37,564.961,568.961,1.0791
mixed,16,14,0.875,4.0,16,0,2048,8192,7424,1011.11,1115.33,1115.87,1.0052
mixed,16,14,0.875,4.0,16,0,4096,16384,14848,2003.85,2204.33,2203.59,0.9963
mixed,16,14,0.875,4.0,16,512,128,512,464,94.143,100.609,99.328,0.8019
mixed,16,14,0.875,4.0,16,512,256,1024,928,151.328,168.353,166.688,0.9022
mixed,16,14,0.875,4.0,16,512,512,2048,1856,269.024,301.761,300.608,0.9648
mixed,16,14,0.875,4.0,16,512,1024,4096,3712,514.017,565.599,569.921,1.0838
mixed,16,14,0.875,4.0,16,512,2048,8192,7424,1011.46,1112.1,1106.6,0.9453
mixed,16,14,0.875,4.0,16,512,4096,16384,14848,2009.51,2207.94,2198.76,0.9537
mixed,16,14,0.875,4.0,16,1024,128,512,464,126.08,132.703,130.559,0.6763
mixed,16,14,0.875,4.0,16,1024,256,1024,928,158.464,169.697,167.328,0.7891
mixed,16,14,0.875,4.0,16,1024,512,2048,1856,269.666,301.312,299.713,0.9495
mixed,16,14,0.875,4.0,16,1024,1024,4096,3712,514.914,566.05,569.824,1.0738
mixed,16,14,0.875,4.0,16,1024,2048,8192,7424,1012.71,1115.08,1110.59,0.9562
mixed,16,14,0.875,4.0,16,1024,4096,16384,14848,2003.01,2206.44,2199.08,0.9638
mixed,16,14,0.875,4.0,16,2048,128,512,464,189.219,195.073,192.415,0.546
mixed,16,14,0.875,4.0,16,2048,256,1024,928,220.96,231.778,229.378,0.7781
mixed,16,14,0.875,4.0,16,2048,512,2048,1856,284.673,302.624,300.736,0.8948
mixed,16,14,0.875,4.0,16,2048,1024,4096,3712,514.847,568.385,573.535,1.0962
mixed,16,14,0.875,4.0,16,2048,2048,8192,7424,1013.47,1111.39,1114.08,1.0275
mixed,16,14,0.875,4.0,16,2048,4096,16384,14848,2003.56,2204.26,2202.41,0.9908
mixed,16,14,0.875,4.0,16,4096,128,512,464,313.023,318.37,317.119,0.766
mixed,16,14,0.875,4.0,16,4096,256,1024,928,346.337,356.224,354.048,0.7799
mixed,16,14,0.875,4.0,16,4096,512,2048,1856,407.33,425.439,422.786,0.8535
mixed,16,14,0.875,4.0,16,4096,1024,4096,3712,540.226,567.938,567.137,0.9711
mixed,16,14,0.875,4.0,16,4096,2048,8192,7424,1011.3,1120.36,1100.26,0.8157
mixed,16,14,0.875,4.0,16,4096,4096,16384,14848,1998.5,2207.82,2268.01,1.2875
mixed,16,14,0.875,4.0,16,8192,128,512,464,558.465,564.769,562.913,0.7056
mixed,16,14,0.875,4.0,16,8192,256,1024,928,593.76,602.081,598.912,0.6192
mixed,16,14,0.875,4.0,16,8192,512,2048,1856,653.601,672.867,672.963,1.005
mixed,16,14,0.875,4.0,16,8192,1024,4096,3712,787.747,816.578,809.056,0.7391
mixed,16,14,0.875,4.0,16,8192,2048,8192,7424,1077.03,1134.31,1109.41,0.5654
mixed,16,14,0.875,4.0,16,8192,4096,16384,14848,2006.73,2211.56,2211.46,0.9995
mixed,16,14,0.875,4.0,32,0,128,512,464,85.92,98.944,98.368,0.9558
mixed,16,14,0.875,4.0,32,0,256,1024,928,151.008,168.352,166.561,0.8967
mixed,16,14,0.875,4.0,32,0,512,2048,1856,269.312,300.801,299.136,0.9471
mixed,16,14,0.875,4.0,32,0,1024,4096,3712,513.891,565.056,571.042,1.117
mixed,16,14,0.875,4.0,32,0,2048,8192,7424,1010.66,1116.77,1119.97,1.0301
mixed,16,14,0.875,4.0,32,0,4096,16384,14848,2001.86,2208.3,2202.02,0.9696
mixed,16,14,0.875,4.0,32,512,128,512,464,93.857,100.994,98.591,0.6633
mixed,16,14,0.875,4.0,32,512,256,1024,928,150.72,169.313,167.489,0.9019
mixed,16,14,0.875,4.0,32,512,512,2048,1856,269.537,301.889,300.001,0.9416
mixed,16,14,0.875,4.0,32,512,1024,4096,3712,515.073,566.72,570.722,1.0775
mixed,16,14,0.875,4.0,32,512,2048,8192,7424,1008.87,1113.86,1113.19,0.9936
mixed,16,14,0.875,4.0,32,512,4096,16384,14848,2006.34,2206.92,2204.74,0.9892
mixed,16,14,0.875,4.0,32,1024,128,512,464,125.503,132.96,131.68,0.8283
mixed,16,14,0.875,4.0,32,1024,256,1024,928,159.872,170.24,167.552,0.7407
mixed,16,14,0.875,4.0,32,1024,512,2048,1856,269.055,300.961,298.656,0.9278
mixed,16,14,0.875,4.0,32,1024,1024,4096,3712,514.467,567.17,571.265,1.0777
mixed,16,14,0.875,4.0,32,1024,2048,8192,7424,1012.64,1114.15,1112.77,0.9864
mixed,16,14,0.875,4.0,32,1024,4096,16384,14848,2004.23,2206.82,2203.59,0.984
mixed,16,14,0.875,4.0,32,2048,128,512,464,188.962,195.488,192.097,0.4804
mixed,16,14,0.875,4.0,32,2048,256,1024,928,222.048,232.256,230.241,0.8026
mixed,16,14,0.875,4.0,32,2048,512,2048,1856,283.904,302.465,300.288,0.8827
mixed,16,14,0.875,4.0,32,2048,1024,4096,3712,516.833,568.929,573.952,1.0964
mixed,16,14,0.875,4.0,32,2048,2048,8192,7424,1013.76,1110.59,1117.47,1.0711
mixed,16,14,0.875,4.0,32,2048,4096,16384,14848,2000.29,2203.98,2204.33,1.0017
mixed,16,14,0.875,4.0,32,4096,128,512,464,312.896,319.328,316.288,0.5274
mixed,16,14,0.875,4.0,32,4096,256,1024,928,345.794,371.554,368.832,0.8943
mixed,16,14,0.875,4.0,32,4096,512,2048,1856,425.151,444.832,440.481,0.7789
mixed,16,14,0.875,4.0,32,4096,1024,4096,3712,563.746,593.346,590.336,0.8983
mixed,16,14,0.875,4.0,32,4096,2048,8192,7424,1059.17,1166.69,1151.14,0.8554
mixed,16,14,0.875,4.0,32,4096,4096,16384,14848,2084.36,2301.13,2346.09,1.2074
mixed,16,14,0.875,4.0,32,8192,128,512,464,585.313,585.857,583.17,-3.9393
mixed,16,14,0.875,4.0,32,8192,256,1024,928,617.089,627.395,625.026,0.7701
mixed,16,14,0.875,4.0,32,8192,512,2048,1856,684.354,695.103,700.834,1.5332
mixed,16,14,0.875,4.0,32,8192,1024,4096,3712,822.018,850.147,845.027,0.818
mixed,16,14,0.875,4.0,32,8192,2048,8192,7424,1123.43,1179.94,1154.69,0.5532
mixed,16,14,0.875,4.0,32,8192,4096,16384,14848,2085.41,2300.45,2302.53,1.0097
mixed,16,14,0.875,4.0,64,0,128,512,464,89.889,104.416,102.689,0.8811
mixed,16,14,0.875,4.0,64,0,256,1024,928,158.144,175.425,174.113,0.9241
mixed,16,14,0.875,4.0,64,0,512,2048,1856,281.154,312.993,300.416,0.605
mixed,16,14,0.875,4.0,64,0,1024,4096,3712,515.424,565.345,569.44,1.082
mixed,16,14,0.875,4.0,64,0,2048,8192,7424,1014.21,1117.03,1119.81,1.0271
mixed,16,14,0.875,4.0,64,0,4096,16384,14848,2005.12,2208.52,2208.13,0.9981
mixed,16,14,0.875,4.0,64,512,128,512,464,95.616,102.048,99.648,0.6269
mixed,16,14,0.875,4.0,64,512,256,1024,928,151.457,168.864,167.072,0.8971
mixed,16,14,0.875,4.0,64,512,512,2048,1856,269.345,302.687,300.576,0.9367
mixed,16,14,0.875,4.0,64,512,1024,4096,3712,515.425,567.969,571.81,1.0731
mixed,16,14,0.875,4.0,64,512,2048,8192,7424,1010.31,1110.24,1114.43,1.0419
mixed,16,14,0.875,4.0,64,512,4096,16384,14848,2003.49,2205.45,2203.04,0.9881
mixed,16,14,0.875,4.0,64,1024,128,512,464,127.84,134.946,131.904,0.5719
mixed,16,14,0.875,4.0,64,1024,256,1024,928,161.441,171.328,167.84,0.6472
mixed,16,14,0.875,4.0,64,1024,512,2048,1856,269.853,301.696,300.352,0.9578
mixed,16,14,0.875,4.0,64,1024,1024,4096,3712,517.089,568.128,572.32,1.0821
mixed,16,14,0.875,4.0,64,1024,2048,8192,7424,1059.81,1157.76,1161.06,1.0337
mixed,16,14,0.875,4.0,64,1024,4096,16384,14848,2088.8,2302.79,2297.06,0.9732
mixed,16,14,0.875,4.0,64,2048,128,512,464,198.176,206.145,202.306,0.5183
mixed,16,14,0.875,4.0,64,2048,256,1024,928,234.019,243.007,241.088,0.7865
mixed,16,14,0.875,4.0,64,2048,512,2048,1856,298.241,315.072,313.824,0.9259
mixed,16,14,0.875,4.0,64,2048,1024,4096,3712,537.952,594.368,599.17,1.0851
mixed,16,14,0.875,4.0,64,2048,2048,8192,7424,1011.49,1113.57,1119.46,1.0577
mixed,16,14,0.875,4.0,64,2048,4096,16384,14848,2000.61,2209.03,2205.45,0.9828
mixed,16,14,0.875,4.0,64,4096,128,512,464,314.305,321.568,316.641,0.3216
mixed,16,14,0.875,4.0,64,4096,256,1024,928,346.657,358.145,354.562,0.6881
mixed,16,14,0.875,4.0,64,4096,512,2048,1856,410.944,426.272,425.473,0.9479
mixed,16,14,0.875,4.0,64,4096,1024,4096,3712,542.175,569.122,566.817,0.9145
mixed,16,14,0.875,4.0,64,4096,2048,8192,7424,1009.51,1120.32,1103.43,0.8475
mixed,16,14,0.875,4.0,64,4096,4096,16384,14848,2004.01,2208.07,2275.24,1.3292
mixed,16,14,0.875,4.0,64,8192,128,512,464,560.418,567.266,565.473,0.7382
mixed,16,14,0.875,4.0,64,8192,256,1024,928,617.793,631.106,602.818,-1.1248
mixed,16,14,0.875,4.0,64,8192,512,2048,1856,658.497,675.554,670.083,0.6793
mixed,16,14,0.875,4.0,64,8192,1024,4096,3712,789.249,817.378,851.617,2.2172
mixed,16,14,0.875,4.0,64,8192,2048,8192,7424,1127.52,1180.2,1159.62,0.6093
mixed,16,14,0.875,4.0,64,8192,4096,16384,14848,2098.95,2303.88,2289.26,0.9286
mixed,16,14,0.875,4.0,128,0,128,512,464,90.528,104.736,103.777,0.9325
mixed,16,14,0.875,4.0,128,0,256,1024,928,158.72,175.905,175.008,0.9478
mixed,16,14,0.875,4.0,128,0,512,2048,1856,280.864,312.161,311.938,0.9929
mixed,16,14,0.875,4.0,128,0,1024,4096,3712,535.49,589.025,588.322,0.9869
mixed,16,14,0.875,4.0,128,0,2048,8192,7424,1054.31,1161.6,1157.06,0.9576
mixed,16,14,0.875,4.0,128,0,4096,16384,14848,2087.05,2303.14,2295.53,0.9648
mixed,16,14,0.875,4.0,128,512,128,512,464,100.446,107.905,106.271,0.7809
mixed,16,14,0.875,4.0,128,512,256,1024,928,159.842,176.45,175.329,0.9325
mixed,16,14,0.875,4.0,128,512,512,2048,1856,281.761,314.146,310.72,0.8942
mixed,16,14,0.875,4.0,128,512,1024,4096,3712,537.055,587.973,594.625,1.1306
mixed,16,14,0.875,4.0,128,512,2048,8192,7424,1057.95,1159.59,1157.99,0.9842
mixed,16,14,0.875,4.0,128,512,4096,16384,14848,2080.58,2302.98,2200.33,0.5384
mixed,16,14,0.875,4.0,128,1024,128,512,464,129.536,136.034,135.072,0.852
mixed,16,14,0.875,4.0,128,1024,256,1024,928,163.328,171.488,169.761,0.7884
mixed,16,14,0.875,4.0,128,1024,512,2048,1856,270.113,302.626,299.938,0.9173
mixed,16,14,0.875,4.0,128,1024,1024,4096,3712,516.896,570.209,572.736,1.0474
mixed,16,14,0.875,4.0,128,1024,2048,8192,7424,1008.9,1115.56,1114.05,0.9859
mixed,16,14,0.875,4.0,128,1024,4096,16384,14848,2004.61,2210.34,2204.68,0.9725
mixed,16,14,0.875,4.0,128,2048,128,512,464,193.472,199.425,197.857,0.7366
mixed,16,14,0.875,4.0,128,2048,256,1024,928,226.847,235.712,233.889,0.7944
mixed,16,14,0.875,4.0,128,2048,512,2048,1856,288.833,304.705,302.591,0.8668
mixed,16,14,0.875,4.0,128,2048,1024,4096,3712,518.465,571.746,574.753,1.0564
mixed,16,14,0.875,4.0,128,2048,2048,8192,7424,1006.27,1106.5,1121.12,1.1459
mixed,16,14,0.875,4.0,128,2048,4096,16384,14848,2000.04,2206.22,2211.56,1.0259
mixed,16,14,0.875,4.0,128,4096,128,512,464,318.465,324.576,322.433,0.6493
mixed,16,14,0.875,4.0,128,4096,256,1024,928,351.52,359.488,358.113,0.8274
mixed,16,14,0.875,4.0,128,4096,512,2048,1856,414.623,427.808,427.874,1.005
mixed,16,14,0.875,4.0,128,4096,1024,4096,3712,546.081,571.489,567.519,0.8437
mixed,16,14,0.875,4.0,128,4096,2048,8192,7424,1003.36,1105.03,1105.76,1.0072
mixed,16,14,0.875,4.0,128,4096,4096,16384,14848,2010.85,2211.69,2272.23,1.3014
mixed,16,14,0.875,4.0,128,8192,128,512,464,567.714,572.608,569.312,0.3265
mixed,16,14,0.875,4.0,128,8192,256,1024,928,600.033,610.688,605.728,0.5345
mixed,16,14,0.875,4.0,128,8192,512,2048,1856,662.69,675.648,675.552,0.9926
mixed,16,14,0.875,4.0,128,8192,1024,4096,3712,791.682,823.138,816.706,0.7955
mixed,16,14,0.875,4.0,128,8192,2048,8192,7424,1083.65,1137.8,1106.69,0.4255
mixed,16,14,0.875,4.0,128,8192,4096,16384,14848,1989.22,2216.78,2257.48,1.1789
mixed,16,14,0.875,4.0,256,0,128,512,464,91.296,105.503,103.423,0.8536
mixed,16,14,0.875,4.0,256,0,256,1024,928,157.662,173.217,170.144,0.8024
mixed,16,14,0.875,4.0,256,0,512,2048,1856,272.737,305.024,301.952,0.9049
mixed,16,14,0.875,4.0,256,0,1024,4096,3712,516.195,567.233,569.473,1.0439
mixed,16,14,0.875,4.0,256,0,2048,8192,7424,1011.78,1113.45,1114.15,1.0069
mixed,16,14,0.875,4.0,256,0,4096,16384,14848,2002.6,2206.15,2201.41,0.9767
mixed,16,14,0.875,4.0,256,512,128,512,464,111.744,117.631,116.48,0.8045
mixed,16,14,0.875,4.0,256,512,256,1024,928,158.589,175.072,173.313,0.8933
mixed,16,14,0.875,4.0,256,512,512,2048,1856,274.367,304.641,303.712,0.9693
mixed,16,14,0.875,4.0,256,512,1024,4096,3712,517.824,567.33,569.601,1.0459
mixed,16,14,0.875,4.0,256,512,2048,8192,7424,1009.83,1106.08,1113.7,1.0791
mixed,16,14,0.875,4.0,256,512,4096,16384,14848,2000.9,2205.89,2198.53,0.9641
mixed,16,14,0.875,4.0,256,1024,128,512,464,144.609,152.867,151.104,0.7865
mixed,16,14,0.875,4.0,256,1024,256,1024,928,179.745,186.497,184.128,0.6491
mixed,16,14,0.875,4.0,256,1024,512,2048,1856,276.13,307.457,304.097,0.8927
mixed,16,14,0.875,4.0,256,1024,1024,4096,3712,517.858,569.248,570.465,1.0237
mixed,16,14,0.875,4.0,256,1024,2048,8192,7424,1008.1,1106.82,1105.67,0.9883
mixed,16,14,0.875,4.0,256,1024,4096,16384,14848,2001.09,2205.06,2203.14,0.9906
mixed,16,14,0.875,4.0,256,2048,128,512,464,210.143,216.448,215.488,0.8477
mixed,16,14,0.875,4.0,256,2048,256,1024,928,243.937,252.225,249.79,0.7062
mixed,16,14,0.875,4.0,256,2048,512,2048,1856,303.841,319.651,316.96,0.8298
mixed,16,14,0.875,4.0,256,2048,1024,4096,3712,519.841,570.401,567.747,0.9475
mixed,16,14,0.875,4.0,256,2048,2048,8192,7424,1005.48,1108.16,1102.24,0.9424
mixed,16,14,0.875,4.0,256,2048,4096,16384,14848,1997.89,2211.37,2205.83,0.9741
mixed,16,14,0.875,4.0,256,4096,128,512,464,335.426,342.753,340.607,0.7071
mixed,16,14,0.875,4.0,256,4096,256,1024,928,369.311,377.281,374.659,0.671
mixed,16,14,0.875,4.0,256,4096,512,2048,1856,430.561,445.632,444.385,0.9173
mixed,16,14,0.875,4.0,256,4096,1024,4096,3712,554.626,585.186,577.827,0.7592
mixed,16,14,0.875,4.0,256,4096,2048,8192,7424,1006.95,1102.82,1099.27,0.963
mixed,16,14,0.875,4.0,256,4096,4096,16384,14848,2020.71,2222.15,2211.3,0.9461
mixed,16,14,0.875,4.0,256,8192,128,512,464,582.497,594.466,588.897,0.5347
mixed,16,14,0.875,4.0,256,8192,256,1024,928,615.875,626.467,627.425,1.0904
mixed,16,14,0.875,4.0,256,8192,512,2048,1856,684.738,695.236,692.291,0.7195
mixed,16,14,0.875,4.0,256,8192,1024,4096,3712,806.977,836.034,829.218,0.7654
mixed,16,14,0.875,4.0,256,8192,2048,8192,7424,1081.95,1139.39,1115.49,0.5839
mixed,16,14,0.875,4.0,256,8192,4096,16384,14848,2010.47,2228.65,2250.47,1.1
mixed,16,14,0.875,4.0,512,0,128,512,464,116.192,128.48,124.351,0.664
mixed,16,14,0.875,4.0,512,0,256,1024,928,175.617,189.504,184.734,0.6565
mixed,16,14,0.875,4.0,512,0,512,2048,1856,287.295,317.44,311.232,0.7941
mixed,16,14,0.875,4.0,512,0,1024,4096,3712,527.904,578.112,578.434,1.0064
mixed,16,14,0.875,4.0,512,0,2048,8192,7424,1013.41,1116.13,1125.92,1.0953
mixed,16,14,0.875,4.0,512,0,4096,16384,14848,2012.33,2212.39,2208.07,0.9784
mixed,16,14,0.875,4.0,512,512,128,512,464,165.984,164.8,164.192,
mixed,16,14,0.875,4.0,512,512,256,1024,928,208.96,221.023,202.879,-0.5041
mixed,16,14,0.875,4.0,512,512,512,2048,1856,292.481,323.714,316.225,0.7602
mixed,16,14,0.875,4.0,512,512,1024,4096,3712,528.387,579.875,576.93,0.9428
mixed,16,14,0.875,4.0,512,512,2048,8192,7424,1013.22,1111.49,1118.88,1.0752
mixed,16,14,0.875,4.0,512,512,4096,16384,14848,2004.01,2208.3,2210.89,1.0127
mixed,16,14,0.875,4.0,512,1024,128,512,464,209.183,216.641,215.487,0.8453
mixed,16,14,0.875,4.0,512,1024,256,1024,928,233.76,256.64,229.088,-0.2042
mixed,16,14,0.875,4.0,512,1024,512,2048,1856,332.928,348.226,327.073,-0.3827
mixed,16,14,0.875,4.0,512,1024,1024,4096,3712,531.682,581.889,576.483,0.8923
mixed,16,14,0.875,4.0,512,1024,2048,8192,7424,1012.84,1112.96,1116.45,1.0348
mixed,16,14,0.875,4.0,512,1024,4096,16384,14848,2004.36,2209.48,2211.17,1.0083
mixed,16,14,0.875,4.0,512,2048,128,512,464,275.582,290.72,287.294,0.7737
mixed,16,14,0.875,4.0,512,2048,256,1024,928,338.112,344.128,344.158,1.005
mixed,16,14,0.875,4.0,512,2048,512,2048,1856,404.385,449.953,360.576,-0.9614
mixed,16,14,0.875,4.0,512,2048,1024,4096,3712,573.475,601.602,583.746,0.3652
mixed,16,14,0.875,4.0,512,2048,2048,8192,7424,1012.1,1161.73,1155.59,0.9589
mixed,16,14,0.875,4.0,512,2048,4096,16384,14848,2002.57,2207.94,2202.44,0.9732
mixed,16,14,0.875,4.0,512,4096,128,512,464,416.385,434.433,433.537,0.9504
mixed,16,14,0.875,4.0,512,4096,256,1024,928,489.44,505.633,501.058,0.7175
mixed,16,14,0.875,4.0,512,4096,512,2048,1856,606.53,632.706,627.651,0.8069
mixed,16,14,0.875,4.0,512,4096,1024,4096,3712,796.29,867.203,678.721,-1.6579
mixed,16,14,0.875,4.0,512,4096,2048,8192,7424,1098.11,1164.13,1158.08,0.9084
mixed,16,14,0.875,4.0,512,4096,4096,16384,14848,2090.7,2317.28,2212.26,0.5365
mixed,16,14,0.875,4.0,512,8192,128,512,464,652.162,668.963,665.441,0.7904
mixed,16,14,0.875,4.0,512,8192,256,1024,928,719.168,735.139,731.554,0.7755
mixed,16,14,0.875,4.0,512,8192,512,2048,1856,830.305,863.587,858.82,0.8568
mixed,16,14,0.875,4.0,512,8192,1024,4096,3712,1071.62,1113.83,1116.04,1.0524
mixed,16,14,0.875,4.0,512,8192,2048,8192,7424,1491.2,1603.97,1222.6,-2.382
mixed,16,14,0.875,4.0,512,8192,4096,16384,14848,2022.37,2206.15,2155.56,0.7247
mixed,16,14,0.875,4.0,1024,0,128,512,464,197.217,205.664,201.953,0.5607
mixed,16,14,0.875,4.0,1024,0,256,1024,928,241.504,257.344,247.553,0.3819
mixed,16,14,0.875,4.0,1024,0,512,2048,1856,350.114,377.633,363.2,0.4755
mixed,16,14,0.875,4.0,1024,0,1024,4096,3712,578.145,629.922,606.85,0.5544
mixed,16,14,0.875,4.0,1024,0,2048,8192,7424,1056.48,1149.83,1141.83,0.9143
mixed,16,14,0.875,4.0,1024,0,4096,16384,14848,2029.1,2234.6,2230.53,0.9802
mixed,16,14,0.875,4.0,1024,512,128,512,464,260.897,283.712,277.824,0.7419
mixed,16,14,0.875,4.0,1024,512,256,1024,928,297.888,303.81,301.696,0.643
mixed,16,14,0.875,4.0,1024,512,512,2048,1856,399.937,426.144,408.896,0.3419
mixed,16,14,0.875,4.0,1024,512,1024,4096,3712,620.963,671.745,647.042,0.5135
mixed,16,14,0.875,4.0,1024,512,2048,8192,7424,1086.21,1185.35,1142.11,0.5639
mixed,16,14,0.875,4.0,1024,512,4096,16384,14848,2029.8,2237.45,2220.36,0.9177
mixed,16,14,0.875,4.0,1024,1024,128,512,464,321.184,329.697,326.593,0.6354
mixed,16,14,0.875,4.0,1024,1024,256,1024,928,363.36,370.304,365.312,0.2811
mixed,16,14,0.875,4.0,1024,1024,512,2048,1856,427.553,465.602,452.287,0.6501
mixed,16,14,0.875,4.0,1024,1024,1024,4096,3712,660.674,708.928,688.255,0.5716
mixed,16,14,0.875,4.0,1024,1024,2048,8192,7424,1123.14,1218.47,1173.12,0.5243
mixed,16,14,0.875,4.0,1024,1024,4096,16384,14848,2061.48,2249.13,2209.06,0.7865
mixed,16,14,0.875,4.0,1024,2048,128,512,464,437.663,446.432,443.264,0.6387
mixed,16,14,0.875,4.0,1024,2048,256,1024,928,477.314,490.051,484.673,0.5778
mixed,16,14,0.875,4.0,1024,2048,512,2048,1856,544.993,557.794,555.33,0.8075
mixed,16,14,0.875,4.0,1024,2048,1024,4096,3712,752.066,792.994,771.074,0.4644
mixed,16,14,0.875,4.0,1024,2048,2048,8192,7424,1203.59,1292.8,1251.81,0.5405
mixed,16,14,0.875,4.0,1024,2048,4096,16384,14848,2129.57,2320.62,2216.39,0.4544
mixed,16,14,0.875,4.0,1024,4096,128,512,464,678.914,684.354,678.498,-0.0765
mixed,16,14,0.875,4.0,1024,4096,256,1024,928,715.873,720.48,715.296,-0.1252
mixed,16,14,0.875,4.0,1024,4096,512,2048,1856,779.041,799.329,797.346,0.9023
mixed,16,14,0.875,4.0,1024,4096,1024,4096,3712,912.066,932.995,932.706,0.9862
mixed,16,14,0.875,4.0,1024,4096,2048,8192,7424,1352.87,1443.75,1420.64,0.7458
mixed,16,14,0.875,4.0,1024,4096,4096,16384,14848,2389.64,2686.12,2505.19,0.3897
mixed,16,14,0.875,4.0,1024,8192,128,512,464,1165.92,1174.05,1171.01,0.6257
mixed,16,14,0.875,4.0,1024,8192,256,1024,928,1198.37,1204.73,1200.99,0.4122
mixed,16,14,0.875,4.0,1024,8192,512,2048,1856,1273.89,1276.42,1268.03,-2.3178
mixed,16,14,0.875,4.0,1024,8192,1024,4096,3712,1388.32,1434.53,1428.96,0.8795
mixed,16,14,0.875,4.0,1024,8192,2048,8192,7424,1653.29,1714.5,1708.68,0.9049
mixed,16,14,0.875,4.0,1024,8192,4096,16384,14848,2611.91,2801.89,2756.78,0.7625
mixed,16,14,0.875,4.0,2048,0,128,512,464,420.162,428.672,422.175,0.2365
mixed,16,14,0.875,4.0,2048,0,256,1024,928,458.113,466.784,459.968,0.2139
mixed,16,14,0.875,4.0,2048,0,512,2048,1856,535.361,566.433,548.961,0.4377
mixed,16,14,0.875,4.0,2048,0,1024,4096,3712,779.168,823.363,788.994,0.2223
mixed,16,14,0.875,4.0,2048,0,2048,8192,7424,1235.65,1321.41,1270.15,0.4022
mixed,16,14,0.875,4.0,2048,0,4096,16384,14848,2157.61,2353.57,2275.21,0.6001
mixed,16,14,0.875,4.0,2048,512,128,512,464,518.945,530.947,525.377,0.5359
mixed,16,14,0.875,4.0,2048,512,256,1024,928,559.008,568.962,561.536,0.254
mixed,16,14,0.875,4.0,2048,512,512,2048,1856,625.248,646.911,631.169,0.2733
mixed,16,14,0.875,4.0,2048,512,1024,4096,3712,857.954,903.138,877.283,0.4278
mixed,16,14,0.875,4.0,2048,512,2048,8192,7424,1316.04,1402.76,1347.81,0.3664
mixed,16,14,0.875,4.0,2048,512,4096,16384,14848,2209.45,2395.43,2334.73,0.6736
mixed,16,14,0.875,4.0,2048,1024,128,512,464,618.208,629.763,623.456,0.4542
mixed,16,14,0.875,4.0,2048,1024,256,1024,928,661.44,669.889,663.651,0.2617
mixed,16,14,0.875,4.0,2048,1024,512,2048,1856,728.13,743.808,729.186,0.0674
mixed,16,14,0.875,4.0,2048,1024,1024,4096,3712,943.843,991.522,956.354,0.2624
mixed,16,14,0.875,4.0,2048,1024,2048,8192,7424,1404.61,1492.61,1436.8,0.3658
mixed,16,14,0.875,4.0,2048,1024,4096,16384,14848,2278.67,2458.53,2386.18,0.5978
mixed,16,14,0.875,4.0,2048,2048,128,512,464,841.956,816.419,811.843,
mixed,16,14,0.875,4.0,2048,2048,256,1024,928,858.498,867.01,864.708,0.7296
mixed,16,14,0.875,4.0,2048,2048,512,2048,1856,929.409,952.961,928.993,-0.0177
mixed,16,14,0.875,4.0,2048,2048,1024,4096,3712,1094.08,1144.68,1109.95,0.3137
mixed,16,14,0.875,4.0,2048,2048,2048,8192,7424,1561.12,1668.93,1607.43,0.4295
mixed,16,14,0.875,4.0,2048,2048,4096,16384,14848,2442.76,2623.72,2537.03,0.521
mixed,16,14,0.875,4.0,2048,4096,128,512,464,1175.88,1193.7,1182.11,0.3501
mixed,16,14,0.875,4.0,2048,4096,256,1024,928,1238.08,1252.26,1235.97,-0.149
mixed,16,14,0.875,4.0,2048,4096,512,2048,1856,1340.23,1369.35,1350.82,0.3636
mixed,16,14,0.875,4.0,2048,4096,1024,4096,3712,1476.87,1522.34,1441.22,-0.7839
mixed,16,14,0.875,4.0,2048,4096,2048,8192,7424,1884.2,2000.42,1932.71,0.4174
mixed,16,14,0.875,4.0,2048,4096,4096,16384,14848,2919.72,3093.81,2865.77,-0.3099
mixed,16,14,0.875,4.0,2048,8192,128,512,464,1905.89,1910.82,1915.11,1.8712
mixed,16,14,0.875,4.0,2048,8192,256,1024,928,1966.57,1981.67,1968.81,0.1483
mixed,16,14,0.875,4.0,2048,8192,512,2048,1856,2077.22,2105.25,2088.04,0.3859
mixed,16,14,0.875,4.0,2048,8192,1024,4096,3712,2309.77,2359.53,2337.8,0.5633
mixed,16,14,0.875,4.0,2048,8192,2048,8192,7424,2595.78,2741.32,2467.14,-0.8839
mixed,16,14,0.875,4.0,2048,8192,4096,16384,14848,3573.8,3868.14,3452.62,-0.4117
pure,32,1,0.0312,4.0,0,0,128,512,140,63.009,107.582,64.96,0.0438
pure,32,1,0.0312,4.0,0,0,256,1024,280,80.096,173.664,80.098,0.0
pure,32,1,0.0312,4.0,0,0,512,2048,560,114.623,333.729,113.888,-0.0034
pure,32,1,0.0312,4.0,0,0,1024,4096,1120,189.821,620.514,189.919,0.0002
pure,32,1,0.0312,4.0,0,0,2048,8192,2240,363.935,1143.91,361.28,-0.0034
pure,32,1,0.0312,4.0,0,0,4096,16384,4480,663.779,2197.16,666.083,0.0015
mixed,32,1,0.0312,4.0,16,0,128,512,140,76,153.696,98.176,0.2854
mixed,32,1,0.0312,4.0,16,0,256,1024,280,102.975,260.259,150.209,0.3003
mixed,32,1,0.0312,4.0,16,0,512,2048,560,156.96,467.233,250.721,0.3022
mixed,32,1,0.0312,4.0,16,0,1024,4096,1120,265.858,899.235,449.537,0.29
mixed,32,1,0.0312,4.0,16,0,2048,8192,2240,497.155,1791.65,848.804,0.2716
mixed,32,1,0.0312,4.0,16,0,4096,16384,4480,986.403,3525.55,1676.52,0.2718
mixed,32,1,0.0312,4.0,16,512,128,512,140,101.568,154.913,100.767,-0.015
mixed,32,1,0.0312,4.0,16,512,256,1024,280,119.297,260.577,151.776,0.2299
mixed,32,1,0.0312,4.0,16,512,512,2048,560,158.433,469.474,251.584,0.2995
mixed,32,1,0.0312,4.0,16,512,1024,4096,1120,267.649,900.771,450.913,0.2895
mixed,32,1,0.0312,4.0,16,512,2048,8192,2240,498.114,1796.17,850.403,0.2714
mixed,32,1,0.0312,4.0,16,512,4096,16384,4480,986.819,3517.87,1673.35,0.2712
mixed,32,1,0.0312,4.0,16,1024,128,512,140,135.713,186.91,134.624,-0.0213
mixed,32,1,0.0312,4.0,16,1024,256,1024,280,154.752,261.665,153.568,-0.0111
mixed,32,1,0.0312,4.0,16,1024,512,2048,560,188.704,468.863,252.322,0.2271
mixed,32,1,0.0312,4.0,16,1024,1024,4096,1120,267.458,903.043,453.058,0.292
mixed,32,1,0.0312,4.0,16,1024,2048,8192,2240,497.057,1804.48,852.388,0.2718
mixed,32,1,0.0312,4.0,16,1024,4096,16384,4480,987.811,3522.12,1671.43,0.2697
mixed,32,1,0.0312,4.0,16,2048,128,512,140,200.384,251.424,200.512,0.0025
mixed,32,1,0.0312,4.0,16,2048,256,1024,280,219.456,325.44,218.144,-0.0124
mixed,32,1,0.0312,4.0,16,2048,512,2048,560,255.136,469.091,255.104,-0.0001
mixed,32,1,0.0312,4.0,16,2048,1024,4096,1120,329.344,901.123,452.578,0.2155
mixed,32,1,0.0312,4.0,16,2048,2048,8192,2240,496.93,1801.35,852.195,0.2724
mixed,32,1,0.0312,4.0,16,2048,4096,16384,4480,991.298,3437.32,1617.13,0.2559
mixed,32,1,0.0312,4.0,16,4096,128,512,140,315.937,367.553,315.425,-0.0099
mixed,32,1,0.0312,4.0,16,4096,256,1024,280,335.201,438.624,334.432,-0.0074
mixed,32,1,0.0312,4.0,16,4096,512,2048,560,371.328,575.584,368.064,-0.016
mixed,32,1,0.0312,4.0,16,4096,1024,4096,1120,441.984,888.355,440.481,-0.0034
mixed,32,1,0.0312,4.0,16,4096,2048,8192,2240,595.168,1781.03,820.768,0.1902
mixed,32,1,0.0312,4.0,16,4096,4096,16384,4480,966.403,3544.01,1631.43,0.258
mixed,32,1,0.0312,4.0,16,8192,128,512,140,563.971,614.274,563.137,-0.0166
mixed,32,1,0.0312,4.0,16,8192,256,1024,280,582.338,686.466,581.729,-0.0058
mixed,32,1,0.0312,4.0,16,8192,512,2048,560,617.154,821.185,615.905,-0.0061
mixed,32,1,0.0312,4.0,16,8192,1024,4096,1120,690.209,1136.7,686.849,-0.0075
mixed,32,1,0.0312,4.0,16,8192,2048,8192,2240,841.027,1767.37,823.425,-0.019
mixed,32,1,0.0312,4.0,16,8192,4096,16384,4480,1203.68,3539.02,1629.8,0.1825
mixed,32,1,0.0312,4.0,32,0,128,512,140,73.984,147.807,94.529,0.2783
mixed,32,1,0.0312,4.0,32,0,256,1024,280,99.457,251.68,144.801,0.2979
mixed,32,1,0.0312,4.0,32,0,512,2048,560,151.423,449.278,242.528,0.3059
mixed,32,1,0.0312,4.0,32,0,1024,4096,1120,256.225,870.594,434.559,0.2903
mixed,32,1,0.0312,4.0,32,0,2048,8192,2240,478.305,1746.69,819.041,0.2686
mixed,32,1,0.0312,4.0,32,0,4096,16384,4480,958.85,3407.47,1614.05,0.2676
mixed,32,1,0.0312,4.0,32,512,128,512,140,98.241,149.44,97.472,-0.015
mixed,32,1,0.0312,4.0,32,512,256,1024,280,115.68,252.416,145.313,0.2167
mixed,32,1,0.0312,4.0,32,512,512,2048,560,153.826,452.865,242.944,0.298
mixed,32,1,0.0312,4.0,32,512,1024,4096,1120,257.857,874.626,434.849,0.287
mixed,32,1,0.0312,4.0,32,512,2048,8192,2240,479.906,1745.35,818.755,0.2678
mixed,32,1,0.0312,4.0,32,512,4096,16384,4480,957.348,3406.22,1615.01,0.2686
mixed,32,1,0.0312,4.0,32,1024,128,512,140,130.753,182.016,129.631,-0.0219
mixed,32,1,0.0312,4.0,32,1024,256,1024,280,149.344,253.249,148.031,-0.0126
mixed,32,1,0.0312,4.0,32,1024,512,2048,560,183.584,452.801,242.754,0.2198
mixed,32,1,0.0312,4.0,32,1024,1024,4096,1120,258.69,876.707,437.377,0.2891
mixed,32,1,0.0312,4.0,32,1024,2048,8192,2240,480.962,1743.65,819.267,0.2679
mixed,32,1,0.0312,4.0,32,1024,4096,16384,4480,958.404,3408.71,1621.51,0.2706
mixed,32,1,0.0312,4.0,32,2048,128,512,140,193.761,244.671,191.679,-0.0409
mixed,32,1,0.0312,4.0,32,2048,256,1024,280,211.072,314.914,210.528,-0.0052
mixed,32,1,0.0312,4.0,32,2048,512,2048,560,247.041,453.155,245.376,-0.0081
mixed,32,1,0.0312,4.0,32,2048,1024,4096,1120,320.544,878.082,436.542,0.2081
mixed,32,1,0.0312,4.0,32,2048,2048,8192,2240,481.6,1748.81,820.738,0.2676
mixed,32,1,0.0312,4.0,32,2048,4096,16384,4480,963.458,3410.38,1622.72,0.2694
mixed,32,1,0.0312,4.0,32,4096,128,512,140,318.144,368.321,315.456,-0.0536
mixed,32,1,0.0312,4.0,32,4096,256,1024,280,335.679,440.545,334.784,-0.0085
mixed,32,1,0.0312,4.0,32,4096,512,2048,560,370.978,575.266,368.929,-0.01
mixed,32,1,0.0312,4.0,32,4096,1024,4096,1120,443.425,890.497,440.064,-0.0075
mixed,32,1,0.0312,4.0,32,4096,2048,8192,2240,596.578,1783.08,821.763,0.1898
mixed,32,1,0.0312,4.0,32,4096,4096,16384,4480,972.034,3538.47,1646.88,0.263
mixed,32,1,0.0312,4.0,32,8192,128,512,140,564.548,612.258,562.69,-0.0389
mixed,32,1,0.0312,4.0,32,8192,256,1024,280,582.913,685.89,580.643,-0.022
mixed,32,1,0.0312,4.0,32,8192,512,2048,560,617.219,823.555,616.611,-0.0029
mixed,32,1,0.0312,4.0,32,8192,1024,4096,1120,690.179,1140.61,686.596,-0.008
mixed,32,1,0.0312,4.0,32,8192,2048,8192,2240,841.956,1768.62,823.844,-0.0195
mixed,32,1,0.0312,4.0,32,8192,4096,16384,4480,1214.02,3545.49,1626.47,0.1769
mixed,32,1,0.0312,4.0,64,0,128,512,140,73.952,148.705,94.976,0.2812
mixed,32,1,0.0312,4.0,64,0,256,1024,280,99.616,251.651,144.289,0.2938
mixed,32,1,0.0312,4.0,64,0,512,2048,560,152.384,450.113,242.849,0.3039
mixed,32,1,0.0312,4.0,64,0,1024,4096,1120,258.176,874.981,435.715,0.2878
mixed,32,1,0.0312,4.0,64,0,2048,8192,2240,479.426,1745.51,818.691,0.268
mixed,32,1,0.0312,4.0,64,0,4096,16384,4480,957.957,3404.78,1614.86,0.2685
mixed,32,1,0.0312,4.0,64,512,128,512,140,100.163,150.303,98.305,-0.0371
mixed,32,1,0.0312,4.0,64,512,256,1024,280,118.561,252.352,145.922,0.2045
mixed,32,1,0.0312,4.0,64,512,512,2048,560,152.93,450.689,243.041,0.3026
mixed,32,1,0.0312,4.0,64,512,1024,4096,1120,258.465,875.588,435.969,0.2876
mixed,32,1,0.0312,4.0,64,512,2048,8192,2240,480.419,1748.65,818.467,0.2666
mixed,32,1,0.0312,4.0,64,512,4096,16384,4480,958.112,3411.47,1614.09,0.2674
mixed,32,1,0.0312,4.0,64,1024,128,512,140,131.649,183.171,131.137,-0.0099
mixed,32,1,0.0312,4.0,64,1024,256,1024,280,149.248,254.561,149.216,-0.0003
mixed,32,1,0.0312,4.0,64,1024,512,2048,560,185.121,452.096,244.29,0.2216
mixed,32,1,0.0312,4.0,64,1024,1024,4096,1120,259.328,876.003,437.728,0.2893
mixed,32,1,0.0312,4.0,64,1024,2048,8192,2240,481.57,1749.86,819.554,0.2665
mixed,32,1,0.0312,4.0,64,1024,4096,16384,4480,959.171,3406.44,1622.69,0.2711
mixed,32,1,0.0312,4.0,64,2048,128,512,140,194.913,245.601,192.992,-0.0379
mixed,32,1,0.0312,4.0,64,2048,256,1024,280,212.769,317.154,211.873,-0.0086
mixed,32,1,0.0312,4.0,64,2048,512,2048,560,248.001,452.033,246.561,-0.0071
mixed,32,1,0.0312,4.0,64,2048,1024,4096,1120,321.346,878.115,437.666,0.2089
mixed,32,1,0.0312,4.0,64,2048,2048,8192,2240,480.897,1755.14,821.314,0.2672
mixed,32,1,0.0312,4.0,64,2048,4096,16384,4480,966.912,3410.35,1622.98,0.2685
mixed,32,1,0.0312,4.0,64,4096,128,512,140,318.143,368.641,317.248,-0.0177
mixed,32,1,0.0312,4.0,64,4096,256,1024,280,337.857,439.905,335.553,-0.0226
mixed,32,1,0.0312,4.0,64,4096,512,2048,560,372.096,576.384,370.241,-0.0091
mixed,32,1,0.0312,4.0,64,4096,1024,4096,1120,444.833,891.554,441.473,-0.0075
mixed,32,1,0.0312,4.0,64,4096,2048,8192,2240,597.827,1787.56,821.695,0.1882
mixed,32,1,0.0312,4.0,64,4096,4096,16384,4480,976.804,3562.8,1643.84,0.2579
mixed,32,1,0.0312,4.0,64,8192,128,512,140,565.123,616.067,567.105,0.0389
mixed,32,1,0.0312,4.0,64,8192,256,1024,280,588.385,685.86,581.824,-0.0673
mixed,32,1,0.0312,4.0,64,8192,512,2048,560,619.553,823.363,617.312,-0.011
mixed,32,1,0.0312,4.0,64,8192,1024,4096,1120,692.131,1144.61,688,-0.0091
mixed,32,1,0.0312,4.0,64,8192,2048,8192,2240,842.403,1771.49,824.417,-0.0194
mixed,32,1,0.0312,4.0,64,8192,4096,16384,4480,1215.78,3546.32,1628.74,0.1772
mixed,32,1,0.0312,4.0,128,0,128,512,140,79.681,154.527,99.2,0.2608
mixed,32,1,0.0312,4.0,128,0,256,1024,280,105.184,256.705,148.576,0.2864
mixed,32,1,0.0312,4.0,128,0,512,2048,560,157.409,454.403,246.177,0.2989
mixed,32,1,0.0312,4.0,128,0,1024,4096,1120,261.472,880.93,438.048,0.285
mixed,32,1,0.0312,4.0,128,0,2048,8192,2240,482.658,1750.53,822.338,0.2679
mixed,32,1,0.0312,4.0,128,0,4096,16384,4480,963.043,3409.93,1620.32,0.2686
mixed,32,1,0.0312,4.0,128,512,128,512,140,105.408,156.032,106.144,0.0145
mixed,32,1,0.0312,4.0,128,512,256,1024,280,122.688,257.024,152.959,0.2253
mixed,32,1,0.0312,4.0,128,512,512,2048,560,158.785,455.618,247.458,0.2987
mixed,32,1,0.0312,4.0,128,512,1024,4096,1120,261.889,881.666,439.523,0.2866
mixed,32,1,0.0312,4.0,128,512,2048,8192,2240,483.458,1751.65,825.41,0.2696
mixed,32,1,0.0312,4.0,128,512,4096,16384,4480,965.729,3414.96,1624.23,0.2689
mixed,32,1,0.0312,4.0,128,1024,128,512,140,138.53,188.704,139.297,0.0153
mixed,32,1,0.0312,4.0,128,1024,256,1024,280,156.608,258.945,160.224,0.0353
mixed,32,1,0.0312,4.0,128,1024,512,2048,560,191.263,455.457,249.088,0.2189
mixed,32,1,0.0312,4.0,128,1024,1024,4096,1120,262.944,884.451,441.249,0.2869
mixed,32,1,0.0312,4.0,128,1024,2048,8192,2240,485.571,1751.17,822.818,0.2665
mixed,32,1,0.0312,4.0,128,1024,4096,16384,4480,965.411,3412.72,1628.07,0.2708
mixed,32,1,0.0312,4.0,128,2048,128,512,140,201.952,253.41,201.632,-0.0062
mixed,32,1,0.0312,4.0,128,2048,256,1024,280,220.449,321.888,223.552,0.0306
mixed,32,1,0.0312,4.0,128,2048,512,2048,560,254.593,459.457,256.576,0.0097
mixed,32,1,0.0312,4.0,128,2048,1024,4096,1120,324.545,887.203,442.433,0.2095
mixed,32,1,0.0312,4.0,128,2048,2048,8192,2240,486.05,1758.69,825.187,0.2665
mixed,32,1,0.0312,4.0,128,2048,4096,16384,4480,968.611,3419.12,1623.91,0.2674
mixed,32,1,0.0312,4.0,128,4096,128,512,140,326.688,379.234,326.144,-0.0104
mixed,32,1,0.0312,4.0,128,4096,256,1024,280,345.664,447.33,345.856,0.0019
mixed,32,1,0.0312,4.0,128,4096,512,2048,560,380.161,585.441,382.241,0.0101
mixed,32,1,0.0312,4.0,128,4096,1024,4096,1120,451.36,900.609,454.4,0.0068
mixed,32,1,0.0312,4.0,128,4096,2048,8192,2240,603.776,1872.74,830.371,0.1786
mixed,32,1,0.0312,4.0,128,4096,4096,16384,4480,988.291,3796.91,1636.52,0.2308
mixed,32,1,0.0312,4.0,128,8192,128,512,140,575.522,625.186,575.778,0.0052
mixed,32,1,0.0312,4.0,128,8192,256,1024,280,591.265,692.994,596.29,0.0494
mixed,32,1,0.0312,4.0,128,8192,512,2048,560,625.923,831.202,633.187,0.0354
mixed,32,1,0.0312,4.0,128,8192,1024,4096,1120,697.344,1157.15,700.129,0.0061
mixed,32,1,0.0312,4.0,128,8192,2048,8192,2240,853.699,1798.92,840.451,-0.014
mixed,32,1,0.0312,4.0,128,8192,4096,16384,4480,1230.4,3747.28,1654.47,0.1685
mixed,32,1,0.0312,4.0,256,0,128,512,140,96.704,174.177,114.144,0.2251
mixed,32,1,0.0312,4.0,256,0,256,1024,280,124.961,273.984,164.833,0.2676
mixed,32,1,0.0312,4.0,256,0,512,2048,560,176.257,467.202,259.136,0.2849
mixed,32,1,0.0312,4.0,256,0,1024,4096,1120,278.176,882.403,450.755,0.2856
mixed,32,1,0.0312,4.0,256,0,2048,8192,2240,495.681,1747.62,831.491,0.2682
mixed,32,1,0.0312,4.0,256,0,4096,16384,4480,966.243,3415.66,1623.33,0.2683
mixed,32,1,0.0312,4.0,256,512,128,512,140,134.273,198.081,134.303,0.0005
mixed,32,1,0.0312,4.0,256,512,256,1024,280,155.649,304.45,178.593,0.1542
mixed,32,1,0.0312,4.0,256,512,512,2048,560,201.058,499.009,270.593,0.2334
mixed,32,1,0.0312,4.0,256,512,1024,4096,1120,309.153,889.379,456.706,0.2543
mixed,32,1,0.0312,4.0,256,512,2048,8192,2240,522.211,1749.8,832.803,0.253
mixed,32,1,0.0312,4.0,256,512,4096,16384,4480,964.834,3411.76,1624.96,0.2698
mixed,32,1,0.0312,4.0,256,1024,128,512,140,170.303,236.576,169.761,-0.0082
mixed,32,1,0.0312,4.0,256,1024,256,1024,280,194.016,331.009,195.231,0.0089
mixed,32,1,0.0312,4.0,256,1024,512,2048,560,237.312,531.361,292.576,0.1879
mixed,32,1,0.0312,4.0,256,1024,1024,4096,1120,334.561,913.891,463.041,0.2218
mixed,32,1,0.0312,4.0,256,1024,2048,8192,2240,556.61,1756.29,839.14,0.2355
mixed,32,1,0.0312,4.0,256,1024,4096,16384,4480,979.011,3413.68,1629.41,0.2671
mixed,32,1,0.0312,4.0,256,2048,128,512,140,232.192,306.881,231.97,-0.003
mixed,32,1,0.0312,4.0,256,2048,256,1024,280,257.888,400.32,260.032,0.0151
mixed,32,1,0.0312,4.0,256,2048,512,2048,560,308.288,588.576,309.28,0.0035
mixed,32,1,0.0312,4.0,256,2048,1024,4096,1120,399.712,982.371,516.002,0.1996
mixed,32,1,0.0312,4.0,256,2048,2048,8192,2240,621.794,1758.02,843.3,0.1949
mixed,32,1,0.0312,4.0,256,2048,4096,16384,4480,1053.99,3419.08,1635.65,0.2459
mixed,32,1,0.0312,4.0,256,4096,128,512,140,357.791,431.808,357.249,-0.0073
mixed,32,1,0.0312,4.0,256,4096,256,1024,280,383.266,531.361,383.2,-0.0004
mixed,32,1,0.0312,4.0,256,4096,512,2048,560,434.37,720.802,433.088,-0.0045
mixed,32,1,0.0312,4.0,256,4096,1024,4096,1120,534.561,1140.16,535.906,0.0022
mixed,32,1,0.0312,4.0,256,4096,2048,8192,2240,738.561,2230.57,959.394,0.148
mixed,32,1,0.0312,4.0,256,4096,4096,16384,4480,1241.38,4314.25,1652.23,0.1337
mixed,32,1,0.0312,4.0,256,8192,128,512,140,609.635,683.298,607.424,-0.03
mixed,32,1,0.0312,4.0,256,8192,256,1024,280,632.482,778.978,633.666,0.0081
mixed,32,1,0.0312,4.0,256,8192,512,2048,560,685.346,976.069,682.336,-0.0104
mixed,32,1,0.0312,4.0,256,8192,1024,4096,1120,785.667,1409.28,785.442,-0.0004
mixed,32,1,0.0312,4.0,256,8192,2048,8192,2240,1004.07,2274.02,980.77,-0.0183
mixed,32,1,0.0312,4.0,256,8192,4096,16384,4480,1438.28,4578.16,1898.47,0.1466
mixed,32,1,0.0312,4.0,512,0,128,512,140,134.37,208.066,140.254,0.0798
mixed,32,1,0.0312,4.0,512,0,256,1024,280,154.848,308.29,193.473,0.2517
mixed,32,1,0.0312,4.0,512,0,512,2048,560,210.112,501.858,294.847,0.2904
mixed,32,1,0.0312,4.0,512,0,1024,4096,1120,313.378,925.539,485.059,0.2805
mixed,32,1,0.0312,4.0,512,0,2048,8192,2240,529.76,1773.25,861.826,0.267
mixed,32,1,0.0312,4.0,512,0,4096,16384,4480,1002.34,3437.32,1658.63,0.2695
mixed,32,1,0.0312,4.0,512,512,128,512,140,181.856,242.913,183.871,0.033
mixed,32,1,0.0312,4.0,512,512,256,1024,280,201.567,339.553,210.751,0.0666
mixed,32,1,0.0312,4.0,512,512,512,2048,560,244.513,536.32,312.867,0.2342
mixed,32,1,0.0312,4.0,512,512,1024,4096,1120,344.287,957.443,517.759,0.2829
mixed,32,1,0.0312,4.0,512,512,2048,8192,2240,562.914,1779.46,895.332,0.2732
mixed,32,1,0.0312,4.0,512,512,4096,16384,4480,1034.5,3442.35,1689.8,0.2722
mixed,32,1,0.0312,4.0,512,1024,128,512,140,227.969,283.168,226.368,-0.029
mixed,32,1,0.0312,4.0,512,1024,256,1024,280,250.688,373.312,250.817,0.0011
mixed,32,1,0.0312,4.0,512,1024,512,2048,560,285.826,570.658,325.47,0.1392
mixed,32,1,0.0312,4.0,512,1024,1024,4096,1120,375.395,991.744,536.513,0.2614
mixed,32,1,0.0312,4.0,512,1024,2048,8192,2240,597.219,1798.41,929.89,0.277
mixed,32,1,0.0312,4.0,512,1024,4096,16384,4480,1066.34,3441.84,1716,0.2735
mixed,32,1,0.0312,4.0,512,2048,128,512,140,303.649,379.103,304.512,0.0114
mixed,32,1,0.0312,4.0,512,2048,256,1024,280,334.784,443.778,338.594,0.035
mixed,32,1,0.0312,4.0,512,2048,512,2048,560,384.671,632.514,382.881,-0.0072
mixed,32,1,0.0312,4.0,512,2048,1024,4096,1120,448.32,1049.19,552.225,0.1729
mixed,32,1,0.0312,4.0,512,2048,2048,8192,2240,653.632,1890.6,978.946,0.263
mixed,32,1,0.0312,4.0,512,2048,4096,16384,4480,1124.74,3467.18,1776.77,0.2784
mixed,32,1,0.0312,4.0,512,4096,128,512,140,429.953,529.441,430.499,0.0055
mixed,32,1,0.0312,4.0,512,4096,256,1024,280,465.055,637.572,468.096,0.0176
mixed,32,1,0.0312,4.0,512,4096,512,2048,560,532.065,760.418,546.753,0.0643
mixed,32,1,0.0312,4.0,512,4096,1024,4096,1120,645.442,1168.16,647.298,0.0036
mixed,32,1,0.0312,4.0,512,4096,2048,8192,2240,788.833,2485.48,992.738,0.1202
mixed,32,1,0.0312,4.0,512,4096,4096,16384,4480,1238.4,4802.26,1884.64,0.1813
mixed,32,1,0.0312,4.0,512,8192,128,512,140,680.033,776.226,680.835,0.0083
mixed,32,1,0.0312,4.0,512,8192,256,1024,280,715.842,906.53,717.666,0.0096
mixed,32,1,0.0312,4.0,512,8192,512,2048,560,781.152,1144.32,798.018,0.0464
mixed,32,1,0.0312,4.0,512,8192,1024,4096,1120,912.767,1419.94,954.593,0.0825
mixed,32,1,0.0312,4.0,512,8192,2048,8192,2240,1179.68,2303.69,1154.24,-0.0226
mixed,32,1,0.0312,4.0,512,8192,4096,16384,4480,1492.17,5180.24,1896.84,0.1097
mixed,32,1,0.0312,4.0,1024,0,128,512,140,226.113,284.353,226.881,0.0132
mixed,32,1,0.0312,4.0,1024,0,256,1024,280,246.88,380.034,255.296,0.0632
mixed,32,1,0.0312,4.0,1024,0,512,2048,560,286.496,595.809,358.208,0.2318
mixed,32,1,0.0312,4.0,1024,0,1024,4096,1120,384.642,1059.33,581.6,0.2919
mixed,32,1,0.0312,4.0,1024,0,2048,8192,2240,649.344,1915.94,990.531,0.2694
mixed,32,1,0.0312,4.0,1024,0,4096,16384,4480,1144.71,3620.4,1821.86,0.2735
mixed,32,1,0.0312,4.0,1024,512,128,512,140,303.36,366.947,301.792,-0.0247
mixed,32,1,0.0312,4.0,1024,512,256,1024,280,325.376,445.601,314.72,-0.0886
mixed,32,1,0.0312,4.0,1024,512,512,2048,560,355.713,633.698,394.497,0.1395
mixed,32,1,0.0312,4.0,1024,512,1024,4096,1120,430.625,1070.21,597.024,0.2602
mixed,32,1,0.0312,4.0,1024,512,2048,8192,2240,666.274,1898.05,991.203,0.2638
mixed,32,1,0.0312,4.0,1024,512,4096,16384,4480,1154.34,3518.6,1789.45,0.2686
mixed,32,1,0.0312,4.0,1024,1024,128,512,140,349.057,414.912,363.777,0.2235
mixed,32,1,0.0312,4.0,1024,1024,256,1024,280,374.688,495.424,392.992,0.1516
mixed,32,1,0.0312,4.0,1024,1024,512,2048,560,433.569,701.091,445.857,0.0459
mixed,32,1,0.0312,4.0,1024,1024,1024,4096,1120,520.77,1182.69,653.186,0.2
mixed,32,1,0.0312,4.0,1024,1024,2048,8192,2240,696.865,1958.89,1022.31,0.2579
mixed,32,1,0.0312,4.0,1024,1024,4096,16384,4480,1212.99,3590.51,1853.48,0.2694
mixed,32,1,0.0312,4.0,1024,2048,128,512,140,465.505,552.676,489.954,0.2805
mixed,32,1,0.0312,4.0,1024,2048,256,1024,280,510.145,653.633,512.93,0.0194
mixed,32,1,0.0312,4.0,1024,2048,512,2048,560,538.304,775.746,540.641,0.0098
mixed,32,1,0.0312,4.0,1024,2048,1024,4096,1120,627.362,1180.99,706.784,0.1435
mixed,32,1,0.0312,4.0,1024,2048,2048,8192,2240,812.098,2093.93,1119.49,0.2398
mixed,32,1,0.0312,4.0,1024,2048,4096,16384,4480,1280.87,3876.84,1902.24,0.2394
mixed,32,1,0.0312,4.0,1024,4096,128,512,140,703.456,765.92,704.674,0.0195
mixed,32,1,0.0312,4.0,1024,4096,256,1024,280,725.249,851.139,725.154,-0.0008
mixed,32,1,0.0312,4.0,1024,4096,512,2048,560,770.819,1054.21,773.123,0.0081
mixed,32,1,0.0312,4.0,1024,4096,1024,4096,1120,870.755,1474.02,917.474,0.0774
mixed,32,1,0.0312,4.0,1024,4096,2048,8192,2240,1077.12,2440.52,1269.09,0.1408
mixed,32,1,0.0312,4.0,1024,4096,4096,16384,4480,1492.1,5772.94,2136.77,0.1506
mixed,32,1,0.0312,4.0,1024,8192,128,512,140,1190.69,1238.69,1193.06,0.0493
mixed,32,1,0.0312,4.0,1024,8192,256,1024,280,1208.74,1318.47,1265.89,0.5208
mixed,32,1,0.0312,4.0,1024,8192,512,2048,560,1243.65,1488.65,1246.69,0.0124
mixed,32,1,0.0312,4.0,1024,8192,1024,4096,1120,1319.97,1923.43,1321.57,0.0026
mixed,32,1,0.0312,4.0,1024,8192,2048,8192,2240,1501.57,2748.72,1570.15,0.055
mixed,32,1,0.0312,4.0,1024,8192,4096,16384,4480,1957.73,5075.38,2404.58,0.1433
mixed,32,1,0.0312,4.0,2048,0,128,512,140,468.095,529.603,468.385,0.0047
mixed,32,1,0.0312,4.0,2048,0,256,1024,280,488.737,608.355,490.881,0.0179
mixed,32,1,0.0312,4.0,2048,0,512,2048,560,530.304,800.419,541.697,0.0422
mixed,32,1,0.0312,4.0,2048,0,1024,4096,1120,611.04,1241.51,748.706,0.2184
mixed,32,1,0.0312,4.0,2048,0,2048,8192,2240,832.448,2103.88,1199.55,0.2887
mixed,32,1,0.0312,4.0,2048,0,4096,16384,4480,1330.09,3795.37,1953.44,0.2529
mixed,32,1,0.0312,4.0,2048,512,128,512,140,568.994,634.659,571.522,0.0385
mixed,32,1,0.0312,4.0,2048,512,256,1024,280,591.073,713.538,595.299,0.0345
mixed,32,1,0.0312,4.0,2048,512,512,2048,560,634.947,885.123,664.13,0.1166
mixed,32,1,0.0312,4.0,2048,512,1024,4096,1120,718.402,1314.12,823.841,0.177
mixed,32,1,0.0312,4.0,2048,512,2048,8192,2240,916.132,2210.57,1231.36,0.2435
mixed,32,1,0.0312,4.0,2048,512,4096,16384,4480,1399.84,3927.73,2028.23,0.2486
mixed,32,1,0.0312,4.0,2048,1024,128,512,140,698.881,734.145,668.288,-0.8675
mixed,32,1,0.0312,4.0,2048,1024,256,1024,280,690.913,814.37,696.45,0.0448
mixed,32,1,0.0312,4.0,2048,1024,512,2048,560,733.313,971.042,742.592,0.039
mixed,32,1,0.0312,4.0,2048,1024,1024,4096,1120,820.48,1394.05,897.667,0.1346
mixed,32,1,0.0312,4.0,2048,1024,2048,8192,2240,998.435,2359.24,1310.21,0.2291
mixed,32,1,0.0312,4.0,2048,1024,4096,16384,4480,1472.74,4546.35,2106.15,0.2061
mixed,32,1,0.0312,4.0,2048,2048,128,512,140,864.577,932.482,865.316,0.0109
mixed,32,1,0.0312,4.0,2048,2048,256,1024,280,887.906,1016,891.042,0.0245
mixed,32,1,0.0312,4.0,2048,2048,512,2048,560,933.092,1182.08,938.53,0.0218
mixed,32,1,0.0312,4.0,2048,2048,1024,4096,1120,1019.3,1567.75,1037.73,0.0336
mixed,32,1,0.0312,4.0,2048,2048,2048,8192,2240,1202.4,2542.6,1450.88,0.1854
mixed,32,1,0.0312,4.0,2048,2048,4096,16384,4480,1640.71,5925.85,2252.97,0.1429
mixed,32,1,0.0312,4.0,2048,4096,128,512,140,1230.53,1315.3,1232.29,0.0208
mixed,32,1,0.0312,4.0,2048,4096,256,1024,280,1261.38,1408.13,1262.05,0.0046
mixed,32,1,0.0312,4.0,2048,4096,512,2048,560,1320,1577.25,1327.97,0.031
mixed,32,1,0.0312,4.0,2048,4096,1024,4096,1120,1443.65,1928.36,1426.66,-0.0351
mixed,32,1,0.0312,4.0,2048,4096,2048,8192,2240,1602.98,2770.44,1743.3,0.1202
mixed,32,1,0.0312,4.0,2048,4096,4096,16384,4480,2000.04,7452.09,2591.88,0.1086
mixed,32,1,0.0312,4.0,2048,8192,128,512,140,1961.35,2052.58,1964.48,0.0344
mixed,32,1,0.0312,4.0,2048,8192,256,1024,280,2084.61,2250.53,1994.21,-0.5449
mixed,32,1,0.0312,4.0,2048,8192,512,2048,560,2048.36,2397.35,2062.02,0.0391
mixed,32,1,0.0312,4.0,2048,8192,1024,4096,1120,2181.41,2703.85,2201.38,0.0382
mixed,32,1,0.0312,4.0,2048,8192,2048,8192,2240,2416.1,3515.88,2421.48,0.0049
mixed,32,1,0.0312,4.0,2048,8192,4096,16384,4480,2771.94,5249.3,3127.85,0.1437
pure,32,2,0.0625,4.0,0,0,128,512,152,64.8,108.735,67.648,0.0648
pure,32,2,0.0625,4.0,0,0,256,1024,304,84.129,173.889,83.554,-0.0064
pure,32,2,0.0625,4.0,0,0,512,2048,608,121.152,333.409,121.214,0.0003
pure,32,2,0.0625,4.0,0,0,1024,4096,1216,200.321,618.275,202.465,0.0051
pure,32,2,0.0625,4.0,0,0,2048,8192,2432,388.225,1142.95,396.704,0.0112
pure,32,2,0.0625,4.0,0,0,4096,16384,4864,714.466,2196.81,715.042,0.0004
mixed,32,2,0.0625,4.0,16,0,128,512,152,73.857,149.024,95.456,0.2873
mixed,32,2,0.0625,4.0,16,0,256,1024,304,100.959,252.194,146.082,0.2984
mixed,32,2,0.0625,4.0,16,0,512,2048,608,155.072,449.793,243.103,0.2987
mixed,32,2,0.0625,4.0,16,0,1024,4096,1216,279.361,869.027,437.218,0.2677
mixed,32,2,0.0625,4.0,16,0,2048,8192,2432,524.705,1741.48,823.171,0.2453
mixed,32,2,0.0625,4.0,16,0,4096,16384,4864,1045.09,3410.6,1619.01,0.2426
mixed,32,2,0.0625,4.0,16,512,128,512,152,98.559,150.56,98.048,-0.0098
mixed,32,2,0.0625,4.0,16,512,256,1024,304,116.288,252.577,148.16,0.2339
mixed,32,2,0.0625,4.0,16,512,512,2048,608,156.224,450.434,244.064,0.2986
mixed,32,2,0.0625,4.0,16,512,1024,4096,1216,279.777,874.373,438.496,0.2669
mixed,32,2,0.0625,4.0,16,512,2048,8192,2432,524.066,1740.49,821.537,0.2445
mixed,32,2,0.0625,4.0,16,512,4096,16384,4864,1050.76,3407.66,1614.44,0.2392
mixed,32,2,0.0625,4.0,16,1024,128,512,152,131.265,181.922,129.856,-0.0278
mixed,32,2,0.0625,4.0,16,1024,256,1024,304,148.96,253.025,148.097,-0.0083
mixed,32,2,0.0625,4.0,16,1024,512,2048,608,186.432,453.088,244.673,0.2184
mixed,32,2,0.0625,4.0,16,1024,1024,4096,1216,281.472,874.596,438.913,0.2654
mixed,32,2,0.0625,4.0,16,1024,2048,8192,2432,524.291,1740.52,822.018,0.2448
mixed,32,2,0.0625,4.0,16,1024,4096,16384,4864,1042.5,3408.01,1619.84,0.2441
mixed,32,2,0.0625,4.0,16,2048,128,512,152,193.504,242.912,192.451,-0.0213
mixed,32,2,0.0625,4.0,16,2048,256,1024,304,210.656,314.274,211.264,0.0059
mixed,32,2,0.0625,4.0,16,2048,512,2048,608,248.322,452.193,245.697,-0.0129
mixed,32,2,0.0625,4.0,16,2048,1024,4096,1216,334.4,874.755,439.139,0.1938
mixed,32,2,0.0625,4.0,16,2048,2048,8192,2432,525.281,1746.6,823.139,0.2439
mixed,32,2,0.0625,4.0,16,2048,4096,16384,4864,1048.36,3408.94,1621.41,0.2428
mixed,32,2,0.0625,4.0,16,4096,128,512,152,317.408,367.33,317.154,-0.0051
mixed,32,2,0.0625,4.0,16,4096,256,1024,304,336.8,438.658,335.778,-0.01
mixed,32,2,0.0625,4.0,16,4096,512,2048,608,372.673,576.225,368.927,-0.0184
mixed,32,2,0.0625,4.0,16,4096,1024,4096,1216,459.171,887.779,441.504,-0.0412
mixed,32,2,0.0625,4.0,16,4096,2048,8192,2432,627.105,1775.24,824.386,0.1718
mixed,32,2,0.0625,4.0,16,4096,4096,16384,4864,1058.5,3530.8,1627.33,0.2301
mixed,32,2,0.0625,4.0,16,8192,128,512,152,564.577,613.794,563.776,-0.0163
mixed,32,2,0.0625,4.0,16,8192,256,1024,304,583.651,682.915,584.001,0.0035
mixed,32,2,0.0625,4.0,16,8192,512,2048,608,621.25,821.314,616.61,-0.0232
mixed,32,2,0.0625,4.0,16,8192,1024,4096,1216,707.139,1139.91,690.21,-0.0391
mixed,32,2,0.0625,4.0,16,8192,2048,8192,2432,873.444,1768.58,824.836,-0.0543
mixed,32,2,0.0625,4.0,16,8192,4096,16384,4864,1279.88,3538.09,1673.89,0.1745
mixed,32,2,0.0625,4.0,32,0,128,512,152,74.368,148.129,95.808,0.2907
mixed,32,2,0.0625,4.0,32,0,256,1024,304,100.833,252.001,145.793,0.2974
mixed,32,2,0.0625,4.0,32,0,512,2048,608,154.081,452.066,243.425,0.2998
mixed,32,2,0.0625,4.0,32,0,1024,4096,1216,280.161,873.698,436.514,0.2634
mixed,32,2,0.0625,4.0,32,0,2048,8192,2432,524.866,1743.14,822.499,0.2443
mixed,32,2,0.0625,4.0,32,0,4096,16384,4864,1049.8,3404.84,1626.53,0.2449
mixed,32,2,0.0625,4.0,32,512,128,512,152,99.36,149.728,98.624,-0.0146
mixed,32,2,0.0625,4.0,32,512,256,1024,304,116.352,253.057,147.456,0.2275
mixed,32,2,0.0625,4.0,32,512,512,2048,608,155.455,451.17,243.648,0.2982
mixed,32,2,0.0625,4.0,32,512,1024,4096,1216,281.024,872.771,436.545,0.2628
mixed,32,2,0.0625,4.0,32,512,2048,8192,2432,525.6,1745.77,821.378,0.2424
mixed,32,2,0.0625,4.0,32,512,4096,16384,4864,1047.23,3411.34,1620.26,0.2424
mixed,32,2,0.0625,4.0,32,1024,128,512,152,130.978,182.337,130.112,-0.0169
mixed,32,2,0.0625,4.0,32,1024,256,1024,304,150.24,253.825,148.96,-0.0124
mixed,32,2,0.0625,4.0,32,1024,512,2048,608,186.496,451.681,244.705,0.2195
mixed,32,2,0.0625,4.0,32,1024,1024,4096,1216,281.25,875.105,438.784,0.2653
mixed,32,2,0.0625,4.0,32,1024,2048,8192,2432,525.026,1747.01,823.363,0.2441
mixed,32,2,0.0625,4.0,32,1024,4096,16384,4864,1046.72,3411.09,1622.37,0.2435
mixed,32,2,0.0625,4.0,32,2048,128,512,152,192.639,244.002,193.601,0.0187
mixed,32,2,0.0625,4.0,32,2048,256,1024,304,212.354,315.168,211.233,-0.0109
mixed,32,2,0.0625,4.0,32,2048,512,2048,608,250.849,452.737,246.369,-0.0222
mixed,32,2,0.0625,4.0,32,2048,1024,4096,1216,333.729,876.931,439.584,0.1949
mixed,32,2,0.0625,4.0,32,2048,2048,8192,2432,526.466,1747.4,823.745,0.2435
mixed,32,2,0.0625,4.0,32,2048,4096,16384,4864,1049.7,3412.14,1621.67,0.2421
mixed,32,2,0.0625,4.0,32,4096,128,512,152,317.921,367.361,316.259,-0.0336
mixed,32,2,0.0625,4.0,32,4096,256,1024,304,337.153,439.744,334.399,-0.0268
mixed,32,2,0.0625,4.0,32,4096,512,2048,608,372.192,573.602,370.689,-0.0075
mixed,32,2,0.0625,4.0,32,4096,1024,4096,1216,458.081,890.436,440.928,-0.0397
mixed,32,2,0.0625,4.0,32,4096,2048,8192,2432,626.434,1783.97,824.835,0.1714
mixed,32,2,0.0625,4.0,32,4096,4096,16384,4864,1062.72,3537.74,1631.46,0.2298
mixed,32,2,0.0625,4.0,32,8192,128,512,152,565.76,613.889,564.705,-0.0219
mixed,32,2,0.0625,4.0,32,8192,256,1024,304,585.249,686.114,586.434,0.0117
mixed,32,2,0.0625,4.0,32,8192,512,2048,608,621.09,821.089,617.378,-0.0186
mixed,32,2,0.0625,4.0,32,8192,1024,4096,1216,704.609,1139.49,691.81,-0.0294
mixed,32,2,0.0625,4.0,32,8192,2048,8192,2432,872.803,1772.71,824.706,-0.0534
mixed,32,2,0.0625,4.0,32,8192,4096,16384,4864,1281.57,3542.64,1673.89,0.1735
mixed,32,2,0.0625,4.0,64,0,128,512,152,74.176,149.024,95.456,0.2843
mixed,32,2,0.0625,4.0,64,0,256,1024,304,100.737,251.936,145.983,0.2992
mixed,32,2,0.0625,4.0,64,0,512,2048,608,155.712,450.881,243.842,0.2986
mixed,32,2,0.0625,4.0,64,0,1024,4096,1216,280.065,875.875,435.936,0.2616
mixed,32,2,0.0625,4.0,64,0,2048,8192,2432,524.289,1747.3,822.019,0.2434
mixed,32,2,0.0625,4.0,64,0,4096,16384,4864,1051.71,3410.96,1622.31,0.2419
mixed,32,2,0.0625,4.0,64,512,128,512,152,99.553,150.912,98.881,-0.0131
mixed,32,2,0.0625,4.0,64,512,256,1024,304,118.337,252.736,147.68,0.2183
mixed,32,2,0.0625,4.0,64,512,512,2048,608,155.616,452.193,244.608,0.3001
mixed,32,2,0.0625,4.0,64,512,1024,4096,1216,279.904,874.593,437.859,0.2656
mixed,32,2,0.0625,4.0,64,512,2048,8192,2432,525.344,1746.18,821.729,0.2428
mixed,32,2,0.0625,4.0,64,512,4096,16384,4864,1052.52,3410.6,1625.45,0.243
mixed,32,2,0.0625,4.0,64,1024,128,512,152,131.519,182.529,131.424,-0.0019
mixed,32,2,0.0625,4.0,64,1024,256,1024,304,149.953,254.304,149.408,-0.0052
mixed,32,2,0.0625,4.0,64,1024,512,2048,608,187.36,452.866,244.834,0.2165
mixed,32,2,0.0625,4.0,64,1024,1024,4096,1216,281.856,877.985,438.527,0.2628
mixed,32,2,0.0625,4.0,64,1024,2048,8192,2432,525.12,1751.37,822.915,0.2429
mixed,32,2,0.0625,4.0,64,1024,4096,16384,4864,1049.83,3411.72,1625.16,0.2436
mixed,32,2,0.0625,4.0,64,2048,128,512,152,194.401,246.689,194.625,0.0043
mixed,32,2,0.0625,4.0,64,2048,256,1024,304,214.529,316.993,212.576,-0.0191
mixed,32,2,0.0625,4.0,64,2048,512,2048,608,251.009,454.305,246.432,-0.0225
mixed,32,2,0.0625,4.0,64,2048,1024,4096,1216,336.416,879.555,439.683,0.1901
mixed,32,2,0.0625,4.0,64,2048,2048,8192,2432,526.305,1751.11,824.803,0.2437
mixed,32,2,0.0625,4.0,64,2048,4096,16384,4864,1053.28,3410.64,1626.24,0.2431
mixed,32,2,0.0625,4.0,64,4096,128,512,152,318.818,368.864,318.272,-0.0109
mixed,32,2,0.0625,4.0,64,4096,256,1024,304,336.258,440.959,337.312,0.0101
mixed,32,2,0.0625,4.0,64,4096,512,2048,608,375.842,577.536,370.369,-0.0271
mixed,32,2,0.0625,4.0,64,4096,1024,4096,1216,460.288,919.203,460.13,-0.0003
mixed,32,2,0.0625,4.0,64,4096,2048,8192,2432,655.65,1838.18,858.146,0.1712
mixed,32,2,0.0625,4.0,64,4096,4096,16384,4864,1098.34,3641.84,1696.55,0.2352
mixed,32,2,0.0625,4.0,64,8192,128,512,152,593.248,638.147,589.473,-0.0841
mixed,32,2,0.0625,4.0,64,8192,256,1024,304,610.4,714.787,607.775,-0.0251
mixed,32,2,0.0625,4.0,64,8192,512,2048,608,646.017,856.673,642.623,-0.0161
mixed,32,2,0.0625,4.0,64,8192,1024,4096,1216,736.42,1184,715.329,-0.0471
mixed,32,2,0.0625,4.0,64,8192,2048,8192,2432,908.164,1827.72,862.467,-0.0497
mixed,32,2,0.0625,4.0,64,8192,4096,16384,4864,1322.09,3573.61,1734.76,0.1833
mixed,32,2,0.0625,4.0,128,0,128,512,152,82.177,161.633,105.826,0.2976
mixed,32,2,0.0625,4.0,128,0,256,1024,304,110.017,265.216,158.016,0.3093
mixed,32,2,0.0625,4.0,128,0,512,2048,608,165.857,473.408,258.656,0.3017
mixed,32,2,0.0625,4.0,128,0,1024,4096,1216,295.264,912.353,459.011,0.2654
mixed,32,2,0.0625,4.0,128,0,2048,8192,2432,548.611,1810.47,860.641,0.2473
mixed,32,2,0.0625,4.0,128,0,4096,16384,4864,1086.88,3507.28,1695.91,0.2516
mixed,32,2,0.0625,4.0,128,512,128,512,152,110.241,162.591,112.192,0.0373
mixed,32,2,0.0625,4.0,128,512,256,1024,304,129.472,266.69,172.416,0.313
mixed,32,2,0.0625,4.0,128,512,512,2048,608,167.042,472.416,260.258,0.3053
mixed,32,2,0.0625,4.0,128,512,1024,4096,1216,295.617,915.458,460.035,0.2653
mixed,32,2,0.0625,4.0,128,512,2048,8192,2432,550.628,1806.57,858.723,0.2453
mixed,32,2,0.0625,4.0,128,512,4096,16384,4864,1083.84,3545.13,1697.83,0.2495
mixed,32,2,0.0625,4.0,128,1024,128,512,152,144.61,195.839,156.576,0.2336
mixed,32,2,0.0625,4.0,128,1024,256,1024,304,164.864,268.898,179.264,0.1384
mixed,32,2,0.0625,4.0,128,1024,512,2048,608,200.964,474.273,291.009,0.3295
mixed,32,2,0.0625,4.0,128,1024,1024,4096,1216,294.689,912.997,462.21,0.2709
mixed,32,2,0.0625,4.0,128,1024,2048,8192,2432,550.754,1789.57,864.77,0.2535
mixed,32,2,0.0625,4.0,128,1024,4096,16384,4864,1084.42,3542.67,1688.2,0.2456
mixed,32,2,0.0625,4.0,128,2048,128,512,152,209.696,262.976,221.183,0.2156
mixed,32,2,0.0625,4.0,128,2048,256,1024,304,228.672,334.688,249.63,0.1977
mixed,32,2,0.0625,4.0,128,2048,512,2048,608,266.977,476.93,302.627,0.1698
mixed,32,2,0.0625,4.0,128,2048,1024,4096,1216,355.425,919.907,523.746,0.2982
mixed,32,2,0.0625,4.0,128,2048,2048,8192,2432,553.027,1811.81,864.676,0.2476
mixed,32,2,0.0625,4.0,128,2048,4096,16384,4864,1080.8,3554.6,1697.12,0.2491
mixed,32,2,0.0625,4.0,128,4096,128,512,152,339.008,391.072,350.752,0.2256
mixed,32,2,0.0625,4.0,128,4096,256,1024,304,359.009,461.441,375.554,0.1615
mixed,32,2,0.0625,4.0,128,4096,512,2048,608,398.561,608.223,430.082,0.1503
mixed,32,2,0.0625,4.0,128,4096,1024,4096,1216,486.016,928.195,533.889,0.1083
mixed,32,2,0.0625,4.0,128,4096,2048,8192,2432,660.353,1890.09,991.683,0.2694
mixed,32,2,0.0625,4.0,128,4096,4096,16384,4864,1106.34,3852.4,1727.05,0.226
mixed,32,2,0.0625,4.0,128,8192,128,512,152,595.04,652.225,600.609,0.0974
mixed,32,2,0.0625,4.0,128,8192,256,1024,304,622.338,724.481,635.492,0.1288
mixed,32,2,0.0625,4.0,128,8192,512,2048,608,655.588,870.852,687.778,0.1495
mixed,32,2,0.0625,4.0,128,8192,1024,4096,1216,740.992,1197.7,794.627,0.1174
mixed,32,2,0.0625,4.0,128,8192,2048,8192,2432,924.386,1837.86,999.651,0.0824
mixed,32,2,0.0625,4.0,128,8192,4096,16384,4864,1340.55,3809.96,1972.74,0.256
mixed,32,2,0.0625,4.0,256,0,128,512,152,100.322,181.056,121.727,0.2651
mixed,32,2,0.0625,4.0,256,0,256,1024,304,130.847,283.616,176.096,0.2962
mixed,32,2,0.0625,4.0,256,0,512,2048,608,184.385,488.129,279.232,0.3123
mixed,32,2,0.0625,4.0,256,0,1024,4096,1216,311.842,914.401,473.026,0.2675
mixed,32,2,0.0625,4.0,256,0,2048,8192,2432,563.907,1802.21,878.179,0.2538
mixed,32,2,0.0625,4.0,256,0,4096,16384,4864,1086.82,3536.11,1698.4,0.2497
mixed,32,2,0.0625,4.0,256,512,128,512,152,140.16,206.402,140.834,0.0102
mixed,32,2,0.0625,4.0,256,512,256,1024,304,161.73,317.087,189.889,0.1813
mixed,32,2,0.0625,4.0,256,512,512,2048,608,211.552,519.201,301.632,0.2928
mixed,32,2,0.0625,4.0,256,512,1024,4096,1216,345.216,921.666,510.593,0.2869
mixed,32,2,0.0625,4.0,256,512,2048,8192,2432,593.089,1815.56,907.65,0.2573
mixed,32,2,0.0625,4.0,256,512,4096,16384,4864,1087.62,3537.14,1706.09,0.2525
mixed,32,2,0.0625,4.0,256,1024,128,512,152,177.442,246.337,178.976,0.0223
mixed,32,2,0.0625,4.0,256,1024,256,1024,304,203.424,342.081,203.554,0.0009
mixed,32,2,0.0625,4.0,256,1024,512,2048,608,250.399,553.889,306.21,0.1839
mixed,32,2,0.0625,4.0,256,1024,1024,4096,1216,376.544,953.635,534.723,0.2741
mixed,32,2,0.0625,4.0,256,1024,2048,8192,2432,627.84,1819.05,940.963,0.2629
mixed,32,2,0.0625,4.0,256,1024,4096,16384,4864,1098.53,3534,1732.16,0.2602
mixed,32,2,0.0625,4.0,256,2048,128,512,152,242.785,317.695,244.768,0.0265
mixed,32,2,0.0625,4.0,256,2048,256,1024,304,271.234,415.457,272.993,0.0122
mixed,32,2,0.0625,4.0,256,2048,512,2048,608,322.689,612.032,326.621,0.0136
mixed,32,2,0.0625,4.0,256,2048,1024,4096,1216,421.664,1026.02,542.593,0.2001
mixed,32,2,0.0625,4.0,256,2048,2048,8192,2432,695.394,1818.47,999.587,0.2709
mixed,32,2,0.0625,4.0,256,2048,4096,16384,4864,1173.67,3547.92,1806.76,0.2666
mixed,32,2,0.0625,4.0,256,4096,128,512,152,374.37,451.298,374.114,-0.0033
mixed,32,2,0.0625,4.0,256,4096,256,1024,304,403.04,550.627,404.223,0.008
mixed,32,2,0.0625,4.0,256,4096,512,2048,608,454.339,753.57,456.93,0.0087
mixed,32,2,0.0625,4.0,256,4096,1024,4096,1216,583.009,1183.4,562.049,-0.0349
mixed,32,2,0.0625,4.0,256,4096,2048,8192,2432,774.531,2290.47,1007.94,0.154
mixed,32,2,0.0625,4.0,256,4096,4096,16384,4864,1368.93,4396.59,1984.07,0.2032
mixed,32,2,0.0625,4.0,256,8192,128,512,152,626.944,713.217,631.488,0.0527
mixed,32,2,0.0625,4.0,256,8192,256,1024,304,662.688,815.554,666.786,0.0268
mixed,32,2,0.0625,4.0,256,8192,512,2048,608,714.211,1019.01,717.569,0.011
mixed,32,2,0.0625,4.0,256,8192,1024,4096,1216,840.034,1450.79,820.931,-0.0313
mixed,32,2,0.0625,4.0,256,8192,2048,8192,2432,1092.9,2343.11,1026.63,-0.053
mixed,32,2,0.0625,4.0,256,8192,4096,16384,4864,1515.56,4624.94,1997.38,0.155
mixed,32,2,0.0625,4.0,512,0,128,512,152,139.551,216.642,148.416,0.115
mixed,32,2,0.0625,4.0,512,0,256,1024,304,161.537,319.971,204.033,0.2682
mixed,32,2,0.0625,4.0,512,0,512,2048,608,221.154,524.799,312.385,0.3005
mixed,32,2,0.0625,4.0,512,0,1024,4096,1216,349.344,922.434,516.451,0.2916
mixed,32,2,0.0625,4.0,512,0,2048,8192,2432,597.602,1837.64,911.905,0.2535
mixed,32,2,0.0625,4.0,512,0,4096,16384,4864,1123.24,3560.56,1750.24,0.2573
mixed,32,2,0.0625,4.0,512,512,128,512,152,190.592,251.36,191.84,0.0205
mixed,32,2,0.0625,4.0,512,512,256,1024,304,209.729,352.353,223.904,0.0994
mixed,32,2,0.0625,4.0,512,512,512,2048,608,254.402,558.434,332.546,0.257
mixed,32,2,0.0625,4.0,512,512,1024,4096,1216,386.305,991.203,548.065,0.2674
mixed,32,2,0.0625,4.0,512,512,2048,8192,2432,632.803,1833.48,944.258,0.2594
mixed,32,2,0.0625,4.0,512,512,4096,16384,4864,1156.1,3573.32,1773.7,0.2555
mixed,32,2,0.0625,4.0,512,1024,128,512,152,235.553,295.646,236.512,0.016
mixed,32,2,0.0625,4.0,512,1024,256,1024,304,260.193,386.786,265.473,0.0417
mixed,32,2,0.0625,4.0,512,1024,512,2048,608,301.153,596.321,347.296,0.1563
mixed,32,2,0.0625,4.0,512,1024,1024,4096,1216,412.224,1027.71,567.297,0.252
mixed,32,2,0.0625,4.0,512,1024,2048,8192,2432,670.05,1873.22,946.017,0.2294
mixed,32,2,0.0625,4.0,512,1024,4096,16384,4864,1191.04,3481.93,1733.57,0.2368
mixed,32,2,0.0625,4.0,512,2048,128,512,152,304.833,381.216,309.024,0.0549
mixed,32,2,0.0625,4.0,512,2048,256,1024,304,334.785,446.528,339.49,0.0421
mixed,32,2,0.0625,4.0,512,2048,512,2048,608,387.135,631.172,390.817,0.0151
mixed,32,2,0.0625,4.0,512,2048,1024,4096,1216,468.641,1050.44,562.721,0.1617
mixed,32,2,0.0625,4.0,512,2048,2048,8192,2432,696.13,1952.81,987.361,0.2317
mixed,32,2,0.0625,4.0,512,2048,4096,16384,4864,1207.05,3456.88,1882.88,0.3004
mixed,32,2,0.0625,4.0,512,4096,128,512,152,446.754,548.642,451.907,0.0506
mixed,32,2,0.0625,4.0,512,4096,256,1024,304,482.049,654.113,492.834,0.0627
mixed,32,2,0.0625,4.0,512,4096,512,2048,608,550.691,800.259,586.111,0.1419
mixed,32,2,0.0625,4.0,512,4096,1024,4096,1216,704.995,1211.52,685.278,-0.0389
mixed,32,2,0.0625,4.0,512,4096,2048,8192,2432,834.85,2460.58,1093.09,0.1588
mixed,32,2,0.0625,4.0,512,4096,4096,16384,4864,1330.43,4806.55,1972.2,0.1846
mixed,32,2,0.0625,4.0,512,8192,128,512,152,703.746,813.412,713.794,0.0916
mixed,32,2,0.0625,4.0,512,8192,256,1024,304,746.371,947.459,757.922,0.0574
mixed,32,2,0.0625,4.0,512,8192,512,2048,608,820.29,1197.06,843.712,0.0622
mixed,32,2,0.0625,4.0,512,8192,1024,4096,1216,971.651,1417.41,972.451,0.0018
mixed,32,2,0.0625,4.0,512,8192,2048,8192,2432,1235.52,2310.66,1172.23,-0.0589
mixed,32,2,0.0625,4.0,512,8192,4096,16384,4864,1564.2,5156.79,2113.93,0.153
mixed,32,2,0.0625,4.0,1024,0,128,512,152,227.745,284.449,239.714,0.2111
mixed,32,2,0.0625,4.0,1024,0,256,1024,304,258.529,379.81,270.05,0.095
mixed,32,2,0.0625,4.0,1024,0,512,2048,608,300.576,622.049,380.992,0.2501
mixed,32,2,0.0625,4.0,1024,0,1024,4096,1216,411.585,1017.96,566.976,0.2563
mixed,32,2,0.0625,4.0,1024,0,2048,8192,2432,699.265,1913.03,1014.4,0.2596
mixed,32,2,0.0625,4.0,1024,0,4096,16384,4864,1200.29,3488.91,1841.35,0.2801
mixed,32,2,0.0625,4.0,1024,512,128,512,152,289.41,352.546,293.122,0.0588
mixed,32,2,0.0625,4.0,1024,512,256,1024,304,326.433,444.544,331.201,0.0404
mixed,32,2,0.0625,4.0,1024,512,512,2048,608,371.297,661.411,402.496,0.1075
mixed,32,2,0.0625,4.0,1024,512,1024,4096,1216,453.696,1072.39,610.018,0.2527
mixed,32,2,0.0625,4.0,1024,512,2048,8192,2432,715.14,1899.05,1009.12,0.2483
mixed,32,2,0.0625,4.0,1024,512,4096,16384,4864,1234.44,3511.82,1907.3,0.2955
mixed,32,2,0.0625,4.0,1024,1024,128,512,152,367.873,432.097,368.255,0.0059
mixed,32,2,0.0625,4.0,1024,1024,256,1024,304,393.06,514.401,395.811,0.0227
mixed,32,2,0.0625,4.0,1024,1024,512,2048,608,438.115,703.426,457.408,0.0727
mixed,32,2,0.0625,4.0,1024,1024,1024,4096,1216,511.584,1134.72,650.05,0.2222
mixed,32,2,0.0625,4.0,1024,1024,2048,8192,2432,748.035,1958.73,1057.03,0.2552
mixed,32,2,0.0625,4.0,1024,1024,4096,16384,4864,1293.76,3720.08,1966.66,0.2773
mixed,32,2,0.0625,4.0,1024,2048,128,512,152,490.559,536.353,468.45,-0.4828
mixed,32,2,0.0625,4.0,1024,2048,256,1024,304,492.544,620.45,495.168,0.0205
mixed,32,2,0.0625,4.0,1024,2048,512,2048,608,540.546,811.523,579.361,0.1432
mixed,32,2,0.0625,4.0,1024,2048,1024,4096,1216,672.738,1232.16,754.978,0.147
mixed,32,2,0.0625,4.0,1024,2048,2048,8192,2432,902.788,2096.84,1147.75,0.2051
mixed,32,2,0.0625,4.0,1024,2048,4096,16384,4864,1382.47,3865.94,1926.63,0.2191
mixed,32,2,0.0625,4.0,1024,4096,128,512,152,705.059,762.275,707.394,0.0408
mixed,32,2,0.0625,4.0,1024,4096,256,1024,304,724.545,854.787,729.443,0.0376
mixed,32,2,0.0625,4.0,1024,4096,512,2048,608,767.008,1051.75,776.548,0.0335
mixed,32,2,0.0625,4.0,1024,4096,1024,4096,1216,883.328,1413.15,899.779,0.031
mixed,32,2,0.0625,4.0,1024,4096,2048,8192,2432,1085.7,2414.28,1287.11,0.1516
mixed,32,2,0.0625,4.0,1024,4096,4096,16384,4864,1627.59,5810.42,2161.7,0.1277
mixed,32,2,0.0625,4.0,1024,8192,128,512,152,1187.01,1297.28,1242.34,0.5017
mixed,32,2,0.0625,4.0,1024,8192,256,1024,304,1208.48,1319.11,1213.76,0.0477
mixed,32,2,0.0625,4.0,1024,8192,512,2048,608,1242.53,1492.13,1246.31,0.0151
mixed,32,2,0.0625,4.0,1024,8192,1024,4096,1216,1344.04,1928.97,1329.79,-0.0244
mixed,32,2,0.0625,4.0,1024,8192,2048,8192,2432,1532.13,2751.21,1588.17,0.046
mixed,32,2,0.0625,4.0,1024,8192,4096,16384,4864,1977.93,5071.57,2426.41,0.145
mixed,32,2,0.0625,4.0,2048,0,128,512,152,467.873,530.911,471.139,0.0518
mixed,32,2,0.0625,4.0,2048,0,256,1024,304,491.586,610.208,518.368,0.2258
mixed,32,2,0.0625,4.0,2048,0,512,2048,608,533.824,799.906,550.753,0.0636
mixed,32,2,0.0625,4.0,2048,0,1024,4096,1216,629.154,1241.19,763.363,0.2193
mixed,32,2,0.0625,4.0,2048,0,2048,8192,2432,880.547,2106.31,1174.63,0.2399
mixed,32,2,0.0625,4.0,2048,0,4096,16384,4864,1422.95,3791.53,1998.15,0.2428
mixed,32,2,0.0625,4.0,2048,512,128,512,152,570.272,634.561,569.313,-0.0149
mixed,32,2,0.0625,4.0,2048,512,256,1024,304,594.21,711.362,598.977,0.0407
mixed,32,2,0.0625,4.0,2048,512,512,2048,608,635.746,885.699,649.057,0.0533
mixed,32,2,0.0625,4.0,2048,512,1024,4096,1216,737.122,1314.53,840.546,0.1791
mixed,32,2,0.0625,4.0,2048,512,2048,8192,2432,963.554,2226.95,1258.15,0.2332
mixed,32,2,0.0625,4.0,2048,512,4096,16384,4864,1554.82,3927.28,2073.8,0.2188
mixed,32,2,0.0625,4.0,2048,1024,128,512,152,669.57,734.625,686.851,0.2656
mixed,32,2,0.0625,4.0,2048,1024,256,1024,304,694.403,816.738,696.095,0.0138
mixed,32,2,0.0625,4.0,2048,1024,512,2048,608,737.602,967.011,749.795,0.0531
mixed,32,2,0.0625,4.0,2048,1024,1024,4096,1216,841.889,1394.79,910.626,0.1243
mixed,32,2,0.0625,4.0,2048,1024,2048,8192,2432,1051.49,2341.45,1342.05,0.2252
mixed,32,2,0.0625,4.0,2048,1024,4096,16384,4864,1558.95,4584.11,2156.33,0.1975
mixed,32,2,0.0625,4.0,2048,2048,128,512,152,861.538,932.516,866.113,0.0645
mixed,32,2,0.0625,4.0,2048,2048,256,1024,304,891.011,1018.08,896.13,0.0403
mixed,32,2,0.0625,4.0,2048,2048,512,2048,608,967.396,1230.85,951.845,-0.059
mixed,32,2,0.0625,4.0,2048,2048,1024,4096,1216,1043.81,1570.37,1059.17,0.0292
mixed,32,2,0.0625,4.0,2048,2048,2048,8192,2432,1241.99,2525.9,1489.92,0.1931
mixed,32,2,0.0625,4.0,2048,2048,4096,16384,4864,1721.19,5858.36,2330.21,0.1472
mixed,32,2,0.0625,4.0,2048,4096,128,512,152,1235.39,1317.54,1235.49,0.0012
mixed,32,2,0.0625,4.0,2048,4096,256,1024,304,1261.06,1411.56,1276.13,0.1002
mixed,32,2,0.0625,4.0,2048,4096,512,2048,608,1371.4,1576.9,1335.3,-0.1756
mixed,32,2,0.0625,4.0,2048,4096,1024,4096,1216,1437.28,1935.17,1446.88,0.0193
mixed,32,2,0.0625,4.0,2048,4096,2048,8192,2432,1641.48,2819.91,1773.22,0.1118
mixed,32,2,0.0625,4.0,2048,4096,4096,16384,4864,2071.11,7484.99,2633.26,0.1038
mixed,32,2,0.0625,4.0,2048,8192,128,512,152,1965.99,2201.61,1968.74,0.0117
mixed,32,2,0.0625,4.0,2048,8192,256,1024,304,1992.84,2171.75,2000.48,0.0427
mixed,32,2,0.0625,4.0,2048,8192,512,2048,608,2152.16,2397.48,2071.36,-0.3294
mixed,32,2,0.0625,4.0,2048,8192,1024,4096,1216,2210.28,2700.81,2217.19,0.0141
mixed,32,2,0.0625,4.0,2048,8192,2048,8192,2432,2440.45,3517.93,2444.84,0.0041
mixed,32,2,0.0625,4.0,2048,8192,4096,16384,4864,2835.62,5259.47,3257.78,0.1742
pure,32,3,0.0938,4.0,0,0,128,512,164,67.583,110.272,71.267,0.0863
pure,32,3,0.0938,4.0,0,0,256,1024,328,88.928,176.32,87.838,-0.0125
pure,32,3,0.0938,4.0,0,0,512,2048,656,129.248,334.812,128.608,-0.0031
pure,32,3,0.0938,4.0,0,0,1024,4096,1312,218.53,619.456,216.64,-0.0047
pure,32,3,0.0938,4.0,0,0,2048,8192,2624,414.527,1143.14,414.595,0.0001
pure,32,3,0.0938,4.0,0,0,4096,16384,5248,771.394,2198.95,768.838,-0.0018
mixed,32,3,0.0938,4.0,16,0,128,512,164,77.248,154.689,100.192,0.2963
mixed,32,3,0.0938,4.0,16,0,256,1024,328,106.177,261.953,153.088,0.3011
mixed,32,3,0.0938,4.0,16,0,512,2048,656,184.095,468.8,255.008,0.2491
mixed,32,3,0.0938,4.0,16,0,1024,4096,1312,314.848,904.13,456.928,0.2411
mixed,32,3,0.0938,4.0,16,0,2048,8192,2624,579.232,1796.61,861.731,0.2321
mixed,32,3,0.0938,4.0,16,0,4096,16384,5248,1165.96,3403.98,1709.32,0.2428
mixed,32,3,0.0938,4.0,16,512,128,512,164,103.361,155.232,102.721,-0.0123
mixed,32,3,0.0938,4.0,16,512,256,1024,328,122.912,262.113,155.649,0.2352
mixed,32,3,0.0938,4.0,16,512,512,2048,656,183.36,469.473,255.425,0.2519
mixed,32,3,0.0938,4.0,16,512,1024,4096,1312,314.722,904.609,460.32,0.2468
mixed,32,3,0.0938,4.0,16,512,2048,8192,2624,578.852,1800.04,861.281,0.2313
mixed,32,3,0.0938,4.0,16,512,4096,16384,5248,1161.79,3535.34,1697.83,0.2258
mixed,32,3,0.0938,4.0,16,1024,128,512,164,137.985,188.8,136.254,-0.0341
mixed,32,3,0.0938,4.0,16,1024,256,1024,328,156.672,263.903,174.048,0.162
mixed,32,3,0.0938,4.0,16,1024,512,2048,656,208.352,471.171,256.512,0.1832
mixed,32,3,0.0938,4.0,16,1024,1024,4096,1312,315.713,906.307,458.146,0.2412
mixed,32,3,0.0938,4.0,16,1024,2048,8192,2624,579.49,1797.61,860.965,0.2311
mixed,32,3,0.0938,4.0,16,1024,4096,16384,5248,1167.46,3518.79,1690.24,0.2223
mixed,32,3,0.0938,4.0,16,2048,128,512,164,202.528,254.37,201.57,-0.0185
mixed,32,3,0.0938,4.0,16,2048,256,1024,328,222.145,326.784,221.76,-0.0037
mixed,32,3,0.0938,4.0,16,2048,512,2048,656,272.481,471.682,295.457,0.1153
mixed,32,3,0.0938,4.0,16,2048,1024,4096,1312,363.521,906.084,459.264,0.1765
mixed,32,3,0.0938,4.0,16,2048,2048,8192,2624,581.475,1800.58,863.457,0.2313
mixed,32,3,0.0938,4.0,16,2048,4096,16384,5248,1158.31,3533.74,1701.61,0.2287
mixed,32,3,0.0938,4.0,16,4096,128,512,164,329.313,384.29,331.648,0.0425
mixed,32,3,0.0938,4.0,16,4096,256,1024,328,350.401,455.105,350.465,0.0006
mixed,32,3,0.0938,4.0,16,4096,512,2048,656,402.916,600.067,385.441,-0.0886
mixed,32,3,0.0938,4.0,16,4096,1024,4096,1312,492.162,918.946,527.487,0.0828
mixed,32,3,0.0938,4.0,16,4096,2048,8192,2624,675.427,1831.11,866.499,0.1653
mixed,32,3,0.0938,4.0,16,4096,4096,16384,5248,1189.12,3610.32,1747.56,0.2306
mixed,32,3,0.0938,4.0,16,8192,128,512,164,586.721,636.867,587.456,0.0147
mixed,32,3,0.0938,4.0,16,8192,256,1024,328,610.338,708.001,603.33,-0.0718
mixed,32,3,0.0938,4.0,16,8192,512,2048,656,658.499,856.578,643.586,-0.0753
mixed,32,3,0.0938,4.0,16,8192,1024,4096,1312,751.042,1178.88,717.314,-0.0788
mixed,32,3,0.0938,4.0,16,8192,2048,8192,2624,933.986,1816.93,985.028,0.0578
mixed,32,3,0.0938,4.0,16,8192,4096,16384,5248,1378.5,3562.96,1750.12,0.1701
mixed,32,3,0.0938,4.0,32,0,128,512,164,77.311,155.425,100.224,0.2933
mixed,32,3,0.0938,4.0,32,0,256,1024,328,106.08,261.25,152.801,0.3011
mixed,32,3,0.0938,4.0,32,0,512,2048,656,183.584,469.825,255.136,0.25
mixed,32,3,0.0938,4.0,32,0,1024,4096,1312,314.433,904.482,457.568,0.2426
mixed,32,3,0.0938,4.0,32,0,2048,8192,2624,579.489,1801.19,861.795,0.2311
mixed,32,3,0.0938,4.0,32,0,4096,16384,5248,1169.73,3487.78,1718.88,0.2369
mixed,32,3,0.0938,4.0,32,512,128,512,164,103.392,155.392,102.176,-0.0234
mixed,32,3,0.0938,4.0,32,512,256,1024,328,122.689,262.272,155.265,0.2334
mixed,32,3,0.0938,4.0,32,512,512,2048,656,183.775,471.329,255.234,0.2485
mixed,32,3,0.0938,4.0,32,512,1024,4096,1312,315.2,905.539,457.792,0.2415
mixed,32,3,0.0938,4.0,32,512,2048,8192,2624,579.492,1807.94,862.851,0.2307
mixed,32,3,0.0938,4.0,32,512,4096,16384,5248,1165.12,3521.32,1694.79,0.2248
mixed,32,3,0.0938,4.0,32,1024,128,512,164,137.217,189.12,135.616,-0.0308
mixed,32,3,0.0938,4.0,32,1024,256,1024,328,156.768,263.072,173.601,0.1583
mixed,32,3,0.0938,4.0,32,1024,512,2048,656,207.84,471.332,255.969,0.1827
mixed,32,3,0.0938,4.0,32,1024,1024,4096,1312,317.28,908.482,459.553,0.2407
mixed,32,3,0.0938,4.0,32,1024,2048,8192,2624,579.234,1807.2,862.305,0.2305
mixed,32,3,0.0938,4.0,32,1024,4096,16384,5248,1166.95,3539.12,1697.7,0.2237
mixed,32,3,0.0938,4.0,32,2048,128,512,164,202.048,254.816,202.178,0.0025
mixed,32,3,0.0938,4.0,32,2048,256,1024,328,221.247,326.818,220.864,-0.0036
mixed,32,3,0.0938,4.0,32,2048,512,2048,656,273.634,470.721,296.098,0.114
mixed,32,3,0.0938,4.0,32,2048,1024,4096,1312,363.81,908.292,460.193,0.177
mixed,32,3,0.0938,4.0,32,2048,2048,8192,2624,581.634,1804.9,861.795,0.229
mixed,32,3,0.0938,4.0,32,2048,4096,16384,5248,1167.49,3542.99,1700.36,0.2243
mixed,32,3,0.0938,4.0,32,4096,128,512,164,330.593,384.192,333.601,0.0561
mixed,32,3,0.0938,4.0,32,4096,256,1024,328,351.841,456.481,350.018,-0.0174
mixed,32,3,0.0938,4.0,32,4096,512,2048,656,399.425,600,389.569,-0.0491
mixed,32,3,0.0938,4.0,32,4096,1024,4096,1312,494.914,923.009,526.785,0.0744
mixed,32,3,0.0938,4.0,32,4096,2048,8192,2624,677.827,1829.8,863.395,0.1611
mixed,32,3,0.0938,4.0,32,4096,4096,16384,5248,1179.17,3630.41,1746.37,0.2314
mixed,32,3,0.0938,4.0,32,8192,128,512,164,585.761,641.728,582.658,-0.0554
mixed,32,3,0.0938,4.0,32,8192,256,1024,328,606.339,713.731,610.624,0.0399
mixed,32,3,0.0938,4.0,32,8192,512,2048,656,660.099,857.377,645.154,-0.0758
mixed,32,3,0.0938,4.0,32,8192,1024,4096,1312,752.771,1181.38,720.706,-0.0748
mixed,32,3,0.0938,4.0,32,8192,2048,8192,2624,939.107,1817.54,989.123,0.0569
mixed,32,3,0.0938,4.0,32,8192,4096,16384,5248,1380.61,3576.39,1767.88,0.1764
mixed,32,3,0.0938,4.0,64,0,128,512,164,78.048,154.977,100.928,0.2974
mixed,32,3,0.0938,4.0,64,0,256,1024,328,106.399,261.442,153.729,0.3053
mixed,32,3,0.0938,4.0,64,0,512,2048,656,184.288,470.465,255.617,0.2492
mixed,32,3,0.0938,4.0,64,0,1024,4096,1312,314.817,906.788,456.545,0.2394
mixed,32,3,0.0938,4.0,64,0,2048,8192,2624,580.258,1805.22,860.867,0.2291
mixed,32,3,0.0938,4.0,64,0,4096,16384,5248,1169.15,3499.66,1712.42,0.2331
mixed,32,3,0.0938,4.0,64,512,128,512,164,104.128,156.96,104.064,-0.0012
mixed,32,3,0.0938,4.0,64,512,256,1024,328,123.903,262.113,155.36,0.2276
mixed,32,3,0.0938,4.0,64,512,512,2048,656,183.746,471.234,256.096,0.2517
mixed,32,3,0.0938,4.0,64,512,1024,4096,1312,315.456,907.203,459.778,0.2439
mixed,32,3,0.0938,4.0,64,512,2048,8192,2624,581.827,1813.86,860.386,0.2261
mixed,32,3,0.0938,4.0,64,512,4096,16384,5248,1168.29,3453.97,1705.25,0.2349
mixed,32,3,0.0938,4.0,64,1024,128,512,164,138.367,191.104,138.016,-0.0067
mixed,32,3,0.0938,4.0,64,1024,256,1024,328,157.792,263.137,174.466,0.1583
mixed,32,3,0.0938,4.0,64,1024,512,2048,656,209.729,471.169,257.186,0.1815
mixed,32,3,0.0938,4.0,64,1024,1024,4096,1312,316.225,907.266,459.554,0.2425
mixed,32,3,0.0938,4.0,64,1024,2048,8192,2624,580.547,1807.17,862.145,0.2296
mixed,32,3,0.0938,4.0,64,1024,4096,16384,5248,1165.96,3523.91,1695.27,0.2245
mixed,32,3,0.0938,4.0,64,2048,128,512,164,203.394,256.161,203.618,0.0042
mixed,32,3,0.0938,4.0,64,2048,256,1024,328,225.121,329.474,223.168,-0.0187
mixed,32,3,0.0938,4.0,64,2048,512,2048,656,275.167,473.186,297.281,0.1117
mixed,32,3,0.0938,4.0,64,2048,1024,4096,1312,365.858,909.829,461.472,0.1758
mixed,32,3,0.0938,4.0,64,2048,2048,8192,2624,582.369,1812.49,859.555,0.2253
mixed,32,3,0.0938,4.0,64,2048,4096,16384,5248,1165.67,3542.99,1696.96,0.2235
mixed,32,3,0.0938,4.0,64,4096,128,512,164,332.288,386.018,332.001,-0.0053
mixed,32,3,0.0938,4.0,64,4096,256,1024,328,354.625,458.465,350.624,-0.0385
mixed,32,3,0.0938,4.0,64,4096,512,2048,656,404.896,600.865,390.144,-0.0753
mixed,32,3,0.0938,4.0,64,4096,1024,4096,1312,496.515,920.772,526.689,0.0711
mixed,32,3,0.0938,4.0,64,4096,2048,8192,2624,679.873,1844.04,864.418,0.1585
mixed,32,3,0.0938,4.0,64,4096,4096,16384,5248,1183.75,3640.49,1748.23,0.2298
mixed,32,3,0.0938,4.0,64,8192,128,512,164,587.588,638.53,591.17,0.0703
mixed,32,3,0.0938,4.0,64,8192,256,1024,328,607.139,709.058,609.219,0.0204
mixed,32,3,0.0938,4.0,64,8192,512,2048,656,658.976,855.554,645.153,-0.0703
mixed,32,3,0.0938,4.0,64,8192,1024,4096,1312,751.329,1184.36,722.881,-0.0657
mixed,32,3,0.0938,4.0,64,8192,2048,8192,2624,940.803,1822.5,985.411,0.0506
mixed,32,3,0.0938,4.0,64,8192,4096,16384,5248,1384.87,3628.49,1760.33,0.1673
mixed,32,3,0.0938,4.0,128,0,128,512,164,83.808,161.087,106.72,0.2965
mixed,32,3,0.0938,4.0,128,0,256,1024,328,111.2,267.136,165.248,0.3466
mixed,32,3,0.0938,4.0,128,0,512,2048,656,189.568,474.816,266.721,0.2705
mixed,32,3,0.0938,4.0,128,0,1024,4096,1312,317.6,911.904,466.082,0.2498
mixed,32,3,0.0938,4.0,128,0,2048,8192,2624,584.545,1805.73,867.459,0.2317
mixed,32,3,0.0938,4.0,128,0,4096,16384,5248,1173.38,3541.55,1721.99,0.2317
mixed,32,3,0.0938,4.0,128,512,128,512,164,110.336,162.848,124.257,0.2651
mixed,32,3,0.0938,4.0,128,512,256,1024,328,129.153,265.152,175.424,0.3402
mixed,32,3,0.0938,4.0,128,512,512,2048,656,188.643,474.209,297.376,0.3808
mixed,32,3,0.0938,4.0,128,512,1024,4096,1312,319.774,916.259,477.666,0.2647
mixed,32,3,0.0938,4.0,128,512,2048,8192,2624,584.13,1807.08,874.691,0.2376
mixed,32,3,0.0938,4.0,128,512,4096,16384,5248,1171.59,3534.7,1707.08,0.2266
mixed,32,3,0.0938,4.0,128,1024,128,512,164,145.889,195.712,158.593,0.255
mixed,32,3,0.0938,4.0,128,1024,256,1024,328,165.28,268.77,185.088,0.1914
mixed,32,3,0.0938,4.0,128,1024,512,2048,656,214.752,475.713,297.665,0.3177
mixed,32,3,0.0938,4.0,128,1024,1024,4096,1312,320.129,915.489,524.226,0.3428
mixed,32,3,0.0938,4.0,128,1024,2048,8192,2624,585.857,1811.49,871.397,0.233
mixed,32,3,0.0938,4.0,128,1024,4096,16384,5248,1171.36,3549.26,1705.67,0.2247
mixed,32,3,0.0938,4.0,128,2048,128,512,164,210.815,262.369,222.207,0.221
mixed,32,3,0.0938,4.0,128,2048,256,1024,328,231.521,333.73,250.465,0.1853
mixed,32,3,0.0938,4.0,128,2048,512,2048,656,281.535,478.463,304.447,0.1163
mixed,32,3,0.0938,4.0,128,2048,1024,4096,1312,370.432,917.313,532.512,0.2964
mixed,32,3,0.0938,4.0,128,2048,2048,8192,2624,589.377,1810.95,985.571,0.3243
mixed,32,3,0.0938,4.0,128,2048,4096,16384,5248,1164.93,3463.72,1712.61,0.2382
mixed,32,3,0.0938,4.0,128,4096,128,512,164,343.072,392.928,353.665,0.2125
mixed,32,3,0.0938,4.0,128,4096,256,1024,328,361.025,463.97,381.826,0.2021
mixed,32,3,0.0938,4.0,128,4096,512,2048,656,411.137,610.722,433.6,0.1125
mixed,32,3,0.0938,4.0,128,4096,1024,4096,1312,501.091,928.387,539.52,0.0899
mixed,32,3,0.0938,4.0,128,4096,2048,8192,2624,687.264,1897.54,1001.73,0.2598
mixed,32,3,0.0938,4.0,128,4096,4096,16384,5248,1189.09,3844.11,1957.35,0.2894
mixed,32,3,0.0938,4.0,128,8192,128,512,164,602.433,649.441,607.104,0.0994
mixed,32,3,0.0938,4.0,128,8192,256,1024,328,615.074,727.779,633.984,0.1678
mixed,32,3,0.0938,4.0,128,8192,512,2048,656,669.697,868.386,690.18,0.1031
mixed,32,3,0.0938,4.0,128,8192,1024,4096,1312,761.825,1192.84,792.738,0.0717
mixed,32,3,0.0938,4.0,128,8192,2048,8192,2624,948.578,1846.44,1000.2,0.0575
mixed,32,3,0.0938,4.0,128,8192,4096,16384,5248,1402.18,3815.82,2011.97,0.2526
mixed,32,3,0.0938,4.0,256,0,128,512,164,100.352,181.121,124.991,0.3051
mixed,32,3,0.0938,4.0,256,0,256,1024,328,131.649,283.615,181.409,0.3274
mixed,32,3,0.0938,4.0,256,0,512,2048,656,209.379,489.313,286.945,0.2771
mixed,32,3,0.0938,4.0,256,0,1024,4096,1312,336.61,917.474,486.209,0.2575
mixed,32,3,0.0938,4.0,256,0,2048,8192,2624,594.113,1807.85,880.581,0.236
mixed,32,3,0.0938,4.0,256,0,4096,16384,5248,1173.09,3539.05,1718.34,0.2305
mixed,32,3,0.0938,4.0,256,512,128,512,164,140.002,206.369,141.951,0.0294
mixed,32,3,0.0938,4.0,256,512,256,1024,328,161.762,317.922,190.945,0.1869
mixed,32,3,0.0938,4.0,256,512,512,2048,656,238.624,521.473,308,0.2453
mixed,32,3,0.0938,4.0,256,512,1024,4096,1312,370.625,921.572,519.425,0.2701
mixed,32,3,0.0938,4.0,256,512,2048,8192,2624,621.921,1814.12,909.696,0.2414
mixed,32,3,0.0938,4.0,256,512,4096,16384,5248,1174.44,3538.09,1737.48,0.2382
mixed,32,3,0.0938,4.0,256,1024,128,512,164,177.153,242.752,179.2,0.0312
mixed,32,3,0.0938,4.0,256,1024,256,1024,328,204.735,343.84,207.902,0.0228
mixed,32,3,0.0938,4.0,256,1024,512,2048,656,256.639,555.745,309.568,0.177
mixed,32,3,0.0938,4.0,256,1024,1024,4096,1312,403.873,951.205,536.19,0.2417
mixed,32,3,0.0938,4.0,256,1024,2048,8192,2624,657.411,1822.41,953.408,0.2541
mixed,32,3,0.0938,4.0,256,1024,4096,16384,5248,1181.09,3537.36,1763.5,0.2472
mixed,32,3,0.0938,4.0,256,2048,128,512,164,244.062,319.552,245.921,0.0246
mixed,32,3,0.0938,4.0,256,2048,256,1024,328,271.487,415.97,276.127,0.0321
mixed,32,3,0.0938,4.0,256,2048,512,2048,656,344.129,611.042,327.296,-0.0631
mixed,32,3,0.0938,4.0,256,2048,1024,4096,1312,431.582,1027.78,543.456,0.1876
mixed,32,3,0.0938,4.0,256,2048,2048,8192,2624,727.459,1821.32,1005.73,0.2544
mixed,32,3,0.0938,4.0,256,2048,4096,16384,5248,1248.87,3541.07,1843.24,0.2593
mixed,32,3,0.0938,4.0,256,4096,128,512,164,374.529,446.911,376.864,0.0323
mixed,32,3,0.0938,4.0,256,4096,256,1024,328,398.242,554.115,405.792,0.0484
mixed,32,3,0.0938,4.0,256,4096,512,2048,656,476.93,751.233,461.664,-0.0557
mixed,32,3,0.0938,4.0,256,4096,1024,4096,1312,608.13,1185.54,570.66,-0.0649
mixed,32,3,0.0938,4.0,256,4096,2048,8192,2624,788.708,2293.16,1013.67,0.1495
mixed,32,3,0.0938,4.0,256,4096,4096,16384,5248,1463.11,4376.82,2000.23,0.1843
mixed,32,3,0.0938,4.0,256,8192,128,512,164,638.691,712.737,636.32,-0.032
mixed,32,3,0.0938,4.0,256,8192,256,1024,328,669.377,811.363,671.619,0.0158
mixed,32,3,0.0938,4.0,256,8192,512,2048,656,732.161,1016.61,727.426,-0.0166
mixed,32,3,0.0938,4.0,256,8192,1024,4096,1312,868.512,1464.23,829.954,-0.0647
mixed,32,3,0.0938,4.0,256,8192,2048,8192,2624,1128.7,2335.21,1034.79,-0.0778
mixed,32,3,0.0938,4.0,256,8192,4096,16384,5248,1538.92,4632.69,2027.85,0.158
mixed,32,3,0.0938,4.0,512,0,128,512,164,137.922,215.618,150.466,0.1614
mixed,32,3,0.0938,4.0,512,0,256,1024,328,162.595,322.56,209.44,0.2928
mixed,32,3,0.0938,4.0,512,0,512,2048,656,247.618,525.602,319.166,0.2574
mixed,32,3,0.0938,4.0,512,0,1024,4096,1312,374.401,958.21,531.137,0.2685
mixed,32,3,0.0938,4.0,512,0,2048,8192,2624,628.897,1832.1,931.204,0.2513
mixed,32,3,0.0938,4.0,512,0,4096,16384,5248,1205.32,3567.69,1753.32,0.232
mixed,32,3,0.0938,4.0,512,512,128,512,164,190.945,253.025,194.432,0.0562
mixed,32,3,0.0938,4.0,512,512,256,1024,328,211.424,353.12,225.986,0.1028
mixed,32,3,0.0938,4.0,512,512,512,2048,656,274.498,558.274,337.665,0.2226
mixed,32,3,0.0938,4.0,512,512,1024,4096,1312,412.705,993.157,553.281,0.2422
mixed,32,3,0.0938,4.0,512,512,2048,8192,2624,665.571,1838.57,981.41,0.2693
mixed,32,3,0.0938,4.0,512,512,4096,16384,5248,1237.25,3569.2,1797.61,0.2403
mixed,32,3,0.0938,4.0,512,1024,128,512,164,236.416,297.57,241.761,0.0874
mixed,32,3,0.0938,4.0,512,1024,256,1024,328,259.841,389.442,267.969,0.0627
mixed,32,3,0.0938,4.0,512,1024,512,2048,656,316.768,596.258,360.002,0.1547
mixed,32,3,0.0938,4.0,512,1024,1024,4096,1312,432.929,1025.54,572.899,0.2362
mixed,32,3,0.0938,4.0,512,1024,2048,8192,2624,700.736,1874.63,996.995,0.2524
mixed,32,3,0.0938,4.0,512,1024,4096,16384,5248,1267.01,3574.61,1759.2,0.2133
mixed,32,3,0.0938,4.0,512,2048,128,512,164,305.793,379.171,311.393,0.0763
mixed,32,3,0.0938,4.0,512,2048,256,1024,328,337.602,441.698,344.224,0.0636
mixed,32,3,0.0938,4.0,512,2048,512,2048,656,400.705,632.226,394.626,-0.0263
mixed,32,3,0.0938,4.0,512,2048,1024,4096,1312,492.13,1050.43,597.763,0.1892
mixed,32,3,0.0938,4.0,512,2048,2048,8192,2624,729.027,1891.3,993.925,0.2279
mixed,32,3,0.0938,4.0,512,2048,4096,16384,5248,1281.57,3463.79,1868.84,0.2691
mixed,32,3,0.0938,4.0,512,4096,128,512,164,429.475,528.866,436.416,0.0698
mixed,32,3,0.0938,4.0,512,4096,256,1024,328,469.6,638.945,481.666,0.0713
mixed,32,3,0.0938,4.0,512,4096,512,2048,656,564.127,764.448,566.433,0.0115
mixed,32,3,0.0938,4.0,512,4096,1024,4096,1312,696.481,1168.39,676.383,-0.0426
mixed,32,3,0.0938,4.0,512,4096,2048,8192,2624,863.17,2414.18,1106.5,0.1569
mixed,32,3,0.0938,4.0,512,4096,4096,16384,5248,1431.81,4788.75,1913.03,0.1433
mixed,32,3,0.0938,4.0,512,8192,128,512,164,679.938,778.466,686.628,0.0679
mixed,32,3,0.0938,4.0,512,8192,256,1024,328,717.185,906.21,734.179,0.0899
mixed,32,3,0.0938,4.0,512,8192,512,2048,656,813.283,1147.78,818.307,0.015
mixed,32,3,0.0938,4.0,512,8192,1024,4096,1312,975.652,1418.25,992.674,0.0385
mixed,32,3,0.0938,4.0,512,8192,2048,8192,2624,1274.72,2309.74,1231.55,-0.0417
mixed,32,3,0.0938,4.0,512,8192,4096,16384,5248,1646.44,5156.78,2141.13,0.1409
mixed,32,3,0.0938,4.0,1024,0,128,512,164,227.712,285.44,231.81,0.071
mixed,32,3,0.0938,4.0,1024,0,256,1024,328,250.111,379.971,264.353,0.1097
mixed,32,3,0.0938,4.0,1024,0,512,2048,656,302.975,596.609,370.625,0.2304
mixed,32,3,0.0938,4.0,1024,0,1024,4096,1312,437.122,1023.17,577.312,0.2392
mixed,32,3,0.0938,4.0,1024,0,2048,8192,2624,699.939,1848.49,987.33,0.2502
mixed,32,3,0.0938,4.0,1024,0,4096,16384,5248,1262.95,3491.34,1801.48,0.2417
mixed,32,3,0.0938,4.0,1024,512,128,512,164,291.745,351.202,297.601,0.0985
mixed,32,3,0.0938,4.0,1024,512,256,1024,328,315.329,426.72,322.784,0.0669
mixed,32,3,0.0938,4.0,1024,512,512,2048,656,372.866,633.793,409.92,0.142
mixed,32,3,0.0938,4.0,1024,512,1024,4096,1312,478.977,1074.08,623.684,0.2432
mixed,32,3,0.0938,4.0,1024,512,2048,8192,2624,751.937,1899.98,1027.71,0.2402
mixed,32,3,0.0938,4.0,1024,512,4096,16384,5248,1308.07,3510.8,1865.77,0.2532
mixed,32,3,0.0938,4.0,1024,1024,128,512,164,354.178,417.569,356.768,0.0409
mixed,32,3,0.0938,4.0,1024,1024,256,1024,328,373.538,495.457,384.258,0.0879
mixed,32,3,0.0938,4.0,1024,1024,512,2048,656,433.056,670.592,445.12,0.0508
mixed,32,3,0.0938,4.0,1024,1024,1024,4096,1312,526.592,1135.59,662.146,0.2226
mixed,32,3,0.0938,4.0,1024,1024,2048,8192,2624,777.475,1958.34,1083.52,0.2592
mixed,32,3,0.0938,4.0,1024,1024,4096,16384,5248,1371.97,3593.97,2000.68,0.2829
mixed,32,3,0.0938,4.0,1024,2048,128,512,164,487.714,556.418,491.618,0.0568
mixed,32,3,0.0938,4.0,1024,2048,256,1024,328,516.513,652.483,532.098,0.1146
mixed,32,3,0.0938,4.0,1024,2048,512,2048,656,575.554,810.177,587.649,0.0516
mixed,32,3,0.0938,4.0,1024,2048,1024,4096,1312,689.922,1230.18,766.85,0.1424
mixed,32,3,0.0938,4.0,1024,2048,2048,8192,2624,926.851,2178.18,1221.76,0.2357
mixed,32,3,0.0938,4.0,1024,2048,4096,16384,5248,1518.63,3893.59,1983.4,0.1957
mixed,32,3,0.0938,4.0,1024,4096,128,512,164,704.643,763.17,710.273,0.0962
mixed,32,3,0.0938,4.0,1024,4096,256,1024,328,727.811,864.163,739.618,0.0866
mixed,32,3,0.0938,4.0,1024,4096,512,2048,656,795.65,1053.6,797.57,0.0074
mixed,32,3,0.0938,4.0,1024,4096,1024,4096,1312,906.818,1410.08,942.849,0.0716
mixed,32,3,0.0938,4.0,1024,4096,2048,8192,2624,1156.51,2492.23,1364.04,0.1554
mixed,32,3,0.0938,4.0,1024,4096,4096,16384,5248,1678.05,5876.15,2181.09,0.1198
mixed,32,3,0.0938,4.0,1024,8192,128,512,164,1195.43,1238.63,1197.31,0.0437
mixed,32,3,0.0938,4.0,1024,8192,256,1024,328,1212.16,1324.36,1217.28,0.0456
mixed,32,3,0.0938,4.0,1024,8192,512,2048,656,1259.17,1502.08,1254.37,-0.0198
mixed,32,3,0.0938,4.0,1024,8192,1024,4096,1312,1356.39,1919.88,1369.61,0.0235
mixed,32,3,0.0938,4.0,1024,8192,2048,8192,2624,1556.55,2756.3,1611.94,0.0462
mixed,32,3,0.0938,4.0,1024,8192,4096,16384,5248,2114.44,5125.23,2559.94,0.148
mixed,32,3,0.0938,4.0,2048,0,128,512,164,490.786,530.147,472.768,-0.4578
mixed,32,3,0.0938,4.0,2048,0,256,1024,328,514.529,635.457,500.546,-0.1156
mixed,32,3,0.0938,4.0,2048,0,512,2048,656,552.546,802.274,557.795,0.021
mixed,32,3,0.0938,4.0,2048,0,1024,4096,1312,673.986,1240.32,811.139,0.2422
mixed,32,3,0.0938,4.0,2048,0,2048,8192,2624,947.938,2182.86,1204.61,0.2078
mixed,32,3,0.0938,4.0,2048,0,4096,16384,5248,1510.05,3789.81,2037.7,0.2315
mixed,32,3,0.0938,4.0,2048,512,128,512,164,570.306,632.481,600.737,0.4894
mixed,32,3,0.0938,4.0,2048,512,256,1024,328,592.866,713.921,600.258,0.0611
mixed,32,3,0.0938,4.0,2048,512,512,2048,656,656.289,884.385,655.648,-0.0028
mixed,32,3,0.0938,4.0,2048,512,1024,4096,1312,752.673,1313.99,855.011,0.1823
mixed,32,3,0.0938,4.0,2048,512,2048,8192,2624,996.383,2211.21,1282.76,0.2357
mixed,32,3,0.0938,4.0,2048,512,4096,16384,5248,1574.15,3939.53,2119.78,0.2307
mixed,32,3,0.0938,4.0,2048,1024,128,512,164,668.707,735.043,674.691,0.0902
mixed,32,3,0.0938,4.0,2048,1024,256,1024,328,694.05,815.202,700.576,0.0539
mixed,32,3,0.0938,4.0,2048,1024,512,2048,656,756.385,975.235,755.935,-0.0021
mixed,32,3,0.0938,4.0,2048,1024,1024,4096,1312,858.914,1392.74,930.53,0.1342
mixed,32,3,0.0938,4.0,2048,1024,2048,8192,2624,1081.28,2356.33,1369.67,0.2262
mixed,32,3,0.0938,4.0,2048,1024,4096,16384,5248,1642.6,4477.84,2198.25,0.196
mixed,32,3,0.0938,4.0,2048,2048,128,512,164,865.987,930.627,902.148,0.5594
mixed,32,3,0.0938,4.0,2048,2048,256,1024,328,927.712,1018.88,896.259,-0.345
mixed,32,3,0.0938,4.0,2048,2048,512,2048,656,956.354,1180.29,954.465,-0.0084
mixed,32,3,0.0938,4.0,2048,2048,1024,4096,1312,1062.21,1566.92,1078.05,0.0314
mixed,32,3,0.0938,4.0,2048,2048,2048,8192,2624,1264.8,2530.82,1517.32,0.1995
mixed,32,3,0.0938,4.0,2048,2048,4096,16384,5248,1801.8,5813.68,2495.88,0.173
mixed,32,3,0.0938,4.0,2048,4096,128,512,164,1233.15,1317.41,1236.9,0.0444
mixed,32,3,0.0938,4.0,2048,4096,256,1024,328,1258.6,1414.56,1276.93,0.1176
mixed,32,3,0.0938,4.0,2048,4096,512,2048,656,1346.34,1579.97,1352.1,0.0247
mixed,32,3,0.0938,4.0,2048,4096,1024,4096,1312,1461.8,2021.13,1527.56,0.1176
mixed,32,3,0.0938,4.0,2048,4096,2048,8192,2624,1744.23,2770.57,1901.8,0.1535
mixed,32,3,0.0938,4.0,2048,4096,4096,16384,5248,2148.01,7361.73,2678.25,0.1017
mixed,32,3,0.0938,4.0,2048,8192,128,512,164,1962.25,2049.83,1970.18,0.0906
mixed,32,3,0.0938,4.0,2048,8192,256,1024,328,1992.58,2180.61,2005.73,0.07
mixed,32,3,0.0938,4.0,2048,8192,512,2048,656,2079.65,2397.93,2084.16,0.0142
mixed,32,3,0.0938,4.0,2048,8192,1024,4096,1312,2239.43,2704.36,2238.63,-0.0017
mixed,32,3,0.0938,4.0,2048,8192,2048,8192,2624,2461.64,3520.14,2472.71,0.0105
mixed,32,3,0.0938,4.0,2048,8192,4096,16384,5248,2903.08,5242.61,3317.42,0.1771
pure,32,4,0.125,4.0,0,0,128,512,176,66.749,108.993,69.856,0.0735
pure,32,4,0.125,4.0,0,0,256,1024,352,90.431,175.073,88.8,-0.0193
pure,32,4,0.125,4.0,0,0,512,2048,704,132.512,334.047,133.601,0.0054
pure,32,4,0.125,4.0,0,0,1024,4096,1408,232.704,618.882,229.633,-0.008
pure,32,4,0.125,4.0,0,0,2048,8192,2816,442.784,1142.43,439.812,-0.0042
pure,32,4,0.125,4.0,0,0,4096,16384,5632,811.971,2195.4,810.85,-0.0008
mixed,32,4,0.125,4.0,16,0,128,512,176,74.976,148.352,97.728,0.3101
mixed,32,4,0.125,4.0,16,0,256,1024,352,104.129,252.064,158.145,0.3651
mixed,32,4,0.125,4.0,16,0,512,2048,704,178.305,452.16,255.713,0.2827
mixed,32,4,0.125,4.0,16,0,1024,4096,1408,324.897,871.906,447.139,0.2235
mixed,32,4,0.125,4.0,16,0,2048,8192,2816,603.681,1740.33,828.643,0.1979
mixed,32,4,0.125,4.0,16,0,4096,16384,5632,1213.06,3403.15,1657.38,0.2029
mixed,32,4,0.125,4.0,16,512,128,512,176,99.489,149.984,99.009,-0.0095
mixed,32,4,0.125,4.0,16,512,256,1024,352,119.072,251.936,166.401,0.3562
mixed,32,4,0.125,4.0,16,512,512,2048,704,178.849,451.969,282.562,0.3797
mixed,32,4,0.125,4.0,16,512,1024,4096,1408,325.41,871.458,478.464,0.2803
mixed,32,4,0.125,4.0,16,512,2048,8192,2816,606.881,1742.79,856.033,0.2193
mixed,32,4,0.125,4.0,16,512,4096,16384,5632,1215.84,3404.43,1663.01,0.2043
mixed,32,4,0.125,4.0,16,1024,128,512,176,132.384,181.28,131.712,-0.0137
mixed,32,4,0.125,4.0,16,1024,256,1024,352,152.417,253.92,168.097,0.1545
mixed,32,4,0.125,4.0,16,1024,512,2048,704,202.112,452.32,283.905,0.3269
mixed,32,4,0.125,4.0,16,1024,1024,4096,1408,325.602,875.042,506.178,0.3287
mixed,32,4,0.125,4.0,16,1024,2048,8192,2816,606.243,1802.41,934.404,0.2743
mixed,32,4,0.125,4.0,16,1024,4096,16384,5632,1258.56,3512.91,1731.05,0.2096
mixed,32,4,0.125,4.0,16,2048,128,512,176,202.528,253.666,203.009,0.0094
mixed,32,4,0.125,4.0,16,2048,256,1024,352,224.384,326.337,240.417,0.1573
mixed,32,4,0.125,4.0,16,2048,512,2048,704,276.547,471.33,297.793,0.1091
mixed,32,4,0.125,4.0,16,2048,1024,4096,1408,379.425,907.553,530.242,0.2856
mixed,32,4,0.125,4.0,16,2048,2048,8192,2816,631.586,1805.29,992.418,0.3074
mixed,32,4,0.125,4.0,16,2048,4096,16384,5632,1252.71,3487.21,1793.38,0.242
mixed,32,4,0.125,4.0,16,4096,128,512,176,330.242,383.681,333.985,0.07
mixed,32,4,0.125,4.0,16,4096,256,1024,352,350.977,456.224,369.856,0.1794
mixed,32,4,0.125,4.0,16,4096,512,2048,704,402.946,598.596,425.153,0.1135
mixed,32,4,0.125,4.0,16,4096,1024,4096,1408,508.833,920.611,531.265,0.0545
mixed,32,4,0.125,4.0,16,4096,2048,8192,2816,712.291,1830.18,996.035,0.2538
mixed,32,4,0.125,4.0,16,4096,4096,16384,5632,1254.15,3632.08,1994.02,0.3111
mixed,32,4,0.125,4.0,16,8192,128,512,176,592.707,637.665,582.913,-0.2178
mixed,32,4,0.125,4.0,16,8192,256,1024,352,613.826,712.737,623.459,0.0974
mixed,32,4,0.125,4.0,16,8192,512,2048,704,657.475,855.779,686.271,0.1452
mixed,32,4,0.125,4.0,16,8192,1024,4096,1408,764.514,1178.95,788.355,0.0575
mixed,32,4,0.125,4.0,16,8192,2048,8192,2816,966.017,1822.57,998.818,0.0383
mixed,32,4,0.125,4.0,16,8192,4096,16384,5632,1447.27,3617.9,2033.06,0.2699
mixed,32,4,0.125,4.0,32,0,128,512,176,78.05,155.139,102.079,0.3117
mixed,32,4,0.125,4.0,32,0,256,1024,352,107.873,261.857,165.025,0.3712
mixed,32,4,0.125,4.0,32,0,512,2048,704,185.089,471.329,264.864,0.2787
mixed,32,4,0.125,4.0,32,0,1024,4096,1408,337.247,904.74,468.065,0.2305
mixed,32,4,0.125,4.0,32,0,2048,8192,2816,628.867,1800.45,865.408,0.2019
mixed,32,4,0.125,4.0,32,0,4096,16384,5632,1259.91,3457.13,1716.96,0.208
mixed,32,4,0.125,4.0,32,512,128,512,176,103.265,155.938,103.23,-0.0007
mixed,32,4,0.125,4.0,32,512,256,1024,352,124.064,262.081,173.695,0.3596
mixed,32,4,0.125,4.0,32,512,512,2048,704,186.209,468.994,294.051,0.3814
mixed,32,4,0.125,4.0,32,512,1024,4096,1408,337.889,904.131,501.219,0.2884
mixed,32,4,0.125,4.0,32,512,2048,8192,2816,629.569,1807.33,891.426,0.2223
mixed,32,4,0.125,4.0,32,512,4096,16384,5632,1260.35,3540.94,1723.75,0.2032
mixed,32,4,0.125,4.0,32,1024,128,512,176,136.992,189.824,137.504,0.0097
mixed,32,4,0.125,4.0,32,1024,256,1024,352,157.984,262.912,175.263,0.1647
mixed,32,4,0.125,4.0,32,1024,512,2048,704,211.265,471.711,296.224,0.3262
mixed,32,4,0.125,4.0,32,1024,1024,4096,1408,338.273,905.219,526.592,0.3322
mixed,32,4,0.125,4.0,32,1024,2048,8192,2816,631.712,1808.87,927.201,0.251
mixed,32,4,0.125,4.0,32,1024,4096,16384,5632,1254.85,3539.73,1732.26,0.2089
mixed,32,4,0.125,4.0,32,2048,128,512,176,202.753,254.913,201.535,-0.0234
mixed,32,4,0.125,4.0,32,2048,256,1024,352,224.673,326.049,240.128,0.1525
mixed,32,4,0.125,4.0,32,2048,512,2048,704,274.624,470.817,299.329,0.1259
mixed,32,4,0.125,4.0,32,2048,1024,4096,1408,378.53,907.653,532.196,0.2904
mixed,32,4,0.125,4.0,32,2048,2048,8192,2816,632.672,1806.25,987.939,0.3027
mixed,32,4,0.125,4.0,32,2048,4096,16384,5632,1249.51,3542.32,1795.68,0.2382
mixed,32,4,0.125,4.0,32,4096,128,512,176,331.586,382.53,332.097,0.01
mixed,32,4,0.125,4.0,32,4096,256,1024,352,351.584,455.395,369.986,0.1773
mixed,32,4,0.125,4.0,32,4096,512,2048,704,404.386,600.608,425.346,0.1068
mixed,32,4,0.125,4.0,32,4096,1024,4096,1408,509.762,917.857,531.138,0.0524
mixed,32,4,0.125,4.0,32,4096,2048,8192,2816,711.682,1826.6,992.45,0.2518
mixed,32,4,0.125,4.0,32,4096,4096,16384,5632,1261.03,3632.56,1998.15,0.3108
mixed,32,4,0.125,4.0,32,8192,128,512,176,590.626,643.584,591.874,0.0236
mixed,32,4,0.125,4.0,32,8192,256,1024,352,608.419,712.481,622.019,0.1307
mixed,32,4,0.125,4.0,32,8192,512,2048,704,658.369,857.028,682.082,0.1194
mixed,32,4,0.125,4.0,32,8192,1024,4096,1408,766.367,1181.48,788.769,0.054
mixed,32,4,0.125,4.0,32,8192,2048,8192,2816,971.97,1824.65,996.163,0.0284
mixed,32,4,0.125,4.0,32,8192,4096,16384,5632,1442.69,3597.04,2040.52,0.2775
mixed,32,4,0.125,4.0,64,0,128,512,176,78.623,155.68,101.856,0.3015
mixed,32,4,0.125,4.0,64,0,256,1024,352,108.578,261.665,165.696,0.3731
mixed,32,4,0.125,4.0,64,0,512,2048,704,185.6,470.368,266.178,0.283
mixed,32,4,0.125,4.0,64,0,1024,4096,1408,337.923,908.261,467.137,0.2266
mixed,32,4,0.125,4.0,64,0,2048,8192,2816,629.728,1808.97,871.107,0.2047
mixed,32,4,0.125,4.0,64,0,4096,16384,5632,1256,3550.64,1718.57,0.2016
mixed,32,4,0.125,4.0,64,512,128,512,176,104.992,157.088,104.896,-0.0018
mixed,32,4,0.125,4.0,64,512,256,1024,352,125.793,262.592,173.889,0.3516
mixed,32,4,0.125,4.0,64,512,512,2048,704,186.145,470.945,296.033,0.3858
mixed,32,4,0.125,4.0,64,512,1024,4096,1408,337.57,907.875,500.993,0.2866
mixed,32,4,0.125,4.0,64,512,2048,8192,2816,631.106,1804.52,898.978,0.2283
mixed,32,4,0.125,4.0,64,512,4096,16384,5632,1261.54,3536.3,1725.89,0.2041
mixed,32,4,0.125,4.0,64,1024,128,512,176,138.753,189.889,138.432,-0.0063
mixed,32,4,0.125,4.0,64,1024,256,1024,352,161.503,264.097,176.736,0.1485
mixed,32,4,0.125,4.0,64,1024,512,2048,704,210.529,470.017,296.77,0.3324
mixed,32,4,0.125,4.0,64,1024,1024,4096,1408,338.207,907.779,529.314,0.3355
mixed,32,4,0.125,4.0,64,1024,2048,8192,2816,632.77,1807.05,934.242,0.2567
mixed,32,4,0.125,4.0,64,1024,4096,16384,5632,1262.56,3522.8,1727.53,0.2057
mixed,32,4,0.125,4.0,64,2048,128,512,176,203.456,256.418,203.999,0.0103
mixed,32,4,0.125,4.0,64,2048,256,1024,352,224.865,328.226,241.216,0.1582
mixed,32,4,0.125,4.0,64,2048,512,2048,704,276.416,471.906,297.6,0.1084
mixed,32,4,0.125,4.0,64,2048,1024,4096,1408,380.131,910.563,531.455,0.2853
mixed,32,4,0.125,4.0,64,2048,2048,8192,2816,632.962,1808.42,990.818,0.3044
mixed,32,4,0.125,4.0,64,2048,4096,16384,5632,1252.16,3538.48,1799.56,0.2394
mixed,32,4,0.125,4.0,64,4096,128,512,176,331.872,382.561,333.729,0.0366
mixed,32,4,0.125,4.0,64,4096,256,1024,352,355.426,456.29,371.396,0.1583
mixed,32,4,0.125,4.0,64,4096,512,2048,704,405.602,601.858,426.081,0.1043
mixed,32,4,0.125,4.0,64,4096,1024,4096,1408,510.305,921.124,533.699,0.0569
mixed,32,4,0.125,4.0,64,4096,2048,8192,2816,718.658,1829.22,998.625,0.2521
mixed,32,4,0.125,4.0,64,4096,4096,16384,5632,1269.86,3643.28,1993.54,0.3049
mixed,32,4,0.125,4.0,64,8192,128,512,176,591.683,641.824,583.811,-0.157
mixed,32,4,0.125,4.0,64,8192,256,1024,352,612.61,715.264,631.586,0.1849
mixed,32,4,0.125,4.0,64,8192,512,2048,704,661.601,856.546,687.043,0.1305
mixed,32,4,0.125,4.0,64,8192,1024,4096,1408,768.834,1184.04,790.625,0.0525
mixed,32,4,0.125,4.0,64,8192,2048,8192,2816,975.077,1827.82,997.827,0.0267
mixed,32,4,0.125,4.0,64,8192,4096,16384,5632,1450.21,3629.58,2041.41,0.2713
mixed,32,4,0.125,4.0,128,0,128,512,176,83.84,161.856,110.241,0.3384
mixed,32,4,0.125,4.0,128,0,256,1024,352,112.546,267.136,172.353,0.3869
mixed,32,4,0.125,4.0,128,0,512,2048,704,190.081,473.25,277.088,0.3073
mixed,32,4,0.125,4.0,128,0,1024,4096,1408,341.121,912.516,473.507,0.2317
mixed,32,4,0.125,4.0,128,0,2048,8192,2816,634.115,1808.55,874.787,0.2049
mixed,32,4,0.125,4.0,128,0,4096,16384,5632,1259.72,3541.33,1736.39,0.2089
mixed,32,4,0.125,4.0,128,512,128,512,176,109.76,162.689,124.48,0.2781
mixed,32,4,0.125,4.0,128,512,256,1024,352,130.273,266.879,179.264,0.3586
mixed,32,4,0.125,4.0,128,512,512,2048,704,190.977,474.21,298.849,0.3809
mixed,32,4,0.125,4.0,128,512,1024,4096,1408,343.777,915.777,508.929,0.2887
mixed,32,4,0.125,4.0,128,512,2048,8192,2816,635.423,1803.62,902.946,0.229
mixed,32,4,0.125,4.0,128,512,4096,16384,5632,1261.22,3548.9,1740.87,0.2097
mixed,32,4,0.125,4.0,128,1024,128,512,176,147.04,195.52,160.063,0.2686
mixed,32,4,0.125,4.0,128,1024,256,1024,352,165.697,268.127,187.102,0.209
mixed,32,4,0.125,4.0,128,1024,512,2048,704,217.215,476.994,299.809,0.3179
mixed,32,4,0.125,4.0,128,1024,1024,4096,1408,344.161,914.179,532.642,0.3307
mixed,32,4,0.125,4.0,128,1024,2048,8192,2816,638.115,1809.22,944.516,0.2616
mixed,32,4,0.125,4.0,128,1024,4096,16384,5632,1261.35,3528.88,1770.44,0.2245
mixed,32,4,0.125,4.0,128,2048,128,512,176,210.689,264.163,224.192,0.2525
mixed,32,4,0.125,4.0,128,2048,256,1024,352,232.257,334.817,251.008,0.1828
mixed,32,4,0.125,4.0,128,2048,512,2048,704,285.025,476.865,306.274,0.1108
mixed,32,4,0.125,4.0,128,2048,1024,4096,1408,386.914,917.506,532.386,0.2742
mixed,32,4,0.125,4.0,128,2048,2048,8192,2816,637.826,1808.71,998.499,0.308
mixed,32,4,0.125,4.0,128,2048,4096,16384,5632,1249.92,3534.66,1835.2,0.2562
mixed,32,4,0.125,4.0,128,4096,128,512,176,339.681,391.297,354.72,0.2914
mixed,32,4,0.125,4.0,128,4096,256,1024,352,360.512,463.619,381.12,0.1999
mixed,32,4,0.125,4.0,128,4096,512,2048,704,415.905,607.138,434.689,0.0982
mixed,32,4,0.125,4.0,128,4096,1024,4096,1408,519.648,932.578,542.978,0.0565
mixed,32,4,0.125,4.0,128,4096,2048,8192,2816,721.25,1894.37,1000.45,0.238
mixed,32,4,0.125,4.0,128,4096,4096,16384,5632,1273.25,3857.36,2018.15,0.2883
mixed,32,4,0.125,4.0,128,8192,128,512,176,604.096,650.37,612.577,0.1833
mixed,32,4,0.125,4.0,128,8192,256,1024,352,620.001,723.555,634.401,0.1391
mixed,32,4,0.125,4.0,128,8192,512,2048,704,677.058,868.77,692.097,0.0784
mixed,32,4,0.125,4.0,128,8192,1024,4096,1408,776.418,1191.14,799.425,0.0555
mixed,32,4,0.125,4.0,128,8192,2048,8192,2816,985.122,1844.58,1006.4,0.0248
mixed,32,4,0.125,4.0,128,8192,4096,16384,5632,1460.33,3787.6,2000.33,0.232
mixed,32,4,0.125,4.0,256,0,128,512,176,97.695,174.272,121.505,0.3109
mixed,32,4,0.125,4.0,256,0,256,1024,352,127.808,273.056,177.344,0.341
mixed,32,4,0.125,4.0,256,0,512,2048,704,201.951,467.873,285.439,0.314
mixed,32,4,0.125,4.0,256,0,1024,4096,1408,345.568,884.035,477.987,0.2459
mixed,32,4,0.125,4.0,256,0,2048,8192,2816,617.474,1748.71,858.083,0.2127
mixed,32,4,0.125,4.0,256,0,4096,16384,5632,1223.01,3409.42,1683.71,0.2107
mixed,32,4,0.125,4.0,256,512,128,512,176,136.738,197.921,138.561,0.0298
mixed,32,4,0.125,4.0,256,512,256,1024,352,158.272,305.793,185.953,0.1876
mixed,32,4,0.125,4.0,256,512,512,2048,704,231.902,499.009,298.464,0.2492
mixed,32,4,0.125,4.0,256,512,1024,4096,1408,378.274,887.554,511.168,0.2609
mixed,32,4,0.125,4.0,256,512,2048,8192,2816,643.074,1751.49,896.227,0.2284
mixed,32,4,0.125,4.0,256,512,4096,16384,5632,1224.97,3412.88,1677.22,0.2067
mixed,32,4,0.125,4.0,256,1024,128,512,176,171.328,234.626,175.072,0.0591
mixed,32,4,0.125,4.0,256,1024,256,1024,352,197.217,330.048,201.538,0.0325
mixed,32,4,0.125,4.0,256,1024,512,2048,704,245.441,530.498,302.369,0.1997
mixed,32,4,0.125,4.0,256,1024,1024,4096,1408,410.306,910.211,522.528,0.2245
mixed,32,4,0.125,4.0,256,1024,2048,8192,2816,675.297,1754.15,927.396,0.2337
mixed,32,4,0.125,4.0,256,1024,4096,16384,5632,1222.15,3416.3,1722.98,0.2283
mixed,32,4,0.125,4.0,256,2048,128,512,176,233.954,306.88,238.081,0.0566
mixed,32,4,0.125,4.0,256,2048,256,1024,352,262.752,402.081,268.961,0.0446
mixed,32,4,0.125,4.0,256,2048,512,2048,704,330.208,588.931,319.71,-0.0406
mixed,32,4,0.125,4.0,256,2048,1024,4096,1408,425.953,982.371,526.914,0.1814
mixed,32,4,0.125,4.0,256,2048,2048,8192,2816,746.305,1759.08,969.379,0.2203
mixed,32,4,0.125,4.0,256,2048,4096,16384,5632,1261.57,3419.31,1784.26,0.2422
mixed,32,4,0.125,4.0,256,4096,128,512,176,361.184,430.722,364.066,0.0414
mixed,32,4,0.125,4.0,256,4096,256,1024,352,388.032,532.159,394.848,0.0473
mixed,32,4,0.125,4.0,256,4096,512,2048,704,460.258,722.787,447.553,-0.0484
mixed,32,4,0.125,4.0,256,4096,1024,4096,1408,601.439,1140.55,579.201,-0.0412
mixed,32,4,0.125,4.0,256,4096,2048,8192,2816,790.05,2239.53,980.386,0.1313
mixed,32,4,0.125,4.0,256,4096,4096,16384,5632,1509.86,4285.74,1958.09,0.1615
mixed,32,4,0.125,4.0,256,8192,128,512,176,607.521,679.013,618.017,0.1468
mixed,32,4,0.125,4.0,256,8192,256,1024,352,633.987,779.841,643.585,0.0658
mixed,32,4,0.125,4.0,256,8192,512,2048,704,707.81,977.378,699.489,-0.0309
mixed,32,4,0.125,4.0,256,8192,1024,4096,1408,853.155,1411.33,831.362,-0.039
mixed,32,4,0.125,4.0,256,8192,2048,8192,2816,1127.11,2262.47,1107.88,-0.0169
mixed,32,4,0.125,4.0,256,8192,4096,16384,5632,1590.12,4563.92,1967.68,0.127
mixed,32,4,0.125,4.0,512,0,128,512,176,134.401,207.52,146.464,0.165
mixed,32,4,0.125,4.0,512,0,256,1024,352,156.927,309.025,203.679,0.3074
mixed,32,4,0.125,4.0,512,0,512,2048,704,236.992,502.722,310.912,0.2782
mixed,32,4,0.125,4.0,512,0,1024,4096,1408,380.897,925.186,523.68,0.2623
mixed,32,4,0.125,4.0,512,0,2048,8192,2816,655.075,1770.4,914.563,0.2327
mixed,32,4,0.125,4.0,512,0,4096,16384,5632,1251.14,3436.01,1704.45,0.2075
mixed,32,4,0.125,4.0,512,512,128,512,176,184.385,243.744,188.865,0.0755
mixed,32,4,0.125,4.0,512,512,256,1024,352,204.705,339.584,222.69,0.1333
mixed,32,4,0.125,4.0,512,512,512,2048,704,265.793,536.096,329.665,0.2363
mixed,32,4,0.125,4.0,512,512,1024,4096,1408,416.928,959.331,539.007,0.2251
mixed,32,4,0.125,4.0,512,512,2048,8192,2816,686.722,1778.86,965.795,0.2555
mixed,32,4,0.125,4.0,512,512,4096,16384,5632,1269.06,3437.39,1765.7,0.229
mixed,32,4,0.125,4.0,512,1024,128,512,176,228.769,285.664,231.041,0.0399
mixed,32,4,0.125,4.0,512,1024,256,1024,352,253.183,373.089,260.899,0.0644
mixed,32,4,0.125,4.0,512,1024,512,2048,704,307.713,571.169,353.634,0.1743
mixed,32,4,0.125,4.0,512,1024,1024,4096,1408,440.417,989.857,560.193,0.218
mixed,32,4,0.125,4.0,512,1024,2048,8192,2816,717.73,1796.55,976.835,0.2402
mixed,32,4,0.125,4.0,512,1024,4096,16384,5632,1301.41,3440.78,1823.04,0.2438
mixed,32,4,0.125,4.0,512,2048,128,512,176,304.16,381.984,314.273,0.1299
mixed,32,4,0.125,4.0,512,2048,256,1024,352,338.881,447.491,352.735,0.1276
mixed,32,4,0.125,4.0,512,2048,512,2048,704,400.512,630.593,398.818,-0.0074
mixed,32,4,0.125,4.0,512,2048,1024,4096,1408,512.672,1049.89,608.514,0.1784
mixed,32,4,0.125,4.0,512,2048,2048,8192,2816,782.561,1890.76,1007.33,0.2028
mixed,32,4,0.125,4.0,512,2048,4096,16384,5632,1361.63,3460.27,1892.84,0.2531
mixed,32,4,0.125,4.0,512,4096,128,512,176,431.073,528.291,439.777,0.0895
mixed,32,4,0.125,4.0,512,4096,256,1024,352,467.042,638.274,488.355,0.1245
mixed,32,4,0.125,4.0,512,4096,512,2048,704,565.154,765.827,578.594,0.067
mixed,32,4,0.125,4.0,512,4096,1024,4096,1408,692.61,1163.27,681.439,-0.0237
mixed,32,4,0.125,4.0,512,4096,2048,8192,2816,905.024,2472.1,1115.11,0.1341
mixed,32,4,0.125,4.0,512,4096,4096,16384,5632,1514.02,4763.41,1904.97,0.1203
mixed,32,4,0.125,4.0,512,8192,128,512,176,681.154,777.217,691.458,0.1073
mixed,32,4,0.125,4.0,512,8192,256,1024,352,719.041,907.712,742.113,0.1223
mixed,32,4,0.125,4.0,512,8192,512,2048,704,812.708,1143.04,830.498,0.0539
mixed,32,4,0.125,4.0,512,8192,1024,4096,1408,1002.43,1417.67,1010.24,0.0188
mixed,32,4,0.125,4.0,512,8192,2048,8192,2816,1283.81,2307.21,1250.53,-0.0325
mixed,32,4,0.125,4.0,512,8192,4096,16384,5632,1740.52,5152.75,2171.11,0.1262
mixed,32,4,0.125,4.0,1024,0,128,512,176,227.969,284.257,232.225,0.0756
mixed,32,4,0.125,4.0,1024,0,256,1024,352,249.345,380.129,267.104,0.1358
mixed,32,4,0.125,4.0,1024,0,512,2048,704,306.017,596.001,395.01,0.3069
mixed,32,4,0.125,4.0,1024,0,1024,4096,1408,481.953,1046.28,591.264,0.1937
mixed,32,4,0.125,4.0,1024,0,2048,8192,2816,747.902,1850.34,1007.55,0.2355
mixed,32,4,0.125,4.0,1024,0,4096,16384,5632,1342.18,3481.23,1858.34,0.2413
mixed,32,4,0.125,4.0,1024,512,128,512,176,289.632,351.553,310.817,0.3421
mixed,32,4,0.125,4.0,1024,512,256,1024,352,330.561,443.65,340.353,0.0866
mixed,32,4,0.125,4.0,1024,512,512,2048,704,388.674,632.93,434.659,0.1883
mixed,32,4,0.125,4.0,1024,512,1024,4096,1408,501.73,1073.22,638.017,0.2385
mixed,32,4,0.125,4.0,1024,512,2048,8192,2816,841.539,1967.43,1059.27,0.1934
mixed,32,4,0.125,4.0,1024,512,4096,16384,5632,1386.73,3518.93,1925.7,0.2528
mixed,32,4,0.125,4.0,1024,1024,128,512,176,352.705,415.329,357.153,0.071
mixed,32,4,0.125,4.0,1024,1024,256,1024,352,377.537,496.482,389.057,0.0969
mixed,32,4,0.125,4.0,1024,1024,512,2048,704,455.745,699.425,473.345,0.0722
mixed,32,4,0.125,4.0,1024,1024,1024,4096,1408,552.32,1135.88,674.465,0.2093
mixed,32,4,0.125,4.0,1024,1024,2048,8192,2816,831.969,1956.42,1113.28,0.2502
mixed,32,4,0.125,4.0,1024,1024,4096,16384,5632,1444.64,3598.25,1945.58,0.2326
mixed,32,4,0.125,4.0,1024,2048,128,512,176,468.098,536.579,473.377,0.0771
mixed,32,4,0.125,4.0,1024,2048,256,1024,352,493.025,620.704,507.873,0.1163
mixed,32,4,0.125,4.0,1024,2048,512,2048,704,562.304,775.842,568.449,0.0288
mixed,32,4,0.125,4.0,1024,2048,1024,4096,1408,709.507,1233.92,780.579,0.1355
mixed,32,4,0.125,4.0,1024,2048,2048,8192,2816,924.964,2093.89,1190.56,0.2272
mixed,32,4,0.125,4.0,1024,2048,4096,16384,5632,1571.37,3963.53,2049.44,0.1999
mixed,32,4,0.125,4.0,1024,4096,128,512,176,705.443,761.793,708.867,0.0608
mixed,32,4,0.125,4.0,1024,4096,256,1024,352,726.145,857.985,735.297,0.0694
mixed,32,4,0.125,4.0,1024,4096,512,2048,704,829.218,1052.58,806.689,-0.1009
mixed,32,4,0.125,4.0,1024,4096,1024,4096,1408,925.861,1411.97,931.329,0.0112
mixed,32,4,0.125,4.0,1024,4096,2048,8192,2816,1145.09,2409.26,1323.97,0.1415
mixed,32,4,0.125,4.0,1024,4096,4096,16384,5632,1652.9,5818.58,2197.26,0.1307
mixed,32,4,0.125,4.0,1024,8192,128,512,176,1192.51,1237.03,1197.63,0.1151
mixed,32,4,0.125,4.0,1024,8192,256,1024,352,1211.14,1338.56,1217.18,0.0475
mixed,32,4,0.125,4.0,1024,8192,512,2048,704,1257.15,1495.01,1260.04,0.0121
mixed,32,4,0.125,4.0,1024,8192,1024,4096,1408,1383.84,1929.44,1397.03,0.0242
mixed,32,4,0.125,4.0,1024,8192,2048,8192,2816,1626.91,2747.21,1639.56,0.0113
mixed,32,4,0.125,4.0,1024,8192,4096,16384,5632,2081.51,5051.12,2476.87,0.1331
mixed,32,4,0.125,4.0,2048,0,128,512,176,469.73,530.594,475.393,0.093
mixed,32,4,0.125,4.0,2048,0,256,1024,352,493.761,608.866,502.465,0.0756
mixed,32,4,0.125,4.0,2048,0,512,2048,704,553.539,802.469,568.192,0.0589
mixed,32,4,0.125,4.0,2048,0,1024,4096,1408,663.04,1239.52,790.882,0.2218
mixed,32,4,0.125,4.0,2048,0,2048,8192,2816,958.307,2108.42,1235.17,0.2407
mixed,32,4,0.125,4.0,2048,0,4096,16384,5632,1586.5,3793.61,2089.93,0.2281
mixed,32,4,0.125,4.0,2048,512,128,512,176,570.115,634.339,578.147,0.1251
mixed,32,4,0.125,4.0,2048,512,256,1024,352,594.721,712.867,606.659,0.101
mixed,32,4,0.125,4.0,2048,512,512,2048,704,655.202,884.611,662.114,0.0301
mixed,32,4,0.125,4.0,2048,512,1024,4096,1408,771.746,1338.47,871.108,0.1753
mixed,32,4,0.125,4.0,2048,512,2048,8192,2816,1092.39,2209.13,1312.29,0.1969
mixed,32,4,0.125,4.0,2048,512,4096,16384,5632,1663.4,3934.86,2191.43,0.2325
mixed,32,4,0.125,4.0,2048,1024,128,512,176,670.275,733.377,675.807,0.0877
mixed,32,4,0.125,4.0,2048,1024,256,1024,352,694.659,816.994,707.33,0.1036
mixed,32,4,0.125,4.0,2048,1024,512,2048,704,757.058,973.508,764.194,0.033
mixed,32,4,0.125,4.0,2048,1024,1024,4096,1408,876.258,1393.89,947.459,0.1376
mixed,32,4,0.125,4.0,2048,1024,2048,8192,2816,1130.44,2341.93,1392.64,0.2164
mixed,32,4,0.125,4.0,2048,1024,4096,16384,5632,1733.7,4587.12,2251.27,0.1814
mixed,32,4,0.125,4.0,2048,2048,128,512,176,865.283,934.564,872.865,0.1094
mixed,32,4,0.125,4.0,2048,2048,256,1024,352,890.851,1018.63,904.321,0.1054
mixed,32,4,0.125,4.0,2048,2048,512,2048,704,956.482,1231.43,961.507,0.0183
mixed,32,4,0.125,4.0,2048,2048,1024,4096,1408,1079.81,1567.49,1089.54,0.0199
mixed,32,4,0.125,4.0,2048,2048,2048,8192,2816,1309.47,2526.41,1615.91,0.2518
mixed,32,4,0.125,4.0,2048,2048,4096,16384,5632,1871.75,5922,2425.83,0.1368
mixed,32,4,0.125,4.0,2048,4096,128,512,176,1235.52,1318.4,1239.11,0.0432
mixed,32,4,0.125,4.0,2048,4096,256,1024,352,1262.59,1411.68,1277.63,0.1009
mixed,32,4,0.125,4.0,2048,4096,512,2048,704,1410.24,1582.6,1362.09,-0.2794
mixed,32,4,0.125,4.0,2048,4096,1024,4096,1408,1479.2,1931.01,1474.24,-0.011
mixed,32,4,0.125,4.0,2048,4096,2048,8192,2816,1706.21,2770.31,1846.63,0.132
mixed,32,4,0.125,4.0,2048,4096,4096,16384,5632,2241.76,7291.42,2726.73,0.096
mixed,32,4,0.125,4.0,2048,8192,128,512,176,1966.47,2051.49,1974.6,0.0956
mixed,32,4,0.125,4.0,2048,8192,256,1024,352,1993.41,2175.56,2010.28,0.0926
mixed,32,4,0.125,4.0,2048,8192,512,2048,704,2084.3,2396.74,2089.86,0.0178
mixed,32,4,0.125,4.0,2048,8192,1024,4096,1408,2267.4,2702.47,2252.58,-0.0341
mixed,32,4,0.125,4.0,2048,8192,2048,8192,2816,2507.88,3524.62,2497.89,-0.0098
mixed,32,4,0.125,4.0,2048,8192,4096,16384,5632,2967.69,5248.43,3363.34,0.1735
pure,32,8,0.25,4.0,0,0,128,512,224,70.912,108.415,77.121,0.1656
pure,32,8,0.25,4.0,0,0,256,1024,448,100.256,174.881,102.048,0.024
pure,32,8,0.25,4.0,0,0,512,2048,896,159.008,334.56,157.951,-0.006
pure,32,8,0.25,4.0,0,0,1024,4096,1792,295.295,618.272,293.217,-0.0064
pure,32,8,0.25,4.0,0,0,2048,8192,3584,548.29,1139.52,540.321,-0.0135
pure,32,8,0.25,4.0,0,0,4096,16384,7168,1022.6,2195.91,1009.89,-0.0108
mixed,32,8,0.25,4.0,16,0,128,512,224,78.687,148.608,115.424,0.5254
mixed,32,8,0.25,4.0,16,0,256,1024,448,127.328,252.898,173.889,0.3708
mixed,32,8,0.25,4.0,16,0,512,2048,896,225.281,450.721,292.129,0.2965
mixed,32,8,0.25,4.0,16,0,1024,4096,1792,399.489,872.033,521.632,0.2585
mixed,32,8,0.25,4.0,16,0,2048,8192,3584,763.041,1742.41,971.493,0.2128
mixed,32,8,0.25,4.0,16,0,4096,16384,7168,1536.42,3407.69,2115.53,0.3095
mixed,32,8,0.25,4.0,16,512,128,512,224,101.728,150.496,118.752,0.3491
mixed,32,8,0.25,4.0,16,512,256,1024,448,133.889,252.16,177.28,0.3669
mixed,32,8,0.25,4.0,16,512,512,2048,896,225.985,450.912,291.905,0.2931
mixed,32,8,0.25,4.0,16,512,1024,4096,1792,401.442,871.747,522.211,0.2568
mixed,32,8,0.25,4.0,16,512,2048,8192,3584,766.657,1741.83,976.131,0.2148
mixed,32,8,0.25,4.0,16,512,4096,16384,7168,1533.77,3408.01,2103.46,0.304
mixed,32,8,0.25,4.0,16,1024,128,512,224,135.168,181.6,150.496,0.3301
mixed,32,8,0.25,4.0,16,1024,256,1024,448,166.431,253.826,176.994,0.1209
mixed,32,8,0.25,4.0,16,1024,512,2048,896,232.353,451.905,294.431,0.2827
mixed,32,8,0.25,4.0,16,1024,1024,4096,1792,400.289,874.531,522.946,0.2586
mixed,32,8,0.25,4.0,16,1024,2048,8192,3584,793.698,1804.58,1016.55,0.2205
mixed,32,8,0.25,4.0,16,1024,4096,16384,7168,1585.64,3534.32,2088.1,0.2578
mixed,32,8,0.25,4.0,16,2048,128,512,224,197.823,244.224,212.928,0.3255
mixed,32,8,0.25,4.0,16,2048,256,1024,448,229.76,314.655,239.809,0.1184
mixed,32,8,0.25,4.0,16,2048,512,2048,896,295.521,451.649,302.273,0.0432
mixed,32,8,0.25,4.0,16,2048,1024,4096,1792,416.291,873.667,524.928,0.2375
mixed,32,8,0.25,4.0,16,2048,2048,8192,3584,767.361,1744.1,974.948,0.2125
mixed,32,8,0.25,4.0,16,2048,4096,16384,7168,1533.86,3407.18,2057.29,0.2794
mixed,32,8,0.25,4.0,16,4096,128,512,224,321.603,367.168,336.128,0.3188
mixed,32,8,0.25,4.0,16,4096,256,1024,448,354.048,438.08,363.33,0.1105
mixed,32,8,0.25,4.0,16,4096,512,2048,896,419.84,577.026,424.833,0.0318
mixed,32,8,0.25,4.0,16,4096,1024,4096,1792,538.625,889.281,568.545,0.0853
mixed,32,8,0.25,4.0,16,4096,2048,8192,3584,799.779,1779.78,984.162,0.1881
mixed,32,8,0.25,4.0,16,4096,4096,16384,7168,1545.63,3552.04,2165.03,0.3087
mixed,32,8,0.25,4.0,16,8192,128,512,224,569.506,614.401,581.923,0.2766
mixed,32,8,0.25,4.0,16,8192,256,1024,448,600.833,684.609,607.552,0.0802
mixed,32,8,0.25,4.0,16,8192,512,2048,896,666.336,822.371,668.257,0.0123
mixed,32,8,0.25,4.0,16,8192,1024,4096,1792,785.891,1136.8,814.594,0.0818
mixed,32,8,0.25,4.0,16,8192,2048,8192,3584,1048.13,1768.52,1096.61,0.0673
mixed,32,8,0.25,4.0,16,8192,4096,16384,7168,1621.51,3538.35,2135.69,0.2682
mixed,32,8,0.25,4.0,32,0,128,512,224,78.401,148.704,115.298,0.5248
mixed,32,8,0.25,4.0,32,0,256,1024,448,126.208,252.034,173.279,0.3741
mixed,32,8,0.25,4.0,32,0,512,2048,896,225.153,450.434,291.104,0.2927
mixed,32,8,0.25,4.0,32,0,1024,4096,1792,400.32,874.116,520.512,0.2537
mixed,32,8,0.25,4.0,32,0,2048,8192,3584,766.754,1742.02,971.971,0.2104
mixed,32,8,0.25,4.0,32,0,4096,16384,7168,1536.07,3407.12,2094.5,0.2985
mixed,32,8,0.25,4.0,32,512,128,512,224,102.689,149.792,119.425,0.3553
mixed,32,8,0.25,4.0,32,512,256,1024,448,133.503,253.665,177.76,0.3683
mixed,32,8,0.25,4.0,32,512,512,2048,896,225.6,451.779,293.185,0.2988
mixed,32,8,0.25,4.0,32,512,1024,4096,1792,400.832,874.275,520.929,0.2537
mixed,32,8,0.25,4.0,32,512,2048,8192,3584,768.674,1743.75,971.458,0.208
mixed,32,8,0.25,4.0,32,512,4096,16384,7168,1533.77,3408.88,2100.42,0.3022
mixed,32,8,0.25,4.0,32,1024,128,512,224,134.432,181.729,151.232,0.3552
mixed,32,8,0.25,4.0,32,1024,256,1024,448,167.712,252.672,178.24,0.1239
mixed,32,8,0.25,4.0,32,1024,512,2048,896,233.056,452.545,293.984,0.2776
mixed,32,8,0.25,4.0,32,1024,1024,4096,1792,400.513,875.779,521.955,0.2555
mixed,32,8,0.25,4.0,32,1024,2048,8192,3584,768.705,1749.28,973.187,0.2085
mixed,32,8,0.25,4.0,32,1024,4096,16384,7168,1536.87,3410.09,2095.27,0.2981
mixed,32,8,0.25,4.0,32,2048,128,512,224,197.216,244.002,212.544,0.3276
mixed,32,8,0.25,4.0,32,2048,256,1024,448,229.792,314.112,240.032,0.1214
mixed,32,8,0.25,4.0,32,2048,512,2048,896,297.44,453.313,300.704,0.0209
mixed,32,8,0.25,4.0,32,2048,1024,4096,1792,415.297,878.884,525.889,0.2386
mixed,32,8,0.25,4.0,32,2048,2048,8192,3584,767.779,1746.79,979.077,0.2158
mixed,32,8,0.25,4.0,32,2048,4096,16384,7168,1538.95,3407.53,2076.29,0.2876
mixed,32,8,0.25,4.0,32,4096,128,512,224,322.175,368.098,336.256,0.3066
mixed,32,8,0.25,4.0,32,4096,256,1024,448,354.242,439.681,363.266,0.1056
mixed,32,8,0.25,4.0,32,4096,512,2048,896,419.807,574.977,425.729,0.0382
mixed,32,8,0.25,4.0,32,4096,1024,4096,1792,541.376,893.858,570.85,0.0836
mixed,32,8,0.25,4.0,32,4096,2048,8192,3584,801.347,1773.83,986.819,0.1907
mixed,32,8,0.25,4.0,32,4096,4096,16384,7168,1544.52,3557.58,2172.81,0.3121
mixed,32,8,0.25,4.0,32,8192,128,512,224,568.739,613.538,582.209,0.3007
mixed,32,8,0.25,4.0,32,8192,256,1024,448,599.618,688.45,610.242,0.1196
mixed,32,8,0.25,4.0,32,8192,512,2048,896,667.425,823.522,670.401,0.0191
mixed,32,8,0.25,4.0,32,8192,1024,4096,1792,787.233,1138.21,815.746,0.0812
mixed,32,8,0.25,4.0,32,8192,2048,8192,3584,1047.39,1768.55,1097.54,0.0695
mixed,32,8,0.25,4.0,32,8192,4096,16384,7168,1627.72,3539.05,2137.61,0.2668
mixed,32,8,0.25,4.0,64,0,128,512,224,78.177,149.056,115.296,0.5237
mixed,32,8,0.25,4.0,64,0,256,1024,448,127.455,252.031,173.441,0.3691
mixed,32,8,0.25,4.0,64,0,512,2048,896,224.386,449.569,291.455,0.2978
mixed,32,8,0.25,4.0,64,0,1024,4096,1792,400.483,875.522,524.098,0.2602
mixed,32,8,0.25,4.0,64,0,2048,8192,3584,765.218,1744.68,971.009,0.2101
mixed,32,8,0.25,4.0,64,0,4096,16384,7168,1538.37,3407.28,2106.41,0.3039
mixed,32,8,0.25,4.0,64,512,128,512,224,103.265,150.304,118.688,0.3279
mixed,32,8,0.25,4.0,64,512,256,1024,448,135.295,253.377,176.96,0.3528
mixed,32,8,0.25,4.0,64,512,512,2048,896,225.28,451.777,293.121,0.2995
mixed,32,8,0.25,4.0,64,512,1024,4096,1792,399.521,876.963,523.265,0.2592
mixed,32,8,0.25,4.0,64,512,2048,8192,3584,768.066,1749.93,974.145,0.2099
mixed,32,8,0.25,4.0,64,512,4096,16384,7168,1539.46,3409.96,2101.41,0.3004
mixed,32,8,0.25,4.0,64,1024,128,512,224,135.968,182.818,151.968,0.3415
mixed,32,8,0.25,4.0,64,1024,256,1024,448,169.569,254.496,177.599,0.0946
mixed,32,8,0.25,4.0,64,1024,512,2048,896,234.719,452.194,293.472,0.2702
mixed,32,8,0.25,4.0,64,1024,1024,4096,1792,401.282,876.003,521.859,0.254
mixed,32,8,0.25,4.0,64,1024,2048,8192,3584,771.17,1749.7,975.235,0.2085
mixed,32,8,0.25,4.0,64,1024,4096,16384,7168,1541.8,3411.82,2090.85,0.2936
mixed,32,8,0.25,4.0,64,2048,128,512,224,198.72,245.217,214.21,0.3331
mixed,32,8,0.25,4.0,64,2048,256,1024,448,231.233,317.024,240.064,0.1029
mixed,32,8,0.25,4.0,64,2048,512,2048,896,296.065,453.535,301.857,0.0368
mixed,32,8,0.25,4.0,64,2048,1024,4096,1792,417.376,880.356,526.4,0.2355
mixed,32,8,0.25,4.0,64,2048,2048,8192,3584,769.954,1750.12,974.786,0.209
mixed,32,8,0.25,4.0,64,2048,4096,16384,7168,1540.87,3409.32,2064.42,0.2802
mixed,32,8,0.25,4.0,64,4096,128,512,224,322.464,368.865,337.633,0.3269
mixed,32,8,0.25,4.0,64,4096,256,1024,448,355.36,440.098,366.626,0.133
mixed,32,8,0.25,4.0,64,4096,512,2048,896,420.481,578.307,424.416,0.0249
mixed,32,8,0.25,4.0,64,4096,1024,4096,1792,542.785,891.873,571.04,0.0809
mixed,32,8,0.25,4.0,64,4096,2048,8192,3584,802.146,1785.25,986.498,0.1875
mixed,32,8,0.25,4.0,64,4096,4096,16384,7168,1556.13,3557.36,2172.01,0.3077
mixed,32,8,0.25,4.0,64,8192,128,512,224,569.633,615.809,584.544,0.3229
mixed,32,8,0.25,4.0,64,8192,256,1024,448,602.53,687.81,611.17,0.1013
mixed,32,8,0.25,4.0,64,8192,512,2048,896,669.539,823.714,669.986,0.0029
mixed,32,8,0.25,4.0,64,8192,1024,4096,1792,786.883,1143.04,821.57,0.0974
mixed,32,8,0.25,4.0,64,8192,2048,8192,3584,1048.52,1771.98,1097.99,0.0684
mixed,32,8,0.25,4.0,64,8192,4096,16384,7168,1632.64,3550.64,2165.03,0.2776
mixed,32,8,0.25,4.0,128,0,128,512,224,83.104,154.241,118.816,0.502
mixed,32,8,0.25,4.0,128,0,256,1024,448,131.712,256.544,178.273,0.373
mixed,32,8,0.25,4.0,128,0,512,2048,896,230.21,455.329,299.743,0.3089
mixed,32,8,0.25,4.0,128,0,1024,4096,1792,404.064,880.835,530.24,0.2646
mixed,32,8,0.25,4.0,128,0,2048,8192,3584,770.787,1751.43,982.628,0.216
mixed,32,8,0.25,4.0,128,0,4096,16384,7168,1544.26,3412.78,2122.02,0.3092
mixed,32,8,0.25,4.0,128,512,128,512,224,107.617,156.289,123.903,0.3346
mixed,32,8,0.25,4.0,128,512,256,1024,448,140.8,256.481,181.249,0.3497
mixed,32,8,0.25,4.0,128,512,512,2048,896,230.689,455.201,300.832,0.3124
mixed,32,8,0.25,4.0,128,512,1024,4096,1792,404.225,884.29,533.347,0.269
mixed,32,8,0.25,4.0,128,512,2048,8192,3584,773.538,1754.24,981.219,0.2118
mixed,32,8,0.25,4.0,128,512,4096,16384,7168,1544.74,3412.01,2108.58,0.302
mixed,32,8,0.25,4.0,128,1024,128,512,224,141.856,189.28,157.471,0.3293
mixed,32,8,0.25,4.0,128,1024,256,1024,448,174.337,258.689,185.984,0.1381
mixed,32,8,0.25,4.0,128,1024,512,2048,896,241.12,456.77,303.007,0.287
mixed,32,8,0.25,4.0,128,1024,1024,4096,1792,405.569,884.163,534.817,0.2701
mixed,32,8,0.25,4.0,128,1024,2048,8192,3584,774.05,1753.6,983.683,0.214
mixed,32,8,0.25,4.0,128,1024,4096,16384,7168,1544.26,3419.15,2094.6,0.2935
mixed,32,8,0.25,4.0,128,2048,128,512,224,204.227,253.473,220.161,0.3236
mixed,32,8,0.25,4.0,128,2048,256,1024,448,237.952,321.633,250.528,0.1503
mixed,32,8,0.25,4.0,128,2048,512,2048,896,304.48,457.793,306.017,0.01
mixed,32,8,0.25,4.0,128,2048,1024,4096,1792,424.994,886.659,577.731,0.3308
mixed,32,8,0.25,4.0,128,2048,2048,8192,3584,774.275,1755.36,988.706,0.2186
mixed,32,8,0.25,4.0,128,2048,4096,16384,7168,1546.76,3414.92,2019.49,0.253
mixed,32,8,0.25,4.0,128,4096,128,512,224,329.504,376.191,343.425,0.2982
mixed,32,8,0.25,4.0,128,4096,256,1024,448,362.305,446.688,373.634,0.1343
mixed,32,8,0.25,4.0,128,4096,512,2048,896,429.57,585.409,432.545,0.0191
mixed,32,8,0.25,4.0,128,4096,1024,4096,1792,550.88,900.003,581.762,0.0885
mixed,32,8,0.25,4.0,128,4096,2048,8192,3584,810.049,1863.21,1103.27,0.2784
mixed,32,8,0.25,4.0,128,4096,4096,16384,7168,1586.34,3804.65,2123.02,0.2419
mixed,32,8,0.25,4.0,128,8192,128,512,224,577.122,628.45,590.241,0.2556
mixed,32,8,0.25,4.0,128,8192,256,1024,448,610.717,693.154,626.242,0.1883
mixed,32,8,0.25,4.0,128,8192,512,2048,896,676.834,831.331,682.242,0.035
mixed,32,8,0.25,4.0,128,8192,1024,4096,1792,797.666,1154.82,827.488,0.0835
mixed,32,8,0.25,4.0,128,8192,2048,8192,3584,1059.59,1800.61,1112.74,0.0717
mixed,32,8,0.25,4.0,128,8192,4096,16384,7168,1655.4,3741.64,2310.44,0.314
mixed,32,8,0.25,4.0,256,0,128,512,224,100.48,172.929,127.264,0.3697
mixed,32,8,0.25,4.0,256,0,256,1024,448,150.88,273.6,188.48,0.3064
mixed,32,8,0.25,4.0,256,0,512,2048,896,248.224,466.527,305.793,0.2637
mixed,32,8,0.25,4.0,256,0,1024,4096,1792,419.489,884.194,552.451,0.2861
mixed,32,8,0.25,4.0,256,0,2048,8192,3584,782.531,1749.54,992.482,0.2171
mixed,32,8,0.25,4.0,256,0,4096,16384,7168,1542.66,3413.04,2138.31,0.3185
mixed,32,8,0.25,4.0,256,512,128,512,224,137.278,199.168,143.52,0.1009
mixed,32,8,0.25,4.0,256,512,256,1024,448,169.313,306.528,201.279,0.233
mixed,32,8,0.25,4.0,256,512,512,2048,896,280.64,497.25,311.136,0.1408
mixed,32,8,0.25,4.0,256,512,1024,4096,1792,448.931,889.091,576.738,0.2904
mixed,32,8,0.25,4.0,256,512,2048,8192,3584,785.379,1752.04,1024.35,0.2472
mixed,32,8,0.25,4.0,256,512,4096,16384,7168,1544.58,3411.08,2085.58,0.2898
mixed,32,8,0.25,4.0,256,1024,128,512,224,173.856,236.384,182.912,0.1448
mixed,32,8,0.25,4.0,256,1024,256,1024,448,218.4,329.569,216.418,-0.0178
mixed,32,8,0.25,4.0,256,1024,512,2048,896,295.68,530.913,336.801,0.1748
mixed,32,8,0.25,4.0,256,1024,1024,4096,1792,481.857,911.587,576.513,0.2203
mixed,32,8,0.25,4.0,256,1024,2048,8192,3584,816.866,1756.36,1055.59,0.2541
mixed,32,8,0.25,4.0,256,1024,4096,16384,7168,1549.06,3417,2051.27,0.2689
mixed,32,8,0.25,4.0,256,2048,128,512,224,236.481,306.21,250.082,0.1951
mixed,32,8,0.25,4.0,256,2048,256,1024,448,283.681,400.578,286.69,0.0257
mixed,32,8,0.25,4.0,256,2048,512,2048,896,377.152,587.169,370.497,-0.0317
mixed,32,8,0.25,4.0,256,2048,1024,4096,1792,546.465,1022.79,618.979,0.1522
mixed,32,8,0.25,4.0,256,2048,2048,8192,3584,927.234,1825.89,1149.67,0.2475
mixed,32,8,0.25,4.0,256,2048,4096,16384,7168,1603.04,3540.94,2151.17,0.2828
mixed,32,8,0.25,4.0,256,4096,128,512,224,375.809,449.44,392.544,0.2273
mixed,32,8,0.25,4.0,256,4096,256,1024,448,427.683,552.353,428.098,0.0033
mixed,32,8,0.25,4.0,256,4096,512,2048,896,527.648,747.426,511.168,-0.075
mixed,32,8,0.25,4.0,256,4096,1024,4096,1792,698.017,1185.89,659.425,-0.0791
mixed,32,8,0.25,4.0,256,4096,2048,8192,3584,1037.38,2289.13,1155.49,0.0944
mixed,32,8,0.25,4.0,256,4096,4096,16384,7168,1904.9,4392.75,2364.93,0.1849
mixed,32,8,0.25,4.0,256,8192,128,512,224,630.978,705.475,656.641,0.3445
mixed,32,8,0.25,4.0,256,8192,256,1024,448,685.506,811.809,694.015,0.0674
mixed,32,8,0.25,4.0,256,8192,512,2048,896,782.878,1018.75,770.56,-0.0522
mixed,32,8,0.25,4.0,256,8192,1024,4096,1792,967.233,1457.41,943.62,-0.0482
mixed,32,8,0.25,4.0,256,8192,2048,8192,3584,1344.87,2337.28,1255.94,-0.0896
mixed,32,8,0.25,4.0,256,8192,4096,16384,7168,2067.72,4635.15,2387.56,0.1246
mixed,32,8,0.25,4.0,512,0,128,512,224,141.44,216.095,160.608,0.2568
mixed,32,8,0.25,4.0,512,0,256,1024,448,188.415,321.826,225.024,0.2744
mixed,32,8,0.25,4.0,512,0,512,2048,896,295.329,525.793,352.194,0.2467
mixed,32,8,0.25,4.0,512,0,1024,4096,1792,474.659,960.708,603.939,0.266
mixed,32,8,0.25,4.0,512,0,2048,8192,3584,847.139,1832.84,1081.54,0.2378
mixed,32,8,0.25,4.0,512,0,4096,16384,7168,1614.5,3563.66,2164.2,0.282
mixed,32,8,0.25,4.0,512,512,128,512,224,192.896,252.512,202.496,0.161
mixed,32,8,0.25,4.0,512,512,256,1024,448,233.536,353.216,247.009,0.1126
mixed,32,8,0.25,4.0,512,512,512,2048,896,322.848,561.89,373.888,0.2135
mixed,32,8,0.25,4.0,512,512,1024,4096,1792,507.969,992.482,617.568,0.2262
mixed,32,8,0.25,4.0,512,512,2048,8192,3584,879.296,1837.12,1131.68,0.2635
mixed,32,8,0.25,4.0,512,512,4096,16384,7168,1585.38,3561.71,2140.01,0.2806
mixed,32,8,0.25,4.0,512,1024,128,512,224,236.191,294.401,251.618,0.265
mixed,32,8,0.25,4.0,512,1024,256,1024,448,277.762,386.69,288.993,0.1031
mixed,32,8,0.25,4.0,512,1024,512,2048,896,362.976,593.953,389.121,0.1132
mixed,32,8,0.25,4.0,512,1024,1024,4096,1792,546.436,1026.79,654.114,0.2242
mixed,32,8,0.25,4.0,512,1024,2048,8192,3584,914.852,1870.15,1156.45,0.2529
mixed,32,8,0.25,4.0,512,1024,4096,16384,7168,1599.62,3445.93,2145.45,0.2956
mixed,32,8,0.25,4.0,512,2048,128,512,224,320.93,397.344,340.032,0.25
mixed,32,8,0.25,4.0,512,2048,256,1024,448,372.127,466.368,382.529,0.1104
mixed,32,8,0.25,4.0,512,2048,512,2048,896,445.248,657.026,447.873,0.0124
mixed,32,8,0.25,4.0,512,2048,1024,4096,1792,608.994,1091.33,683.426,0.1543
mixed,32,8,0.25,4.0,512,2048,2048,8192,3584,981.314,1967.59,1185.63,0.2072
mixed,32,8,0.25,4.0,512,2048,4096,16384,7168,1742.63,3595.56,2204.77,0.2494
mixed,32,8,0.25,4.0,512,4096,128,512,224,452.256,552.353,452.896,0.0064
mixed,32,8,0.25,4.0,512,4096,256,1024,448,500.256,639.106,515.009,0.1063
mixed,32,8,0.25,4.0,512,4096,512,2048,896,610.338,765.41,610.178,-0.001
mixed,32,8,0.25,4.0,512,4096,1024,4096,1792,733.987,1165.29,744.16,0.0236
mixed,32,8,0.25,4.0,512,4096,2048,8192,3584,1059.3,2486.47,1286.46,0.1592
mixed,32,8,0.25,4.0,512,4096,4096,16384,7168,2005.67,4906.41,2318.53,0.1079
mixed,32,8,0.25,4.0,512,8192,128,512,224,680.48,778.657,704.962,0.2494
mixed,32,8,0.25,4.0,512,8192,256,1024,448,751.585,906.818,765.378,0.0889
mixed,32,8,0.25,4.0,512,8192,512,2048,896,873.251,1143.75,882.945,0.0358
mixed,32,8,0.25,4.0,512,8192,1024,4096,1792,1099.78,1421.29,1111.33,0.0359
mixed,32,8,0.25,4.0,512,8192,2048,8192,3584,1342.34,2305.07,1324.93,-0.0181
mixed,32,8,0.25,4.0,512,8192,4096,16384,7168,2114.31,5169.05,2532.81,0.137
mixed,32,8,0.25,4.0,1024,0,128,512,224,237.44,285.858,238.722,0.0265
mixed,32,8,0.25,4.0,1024,0,256,1024,448,269.312,379.681,282.336,0.118
mixed,32,8,0.25,4.0,1024,0,512,2048,896,354.434,595.969,404.835,0.2087
mixed,32,8,0.25,4.0,1024,0,1024,4096,1792,543.875,1022.05,649.314,0.2205
mixed,32,8,0.25,4.0,1024,0,2048,8192,3584,910.403,1848.3,1185.12,0.2929
mixed,32,8,0.25,4.0,1024,0,4096,16384,7168,1705.83,3484.49,2139.43,0.2438
mixed,32,8,0.25,4.0,1024,512,128,512,224,292.673,350.944,306.305,0.2339
mixed,32,8,0.25,4.0,1024,512,256,1024,448,334.177,445.696,356.322,0.1986
mixed,32,8,0.25,4.0,1024,512,512,2048,896,417.216,634.72,445.313,0.1292
mixed,32,8,0.25,4.0,1024,512,1024,4096,1792,578.401,1072.45,687.555,0.2209
mixed,32,8,0.25,4.0,1024,512,2048,8192,3584,968.548,1971.4,1220.13,0.2509
mixed,32,8,0.25,4.0,1024,512,4096,16384,7168,1700.64,3505.1,2194.41,0.2736
mixed,32,8,0.25,4.0,1024,1024,128,512,224,352.514,432.482,385.09,0.4074
mixed,32,8,0.25,4.0,1024,1024,256,1024,448,417.663,516.576,419.616,0.0197
mixed,32,8,0.25,4.0,1024,1024,512,2048,896,472.865,670.817,482.592,0.0491
mixed,32,8,0.25,4.0,1024,1024,1024,4096,1792,622.307,1132.96,732.033,0.2149
mixed,32,8,0.25,4.0,1024,1024,2048,8192,3584,1018.21,1958.15,1218.08,0.2126
mixed,32,8,0.25,4.0,1024,1024,4096,16384,7168,1754.98,3595.05,2209.77,0.2472
mixed,32,8,0.25,4.0,1024,2048,128,512,224,468.13,537.665,484.259,0.232
mixed,32,8,0.25,4.0,1024,2048,256,1024,448,512.675,621.602,548.833,0.3319
mixed,32,8,0.25,4.0,1024,2048,512,2048,896,630.177,809.698,624.801,-0.0299
mixed,32,8,0.25,4.0,1024,2048,1024,4096,1792,734.243,1180.45,815.139,0.1813
mixed,32,8,0.25,4.0,1024,2048,2048,8192,3584,1062.43,2101.03,1293.15,0.2221
mixed,32,8,0.25,4.0,1024,2048,4096,16384,7168,1959.33,3858.47,2267.81,0.1624
mixed,32,8,0.25,4.0,1024,4096,128,512,224,706.178,761.379,746.721,0.7345
mixed,32,8,0.25,4.0,1024,4096,256,1024,448,750.018,865.795,754.946,0.0426
mixed,32,8,0.25,4.0,1024,4096,512,2048,896,834.08,1056.8,832.708,-0.0062
mixed,32,8,0.25,4.0,1024,4096,1024,4096,1792,1049.95,1411.04,984.195,-0.1821
mixed,32,8,0.25,4.0,1024,4096,2048,8192,3584,1326.88,2399.24,1445.67,0.1108
mixed,32,8,0.25,4.0,1024,4096,4096,16384,7168,1998.6,5769.87,2484.24,0.1288
mixed,32,8,0.25,4.0,1024,8192,128,512,224,1191.9,1238.05,1202.57,0.231
mixed,32,8,0.25,4.0,1024,8192,256,1024,448,1223.88,1327.84,1232.19,0.08
mixed,32,8,0.25,4.0,1024,8192,512,2048,896,1301.92,1491.65,1295.94,-0.0315
mixed,32,8,0.25,4.0,1024,8192,1024,4096,1792,1429.54,1923.62,1517.03,0.1771
mixed,32,8,0.25,4.0,1024,8192,2048,8192,3584,1896.96,2750.63,1764.36,-0.1553
mixed,32,8,0.25,4.0,1024,8192,4096,16384,7168,2454.92,5064.62,2719.4,0.1013
mixed,32,8,0.25,4.0,2048,0,128,512,224,470.913,528.227,482.849,0.2083
mixed,32,8,0.25,4.0,2048,0,256,1024,448,513.218,607.936,520.386,0.0757
mixed,32,8,0.25,4.0,2048,0,512,2048,896,589.058,801.698,599.905,0.051
mixed,32,8,0.25,4.0,2048,0,1024,4096,1792,747.264,1292.51,852.932,0.1938
mixed,32,8,0.25,4.0,2048,0,2048,8192,3584,1124.36,2109.13,1335.11,0.214
mixed,32,8,0.25,4.0,2048,0,4096,16384,7168,1973.03,3797.58,2314.57,0.1872
mixed,32,8,0.25,4.0,2048,512,128,512,224,573.473,631.875,585.219,0.2011
mixed,32,8,0.25,4.0,2048,512,256,1024,448,616.161,715.394,625.09,0.09
mixed,32,8,0.25,4.0,2048,512,512,2048,896,693.923,884.419,689.476,-0.0233
mixed,32,8,0.25,4.0,2048,512,1024,4096,1792,829.217,1315.75,932.547,0.2124
mixed,32,8,0.25,4.0,2048,512,2048,8192,3584,1204.45,2281.29,1419.56,0.1998
mixed,32,8,0.25,4.0,2048,512,4096,16384,7168,2047.27,3929.77,2394.86,0.1846
mixed,32,8,0.25,4.0,2048,1024,128,512,224,673.633,732.609,685.633,0.2035
mixed,32,8,0.25,4.0,2048,1024,256,1024,448,714.115,814.371,723.936,0.098
mixed,32,8,0.25,4.0,2048,1024,512,2048,896,795.94,972.993,829.062,0.1871
mixed,32,8,0.25,4.0,2048,1024,1024,4096,1792,934.722,1393.06,1009.76,0.1637
mixed,32,8,0.25,4.0,2048,1024,2048,8192,3584,1348.07,2347.69,1501.06,0.1531
mixed,32,8,0.25,4.0,2048,1024,4096,16384,7168,2084.84,4424.69,2475.53,0.167
mixed,32,8,0.25,4.0,2048,2048,128,512,224,862.339,970.404,880.194,0.1652
mixed,32,8,0.25,4.0,2048,2048,256,1024,448,910.657,1018.37,920.58,0.0921
mixed,32,8,0.25,4.0,2048,2048,512,2048,896,995.521,1181.22,990.946,-0.0246
mixed,32,8,0.25,4.0,2048,2048,1024,4096,1792,1141.12,1566.08,1158.95,0.0419
mixed,32,8,0.25,4.0,2048,2048,2048,8192,3584,1463.04,2534.44,1701,0.2221
mixed,32,8,0.25,4.0,2048,2048,4096,16384,7168,2258.28,5815.15,2645.35,0.1088
mixed,32,8,0.25,4.0,2048,4096,128,512,224,1236.48,1320.32,1252.26,0.1881
mixed,32,8,0.25,4.0,2048,4096,256,1024,448,1287.97,1413.51,1302.69,0.1172
mixed,32,8,0.25,4.0,2048,4096,512,2048,896,1394.85,1579.01,1400.16,0.0288
mixed,32,8,0.25,4.0,2048,4096,1024,4096,1792,1543.94,1930.79,1525.8,-0.0469
mixed,32,8,0.25,4.0,2048,4096,2048,8192,3584,1836.36,2782.06,1971.62,0.143
mixed,32,8,0.25,4.0,2048,4096,4096,16384,7168,2583.88,7414.46,3008.88,0.088
mixed,32,8,0.25,4.0,2048,8192,128,512,224,1968.23,2049.48,1985.6,0.2138
mixed,32,8,0.25,4.0,2048,8192,256,1024,448,2022.47,2174.05,2041.25,0.1239
mixed,32,8,0.25,4.0,2048,8192,512,2048,896,2144.74,2396.71,2132.87,-0.0471
mixed,32,8,0.25,4.0,2048,8192,1024,4096,1792,2356.23,2704.71,2353.42,-0.0081
mixed,32,8,0.25,4.0,2048,8192,2048,8192,3584,2625.19,3515.92,2594.85,-0.0341
mixed,32,8,0.25,4.0,2048,8192,4096,16384,7168,3300.72,5240.82,3610.67,0.1598
pure,32,16,0.5,4.0,0,0,128,512,320,86.657,108.836,87.456,0.036
pure,32,16,0.5,4.0,0,0,256,1024,640,125.569,174.69,126.017,0.0091
pure,32,16,0.5,4.0,0,0,512,2048,1280,211.359,332.737,207.713,-0.03
pure,32,16,0.5,4.0,0,0,1024,4096,2560,405.474,617.475,404.992,-0.0023
pure,32,16,0.5,4.0,0,0,2048,8192,5120,758.82,1139.94,738.241,-0.054
pure,32,16,0.5,4.0,0,0,4096,16384,10240,1420.65,2196.42,1400.58,-0.0259
mixed,32,16,0.5,4.0,16,0,128,512,320,101.346,148.736,123.073,0.4585
mixed,32,16,0.5,4.0,16,0,256,1024,640,173.951,251.424,199.552,0.3305
mixed,32,16,0.5,4.0,16,0,512,2048,1280,300.577,452.737,346.304,0.3005
mixed,32,16,0.5,4.0,16,0,1024,4096,2560,553.154,870.179,640.675,0.2761
mixed,32,16,0.5,4.0,16,0,2048,8192,5120,1101.06,1740.9,1220.96,0.1874
mixed,32,16,0.5,4.0,16,0,4096,16384,10240,2156.52,3403.63,3188.17,0.8272
mixed,32,16,0.5,4.0,16,512,128,512,320,117.344,149.376,124.288,0.2168
mixed,32,16,0.5,4.0,16,512,256,1024,640,174.912,253.441,200.961,0.3317
mixed,32,16,0.5,4.0,16,512,512,2048,1280,301.473,450.497,347.682,0.3101
mixed,32,16,0.5,4.0,16,512,1024,4096,2560,553.635,872.546,644.835,0.286
mixed,32,16,0.5,4.0,16,512,2048,8192,5120,1105.92,1741.83,1224.84,0.187
mixed,32,16,0.5,4.0,16,512,4096,16384,10240,2157.25,3399.53,3165.13,0.8113
mixed,32,16,0.5,4.0,16,1024,128,512,320,149.6,181.666,156.161,0.2046
mixed,32,16,0.5,4.0,16,1024,256,1024,640,198.305,253.122,200.992,0.049
mixed,32,16,0.5,4.0,16,1024,512,2048,1280,301.953,451.746,348.256,0.3091
mixed,32,16,0.5,4.0,16,1024,1024,4096,2560,553.57,875.49,655.105,0.3154
mixed,32,16,0.5,4.0,16,1024,2048,8192,5120,1096.48,1746.66,1224.07,0.1962
mixed,32,16,0.5,4.0,16,1024,4096,16384,10240,2159.21,3405.84,3151.21,0.7957
mixed,32,16,0.5,4.0,16,2048,128,512,320,212.64,244.384,221.28,0.2722
mixed,32,16,0.5,4.0,16,2048,256,1024,640,260.865,314.945,262.944,0.0384
mixed,32,16,0.5,4.0,16,2048,512,2048,1280,348.354,453.472,350.721,0.0225
mixed,32,16,0.5,4.0,16,2048,1024,4096,2560,555.393,876.995,660.353,0.3264
mixed,32,16,0.5,4.0,16,2048,2048,8192,5120,1095.78,1744.36,1243.59,0.2279
mixed,32,16,0.5,4.0,16,2048,4096,16384,10240,2161.48,3406.76,3135.62,0.7823
mixed,32,16,0.5,4.0,16,4096,128,512,320,335.808,369.953,343.232,0.2174
mixed,32,16,0.5,4.0,16,4096,256,1024,640,384.417,439.425,386.24,0.0331
mixed,32,16,0.5,4.0,16,4096,512,2048,1280,472.129,575.937,474.145,0.0194
mixed,32,16,0.5,4.0,16,4096,1024,4096,2560,647.585,890.016,661.378,0.0569
mixed,32,16,0.5,4.0,16,4096,2048,8192,5120,1116.39,1777.06,1251.01,0.2038
mixed,32,16,0.5,4.0,16,4096,4096,16384,10240,2215.4,3559.15,3176.01,0.7149
mixed,32,16,0.5,4.0,16,8192,128,512,320,584.32,613.857,613.825,0.9989
mixed,32,16,0.5,4.0,16,8192,256,1024,640,655.488,712.832,658.243,0.048
mixed,32,16,0.5,4.0,16,8192,512,2048,1280,746.275,856.066,747.842,0.0143
mixed,32,16,0.5,4.0,16,8192,1024,4096,2560,930.69,1178.4,941.858,0.0451
mixed,32,16,0.5,4.0,16,8192,2048,8192,5120,1366.47,1815.72,1304.32,-0.1383
mixed,32,16,0.5,4.0,16,8192,4096,16384,10240,2241.77,3629.1,3178.03,0.6749
mixed,32,16,0.5,4.0,32,0,128,512,320,105.92,154.496,127.811,0.4507
mixed,32,16,0.5,4.0,32,0,256,1024,640,180.896,262.175,207.586,0.3284
mixed,32,16,0.5,4.0,32,0,512,2048,1280,311.585,470.307,360.928,0.3109
mixed,32,16,0.5,4.0,32,0,1024,4096,2560,573.793,906.625,667.364,0.2811
mixed,32,16,0.5,4.0,32,0,2048,8192,5120,1142.37,1799.46,1271.33,0.1963
mixed,32,16,0.5,4.0,32,0,4096,16384,10240,2232.52,3525.1,3230.96,0.7724
mixed,32,16,0.5,4.0,32,512,128,512,320,123.361,156.224,129.633,0.1909
mixed,32,16,0.5,4.0,32,512,256,1024,640,181.793,263.073,209.729,0.3437
mixed,32,16,0.5,4.0,32,512,512,2048,1280,313.376,471.777,361.248,0.3022
mixed,32,16,0.5,4.0,32,512,1024,4096,2560,575.169,907.97,671.588,0.2897
mixed,32,16,0.5,4.0,32,512,2048,8192,5120,1146.24,1808.71,1272.42,0.1905
mixed,32,16,0.5,4.0,32,512,4096,16384,10240,2233.77,3520.75,3229.32,0.7736
mixed,32,16,0.5,4.0,32,1024,128,512,320,157.12,189.027,163.968,0.2146
mixed,32,16,0.5,4.0,32,1024,256,1024,640,206.658,262.815,210.721,0.0724
mixed,32,16,0.5,4.0,32,1024,512,2048,1280,313.121,470.4,361.665,0.3086
mixed,32,16,0.5,4.0,32,1024,1024,4096,2560,576.898,906.24,680.578,0.3148
mixed,32,16,0.5,4.0,32,1024,2048,8192,5120,1139.2,1808.9,1274.98,0.2027
mixed,32,16,0.5,4.0,32,1024,4096,16384,10240,2226.98,3536.2,3225.19,0.7624
mixed,32,16,0.5,4.0,32,2048,128,512,320,222.306,255.042,227.809,0.1681
mixed,32,16,0.5,4.0,32,2048,256,1024,640,271.842,327.425,274.398,0.046
mixed,32,16,0.5,4.0,32,2048,512,2048,1280,361.665,471.489,364.228,0.0233
mixed,32,16,0.5,4.0,32,2048,1024,4096,2560,577.283,911.203,683.777,0.3189
mixed,32,16,0.5,4.0,32,2048,2048,8192,5120,1136.32,1807.62,1292.77,0.2331
mixed,32,16,0.5,4.0,32,2048,4096,16384,10240,2234.02,3538.64,3169.8,0.7173
mixed,32,16,0.5,4.0,32,4096,128,512,320,352.832,384.608,359.426,0.2075
mixed,32,16,0.5,4.0,32,4096,256,1024,640,402.242,456.449,404.578,0.0431
mixed,32,16,0.5,4.0,32,4096,512,2048,1280,491.906,601.184,492.832,0.0085
mixed,32,16,0.5,4.0,32,4096,1024,4096,2560,672.835,917.795,688.226,0.0628
mixed,32,16,0.5,4.0,32,4096,2048,8192,5120,1154.63,1834.79,1305.15,0.2213
mixed,32,16,0.5,4.0,32,4096,4096,16384,10240,2281.1,3620.75,3230.95,0.709
mixed,32,16,0.5,4.0,32,8192,128,512,320,612.864,640.547,618.178,0.192
mixed,32,16,0.5,4.0,32,8192,256,1024,640,657.281,713.601,655.425,-0.033
mixed,32,16,0.5,4.0,32,8192,512,2048,1280,745.892,855.906,750.24,0.0395
mixed,32,16,0.5,4.0,32,8192,1024,4096,2560,930.819,1180,942.114,0.0453
mixed,32,16,0.5,4.0,32,8192,2048,8192,5120,1367.68,1822.18,1309.57,-0.1279
mixed,32,16,0.5,4.0,32,8192,4096,16384,10240,2239.18,3612.53,3160.62,0.6709
mixed,32,16,0.5,4.0,64,0,128,512,320,106.176,155.68,128.321,0.4473
mixed,32,16,0.5,4.0,64,0,256,1024,640,181.824,262.595,206.849,0.3098
mixed,32,16,0.5,4.0,64,0,512,2048,1280,313.184,470.944,359.84,0.2957
mixed,32,16,0.5,4.0,64,0,1024,4096,2560,574.627,909.599,667.97,0.2787
mixed,32,16,0.5,4.0,64,0,2048,8192,5120,1142.37,1799.14,1273.22,0.1992
mixed,32,16,0.5,4.0,64,0,4096,16384,10240,2236.97,3482.22,3238.92,0.8046
mixed,32,16,0.5,4.0,64,512,128,512,320,122.848,156.8,130.658,0.23
mixed,32,16,0.5,4.0,64,512,256,1024,640,181.921,263.232,209.698,0.3416
mixed,32,16,0.5,4.0,64,512,512,2048,1280,313.345,470.208,361.057,0.3042
mixed,32,16,0.5,4.0,64,512,1024,4096,2560,576.674,907.651,674.369,0.2952
mixed,32,16,0.5,4.0,64,512,2048,8192,5120,1152.55,1799.43,1278.21,0.1943
mixed,32,16,0.5,4.0,64,512,4096,16384,10240,2231.3,3532.27,3208.78,0.7513
mixed,32,16,0.5,4.0,64,1024,128,512,320,158.178,190.464,163.52,0.1655
mixed,32,16,0.5,4.0,64,1024,256,1024,640,207.84,264.352,211.008,0.0561
mixed,32,16,0.5,4.0,64,1024,512,2048,1280,313.761,471.392,361.858,0.3051
mixed,32,16,0.5,4.0,64,1024,1024,4096,2560,576.45,908.738,681.345,0.3157
mixed,32,16,0.5,4.0,64,1024,2048,8192,5120,1137.96,1807.37,1276.71,0.2073
mixed,32,16,0.5,4.0,64,1024,4096,16384,10240,2237,3545.99,3221.03,0.7517
mixed,32,16,0.5,4.0,64,2048,128,512,320,224.737,256.289,229.473,0.1501
mixed,32,16,0.5,4.0,64,2048,256,1024,640,274.178,329.697,275.999,0.0328
mixed,32,16,0.5,4.0,64,2048,512,2048,1280,362.978,473.154,363.809,0.0075
mixed,32,16,0.5,4.0,64,2048,1024,4096,2560,578.433,908.419,687.907,0.3318
mixed,32,16,0.5,4.0,64,2048,2048,8192,5120,1139.62,1806.6,1296.58,0.2353
mixed,32,16,0.5,4.0,64,2048,4096,16384,10240,2238.22,3539.69,3184.49,0.7271
mixed,32,16,0.5,4.0,64,4096,128,512,320,352.064,385.505,355.616,0.1062
mixed,32,16,0.5,4.0,64,4096,256,1024,640,403.17,458.307,403.105,-0.0012
mixed,32,16,0.5,4.0,64,4096,512,2048,1280,492.704,600.548,492.577,-0.0012
mixed,32,16,0.5,4.0,64,4096,1024,4096,2560,675.073,922.628,687.104,0.0486
mixed,32,16,0.5,4.0,64,4096,2048,8192,5120,1153.12,1826.89,1300.58,0.2189
mixed,32,16,0.5,4.0,64,4096,4096,16384,10240,2285.67,3637.61,3227.37,0.6966
mixed,32,16,0.5,4.0,64,8192,128,512,320,612.193,646.786,619.616,0.2146
mixed,32,16,0.5,4.0,64,8192,256,1024,640,661.729,714.753,660.193,-0.029
mixed,32,16,0.5,4.0,64,8192,512,2048,1280,749.25,861.698,750.052,0.0071
mixed,32,16,0.5,4.0,64,8192,1024,4096,2560,933.217,1185.35,944.61,0.0452
mixed,32,16,0.5,4.0,64,8192,2048,8192,5120,1373.7,1823.4,1314.72,-0.1311
mixed,32,16,0.5,4.0,64,8192,4096,16384,10240,2258.25,3623.98,3120.65,0.6315
mixed,32,16,0.5,4.0,128,0,128,512,320,106.209,154.144,127.296,0.4399
mixed,32,16,0.5,4.0,128,0,256,1024,640,179.584,256.065,202.752,0.3029
mixed,32,16,0.5,4.0,128,0,512,2048,1280,304.929,455.041,351.746,0.3119
mixed,32,16,0.5,4.0,128,0,1024,4096,2560,556.992,881.443,653.314,0.2969
mixed,32,16,0.5,4.0,128,0,2048,8192,5120,1111.84,1748.71,1226.92,0.1807
mixed,32,16,0.5,4.0,128,0,4096,16384,10240,2160.36,3409.48,3186.38,0.8214
mixed,32,16,0.5,4.0,128,512,128,512,320,123.808,156.161,142.656,0.5826
mixed,32,16,0.5,4.0,128,512,256,1024,640,181.024,256.673,207.488,0.3498
mixed,32,16,0.5,4.0,128,512,512,2048,1280,305.76,455.425,350.752,0.3006
mixed,32,16,0.5,4.0,128,512,1024,4096,2560,559.137,883.139,657.761,0.3044
mixed,32,16,0.5,4.0,128,512,2048,8192,5120,1110.98,1750.21,1253.63,0.2232
mixed,32,16,0.5,4.0,128,512,4096,16384,10240,2162.82,3410.09,3186.86,0.821
mixed,32,16,0.5,4.0,128,1024,128,512,320,157.923,188.927,168.032,0.3261
mixed,32,16,0.5,4.0,128,1024,256,1024,640,206.846,258.976,212.127,0.1013
mixed,32,16,0.5,4.0,128,1024,512,2048,1280,305.985,456.673,352.865,0.3111
mixed,32,16,0.5,4.0,128,1024,1024,4096,2560,559.075,882.627,663.361,0.3223
mixed,32,16,0.5,4.0,128,1024,2048,8192,5120,1112.23,1750.41,1253.28,0.221
mixed,32,16,0.5,4.0,128,1024,4096,16384,10240,2167.98,3413.45,3147.85,0.7867
mixed,32,16,0.5,4.0,128,2048,128,512,320,220.417,252.736,241.25,0.6446
mixed,32,16,0.5,4.0,128,2048,256,1024,640,270.624,322.4,290.337,0.3807
mixed,32,16,0.5,4.0,128,2048,512,2048,1280,354.658,460.064,356.704,0.0194
mixed,32,16,0.5,4.0,128,2048,1024,4096,2560,561.568,886.051,669.794,0.3335
mixed,32,16,0.5,4.0,128,2048,2048,8192,5120,1102.37,1753.86,1257.8,0.2386
mixed,32,16,0.5,4.0,128,2048,4096,16384,10240,2171.97,3419.59,2954.86,0.6275
mixed,32,16,0.5,4.0,128,4096,128,512,320,344.769,377.442,363.137,0.5622
mixed,32,16,0.5,4.0,128,4096,256,1024,640,394.786,447.584,414.464,0.3727
mixed,32,16,0.5,4.0,128,4096,512,2048,1280,482.176,584.033,512.992,0.3025
mixed,32,16,0.5,4.0,128,4096,1024,4096,2560,660.226,901.635,676.64,0.068
mixed,32,16,0.5,4.0,128,4096,2048,8192,5120,1129.92,1862.69,1259.88,0.1773
mixed,32,16,0.5,4.0,128,4096,4096,16384,10240,2357.42,3815.7,3052.75,0.4768
mixed,32,16,0.5,4.0,128,8192,128,512,320,593.697,625.986,609.633,0.4935
mixed,32,16,0.5,4.0,128,8192,256,1024,640,641.955,693.857,660.449,0.3563
mixed,32,16,0.5,4.0,128,8192,512,2048,1280,731.075,832.289,758.273,0.2687
mixed,32,16,0.5,4.0,128,8192,1024,4096,2560,906.306,1155.56,940.066,0.1354
mixed,32,16,0.5,4.0,128,8192,2048,8192,5120,1343.43,1801.19,1277.86,-0.1432
mixed,32,16,0.5,4.0,128,8192,4096,16384,10240,2213.86,3741.32,2902,0.4505
mixed,32,16,0.5,4.0,256,0,128,512,320,126.207,173.569,144.961,0.396
mixed,32,16,0.5,4.0,256,0,256,1024,640,199.104,271.712,216.96,0.2459
mixed,32,16,0.5,4.0,256,0,512,2048,1280,321.312,470.015,357.312,0.2421
mixed,32,16,0.5,4.0,256,0,1024,4096,2560,566.468,883.106,658.912,0.292
mixed,32,16,0.5,4.0,256,0,2048,8192,5120,1112.19,1750.57,1242.43,0.204
mixed,32,16,0.5,4.0,256,0,4096,16384,10240,2163.94,3409.77,3152.87,0.7938
mixed,32,16,0.5,4.0,256,512,128,512,320,156.962,198.752,161.28,0.1033
mixed,32,16,0.5,4.0,256,512,256,1024,640,228.384,305.889,234.209,0.0752
mixed,32,16,0.5,4.0,256,512,512,2048,1280,353.504,497.633,365.409,0.0826
mixed,32,16,0.5,4.0,256,512,1024,4096,2560,594.497,886.722,668.003,0.2515
mixed,32,16,0.5,4.0,256,512,2048,8192,5120,1113.89,1751.24,1261.18,0.2311
mixed,32,16,0.5,4.0,256,512,4096,16384,10240,2168.2,3412.81,3147.59,0.7869
mixed,32,16,0.5,4.0,256,1024,128,512,320,196.543,235.393,197.346,0.0207
mixed,32,16,0.5,4.0,256,1024,256,1024,640,245.024,330.849,245.664,0.0075
mixed,32,16,0.5,4.0,256,1024,512,2048,1280,386.146,532.13,393.664,0.0515
mixed,32,16,0.5,4.0,256,1024,1024,4096,2560,629.411,911.203,672.611,0.1533
mixed,32,16,0.5,4.0,256,1024,2048,8192,5120,1105.54,1751.88,1266.53,0.2491
mixed,32,16,0.5,4.0,256,1024,4096,16384,10240,2168.42,3416.68,3127.91,0.7687
mixed,32,16,0.5,4.0,256,2048,128,512,320,260.033,307.2,266.049,0.1275
mixed,32,16,0.5,4.0,256,2048,256,1024,640,328.864,401.953,320.32,-0.1169
mixed,32,16,0.5,4.0,256,2048,512,2048,1280,429.123,610.594,424.928,-0.0231
mixed,32,16,0.5,4.0,256,2048,1024,4096,2560,724.578,1027.84,729.953,0.0177
mixed,32,16,0.5,4.0,256,2048,2048,8192,5120,1222.66,1829.19,1318.02,0.1572
mixed,32,16,0.5,4.0,256,2048,4096,16384,10240,2247.88,3539.09,2815.3,0.4395
mixed,32,16,0.5,4.0,256,4096,128,512,320,403.105,447.71,408.67,0.1248
mixed,32,16,0.5,4.0,256,4096,256,1024,640,473.218,551.969,469.218,-0.0508
mixed,32,16,0.5,4.0,256,4096,512,2048,1280,601.087,754.69,600.161,-0.006
mixed,32,16,0.5,4.0,256,4096,1024,4096,2560,785.411,1186.31,761.346,-0.06
mixed,32,16,0.5,4.0,256,4096,2048,8192,5120,1427.84,2287.24,1332.01,-0.1115
mixed,32,16,0.5,4.0,256,4096,4096,16384,10240,2806.63,4322.19,2984.68,0.1175
mixed,32,16,0.5,4.0,256,8192,128,512,320,668.067,710.337,667.393,-0.0159
mixed,32,16,0.5,4.0,256,8192,256,1024,640,732.129,811.426,726.242,-0.0742
mixed,32,16,0.5,4.0,256,8192,512,2048,1280,864.675,1019.91,858.433,-0.0402
mixed,32,16,0.5,4.0,256,8192,1024,4096,2560,1123.68,1452.71,1092.96,-0.0934
mixed,32,16,0.5,4.0,256,8192,2048,8192,5120,1534.37,2340.49,1426.69,-0.1336
mixed,32,16,0.5,4.0,256,8192,4096,16384,10240,2794.47,4622.29,3220.46,0.2331
mixed,32,16,0.5,4.0,512,0,128,512,320,162.848,216.576,176.641,0.2567
mixed,32,16,0.5,4.0,512,0,256,1024,640,245.794,322.271,257.088,0.1477
mixed,32,16,0.5,4.0,512,0,512,2048,1280,372.384,525.056,409.632,0.244
mixed,32,16,0.5,4.0,512,0,1024,4096,2560,628.13,959.267,713.282,0.2572
mixed,32,16,0.5,4.0,512,0,2048,8192,5120,1180.71,1833.64,1314.02,0.2042
mixed,32,16,0.5,4.0,512,0,4096,16384,10240,2233,3562.47,3249.84,0.7648
mixed,32,16,0.5,4.0,512,512,128,512,320,212.352,250.944,218.336,0.1551
mixed,32,16,0.5,4.0,512,512,256,1024,640,272.959,354.049,279.04,0.075
mixed,32,16,0.5,4.0,512,512,512,2048,1280,409.697,557.727,436.609,0.1818
mixed,32,16,0.5,4.0,512,512,1024,4096,2560,663.171,992.165,738.241,0.2282
mixed,32,16,0.5,4.0,512,512,2048,8192,5120,1204.9,1837,1331.62,0.2005
mixed,32,16,0.5,4.0,512,512,4096,16384,10240,2268.01,3568.11,3256.84,0.7606
mixed,32,16,0.5,4.0,512,1024,128,512,320,261.089,297.504,268.544,0.2047
mixed,32,16,0.5,4.0,512,1024,256,1024,640,317.92,389.567,318.114,0.0027
mixed,32,16,0.5,4.0,512,1024,512,2048,1280,431.489,594.083,465.186,0.2072
mixed,32,16,0.5,4.0,512,1024,1024,4096,2560,697.344,1021.41,769.633,0.2231
mixed,32,16,0.5,4.0,512,1024,2048,8192,5120,1242.15,1874.5,1340.39,0.1554
mixed,32,16,0.5,4.0,512,1024,4096,16384,10240,2256.36,3547.28,3134.7,0.6804
mixed,32,16,0.5,4.0,512,2048,128,512,320,349.953,396.8,360.32,0.2213
mixed,32,16,0.5,4.0,512,2048,256,1024,640,413.728,465.952,408.418,-0.1017
mixed,32,16,0.5,4.0,512,2048,512,2048,1280,510.785,659.33,511.586,0.0054
mixed,32,16,0.5,4.0,512,2048,1024,4096,2560,759.712,1090.4,820.159,0.1828
mixed,32,16,0.5,4.0,512,2048,2048,8192,5120,1306.02,1973.22,1419.01,0.1694
mixed,32,16,0.5,4.0,512,2048,4096,16384,10240,2375.46,3459.34,2685.16,0.2857
mixed,32,16,0.5,4.0,512,4096,128,512,320,487.327,551.361,499.169,0.1849
mixed,32,16,0.5,4.0,512,4096,256,1024,640,578.176,664.163,590.625,0.1448
mixed,32,16,0.5,4.0,512,4096,512,2048,1280,724.704,802.337,692.642,-0.413
mixed,32,16,0.5,4.0,512,4096,1024,4096,2560,894.883,1217.47,912.355,0.0542
mixed,32,16,0.5,4.0,512,4096,2048,8192,5120,1445.09,2494.09,1488.29,0.0412
mixed,32,16,0.5,4.0,512,4096,4096,16384,10240,3192.2,4940.98,3522.57,0.1889
mixed,32,16,0.5,4.0,512,8192,128,512,320,747.263,813.217,763.04,0.2392
mixed,32,16,0.5,4.0,512,8192,256,1024,640,848.192,949.569,852.194,0.0395
mixed,32,16,0.5,4.0,512,8192,512,2048,1280,1000.03,1192.52,1041.35,0.2146
mixed,32,16,0.5,4.0,512,8192,1024,4096,2560,1324.07,1469.92,1203.33,-0.8278
mixed,32,16,0.5,4.0,512,8192,2048,8192,5120,1623.94,2312.14,1644.93,0.0305
mixed,32,16,0.5,4.0,512,8192,4096,16384,10240,2825.45,5170.39,3023.05,0.0843
mixed,32,16,0.5,4.0,1024,0,128,512,320,249.344,284.128,267.2,0.5133
mixed,32,16,0.5,4.0,1024,0,256,1024,640,310.176,397.344,327.073,0.1938
mixed,32,16,0.5,4.0,1024,0,512,2048,1280,454.691,623.587,485.795,0.1842
mixed,32,16,0.5,4.0,1024,0,1024,4096,2560,695.075,1020.99,802.656,0.3301
mixed,32,16,0.5,4.0,1024,0,2048,8192,5120,1271.59,1912.13,1336.77,0.1018
mixed,32,16,0.5,4.0,1024,0,4096,16384,10240,2259.43,3484.75,3313.19,0.86
mixed,32,16,0.5,4.0,1024,512,128,512,320,313.856,351.81,322.848,0.2369
mixed,32,16,0.5,4.0,1024,512,256,1024,640,371.712,426.466,378.752,0.1286
mixed,32,16,0.5,4.0,1024,512,512,2048,1280,495.425,645.218,528.897,0.2235
mixed,32,16,0.5,4.0,1024,512,1024,4096,2560,781.059,1116.52,814.082,0.0984
mixed,32,16,0.5,4.0,1024,512,2048,8192,5120,1282.66,1899.24,1384.9,0.1658
mixed,32,16,0.5,4.0,1024,512,4096,16384,10240,2306.98,3635.11,3108.9,0.6038
mixed,32,16,0.5,4.0,1024,1024,128,512,320,378.241,416.768,402.304,0.6246
mixed,32,16,0.5,4.0,1024,1024,256,1024,640,450.977,517.633,436.418,-0.2184
mixed,32,16,0.5,4.0,1024,1024,512,2048,1280,527.969,669.091,547.072,0.1354
mixed,32,16,0.5,4.0,1024,1024,1024,4096,2560,774.464,1136.71,860.769,0.2383
mixed,32,16,0.5,4.0,1024,1024,2048,8192,5120,1341.86,1955.27,1498.63,0.2556
mixed,32,16,0.5,4.0,1024,1024,4096,16384,10240,2453.22,3590.64,2777.19,0.2848
mixed,32,16,0.5,4.0,1024,2048,128,512,320,489.889,559.551,503.04,0.1888
mixed,32,16,0.5,4.0,1024,2048,256,1024,640,562.785,620.386,557.954,-0.0839
mixed,32,16,0.5,4.0,1024,2048,512,2048,1280,661.09,775.232,654.787,-0.0552
mixed,32,16,0.5,4.0,1024,2048,1024,4096,2560,886.66,1181.22,929.157,0.1443
mixed,32,16,0.5,4.0,1024,2048,2048,8192,5120,1510.4,2181.9,1539.97,0.044
mixed,32,16,0.5,4.0,1024,2048,4096,16384,10240,2542.28,3869.32,3117.48,0.4334
mixed,32,16,0.5,4.0,1024,4096,128,512,320,726.083,804.962,762.305,0.4592
mixed,32,16,0.5,4.0,1024,4096,256,1024,640,822.751,891.587,820.545,-0.032
mixed,32,16,0.5,4.0,1024,4096,512,2048,1280,940.288,1103.91,938.757,-0.0094
mixed,32,16,0.5,4.0,1024,4096,1024,4096,2560,1149.95,1411.01,1096.8,-0.2036
mixed,32,16,0.5,4.0,1024,4096,2048,8192,5120,1586.56,2427.46,1689.19,0.122
mixed,32,16,0.5,4.0,1024,4096,4096,16384,10240,3109.2,5733.04,3064.68,-0.017
mixed,32,16,0.5,4.0,1024,8192,128,512,320,1209.57,1275.71,1217.03,0.1127
mixed,32,16,0.5,4.0,1024,8192,256,1024,640,1253.67,1325.09,1252.51,-0.0162
mixed,32,16,0.5,4.0,1024,8192,512,2048,1280,1349.57,1493.6,1412.07,0.4339
mixed,32,16,0.5,4.0,1024,8192,1024,4096,2560,1630.21,1957.22,1676.23,0.1407
mixed,32,16,0.5,4.0,1024,8192,2048,8192,5120,2091.34,2880.43,2057.7,-0.0426
mixed,32,16,0.5,4.0,1024,8192,4096,16384,10240,3021.07,5058.39,3458.12,0.2145
mixed,32,16,0.5,4.0,2048,0,128,512,320,491.233,555.106,518.785,0.4314
mixed,32,16,0.5,4.0,2048,0,256,1024,640,549.985,634.947,564.257,0.168
mixed,32,16,0.5,4.0,2048,0,512,2048,1280,645.856,801.921,664.994,0.1226
mixed,32,16,0.5,4.0,2048,0,1024,4096,2560,904.323,1238.56,971.619,0.2013
mixed,32,16,0.5,4.0,2048,0,2048,8192,5120,1480.83,2105.25,1566.34,0.1369
mixed,32,16,0.5,4.0,2048,0,4096,16384,10240,2534.03,3796.11,2996.74,0.3666
mixed,32,16,0.5,4.0,2048,512,128,512,320,618.082,632.482,603.905,-0.9845
mixed,32,16,0.5,4.0,2048,512,256,1024,640,653.475,714.433,651.523,-0.032
mixed,32,16,0.5,4.0,2048,512,512,2048,1280,750.943,884.035,750.785,-0.0012
mixed,32,16,0.5,4.0,2048,512,1024,4096,2560,993.41,1313.95,1058.02,0.2016
mixed,32,16,0.5,4.0,2048,512,2048,8192,5120,1545.64,2212.49,1654.08,0.1626
mixed,32,16,0.5,4.0,2048,512,4096,16384,10240,2660.91,3939.24,3064.04,0.3154
mixed,32,16,0.5,4.0,2048,1024,128,512,320,716.835,732.099,701.633,-0.9959
mixed,32,16,0.5,4.0,2048,1024,256,1024,640,754.943,814.242,754.338,-0.0102
mixed,32,16,0.5,4.0,2048,1024,512,2048,1280,861.76,975.33,850.882,-0.0958
mixed,32,16,0.5,4.0,2048,1024,1024,4096,2560,1076.87,1461.57,1134.69,0.1503
mixed,32,16,0.5,4.0,2048,1024,2048,8192,5120,1670.56,2341.26,1739.43,0.1027
mixed,32,16,0.5,4.0,2048,1024,4096,16384,10240,3200.17,4558.51,3013.57,-0.1374
mixed,32,16,0.5,4.0,2048,2048,128,512,320,890.371,932.897,897.572,0.1693
mixed,32,16,0.5,4.0,2048,2048,256,1024,640,953.542,1019.81,955.587,0.0309
mixed,32,16,0.5,4.0,2048,2048,512,2048,1280,1059.39,1181.19,1057.95,-0.0118
mixed,32,16,0.5,4.0,2048,2048,1024,4096,2560,1263.75,1569.1,1294.79,0.1017
mixed,32,16,0.5,4.0,2048,2048,2048,8192,5120,1774.47,2523.88,1915.43,0.1881
mixed,32,16,0.5,4.0,2048,2048,4096,16384,10240,3105.58,5809.36,3230.44,0.0462
mixed,32,16,0.5,4.0,2048,4096,128,512,320,1260.32,1318.82,1274.76,0.2467
mixed,32,16,0.5,4.0,2048,4096,256,1024,640,1343.52,1412.48,1347.94,0.0641
mixed,32,16,0.5,4.0,2048,4096,512,2048,1280,1459.94,1585.06,1463.36,0.0273
mixed,32,16,0.5,4.0,2048,4096,1024,4096,2560,1664.32,2017.38,1751.24,0.2462
mixed,32,16,0.5,4.0,2048,4096,2048,8192,5120,2122.44,2770.92,2243.72,0.187
mixed,32,16,0.5,4.0,2048,4096,4096,16384,10240,3224.65,7474.62,3882.95,0.1549
mixed,32,16,0.5,4.0,2048,8192,128,512,320,1994.4,2053.93,2006.85,0.2091
mixed,32,16,0.5,4.0,2048,8192,256,1024,640,2078.18,2176.07,2083.75,0.0569
mixed,32,16,0.5,4.0,2048,8192,512,2048,1280,2241.13,2398.28,2336.45,0.6066
mixed,32,16,0.5,4.0,2048,8192,1024,4096,2560,2578.86,2708.36,2485.64,-0.7198
mixed,32,16,0.5,4.0,2048,8192,2048,8192,5120,2877.61,3522.54,3050.41,0.2679
mixed,32,16,0.5,4.0,2048,8192,4096,16384,10240,4053.68,5258.93,4381,0.2716
pure,32,24,0.75,4.0,0,0,128,512,416,98.368,110.688,100.061,0.1374
pure,32,24,0.75,4.0,0,0,256,1024,832,153.981,176.801,152.577,-0.0615
pure,32,24,0.75,4.0,0,0,512,2048,1664,276.351,334.655,279.106,0.0473
pure,32,24,0.75,4.0,0,0,1024,4096,3328,514.273,623.042,517.988,0.0342
pure,32,24,0.75,4.0,0,0,2048,8192,6656,955.043,1144.77,944.422,-0.056
pure,32,24,0.75,4.0,0,0,4096,16384,13312,1798.88,2200.59,1801.25,0.0059
mixed,32,24,0.75,4.0,16,0,128,512,416,130.112,155.168,151.712,0.8621
mixed,32,24,0.75,4.0,16,0,256,1024,832,211.713,261.856,256.001,0.8832
mixed,32,24,0.75,4.0,16,0,512,2048,1664,390.464,470.018,459.394,0.8665
mixed,32,24,0.75,4.0,16,0,1024,4096,3328,739.52,903.619,869.763,0.7937
mixed,32,24,0.75,4.0,16,0,2048,8192,6656,1474.5,1795.91,1728.52,0.7903
mixed,32,24,0.75,4.0,16,0,4096,16384,13312,2878.73,3527.76,3717.35,1.2921
mixed,32,24,0.75,4.0,16,512,128,512,416,137.951,155.904,152.994,0.8379
mixed,32,24,0.75,4.0,16,512,256,1024,832,210.976,261.954,255.681,0.8769
mixed,32,24,0.75,4.0,16,512,512,2048,1664,392.161,470.69,459.263,0.8545
mixed,32,24,0.75,4.0,16,512,1024,4096,3328,740.674,900.737,863.426,0.7669
mixed,32,24,0.75,4.0,16,512,2048,8192,6656,1477.8,1797.35,1730.24,0.79
mixed,32,24,0.75,4.0,16,512,4096,16384,13312,2875.34,3405.19,3706.86,1.5693
mixed,32,24,0.75,4.0,16,1024,128,512,416,173.823,188.831,184.223,0.693
mixed,32,24,0.75,4.0,16,1024,256,1024,832,226.818,262.624,257.667,0.8616
mixed,32,24,0.75,4.0,16,1024,512,2048,1664,393.09,471.2,462.018,0.8824
mixed,32,24,0.75,4.0,16,1024,1024,4096,3328,741.635,905.187,865.475,0.7572
mixed,32,24,0.75,4.0,16,1024,2048,8192,6656,1478.28,1799.05,1715.65,0.74
mixed,32,24,0.75,4.0,16,1024,4096,16384,13312,2878.54,3523.21,3669.07,1.2262
mixed,32,24,0.75,4.0,16,2048,128,512,416,238.752,255.391,250.273,0.6924
mixed,32,24,0.75,4.0,16,2048,256,1024,832,291.906,327.521,319.392,0.7718
mixed,32,24,0.75,4.0,16,2048,512,2048,1664,416.097,470.434,463.68,0.8757
mixed,32,24,0.75,4.0,16,2048,1024,4096,3328,743.617,905.603,873.314,0.8007
mixed,32,24,0.75,4.0,16,2048,2048,8192,6656,1474.63,1806.76,1724.77,0.7532
mixed,32,24,0.75,4.0,16,2048,4096,16384,13312,2874.09,3466.7,3658.99,1.3245
mixed,32,24,0.75,4.0,16,4096,128,512,416,365.762,385.121,379.809,0.7256
mixed,32,24,0.75,4.0,16,4096,256,1024,832,420.801,456.962,449.473,0.7929
mixed,32,24,0.75,4.0,16,4096,512,2048,1664,545.536,600.259,588.96,0.7935
mixed,32,24,0.75,4.0,16,4096,1024,4096,3328,788.995,924.227,873.347,0.6238
mixed,32,24,0.75,4.0,16,4096,2048,8192,6656,1486.02,1814.5,1705.92,0.6694
mixed,32,24,0.75,4.0,16,4096,4096,16384,13312,2941.38,3640.3,3800.84,1.2297
mixed,32,24,0.75,4.0,16,8192,128,512,416,627.49,637.986,630.337,0.2712
mixed,32,24,0.75,4.0,16,8192,256,1024,832,677.41,716.097,707.555,0.7792
mixed,32,24,0.75,4.0,16,8192,512,2048,1664,804.388,857.76,849.858,0.8519
mixed,32,24,0.75,4.0,16,8192,1024,4096,3328,1050.08,1182.92,1128.61,0.5912
mixed,32,24,0.75,4.0,16,8192,2048,8192,6656,1598.44,1824.81,1777.29,0.7901
mixed,32,24,0.75,4.0,16,8192,4096,16384,13312,2930.92,3630.76,3890.06,1.3705
mixed,32,24,0.75,4.0,32,0,128,512,416,130.369,155.009,151.744,0.8675
mixed,32,24,0.75,4.0,32,0,256,1024,832,212.259,262.529,255.647,0.8631
mixed,32,24,0.75,4.0,32,0,512,2048,1664,391.809,469.793,460.579,0.8818
mixed,32,24,0.75,4.0,32,0,1024,4096,3328,738.692,902.753,867.009,0.7821
mixed,32,24,0.75,4.0,32,0,2048,8192,6656,1476.93,1804.93,1727.94,0.7653
mixed,32,24,0.75,4.0,32,0,4096,16384,13312,2881.99,3462.32,3726.93,1.456
mixed,32,24,0.75,4.0,32,512,128,512,416,138.4,156.354,152.418,0.7808
mixed,32,24,0.75,4.0,32,512,256,1024,832,212.034,262.145,257.057,0.8985
mixed,32,24,0.75,4.0,32,512,512,2048,1664,391.969,471.458,459.745,0.8526
mixed,32,24,0.75,4.0,32,512,1024,4096,3328,739.617,906.723,868.834,0.7733
mixed,32,24,0.75,4.0,32,512,2048,8192,6656,1479.46,1802.37,1731.08,0.7792
mixed,32,24,0.75,4.0,32,512,4096,16384,13312,2886.09,3451.28,3704.14,1.4474
mixed,32,24,0.75,4.0,32,1024,128,512,416,172.769,188.577,184.767,0.759
mixed,32,24,0.75,4.0,32,1024,256,1024,832,226.56,262.721,257.601,0.8584
mixed,32,24,0.75,4.0,32,1024,512,2048,1664,391.778,469.442,461.919,0.9031
mixed,32,24,0.75,4.0,32,1024,1024,4096,3328,740.577,906.053,869.51,0.7792
mixed,32,24,0.75,4.0,32,1024,2048,8192,6656,1480.52,1804.55,1717.54,0.7315
mixed,32,24,0.75,4.0,32,1024,4096,16384,13312,2893.1,3513.9,3665.04,1.2435
mixed,32,24,0.75,4.0,32,2048,128,512,416,239.904,253.985,247.776,0.5591
mixed,32,24,0.75,4.0,32,2048,256,1024,832,291.651,328.32,318.689,0.7374
mixed,32,24,0.75,4.0,32,2048,512,2048,1664,416.257,470.303,464.289,0.8887
mixed,32,24,0.75,4.0,32,2048,1024,4096,3328,740.516,909.25,872.098,0.7798
mixed,32,24,0.75,4.0,32,2048,2048,8192,6656,1483.75,1807.69,1728.36,0.7551
mixed,32,24,0.75,4.0,32,2048,4096,16384,13312,2881.67,3536.27,3633.64,1.1488
mixed,32,24,0.75,4.0,32,4096,128,512,416,366.594,381.761,380.352,0.9071
mixed,32,24,0.75,4.0,32,4096,256,1024,832,421.026,456.449,448.833,0.785
mixed,32,24,0.75,4.0,32,4096,512,2048,1664,547.489,597.697,590.498,0.8566
mixed,32,24,0.75,4.0,32,4096,1024,4096,3328,790.594,922.148,875.588,0.6461
mixed,32,24,0.75,4.0,32,4096,2048,8192,6656,1490.5,1824.81,1717.63,0.6794
mixed,32,24,0.75,4.0,32,4096,4096,16384,13312,2942.66,3635.6,3799.09,1.2359
mixed,32,24,0.75,4.0,32,8192,128,512,416,625.728,638.754,635.074,0.7175
mixed,32,24,0.75,4.0,32,8192,256,1024,832,679.779,713.155,702.753,0.6883
mixed,32,24,0.75,4.0,32,8192,512,2048,1664,802.531,858.915,850.85,0.857
mixed,32,24,0.75,4.0,32,8192,1024,4096,3328,1049.7,1184.45,1129.76,0.5941
mixed,32,24,0.75,4.0,32,8192,2048,8192,6656,1597.6,1819.27,1773.77,0.7947
mixed,32,24,0.75,4.0,32,8192,4096,16384,13312,2943.85,3628.94,3918.19,1.4222
mixed,32,24,0.75,4.0,64,0,128,512,416,126.144,148.673,145.216,0.8466
mixed,32,24,0.75,4.0,64,0,256,1024,832,203.873,252.96,245.922,0.8566
mixed,32,24,0.75,4.0,64,0,512,2048,1664,375.905,452.384,442.85,0.8753
mixed,32,24,0.75,4.0,64,0,1024,4096,3328,713.537,876.899,836.93,0.7553
mixed,32,24,0.75,4.0,64,0,2048,8192,6656,1435.62,1743.21,1665.95,0.7488
mixed,32,24,0.75,4.0,64,0,4096,16384,13312,2784.97,3406.96,3659.95,1.4068
mixed,32,24,0.75,4.0,64,512,128,512,416,134.817,150.432,146.881,0.7726
mixed,32,24,0.75,4.0,64,512,256,1024,832,203.838,252.704,246.048,0.8638
mixed,32,24,0.75,4.0,64,512,512,2048,1664,376.194,453.151,442.4,0.8603
mixed,32,24,0.75,4.0,64,512,1024,4096,3328,715.588,877.378,834.434,0.7346
mixed,32,24,0.75,4.0,64,512,2048,8192,6656,1435.49,1750.09,1665.16,0.73
mixed,32,24,0.75,4.0,64,512,4096,16384,13312,2789,3409.29,3625.36,1.3483
mixed,32,24,0.75,4.0,64,1024,128,512,416,167.137,183.265,179.008,0.736
mixed,32,24,0.75,4.0,64,1024,256,1024,832,221.377,254.239,248.545,0.8267
mixed,32,24,0.75,4.0,64,1024,512,2048,1664,377.439,452.384,447.074,0.9291
mixed,32,24,0.75,4.0,64,1024,1024,4096,3328,715.812,876.322,832.131,0.7247
mixed,32,24,0.75,4.0,64,1024,2048,8192,6656,1436.77,1748.26,1654.6,0.6993
mixed,32,24,0.75,4.0,64,1024,4096,16384,13312,2788.74,3409.77,3555.43,1.2346
mixed,32,24,0.75,4.0,64,2048,128,512,416,229.794,244.992,240.576,0.7094
mixed,32,24,0.75,4.0,64,2048,256,1024,832,282.624,315.072,308.705,0.8038
mixed,32,24,0.75,4.0,64,2048,512,2048,1664,402.24,453.635,449.664,0.9227
mixed,32,24,0.75,4.0,64,2048,1024,4096,3328,717.759,877.667,840.867,0.7699
mixed,32,24,0.75,4.0,64,2048,2048,8192,6656,1439.69,1751.85,1663.37,0.7166
mixed,32,24,0.75,4.0,64,2048,4096,16384,13312,2787.4,3409.84,3608.46,1.3191
mixed,32,24,0.75,4.0,64,4096,128,512,416,355.585,369.379,365.698,0.7331
mixed,32,24,0.75,4.0,64,4096,256,1024,832,405.825,440.768,432.417,0.761
mixed,32,24,0.75,4.0,64,4096,512,2048,1664,525.089,577.858,571.074,0.8714
mixed,32,24,0.75,4.0,64,4096,1024,4096,3328,765.825,890.563,842.945,0.6183
mixed,32,24,0.75,4.0,64,4096,2048,8192,6656,1449.41,1778.37,1643.81,0.591
mixed,32,24,0.75,4.0,64,4096,4096,16384,13312,2865.74,3559.76,3706.28,1.2111
mixed,32,24,0.75,4.0,64,8192,128,512,416,601.792,616.704,610.467,0.5817
mixed,32,24,0.75,4.0,64,8192,256,1024,832,651.651,687.139,678.69,0.7619
mixed,32,24,0.75,4.0,64,8192,512,2048,1664,772.578,823.14,818.403,0.9063
mixed,32,24,0.75,4.0,64,8192,1024,4096,3328,1012.8,1143.08,1084.42,0.5497
mixed,32,24,0.75,4.0,64,8192,2048,8192,6656,1559.53,1773.67,1725.22,0.7738
mixed,32,24,0.75,4.0,64,8192,4096,16384,13312,2882.76,3550,3935.85,1.5783
mixed,32,24,0.75,4.0,128,0,128,512,416,130.112,154.305,148.418,0.7567
mixed,32,24,0.75,4.0,128,0,256,1024,832,208.256,255.904,247.681,0.8274
mixed,32,24,0.75,4.0,128,0,512,2048,1664,379.65,454.848,446.081,0.8834
mixed,32,24,0.75,4.0,128,0,1024,4096,3328,717.09,880.226,835.363,0.725
mixed,32,24,0.75,4.0,128,0,2048,8192,6656,1433.86,1748.9,1665.57,0.7355
mixed,32,24,0.75,4.0,128,0,4096,16384,13312,2789.77,3411.31,3648.81,1.3821
mixed,32,24,0.75,4.0,128,512,128,512,416,140.032,156.001,150.848,0.6773
mixed,32,24,0.75,4.0,128,512,256,1024,832,209.248,256.066,248.8,0.8448
mixed,32,24,0.75,4.0,128,512,512,2048,1664,380.032,455.424,446.434,0.8808
mixed,32,24,0.75,4.0,128,512,1024,4096,3328,719.138,882.275,836.963,0.7222
mixed,32,24,0.75,4.0,128,512,2048,8192,6656,1436.55,1751.65,1664.84,0.7245
mixed,32,24,0.75,4.0,128,512,4096,16384,13312,2788.65,3410.8,3607.53,1.3162
mixed,32,24,0.75,4.0,128,1024,128,512,416,174.143,189.056,183.808,0.6481
mixed,32,24,0.75,4.0,128,1024,256,1024,832,224.928,258.722,250.562,0.7585
mixed,32,24,0.75,4.0,128,1024,512,2048,1664,381.249,457.024,449.921,0.9063
mixed,32,24,0.75,4.0,128,1024,1024,4096,3328,721.345,881.284,841.091,0.7487
mixed,32,24,0.75,4.0,128,1024,2048,8192,6656,1443.33,1753.06,1672.58,0.7402
mixed,32,24,0.75,4.0,128,1024,4096,16384,13312,2789.58,3412.49,3608.59,1.3148
mixed,32,24,0.75,4.0,128,2048,128,512,416,236.61,253.728,247.97,0.6636
mixed,32,24,0.75,4.0,128,2048,256,1024,832,289.472,324.032,314.273,0.7176
mixed,32,24,0.75,4.0,128,2048,512,2048,1664,405.665,458.848,454.081,0.9104
mixed,32,24,0.75,4.0,128,2048,1024,4096,3328,723.938,885.699,845.635,0.7523
mixed,32,24,0.75,4.0,128,2048,2048,8192,6656,1444.29,1757.51,1672.71,0.7293
mixed,32,24,0.75,4.0,128,2048,4096,16384,13312,2797.58,3417.55,3531.7,1.1841
mixed,32,24,0.75,4.0,128,4096,128,512,416,363.361,376.737,369.793,0.4809
mixed,32,24,0.75,4.0,128,4096,256,1024,832,416.35,447.358,439.522,0.7473
mixed,32,24,0.75,4.0,128,4096,512,2048,1664,532.545,584.801,582.817,0.962
mixed,32,24,0.75,4.0,128,4096,1024,4096,3328,772.578,901.955,851.587,0.6107
mixed,32,24,0.75,4.0,128,4096,2048,8192,6656,1474.91,1865.25,1666.02,0.4896
mixed,32,24,0.75,4.0,128,4096,4096,16384,13312,3071.05,3796.56,3839.21,1.0588
mixed,32,24,0.75,4.0,128,8192,128,512,416,608.895,623.266,618.946,0.6994
mixed,32,24,0.75,4.0,128,8192,256,1024,832,663.554,696.097,684.739,0.651
mixed,32,24,0.75,4.0,128,8192,512,2048,1664,779.01,833.027,830.498,0.9532
mixed,32,24,0.75,4.0,128,8192,1024,4096,3328,1020.71,1158.28,1097.73,0.5599
mixed,32,24,0.75,4.0,128,8192,2048,8192,6656,1583.3,1800.3,1784.87,0.9289
mixed,32,24,0.75,4.0,128,8192,4096,16384,13312,3016.23,3747.34,3993.23,1.3363
mixed,32,24,0.75,4.0,256,0,128,512,416,150.465,173.504,157.603,0.3098
mixed,32,24,0.75,4.0,256,0,256,1024,832,226.755,272.96,253.826,0.5859
mixed,32,24,0.75,4.0,256,0,512,2048,1664,395.618,469.473,451.936,0.7625
mixed,32,24,0.75,4.0,256,0,1024,4096,3328,725.602,885.698,839.075,0.7088
mixed,32,24,0.75,4.0,256,0,2048,8192,6656,1436.97,1750.37,1664.45,0.7259
mixed,32,24,0.75,4.0,256,0,4096,16384,13312,2790.76,3408.72,3634.19,1.3649
mixed,32,24,0.75,4.0,256,512,128,512,416,168.546,197.473,171.072,0.0873
mixed,32,24,0.75,4.0,256,512,256,1024,832,259.394,304.191,258.657,-0.0165
mixed,32,24,0.75,4.0,256,512,512,2048,1664,426.208,497.986,454.497,0.3941
mixed,32,24,0.75,4.0,256,512,1024,4096,3328,736.834,887.617,842.146,0.6984
mixed,32,24,0.75,4.0,256,512,2048,8192,6656,1439.14,1812.45,1736.1,0.7955
mixed,32,24,0.75,4.0,256,512,4096,16384,13312,2886.02,3516.84,3698.16,1.2874
mixed,32,24,0.75,4.0,256,1024,128,512,416,226.145,245.952,221.25,-0.2471
mixed,32,24,0.75,4.0,256,1024,256,1024,832,278.111,341.536,281.024,0.0459
mixed,32,24,0.75,4.0,256,1024,512,2048,1664,478.527,552.93,475.683,-0.0382
mixed,32,24,0.75,4.0,256,1024,1024,4096,3328,801.281,949.602,877.219,0.512
mixed,32,24,0.75,4.0,256,1024,2048,8192,6656,1488.45,1805.22,1741.22,0.798
mixed,32,24,0.75,4.0,256,1024,4096,16384,13312,2887.05,3536.78,3723.28,1.287
mixed,32,24,0.75,4.0,256,2048,128,512,416,295.999,318.847,296.129,0.0057
mixed,32,24,0.75,4.0,256,2048,256,1024,832,368.162,414.079,357.538,-0.2314
mixed,32,24,0.75,4.0,256,2048,512,2048,1664,512.735,609.154,485.698,-0.2804
mixed,32,24,0.75,4.0,256,2048,1024,4096,3328,875.01,1027.33,886.049,0.0725
mixed,32,24,0.75,4.0,256,2048,2048,8192,6656,1522.18,1816.07,1735.46,0.7257
mixed,32,24,0.75,4.0,256,2048,4096,16384,13312,2898.41,3552.62,3658.19,1.1614
mixed,32,24,0.75,4.0,256,4096,128,512,416,424.066,450.753,428.033,0.1486
mixed,32,24,0.75,4.0,256,4096,256,1024,832,505.633,552.126,502.785,-0.0613
mixed,32,24,0.75,4.0,256,4096,512,2048,1664,675.106,747.937,624.802,-0.6907
mixed,32,24,0.75,4.0,256,4096,1024,4096,3328,966.147,1184.13,895.938,-0.3221
mixed,32,24,0.75,4.0,256,4096,2048,8192,6656,1788.36,2286.7,1743.68,-0.0896
mixed,32,24,0.75,4.0,256,4096,4096,16384,13312,3570.6,4400.21,4344.56,0.9329
mixed,32,24,0.75,4.0,256,8192,128,512,416,686.786,705.73,683.169,-0.1909
mixed,32,24,0.75,4.0,256,8192,256,1024,832,762.082,811.362,758.402,-0.0747
mixed,32,24,0.75,4.0,256,8192,512,2048,1664,934.755,1013.09,917.984,-0.2141
mixed,32,24,0.75,4.0,256,8192,1024,4096,3328,1288.67,1457.03,1167.2,-0.7215
mixed,32,24,0.75,4.0,256,8192,2048,8192,6656,1908.71,2343.81,1826.28,-0.1895
mixed,32,24,0.75,4.0,256,8192,4096,16384,13312,3823.31,4640.24,4702.99,1.0768
mixed,32,24,0.75,4.0,512,0,128,512,416,186.433,216.033,195.648,0.3113
mixed,32,24,0.75,4.0,512,0,256,1024,832,275.298,320.352,288.096,0.2841
mixed,32,24,0.75,4.0,512,0,512,2048,1664,448.066,523.554,485.122,0.4909
mixed,32,24,0.75,4.0,512,0,1024,4096,3328,792.292,958.53,886.594,0.5673
mixed,32,24,0.75,4.0,512,0,2048,8192,6656,1508.52,1835.43,1745.89,0.7261
mixed,32,24,0.75,4.0,512,0,4096,16384,13312,2808.01,3437.39,3623.76,1.2961
mixed,32,24,0.75,4.0,512,512,128,512,416,221.919,241.857,223.937,0.1012
mixed,32,24,0.75,4.0,512,512,256,1024,832,285.344,338.884,299.648,0.2672
mixed,32,24,0.75,4.0,512,512,512,2048,1664,465.315,535.778,476.704,0.1616
mixed,32,24,0.75,4.0,512,512,1024,4096,3328,797.891,959.588,860.769,0.3889
mixed,32,24,0.75,4.0,512,512,2048,8192,6656,1468.29,1779.81,1677.25,0.6708
mixed,32,24,0.75,4.0,512,512,4096,16384,13312,2814.41,3441.51,3638.19,1.3136
mixed,32,24,0.75,4.0,512,1024,128,512,416,265.248,283.328,271.296,0.3345
mixed,32,24,0.75,4.0,512,1024,256,1024,832,329.249,373.376,327.714,-0.0348
mixed,32,24,0.75,4.0,512,1024,512,2048,1664,496.063,571.426,497.921,0.0247
mixed,32,24,0.75,4.0,512,1024,1024,4096,3328,825.314,988.964,864.516,0.2395
mixed,32,24,0.75,4.0,512,1024,2048,8192,6656,1501.92,1794.12,1733.73,0.7933
mixed,32,24,0.75,4.0,512,1024,4096,16384,13312,2866.12,3438.48,3654.77,1.3779
mixed,32,24,0.75,4.0,512,2048,128,512,416,357.315,381.312,361.086,0.1571
mixed,32,24,0.75,4.0,512,2048,256,1024,832,416.034,446.274,427.168,0.3682
mixed,32,24,0.75,4.0,512,2048,512,2048,1664,560.641,631.041,534.816,-0.3668
mixed,32,24,0.75,4.0,512,2048,1024,4096,3328,887.491,1051.91,886.24,-0.0076
mixed,32,24,0.75,4.0,512,2048,2048,8192,6656,1575.65,1895.11,1689.28,0.3557
mixed,32,24,0.75,4.0,512,2048,4096,16384,13312,2853.07,3461,3661.04,1.329
mixed,32,24,0.75,4.0,512,4096,128,512,416,499.171,529.346,506.528,0.2438
mixed,32,24,0.75,4.0,512,4096,256,1024,832,594.08,638.626,604.575,0.2356
mixed,32,24,0.75,4.0,512,4096,512,2048,1664,723.234,765.186,741.122,0.4264
mixed,32,24,0.75,4.0,512,4096,1024,4096,3328,1006.34,1163.33,959.109,-0.3008
mixed,32,24,0.75,4.0,512,4096,2048,8192,6656,1788.07,2489.39,1811.94,0.034
mixed,32,24,0.75,4.0,512,4096,4096,16384,13312,4019.95,4833.05,4690.96,0.8253
mixed,32,24,0.75,4.0,512,8192,128,512,416,748.866,778.337,756.993,0.2758
mixed,32,24,0.75,4.0,512,8192,256,1024,832,846.913,906.24,867.426,0.3458
mixed,32,24,0.75,4.0,512,8192,512,2048,1664,1068.42,1143.11,1077.89,0.1268
mixed,32,24,0.75,4.0,512,8192,1024,4096,3328,1319.27,1419.3,1397.41,0.7812
mixed,32,24,0.75,4.0,512,8192,2048,8192,6656,2013.57,2316.23,1845.92,-0.5539
mixed,32,24,0.75,4.0,512,8192,4096,16384,13312,4127.15,5168.69,4536.82,0.3933
mixed,32,24,0.75,4.0,1024,0,128,512,416,268.355,284.928,268.8,0.0269
mixed,32,24,0.75,4.0,1024,0,256,1024,832,329.985,380.001,364.351,0.6871
mixed,32,24,0.75,4.0,1024,0,512,2048,1664,539.041,622.304,552.322,0.1595
mixed,32,24,0.75,4.0,1024,0,1024,4096,3328,888.867,1056.45,932.739,0.2618
mixed,32,24,0.75,4.0,1024,0,2048,8192,6656,1588.29,1916.74,1775.27,0.5693
mixed,32,24,0.75,4.0,1024,0,4096,16384,13312,2871.4,3487.66,3673.04,1.3008
mixed,32,24,0.75,4.0,1024,512,128,512,416,334.784,350.498,336.768,0.1263
mixed,32,24,0.75,4.0,1024,512,256,1024,832,391.361,426.946,399.778,0.2365
mixed,32,24,0.75,4.0,1024,512,512,2048,1664,551.233,632.803,569.41,0.2228
mixed,32,24,0.75,4.0,1024,512,1024,4096,3328,913.988,1072.32,941.86,0.176
mixed,32,24,0.75,4.0,1024,512,2048,8192,6656,1597.16,1893.76,1736.26,0.469
mixed,32,24,0.75,4.0,1024,512,4096,16384,13312,2909.77,3512.27,3811.89,1.4973
mixed,32,24,0.75,4.0,1024,1024,128,512,416,394.05,435.041,400.001,0.1452
mixed,32,24,0.75,4.0,1024,1024,256,1024,832,457.696,496.801,460.961,0.0835
mixed,32,24,0.75,4.0,1024,1024,512,2048,1664,599.169,669.538,611.011,0.1683
mixed,32,24,0.75,4.0,1024,1024,1024,4096,3328,955.043,1135.46,1022.15,0.3719
mixed,32,24,0.75,4.0,1024,1024,2048,8192,6656,1705.06,1956.65,1759.71,0.2172
mixed,32,24,0.75,4.0,1024,1024,4096,16384,13312,2980.23,3593.07,3737.55,1.2358
mixed,32,24,0.75,4.0,1024,2048,128,512,416,536.801,556.256,539.074,0.1168
mixed,32,24,0.75,4.0,1024,2048,256,1024,832,605.666,625.921,614.211,0.4219
mixed,32,24,0.75,4.0,1024,2048,512,2048,1664,750.499,807.651,750.754,0.0045
mixed,32,24,0.75,4.0,1024,2048,1024,4096,3328,1058.66,1232.74,1099.88,0.2368
mixed,32,24,0.75,4.0,1024,2048,2048,8192,6656,1852.64,2104.94,1829.93,-0.09
mixed,32,24,0.75,4.0,1024,2048,4096,16384,13312,3285.1,3871.53,3843.82,0.9527
mixed,32,24,0.75,4.0,1024,4096,128,512,416,746.401,800.003,780.322,0.6328
mixed,32,24,0.75,4.0,1024,4096,256,1024,832,843.81,901.763,821.664,-0.3821
mixed,32,24,0.75,4.0,1024,4096,512,2048,1664,971.01,1100.77,968.322,-0.0207
mixed,32,24,0.75,4.0,1024,4096,1024,4096,3328,1197.64,1412.29,1221.15,0.1096
mixed,32,24,0.75,4.0,1024,4096,2048,8192,6656,1866.79,2418.73,2059.14,0.3485
mixed,32,24,0.75,4.0,1024,4096,4096,16384,13312,4635.83,5871.22,4554.67,-0.0657
mixed,32,24,0.75,4.0,1024,8192,128,512,416,1283.62,1236.1,1283.39,
mixed,32,24,0.75,4.0,1024,8192,256,1024,832,1339.62,1316.52,1296.77,
mixed,32,24,0.75,4.0,1024,8192,512,2048,1664,1411.3,1506.12,1508.74,1.0277
mixed,32,24,0.75,4.0,1024,8192,1024,4096,3328,1762.44,2019.81,1781,0.0721
mixed,32,24,0.75,4.0,1024,8192,2048,8192,6656,2346.28,2748.68,2275.62,-0.1756
mixed,32,24,0.75,4.0,1024,8192,4096,16384,13312,4125.04,5064.56,4272.01,0.1564
mixed,32,24,0.75,4.0,2048,0,128,512,416,511.554,529.474,518.433,0.3839
mixed,32,24,0.75,4.0,2048,0,256,1024,832,581.859,607.52,578.144,-0.1448
mixed,32,24,0.75,4.0,2048,0,512,2048,1664,750.626,801.57,731.491,-0.3756
mixed,32,24,0.75,4.0,2048,0,1024,4096,3328,1080.55,1290.12,1136.77,0.2683
mixed,32,24,0.75,4.0,2048,0,2048,8192,6656,1790.5,2106.44,1883.24,0.2935
mixed,32,24,0.75,4.0,2048,0,4096,16384,13312,3165.16,3791.79,3811.6,1.0316
mixed,32,24,0.75,4.0,2048,512,128,512,416,614.146,634.978,616.29,0.1029
mixed,32,24,0.75,4.0,2048,512,256,1024,832,676.384,712.995,683.936,0.2063
mixed,32,24,0.75,4.0,2048,512,512,2048,1664,805.602,884.354,816.994,0.1447
mixed,32,24,0.75,4.0,2048,512,1024,4096,3328,1150.69,1314.79,1188.45,0.2301
mixed,32,24,0.75,4.0,2048,512,2048,8192,6656,1892.81,2206.89,1948.52,0.1774
mixed,32,24,0.75,4.0,2048,512,4096,16384,13312,3310.92,3934.7,4113.42,1.2865
mixed,32,24,0.75,4.0,2048,1024,128,512,416,712.897,734.37,714.594,0.079
mixed,32,24,0.75,4.0,2048,1024,256,1024,832,778.498,814.818,782.5,0.1102
mixed,32,24,0.75,4.0,2048,1024,512,2048,1664,915.331,971.81,909.314,-0.1065
mixed,32,24,0.75,4.0,2048,1024,1024,4096,3328,1239.85,1393.73,1267.94,0.1826
mixed,32,24,0.75,4.0,2048,1024,2048,8192,6656,1963.17,2347.27,2001.38,0.0995
mixed,32,24,0.75,4.0,2048,1024,4096,16384,13312,3862.16,4533.71,4365.78,0.7499
mixed,32,24,0.75,4.0,2048,2048,128,512,416,910.722,930.883,916.195,0.2715
mixed,32,24,0.75,4.0,2048,2048,256,1024,832,975.841,1017.83,986.627,0.2569
mixed,32,24,0.75,4.0,2048,2048,512,2048,1664,1119.87,1182.15,1118.72,-0.0185
mixed,32,24,0.75,4.0,2048,2048,1024,4096,3328,1406.44,1566.56,1430.56,0.1507
mixed,32,24,0.75,4.0,2048,2048,2048,8192,6656,2090.85,2531.88,2175.78,0.1926
mixed,32,24,0.75,4.0,2048,2048,4096,16384,13312,4801.46,5867.8,4558.32,-0.228
mixed,32,24,0.75,4.0,2048,4096,128,512,416,1291.75,1340.04,1294.34,0.0536
mixed,32,24,0.75,4.0,2048,4096,256,1024,832,1377.03,1412.77,1388,0.307
mixed,32,24,0.75,4.0,2048,4096,512,2048,1664,1520.74,1576.99,1527.4,0.1183
mixed,32,24,0.75,4.0,2048,4096,1024,4096,3328,1788.93,1937.99,1779.05,-0.0663
mixed,32,24,0.75,4.0,2048,4096,2048,8192,6656,2463.85,2768.71,2540.52,0.2515
mixed,32,24,0.75,4.0,2048,4096,4096,16384,13312,5242.61,7301.79,4878.03,-0.177
mixed,32,24,0.75,4.0,2048,8192,128,512,416,2021.44,2048.13,2025.48,0.1511
mixed,32,24,0.75,4.0,2048,8192,256,1024,832,2115.81,2168.74,2126.89,0.2092
mixed,32,24,0.75,4.0,2048,8192,512,2048,1664,2332.81,2397.93,2322.25,-0.1622
mixed,32,24,0.75,4.0,2048,8192,1024,4096,3328,2585.64,2709.89,2610.09,0.1968
mixed,32,24,0.75,4.0,2048,8192,2048,8192,6656,3187.02,3524.78,3117.8,-0.2049
mixed,32,24,0.75,4.0,2048,8192,4096,16384,13312,4865.72,5257.24,5754.68,2.2705
pure,32,29,0.9062,4.0,0,0,128,512,476,103.905,108.545,105.117,0.2612
pure,32,29,0.9062,4.0,0,0,256,1024,952,166.463,174.432,167.232,0.0965
pure,32,29,0.9062,4.0,0,0,512,2048,1904,313.12,333.44,311.809,-0.0645
pure,32,29,0.9062,4.0,0,0,1024,4096,3808,572.864,617.86,574.113,0.0278
pure,32,29,0.9062,4.0,0,0,2048,8192,7616,1068.93,1141.96,1095.78,0.3677
pure,32,29,0.9062,4.0,0,0,4096,16384,15232,2049.8,2195.53,2131.27,0.5591
mixed,32,29,0.9062,4.0,16,0,128,512,476,129.056,149.089,147.328,0.9121
mixed,32,29,0.9062,4.0,16,0,256,1024,952,227.841,252.129,250.079,0.9156
mixed,32,29,0.9062,4.0,16,0,512,2048,1904,407.168,451.331,455.968,1.105
mixed,32,29,0.9062,4.0,16,0,1024,4096,3808,798.276,873.058,869.475,0.9521
mixed,32,29,0.9062,4.0,16,0,2048,8192,7616,1612.26,1740.61,1837.22,1.7527
mixed,32,29,0.9062,4.0,16,0,4096,16384,15232,3169.58,3399.43,3689.42,2.2616
mixed,32,29,0.9062,4.0,16,512,128,512,476,136.256,155.936,154.753,0.9399
mixed,32,29,0.9062,4.0,16,512,256,1024,952,237.952,262.338,259.968,0.9028
mixed,32,29,0.9062,4.0,16,512,512,2048,1904,425.442,470.658,471.937,1.0283
mixed,32,29,0.9062,4.0,16,512,1024,4096,3808,829.792,903.682,899.649,0.9454
mixed,32,29,0.9062,4.0,16,512,2048,8192,7616,1665.22,1804.87,1894.21,1.6398
mixed,32,29,0.9062,4.0,16,512,4096,16384,15232,3279.57,3402.44,3772.65,4.0128
mixed,32,29,0.9062,4.0,16,1024,128,512,476,175.52,188.448,187.296,0.9109
mixed,32,29,0.9062,4.0,16,1024,256,1024,952,242.947,263.297,261.184,0.8962
mixed,32,29,0.9062,4.0,16,1024,512,2048,1904,425.187,470.819,471.521,1.0154
mixed,32,29,0.9062,4.0,16,1024,1024,4096,3808,828.099,905.668,900.803,0.9373
mixed,32,29,0.9062,4.0,16,1024,2048,8192,7616,1666.92,1799.27,1887.59,1.6673
mixed,32,29,0.9062,4.0,16,1024,4096,16384,15232,3281.29,3406.09,3714.09,3.4679
mixed,32,29,0.9062,4.0,16,2048,128,512,476,241.536,254.24,252.673,0.8767
mixed,32,29,0.9062,4.0,16,2048,256,1024,952,309.922,327.744,326.014,0.9029
mixed,32,29,0.9062,4.0,16,2048,512,2048,1904,439.521,471.106,469.058,0.9352
mixed,32,29,0.9062,4.0,16,2048,1024,4096,3808,828.384,906.275,893.986,0.8422
mixed,32,29,0.9062,4.0,16,2048,2048,8192,7616,1662.15,1798.79,1879.65,1.5918
mixed,32,29,0.9062,4.0,16,2048,4096,16384,15232,3173.77,3543.31,3740.52,1.5337
mixed,32,29,0.9062,4.0,16,4096,128,512,476,355.393,369.504,365.761,0.7347
mixed,32,29,0.9062,4.0,16,4096,256,1024,952,421.41,437.856,434.399,0.7898
mixed,32,29,0.9062,4.0,16,4096,512,2048,1904,547.042,575.715,570.978,0.8348
mixed,32,29,0.9062,4.0,16,4096,1024,4096,3808,825.795,890.787,863.075,0.5736
mixed,32,29,0.9062,4.0,16,4096,2048,8192,7616,1624.52,1777.67,1800.36,1.1481
mixed,32,29,0.9062,4.0,16,4096,4096,16384,15232,3268.49,3547.95,3990.93,2.5851
mixed,32,29,0.9062,4.0,16,8192,128,512,476,604.129,614.145,613.57,0.9426
mixed,32,29,0.9062,4.0,16,8192,256,1024,952,667.842,684.961,683.938,0.9402
mixed,32,29,0.9062,4.0,16,8192,512,2048,1904,793.795,822.561,818.403,0.8555
mixed,32,29,0.9062,4.0,16,8192,1024,4096,3808,1071.36,1136.45,1106.44,0.5389
mixed,32,29,0.9062,4.0,16,8192,2048,8192,7616,1676.23,1767.78,1779.94,1.1328
mixed,32,29,0.9062,4.0,16,8192,4096,16384,15232,3288.94,3538.16,3956.81,2.6799
mixed,32,29,0.9062,4.0,32,0,128,512,476,129.121,149.025,147.264,0.9115
mixed,32,29,0.9062,4.0,32,0,256,1024,952,227.615,251.715,249.634,0.9137
mixed,32,29,0.9062,4.0,32,0,512,2048,1904,408.224,451.97,457.57,1.128
mixed,32,29,0.9062,4.0,32,0,1024,4096,3808,797.441,873.251,869.761,0.954
mixed,32,29,0.9062,4.0,32,0,2048,8192,7616,1613.8,1743.75,1848.26,1.8042
mixed,32,29,0.9062,4.0,32,0,4096,16384,15232,3174.41,3406.19,3719.92,2.3536
mixed,32,29,0.9062,4.0,32,512,128,512,476,135.841,149.729,148,0.8755
mixed,32,29,0.9062,4.0,32,512,256,1024,952,228.961,252.577,250.145,0.897
mixed,32,29,0.9062,4.0,32,512,512,2048,1904,408.418,451.299,455.361,1.0947
mixed,32,29,0.9062,4.0,32,512,1024,4096,3808,798.723,875.171,876.643,1.0193
mixed,32,29,0.9062,4.0,32,512,2048,8192,7616,1614.66,1745.73,1844.8,1.7558
mixed,32,29,0.9062,4.0,32,512,4096,16384,15232,3173.1,3405.84,3692.97,2.2338
mixed,32,29,0.9062,4.0,32,1024,128,512,476,168.576,180.928,179.362,0.8732
mixed,32,29,0.9062,4.0,32,1024,256,1024,952,236.259,254.69,250.656,0.7811
mixed,32,29,0.9062,4.0,32,1024,512,2048,1904,408.225,453.153,454.115,1.0214
mixed,32,29,0.9062,4.0,32,1024,1024,4096,3808,802.177,875.3,873.858,0.9803
mixed,32,29,0.9062,4.0,32,1024,2048,8192,7616,1616.39,1742.41,1852.23,1.8715
mixed,32,29,0.9062,4.0,32,1024,4096,16384,15232,3171.47,3412.02,3721.04,2.2846
mixed,32,29,0.9062,4.0,32,2048,128,512,476,231.616,245.474,242.848,0.8105
mixed,32,29,0.9062,4.0,32,2048,256,1024,952,297.792,315.042,311.009,0.7662
mixed,32,29,0.9062,4.0,32,2048,512,2048,1904,423.553,452.193,450.657,0.9464
mixed,32,29,0.9062,4.0,32,2048,1024,4096,3808,799.778,880.322,863.522,0.7914
mixed,32,29,0.9062,4.0,32,2048,2048,8192,7616,1618.31,1750.24,1843.49,1.7068
mixed,32,29,0.9062,4.0,32,2048,4096,16384,15232,3172.71,3411.63,3725.26,2.3127
mixed,32,29,0.9062,4.0,32,4096,128,512,476,355.008,368.641,364.353,0.6855
mixed,32,29,0.9062,4.0,32,4096,256,1024,952,423.04,439.201,435.648,0.7801
mixed,32,29,0.9062,4.0,32,4096,512,2048,1904,547.744,575.907,571.232,0.834
mixed,32,29,0.9062,4.0,32,4096,1024,4096,3808,828.322,889.059,863.043,0.5717
mixed,32,29,0.9062,4.0,32,4096,2048,8192,7616,1637.73,1780.93,1804.81,1.1667
mixed,32,29,0.9062,4.0,32,4096,4096,16384,15232,3258.92,3556.97,3997.23,2.4771
mixed,32,29,0.9062,4.0,32,8192,128,512,476,603.171,615.841,613.217,0.7929
mixed,32,29,0.9062,4.0,32,8192,256,1024,952,669.249,686.403,682.626,0.7798
mixed,32,29,0.9062,4.0,32,8192,512,2048,1904,794.242,821.729,818.211,0.872
mixed,32,29,0.9062,4.0,32,8192,1024,4096,3808,1073.63,1139.33,1106.85,0.5056
mixed,32,29,0.9062,4.0,32,8192,2048,8192,7616,1677.73,1766.15,1777.77,1.1314
mixed,32,29,0.9062,4.0,32,8192,4096,16384,15232,3294.51,3547.69,3957.55,2.6188
mixed,32,29,0.9062,4.0,64,0,128,512,476,129.695,149.408,147.936,0.9253
mixed,32,29,0.9062,4.0,64,0,256,1024,952,228.735,252.609,250.08,0.8941
mixed,32,29,0.9062,4.0,64,0,512,2048,1904,407.618,451.103,456.13,1.1156
mixed,32,29,0.9062,4.0,64,0,1024,4096,3808,798.531,875.587,874.305,0.9834
mixed,32,29,0.9062,4.0,64,0,2048,8192,7616,1616.13,1747.27,1852.23,1.8004
mixed,32,29,0.9062,4.0,64,0,4096,16384,15232,3171.34,3408.36,3712.05,2.2812
mixed,32,29,0.9062,4.0,64,512,128,512,476,136.225,150.563,148.48,0.8547
mixed,32,29,0.9062,4.0,64,512,256,1024,952,228.995,253.056,250.56,0.8963
mixed,32,29,0.9062,4.0,64,512,512,2048,1904,408.481,452.93,457.343,1.0993
mixed,32,29,0.9062,4.0,64,512,1024,4096,3808,801.027,878.052,878.114,1.0008
mixed,32,29,0.9062,4.0,64,512,2048,8192,7616,1615.17,1752.33,1849.86,1.7111
mixed,32,29,0.9062,4.0,64,512,4096,16384,15232,3170.89,3410.41,3683.05,2.1383
mixed,32,29,0.9062,4.0,64,1024,128,512,476,170.688,182.496,180.737,0.851
mixed,32,29,0.9062,4.0,64,1024,256,1024,952,236.513,253.952,250.975,0.8293
mixed,32,29,0.9062,4.0,64,1024,512,2048,1904,408.832,452.93,455.361,1.0551
mixed,32,29,0.9062,4.0,64,1024,1024,4096,3808,801.026,875.779,875.075,0.9906
mixed,32,29,0.9062,4.0,64,1024,2048,8192,7616,1618.63,1751.91,1857.32,1.7909
mixed,32,29,0.9062,4.0,64,1024,4096,16384,15232,3174.57,3411.76,3715.86,2.2821
mixed,32,29,0.9062,4.0,64,2048,128,512,476,233.377,245.538,243.779,0.8554
mixed,32,29,0.9062,4.0,64,2048,256,1024,952,299.297,315.747,312.193,0.784
mixed,32,29,0.9062,4.0,64,2048,512,2048,1904,423.618,454.272,451.682,0.9155
mixed,32,29,0.9062,4.0,64,2048,1024,4096,3808,802.947,880.579,867.01,0.8252
mixed,32,29,0.9062,4.0,64,2048,2048,8192,7616,1618.53,1749.76,1848.26,1.7506
mixed,32,29,0.9062,4.0,64,2048,4096,16384,15232,3176.14,3415.79,3732.55,2.3218
mixed,32,29,0.9062,4.0,64,4096,128,512,476,359.169,371.361,366.21,0.5775
mixed,32,29,0.9062,4.0,64,4096,256,1024,952,423.714,440.194,438.051,0.87
mixed,32,29,0.9062,4.0,64,4096,512,2048,1904,549.697,577.091,571.969,0.813
mixed,32,29,0.9062,4.0,64,4096,1024,4096,3808,831.235,889.41,863.97,0.5627
mixed,32,29,0.9062,4.0,64,4096,2048,8192,7616,1642.98,1780.93,1806.89,1.1881
mixed,32,29,0.9062,4.0,64,4096,4096,16384,15232,3267.21,3564.56,3979.76,2.3964
mixed,32,29,0.9062,4.0,64,8192,128,512,476,606.433,617.569,614.625,0.7356
mixed,32,29,0.9062,4.0,64,8192,256,1024,952,669.761,686.37,683.458,0.8247
mixed,32,29,0.9062,4.0,64,8192,512,2048,1904,796.001,823.905,819.875,0.8556
mixed,32,29,0.9062,4.0,64,8192,1024,4096,3808,1075.84,1141.57,1109.83,0.517
mixed,32,29,0.9062,4.0,64,8192,2048,8192,7616,1684.2,1772.81,1783.94,1.1257
mixed,32,29,0.9062,4.0,64,8192,4096,16384,15232,3296.97,3544.02,3939.28,2.6
mixed,32,29,0.9062,4.0,128,0,128,512,476,133.217,154.337,151.776,0.8787
mixed,32,29,0.9062,4.0,128,0,256,1024,952,234.176,256.482,253.088,0.8478
mixed,32,29,0.9062,4.0,128,0,512,2048,1904,410.913,454.656,459.169,1.1032
mixed,32,29,0.9062,4.0,128,0,1024,4096,3808,803.874,878.37,877.826,0.9927
mixed,32,29,0.9062,4.0,128,0,2048,8192,7616,1619.24,1745.51,1848.71,1.8173
mixed,32,29,0.9062,4.0,128,0,4096,16384,15232,3176.97,3408.97,3739.12,2.423
mixed,32,29,0.9062,4.0,128,512,128,512,476,142.209,155.649,153.697,0.8548
mixed,32,29,0.9062,4.0,128,512,256,1024,952,233.409,255.937,253.409,0.8878
mixed,32,29,0.9062,4.0,128,512,512,2048,1904,411.582,455.713,458.339,1.0595
mixed,32,29,0.9062,4.0,128,512,1024,4096,3808,804.258,911.937,907.428,0.9581
mixed,32,29,0.9062,4.0,128,512,2048,8192,7616,1659.91,1803.91,1887.27,1.5789
mixed,32,29,0.9062,4.0,128,512,4096,16384,15232,3295.85,3413.35,3793.9,4.2387
mixed,32,29,0.9062,4.0,128,1024,128,512,476,182.241,195.649,194.881,0.9427
mixed,32,29,0.9062,4.0,128,1024,256,1024,952,252.16,267.873,265.155,0.827
mixed,32,29,0.9062,4.0,128,1024,512,2048,1904,429.408,476.769,471.683,0.8926
mixed,32,29,0.9062,4.0,128,1024,1024,4096,3808,832.418,913.411,904.323,0.8878
mixed,32,29,0.9062,4.0,128,1024,2048,8192,7616,1674.5,1777.93,1890.47,2.0882
mixed,32,29,0.9062,4.0,128,1024,4096,16384,15232,3290.12,3456.08,3799.63,3.0702
mixed,32,29,0.9062,4.0,128,2048,128,512,476,249.76,263.33,262.527,0.9408
mixed,32,29,0.9062,4.0,128,2048,256,1024,952,319.905,333.762,330.881,0.7921
mixed,32,29,0.9062,4.0,128,2048,512,2048,1904,444.512,476.706,475.233,0.9542
mixed,32,29,0.9062,4.0,128,2048,1024,4096,3808,835.683,914.339,900.353,0.8222
mixed,32,29,0.9062,4.0,128,2048,2048,8192,7616,1672.61,1812.2,1881.16,1.494
mixed,32,29,0.9062,4.0,128,2048,4096,16384,15232,3301.84,3528.2,3806.74,2.2304
mixed,32,29,0.9062,4.0,128,4096,128,512,476,377.345,394.819,392.706,0.8791
mixed,32,29,0.9062,4.0,128,4096,256,1024,952,449.215,464.287,462.944,0.9109
mixed,32,29,0.9062,4.0,128,4096,512,2048,1904,578.787,608.034,602.274,0.8031
mixed,32,29,0.9062,4.0,128,4096,1024,4096,3808,864.834,930.306,899.139,0.524
mixed,32,29,0.9062,4.0,128,4096,2048,8192,7616,1706.12,1895.43,1832.1,0.6655
mixed,32,29,0.9062,4.0,128,4096,4096,16384,15232,3548.53,3853.42,4327.47,2.5548
mixed,32,29,0.9062,4.0,128,8192,128,512,476,640.322,650.497,651.49,1.0976
mixed,32,29,0.9062,4.0,128,8192,256,1024,952,707.525,720.321,719.939,0.9701
mixed,32,29,0.9062,4.0,128,8192,512,2048,1904,833.761,870.722,862.051,0.7654
mixed,32,29,0.9062,4.0,128,8192,1024,4096,3808,1124.8,1198.37,1165.76,0.5568
mixed,32,29,0.9062,4.0,128,8192,2048,8192,7616,1745.74,1847.78,1797.86,0.5108
mixed,32,29,0.9062,4.0,128,8192,4096,16384,15232,3536.05,3804.43,4167.28,2.352
mixed,32,29,0.9062,4.0,256,0,128,512,476,159.17,180.961,172.863,0.6284
mixed,32,29,0.9062,4.0,256,0,256,1024,952,262.272,284.002,275.456,0.6067
mixed,32,29,0.9062,4.0,256,0,512,2048,1904,442.594,488.866,481.314,0.8368
mixed,32,29,0.9062,4.0,256,0,1024,4096,3808,837.604,913.923,903.779,0.8671
mixed,32,29,0.9062,4.0,256,0,2048,8192,7616,1674.31,1806.86,1898.53,1.6917
mixed,32,29,0.9062,4.0,256,0,4096,16384,15232,3298.03,3506.44,3768.4,2.2569
mixed,32,29,0.9062,4.0,256,512,128,512,476,178.942,206.947,185.793,0.2446
mixed,32,29,0.9062,4.0,256,512,256,1024,952,295.202,317.376,282.976,-0.5514
mixed,32,29,0.9062,4.0,256,512,512,2048,1904,472.514,517.539,483.52,0.2444
mixed,32,29,0.9062,4.0,256,512,1024,4096,3808,847.585,921.603,908.772,0.8267
mixed,32,29,0.9062,4.0,256,512,2048,8192,7616,1680.36,1812.68,1886.98,1.5615
mixed,32,29,0.9062,4.0,256,512,4096,16384,15232,3297.55,3541.9,3801,2.0603
mixed,32,29,0.9062,4.0,256,1024,128,512,476,227.873,241.537,234.399,0.4776
mixed,32,29,0.9062,4.0,256,1024,256,1024,952,312.288,344.095,297.248,-0.4729
mixed,32,29,0.9062,4.0,256,1024,512,2048,1904,509.631,553.762,487.362,-0.5046
mixed,32,29,0.9062,4.0,256,1024,1024,4096,3808,877.891,953.892,902.947,0.3297
mixed,32,29,0.9062,4.0,256,1024,2048,8192,7616,1678.05,1809.54,1896.81,1.6636
mixed,32,29,0.9062,4.0,256,1024,4096,16384,15232,3293.45,3545.42,3758.32,1.8449
mixed,32,29,0.9062,4.0,256,2048,128,512,476,297.345,317.984,314.688,0.8403
mixed,32,29,0.9062,4.0,256,2048,256,1024,952,395.203,413.188,378.434,-0.9324
mixed,32,29,0.9062,4.0,256,2048,512,2048,1904,554.561,611.585,515.711,-0.6813
mixed,32,29,0.9062,4.0,256,2048,1024,4096,3808,952.676,1024.74,905.988,-0.6479
mixed,32,29,0.9062,4.0,256,2048,2048,8192,7616,1699.56,1824.93,1871.21,1.3691
mixed,32,29,0.9062,4.0,256,2048,4096,16384,15232,3305.52,3508.27,3684.11,1.8673
mixed,32,29,0.9062,4.0,256,4096,128,512,476,410.658,431.01,425.729,0.7405
mixed,32,29,0.9062,4.0,256,4096,256,1024,952,509.346,531.839,523.586,0.6331
mixed,32,29,0.9062,4.0,256,4096,512,2048,1904,680.579,720.706,636.864,-1.0894
mixed,32,29,0.9062,4.0,256,4096,1024,4096,3808,1042.24,1138.66,907.715,-1.3954
mixed,32,29,0.9062,4.0,256,4096,2048,8192,7616,1963.56,2238.18,1876.33,-0.3176
mixed,32,29,0.9062,4.0,256,4096,4096,16384,15232,3985.87,4329.84,4451.98,1.3551
mixed,32,29,0.9062,4.0,256,8192,128,512,476,657.057,679.842,676.61,0.8582
mixed,32,29,0.9062,4.0,256,8192,256,1024,952,757.41,778.05,770.563,0.6373
mixed,32,29,0.9062,4.0,256,8192,512,2048,1904,931.842,976.357,964.578,0.7354
mixed,32,29,0.9062,4.0,256,8192,1024,4096,3808,1326.31,1384.58,1200.29,-2.1624
mixed,32,29,0.9062,4.0,256,8192,2048,8192,7616,2120.84,2270.76,1750.88,-2.4676
mixed,32,29,0.9062,4.0,256,8192,4096,16384,15232,4292.11,4552.46,4290.64,-0.0056
mixed,32,29,0.9062,4.0,512,0,128,512,476,183.266,207.265,208.161,1.0373
mixed,32,29,0.9062,4.0,512,0,256,1024,952,299.424,320.96,307.935,0.3952
mixed,32,29,0.9062,4.0,512,0,512,2048,1904,480.098,524.704,511.042,0.6937
mixed,32,29,0.9062,4.0,512,0,1024,4096,3808,877.09,962.338,904.259,0.3187
mixed,32,29,0.9062,4.0,512,0,2048,8192,7616,1669.06,1795.49,1913.93,1.9367
mixed,32,29,0.9062,4.0,512,0,4096,16384,15232,3314.7,3558.96,3830.22,2.1106
mixed,32,29,0.9062,4.0,512,512,128,512,476,233.825,253.408,247.17,0.6815
mixed,32,29,0.9062,4.0,512,512,256,1024,952,326.37,353.345,340.384,0.5195
mixed,32,29,0.9062,4.0,512,512,512,2048,1904,513.858,561.024,536.739,0.4851
mixed,32,29,0.9062,4.0,512,512,1024,4096,3808,914.435,993.346,956.676,0.5353
mixed,32,29,0.9062,4.0,512,512,2048,8192,7616,1704.58,1838.5,1878.98,1.3023
mixed,32,29,0.9062,4.0,512,512,4096,16384,15232,3208.08,3438.96,3744.65,2.3241
mixed,32,29,0.9062,4.0,512,1024,128,512,476,268.577,284.705,280.674,0.7501
mixed,32,29,0.9062,4.0,512,1024,256,1024,952,353.345,372.514,362.274,0.4658
mixed,32,29,0.9062,4.0,512,1024,512,2048,1904,527.872,570.976,550.947,0.5353
mixed,32,29,0.9062,4.0,512,1024,1024,4096,3808,911.843,990.148,942.753,0.3947
mixed,32,29,0.9062,4.0,512,1024,2048,8192,7616,1676.78,1797.38,1860.9,1.5267
mixed,32,29,0.9062,4.0,512,1024,4096,16384,15232,3212.01,3443.63,3735.89,2.2618
mixed,32,29,0.9062,4.0,512,2048,128,512,476,359.682,381.984,372.352,0.5681
mixed,32,29,0.9062,4.0,512,2048,256,1024,952,427.393,448.258,440.931,0.6488
mixed,32,29,0.9062,4.0,512,2048,512,2048,1904,590.562,630.915,612.002,0.5313
mixed,32,29,0.9062,4.0,512,2048,1024,4096,3808,972.803,1051.84,992.804,0.253
mixed,32,29,0.9062,4.0,512,2048,2048,8192,7616,1768.26,1894.66,1787.53,0.1524
mixed,32,29,0.9062,4.0,512,2048,4096,16384,15232,3241.71,3459.59,3819.47,2.6517
mixed,32,29,0.9062,4.0,512,4096,128,512,476,501.281,530.882,521.922,0.6973
mixed,32,29,0.9062,4.0,512,4096,256,1024,952,614.436,638.531,605.73,-0.3613
mixed,32,29,0.9062,4.0,512,4096,512,2048,1904,740.353,765.699,759.203,0.7437
mixed,32,29,0.9062,4.0,512,4096,1024,4096,3808,1094.08,1162.62,1149.7,0.8114
mixed,32,29,0.9062,4.0,512,4096,2048,8192,7616,2104.58,2471.79,2041.99,-0.1705
mixed,32,29,0.9062,4.0,512,4096,4096,16384,15232,4361.97,4765.87,4617.87,0.6336
mixed,32,29,0.9062,4.0,512,8192,128,512,476,782.849,814.081,804.162,0.6824
mixed,32,29,0.9062,4.0,512,8192,256,1024,952,917.311,948.963,937.667,0.6431
mixed,32,29,0.9062,4.0,512,8192,512,2048,1904,1156.36,1197.25,1166.47,0.2473
mixed,32,29,0.9062,4.0,512,8192,1024,4096,3808,1434.18,1481.76,1487.08,1.1116
mixed,32,29,0.9062,4.0,512,8192,2048,8192,7616,2263.46,2387.18,2362.38,0.7995
mixed,32,29,0.9062,4.0,512,8192,4096,16384,15232,4830.61,5140.4,4869.1,0.1243
mixed,32,29,0.9062,4.0,1024,0,128,512,476,268.832,284.835,278.817,0.6239
mixed,32,29,0.9062,4.0,1024,0,256,1024,952,369.985,395.072,368.32,-0.0664
mixed,32,29,0.9062,4.0,1024,0,512,2048,1904,573.569,623.65,589.346,0.315
mixed,32,29,0.9062,4.0,1024,0,1024,4096,3808,968.609,1057.73,973.283,0.0524
mixed,32,29,0.9062,4.0,1024,0,2048,8192,7616,1722.79,1853.13,1896.1,1.3297
mixed,32,29,0.9062,4.0,1024,0,4096,16384,15232,3255.47,3487.92,3761.61,2.1774
mixed,32,29,0.9062,4.0,1024,512,128,512,476,336.129,352.001,344,0.4959
mixed,32,29,0.9062,4.0,1024,512,256,1024,952,408.959,438.051,415.586,0.2278
mixed,32,29,0.9062,4.0,1024,512,512,2048,1904,582.785,630.851,642.465,1.2416
mixed,32,29,0.9062,4.0,1024,512,1024,4096,3808,995.138,1070.73,1051.11,0.7404
mixed,32,29,0.9062,4.0,1024,512,2048,8192,7616,1775.85,1900.93,1890.09,0.9133
mixed,32,29,0.9062,4.0,1024,512,4096,16384,15232,3285.67,3638.6,3828.33,1.5376
mixed,32,29,0.9062,4.0,1024,1024,128,512,476,397.183,415.264,407.808,0.5876
mixed,32,29,0.9062,4.0,1024,1024,256,1024,952,477.474,494.113,485.217,0.4654
mixed,32,29,0.9062,4.0,1024,1024,512,2048,1904,627.457,670.914,644.228,0.3859
mixed,32,29,0.9062,4.0,1024,1024,1024,4096,3808,1054.66,1137.51,1105.15,0.6095
mixed,32,29,0.9062,4.0,1024,1024,2048,8192,7616,1901.13,1957.03,1893.19,-0.142
mixed,32,29,0.9062,4.0,1024,1024,4096,16384,15232,3503.21,3591.53,3778.64,3.1184
mixed,32,29,0.9062,4.0,1024,2048,128,512,476,514.53,534.464,533.152,0.9342
mixed,32,29,0.9062,4.0,1024,2048,256,1024,952,602.816,622.302,606.593,0.1938
mixed,32,29,0.9062,4.0,1024,2048,512,2048,1904,735.266,810.563,744.099,0.1173
mixed,32,29,0.9062,4.0,1024,2048,1024,4096,3808,1140.93,1231.56,1149.6,0.0957
mixed,32,29,0.9062,4.0,1024,2048,2048,8192,7616,1978.82,2099.98,1997.22,0.1519
mixed,32,29,0.9062,4.0,1024,2048,4096,16384,15232,3634,3873.39,4025.87,1.6369
mixed,32,29,0.9062,4.0,1024,4096,128,512,476,745.342,761.89,758.755,0.8106
mixed,32,29,0.9062,4.0,1024,4096,256,1024,952,835.393,900.611,843.714,0.1276
mixed,32,29,0.9062,4.0,1024,4096,512,2048,1904,1008.32,1053.35,986.211,-0.4911
mixed,32,29,0.9062,4.0,1024,4096,1024,4096,3808,1313.22,1413.38,1312.42,-0.008
mixed,32,29,0.9062,4.0,1024,4096,2048,8192,7616,2093.93,2417.8,2192.84,0.3054
mixed,32,29,0.9062,4.0,1024,4096,4096,16384,15232,5186,5809.4,5095.83,-0.1447
mixed,32,29,0.9062,4.0,1024,8192,128,512,476,1224.61,1240.04,1237.19,0.8153
mixed,32,29,0.9062,4.0,1024,8192,256,1024,952,1311.2,1312.36,1315.81,3.9991
mixed,32,29,0.9062,4.0,1024,8192,512,2048,1904,1440.74,1490.5,1468.8,0.564
mixed,32,29,0.9062,4.0,1024,8192,1024,4096,3808,1940.2,1928.71,1769.79,
mixed,32,29,0.9062,4.0,1024,8192,2048,8192,7616,2579.72,2749.99,2312.49,-1.5694
mixed,32,29,0.9062,4.0,1024,8192,4096,16384,15232,4719.57,5068.11,5186.03,1.3383
mixed,32,29,0.9062,4.0,2048,0,128,512,476,512.578,528.001,523.649,0.7178
mixed,32,29,0.9062,4.0,2048,0,256,1024,952,591.17,610.498,596.578,0.2798
mixed,32,29,0.9062,4.0,2048,0,512,2048,1904,752.834,800.834,774.595,0.4534
mixed,32,29,0.9062,4.0,2048,0,1024,4096,3808,1160.52,1239.36,1189.92,0.373
mixed,32,29,0.9062,4.0,2048,0,2048,8192,7616,1970.89,2105.77,1998.09,0.2017
mixed,32,29,0.9062,4.0,2048,0,4096,16384,15232,3591.6,3803.24,4045.62,2.1452
mixed,32,29,0.9062,4.0,2048,512,128,512,476,615.329,631.489,628.129,0.7921
mixed,32,29,0.9062,4.0,2048,512,256,1024,952,694.403,715.361,701.153,0.3221
mixed,32,29,0.9062,4.0,2048,512,512,2048,1904,834.562,899.874,859.168,0.3767
mixed,32,29,0.9062,4.0,2048,512,1024,4096,3808,1234.18,1308.77,1268.35,0.4582
mixed,32,29,0.9062,4.0,2048,512,2048,8192,7616,2110.25,2209.73,2082.41,-0.2798
mixed,32,29,0.9062,4.0,2048,512,4096,16384,15232,3702.79,3926.83,4194.6,2.1952
mixed,32,29,0.9062,4.0,2048,1024,128,512,476,716.099,736.288,727.297,0.5547
mixed,32,29,0.9062,4.0,2048,1024,256,1024,952,799.043,815.778,804.899,0.3499
mixed,32,29,0.9062,4.0,2048,1024,512,2048,1904,932.833,971.94,943.042,0.2611
mixed,32,29,0.9062,4.0,2048,1024,1024,4096,3808,1319.65,1392.58,1341.12,0.2945
mixed,32,29,0.9062,4.0,2048,1024,2048,8192,7616,2167.69,2346.66,2195.37,0.1547
mixed,32,29,0.9062,4.0,2048,1024,4096,16384,15232,4385.77,4619.5,4139.28,-1.0546
mixed,32,29,0.9062,4.0,2048,2048,128,512,476,909.893,933.057,955.17,1.9546
mixed,32,29,0.9062,4.0,2048,2048,256,1024,952,997.731,1054.24,1007.07,0.1653
mixed,32,29,0.9062,4.0,2048,2048,512,2048,1904,1148.33,1181.28,1157.73,0.2855
mixed,32,29,0.9062,4.0,2048,2048,1024,4096,3808,1494.37,1569.06,1515.17,0.2785
mixed,32,29,0.9062,4.0,2048,2048,2048,8192,7616,2356.17,2533.96,2368.07,0.0669
mixed,32,29,0.9062,4.0,2048,2048,4096,16384,15232,5545.3,5918.81,5029.46,-1.3811
mixed,32,29,0.9062,4.0,2048,4096,128,512,476,1293.12,1317.64,1311.81,0.7625
mixed,32,29,0.9062,4.0,2048,4096,256,1024,952,1395.01,1414.08,1471.59,4.0154
mixed,32,29,0.9062,4.0,2048,4096,512,2048,1904,1607.2,1577.89,1562.53,
mixed,32,29,0.9062,4.0,2048,4096,1024,4096,3808,1860.74,1930.63,1892.2,0.4501
mixed,32,29,0.9062,4.0,2048,4096,2048,8192,7616,2645.45,2887.66,2689.83,0.1832
mixed,32,29,0.9062,4.0,2048,4096,4096,16384,15232,6184.12,7476.44,6873.82,0.5337
mixed,32,29,0.9062,4.0,2048,8192,128,512,476,2022.5,2153.47,2043.68,0.1617
mixed,32,29,0.9062,4.0,2048,8192,256,1024,952,2144.04,2176.94,2156.32,0.3735
mixed,32,29,0.9062,4.0,2048,8192,512,2048,1904,2362.7,2397.45,2366.21,0.1012
mixed,32,29,0.9062,4.0,2048,8192,1024,4096,3808,2647.53,2710.28,2684.97,0.5966
mixed,32,29,0.9062,4.0,2048,8192,2048,8192,7616,3386.7,3521.58,3471.76,0.6306
mixed,32,29,0.9062,4.0,2048,8192,4096,16384,15232,5013.59,5246.93,5574.19,2.4025
pure,64,1,0.0156,4.0,0,0,128,512,134,79.263,176,88.482,0.0953
pure,64,1,0.0156,4.0,0,0,256,1024,268,110.88,354.913,114.688,0.0156
pure,64,1,0.0156,4.0,0,0,512,2048,536,184.931,638.305,183.391,-0.0034
pure,64,1,0.0156,4.0,0,0,1024,4096,1072,368.001,1173.44,371.551,0.0044
pure,64,1,0.0156,4.0,0,0,2048,8192,2144,665.537,2229.67,663.137,-0.0015
pure,64,1,0.0156,4.0,0,0,4096,16384,4288,1223.36,4331.79,1223.3,-0.0
mixed,64,1,0.0156,4.0,16,0,128,512,134,142.912,298.048,162.305,0.125
mixed,64,1,0.0156,4.0,16,0,256,1024,268,197.121,515.936,239.49,0.1329
mixed,64,1,0.0156,4.0,16,0,512,2048,536,303.328,960.322,394.497,0.1388
mixed,64,1,0.0156,4.0,16,0,1024,4096,1072,518.209,2250.02,705.539,0.1082
mixed,64,1,0.0156,4.0,16,0,2048,8192,2144,967.555,4501.45,1260.8,0.083
mixed,64,1,0.0156,4.0,16,0,4096,16384,4288,2332.87,8912.8,3020.94,0.1046
mixed,64,1,0.0156,4.0,16,512,128,512,134,161.728,288.864,159.424,-0.0181
mixed,64,1,0.0156,4.0,16,512,256,1024,268,203.488,498.016,232.097,0.0971
mixed,64,1,0.0156,4.0,16,512,512,2048,536,295.364,928.036,380.897,0.1352
mixed,64,1,0.0156,4.0,16,512,1024,4096,1072,499.552,2219.34,680.993,0.1055
mixed,64,1,0.0156,4.0,16,512,2048,8192,2144,932.067,4459.64,1251.94,0.0907
mixed,64,1,0.0156,4.0,16,512,4096,16384,4288,2300.04,8841.8,3061.86,0.1165
mixed,64,1,0.0156,4.0,16,1024,128,512,134,192.832,317.024,191.712,-0.009
mixed,64,1,0.0156,4.0,16,1024,256,1024,268,235.554,499.362,233.41,-0.0081
mixed,64,1,0.0156,4.0,16,1024,512,2048,536,322.433,934.723,380.802,0.0953
mixed,64,1,0.0156,4.0,16,1024,1024,4096,1072,503.745,2225.51,682.146,0.1036
mixed,64,1,0.0156,4.0,16,1024,2048,8192,2144,937.187,4451.98,1267.81,0.0941
mixed,64,1,0.0156,4.0,16,1024,4096,16384,4288,2312.65,8831.23,3038.09,0.1113
mixed,64,1,0.0156,4.0,16,2048,128,512,134,256.769,381.858,254.178,-0.0207
mixed,64,1,0.0156,4.0,16,2048,256,1024,268,298.016,554.05,296.193,-0.0071
mixed,64,1,0.0156,4.0,16,2048,512,2048,536,383.266,939.074,383.587,0.0006
mixed,64,1,0.0156,4.0,16,2048,1024,4096,1072,554.689,2208.87,684.353,0.0784
mixed,64,1,0.0156,4.0,16,2048,2048,8192,2144,942.53,4467.09,1287.39,0.0978
mixed,64,1,0.0156,4.0,16,2048,4096,16384,4288,2308.1,8916.67,3020.36,0.1078
mixed,64,1,0.0156,4.0,16,4096,128,512,134,379.328,505.632,377.41,-0.0152
mixed,64,1,0.0156,4.0,16,4096,256,1024,268,422.881,685.889,419.745,-0.0119
mixed,64,1,0.0156,4.0,16,4096,512,2048,536,510.402,1021.95,508.705,-0.0033
mixed,64,1,0.0156,4.0,16,4096,1024,4096,1072,687.553,2270.7,690.434,0.0018
mixed,64,1,0.0156,4.0,16,4096,2048,8192,2144,1018.79,4640.37,1311.01,0.0807
mixed,64,1,0.0156,4.0,16,4096,4096,16384,4288,2373.42,9381.51,3176.91,0.1147
mixed,64,1,0.0156,4.0,16,8192,128,512,134,654.051,787.841,646.466,-0.0567
mixed,64,1,0.0156,4.0,16,8192,256,1024,268,693.635,966.691,691.683,-0.0071
mixed,64,1,0.0156,4.0,16,8192,512,2048,536,791.139,1336.93,786.85,-0.0079
mixed,64,1,0.0156,4.0,16,8192,1024,4096,1072,971.265,2582.89,974.498,0.002
mixed,64,1,0.0156,4.0,16,8192,2048,8192,2144,1333.03,4567.73,1371.91,0.012
mixed,64,1,0.0156,4.0,16,8192,4096,16384,4288,2673.19,9421.06,3170.83,0.0737
mixed,64,1,0.0156,4.0,32,0,128,512,134,142.752,298.977,162.273,0.125
mixed,64,1,0.0156,4.0,32,0,256,1024,268,196.896,517.091,239.808,0.134
mixed,64,1,0.0156,4.0,32,0,512,2048,536,303.233,962.562,391.553,0.134
mixed,64,1,0.0156,4.0,32,0,1024,4096,1072,518.434,2255.14,702.115,0.1058
mixed,64,1,0.0156,4.0,32,0,2048,8192,2144,970.305,4505.33,1311.78,0.0966
mixed,64,1,0.0156,4.0,32,0,4096,16384,4288,2316.42,8970.79,3106.03,0.1187
mixed,64,1,0.0156,4.0,32,512,128,512,134,169.281,300.352,166.655,-0.02
mixed,64,1,0.0156,4.0,32,512,256,1024,268,212.928,515.521,242.273,0.097
mixed,64,1,0.0156,4.0,32,512,512,2048,536,305.89,957.797,395.457,0.1374
mixed,64,1,0.0156,4.0,32,512,1024,4096,1072,518.85,2262.72,705.539,0.1071
mixed,64,1,0.0156,4.0,32,512,2048,8192,2144,966.658,4512.88,1309.19,0.0966
mixed,64,1,0.0156,4.0,32,512,4096,16384,4288,2334.25,8936.52,3125.39,0.1198
mixed,64,1,0.0156,4.0,32,1024,128,512,134,202.944,328.993,200.095,-0.0226
mixed,64,1,0.0156,4.0,32,1024,256,1024,268,244.641,516.738,244.736,0.0003
mixed,64,1,0.0156,4.0,32,1024,512,2048,536,335.488,968.066,395.554,0.095
mixed,64,1,0.0156,4.0,32,1024,1024,4096,1072,521.119,2266.44,708.931,0.1076
mixed,64,1,0.0156,4.0,32,1024,2048,8192,2144,973.826,4514.45,1325.54,0.0993
mixed,64,1,0.0156,4.0,32,1024,4096,16384,4288,2344.1,8920.26,3117.42,0.1176
mixed,64,1,0.0156,4.0,32,2048,128,512,134,266.658,397.633,264.866,-0.0137
mixed,64,1,0.0156,4.0,32,2048,256,1024,268,312.002,577.954,309.123,-0.0108
mixed,64,1,0.0156,4.0,32,2048,512,2048,536,402.403,972.707,399.554,-0.005
mixed,64,1,0.0156,4.0,32,2048,1024,4096,1072,580.035,2243.3,708.864,0.0775
mixed,64,1,0.0156,4.0,32,2048,2048,8192,2144,975.65,4529.17,1339.52,0.1024
mixed,64,1,0.0156,4.0,32,2048,4096,16384,4288,2338.44,8979.33,3092.04,0.1135
mixed,64,1,0.0156,4.0,32,4096,128,512,134,394.466,527.841,393.473,-0.0074
mixed,64,1,0.0156,4.0,32,4096,256,1024,268,440.225,710.211,440.45,0.0008
mixed,64,1,0.0156,4.0,32,4096,512,2048,536,534.882,1067.11,532.098,-0.0052
mixed,64,1,0.0156,4.0,32,4096,1024,4096,1072,712.066,2304.78,717.219,0.0032
mixed,64,1,0.0156,4.0,32,4096,2048,8192,2144,1063.87,4675.54,1358.72,0.0816
mixed,64,1,0.0156,4.0,32,4096,4096,16384,4288,2386.82,9374.47,3137.16,0.1074
mixed,64,1,0.0156,4.0,32,8192,128,512,134,648.545,786.08,646.496,-0.0149
mixed,64,1,0.0156,4.0,32,8192,256,1024,268,699.681,969.124,698.179,-0.0056
mixed,64,1,0.0156,4.0,32,8192,512,2048,536,786.402,1346.12,787.904,0.0027
mixed,64,1,0.0156,4.0,32,8192,1024,4096,1072,968.58,2577.99,975.972,0.0046
mixed,64,1,0.0156,4.0,32,8192,2048,8192,2144,1333.77,4587.86,1370.31,0.0112
mixed,64,1,0.0156,4.0,32,8192,4096,16384,4288,2625.96,9452.55,3168.46,0.0795
mixed,64,1,0.0156,4.0,64,0,128,512,134,142.912,299.588,163.168,0.1293
mixed,64,1,0.0156,4.0,64,0,256,1024,268,197.344,517.059,240.672,0.1355
mixed,64,1,0.0156,4.0,64,0,512,2048,536,305.12,964.613,393.826,0.1345
mixed,64,1,0.0156,4.0,64,0,1024,4096,1072,519.427,2261.48,705.058,0.1066
mixed,64,1,0.0156,4.0,64,0,2048,8192,2144,972.58,4514.61,1302.6,0.0932
mixed,64,1,0.0156,4.0,64,0,4096,16384,4288,2330.66,8939.81,3104.78,0.1171
mixed,64,1,0.0156,4.0,64,512,128,512,134,170.401,303.361,167.424,-0.0224
mixed,64,1,0.0156,4.0,64,512,256,1024,268,213.633,517.921,242.882,0.0961
mixed,64,1,0.0156,4.0,64,512,512,2048,536,307.009,962.5,395.331,0.1347
mixed,64,1,0.0156,4.0,64,512,1024,4096,1072,519.967,2262.66,706.883,0.1073
mixed,64,1,0.0156,4.0,64,512,2048,8192,2144,970.274,4515.28,1314.56,0.0971
mixed,64,1,0.0156,4.0,64,512,4096,16384,4288,2344.01,8964.61,3127.47,0.1183
mixed,64,1,0.0156,4.0,64,1024,128,512,134,203.52,331.234,200.865,-0.0208
mixed,64,1,0.0156,4.0,64,1024,256,1024,268,246.977,518.85,245.951,-0.0038
mixed,64,1,0.0156,4.0,64,1024,512,2048,536,337.058,968.419,395.042,0.0918
mixed,64,1,0.0156,4.0,64,1024,1024,4096,1072,523.009,2265.48,708.609,0.1065
mixed,64,1,0.0156,4.0,64,1024,2048,8192,2144,975.748,4466.29,1317.6,0.0979
mixed,64,1,0.0156,4.0,64,1024,4096,16384,4288,2352.33,8997.28,3097.83,0.1122
mixed,64,1,0.0156,4.0,64,2048,128,512,134,266.689,398.625,265.762,-0.007
mixed,64,1,0.0156,4.0,64,2048,256,1024,268,313.825,580.45,313.153,-0.0025
mixed,64,1,0.0156,4.0,64,2048,512,2048,536,404,977.894,403.139,-0.0015
mixed,64,1,0.0156,4.0,64,2048,1024,4096,1072,578.884,2253.19,711.394,0.0791
mixed,64,1,0.0156,4.0,64,2048,2048,8192,2144,980.803,4493.36,1337.95,0.1017
mixed,64,1,0.0156,4.0,64,2048,4096,16384,4288,2344.26,8999.71,3098.09,0.1133
mixed,64,1,0.0156,4.0,64,4096,128,512,134,397.313,529.346,394.019,-0.0249
mixed,64,1,0.0156,4.0,64,4096,256,1024,268,440.417,709.921,439.201,-0.0045
mixed,64,1,0.0156,4.0,64,4096,512,2048,536,536.45,1069.96,533.185,-0.0061
mixed,64,1,0.0156,4.0,64,4096,1024,4096,1072,715.652,2305.13,717.859,0.0014
mixed,64,1,0.0156,4.0,64,4096,2048,8192,2144,1072.87,4672.88,1360.96,0.08
mixed,64,1,0.0156,4.0,64,4096,4096,16384,4288,2381.45,9430.18,3182.64,0.1137
mixed,64,1,0.0156,4.0,64,8192,128,512,134,657.187,785.219,650.595,-0.0515
mixed,64,1,0.0156,4.0,64,8192,256,1024,268,694.016,971.49,695.331,0.0047
mixed,64,1,0.0156,4.0,64,8192,512,2048,536,795.713,1334.12,789.666,-0.0112
mixed,64,1,0.0156,4.0,64,8192,1024,4096,1072,978.118,2585.19,975.842,-0.0014
mixed,64,1,0.0156,4.0,64,8192,2048,8192,2144,1338.69,4590.35,1376.84,0.0117
mixed,64,1,0.0156,4.0,64,8192,4096,16384,4288,2678.54,9471.75,3181.58,0.0741
mixed,64,1,0.0156,4.0,128,0,128,512,134,151.231,308.098,168.096,0.1075
mixed,64,1,0.0156,4.0,128,0,256,1024,268,205.12,525.697,245.057,0.1246
mixed,64,1,0.0156,4.0,128,0,512,2048,536,311.872,972.163,402.752,0.1376
mixed,64,1,0.0156,4.0,128,0,1024,4096,1072,526.336,2263.68,712.738,0.1073
mixed,64,1,0.0156,4.0,128,0,2048,8192,2144,979.172,4510.58,1326.56,0.0984
mixed,64,1,0.0156,4.0,128,0,4096,16384,4288,2348.65,8975.08,3131.69,0.1182
mixed,64,1,0.0156,4.0,128,512,128,512,134,177.568,309.057,175.393,-0.0165
mixed,64,1,0.0156,4.0,128,512,256,1024,268,222.081,524.355,250.72,0.0947
mixed,64,1,0.0156,4.0,128,512,512,2048,536,316.45,970.948,403.489,0.133
mixed,64,1,0.0156,4.0,128,512,1024,4096,1072,525.537,2266.76,716.065,0.1094
mixed,64,1,0.0156,4.0,128,512,2048,8192,2144,972.515,4524.91,1319.49,0.0977
mixed,64,1,0.0156,4.0,128,512,4096,16384,4288,2350.31,8962.72,3093.77,0.1124
mixed,64,1,0.0156,4.0,128,1024,128,512,134,214.048,340.289,211.554,-0.0198
mixed,64,1,0.0156,4.0,128,1024,256,1024,268,254.817,527.969,254.752,-0.0002
mixed,64,1,0.0156,4.0,128,1024,512,2048,536,345.312,974.947,404.29,0.0937
mixed,64,1,0.0156,4.0,128,1024,1024,4096,1072,531.971,2261.54,716.547,0.1067
mixed,64,1,0.0156,4.0,128,1024,2048,8192,2144,980.515,4522.07,1328.68,0.0983
mixed,64,1,0.0156,4.0,128,1024,4096,16384,4288,2353.83,8962.02,3129.99,0.1175
mixed,64,1,0.0156,4.0,128,2048,128,512,134,279.81,410.145,277.762,-0.0157
mixed,64,1,0.0156,4.0,128,2048,256,1024,268,323.107,590.722,321.119,-0.0074
mixed,64,1,0.0156,4.0,128,2048,512,2048,536,414.115,982.851,412.929,-0.0021
mixed,64,1,0.0156,4.0,128,2048,1024,4096,1072,595.17,2244.42,729.347,0.0814
mixed,64,1,0.0156,4.0,128,2048,2048,8192,2144,991.812,4533.62,1366.34,0.1057
mixed,64,1,0.0156,4.0,128,2048,4096,16384,4288,2346.09,8998.21,3090.6,0.1119
mixed,64,1,0.0156,4.0,128,4096,128,512,134,406.816,544.514,408.865,0.0149
mixed,64,1,0.0156,4.0,128,4096,256,1024,268,451.522,730.338,452.033,0.0018
mixed,64,1,0.0156,4.0,128,4096,512,2048,536,544.994,1090.24,548.577,0.0066
mixed,64,1,0.0156,4.0,128,4096,1024,4096,1072,734.434,2322.73,745.058,0.0067
mixed,64,1,0.0156,4.0,128,4096,2048,8192,2144,1092.26,4872.27,1374.79,0.0747
mixed,64,1,0.0156,4.0,128,4096,4096,16384,4288,2410.47,9910.25,3140.36,0.0973
mixed,64,1,0.0156,4.0,128,8192,128,512,134,663.139,805.377,666.979,0.027
mixed,64,1,0.0156,4.0,128,8192,256,1024,268,709.027,991.234,713.665,0.0164
mixed,64,1,0.0156,4.0,128,8192,512,2048,536,808.707,1377.48,808.354,-0.0006
mixed,64,1,0.0156,4.0,128,8192,1024,4096,1072,992.003,2600.94,1004.58,0.0078
mixed,64,1,0.0156,4.0,128,8192,2048,8192,2144,1380.07,4611.28,1391.88,0.0037
mixed,64,1,0.0156,4.0,128,8192,4096,16384,4288,2665.99,10065.8,3202.86,0.0726
mixed,64,1,0.0156,4.0,256,0,128,512,134,170.274,321.92,184.769,0.0956
mixed,64,1,0.0156,4.0,256,0,256,1024,268,222.272,534.594,260.256,0.1216
mixed,64,1,0.0156,4.0,256,0,512,2048,536,325.123,973.665,413.218,0.1358
mixed,64,1,0.0156,4.0,256,0,1024,4096,1072,536.802,2264.68,720.482,0.1063
mixed,64,1,0.0156,4.0,256,0,2048,8192,2144,979.651,4517.33,1334.53,0.1003
mixed,64,1,0.0156,4.0,256,0,4096,16384,4288,2335.88,8945.92,3117.51,0.1182
mixed,64,1,0.0156,4.0,256,512,128,512,134,206.241,329.632,205.762,-0.0039
mixed,64,1,0.0156,4.0,256,512,256,1024,268,248.288,536.993,269.504,0.0735
mixed,64,1,0.0156,4.0,256,512,512,2048,536,332.674,977.923,420.001,0.1353
mixed,64,1,0.0156,4.0,256,512,1024,4096,1072,527.199,2244.84,729.956,0.118
mixed,64,1,0.0156,4.0,256,512,2048,8192,2144,977.219,4495.47,1328.67,0.0999
mixed,64,1,0.0156,4.0,256,512,4096,16384,4288,2347.82,8961.12,3119.75,0.1167
mixed,64,1,0.0156,4.0,256,1024,128,512,134,246.465,366.465,244.992,-0.0123
mixed,64,1,0.0156,4.0,256,1024,256,1024,268,290.496,548.514,291.811,0.0051
mixed,64,1,0.0156,4.0,256,1024,512,2048,536,364.002,977.86,424.129,0.0979
mixed,64,1,0.0156,4.0,256,1024,1024,4096,1072,548.673,2259.08,735.811,0.1094
mixed,64,1,0.0156,4.0,256,1024,2048,8192,2144,987.235,4526.16,1353.03,0.1034
mixed,64,1,0.0156,4.0,256,1024,4096,16384,4288,2356.42,8985,3109.1,0.1135
mixed,64,1,0.0156,4.0,256,2048,128,512,134,320.225,446.721,322.431,0.0174
mixed,64,1,0.0156,4.0,256,2048,256,1024,268,369.857,633.474,368.353,-0.0057
mixed,64,1,0.0156,4.0,256,2048,512,2048,536,446.179,989.027,461.987,0.0291
mixed,64,1,0.0156,4.0,256,2048,1024,4096,1072,638.881,2228.42,754.147,0.0725
mixed,64,1,0.0156,4.0,256,2048,2048,8192,2144,997.859,4561.2,1369.86,0.1044
mixed,64,1,0.0156,4.0,256,2048,4096,16384,4288,2370.25,8993.12,3027.76,0.0993
mixed,64,1,0.0156,4.0,256,4096,128,512,134,450.017,603.711,448.706,-0.0085
mixed,64,1,0.0156,4.0,256,4096,256,1024,268,504.099,782.691,504.641,0.0019
mixed,64,1,0.0156,4.0,256,4096,512,2048,536,610.081,1132.68,605.025,-0.0097
mixed,64,1,0.0156,4.0,256,4096,1024,4096,1072,797.217,2363.37,808.676,0.0073
mixed,64,1,0.0156,4.0,256,4096,2048,8192,2144,1141.03,5350.48,1392.74,0.0598
mixed,64,1,0.0156,4.0,256,4096,4096,16384,4288,2439.34,11235.7,3155.11,0.0814
mixed,64,1,0.0156,4.0,256,8192,128,512,134,711.779,859.65,712.642,0.0058
mixed,64,1,0.0156,4.0,256,8192,256,1024,268,765.73,1092.74,762.273,-0.0106
mixed,64,1,0.0156,4.0,256,8192,512,2048,536,870.915,1470.85,867.618,-0.0055
mixed,64,1,0.0156,4.0,256,8192,1024,4096,1072,1100.23,2616.39,1097.51,-0.0018
mixed,64,1,0.0156,4.0,256,8192,2048,8192,2144,1482.44,4646.77,1436.04,-0.0147
mixed,64,1,0.0156,4.0,256,8192,4096,16384,4288,2634.73,11155,3074.19,0.0516
mixed,64,1,0.0156,4.0,512,0,128,512,134,209.216,350.368,214.339,0.0363
mixed,64,1,0.0156,4.0,512,0,256,1024,268,254.786,550.016,287.393,0.1104
mixed,64,1,0.0156,4.0,512,0,512,2048,536,353.312,962.083,429.986,0.1259
mixed,64,1,0.0156,4.0,512,0,1024,4096,1072,555.362,2255.85,730.114,0.1028
mixed,64,1,0.0156,4.0,512,0,2048,8192,2144,971.427,4485.65,1332.29,0.1027
mixed,64,1,0.0156,4.0,512,0,4096,16384,4288,2372.93,8958.44,3148.39,0.1178
mixed,64,1,0.0156,4.0,512,512,128,512,134,268.258,391.873,267.458,-0.0065
mixed,64,1,0.0156,4.0,512,512,256,1024,268,313.697,602.561,320.064,0.022
mixed,64,1,0.0156,4.0,512,512,512,2048,536,396.354,1010.79,472.259,0.1235
mixed,64,1,0.0156,4.0,512,512,1024,4096,1072,609.028,2292.23,776.802,0.0997
mixed,64,1,0.0156,4.0,512,512,2048,8192,2144,1016.13,4508.63,1326.79,0.089
mixed,64,1,0.0156,4.0,512,512,4096,16384,4288,2351.72,8970.28,3145.32,0.1199
mixed,64,1,0.0156,4.0,512,1024,128,512,134,317.056,443.777,317.023,-0.0003
mixed,64,1,0.0156,4.0,512,1024,256,1024,268,361.121,632.578,364.161,0.0112
mixed,64,1,0.0156,4.0,512,1024,512,2048,536,447.938,1031.17,487.235,0.0674
mixed,64,1,0.0156,4.0,512,1024,1024,4096,1072,641.444,2283.4,790.627,0.0909
mixed,64,1,0.0156,4.0,512,1024,2048,8192,2144,1037.54,4544.24,1360.74,0.0922
mixed,64,1,0.0156,4.0,512,1024,4096,16384,4288,2353,8988.23,3125.1,0.1164
mixed,64,1,0.0156,4.0,512,2048,128,512,134,391.424,520.224,392.389,0.0075
mixed,64,1,0.0156,4.0,512,2048,256,1024,268,439.617,697.57,439.874,0.001
mixed,64,1,0.0156,4.0,512,2048,512,2048,536,522.656,1057.41,524.291,0.0031
mixed,64,1,0.0156,4.0,512,2048,1024,4096,1072,700.225,2264.11,802.786,0.0656
mixed,64,1,0.0156,4.0,512,2048,2048,8192,2144,1065,4600.91,1376.07,0.088
mixed,64,1,0.0156,4.0,512,2048,4096,16384,4288,2430.06,9041.86,3064.78,0.096
mixed,64,1,0.0156,4.0,512,4096,128,512,134,549.378,700.387,547.042,-0.0155
mixed,64,1,0.0156,4.0,512,4096,256,1024,268,609.473,878.626,611.458,0.0074
mixed,64,1,0.0156,4.0,512,4096,512,2048,536,696.164,1209,693.953,-0.0043
mixed,64,1,0.0156,4.0,512,4096,1024,4096,1072,884.32,2560.3,889.507,0.0031
mixed,64,1,0.0156,4.0,512,4096,2048,8192,2144,1225.96,6265.72,1458.79,0.0462
mixed,64,1,0.0156,4.0,512,4096,4096,16384,4288,2644.78,13501.2,3118.32,0.0436
mixed,64,1,0.0156,4.0,512,8192,128,512,134,833.827,1040.87,827.715,-0.0295
mixed,64,1,0.0156,4.0,512,8192,256,1024,268,902.851,1282.31,883.939,-0.0498
mixed,64,1,0.0156,4.0,512,8192,512,2048,536,1043.4,1636.13,1055.49,0.0204
mixed,64,1,0.0156,4.0,512,8192,1024,4096,1072,1285.73,2833.1,1278.21,-0.0049
mixed,64,1,0.0156,4.0,512,8192,2048,8192,2144,1646.72,5160.4,1667.68,0.006
mixed,64,1,0.0156,4.0,512,8192,4096,16384,4288,2873.16,13183.6,3444.2,0.0554
mixed,64,1,0.0156,4.0,1024,0,128,512,134,338.084,461.6,327.905,-0.0824
mixed,64,1,0.0156,4.0,1024,0,256,1024,268,364.545,650.435,385.633,0.0738
mixed,64,1,0.0156,4.0,1024,0,512,2048,536,466.944,1089.64,517.666,0.0815
mixed,64,1,0.0156,4.0,1024,0,1024,4096,1072,654.754,2359.37,851.906,0.1157
mixed,64,1,0.0156,4.0,1024,0,2048,8192,2144,1097.57,4634.74,1454.82,0.101
mixed,64,1,0.0156,4.0,1024,0,4096,16384,4288,2444.33,9068.77,3176.52,0.1105
mixed,64,1,0.0156,4.0,1024,512,128,512,134,395.008,514.113,388.161,-0.0575
mixed,64,1,0.0156,4.0,1024,512,256,1024,268,450.338,716.354,453.088,0.0103
mixed,64,1,0.0156,4.0,1024,512,512,2048,536,537.602,1103.04,578.755,0.0728
mixed,64,1,0.0156,4.0,1024,512,1024,4096,1072,713.217,2344.04,856.805,0.088
mixed,64,1,0.0156,4.0,1024,512,2048,8192,2144,1095.01,4576.98,1432.33,0.0969
mixed,64,1,0.0156,4.0,1024,512,4096,16384,4288,2465.51,9095.71,3183.24,0.1083
mixed,64,1,0.0156,4.0,1024,1024,128,512,134,472.769,603.394,469.537,-0.0247
mixed,64,1,0.0156,4.0,1024,1024,256,1024,268,501.217,752.515,498.529,-0.0107
mixed,64,1,0.0156,4.0,1024,1024,512,2048,536,582.049,1127.59,591.232,0.0168
mixed,64,1,0.0156,4.0,1024,1024,1024,4096,1072,773.379,2370.63,933.762,0.1004
mixed,64,1,0.0156,4.0,1024,1024,2048,8192,2144,1137.57,4634.23,1456.1,0.0911
mixed,64,1,0.0156,4.0,1024,1024,4096,16384,4288,2450.73,9094.31,3162,0.1071
mixed,64,1,0.0156,4.0,1024,2048,128,512,134,569.92,719.139,577.472,0.0506
mixed,64,1,0.0156,4.0,1024,2048,256,1024,268,622.978,886.339,618.017,-0.0188
mixed,64,1,0.0156,4.0,1024,2048,512,2048,536,708.704,1206.66,710.338,0.0033
mixed,64,1,0.0156,4.0,1024,2048,1024,4096,1072,931.234,2464.26,1007.59,0.0498
mixed,64,1,0.0156,4.0,1024,2048,2048,8192,2144,1261.92,5384.44,1588.81,0.0793
mixed,64,1,0.0156,4.0,1024,2048,4096,16384,4288,2740.49,10250.3,3243.78,0.067
mixed,64,1,0.0156,4.0,1024,4096,128,512,134,838.786,987.812,833.922,-0.0326
mixed,64,1,0.0156,4.0,1024,4096,256,1024,268,889.187,1177.54,893.858,0.0162
mixed,64,1,0.0156,4.0,1024,4096,512,2048,536,985.155,1486.28,1001.51,0.0326
mixed,64,1,0.0156,4.0,1024,4096,1024,4096,1072,1190.6,2642.03,1166.18,-0.0168
mixed,64,1,0.0156,4.0,1024,4096,2048,8192,2144,1556.2,7187.01,1764.13,0.0369
mixed,64,1,0.0156,4.0,1024,4096,4096,16384,4288,2713.51,15746.9,3424.39,0.0545
mixed,64,1,0.0156,4.0,1024,8192,128,512,134,1274.4,1431.43,1279.97,0.0355
mixed,64,1,0.0156,4.0,1024,8192,256,1024,268,1318.53,1621.96,1323.88,0.0176
mixed,64,1,0.0156,4.0,1024,8192,512,2048,536,1418.34,2004.58,1491.17,0.1242
mixed,64,1,0.0156,4.0,1024,8192,1024,4096,1072,1690.18,2791.43,1638.28,-0.0471
mixed,64,1,0.0156,4.0,1024,8192,2048,8192,2144,2008.55,5158.23,2122.98,0.0363
mixed,64,1,0.0156,4.0,1024,8192,4096,16384,4288,2772.2,15460.6,3218.92,0.0352
mixed,64,1,0.0156,4.0,2048,0,128,512,134,611.714,732.547,631.619,0.1647
mixed,64,1,0.0156,4.0,2048,0,256,1024,268,651.809,941.73,653.731,0.0066
mixed,64,1,0.0156,4.0,2048,0,512,2048,536,762.019,1348.01,747.716,-0.0244
mixed,64,1,0.0156,4.0,2048,0,1024,4096,1072,910.949,2417.51,1046.18,0.0898
mixed,64,1,0.0156,4.0,2048,0,2048,8192,2144,1356.29,5019.89,1645.19,0.0789
mixed,64,1,0.0156,4.0,2048,0,4096,16384,4288,2649.77,9475.46,3161.35,0.0749
mixed,64,1,0.0156,4.0,2048,512,128,512,134,710.145,839.716,710.498,0.0027
mixed,64,1,0.0156,4.0,2048,512,256,1024,268,757.763,1012.26,785.026,0.1071
mixed,64,1,0.0156,4.0,2048,512,512,2048,536,842.371,1377.09,861.986,0.0367
mixed,64,1,0.0156,4.0,2048,512,1024,4096,1072,1061.86,2418.44,1125.89,0.0472
mixed,64,1,0.0156,4.0,2048,512,2048,8192,2144,1388.16,5442.35,1710.18,0.0794
mixed,64,1,0.0156,4.0,2048,512,4096,16384,4288,2706.83,10516.2,3158.12,0.0578
mixed,64,1,0.0156,4.0,2048,1024,128,512,134,817.221,939.203,849.476,0.2644
mixed,64,1,0.0156,4.0,2048,1024,256,1024,268,898.434,1114.15,859.459,-0.1807
mixed,64,1,0.0156,4.0,2048,1024,512,2048,536,942.149,1460.1,949.507,0.0142
mixed,64,1,0.0156,4.0,2048,1024,1024,4096,1072,1116.1,2542.89,1235.43,0.0836
mixed,64,1,0.0156,4.0,2048,1024,2048,8192,2144,1531.01,5808.6,1814.06,0.0662
mixed,64,1,0.0156,4.0,2048,1024,4096,16384,4288,2785.16,12021.1,3229.87,0.0481
mixed,64,1,0.0156,4.0,2048,2048,128,512,134,1016.77,1139.4,1034.63,0.1456
mixed,64,1,0.0156,4.0,2048,2048,256,1024,268,1078.76,1317.19,1061.22,-0.0736
mixed,64,1,0.0156,4.0,2048,2048,512,2048,536,1151.33,1658.34,1151.97,0.0013
mixed,64,1,0.0156,4.0,2048,2048,1024,4096,1072,1326.91,2432.07,1341.93,0.0136
mixed,64,1,0.0156,4.0,2048,2048,2048,8192,2144,1660.84,7107.61,1941.29,0.0515
mixed,64,1,0.0156,4.0,2048,2048,4096,16384,4288,2496.71,14936.6,3161.23,0.0534
mixed,64,1,0.0156,4.0,2048,4096,128,512,134,1394.82,1543.82,1404.04,0.0619
mixed,64,1,0.0156,4.0,2048,4096,256,1024,268,1453.61,1719.3,1448.48,-0.0193
mixed,64,1,0.0156,4.0,2048,4096,512,2048,536,1551.43,2057.74,1628.71,0.1526
mixed,64,1,0.0156,4.0,2048,4096,1024,4096,1072,1722.66,2905.58,1813.13,0.0765
mixed,64,1,0.0156,4.0,2048,4096,2048,8192,2144,2073.19,7758.78,2227.94,0.0272
mixed,64,1,0.0156,4.0,2048,4096,4096,16384,4288,2984.24,16154.8,3768.68,0.0596
mixed,64,1,0.0156,4.0,2048,8192,128,512,134,2134.54,2301.19,2135.14,0.0036
mixed,64,1,0.0156,4.0,2048,8192,256,1024,268,2192.9,2510.12,2197.25,0.0137
mixed,64,1,0.0156,4.0,2048,8192,512,2048,536,2419.66,3018.28,2309.28,-0.1844
mixed,64,1,0.0156,4.0,2048,8192,1024,4096,1072,2575.47,3760.46,2656.13,0.0681
mixed,64,1,0.0156,4.0,2048,8192,2048,8192,2144,2972.46,5663.48,3078.19,0.0393
mixed,64,1,0.0156,4.0,2048,8192,4096,16384,4288,3829.13,15762.8,4260.18,0.0361
pure,64,2,0.0312,4.0,0,0,128,512,140,78.944,176.288,90.08,0.1144
pure,64,2,0.0312,4.0,0,0,256,1024,280,111.489,354.72,116.705,0.0214
pure,64,2,0.0312,4.0,0,0,512,2048,560,190.723,635.712,191.104,0.0009
pure,64,2,0.0312,4.0,0,0,1024,4096,1120,382.111,1173.28,384.386,0.0029
pure,64,2,0.0312,4.0,0,0,2048,8192,2240,688.288,2233.67,686.692,-0.001
pure,64,2,0.0312,4.0,0,0,4096,16384,4480,1261.86,4330.26,1272.01,0.0033
mixed,64,2,0.0312,4.0,16,0,128,512,140,137.184,287.616,157.217,0.1332
mixed,64,2,0.0312,4.0,16,0,256,1024,280,198.21,503.426,242.498,0.1451
mixed,64,2,0.0312,4.0,16,0,512,2048,560,306.754,960.483,396.13,0.1367
mixed,64,2,0.0312,4.0,16,0,1024,4096,1120,516.672,2249.26,709.443,0.1113
mixed,64,2,0.0312,4.0,16,0,2048,8192,2240,1016.29,4510.7,1360.64,0.0985
mixed,64,2,0.0312,4.0,16,0,4096,16384,4480,2481.83,8916.83,3191.82,0.1103
mixed,64,2,0.0312,4.0,16,512,128,512,140,168.449,301.378,167.33,-0.0084
mixed,64,2,0.0312,4.0,16,512,256,1024,280,213.533,515.267,244.065,0.1012
mixed,64,2,0.0312,4.0,16,512,512,2048,560,309.952,959.654,400.417,0.1392
mixed,64,2,0.0312,4.0,16,512,1024,4096,1120,522.72,2251.05,711.106,0.109
mixed,64,2,0.0312,4.0,16,512,2048,8192,2240,1017.67,4504.56,1355.53,0.0969
mixed,64,2,0.0312,4.0,16,512,4096,16384,4480,2479.82,8921.6,3195.34,0.1111
mixed,64,2,0.0312,4.0,16,1024,128,512,140,202.175,329.921,201.185,-0.0077
mixed,64,2,0.0312,4.0,16,1024,256,1024,280,246.719,517.44,244.897,-0.0067
mixed,64,2,0.0312,4.0,16,1024,512,2048,560,338.818,963.812,401.41,0.1001
mixed,64,2,0.0312,4.0,16,1024,1024,4096,1120,523.298,2259.21,715.522,0.1107
mixed,64,2,0.0312,4.0,16,1024,2048,8192,2240,1017.19,4510.99,1358.82,0.0978
mixed,64,2,0.0312,4.0,16,1024,4096,16384,4480,2488.68,8947.81,3185.67,0.1079
mixed,64,2,0.0312,4.0,16,2048,128,512,140,266.562,396.962,266.433,-0.001
mixed,64,2,0.0312,4.0,16,2048,256,1024,280,310.241,578.369,310.976,0.0027
mixed,64,2,0.0312,4.0,16,2048,512,2048,560,404.095,971.875,401.505,-0.0046
mixed,64,2,0.0312,4.0,16,2048,1024,4096,1120,582.5,2248.04,719.522,0.0823
mixed,64,2,0.0312,4.0,16,2048,2048,8192,2240,1024.32,4510,1370.34,0.0993
mixed,64,2,0.0312,4.0,16,2048,4096,16384,4480,2484.36,8937.92,3188.49,0.1091
mixed,64,2,0.0312,4.0,16,4096,128,512,140,392.704,525.057,394.913,0.0167
mixed,64,2,0.0312,4.0,16,4096,256,1024,280,441.824,709.698,438.85,-0.0111
mixed,64,2,0.0312,4.0,16,4096,512,2048,560,536.865,1061.25,534.273,-0.0049
mixed,64,2,0.0312,4.0,16,4096,1024,4096,1120,708.675,2299.02,728.707,0.0126
mixed,64,2,0.0312,4.0,16,4096,2048,8192,2240,1112.19,4671.19,1376.55,0.0743
mixed,64,2,0.0312,4.0,16,4096,4096,16384,4480,2512.87,9369.7,3275.24,0.1112
mixed,64,2,0.0312,4.0,16,8192,128,512,140,650.307,787.874,645.921,-0.0319
mixed,64,2,0.0312,4.0,16,8192,256,1024,280,690.178,966.883,697.825,0.0276
mixed,64,2,0.0312,4.0,16,8192,512,2048,560,793.41,1333.86,794.115,0.0013
mixed,64,2,0.0312,4.0,16,8192,1024,4096,1120,976.259,2580.11,988.163,0.0074
mixed,64,2,0.0312,4.0,16,8192,2048,8192,2240,1379.49,4572.27,1384.84,0.0017
mixed,64,2,0.0312,4.0,16,8192,4096,16384,4480,2799.24,9477.99,3289.55,0.0734
mixed,64,2,0.0312,4.0,32,0,128,512,140,142.624,300.161,164.224,0.1371
mixed,64,2,0.0312,4.0,32,0,256,1024,280,198.05,516.513,241.921,0.1378
mixed,64,2,0.0312,4.0,32,0,512,2048,560,306.977,962.563,396.127,0.136
mixed,64,2,0.0312,4.0,32,0,1024,4096,1120,522.401,2257.74,711.171,0.1088
mixed,64,2,0.0312,4.0,32,0,2048,8192,2240,1019.49,4505.33,1359.75,0.0976
mixed,64,2,0.0312,4.0,32,0,4096,16384,4480,2481.64,9053.51,3205.84,0.1102
mixed,64,2,0.0312,4.0,32,512,128,512,140,168.609,301.859,167.169,-0.0108
mixed,64,2,0.0312,4.0,32,512,256,1024,280,212.961,516.162,244.224,0.1031
mixed,64,2,0.0312,4.0,32,512,512,2048,560,310.336,955.331,399.073,0.1376
mixed,64,2,0.0312,4.0,32,512,1024,4096,1120,523.267,2258.7,710.05,0.1076
mixed,64,2,0.0312,4.0,32,512,2048,8192,2240,1020.32,4497.1,1353.35,0.0958
mixed,64,2,0.0312,4.0,32,512,4096,16384,4480,2491.08,8945.73,3200.33,0.1099
mixed,64,2,0.0312,4.0,32,1024,128,512,140,202.4,329.888,200.799,-0.0126
mixed,64,2,0.0312,4.0,32,1024,256,1024,280,246.786,516.387,246.4,-0.0014
mixed,64,2,0.0312,4.0,32,1024,512,2048,560,339.041,967.14,399.264,0.0959
mixed,64,2,0.0312,4.0,32,1024,1024,4096,1120,526.272,2260.84,714.627,0.1086
mixed,64,2,0.0312,4.0,32,1024,2048,8192,2240,1020.87,4516.02,1365.06,0.0985
mixed,64,2,0.0312,4.0,32,1024,4096,16384,4480,2483.85,8981,3192.97,0.1091
mixed,64,2,0.0312,4.0,32,2048,128,512,140,268.608,397.888,265.631,-0.023
mixed,64,2,0.0312,4.0,32,2048,256,1024,280,310.943,578.304,311.231,0.0011
mixed,64,2,0.0312,4.0,32,2048,512,2048,560,406.016,973.86,401.793,-0.0074
mixed,64,2,0.0312,4.0,32,2048,1024,4096,1120,584.258,2247.02,719.202,0.0812
mixed,64,2,0.0312,4.0,32,2048,2048,8192,2240,1026.95,4524.66,1371.04,0.0984
mixed,64,2,0.0312,4.0,32,2048,4096,16384,4480,2483.5,8948.58,3180.59,0.1078
mixed,64,2,0.0312,4.0,32,4096,128,512,140,395.841,528.161,393.152,-0.0203
mixed,64,2,0.0312,4.0,32,4096,256,1024,280,442.337,710.339,441.762,-0.0021
mixed,64,2,0.0312,4.0,32,4096,512,2048,560,539.616,1066.82,535.615,-0.0076
mixed,64,2,0.0312,4.0,32,4096,1024,4096,1120,716.129,2310.12,726.786,0.0067
mixed,64,2,0.0312,4.0,32,4096,2048,8192,2240,1113.09,4686.9,1376.77,0.0738
mixed,64,2,0.0312,4.0,32,4096,4096,16384,4480,2519.66,9371.3,3262.03,0.1083
mixed,64,2,0.0312,4.0,32,8192,128,512,140,656.481,785.186,646.946,-0.0741
mixed,64,2,0.0312,4.0,32,8192,256,1024,280,692.771,971.331,696.226,0.0124
mixed,64,2,0.0312,4.0,32,8192,512,2048,560,794.755,1341,793.604,-0.0021
mixed,64,2,0.0312,4.0,32,8192,1024,4096,1120,978.179,2584.36,989.476,0.007
mixed,64,2,0.0312,4.0,32,8192,2048,8192,2240,1376.87,4592.91,1386.12,0.0029
mixed,64,2,0.0312,4.0,32,8192,4096,16384,4480,2802.22,9452.52,3289.9,0.0733
mixed,64,2,0.0312,4.0,64,0,128,512,140,143.487,299.201,164.001,0.1317
mixed,64,2,0.0312,4.0,64,0,256,1024,280,198.112,518.818,241.921,0.1366
mixed,64,2,0.0312,4.0,64,0,512,2048,560,308.192,965.762,398.625,0.1375
mixed,64,2,0.0312,4.0,64,0,1024,4096,1120,524.162,2261.06,711.717,0.108
mixed,64,2,0.0312,4.0,64,0,2048,8192,2240,1019.42,4500.21,1364.8,0.0992
mixed,64,2,0.0312,4.0,64,0,4096,16384,4480,2488.11,8927.62,3205.1,0.1113
mixed,64,2,0.0312,4.0,64,512,128,512,140,169.472,302.24,168.063,-0.0106
mixed,64,2,0.0312,4.0,64,512,256,1024,280,214.786,515.425,243.842,0.0966
mixed,64,2,0.0312,4.0,64,512,512,2048,560,311.842,962.915,400.544,0.1362
mixed,64,2,0.0312,4.0,64,512,1024,4096,1120,524.929,2253.38,712.896,0.1087
mixed,64,2,0.0312,4.0,64,512,2048,8192,2240,1020.52,4516.88,1357.77,0.0965
mixed,64,2,0.0312,4.0,64,512,4096,16384,4480,2489.8,8982.95,3203.31,0.1099
mixed,64,2,0.0312,4.0,64,1024,128,512,140,202.85,333.089,201.728,-0.0086
mixed,64,2,0.0312,4.0,64,1024,256,1024,280,247.552,519.136,244.738,-0.0104
mixed,64,2,0.0312,4.0,64,1024,512,2048,560,340.77,972.164,402.336,0.0975
mixed,64,2,0.0312,4.0,64,1024,1024,4096,1120,527.01,2267.18,716.546,0.1089
mixed,64,2,0.0312,4.0,64,1024,2048,8192,2240,1022.6,4508.92,1366.92,0.0988
mixed,64,2,0.0312,4.0,64,1024,4096,16384,4480,2488.97,8930.08,3203.43,0.1109
mixed,64,2,0.0312,4.0,64,2048,128,512,140,268.002,399.297,265.475,-0.0192
mixed,64,2,0.0312,4.0,64,2048,256,1024,280,313.602,582.722,313.41,-0.0007
mixed,64,2,0.0312,4.0,64,2048,512,2048,560,408.481,977.859,405.41,-0.0054
mixed,64,2,0.0312,4.0,64,2048,1024,4096,1120,587.648,2254.06,723.36,0.0814
mixed,64,2,0.0312,4.0,64,2048,2048,8192,2240,1029.15,4523.66,1330.24,0.0862
mixed,64,2,0.0312,4.0,64,2048,4096,16384,4480,2460.9,8884.65,3112.33,0.1014
mixed,64,2,0.0312,4.0,64,4096,128,512,140,380.803,510.529,378.977,-0.0141
mixed,64,2,0.0312,4.0,64,4096,256,1024,280,423.425,682.978,423.682,0.001
mixed,64,2,0.0312,4.0,64,4096,512,2048,560,520.355,1025.6,516.577,-0.0075
mixed,64,2,0.0312,4.0,64,4096,1024,4096,1120,696.738,2272.52,708.131,0.0072
mixed,64,2,0.0312,4.0,64,4096,2048,8192,2240,1074.98,4639.67,1334.73,0.0729
mixed,64,2,0.0312,4.0,64,4096,4096,16384,4480,2494.38,9380,3282.54,0.1145
mixed,64,2,0.0312,4.0,64,8192,128,512,140,650.401,786.116,653.154,0.0203
mixed,64,2,0.0312,4.0,64,8192,256,1024,280,697.091,970.625,696.004,-0.004
mixed,64,2,0.0312,4.0,64,8192,512,2048,560,795.905,1333.35,792.612,-0.0061
mixed,64,2,0.0312,4.0,64,8192,1024,4096,1120,983.363,2585.32,986.979,0.0023
mixed,64,2,0.0312,4.0,64,8192,2048,8192,2240,1384.07,4559.05,1391.36,0.0023
mixed,64,2,0.0312,4.0,64,8192,4096,16384,4480,2771.18,9483.88,3283.95,0.0764
mixed,64,2,0.0312,4.0,128,0,128,512,140,151.65,308.064,170.37,0.1197
mixed,64,2,0.0312,4.0,128,0,256,1024,280,205.761,523.394,248.705,0.1352
mixed,64,2,0.0312,4.0,128,0,512,2048,560,317.569,971.14,405.345,0.1343
mixed,64,2,0.0312,4.0,128,0,1024,4096,1120,531.01,2267.11,718.882,0.1082
mixed,64,2,0.0312,4.0,128,0,2048,8192,2240,1025.51,4478.54,1366.66,0.0988
mixed,64,2,0.0312,4.0,128,0,4096,16384,4480,2489.55,8954.5,3210.38,0.1115
mixed,64,2,0.0312,4.0,128,512,128,512,140,177.152,309.664,177.697,0.0041
mixed,64,2,0.0312,4.0,128,512,256,1024,280,221.856,524.673,252.449,0.101
mixed,64,2,0.0312,4.0,128,512,512,2048,560,319.587,971.844,409.089,0.1372
mixed,64,2,0.0312,4.0,128,512,1024,4096,1120,532.58,2264.3,722.404,0.1096
mixed,64,2,0.0312,4.0,128,512,2048,8192,2240,1026.76,4515.02,1366.15,0.0973
mixed,64,2,0.0312,4.0,128,512,4096,16384,4480,2495.91,8898.6,3154.34,0.1028
mixed,64,2,0.0312,4.0,128,1024,128,512,140,204.002,327.68,203.713,-0.0023
mixed,64,2,0.0312,4.0,128,1024,256,1024,280,246.24,510.274,248.448,0.0084
mixed,64,2,0.0312,4.0,128,1024,512,2048,560,335.168,944.258,395.456,0.099
mixed,64,2,0.0312,4.0,128,1024,1024,4096,1120,519.137,2239.56,706.721,0.109
mixed,64,2,0.0312,4.0,128,1024,2048,8192,2240,996.098,4472.02,1327.24,0.0953
mixed,64,2,0.0312,4.0,128,1024,4096,16384,4480,2465.77,8923.4,3202.99,0.1142
mixed,64,2,0.0312,4.0,128,2048,128,512,140,279.232,410.305,279.265,0.0003
mixed,64,2,0.0312,4.0,128,2048,256,1024,280,325.792,591.872,325.249,-0.002
mixed,64,2,0.0312,4.0,128,2048,512,2048,560,417.121,987.364,418.785,0.0029
mixed,64,2,0.0312,4.0,128,2048,1024,4096,1120,598.403,2245.48,748.099,0.0909
mixed,64,2,0.0312,4.0,128,2048,2048,8192,2240,1036.29,4519.66,1386.37,0.1005
mixed,64,2,0.0312,4.0,128,2048,4096,16384,4480,2489.03,8964.42,3204.91,0.1106
mixed,64,2,0.0312,4.0,128,4096,128,512,140,409.217,540.643,412.033,0.0214
mixed,64,2,0.0312,4.0,128,4096,256,1024,280,454.975,729.187,459.265,0.0156
mixed,64,2,0.0312,4.0,128,4096,512,2048,560,550.051,1102.12,551.395,0.0024
mixed,64,2,0.0312,4.0,128,4096,1024,4096,1120,735.619,2336.78,752.61,0.0106
mixed,64,2,0.0312,4.0,128,4096,2048,8192,2240,1131.71,4866.35,1346.47,0.0575
mixed,64,2,0.0312,4.0,128,4096,4096,16384,4480,2527.91,9931.62,3238.44,0.096
mixed,64,2,0.0312,4.0,128,8192,128,512,140,665.855,800.163,667.648,0.0133
mixed,64,2,0.0312,4.0,128,8192,256,1024,280,708.258,994.435,715.201,0.0243
mixed,64,2,0.0312,4.0,128,8192,512,2048,560,807.68,1377.06,812.067,0.0077
mixed,64,2,0.0312,4.0,128,8192,1024,4096,1120,998.436,2616.52,1043.84,0.0281
mixed,64,2,0.0312,4.0,128,8192,2048,8192,2240,1423.81,4598.03,1367.65,-0.0177
mixed,64,2,0.0312,4.0,128,8192,4096,16384,4480,2775.72,10091,3186.28,0.0561
mixed,64,2,0.0312,4.0,256,0,128,512,140,162.911,307.521,179.232,0.1129
mixed,64,2,0.0312,4.0,256,0,256,1024,280,213.569,514.85,253.153,0.1314
mixed,64,2,0.0312,4.0,256,0,512,2048,560,315.906,937.761,400.962,0.1368
mixed,64,2,0.0312,4.0,256,0,1024,4096,1120,521.442,2226.95,703.522,0.1068
mixed,64,2,0.0312,4.0,256,0,2048,8192,2240,993.761,4466.86,1319.68,0.0938
mixed,64,2,0.0312,4.0,256,0,4096,16384,4480,2463.21,8862.59,3150.32,0.1074
mixed,64,2,0.0312,4.0,256,512,128,512,140,197.889,315.968,199.584,0.0144
mixed,64,2,0.0312,4.0,256,512,256,1024,280,239.329,517.728,264.834,0.0916
mixed,64,2,0.0312,4.0,256,512,512,2048,560,324,943.555,406.753,0.1336
mixed,64,2,0.0312,4.0,256,512,1024,4096,1120,525.216,2236.74,718.338,0.1128
mixed,64,2,0.0312,4.0,256,512,2048,8192,2240,995.14,4461.93,1322.5,0.0944
mixed,64,2,0.0312,4.0,256,512,4096,16384,4480,2457.93,8914.91,3152.97,0.1076
mixed,64,2,0.0312,4.0,256,1024,128,512,140,237.343,352.514,237.667,0.0028
mixed,64,2,0.0312,4.0,256,1024,256,1024,280,279.264,532.258,281.954,0.0106
mixed,64,2,0.0312,4.0,256,1024,512,2048,560,359.363,944.674,419.2,0.1022
mixed,64,2,0.0312,4.0,256,1024,1024,4096,1120,535.615,2221.38,732.068,0.1165
mixed,64,2,0.0312,4.0,256,1024,2048,8192,2240,999.171,4471.28,1329.19,0.095
mixed,64,2,0.0312,4.0,256,1024,4096,16384,4480,2463.27,8857.06,3133.13,0.1048
mixed,64,2,0.0312,4.0,256,2048,128,512,140,307.873,427.073,310.177,0.0193
mixed,64,2,0.0312,4.0,256,2048,256,1024,280,355.777,615.394,355.874,0.0004
mixed,64,2,0.0312,4.0,256,2048,512,2048,560,433.506,957.602,454.209,0.0395
mixed,64,2,0.0312,4.0,256,2048,1024,4096,1120,620.035,2195.11,752.419,0.084
mixed,64,2,0.0312,4.0,256,2048,2048,8192,2240,1009.99,4503.12,1342.63,0.0952
mixed,64,2,0.0312,4.0,256,2048,4096,16384,4480,2471.95,8935.88,3099.05,0.097
mixed,64,2,0.0312,4.0,256,4096,128,512,140,434.177,577.633,434.338,0.0011
mixed,64,2,0.0312,4.0,256,4096,256,1024,280,484.387,790.949,507.873,0.0766
mixed,64,2,0.0312,4.0,256,4096,512,2048,560,607.616,1132.07,614.497,0.0131
mixed,64,2,0.0312,4.0,256,4096,1024,4096,1120,793.251,2353.55,831.171,0.0243
mixed,64,2,0.0312,4.0,256,4096,2048,8192,2240,1177.89,5382.22,1460.84,0.0673
mixed,64,2,0.0312,4.0,256,4096,4096,16384,4480,2593.16,11130.7,3183.88,0.0692
mixed,64,2,0.0312,4.0,256,8192,128,512,140,699.554,859.843,712.353,0.0798
mixed,64,2,0.0312,4.0,256,8192,256,1024,280,764.771,1090.69,772.225,0.0229
mixed,64,2,0.0312,4.0,256,8192,512,2048,560,873.506,1474.5,878.596,0.0085
mixed,64,2,0.0312,4.0,256,8192,1024,4096,1120,1101.48,2622.12,1111.46,0.0066
mixed,64,2,0.0312,4.0,256,8192,2048,8192,2240,1517.61,4688.53,1521.73,0.0013
mixed,64,2,0.0312,4.0,256,8192,4096,16384,4480,2809.74,11208.1,3335.85,0.0626
mixed,64,2,0.0312,4.0,512,0,128,512,140,209.825,350.049,217.024,0.0513
mixed,64,2,0.0312,4.0,512,0,256,1024,280,255.008,550.243,291.616,0.124
mixed,64,2,0.0312,4.0,512,0,512,2048,560,356.416,963.33,440.003,0.1377
mixed,64,2,0.0312,4.0,512,0,1024,4096,1120,558.85,2257.58,742.723,0.1082
mixed,64,2,0.0312,4.0,512,0,2048,8192,2240,1021.28,4478.86,1345.12,0.0937
mixed,64,2,0.0312,4.0,512,0,4096,16384,4480,2487.08,8902.82,3174.28,0.1071
mixed,64,2,0.0312,4.0,512,512,128,512,140,259.329,375.775,260.224,0.0077
mixed,64,2,0.0312,4.0,512,512,256,1024,280,300.354,580.194,311.331,0.0392
mixed,64,2,0.0312,4.0,512,512,512,2048,560,384.93,977.601,462.177,0.1303
mixed,64,2,0.0312,4.0,512,512,1024,4096,1120,589.442,2261.16,764.835,0.1049
mixed,64,2,0.0312,4.0,512,512,2048,8192,2240,1023.62,4489.36,1355.84,0.0959
mixed,64,2,0.0312,4.0,512,512,4096,16384,4480,2491.72,8909.19,3169.03,0.1055
mixed,64,2,0.0312,4.0,512,1024,128,512,140,305.955,426.4,305.92,-0.0003
mixed,64,2,0.0312,4.0,512,1024,256,1024,280,347.458,609.729,352.034,0.0174
mixed,64,2,0.0312,4.0,512,1024,512,2048,560,434.659,990.627,478.177,0.0783
mixed,64,2,0.0312,4.0,512,1024,1024,4096,1120,618.882,2257.42,783.232,0.1003
mixed,64,2,0.0312,4.0,512,1024,2048,8192,2240,1045.32,4488.02,1368.61,0.0939
mixed,64,2,0.0312,4.0,512,1024,4096,16384,4480,2479.56,8864.6,3207.24,0.114
mixed,64,2,0.0312,4.0,512,2048,128,512,140,409.568,538.368,414.56,0.0388
mixed,64,2,0.0312,4.0,512,2048,256,1024,280,455.744,730.657,464.867,0.0332
mixed,64,2,0.0312,4.0,512,2048,512,2048,560,545.441,1098.15,557.441,0.0217
mixed,64,2,0.0312,4.0,512,2048,1024,4096,1120,730.915,2304.78,853.86,0.0781
mixed,64,2,0.0312,4.0,512,2048,2048,8192,2240,1118.95,4604.66,1428.68,0.0889
mixed,64,2,0.0312,4.0,512,2048,4096,16384,4480,2552.71,9061.51,3085.45,0.0818
mixed,64,2,0.0312,4.0,512,4096,128,512,140,549.057,698.914,551.489,0.0162
mixed,64,2,0.0312,4.0,512,4096,256,1024,280,611.907,881.313,615.779,0.0144
mixed,64,2,0.0312,4.0,512,4096,512,2048,560,701.41,1215.78,708.769,0.0143
mixed,64,2,0.0312,4.0,512,4096,1024,4096,1120,888.547,2558.06,898.019,0.0057
mixed,64,2,0.0312,4.0,512,4096,2048,8192,2240,1268.32,6338.13,1482.28,0.0422
mixed,64,2,0.0312,4.0,512,4096,4096,16384,4480,2778.57,13349,3396.72,0.0585
mixed,64,2,0.0312,4.0,512,8192,128,512,140,832.93,1042.12,837.633,0.0225
mixed,64,2,0.0312,4.0,512,8192,256,1024,280,905.472,1281.99,913.763,0.022
mixed,64,2,0.0312,4.0,512,8192,512,2048,560,1054.5,1646.66,1068.8,0.0242
mixed,64,2,0.0312,4.0,512,8192,1024,4096,1120,1288.39,2776.46,1308.13,0.0133
mixed,64,2,0.0312,4.0,512,8192,2048,8192,2240,1664.93,5167.95,1686.24,0.0061
mixed,64,2,0.0312,4.0,512,8192,4096,16384,4480,3017.48,13018.4,3620.08,0.0603
mixed,64,2,0.0312,4.0,1024,0,128,512,140,337.153,462.018,337.598,0.0036
mixed,64,2,0.0312,4.0,1024,0,256,1024,280,381.026,676.162,391.105,0.0342
mixed,64,2,0.0312,4.0,1024,0,512,2048,560,469.57,1078.62,526.815,0.094
mixed,64,2,0.0312,4.0,1024,0,1024,4096,1120,660.61,2323.82,865.828,0.1234
mixed,64,2,0.0312,4.0,1024,0,2048,8192,2240,1147.43,4607.19,1480.04,0.0961
mixed,64,2,0.0312,4.0,1024,0,4096,16384,4480,2552.65,8891.39,3220.91,0.1054
mixed,64,2,0.0312,4.0,1024,512,128,512,140,389.666,512.608,391.971,0.0187
mixed,64,2,0.0312,4.0,1024,512,256,1024,280,431.104,686.467,436.195,0.0199
mixed,64,2,0.0312,4.0,1024,512,512,2048,560,521.89,1090.92,564.609,0.0751
mixed,64,2,0.0312,4.0,1024,512,1024,4096,1120,696.194,2321.03,870.787,0.1075
mixed,64,2,0.0312,4.0,1024,512,2048,8192,2240,1195.49,4618.51,1520.55,0.095
mixed,64,2,0.0312,4.0,1024,512,4096,16384,4480,2587.24,9037.82,3251.63,0.103
mixed,64,2,0.0312,4.0,1024,1024,128,512,140,453.73,577.666,454.114,0.0031
mixed,64,2,0.0312,4.0,1024,1024,256,1024,280,496.707,748.261,525.89,0.116
mixed,64,2,0.0312,4.0,1024,1024,512,2048,560,608.898,1172.01,626.592,0.0314
mixed,64,2,0.0312,4.0,1024,1024,1024,4096,1120,759.459,2333.03,909.506,0.0954
mixed,64,2,0.0312,4.0,1024,1024,2048,8192,2240,1230.66,4580.02,1498.02,0.0798
mixed,64,2,0.0312,4.0,1024,1024,4096,16384,4480,2589.74,8985.12,3200.17,0.0954
mixed,64,2,0.0312,4.0,1024,2048,128,512,140,576.225,703.908,576.642,0.0033
mixed,64,2,0.0312,4.0,1024,2048,256,1024,280,649.184,923.042,646.372,-0.0103
mixed,64,2,0.0312,4.0,1024,2048,512,2048,560,743.2,1204.13,723.17,-0.0435
mixed,64,2,0.0312,4.0,1024,2048,1024,4096,1120,928.323,2458.98,982.979,0.0357
mixed,64,2,0.0312,4.0,1024,2048,2048,8192,2240,1258.24,5243.32,1565.92,0.0772
mixed,64,2,0.0312,4.0,1024,2048,4096,16384,4480,2882.03,10235.1,3348.74,0.0635
mixed,64,2,0.0312,4.0,1024,4096,128,512,140,799.616,949.187,841.312,0.2788
mixed,64,2,0.0312,4.0,1024,4096,256,1024,280,891.715,1139.04,867.492,-0.0979
mixed,64,2,0.0312,4.0,1024,4096,512,2048,560,957.891,1493.29,965.474,0.0142
mixed,64,2,0.0312,4.0,1024,4096,1024,4096,1120,1145.38,2577.77,1166.69,0.0149
mixed,64,2,0.0312,4.0,1024,4096,2048,8192,2240,1542.08,7139,1736.29,0.0347
mixed,64,2,0.0312,4.0,1024,4096,4096,16384,4480,2806.79,15743.1,3548.97,0.0574
mixed,64,2,0.0312,4.0,1024,8192,128,512,140,1280.07,1405.22,1278.6,-0.0118
mixed,64,2,0.0312,4.0,1024,8192,256,1024,280,1336.77,1615.24,1389.45,0.1892
mixed,64,2,0.0312,4.0,1024,8192,512,2048,560,1408.1,2011.4,1420.9,0.0212
mixed,64,2,0.0312,4.0,1024,8192,1024,4096,1120,1622.09,2827.5,1731.14,0.0905
mixed,64,2,0.0312,4.0,1024,8192,2048,8192,2240,2131.21,5212.88,2104.07,-0.0088
mixed,64,2,0.0312,4.0,1024,8192,4096,16384,4480,2890.44,15275.2,3371.02,0.0388
mixed,64,2,0.0312,4.0,2048,0,128,512,140,611.264,733.314,612.673,0.0115
mixed,64,2,0.0312,4.0,2048,0,256,1024,280,656.707,908.324,658.658,0.0078
mixed,64,2,0.0312,4.0,2048,0,512,2048,560,738.403,1349.8,754.339,0.0261
mixed,64,2,0.0312,4.0,2048,0,1024,4096,1120,915.81,2423.53,1066.02,0.0996
mixed,64,2,0.0312,4.0,2048,0,2048,8192,2240,1353.15,4895.92,1662.18,0.0872
mixed,64,2,0.0312,4.0,2048,0,4096,16384,4480,2728.01,9335.26,3233.42,0.0765
mixed,64,2,0.0312,4.0,2048,512,128,512,140,714.21,838.625,717.314,0.0249
mixed,64,2,0.0312,4.0,2048,512,256,1024,280,759.587,1014.59,765.058,0.0215
mixed,64,2,0.0312,4.0,2048,512,512,2048,560,843.746,1376.42,854.02,0.0193
mixed,64,2,0.0312,4.0,2048,512,1024,4096,1120,1024.19,2421.1,1142.18,0.0845
mixed,64,2,0.0312,4.0,2048,512,2048,8192,2240,1433.51,5432.05,1811.27,0.0945
mixed,64,2,0.0312,4.0,2048,512,4096,16384,4480,2841.48,10487.9,3247.4,0.0531
mixed,64,2,0.0312,4.0,2048,1024,128,512,140,816.034,942.019,819.042,0.0239
mixed,64,2,0.0312,4.0,2048,1024,256,1024,280,899.778,1118.85,863.043,-0.1677
mixed,64,2,0.0312,4.0,2048,1024,512,2048,560,948.035,1462.63,953.538,0.0107
mixed,64,2,0.0312,4.0,2048,1024,1024,4096,1120,1128.29,2542.63,1213.44,0.0602
mixed,64,2,0.0312,4.0,2048,1024,2048,8192,2240,1514.76,5825.36,1816.17,0.0699
mixed,64,2,0.0312,4.0,2048,1024,4096,16384,4480,2894.09,11740.3,3409.23,0.0582
mixed,64,2,0.0312,4.0,2048,2048,128,512,140,1017.12,1141.92,1015.59,-0.0123
mixed,64,2,0.0312,4.0,2048,2048,256,1024,280,1060.84,1385.51,1069.45,0.0265
mixed,64,2,0.0312,4.0,2048,2048,512,2048,560,1149.51,1658.09,1160.36,0.0213
mixed,64,2,0.0312,4.0,2048,2048,1024,4096,1120,1331.72,2431.75,1361.12,0.0267
mixed,64,2,0.0312,4.0,2048,2048,2048,8192,2240,1703.33,7086.1,1979.17,0.0512
mixed,64,2,0.0312,4.0,2048,2048,4096,16384,4480,2623.14,14309.3,3209.77,0.0502
mixed,64,2,0.0312,4.0,2048,4096,128,512,140,1404.64,1537.54,1468.36,0.4794
mixed,64,2,0.0312,4.0,2048,4096,256,1024,280,1523.24,1721.22,1460.64,-0.3162
mixed,64,2,0.0312,4.0,2048,4096,512,2048,560,1549.09,2063.11,1555.65,0.0128
mixed,64,2,0.0312,4.0,2048,4096,1024,4096,1120,1723.91,2913.83,1750.92,0.0227
mixed,64,2,0.0312,4.0,2048,4096,2048,8192,2240,2117.19,7747.13,2309.13,0.0341
mixed,64,2,0.0312,4.0,2048,4096,4096,16384,4480,2995.27,16133.7,4022.86,0.0782
mixed,64,2,0.0312,4.0,2048,8192,128,512,140,2141.35,2296.23,2136.36,-0.0323
mixed,64,2,0.0312,4.0,2048,8192,256,1024,280,2191.98,2510.09,2202.95,0.0345
mixed,64,2,0.0312,4.0,2048,8192,512,2048,560,2308.74,2899.72,2327.37,0.0315
mixed,64,2,0.0312,4.0,2048,8192,1024,4096,1120,2631.11,3760.46,2548.97,-0.0727
mixed,64,2,0.0312,4.0,2048,8192,2048,8192,2240,2942.79,5631.86,2964.1,0.0079
mixed,64,2,0.0312,4.0,2048,8192,4096,16384,4480,3938.57,15746.5,4386.19,0.0379
pure,64,3,0.0469,4.0,0,0,128,512,146,78.432,176.225,94.847,0.1679
pure,64,3,0.0469,4.0,0,0,256,1024,292,114.432,355.875,122.466,0.0333
pure,64,3,0.0469,4.0,0,0,512,2048,584,198.305,639.49,199.329,0.0023
pure,64,3,0.0469,4.0,0,0,1024,4096,1168,396.897,1174.15,397.374,0.0006
pure,64,3,0.0469,4.0,0,0,2048,8192,2336,713.217,2235.66,711.523,-0.0011
pure,64,3,0.0469,4.0,0,0,4096,16384,4672,1326.82,4328.53,1325.7,-0.0004
mixed,64,3,0.0469,4.0,16,0,128,512,146,143.874,298.816,165.759,0.1412
mixed,64,3,0.0469,4.0,16,0,256,1024,292,198.433,516,243.775,0.1428
mixed,64,3,0.0469,4.0,16,0,512,2048,584,311.617,961.987,401.091,0.1376
mixed,64,3,0.0469,4.0,16,0,1024,4096,1168,565.154,2253.51,717.443,0.0902
mixed,64,3,0.0469,4.0,16,0,2048,8192,2336,1068.1,4500.27,1368.93,0.0877
mixed,64,3,0.0469,4.0,16,0,4096,16384,4672,2584.11,8844.19,3266.54,0.109
mixed,64,3,0.0469,4.0,16,512,128,512,146,162.209,289.12,161.281,-0.0073
mixed,64,3,0.0469,4.0,16,512,256,1024,292,204.864,497.219,234.976,0.103
mixed,64,3,0.0469,4.0,16,512,512,2048,584,301.6,925.315,386.978,0.1369
mixed,64,3,0.0469,4.0,16,512,1024,4096,1168,546.336,2217.51,698.433,0.091
mixed,64,3,0.0469,4.0,16,512,2048,8192,2336,1038.88,4450.16,1319.4,0.0822
mixed,64,3,0.0469,4.0,16,512,4096,16384,4672,2556.2,8879.72,3277.32,0.114
mixed,64,3,0.0469,4.0,16,1024,128,512,146,194.177,317.697,193.087,-0.0088
mixed,64,3,0.0469,4.0,16,1024,256,1024,292,236.896,500.451,236.959,0.0002
mixed,64,3,0.0469,4.0,16,1024,512,2048,584,329.185,933.124,388.672,0.0985
mixed,64,3,0.0469,4.0,16,1024,1024,4096,1168,547.618,2224.87,703.522,0.093
mixed,64,3,0.0469,4.0,16,1024,2048,8192,2336,1037.15,4454.32,1329.48,0.0855
mixed,64,3,0.0469,4.0,16,1024,4096,16384,4672,2564.84,8824.45,3271.43,0.1129
mixed,64,3,0.0469,4.0,16,2048,128,512,146,257.153,380.961,256.929,-0.0018
mixed,64,3,0.0469,4.0,16,2048,256,1024,292,301.121,556.831,299.616,-0.0059
mixed,64,3,0.0469,4.0,16,2048,512,2048,584,394.305,938.562,393.217,-0.002
mixed,64,3,0.0469,4.0,16,2048,1024,4096,1168,596.642,2205.54,712.514,0.072
mixed,64,3,0.0469,4.0,16,2048,2048,8192,2336,1043.36,4463.69,1340.01,0.0867
mixed,64,3,0.0469,4.0,16,2048,4096,16384,4672,2567.81,8877.34,3296.07,0.1154
mixed,64,3,0.0469,4.0,16,4096,128,512,146,395.555,528.514,394.016,-0.0116
mixed,64,3,0.0469,4.0,16,4096,256,1024,292,441.441,709.315,442.722,0.0048
mixed,64,3,0.0469,4.0,16,4096,512,2048,584,539.874,1064.23,539.234,-0.0012
mixed,64,3,0.0469,4.0,16,4096,1024,4096,1168,755.491,2287.24,740.737,-0.0096
mixed,64,3,0.0469,4.0,16,4096,2048,8192,2336,1161.73,4678.13,1399.24,0.0675
mixed,64,3,0.0469,4.0,16,4096,4096,16384,4672,2623.4,9375.78,3280.59,0.0973
mixed,64,3,0.0469,4.0,16,8192,128,512,146,627.235,754.947,627.521,0.0022
mixed,64,3,0.0469,4.0,16,8192,256,1024,292,670.979,934.019,671.554,0.0022
mixed,64,3,0.0469,4.0,16,8192,512,2048,584,766.276,1291.75,764.705,-0.003
mixed,64,3,0.0469,4.0,16,8192,1024,4096,1168,974.66,2537.96,965.028,-0.0062
mixed,64,3,0.0469,4.0,16,8192,2048,8192,2336,1362.63,4531.18,1358.02,-0.0015
mixed,64,3,0.0469,4.0,16,8192,4096,16384,4672,2822.09,9396,3290.8,0.0713
mixed,64,3,0.0469,4.0,32,0,128,512,146,137.953,287.841,158.4,0.1364
mixed,64,3,0.0469,4.0,32,0,256,1024,292,190.271,498.69,234.145,0.1423
mixed,64,3,0.0469,4.0,32,0,512,2048,584,299.52,931.234,386.593,0.1378
mixed,64,3,0.0469,4.0,32,0,1024,4096,1168,545.922,2217.74,693.091,0.088
mixed,64,3,0.0469,4.0,32,0,2048,8192,2336,1034.47,4446.86,1328.48,0.0862
mixed,64,3,0.0469,4.0,32,0,4096,16384,4672,2569.19,8833.25,3273.16,0.1124
mixed,64,3,0.0469,4.0,32,512,128,512,146,162.239,289.761,161.409,-0.0065
mixed,64,3,0.0469,4.0,32,512,256,1024,292,204.48,497.825,235.809,0.1068
mixed,64,3,0.0469,4.0,32,512,512,2048,584,303.712,926.243,387.267,0.1342
mixed,64,3,0.0469,4.0,32,512,1024,4096,1168,546.754,2230.86,700.801,0.0915
mixed,64,3,0.0469,4.0,32,512,2048,8192,2336,1040.29,4453.17,1322.5,0.0827
mixed,64,3,0.0469,4.0,32,512,4096,16384,4672,2562.79,8860.42,3275.43,0.1132
mixed,64,3,0.0469,4.0,32,1024,128,512,146,194.561,317.122,193.377,-0.0097
mixed,64,3,0.0469,4.0,32,1024,256,1024,292,237.696,499.714,237.44,-0.001
mixed,64,3,0.0469,4.0,32,1024,512,2048,584,329.154,934.433,388.834,0.0986
mixed,64,3,0.0469,4.0,32,1024,1024,4096,1168,550.273,2224.23,701.858,0.0906
mixed,64,3,0.0469,4.0,32,1024,2048,8192,2336,1036.71,4454.29,1334.12,0.087
mixed,64,3,0.0469,4.0,32,1024,4096,16384,4672,2561.71,8827.17,3273.16,0.1136
mixed,64,3,0.0469,4.0,32,2048,128,512,146,256.801,382.529,256.864,0.0005
mixed,64,3,0.0469,4.0,32,2048,256,1024,292,299.489,558.083,300.737,0.0048
mixed,64,3,0.0469,4.0,32,2048,512,2048,584,394.273,941.507,393.794,-0.0009
mixed,64,3,0.0469,4.0,32,2048,1024,4096,1168,593.889,2211.11,712.291,0.0732
mixed,64,3,0.0469,4.0,32,2048,2048,8192,2336,1042.43,4466.45,1338.91,0.0866
mixed,64,3,0.0469,4.0,32,2048,4096,16384,4672,2561.83,8884.38,3243.95,0.1079
mixed,64,3,0.0469,4.0,32,4096,128,512,146,380.032,507.841,379.138,-0.007
mixed,64,3,0.0469,4.0,32,4096,256,1024,292,424.351,684.258,424.384,0.0001
mixed,64,3,0.0469,4.0,32,4096,512,2048,584,520.514,1025.32,518.819,-0.0034
mixed,64,3,0.0469,4.0,32,4096,1024,4096,1168,726.755,2271.78,721.346,-0.0035
mixed,64,3,0.0469,4.0,32,4096,2048,8192,2336,1121.77,4630.39,1354.08,0.0662
mixed,64,3,0.0469,4.0,32,4096,4096,16384,4672,2596.87,9292.99,3282.12,0.1023
mixed,64,3,0.0469,4.0,32,8192,128,512,146,627.17,753.954,630.018,0.0225
mixed,64,3,0.0469,4.0,32,8192,256,1024,292,670.179,970.721,702.562,0.1077
mixed,64,3,0.0469,4.0,32,8192,512,2048,584,795.906,1341.03,798.851,0.0054
mixed,64,3,0.0469,4.0,32,8192,1024,4096,1168,1014.56,2576.2,997.795,-0.0107
mixed,64,3,0.0469,4.0,32,8192,2048,8192,2336,1428.32,4591.47,1410.44,-0.0057
mixed,64,3,0.0469,4.0,32,8192,4096,16384,4672,2839.21,9548.36,3354.7,0.0768
mixed,64,3,0.0469,4.0,64,0,128,512,146,143.743,300.098,165.473,0.139
mixed,64,3,0.0469,4.0,64,0,256,1024,292,199.263,517.28,243.457,0.139
mixed,64,3,0.0469,4.0,64,0,512,2048,584,312.609,966.498,403.202,0.1385
mixed,64,3,0.0469,4.0,64,0,1024,4096,1168,567.555,2255.59,720.034,0.0903
mixed,64,3,0.0469,4.0,64,0,2048,8192,2336,1074.21,4515.63,1377.8,0.0882
mixed,64,3,0.0469,4.0,64,0,4096,16384,4672,2596.2,8964.1,3346.83,0.1179
mixed,64,3,0.0469,4.0,64,512,128,512,146,170.175,302.914,169.729,-0.0034
mixed,64,3,0.0469,4.0,64,512,256,1024,292,214.88,517.026,246.209,0.1037
mixed,64,3,0.0469,4.0,64,512,512,2048,584,316.032,963.011,404.417,0.1366
mixed,64,3,0.0469,4.0,64,512,1024,4096,1168,567.234,2258.18,726.179,0.094
mixed,64,3,0.0469,4.0,64,512,2048,8192,2336,1080.61,4511.86,1375.78,0.086
mixed,64,3,0.0469,4.0,64,512,4096,16384,4672,2602.82,8954.85,3319.62,0.1128
mixed,64,3,0.0469,4.0,64,1024,128,512,146,204.001,331.97,201.922,-0.0162
mixed,64,3,0.0469,4.0,64,1024,256,1024,292,248.032,518.369,248.513,0.0018
mixed,64,3,0.0469,4.0,64,1024,512,2048,584,345.986,971.203,406.851,0.0974
mixed,64,3,0.0469,4.0,64,1024,1024,4096,1168,568.994,2266.44,728.865,0.0942
mixed,64,3,0.0469,4.0,64,1024,2048,8192,2336,1081.22,4502.55,1385.92,0.0891
mixed,64,3,0.0469,4.0,64,1024,4096,16384,4672,2601,9023.46,3283.18,0.1062
mixed,64,3,0.0469,4.0,64,2048,128,512,146,258.176,385.536,256.768,-0.0111
mixed,64,3,0.0469,4.0,64,2048,256,1024,292,301.313,560.227,300.93,-0.0015
mixed,64,3,0.0469,4.0,64,2048,512,2048,584,395.426,943.909,396.225,0.0015
mixed,64,3,0.0469,4.0,64,2048,1024,4096,1168,597.443,2207.43,714.146,0.0725
mixed,64,3,0.0469,4.0,64,2048,2048,8192,2336,1047.68,4471.31,1346.63,0.0873
mixed,64,3,0.0469,4.0,64,2048,4096,16384,4672,2576.65,8873.98,3235.4,0.1046
mixed,64,3,0.0469,4.0,64,4096,128,512,146,380.418,511.137,379.296,-0.0086
mixed,64,3,0.0469,4.0,64,4096,256,1024,292,424.292,688.196,424.834,0.0021
mixed,64,3,0.0469,4.0,64,4096,512,2048,584,523.619,1026.47,521.985,-0.0032
mixed,64,3,0.0469,4.0,64,4096,1024,4096,1168,727.843,2281.99,720.834,-0.0045
mixed,64,3,0.0469,4.0,64,4096,2048,8192,2336,1134.47,4646.58,1355.91,0.0631
mixed,64,3,0.0469,4.0,64,4096,4096,16384,4672,2604.68,9300.9,3299.88,0.1038
mixed,64,3,0.0469,4.0,64,8192,128,512,146,628.035,755.65,627.811,-0.0018
mixed,64,3,0.0469,4.0,64,8192,256,1024,292,671.618,936.419,671.361,-0.001
mixed,64,3,0.0469,4.0,64,8192,512,2048,584,768.673,1291.62,765.987,-0.0051
mixed,64,3,0.0469,4.0,64,8192,1024,4096,1168,979.812,2552.55,970.821,-0.0057
mixed,64,3,0.0469,4.0,64,8192,2048,8192,2336,1369.44,4535.38,1366.95,-0.0008
mixed,64,3,0.0469,4.0,64,8192,4096,16384,4672,2865.07,9466.95,3310.48,0.0675
mixed,64,3,0.0469,4.0,128,0,128,512,146,145.6,296.096,165.249,0.1306
mixed,64,3,0.0469,4.0,128,0,256,1024,292,198.882,506.977,241.09,0.137
mixed,64,3,0.0469,4.0,128,0,512,2048,584,308.227,940.227,394.434,0.1364
mixed,64,3,0.0469,4.0,128,0,1024,4096,1168,557.122,2232.65,702.691,0.0869
mixed,64,3,0.0469,4.0,128,0,2048,8192,2336,1043.97,4455.86,1339.94,0.0867
mixed,64,3,0.0469,4.0,128,0,4096,16384,4672,2575.43,8858.47,3290.92,0.1139
mixed,64,3,0.0469,4.0,128,512,128,512,146,171.2,299.009,172.32,0.0088
mixed,64,3,0.0469,4.0,128,512,256,1024,292,214.913,507.522,245.537,0.1047
mixed,64,3,0.0469,4.0,128,512,512,2048,584,310.849,939.33,396.865,0.1369
mixed,64,3,0.0469,4.0,128,512,1024,4096,1168,554.72,2226.89,716.067,0.0965
mixed,64,3,0.0469,4.0,128,512,2048,8192,2336,1048.74,4458.64,1332.13,0.0831
mixed,64,3,0.0469,4.0,128,512,4096,16384,4672,2578.15,8836.96,3281.77,0.1124
mixed,64,3,0.0469,4.0,128,1024,128,512,146,205.505,328.546,206.274,0.0062
mixed,64,3,0.0469,4.0,128,1024,256,1024,292,248.033,510.4,251.266,0.0123
mixed,64,3,0.0469,4.0,128,1024,512,2048,584,339.329,976.227,417.091,0.1221
mixed,64,3,0.0469,4.0,128,1024,1024,4096,1168,579.298,2270.76,743.907,0.0973
mixed,64,3,0.0469,4.0,128,1024,2048,8192,2336,1081.61,4493.71,1388.13,0.0898
mixed,64,3,0.0469,4.0,128,1024,4096,16384,4672,2612.59,8924.39,3333.64,0.1142
mixed,64,3,0.0469,4.0,128,2048,128,512,146,279.328,407.458,283.201,0.0302
mixed,64,3,0.0469,4.0,128,2048,256,1024,292,326.592,591.616,335.167,0.0324
mixed,64,3,0.0469,4.0,128,2048,512,2048,584,420.545,984.291,418.913,-0.0029
mixed,64,3,0.0469,4.0,128,2048,1024,4096,1168,633.09,2247.49,751.264,0.0732
mixed,64,3,0.0469,4.0,128,2048,2048,8192,2336,1091.75,4545.46,1404.58,0.0906
mixed,64,3,0.0469,4.0,128,2048,4096,16384,4672,2601.7,9066.24,3279.85,0.1049
mixed,64,3,0.0469,4.0,128,4096,128,512,146,407.649,545.152,413.699,0.044
mixed,64,3,0.0469,4.0,128,4096,256,1024,292,454.658,732.865,466.306,0.0419
mixed,64,3,0.0469,4.0,128,4096,512,2048,584,553.89,1095.97,581.729,0.0514
mixed,64,3,0.0469,4.0,128,4096,1024,4096,1168,771.074,2329.55,782.338,0.0072
mixed,64,3,0.0469,4.0,128,4096,2048,8192,2336,1181.47,4890.86,1418.15,0.0638
mixed,64,3,0.0469,4.0,128,4096,4096,16384,4672,2658.67,10054.2,3315.11,0.0888
mixed,64,3,0.0469,4.0,128,8192,128,512,146,669.665,795.329,672.674,0.0239
mixed,64,3,0.0469,4.0,128,8192,256,1024,292,718.145,995.587,726.754,0.031
mixed,64,3,0.0469,4.0,128,8192,512,2048,584,815.683,1380.55,837.667,0.0389
mixed,64,3,0.0469,4.0,128,8192,1024,4096,1168,1035.84,2594.6,1072.38,0.0234
mixed,64,3,0.0469,4.0,128,8192,2048,8192,2336,1477.77,4620.34,1482.25,0.0014
mixed,64,3,0.0469,4.0,128,8192,4096,16384,4672,2903.27,10039.5,3205.93,0.0424
mixed,64,3,0.0469,4.0,256,0,128,512,146,169.985,321.472,188.48,0.1221
mixed,64,3,0.0469,4.0,256,0,256,1024,292,224.321,533.668,268.513,0.1429
mixed,64,3,0.0469,4.0,256,0,512,2048,584,332.545,971.107,422.754,0.1413
mixed,64,3,0.0469,4.0,256,0,1024,4096,1168,586.08,2264.33,737.408,0.0902
mixed,64,3,0.0469,4.0,256,0,2048,8192,2336,1085.47,4511.5,1338.53,0.0739
mixed,64,3,0.0469,4.0,256,0,4096,16384,4672,2568.3,8870.66,3280.3,0.113
mixed,64,3,0.0469,4.0,256,512,128,512,146,198.305,316.801,201.697,0.0286
mixed,64,3,0.0469,4.0,256,512,256,1024,292,240.321,518.945,268.963,0.1028
mixed,64,3,0.0469,4.0,256,512,512,2048,584,327.36,943.683,414.241,0.141
mixed,64,3,0.0469,4.0,256,512,1024,4096,1168,566.754,2234.25,729.185,0.0974
mixed,64,3,0.0469,4.0,256,512,2048,8192,2336,1047.39,4464.18,1384.29,0.0986
mixed,64,3,0.0469,4.0,256,512,4096,16384,4672,2577.58,9020.19,3329.26,0.1167
mixed,64,3,0.0469,4.0,256,1024,128,512,146,248.384,365.024,251.712,0.0285
mixed,64,3,0.0469,4.0,256,1024,256,1024,292,293.056,548.577,301.666,0.0337
mixed,64,3,0.0469,4.0,256,1024,512,2048,584,378.241,969.634,453.122,0.1266
mixed,64,3,0.0469,4.0,256,1024,1024,4096,1168,591.136,2253.64,762.85,0.1033
mixed,64,3,0.0469,4.0,256,1024,2048,8192,2336,1087.62,4497.48,1346.47,0.0759
mixed,64,3,0.0469,4.0,256,1024,4096,16384,4672,2575.05,8858.4,3268.91,0.1104
mixed,64,3,0.0469,4.0,256,2048,128,512,146,306.562,425.538,311.744,0.0436
mixed,64,3,0.0469,4.0,256,2048,256,1024,292,356.512,611.841,361.025,0.0177
mixed,64,3,0.0469,4.0,256,2048,512,2048,584,435.2,956.163,461.633,0.0507
mixed,64,3,0.0469,4.0,256,2048,1024,4096,1168,650.371,2198.69,765.571,0.0744
mixed,64,3,0.0469,4.0,256,2048,2048,8192,2336,1062.05,4502.29,1356.45,0.0856
mixed,64,3,0.0469,4.0,256,2048,4096,16384,4672,2575.27,8902.18,3233.99,0.1041
mixed,64,3,0.0469,4.0,256,4096,128,512,146,451.011,603.876,456.064,0.0331
mixed,64,3,0.0469,4.0,256,4096,256,1024,292,504.288,785.603,510.913,0.0236
mixed,64,3,0.0469,4.0,256,4096,512,2048,584,616.643,1133.35,623.106,0.0125
mixed,64,3,0.0469,4.0,256,4096,1024,4096,1168,818.884,2360.36,837.251,0.0119
mixed,64,3,0.0469,4.0,256,4096,2048,8192,2336,1221,5414.83,1478.53,0.0614
mixed,64,3,0.0469,4.0,256,4096,4096,16384,4672,2702.82,11105.1,3119.98,0.0496
mixed,64,3,0.0469,4.0,256,8192,128,512,146,682.753,829.059,687.234,0.0306
mixed,64,3,0.0469,4.0,256,8192,256,1024,292,736.77,1048.9,746.786,0.0321
mixed,64,3,0.0469,4.0,256,8192,512,2048,584,839.492,1416.07,853.765,0.0248
mixed,64,3,0.0469,4.0,256,8192,1024,4096,1168,1105.67,2565.29,1088.68,-0.0116
mixed,64,3,0.0469,4.0,256,8192,2048,8192,2336,1515.3,4638.29,1499.3,-0.0051
mixed,64,3,0.0469,4.0,256,8192,4096,16384,4672,2856.33,11140.2,3380.62,0.0633
mixed,64,3,0.0469,4.0,512,0,128,512,146,210.337,349.662,218.688,0.0599
mixed,64,3,0.0469,4.0,512,0,256,1024,292,255.713,550.821,296.352,0.1377
mixed,64,3,0.0469,4.0,512,0,512,2048,584,358.53,962.882,451.042,0.1531
mixed,64,3,0.0469,4.0,512,0,1024,4096,1168,602.274,2257.32,755.49,0.0926
mixed,64,3,0.0469,4.0,512,0,2048,8192,2336,1075.4,4485.49,1363.49,0.0845
mixed,64,3,0.0469,4.0,512,0,4096,16384,4672,2595.66,8864.54,3298.41,0.1121
mixed,64,3,0.0469,4.0,512,512,128,512,146,259.169,375.809,262.401,0.0277
mixed,64,3,0.0469,4.0,512,512,256,1024,292,301.761,580.993,315.008,0.0474
mixed,64,3,0.0469,4.0,512,512,512,2048,584,386.529,975.107,470.819,0.1432
mixed,64,3,0.0469,4.0,512,512,1024,4096,1168,629.506,2260.23,809.378,0.1103
mixed,64,3,0.0469,4.0,512,512,2048,8192,2336,1106.79,4543.44,1394.47,0.0837
mixed,64,3,0.0469,4.0,512,512,4096,16384,4672,2634.76,8907.26,3341.16,0.1126
mixed,64,3,0.0469,4.0,512,1024,128,512,146,303.458,426.466,309.984,0.0531
mixed,64,3,0.0469,4.0,512,1024,256,1024,292,351.264,608.928,356.193,0.0191
mixed,64,3,0.0469,4.0,512,1024,512,2048,584,438.209,991.011,487.617,0.0894
mixed,64,3,0.0469,4.0,512,1024,1024,4096,1168,668.353,2255.34,803.587,0.0852
mixed,64,3,0.0469,4.0,512,1024,2048,8192,2336,1093.28,4488.75,1395.56,0.089
mixed,64,3,0.0469,4.0,512,1024,4096,16384,4672,2584.52,8882.02,3265.04,0.1081
mixed,64,3,0.0469,4.0,512,2048,128,512,146,395.236,519.264,398.689,0.0278
mixed,64,3,0.0469,4.0,512,2048,256,1024,292,440.13,703.076,446.242,0.0232
mixed,64,3,0.0469,4.0,512,2048,512,2048,584,530.721,1057.12,540.898,0.0193
mixed,64,3,0.0469,4.0,512,2048,1024,4096,1168,739.396,2261.09,834.689,0.0626
mixed,64,3,0.0469,4.0,512,2048,2048,8192,2336,1175.11,4610.19,1452.16,0.0807
mixed,64,3,0.0469,4.0,512,2048,4096,16384,4672,2651.15,8981.89,3172.62,0.0824
mixed,64,3,0.0469,4.0,512,4096,128,512,146,549.632,694.755,554.463,0.0333
mixed,64,3,0.0469,4.0,512,4096,256,1024,292,607.169,879.522,620.609,0.0493
mixed,64,3,0.0469,4.0,512,4096,512,2048,584,700.193,1214.76,720.003,0.0385
mixed,64,3,0.0469,4.0,512,4096,1024,4096,1168,924.994,2563.21,915.777,-0.0056
mixed,64,3,0.0469,4.0,512,4096,2048,8192,2336,1312.07,6321.91,1510.53,0.0396
mixed,64,3,0.0469,4.0,512,4096,4096,16384,4672,2907.08,13379.1,3331.28,0.0405
mixed,64,3,0.0469,4.0,512,8192,128,512,146,798.915,998.69,804.739,0.0292
mixed,64,3,0.0469,4.0,512,8192,256,1024,292,869.506,1232.13,883.811,0.0394
mixed,64,3,0.0469,4.0,512,8192,512,2048,584,1057.09,1642.05,1092.71,0.0609
mixed,64,3,0.0469,4.0,512,8192,1024,4096,1168,1334.21,2815.05,1325.09,-0.0062
mixed,64,3,0.0469,4.0,512,8192,2048,8192,2336,1734.47,5172.53,1709.38,-0.0073
mixed,64,3,0.0469,4.0,512,8192,4096,16384,4672,3116.27,13088.7,3804.05,0.069
mixed,64,3,0.0469,4.0,1024,0,128,512,146,336.706,462.594,341.568,0.0386
mixed,64,3,0.0469,4.0,1024,0,256,1024,292,380.48,668.994,395.586,0.0524
mixed,64,3,0.0469,4.0,1024,0,512,2048,584,454.37,1053.7,535.713,0.1357
mixed,64,3,0.0469,4.0,1024,0,1024,4096,1168,705.314,2320.71,847.874,0.0883
mixed,64,3,0.0469,4.0,1024,0,2048,8192,2336,1198.31,4611.64,1457.76,0.076
mixed,64,3,0.0469,4.0,1024,0,4096,16384,4672,2652.97,8893.95,3342.99,0.1106
mixed,64,3,0.0469,4.0,1024,512,128,512,146,389.312,514.594,392.096,0.0222
mixed,64,3,0.0469,4.0,1024,512,256,1024,292,452.736,718.498,438.402,-0.0539
mixed,64,3,0.0469,4.0,1024,512,512,2048,584,521.986,1089.96,573.055,0.0899
mixed,64,3,0.0469,4.0,1024,512,1024,4096,1168,741.793,2328.65,924.258,0.115
mixed,64,3,0.0469,4.0,1024,512,2048,8192,2336,1248.42,4616.43,1551.4,0.09
mixed,64,3,0.0469,4.0,1024,512,4096,16384,4672,2654.66,8973.38,3305.45,0.103
mixed,64,3,0.0469,4.0,1024,1024,128,512,146,452.576,580.739,478.754,0.2043
mixed,64,3,0.0469,4.0,1024,1024,256,1024,292,517.73,782.37,527.329,0.0363
mixed,64,3,0.0469,4.0,1024,1024,512,2048,584,613.187,1161.44,634.463,0.0388
mixed,64,3,0.0469,4.0,1024,1024,1024,4096,1168,823.842,2370.76,924.611,0.0651
mixed,64,3,0.0469,4.0,1024,1024,2048,8192,2336,1284.55,4662,1592.87,0.0913
mixed,64,3,0.0469,4.0,1024,1024,4096,16384,4672,2721.58,9083.88,3296.39,0.0903
mixed,64,3,0.0469,4.0,1024,2048,128,512,146,577.539,708.707,574.914,-0.02
mixed,64,3,0.0469,4.0,1024,2048,256,1024,292,620.513,886.979,627.746,0.0271
mixed,64,3,0.0469,4.0,1024,2048,512,2048,584,714.915,1204.36,731.49,0.0339
mixed,64,3,0.0469,4.0,1024,2048,1024,4096,1168,936.387,2422.6,1039.46,0.0694
mixed,64,3,0.0469,4.0,1024,2048,2048,8192,2336,1360.84,5207.06,1647.27,0.0745
mixed,64,3,0.0469,4.0,1024,2048,4096,16384,4672,3186.06,10196.3,3316.65,0.0186
mixed,64,3,0.0469,4.0,1024,4096,128,512,146,835.875,996.132,840.996,0.032
mixed,64,3,0.0469,4.0,1024,4096,256,1024,292,897.891,1133.22,862.401,-0.1508
mixed,64,3,0.0469,4.0,1024,4096,512,2048,584,955.587,1492.74,1016.84,0.114
mixed,64,3,0.0469,4.0,1024,4096,1024,4096,1168,1185.77,2574.54,1179.01,-0.0049
mixed,64,3,0.0469,4.0,1024,4096,2048,8192,2336,1571.65,7186.01,1852.39,0.05
mixed,64,3,0.0469,4.0,1024,4096,4096,16384,4672,2956.78,15757.1,3684.65,0.0569
mixed,64,3,0.0469,4.0,1024,8192,128,512,146,1276.13,1424.1,1278.95,0.019
mixed,64,3,0.0469,4.0,1024,8192,256,1024,292,1323.78,1609.99,1323.85,0.0002
mixed,64,3,0.0469,4.0,1024,8192,512,2048,584,1410.6,2005.22,1433.13,0.0379
mixed,64,3,0.0469,4.0,1024,8192,1024,4096,1168,1670.73,2821.1,1750.34,0.0692
mixed,64,3,0.0469,4.0,1024,8192,2048,8192,2336,2182.35,5179.89,2098.98,-0.0278
mixed,64,3,0.0469,4.0,1024,8192,4096,16384,4672,2989.58,15317.2,3655.82,0.054
mixed,64,3,0.0469,4.0,2048,0,128,512,146,612.001,734.178,613.827,0.0149
mixed,64,3,0.0469,4.0,2048,0,256,1024,292,654.851,909.507,663.713,0.0348
mixed,64,3,0.0469,4.0,2048,0,512,2048,584,773.508,1347.07,796.547,0.0402
mixed,64,3,0.0469,4.0,2048,0,1024,4096,1168,990.563,2419.62,1081.86,0.0639
mixed,64,3,0.0469,4.0,2048,0,2048,8192,2336,1402.12,4869.75,1689.83,0.083
mixed,64,3,0.0469,4.0,2048,0,4096,16384,4672,2842.19,9355.08,3276.53,0.0667
mixed,64,3,0.0469,4.0,2048,512,128,512,146,715.363,839.65,718.276,0.0234
mixed,64,3,0.0469,4.0,2048,512,256,1024,292,759.971,1013.48,767.075,0.028
mixed,64,3,0.0469,4.0,2048,512,512,2048,584,881.988,1418.73,860.611,-0.0398
mixed,64,3,0.0469,4.0,2048,512,1024,4096,1168,1099.33,2410.15,1177.22,0.0594
mixed,64,3,0.0469,4.0,2048,512,2048,8192,2336,1497.54,5468.79,1801.96,0.0767
mixed,64,3,0.0469,4.0,2048,512,4096,16384,4672,3062.73,10476.2,3343.25,0.0378
mixed,64,3,0.0469,4.0,2048,1024,128,512,146,848.996,983.429,820.612,-0.2111
mixed,64,3,0.0469,4.0,2048,1024,256,1024,292,858.021,1114.15,869.988,0.0467
mixed,64,3,0.0469,4.0,2048,1024,512,2048,584,947.238,1461,964.293,0.0332
mixed,64,3,0.0469,4.0,2048,1024,1024,4096,1168,1162.21,2536.04,1286.82,0.0907
mixed,64,3,0.0469,4.0,2048,1024,2048,8192,2336,1629.61,5797.11,1848.59,0.0525
mixed,64,3,0.0469,4.0,2048,1024,4096,16384,4672,3111.92,11764.2,3321.26,0.0242
mixed,64,3,0.0469,4.0,2048,2048,128,512,146,1016.29,1143.3,1019.11,0.0222
mixed,64,3,0.0469,4.0,2048,2048,256,1024,292,1064.42,1321.54,1069.44,0.0195
mixed,64,3,0.0469,4.0,2048,2048,512,2048,584,1147.36,1654.05,1170.66,0.046
mixed,64,3,0.0469,4.0,2048,2048,1024,4096,1168,1365.83,2429.48,1377.86,0.0113
mixed,64,3,0.0469,4.0,2048,2048,2048,8192,2336,1742.76,7184.19,2011.69,0.0494
mixed,64,3,0.0469,4.0,2048,2048,4096,16384,4672,2745.2,14617.3,3266.32,0.0439
mixed,64,3,0.0469,4.0,2048,4096,128,512,146,1466.66,1541.19,1473.7,0.0944
mixed,64,3,0.0469,4.0,2048,4096,256,1024,292,1456.2,1718.79,1464.26,0.0307
mixed,64,3,0.0469,4.0,2048,4096,512,2048,584,1549.89,2063.53,1597.06,0.0918
mixed,64,3,0.0469,4.0,2048,4096,1024,4096,1168,1849.09,2907.98,1839.05,-0.0095
mixed,64,3,0.0469,4.0,2048,4096,2048,8192,2336,2150.79,7760.67,2404.39,0.0452
mixed,64,3,0.0469,4.0,2048,4096,4096,16384,4672,3041.07,16146.9,4113.17,0.0818
mixed,64,3,0.0469,4.0,2048,8192,128,512,146,2138.47,2300.65,2193.74,0.3408
mixed,64,3,0.0469,4.0,2048,8192,256,1024,292,2297.09,2637.22,2306.92,0.0289
mixed,64,3,0.0469,4.0,2048,8192,512,2048,584,2307.91,2902.25,2338.6,0.0516
mixed,64,3,0.0469,4.0,2048,8192,1024,4096,1168,2561.7,3767.05,2561.64,-0.0001
mixed,64,3,0.0469,4.0,2048,8192,2048,8192,2336,2977.61,5628.89,2991.47,0.0052
mixed,64,3,0.0469,4.0,2048,8192,4096,16384,4672,4020.27,15771.2,4407.08,0.0329
pure,64,4,0.0625,4.0,0,0,128,512,152,78.914,176.452,93.022,0.1446
pure,64,4,0.0625,4.0,0,0,256,1024,304,115.01,354.819,123.232,0.0343
pure,64,4,0.0625,4.0,0,0,512,2048,608,204.642,636.772,206.914,0.0053
pure,64,4,0.0625,4.0,0,0,1024,4096,1216,409.249,1172.96,411.138,0.0025
pure,64,4,0.0625,4.0,0,0,2048,8192,2432,736.259,2235.94,738.626,0.0016
pure,64,4,0.0625,4.0,0,0,4096,16384,4864,1368.13,4335.69,1375.94,0.0026
mixed,64,4,0.0625,4.0,16,0,128,512,152,143.969,299.714,167.295,0.1498
mixed,64,4,0.0625,4.0,16,0,256,1024,304,199.968,515.937,245.249,0.1433
mixed,64,4,0.0625,4.0,16,0,512,2048,608,314.562,961.092,407.458,0.1437
mixed,64,4,0.0625,4.0,16,0,1024,4096,1216,569.155,2256.46,730.851,0.0958
mixed,64,4,0.0625,4.0,16,0,2048,8192,2432,1133.03,4507.34,1401.57,0.0796
mixed,64,4,0.0625,4.0,16,0,4096,16384,4864,2701.74,8930.11,3337.74,0.1021
mixed,64,4,0.0625,4.0,16,512,128,512,152,162.688,290.402,162.239,-0.0035
mixed,64,4,0.0625,4.0,16,512,256,1024,304,205.921,497.601,237.857,0.1095
mixed,64,4,0.0625,4.0,16,512,512,2048,608,307.393,924.578,392,0.1371
mixed,64,4,0.0625,4.0,16,512,1024,4096,1216,547.617,2216.45,714.529,0.1
mixed,64,4,0.0625,4.0,16,512,2048,8192,2432,1098.5,4452.62,1343.91,0.0732
mixed,64,4,0.0625,4.0,16,512,4096,16384,4864,2672.49,8829.15,3345.42,0.1093
mixed,64,4,0.0625,4.0,16,1024,128,512,152,195.104,318.368,194.56,-0.0044
mixed,64,4,0.0625,4.0,16,1024,256,1024,304,238.049,501.281,238.912,0.0033
mixed,64,4,0.0625,4.0,16,1024,512,2048,608,333.888,932.483,393.121,0.099
mixed,64,4,0.0625,4.0,16,1024,1024,4096,1216,550.754,2223.46,719.715,0.101
mixed,64,4,0.0625,4.0,16,1024,2048,8192,2432,1095.97,4456.17,1353.76,0.0767
mixed,64,4,0.0625,4.0,16,1024,4096,16384,4864,2677.73,8859.78,3348.36,0.1085
mixed,64,4,0.0625,4.0,16,2048,128,512,152,256.609,382.946,256.674,0.0005
mixed,64,4,0.0625,4.0,16,2048,256,1024,304,300.961,558.369,301.346,0.0015
mixed,64,4,0.0625,4.0,16,2048,512,2048,608,398.4,939.331,394.498,-0.0072
mixed,64,4,0.0625,4.0,16,2048,1024,4096,1216,597.986,2205.48,722.786,0.0776
mixed,64,4,0.0625,4.0,16,2048,2048,8192,2432,1100.1,4463.98,1354.56,0.0756
mixed,64,4,0.0625,4.0,16,2048,4096,16384,4864,2683.4,8881.25,3290.35,0.0979
mixed,64,4,0.0625,4.0,16,4096,128,512,152,380.225,505.154,380.866,0.0051
mixed,64,4,0.0625,4.0,16,4096,256,1024,304,424.353,684.771,425.826,0.0057
mixed,64,4,0.0625,4.0,16,4096,512,2048,608,523.488,1021.19,519.49,-0.008
mixed,64,4,0.0625,4.0,16,4096,1024,4096,1216,728.867,2273,723.171,-0.0037
mixed,64,4,0.0625,4.0,16,4096,2048,8192,2432,1171.62,4638.54,1370.88,0.0575
mixed,64,4,0.0625,4.0,16,4096,4096,16384,4864,2719.72,9273.35,3265.23,0.0832
mixed,64,4,0.0625,4.0,16,8192,128,512,152,627.747,754.594,626.849,-0.0071
mixed,64,4,0.0625,4.0,16,8192,256,1024,304,670.69,931.395,674.435,0.0144
mixed,64,4,0.0625,4.0,16,8192,512,2048,608,772.929,1272.23,765.986,-0.0139
mixed,64,4,0.0625,4.0,16,8192,1024,4096,1216,978.978,2583.02,1040.45,0.0383
mixed,64,4,0.0625,4.0,16,8192,2048,8192,2432,1486.37,4584.82,1424.16,-0.0201
mixed,64,4,0.0625,4.0,16,8192,4096,16384,4864,2991.05,9468.42,3276.72,0.0441
mixed,64,4,0.0625,4.0,32,0,128,512,152,143.776,300.128,166.848,0.1476
mixed,64,4,0.0625,4.0,32,0,256,1024,304,200.288,517.027,246.24,0.1451
mixed,64,4,0.0625,4.0,32,0,512,2048,608,315.425,961.956,407.52,0.1424
mixed,64,4,0.0625,4.0,32,0,1024,4096,1216,568.033,2259.46,733.762,0.098
mixed,64,4,0.0625,4.0,32,0,2048,8192,2432,1139.17,4456.3,1402.88,0.0795
mixed,64,4,0.0625,4.0,32,0,4096,16384,4864,2703.82,8972.07,3380.66,0.108
mixed,64,4,0.0625,4.0,32,512,128,512,152,169.441,301.346,169.728,0.0022
mixed,64,4,0.0625,4.0,32,512,256,1024,304,215.934,516.93,248.032,0.1066
mixed,64,4,0.0625,4.0,32,512,512,2048,608,318.08,960.674,409.249,0.1419
mixed,64,4,0.0625,4.0,32,512,1024,4096,1216,569.603,2256.33,737.475,0.0995
mixed,64,4,0.0625,4.0,32,512,2048,8192,2432,1137.73,4504.59,1394.44,0.0762
mixed,64,4,0.0625,4.0,32,512,4096,16384,4864,2707.88,8982.43,3385.58,0.108
mixed,64,4,0.0625,4.0,32,1024,128,512,152,202.591,329.281,203.137,0.0043
mixed,64,4,0.0625,4.0,32,1024,256,1024,304,248.991,517.603,249.186,0.0007
mixed,64,4,0.0625,4.0,32,1024,512,2048,608,347.425,966.722,408.512,0.0986
mixed,64,4,0.0625,4.0,32,1024,1024,4096,1216,571.939,2257.83,738.978,0.0991
mixed,64,4,0.0625,4.0,32,1024,2048,8192,2432,1135.97,4479.15,1401.92,0.0796
mixed,64,4,0.0625,4.0,32,1024,4096,16384,4864,2715.11,9003.24,3379.41,0.1056
mixed,64,4,0.0625,4.0,32,2048,128,512,152,269.087,398.594,268.577,-0.0039
mixed,64,4,0.0625,4.0,32,2048,256,1024,304,314.656,579.233,316.096,0.0054
mixed,64,4,0.0625,4.0,32,2048,512,2048,608,414.979,975.107,412.223,-0.0049
mixed,64,4,0.0625,4.0,32,2048,1024,4096,1216,621.442,2250.57,742.978,0.0746
mixed,64,4,0.0625,4.0,32,2048,2048,8192,2432,1139.27,4531.92,1405.7,0.0785
mixed,64,4,0.0625,4.0,32,2048,4096,16384,4864,2711.02,8947.36,3330.79,0.0994
mixed,64,4,0.0625,4.0,32,4096,128,512,152,394.882,528.354,393.698,-0.0089
mixed,64,4,0.0625,4.0,32,4096,256,1024,304,442.21,708.77,445.342,0.0117
mixed,64,4,0.0625,4.0,32,4096,512,2048,608,547.938,1063.78,541.315,-0.0128
mixed,64,4,0.0625,4.0,32,4096,1024,4096,1216,755.905,2302.28,743.363,-0.0081
mixed,64,4,0.0625,4.0,32,4096,2048,8192,2432,1220.93,4670.35,1420.74,0.0579
mixed,64,4,0.0625,4.0,32,4096,4096,16384,4864,2753.32,9345.38,3324.01,0.0866
mixed,64,4,0.0625,4.0,32,8192,128,512,152,654.466,783.459,657.282,0.0218
mixed,64,4,0.0625,4.0,32,8192,256,1024,304,695.906,972.549,702.914,0.0253
mixed,64,4,0.0625,4.0,32,8192,512,2048,608,804.898,1344.84,799.78,-0.0095
mixed,64,4,0.0625,4.0,32,8192,1024,4096,1216,1015.72,2577.61,1040.84,0.0161
mixed,64,4,0.0625,4.0,32,8192,2048,8192,2432,1486.44,4577.61,1462.76,-0.0077
mixed,64,4,0.0625,4.0,32,8192,4096,16384,4864,2980.3,9444.16,3290.57,0.048
mixed,64,4,0.0625,4.0,64,0,128,512,152,143.937,300.866,166.463,0.1435
mixed,64,4,0.0625,4.0,64,0,256,1024,304,200.065,519.106,245.442,0.1422
mixed,64,4,0.0625,4.0,64,0,512,2048,608,316.674,965.764,409.024,0.1423
mixed,64,4,0.0625,4.0,64,0,1024,4096,1216,568.77,2256.2,734.178,0.098
mixed,64,4,0.0625,4.0,64,0,2048,8192,2432,1141.38,4511.02,1413.67,0.0808
mixed,64,4,0.0625,4.0,64,0,4096,16384,4864,2710.57,9003.21,3391.98,0.1083
mixed,64,4,0.0625,4.0,64,512,128,512,152,171.04,302.527,170.465,-0.0044
mixed,64,4,0.0625,4.0,64,512,256,1024,304,216.705,517.474,248.16,0.1046
mixed,64,4,0.0625,4.0,64,512,512,2048,608,319.297,961.446,409.152,0.1399
mixed,64,4,0.0625,4.0,64,512,1024,4096,1216,571.331,2261.32,742.018,0.101
mixed,64,4,0.0625,4.0,64,512,2048,8192,2432,1140.8,4514.77,1394.85,0.0753
mixed,64,4,0.0625,4.0,64,512,4096,16384,4864,2711.3,8927.26,3413.42,0.113
mixed,64,4,0.0625,4.0,64,1024,128,512,152,204.575,332.609,204.705,0.001
mixed,64,4,0.0625,4.0,64,1024,256,1024,304,249.823,518.626,249.346,-0.0018
mixed,64,4,0.0625,4.0,64,1024,512,2048,608,348,971.33,410.882,0.1009
mixed,64,4,0.0625,4.0,64,1024,1024,4096,1216,573.315,2264.1,742.145,0.0999
mixed,64,4,0.0625,4.0,64,1024,2048,8192,2432,1141.73,4520.72,1408.58,0.079
mixed,64,4,0.0625,4.0,64,1024,4096,16384,4864,2703.82,8966.69,3388.97,0.1094
mixed,64,4,0.0625,4.0,64,2048,128,512,152,267.585,400.001,270.24,0.0201
mixed,64,4,0.0625,4.0,64,2048,256,1024,304,314.691,581.25,317.439,0.0103
mixed,64,4,0.0625,4.0,64,2048,512,2048,608,416.514,977.858,412.961,-0.0063
mixed,64,4,0.0625,4.0,64,2048,1024,4096,1216,624.322,2251.88,743.36,0.0731
mixed,64,4,0.0625,4.0,64,2048,2048,8192,2432,1144.45,4534.22,1414.95,0.0798
mixed,64,4,0.0625,4.0,64,2048,4096,16384,4864,2720.55,8959.58,3338.73,0.0991
mixed,64,4,0.0625,4.0,64,4096,128,512,152,398.337,530.498,397.631,-0.0053
mixed,64,4,0.0625,4.0,64,4096,256,1024,304,443.393,713.537,445.154,0.0065
mixed,64,4,0.0625,4.0,64,4096,512,2048,608,546.465,1071.42,545.217,-0.0024
mixed,64,4,0.0625,4.0,64,4096,1024,4096,1216,758.623,2305.09,744.513,-0.0091
mixed,64,4,0.0625,4.0,64,4096,2048,8192,2432,1228.77,4678.77,1421.32,0.0558
mixed,64,4,0.0625,4.0,64,4096,4096,16384,4864,2749.64,9366.5,3335.75,0.0886
mixed,64,4,0.0625,4.0,64,8192,128,512,152,650.274,787.521,663.17,0.094
mixed,64,4,0.0625,4.0,64,8192,256,1024,304,700.321,972.834,706.496,0.0227
mixed,64,4,0.0625,4.0,64,8192,512,2048,608,803.362,1336.71,803.455,0.0002
mixed,64,4,0.0625,4.0,64,8192,1024,4096,1216,1022.63,2581.99,1045.19,0.0145
mixed,64,4,0.0625,4.0,64,8192,2048,8192,2432,1494.12,4583.02,1465.64,-0.0092
mixed,64,4,0.0625,4.0,64,8192,4096,16384,4864,2963.4,9511.81,3252.46,0.0441
mixed,64,4,0.0625,4.0,128,0,128,512,152,146.145,296.001,167.392,0.1418
mixed,64,4,0.0625,4.0,128,0,256,1024,304,199.617,507.649,244.289,0.145
mixed,64,4,0.0625,4.0,128,0,512,2048,608,311.424,940.386,401.313,0.1429
mixed,64,4,0.0625,4.0,128,0,1024,4096,1216,556.16,2228.14,718.628,0.0972
mixed,64,4,0.0625,4.0,128,0,2048,8192,2432,1107.46,4453.01,1361.32,0.0759
mixed,64,4,0.0625,4.0,128,0,4096,16384,4864,2678.15,8826.59,3339.72,0.1076
mixed,64,4,0.0625,4.0,128,512,128,512,152,171.36,298.689,172.96,0.0126
mixed,64,4,0.0625,4.0,128,512,256,1024,304,216.032,507.808,249.471,0.1146
mixed,64,4,0.0625,4.0,128,512,512,2048,608,315.232,941.284,403.359,0.1408
mixed,64,4,0.0625,4.0,128,512,1024,4096,1216,558.142,2238.7,724.995,0.0993
mixed,64,4,0.0625,4.0,128,512,2048,8192,2432,1109.92,4470.9,1355.68,0.0731
mixed,64,4,0.0625,4.0,128,512,4096,16384,4864,2681.9,8870.08,3346.73,0.1074
mixed,64,4,0.0625,4.0,128,1024,128,512,152,204.638,327.747,208.192,0.0289
mixed,64,4,0.0625,4.0,128,1024,256,1024,304,249.887,511.841,258.976,0.0347
mixed,64,4,0.0625,4.0,128,1024,512,2048,608,342.402,943.234,404.098,0.1027
mixed,64,4,0.0625,4.0,128,1024,1024,4096,1216,561.441,2235.33,727.298,0.0991
mixed,64,4,0.0625,4.0,128,1024,2048,8192,2432,1108.16,4467.41,1363.43,0.076
mixed,64,4,0.0625,4.0,128,1024,4096,16384,4864,2692.97,8810.72,3348.2,0.1071
mixed,64,4,0.0625,4.0,128,2048,128,512,152,269.441,393.727,276.192,0.0543
mixed,64,4,0.0625,4.0,128,2048,256,1024,304,313.377,574.691,328.064,0.0562
mixed,64,4,0.0625,4.0,128,2048,512,2048,608,409.441,951.683,433.922,0.0451
mixed,64,4,0.0625,4.0,128,2048,1024,4096,1216,615.043,2207.08,749.377,0.0844
mixed,64,4,0.0625,4.0,128,2048,2048,8192,2432,1114.12,4487.37,1374.66,0.0772
mixed,64,4,0.0625,4.0,128,2048,4096,16384,4864,2693.19,8858.27,3283.4,0.0957
mixed,64,4,0.0625,4.0,128,4096,128,512,152,408.065,542.531,417.473,0.07
mixed,64,4,0.0625,4.0,128,4096,256,1024,304,457.858,731.297,472.993,0.0554
mixed,64,4,0.0625,4.0,128,4096,512,2048,608,560.289,1090.66,587.394,0.0511
mixed,64,4,0.0625,4.0,128,4096,1024,4096,1216,775.938,2330.6,809.826,0.0218
mixed,64,4,0.0625,4.0,128,4096,2048,8192,2432,1244.99,4876.53,1474.15,0.0631
mixed,64,4,0.0625,4.0,128,4096,4096,16384,4864,2786.15,10023.8,3243.11,0.0631
mixed,64,4,0.0625,4.0,128,8192,128,512,152,672.641,800.225,676.513,0.0303
mixed,64,4,0.0625,4.0,128,8192,256,1024,304,716.738,996.804,727.714,0.0392
mixed,64,4,0.0625,4.0,128,8192,512,2048,608,820.324,1377.51,843.523,0.0416
mixed,64,4,0.0625,4.0,128,8192,1024,4096,1216,1034.63,2586.99,1079.84,0.0291
mixed,64,4,0.0625,4.0,128,8192,2048,8192,2432,1527.01,4562.35,1507.37,-0.0065
mixed,64,4,0.0625,4.0,128,8192,4096,16384,4864,2987.95,10040.7,3496.59,0.0721
mixed,64,4,0.0625,4.0,256,0,128,512,152,169.44,321.439,191.393,0.1444
mixed,64,4,0.0625,4.0,256,0,256,1024,304,224.927,534.21,273.152,0.1559
mixed,64,4,0.0625,4.0,256,0,512,2048,608,335.168,970.785,432.865,0.1537
mixed,64,4,0.0625,4.0,256,0,1024,4096,1216,588.388,2267.46,753.763,0.0985
mixed,64,4,0.0625,4.0,256,0,2048,8192,2432,1146.24,4516.17,1407.72,0.0776
mixed,64,4,0.0625,4.0,256,0,4096,16384,4864,2717.93,9000.23,3390.32,0.107
mixed,64,4,0.0625,4.0,256,512,128,512,152,206.723,329.057,211.744,0.041
mixed,64,4,0.0625,4.0,256,512,256,1024,304,250.88,536.384,283.456,0.1141
mixed,64,4,0.0625,4.0,256,512,512,2048,608,343.682,976.802,443.454,0.1576
mixed,64,4,0.0625,4.0,256,512,1024,4096,1216,590.563,2269.67,770.017,0.1069
mixed,64,4,0.0625,4.0,256,512,2048,8192,2432,1150.53,4523.25,1410.56,0.0771
mixed,64,4,0.0625,4.0,256,512,4096,16384,4864,2721.96,8962.14,3373.39,0.1044
mixed,64,4,0.0625,4.0,256,1024,128,512,152,238.433,351.075,241.857,0.0304
mixed,64,4,0.0625,4.0,256,1024,256,1024,304,280.224,531.49,290.464,0.0408
mixed,64,4,0.0625,4.0,256,1024,512,2048,608,366.465,945.219,444.321,0.1345
mixed,64,4,0.0625,4.0,256,1024,1024,4096,1216,573.122,2227.24,761.571,0.1139
mixed,64,4,0.0625,4.0,256,1024,2048,8192,2432,1114.24,4464.46,1368.93,0.076
mixed,64,4,0.0625,4.0,256,1024,4096,16384,4864,2690.79,8899.78,3328.14,0.1026
mixed,64,4,0.0625,4.0,256,2048,128,512,152,309.409,428.099,313.728,0.0364
mixed,64,4,0.0625,4.0,256,2048,256,1024,304,358.114,614.498,364.768,0.026
mixed,64,4,0.0625,4.0,256,2048,512,2048,608,438.561,956.963,467.555,0.0559
mixed,64,4,0.0625,4.0,256,2048,1024,4096,1216,650.528,2193.64,785.312,0.0873
mixed,64,4,0.0625,4.0,256,2048,2048,8192,2432,1120.1,4502.22,1422.88,0.0895
mixed,64,4,0.0625,4.0,256,2048,4096,16384,4864,2719.88,8906.06,3185.74,0.0753
mixed,64,4,0.0625,4.0,256,4096,128,512,152,449.218,605.825,454.338,0.0327
mixed,64,4,0.0625,4.0,256,4096,256,1024,304,506.626,783.107,520.259,0.0493
mixed,64,4,0.0625,4.0,256,4096,512,2048,608,619.04,1130.47,638.113,0.0373
mixed,64,4,0.0625,4.0,256,4096,1024,4096,1216,824.901,2359.62,850.821,0.0169
mixed,64,4,0.0625,4.0,256,4096,2048,8192,2432,1289.77,5320.37,1514.66,0.0558
mixed,64,4,0.0625,4.0,256,4096,4096,16384,4864,2816.27,11208.1,3480.88,0.0792
mixed,64,4,0.0625,4.0,256,8192,128,512,152,709.572,864.036,717.41,0.0507
mixed,64,4,0.0625,4.0,256,8192,256,1024,304,769.316,1089.54,782.497,0.0412
mixed,64,4,0.0625,4.0,256,8192,512,2048,608,880.514,1474.05,899.557,0.0321
mixed,64,4,0.0625,4.0,256,8192,1024,4096,1216,1152.13,2620.3,1145.09,-0.0048
mixed,64,4,0.0625,4.0,256,8192,2048,8192,2432,1546.92,4696.05,1583.2,0.0115
mixed,64,4,0.0625,4.0,256,8192,4096,16384,4864,3016.62,11221.7,3541.49,0.064
mixed,64,4,0.0625,4.0,512,0,128,512,152,219.073,362.272,229.537,0.0731
mixed,64,4,0.0625,4.0,512,0,256,1024,304,266.464,569.186,312.834,0.1532
mixed,64,4,0.0625,4.0,512,0,512,2048,608,374.659,997.922,477.984,0.1658
mixed,64,4,0.0625,4.0,512,0,1024,4096,1216,627.618,2261.41,772.227,0.0885
mixed,64,4,0.0625,4.0,512,0,2048,8192,2432,1131.62,4482.35,1390.18,0.0772
mixed,64,4,0.0625,4.0,512,0,4096,16384,4864,2711.59,8905.31,3400.33,0.1112
mixed,64,4,0.0625,4.0,512,512,128,512,152,270.624,391.938,275.297,0.0385
mixed,64,4,0.0625,4.0,512,512,256,1024,304,315.841,604.064,332.672,0.0584
mixed,64,4,0.0625,4.0,512,512,512,2048,608,406.048,1009.76,495.233,0.1477
mixed,64,4,0.0625,4.0,512,512,1024,4096,1216,654.785,2296.2,826.659,0.1047
mixed,64,4,0.0625,4.0,512,512,2048,8192,2432,1171.62,4531.34,1473.25,0.0898
mixed,64,4,0.0625,4.0,512,512,4096,16384,4864,2753.39,8946.43,3350.03,0.0963
mixed,64,4,0.0625,4.0,512,1024,128,512,152,306.271,424.224,308.736,0.0209
mixed,64,4,0.0625,4.0,512,1024,256,1024,304,348.544,611.746,361.987,0.0511
mixed,64,4,0.0625,4.0,512,1024,512,2048,608,441.507,991.749,496.257,0.0995
mixed,64,4,0.0625,4.0,512,1024,1024,4096,1216,668.641,2248.33,818.723,0.095
mixed,64,4,0.0625,4.0,512,1024,2048,8192,2432,1147.3,4494.41,1434.98,0.0859
mixed,64,4,0.0625,4.0,512,1024,4096,16384,4864,2714.54,8899.75,3253.36,0.0871
mixed,64,4,0.0625,4.0,512,2048,128,512,152,395.523,521.026,401.024,0.0438
mixed,64,4,0.0625,4.0,512,2048,256,1024,304,439.199,700.642,452.704,0.0517
mixed,64,4,0.0625,4.0,512,2048,512,2048,608,531.426,1056.99,552.289,0.0397
mixed,64,4,0.0625,4.0,512,2048,1024,4096,1216,737.954,2264.97,847.49,0.0717
mixed,64,4,0.0625,4.0,512,2048,2048,8192,2432,1227.2,4604.66,1544.2,0.0939
mixed,64,4,0.0625,4.0,512,2048,4096,16384,4864,2891.62,9145.48,3272.49,0.0609
mixed,64,4,0.0625,4.0,512,4096,128,512,152,549.569,691.202,558.624,0.0639
mixed,64,4,0.0625,4.0,512,4096,256,1024,304,610.434,875.139,624.575,0.0534
mixed,64,4,0.0625,4.0,512,4096,512,2048,608,709.217,1215.04,727.236,0.0356
mixed,64,4,0.0625,4.0,512,4096,1024,4096,1216,926.691,2556.36,963.204,0.0224
mixed,64,4,0.0625,4.0,512,4096,2048,8192,2432,1405.95,6292.47,1611.62,0.0421
mixed,64,4,0.0625,4.0,512,4096,4096,16384,4864,3074.64,13299.6,3469.32,0.0386
mixed,64,4,0.0625,4.0,512,8192,128,512,152,797.73,1001.25,810.116,0.0609
mixed,64,4,0.0625,4.0,512,8192,256,1024,304,870.147,1231.43,890.178,0.0554
mixed,64,4,0.0625,4.0,512,8192,512,2048,608,1018.37,1582.76,1060.29,0.0743
mixed,64,4,0.0625,4.0,512,8192,1024,4096,1216,1272.48,2755.62,1280.87,0.0057
mixed,64,4,0.0625,4.0,512,8192,2048,8192,2432,1716.33,5089.2,1684.58,-0.0094
mixed,64,4,0.0625,4.0,512,8192,4096,16384,4864,3145.93,13244.7,3833.55,0.0681
mixed,64,4,0.0625,4.0,1024,0,128,512,152,323.904,444.482,327.648,0.0311
mixed,64,4,0.0625,4.0,1024,0,256,1024,304,366.72,649.089,383.872,0.0607
mixed,64,4,0.0625,4.0,1024,0,512,2048,608,456.098,1055.71,543.969,0.1465
mixed,64,4,0.0625,4.0,1024,0,1024,4096,1216,706.435,2317.7,863.107,0.0972
mixed,64,4,0.0625,4.0,1024,0,2048,8192,2432,1213.22,4574.42,1547.43,0.0994
mixed,64,4,0.0625,4.0,1024,0,4096,16384,4864,2776.52,9037.25,3323.11,0.0873
mixed,64,4,0.0625,4.0,1024,512,128,512,152,408.097,535.971,410.785,0.021
mixed,64,4,0.0625,4.0,1024,512,256,1024,304,452.483,715.202,463.328,0.0413
mixed,64,4,0.0625,4.0,1024,512,512,2048,608,541.409,1090.85,582.466,0.0747
mixed,64,4,0.0625,4.0,1024,512,1024,4096,1216,775.394,2363.15,938.241,0.1026
mixed,64,4,0.0625,4.0,1024,512,2048,8192,2432,1298.08,4582.45,1584.13,0.0871
mixed,64,4,0.0625,4.0,1024,512,4096,16384,4864,2822.09,9054.56,3306.16,0.0777
mixed,64,4,0.0625,4.0,1024,1024,128,512,152,453.73,578.593,456.448,0.0218
mixed,64,4,0.0625,4.0,1024,1024,256,1024,304,497.217,750.53,507.136,0.0392
mixed,64,4,0.0625,4.0,1024,1024,512,2048,608,592.416,1127.14,636.319,0.0821
mixed,64,4,0.0625,4.0,1024,1024,1024,4096,1216,797.124,2326.79,977.763,0.1181
mixed,64,4,0.0625,4.0,1024,1024,2048,8192,2432,1337,4603.54,1567.84,0.0707
mixed,64,4,0.0625,4.0,1024,1024,4096,16384,4864,2835.43,9016.32,3363.31,0.0854
mixed,64,4,0.0625,4.0,1024,2048,128,512,152,574.563,703.778,606.721,0.2489
mixed,64,4,0.0625,4.0,1024,2048,256,1024,304,642.881,888.131,628.738,-0.0577
mixed,64,4,0.0625,4.0,1024,2048,512,2048,608,719.683,1205.83,735.298,0.0321
mixed,64,4,0.0625,4.0,1024,2048,1024,4096,1216,937.474,2477.58,1058.5,0.0786
mixed,64,4,0.0625,4.0,1024,2048,2048,8192,2432,1409.77,5413.07,1702.92,0.0732
mixed,64,4,0.0625,4.0,1024,2048,4096,16384,4864,3330.64,10392.6,3423.53,0.0132
mixed,64,4,0.0625,4.0,1024,4096,128,512,152,804.771,939.941,811.267,0.0481
mixed,64,4,0.0625,4.0,1024,4096,256,1024,304,854.338,1135.11,871.203,0.0601
mixed,64,4,0.0625,4.0,1024,4096,512,2048,608,959.14,1486.88,981.346,0.0421
mixed,64,4,0.0625,4.0,1024,4096,1024,4096,1216,1189.96,2576.2,1193.89,0.0028
mixed,64,4,0.0625,4.0,1024,4096,2048,8192,2432,1602.95,7216.95,1814.72,0.0377
mixed,64,4,0.0625,4.0,1024,4096,4096,16384,4864,3031.34,15701.3,3863.31,0.0657
mixed,64,4,0.0625,4.0,1024,8192,128,512,152,1277.54,1402.6,1280.87,0.0266
mixed,64,4,0.0625,4.0,1024,8192,256,1024,304,1317.12,1625.83,1397,0.2587
mixed,64,4,0.0625,4.0,1024,8192,512,2048,608,1493.92,2090.47,1519.01,0.0421
mixed,64,4,0.0625,4.0,1024,8192,1024,4096,1216,1740.04,2715.63,1695.24,-0.0459
mixed,64,4,0.0625,4.0,1024,8192,2048,8192,2432,2126.34,5168.05,2133.45,0.0023
mixed,64,4,0.0625,4.0,1024,8192,4096,16384,4864,3100.65,15393,3945.58,0.0687
mixed,64,4,0.0625,4.0,2048,0,128,512,152,612.673,763.587,642.721,0.1991
mixed,64,4,0.0625,4.0,2048,0,256,1024,304,685.57,943.394,666.435,-0.0742
mixed,64,4,0.0625,4.0,2048,0,512,2048,608,744.29,1296.26,771.744,0.0497
mixed,64,4,0.0625,4.0,2048,0,1024,4096,1216,957.476,2421.99,1097.03,0.0953
mixed,64,4,0.0625,4.0,2048,0,2048,8192,2432,1449.35,4864.85,1719.46,0.0791
mixed,64,4,0.0625,4.0,2048,0,4096,16384,4864,3037.19,9522.82,3325.9,0.0445
mixed,64,4,0.0625,4.0,2048,512,128,512,152,717.41,839.49,721.251,0.0315
mixed,64,4,0.0625,4.0,2048,512,256,1024,304,760.163,1012.8,769.217,0.0358
mixed,64,4,0.0625,4.0,2048,512,512,2048,608,847.489,1373.41,870.114,0.043
mixed,64,4,0.0625,4.0,2048,512,1024,4096,1216,1062.12,2418.57,1173.92,0.0824
mixed,64,4,0.0625,4.0,2048,512,2048,8192,2432,1524.48,5421.75,1799.04,0.0704
mixed,64,4,0.0625,4.0,2048,512,4096,16384,4864,3343.44,10628.5,3494.41,0.0207
mixed,64,4,0.0625,4.0,2048,1024,128,512,152,818.979,941.572,819.876,0.0073
mixed,64,4,0.0625,4.0,2048,1024,256,1024,304,863.17,1117.03,908.675,0.1793
mixed,64,4,0.0625,4.0,2048,1024,512,2048,608,952.547,1463.17,968.418,0.0311
mixed,64,4,0.0625,4.0,2048,1024,1024,4096,1216,1165.35,2544.55,1243.2,0.0564
mixed,64,4,0.0625,4.0,2048,1024,2048,8192,2432,1606.54,5934.58,1963.17,0.0824
mixed,64,4,0.0625,4.0,2048,1024,4096,16384,4864,3276.49,11747.8,3345.39,0.0081
mixed,64,4,0.0625,4.0,2048,2048,128,512,152,1017.6,1195.94,1070.05,0.2941
mixed,64,4,0.0625,4.0,2048,2048,256,1024,304,1064.87,1380.74,1075.11,0.0324
mixed,64,4,0.0625,4.0,2048,2048,512,2048,608,1152.71,1655.49,1228.45,0.1507
mixed,64,4,0.0625,4.0,2048,2048,1024,4096,1216,1373.54,2426.57,1397.06,0.0223
mixed,64,4,0.0625,4.0,2048,2048,2048,8192,2432,1785.44,7203.16,2044.26,0.0478
mixed,64,4,0.0625,4.0,2048,2048,4096,16384,4864,2959.53,14698.5,3334.25,0.0319
mixed,64,4,0.0625,4.0,2048,4096,128,512,152,1405.57,1613.22,1468.7,0.304
mixed,64,4,0.0625,4.0,2048,4096,256,1024,304,1456.64,1716.55,1466.02,0.0361
mixed,64,4,0.0625,4.0,2048,4096,512,2048,608,1549.03,2095.97,1641.54,0.1691
mixed,64,4,0.0625,4.0,2048,4096,1024,4096,1216,1769.7,2908.39,1778.95,0.0081
mixed,64,4,0.0625,4.0,2048,4096,2048,8192,2432,2196.58,7774.78,2333.61,0.0246
mixed,64,4,0.0625,4.0,2048,4096,4096,16384,4864,3101.38,16146.6,4112.81,0.0775
mixed,64,4,0.0625,4.0,2048,8192,128,512,152,2140.45,2300.01,2188.68,0.3022
mixed,64,4,0.0625,4.0,2048,8192,256,1024,304,2192.52,2633.04,2208.1,0.0354
mixed,64,4,0.0625,4.0,2048,8192,512,2048,608,2314.12,2983.69,2344.42,0.0453
mixed,64,4,0.0625,4.0,2048,8192,1024,4096,1216,2679.94,3756.04,2577.26,-0.0954
mixed,64,4,0.0625,4.0,2048,8192,2048,8192,2432,3018.16,5620.37,3025.16,0.0027
mixed,64,4,0.0625,4.0,2048,8192,4096,16384,4864,4096.39,15766.7,4597.32,0.0429
pure,64,8,0.125,4.0,0,0,128,512,176,82.016,176.545,100.545,0.196
pure,64,8,0.125,4.0,0,0,256,1024,352,124.034,353.955,136.481,0.0541
pure,64,8,0.125,4.0,0,0,512,2048,704,240.413,637.76,237.793,-0.0066
pure,64,8,0.125,4.0,0,0,1024,4096,1408,463.264,1174.44,466.082,0.004
pure,64,8,0.125,4.0,0,0,2048,8192,2816,841.184,2236.36,835.808,-0.0039
pure,64,8,0.125,4.0,0,0,4096,16384,5632,1574.31,4331.25,1574.28,-0.0
mixed,64,8,0.125,4.0,16,0,128,512,176,145.856,300.162,171.552,0.1665
mixed,64,8,0.125,4.0,16,0,256,1024,352,205.311,517.186,266.305,0.1956
mixed,64,8,0.125,4.0,16,0,512,2048,704,367.969,961.635,452.002,0.1415
mixed,64,8,0.125,4.0,16,0,1024,4096,1408,668.707,2248.39,817.154,0.094
mixed,64,8,0.125,4.0,16,0,2048,8192,2816,1387.62,4510.13,1543.68,0.05
mixed,64,8,0.125,4.0,16,0,4096,16384,5632,3130.54,8937.92,3699.72,0.098
mixed,64,8,0.125,4.0,16,512,128,512,176,171.295,301.73,173.795,0.0192
mixed,64,8,0.125,4.0,16,512,256,1024,352,218.305,514.85,268.384,0.1689
mixed,64,8,0.125,4.0,16,512,512,2048,704,368.995,956.58,452.994,0.143
mixed,64,8,0.125,4.0,16,512,1024,4096,1408,672.45,2256.78,819.394,0.0927
mixed,64,8,0.125,4.0,16,512,2048,8192,2816,1399.43,4521.01,1481.57,0.0263
mixed,64,8,0.125,4.0,16,512,4096,16384,5632,3093.77,8852.64,3668.08,0.0997
mixed,64,8,0.125,4.0,16,1024,128,512,176,196.353,318.049,199.297,0.0242
mixed,64,8,0.125,4.0,16,1024,256,1024,352,242.592,499.616,261.216,0.0725
mixed,64,8,0.125,4.0,16,1024,512,2048,704,375.04,933.666,439.042,0.1146
mixed,64,8,0.125,4.0,16,1024,1024,4096,1408,648.324,2218.18,793.922,0.0927
mixed,64,8,0.125,4.0,16,1024,2048,8192,2816,1355.72,4452.34,1487.21,0.0425
mixed,64,8,0.125,4.0,16,1024,4096,16384,5632,3105.77,8827.91,3690.64,0.1022
mixed,64,8,0.125,4.0,16,2048,128,512,176,258.625,381.92,262.368,0.0304
mixed,64,8,0.125,4.0,16,2048,256,1024,352,304.482,556.737,324.738,0.0803
mixed,64,8,0.125,4.0,16,2048,512,2048,704,439.073,940.034,444.545,0.0109
mixed,64,8,0.125,4.0,16,2048,1024,4096,1408,667.745,2212.45,796.192,0.0832
mixed,64,8,0.125,4.0,16,2048,2048,8192,2816,1327.3,4464.05,1495.68,0.0537
mixed,64,8,0.125,4.0,16,2048,4096,16384,5632,3098.16,8894.59,3642.41,0.0939
mixed,64,8,0.125,4.0,16,4096,128,512,176,383.041,506.721,385.507,0.0199
mixed,64,8,0.125,4.0,16,4096,256,1024,352,428.833,683.682,448.482,0.0771
mixed,64,8,0.125,4.0,16,4096,512,2048,704,567.585,1021.41,570.018,0.0054
mixed,64,8,0.125,4.0,16,4096,1024,4096,1408,798.562,2267.72,804.162,0.0038
mixed,64,8,0.125,4.0,16,4096,2048,8192,2816,1391.81,4627.6,1513.54,0.0376
mixed,64,8,0.125,4.0,16,4096,4096,16384,5632,3137.61,9299.3,3824.04,0.1114
mixed,64,8,0.125,4.0,16,8192,128,512,176,629.155,754.307,633.441,0.0342
mixed,64,8,0.125,4.0,16,8192,256,1024,352,675.235,932.929,694.88,0.0762
mixed,64,8,0.125,4.0,16,8192,512,2048,704,811.938,1290.47,815.714,0.0079
mixed,64,8,0.125,4.0,16,8192,1024,4096,1408,1051.56,2535.75,1051.84,0.0002
mixed,64,8,0.125,4.0,16,8192,2048,8192,2816,1668.07,4536.05,1533.48,-0.0469
mixed,64,8,0.125,4.0,16,8192,4096,16384,5632,3323.02,9468.93,3927.47,0.0983
mixed,64,8,0.125,4.0,32,0,128,512,176,139.712,288.799,165.28,0.1715
mixed,64,8,0.125,4.0,32,0,256,1024,352,196.289,499.298,254.72,0.1928
mixed,64,8,0.125,4.0,32,0,512,2048,704,355.201,931.971,432.194,0.1335
mixed,64,8,0.125,4.0,32,0,1024,4096,1408,645.571,2221.83,790.595,0.092
mixed,64,8,0.125,4.0,32,0,2048,8192,2816,1363.91,4448.18,1488.42,0.0404
mixed,64,8,0.125,4.0,32,0,4096,16384,5632,3092.59,8842.68,3673.16,0.101
mixed,64,8,0.125,4.0,32,512,128,512,176,164.384,290.112,166.848,0.0196
mixed,64,8,0.125,4.0,32,512,256,1024,352,210.273,497.633,258.625,0.1683
mixed,64,8,0.125,4.0,32,512,512,2048,704,355.712,928.132,435.872,0.14
mixed,64,8,0.125,4.0,32,512,1024,4096,1408,648.003,2223.5,792.738,0.0919
mixed,64,8,0.125,4.0,32,512,2048,8192,2816,1361.19,4459.47,1482.92,0.0393
mixed,64,8,0.125,4.0,32,512,4096,16384,5632,3093.45,8855.97,3687.69,0.1031
mixed,64,8,0.125,4.0,32,1024,128,512,176,196.032,317.345,199.778,0.0309
mixed,64,8,0.125,4.0,32,1024,256,1024,352,243.072,499.488,270.304,0.1062
mixed,64,8,0.125,4.0,32,1024,512,2048,704,389.921,957.795,439.842,0.0879
mixed,64,8,0.125,4.0,32,1024,1024,4096,1408,648.705,2253.03,822.659,0.1084
mixed,64,8,0.125,4.0,32,1024,2048,8192,2816,1411.01,4496.88,1539.91,0.0418
mixed,64,8,0.125,4.0,32,1024,4096,16384,5632,3141.45,8947.36,3719.18,0.0995
mixed,64,8,0.125,4.0,32,2048,128,512,176,269.535,398.304,274.721,0.0403
mixed,64,8,0.125,4.0,32,2048,256,1024,352,319.168,578.881,337.473,0.0705
mixed,64,8,0.125,4.0,32,2048,512,2048,704,455.136,974.083,460.995,0.0113
mixed,64,8,0.125,4.0,32,2048,1024,4096,1408,694.722,2247.11,824.514,0.0836
mixed,64,8,0.125,4.0,32,2048,2048,8192,2816,1384.68,4522.86,1554.5,0.0541
mixed,64,8,0.125,4.0,32,2048,4096,16384,5632,3154.19,8953.38,3693.55,0.093
mixed,64,8,0.125,4.0,32,4096,128,512,176,397.985,526.53,403.712,0.0446
mixed,64,8,0.125,4.0,32,4096,256,1024,352,448.162,708.611,467.042,0.0725
mixed,64,8,0.125,4.0,32,4096,512,2048,704,589.889,1063.39,592.546,0.0056
mixed,64,8,0.125,4.0,32,4096,1024,4096,1408,825.859,2300.42,831.299,0.0037
mixed,64,8,0.125,4.0,32,4096,2048,8192,2816,1443.11,4691.02,1573.06,0.04
mixed,64,8,0.125,4.0,32,4096,4096,16384,5632,3172.07,9340.58,3842.76,0.1087
mixed,64,8,0.125,4.0,32,8192,128,512,176,653.058,786.37,657.441,0.0329
mixed,64,8,0.125,4.0,32,8192,256,1024,352,703.425,971.395,727.938,0.0915
mixed,64,8,0.125,4.0,32,8192,512,2048,704,850.401,1343.59,851.234,0.0017
mixed,64,8,0.125,4.0,32,8192,1024,4096,1408,1092.16,2583.49,1088.52,-0.0024
mixed,64,8,0.125,4.0,32,8192,2048,8192,2816,1724.42,4582.89,1588.52,-0.0475
mixed,64,8,0.125,4.0,32,8192,4096,16384,5632,3359.69,9464.96,3946.54,0.0961
mixed,64,8,0.125,4.0,64,0,128,512,176,139.488,289.44,164.194,0.1648
mixed,64,8,0.125,4.0,64,0,256,1024,352,196.288,500.929,256.321,0.1971
mixed,64,8,0.125,4.0,64,0,512,2048,704,355.168,935.267,432.608,0.1335
mixed,64,8,0.125,4.0,64,0,1024,4096,1408,648.992,2225.48,791.489,0.0904
mixed,64,8,0.125,4.0,64,0,2048,8192,2816,1357.06,4452.21,1493.99,0.0442
mixed,64,8,0.125,4.0,64,0,4096,16384,5632,3093.07,8895.01,3677.45,0.1007
mixed,64,8,0.125,4.0,64,512,128,512,176,164.448,291.331,167.138,0.0212
mixed,64,8,0.125,4.0,64,512,256,1024,352,212,500.448,258.849,0.1624
mixed,64,8,0.125,4.0,64,512,512,2048,704,357.186,931.842,436,0.1371
mixed,64,8,0.125,4.0,64,512,1024,4096,1408,649.506,2221.32,792.001,0.0907
mixed,64,8,0.125,4.0,64,512,2048,8192,2816,1350.82,4453.48,1485.16,0.0433
mixed,64,8,0.125,4.0,64,512,4096,16384,5632,3094.06,8866.75,3688.78,0.103
mixed,64,8,0.125,4.0,64,1024,128,512,176,197.249,320.512,200.161,0.0236
mixed,64,8,0.125,4.0,64,1024,256,1024,352,243.616,503.042,260.929,0.0667
mixed,64,8,0.125,4.0,64,1024,512,2048,704,379.296,937.731,438.947,0.1068
mixed,64,8,0.125,4.0,64,1024,1024,4096,1408,651.364,2229.35,796.259,0.0918
mixed,64,8,0.125,4.0,64,1024,2048,8192,2816,1367.3,4466.93,1492.07,0.0403
mixed,64,8,0.125,4.0,64,1024,4096,16384,5632,3104.78,8851.68,3689.04,0.1017
mixed,64,8,0.125,4.0,64,2048,128,512,176,259.041,385.568,262.529,0.0276
mixed,64,8,0.125,4.0,64,2048,256,1024,352,306.465,559.715,324.544,0.0714
mixed,64,8,0.125,4.0,64,2048,512,2048,704,444.033,945.889,445.665,0.0033
mixed,64,8,0.125,4.0,64,2048,1024,4096,1408,670.689,2215.17,799.97,0.0837
mixed,64,8,0.125,4.0,64,2048,2048,8192,2816,1339.59,4467.25,1503.59,0.0524
mixed,64,8,0.125,4.0,64,2048,4096,16384,5632,3115.72,8909.18,3639.15,0.0903
mixed,64,8,0.125,4.0,64,4096,128,512,176,382.561,512.194,387.872,0.041
mixed,64,8,0.125,4.0,64,4096,256,1024,352,430.69,686.531,448.161,0.0683
mixed,64,8,0.125,4.0,64,4096,512,2048,704,568.929,1069.77,595.874,0.0538
mixed,64,8,0.125,4.0,64,4096,1024,4096,1408,831.268,2310.38,834.656,0.0023
mixed,64,8,0.125,4.0,64,4096,2048,8192,2816,1454.91,4688.27,1577.38,0.0379
mixed,64,8,0.125,4.0,64,4096,4096,16384,5632,3189.29,9393.57,3880.2,0.1114
mixed,64,8,0.125,4.0,64,8192,128,512,176,653.409,786.914,658.979,0.0417
mixed,64,8,0.125,4.0,64,8192,256,1024,352,705.665,976.994,725.669,0.0737
mixed,64,8,0.125,4.0,64,8192,512,2048,704,848.867,1333.7,851.779,0.006
mixed,64,8,0.125,4.0,64,8192,1024,4096,1408,1097.92,2592.36,1095.68,-0.0015
mixed,64,8,0.125,4.0,64,8192,2048,8192,2816,1727.33,4587.92,1596.55,-0.0457
mixed,64,8,0.125,4.0,64,8192,4096,16384,5632,3357.35,9444.03,3965.74,0.1
mixed,64,8,0.125,4.0,128,0,128,512,176,154.145,308.351,180.928,0.1737
mixed,64,8,0.125,4.0,128,0,256,1024,352,211.552,525.921,273.282,0.1964
mixed,64,8,0.125,4.0,128,0,512,2048,704,374.338,969.219,457.538,0.1399
mixed,64,8,0.125,4.0,128,0,1024,4096,1408,680.289,2251.05,824.259,0.0917
mixed,64,8,0.125,4.0,128,0,2048,8192,2816,1417.73,4523.89,1553.92,0.0438
mixed,64,8,0.125,4.0,128,0,4096,16384,5632,3146.54,8920.87,3720.2,0.0993
mixed,64,8,0.125,4.0,128,512,128,512,176,180.385,310.722,190.656,0.0788
mixed,64,8,0.125,4.0,128,512,256,1024,352,229.056,526.114,278.016,0.1648
mixed,64,8,0.125,4.0,128,512,512,2048,704,376.416,970.338,463.009,0.1458
mixed,64,8,0.125,4.0,128,512,1024,4096,1408,682.657,2269.03,823.521,0.0888
mixed,64,8,0.125,4.0,128,512,2048,8192,2816,1413.67,4513.49,1547.65,0.0432
mixed,64,8,0.125,4.0,128,512,4096,16384,5632,3143.47,8932.07,3721.39,0.0998
mixed,64,8,0.125,4.0,128,1024,128,512,176,215.328,340.545,228.48,0.105
mixed,64,8,0.125,4.0,128,1024,256,1024,352,262.081,527.551,281.73,0.074
mixed,64,8,0.125,4.0,128,1024,512,2048,704,400.161,976.323,465.313,0.1131
mixed,64,8,0.125,4.0,128,1024,1024,4096,1408,681.666,2266.25,828.098,0.0924
mixed,64,8,0.125,4.0,128,1024,2048,8192,2816,1385.16,4479.98,1557.89,0.0558
mixed,64,8,0.125,4.0,128,1024,4096,16384,5632,3133.13,8880.45,3699.31,0.0985
mixed,64,8,0.125,4.0,128,2048,128,512,176,270.623,392.61,283.777,0.1078
mixed,64,8,0.125,4.0,128,2048,256,1024,352,317.28,572.609,339.616,0.0875
mixed,64,8,0.125,4.0,128,2048,512,2048,704,451.902,952.388,458.818,0.0138
mixed,64,8,0.125,4.0,128,2048,1024,4096,1408,687.075,2208.8,809.923,0.0807
mixed,64,8,0.125,4.0,128,2048,2048,8192,2816,1318.02,4481.17,1524.33,0.0652
mixed,64,8,0.125,4.0,128,2048,4096,16384,5632,3115.63,8899.88,3634.64,0.0897
mixed,64,8,0.125,4.0,128,4096,128,512,176,395.265,522.498,409.282,0.1102
mixed,64,8,0.125,4.0,128,4096,256,1024,352,440.93,708.068,464.833,0.0895
mixed,64,8,0.125,4.0,128,4096,512,2048,704,581.474,1053.06,594.049,0.0267
mixed,64,8,0.125,4.0,128,4096,1024,4096,1408,827.523,2295.88,819.714,-0.0053
mixed,64,8,0.125,4.0,128,4096,2048,8192,2816,1416.84,4851.86,1546.31,0.0377
mixed,64,8,0.125,4.0,128,4096,4096,16384,5632,3163.57,9902.08,3927.44,0.1134
mixed,64,8,0.125,4.0,128,8192,128,512,176,642.818,769.379,657.697,0.1176
mixed,64,8,0.125,4.0,128,8192,256,1024,352,690.722,958.691,712.323,0.0806
mixed,64,8,0.125,4.0,128,8192,512,2048,704,827.938,1331.52,840.258,0.0245
mixed,64,8,0.125,4.0,128,8192,1024,4096,1408,1085.44,2557.48,1085.67,0.0002
mixed,64,8,0.125,4.0,128,8192,2048,8192,2816,1723.3,4568.43,1572.2,-0.0531
mixed,64,8,0.125,4.0,128,8192,4096,16384,5632,3435.6,10056.5,4125.77,0.1042
mixed,64,8,0.125,4.0,256,0,128,512,176,165.729,309.153,192.769,0.1885
mixed,64,8,0.125,4.0,256,0,256,1024,352,219.585,515.298,278.24,0.1984
mixed,64,8,0.125,4.0,256,0,512,2048,704,374.528,939.587,454.272,0.1411
mixed,64,8,0.125,4.0,256,0,1024,4096,1408,662.211,2233.86,802.274,0.0891
mixed,64,8,0.125,4.0,256,0,2048,8192,2816,1370.92,4454.96,1505.16,0.0435
mixed,64,8,0.125,4.0,256,0,4096,16384,5632,3104.78,8861.22,3699.72,0.1034
mixed,64,8,0.125,4.0,256,512,128,512,176,200.289,316.256,210.625,0.0891
mixed,64,8,0.125,4.0,256,512,256,1024,352,243.745,519.138,287.169,0.1577
mixed,64,8,0.125,4.0,256,512,512,2048,704,380.225,942.787,463.553,0.1481
mixed,64,8,0.125,4.0,256,512,1024,4096,1408,667.683,2232.65,808.163,0.0898
mixed,64,8,0.125,4.0,256,512,2048,8192,2816,1348.23,4457.2,1498.24,0.0483
mixed,64,8,0.125,4.0,256,512,4096,16384,5632,3105.83,8853.47,3702.63,0.1038
mixed,64,8,0.125,4.0,256,1024,128,512,176,239.363,351.489,249.119,0.087
mixed,64,8,0.125,4.0,256,1024,256,1024,352,283.105,532.483,304.16,0.0844
mixed,64,8,0.125,4.0,256,1024,512,2048,704,408.321,945.507,472.515,0.1195
mixed,64,8,0.125,4.0,256,1024,1024,4096,1408,670.818,2227.27,819.491,0.0955
mixed,64,8,0.125,4.0,256,1024,2048,8192,2816,1321.06,4467.66,1508.87,0.0597
mixed,64,8,0.125,4.0,256,1024,4096,16384,5632,3111.05,8918.72,3703.76,0.1021
mixed,64,8,0.125,4.0,256,2048,128,512,176,310.369,427.426,322.273,0.1017
mixed,64,8,0.125,4.0,256,2048,256,1024,352,360.416,613.761,379.97,0.0772
mixed,64,8,0.125,4.0,256,2048,512,2048,704,487.171,956.834,496.514,0.0199
mixed,64,8,0.125,4.0,256,2048,1024,4096,1408,720.259,2199.94,831.585,0.0752
mixed,64,8,0.125,4.0,256,2048,2048,8192,2816,1317.6,4497.3,1542.66,0.0708
mixed,64,8,0.125,4.0,256,2048,4096,16384,5632,3132.94,8975.68,3702.8,0.0975
mixed,64,8,0.125,4.0,256,4096,128,512,176,435.553,579.552,448.897,0.0927
mixed,64,8,0.125,4.0,256,4096,256,1024,352,489.249,764.418,518.659,0.1069
mixed,64,8,0.125,4.0,256,4096,512,2048,704,643.553,1095.88,639.844,-0.0082
mixed,64,8,0.125,4.0,256,4096,1024,4096,1408,861.89,2337.41,864.834,0.002
mixed,64,8,0.125,4.0,256,4096,2048,8192,2816,1454.76,5323.6,1574.43,0.0309
mixed,64,8,0.125,4.0,256,4096,4096,16384,5632,3202.44,11121.5,4131.82,0.1174
mixed,64,8,0.125,4.0,256,8192,128,512,176,684.578,828.163,703.075,0.1288
mixed,64,8,0.125,4.0,256,8192,256,1024,352,739.586,1050.08,765.217,0.0825
mixed,64,8,0.125,4.0,256,8192,512,2048,704,895.138,1410.18,896.29,0.0022
mixed,64,8,0.125,4.0,256,8192,1024,4096,1408,1184.16,2566.86,1131.08,-0.0384
mixed,64,8,0.125,4.0,256,8192,2048,8192,2816,1704.99,4626.03,1654.31,-0.0174
mixed,64,8,0.125,4.0,256,8192,4096,16384,5632,3433.2,11238.4,4609.58,0.1507
mixed,64,8,0.125,4.0,512,0,128,512,176,211.712,350.337,229.377,0.1274
mixed,64,8,0.125,4.0,512,0,256,1024,352,260.225,550.561,314.977,0.1886
mixed,64,8,0.125,4.0,512,0,512,2048,704,410.594,962.05,487.713,0.1398
mixed,64,8,0.125,4.0,512,0,1024,4096,1408,698.21,2256.97,833.474,0.0868
mixed,64,8,0.125,4.0,512,0,2048,8192,2816,1368.74,4480.53,1531.75,0.0524
mixed,64,8,0.125,4.0,512,0,4096,16384,5632,3125.74,8908.25,3780.56,0.1132
mixed,64,8,0.125,4.0,512,512,128,512,176,271.713,387.873,282.432,0.0923
mixed,64,8,0.125,4.0,512,512,256,1024,352,317.92,603.459,343.616,0.09
mixed,64,8,0.125,4.0,512,512,512,2048,704,443.745,993.123,528.514,0.1543
mixed,64,8,0.125,4.0,512,512,1024,4096,1408,750.69,2290.54,881.764,0.0851
mixed,64,8,0.125,4.0,512,512,2048,8192,2816,1398.24,4529.64,1590.05,0.0613
mixed,64,8,0.125,4.0,512,512,4096,16384,5632,3130.73,9007.71,3768.52,0.1085
mixed,64,8,0.125,4.0,512,1024,128,512,176,318.402,445.985,333.377,0.1174
mixed,64,8,0.125,4.0,512,1024,256,1024,352,367.393,618.913,387.808,0.0812
mixed,64,8,0.125,4.0,512,1024,512,2048,704,503.136,1009.22,525.505,0.0442
mixed,64,8,0.125,4.0,512,1024,1024,4096,1408,788.514,2290.73,901.059,0.0749
mixed,64,8,0.125,4.0,512,1024,2048,8192,2816,1378.28,4548.72,1607.21,0.0722
mixed,64,8,0.125,4.0,512,1024,4096,16384,5632,3181.26,8937.89,3720.84,0.0937
mixed,64,8,0.125,4.0,512,2048,128,512,176,393.921,519.808,406.72,0.1017
mixed,64,8,0.125,4.0,512,2048,256,1024,352,444.256,695.938,462.594,0.0729
mixed,64,8,0.125,4.0,512,2048,512,2048,704,576.48,1057.28,581.761,0.011
mixed,64,8,0.125,4.0,512,2048,1024,4096,1408,804.321,2255.27,900.93,0.0666
mixed,64,8,0.125,4.0,512,2048,2048,8192,2816,1376.67,4590.9,1585.67,0.065
mixed,64,8,0.125,4.0,512,2048,4096,16384,5632,3237.26,9055.94,3969.07,0.1258
mixed,64,8,0.125,4.0,512,4096,128,512,176,571.295,728.195,594.912,0.1505
mixed,64,8,0.125,4.0,512,4096,256,1024,352,643.107,906.083,670.882,0.1056
mixed,64,8,0.125,4.0,512,4096,512,2048,704,782.851,1262.63,790.948,0.0169
mixed,64,8,0.125,4.0,512,4096,1024,4096,1408,1041.92,2582.92,1027.36,-0.0094
mixed,64,8,0.125,4.0,512,4096,2048,8192,2816,1550.92,6282.58,1701.54,0.0318
mixed,64,8,0.125,4.0,512,4096,4096,16384,5632,3548.11,13489.5,4512.72,0.097
mixed,64,8,0.125,4.0,512,8192,128,512,176,801.89,1000.77,823.008,0.1062
mixed,64,8,0.125,4.0,512,8192,256,1024,352,874.752,1232.87,918.98,0.1235
mixed,64,8,0.125,4.0,512,8192,512,2048,704,1084.45,1579.88,1118.4,0.0685
mixed,64,8,0.125,4.0,512,8192,1024,4096,1408,1350.47,2759.75,1339.14,-0.008
mixed,64,8,0.125,4.0,512,8192,2048,8192,2816,1987.81,5088.21,1793.51,-0.0627
mixed,64,8,0.125,4.0,512,8192,4096,16384,5632,3692.04,13151.1,3816.01,0.0131
mixed,64,8,0.125,4.0,1024,0,128,512,176,339.713,463.107,348.897,0.0744
mixed,64,8,0.125,4.0,1024,0,256,1024,352,384.576,677.57,417.728,0.1131
mixed,64,8,0.125,4.0,1024,0,512,2048,704,519.298,1092.29,592.386,0.1276
mixed,64,8,0.125,4.0,1024,0,1024,4096,1408,801.218,2317.03,917.636,0.0768
mixed,64,8,0.125,4.0,1024,0,2048,8192,2816,1468.01,4604.46,1679.01,0.0673
mixed,64,8,0.125,4.0,1024,0,4096,16384,5632,3235.15,8977.03,3754.09,0.0904
mixed,64,8,0.125,4.0,1024,512,128,512,176,409.506,510.434,403.072,-0.0637
mixed,64,8,0.125,4.0,1024,512,256,1024,352,436.066,716.737,481.09,0.1604
mixed,64,8,0.125,4.0,1024,512,512,2048,704,589.889,1134.82,635.296,0.0833
mixed,64,8,0.125,4.0,1024,512,1024,4096,1408,873.025,2355.27,974.339,0.0684
mixed,64,8,0.125,4.0,1024,512,2048,8192,2816,1477.73,4621.49,1701.09,0.071
mixed,64,8,0.125,4.0,1024,512,4096,16384,5632,3232.01,8917.86,3755.24,0.092
mixed,64,8,0.125,4.0,1024,1024,128,512,176,454.976,603.681,483.01,0.1885
mixed,64,8,0.125,4.0,1024,1024,256,1024,352,522.209,781.474,547.456,0.0974
mixed,64,8,0.125,4.0,1024,1024,512,2048,704,630.754,1127.97,675.458,0.0899
mixed,64,8,0.125,4.0,1024,1024,1024,4096,1408,873.988,2373.03,1040.1,0.1108
mixed,64,8,0.125,4.0,1024,1024,2048,8192,2816,1456.23,4582.9,1668.84,0.068
mixed,64,8,0.125,4.0,1024,1024,4096,16384,5632,3225.87,8956.99,3764.17,0.0939
mixed,64,8,0.125,4.0,1024,2048,128,512,176,578.179,702.272,589.184,0.0887
mixed,64,8,0.125,4.0,1024,2048,256,1024,352,655.811,925.379,676.803,0.0779
mixed,64,8,0.125,4.0,1024,2048,512,2048,704,786.211,1204.39,767.074,-0.0458
mixed,64,8,0.125,4.0,1024,2048,1024,4096,1408,1007.52,2426.99,1077.22,0.0491
mixed,64,8,0.125,4.0,1024,2048,2048,8192,2816,1537.86,5283.47,1749.22,0.0564
mixed,64,8,0.125,4.0,1024,2048,4096,16384,5632,3520.65,10253.8,4359.44,0.1246
mixed,64,8,0.125,4.0,1024,4096,128,512,176,808.451,955.84,855.235,0.3174
mixed,64,8,0.125,4.0,1024,4096,256,1024,352,896.579,1135.17,894.691,-0.0079
mixed,64,8,0.125,4.0,1024,4096,512,2048,704,1045.6,1490.02,1013.83,-0.0715
mixed,64,8,0.125,4.0,1024,4096,1024,4096,1408,1315.36,2602.31,1307.14,-0.0064
mixed,64,8,0.125,4.0,1024,4096,2048,8192,2816,1796.16,7168.63,1927.78,0.0245
mixed,64,8,0.125,4.0,1024,4096,4096,16384,5632,3486.32,15749.6,3891.7,0.0331
mixed,64,8,0.125,4.0,1024,8192,128,512,176,1277.67,1409.28,1287.27,0.0729
mixed,64,8,0.125,4.0,1024,8192,256,1024,352,1327.33,1614.66,1344.42,0.0595
mixed,64,8,0.125,4.0,1024,8192,512,2048,704,1466.5,2091.88,1554.31,0.1404
mixed,64,8,0.125,4.0,1024,8192,1024,4096,1408,1765.73,2713.64,1755.27,-0.011
mixed,64,8,0.125,4.0,1024,8192,2048,8192,2816,2285.64,5166.39,2332.87,0.0164
mixed,64,8,0.125,4.0,1024,8192,4096,16384,5632,3833.42,15175.9,4348.72,0.0454
mixed,64,8,0.125,4.0,2048,0,128,512,176,615.811,734.37,626.306,0.0885
mixed,64,8,0.125,4.0,2048,0,256,1024,352,657.154,907.106,682.563,0.1017
mixed,64,8,0.125,4.0,2048,0,512,2048,704,783.553,1294.79,805.892,0.0437
mixed,64,8,0.125,4.0,2048,0,1024,4096,1408,1049.89,2418.63,1156.48,0.0779
mixed,64,8,0.125,4.0,2048,0,2048,8192,2816,1614.95,4878.9,1836.64,0.0679
mixed,64,8,0.125,4.0,2048,0,4096,16384,5632,3485.9,9279.87,3985.07,0.0862
mixed,64,8,0.125,4.0,2048,512,128,512,176,718.082,840.29,726.562,0.0694
mixed,64,8,0.125,4.0,2048,512,256,1024,352,764.001,1009.67,787.105,0.094
mixed,64,8,0.125,4.0,2048,512,512,2048,704,888.194,1376.04,900.259,0.0247
mixed,64,8,0.125,4.0,2048,512,1024,4096,1408,1184.74,2420.26,1232.36,0.0385
mixed,64,8,0.125,4.0,2048,512,2048,8192,2816,1677.19,5445.46,1925.77,0.066
mixed,64,8,0.125,4.0,2048,512,4096,16384,5632,3600.08,10603.6,4609.16,0.1441
mixed,64,8,0.125,4.0,2048,1024,128,512,176,819.075,940.546,829.571,0.0864
mixed,64,8,0.125,4.0,2048,1024,256,1024,352,865.06,1115.01,912.161,0.1884
mixed,64,8,0.125,4.0,2048,1024,512,2048,704,1036.99,1522.24,1005.51,-0.0649
mixed,64,8,0.125,4.0,2048,1024,1024,4096,1408,1238.02,2530.63,1306.21,0.0528
mixed,64,8,0.125,4.0,2048,1024,2048,8192,2816,1751.01,5823.86,2008.52,0.0632
mixed,64,8,0.125,4.0,2048,1024,4096,16384,5632,4165.74,11697,3660.94,-0.067
mixed,64,8,0.125,4.0,2048,2048,128,512,176,1018.85,1145.51,1026.66,0.0617
mixed,64,8,0.125,4.0,2048,2048,256,1024,352,1063.17,1382.47,1092.39,0.0915
mixed,64,8,0.125,4.0,2048,2048,512,2048,704,1195.84,1655.78,1211.97,0.0351
mixed,64,8,0.125,4.0,2048,2048,1024,4096,1408,1450.34,2427.43,1458.43,0.0083
mixed,64,8,0.125,4.0,2048,2048,2048,8192,2816,1999.46,7126.26,2160.26,0.0314
mixed,64,8,0.125,4.0,2048,2048,4096,16384,5632,4187.09,14378.5,4158.25,-0.0028
mixed,64,8,0.125,4.0,2048,4096,128,512,176,1407.46,1545.86,1418.53,0.08
mixed,64,8,0.125,4.0,2048,4096,256,1024,352,1454.92,1716.03,1485.93,0.1188
mixed,64,8,0.125,4.0,2048,4096,512,2048,704,1594.59,2066.15,1603.65,0.0192
mixed,64,8,0.125,4.0,2048,4096,1024,4096,1408,1846.15,2905,1845.67,-0.0005
mixed,64,8,0.125,4.0,2048,4096,2048,8192,2816,2320.1,7756.95,2454.34,0.0247
mixed,64,8,0.125,4.0,2048,4096,4096,16384,5632,3395.66,16156.7,4679.03,0.1006
mixed,64,8,0.125,4.0,2048,8192,128,512,176,2131.81,2296.64,2155.75,0.1452
mixed,64,8,0.125,4.0,2048,8192,256,1024,352,2202.02,2514.86,2221.54,0.0624
mixed,64,8,0.125,4.0,2048,8192,512,2048,704,2365.58,2898.44,2391.05,0.0478
mixed,64,8,0.125,4.0,2048,8192,1024,4096,1408,2651.43,3767.5,2641.96,-0.0085
mixed,64,8,0.125,4.0,2048,8192,2048,8192,2816,3151.98,5625.71,3151.31,-0.0003
mixed,64,8,0.125,4.0,2048,8192,4096,16384,5632,4349.65,15817.3,5362.61,0.0883
pure,64,16,0.25,4.0,0,0,128,512,224,91.712,175.807,110.528,0.2237
pure,64,16,0.25,4.0,0,0,256,1024,448,158.946,354.525,160.292,0.0069
pure,64,16,0.25,4.0,0,0,512,2048,896,310.882,640.928,309.956,-0.0028
pure,64,16,0.25,4.0,0,0,1024,4096,1792,567.97,1175.68,566.466,-0.0025
pure,64,16,0.25,4.0,0,0,2048,8192,3584,1039.65,2231.3,1036.42,-0.0027
pure,64,16,0.25,4.0,0,0,4096,16384,7168,1975.5,4332.78,1960.39,-0.0064
mixed,64,16,0.25,4.0,16,0,128,512,224,151.905,300.737,192.928,0.2756
mixed,64,16,0.25,4.0,16,0,256,1024,448,253.152,510.145,296.898,0.1702
mixed,64,16,0.25,4.0,16,0,512,2048,896,467.681,960.739,504.64,0.075
mixed,64,16,0.25,4.0,16,0,1024,4096,1792,832.387,2258.92,919.969,0.0614
mixed,64,16,0.25,4.0,16,0,2048,8192,3584,1927.94,4443.82,1700.84,-0.0903
mixed,64,16,0.25,4.0,16,0,4096,16384,7168,3899.92,8860.42,5246.45,0.2715
mixed,64,16,0.25,4.0,16,512,128,512,224,168.033,290.496,188.064,0.1636
mixed,64,16,0.25,4.0,16,512,256,1024,448,248.835,499.104,288.481,0.1584
mixed,64,16,0.25,4.0,16,512,512,2048,896,450.434,924.387,492.929,0.0897
mixed,64,16,0.25,4.0,16,512,1024,4096,1792,810.435,2216.58,885.219,0.0532
mixed,64,16,0.25,4.0,16,512,2048,8192,3584,1903.08,4453.24,1701.7,-0.079
mixed,64,16,0.25,4.0,16,512,4096,16384,7168,3914.16,8852.26,5264.15,0.2734
mixed,64,16,0.25,4.0,16,1024,128,512,224,201.057,316.545,218.689,0.1527
mixed,64,16,0.25,4.0,16,1024,256,1024,448,280.289,499.65,289.697,0.0429
mixed,64,16,0.25,4.0,16,1024,512,2048,896,454.273,933.153,495.808,0.0867
mixed,64,16,0.25,4.0,16,1024,1024,4096,1792,813.665,2225.51,891.011,0.0548
mixed,64,16,0.25,4.0,16,1024,2048,8192,3584,1899.94,4451.63,1709.89,-0.0745
mixed,64,16,0.25,4.0,16,1024,4096,16384,7168,3915.76,8889.09,5267.38,0.2718
mixed,64,16,0.25,4.0,16,2048,128,512,224,262.592,381.601,282.208,0.1648
mixed,64,16,0.25,4.0,16,2048,256,1024,448,344.16,553.826,351.521,0.0351
mixed,64,16,0.25,4.0,16,2048,512,2048,896,517.507,940.803,498.529,-0.0448
mixed,64,16,0.25,4.0,16,2048,1024,4096,1792,816.963,2208.74,894.434,0.0557
mixed,64,16,0.25,4.0,16,2048,2048,8192,3584,1888.1,4465.97,1725.38,-0.0631
mixed,64,16,0.25,4.0,16,2048,4096,16384,7168,3921.13,8860.03,5162.48,0.2513
mixed,64,16,0.25,4.0,16,4096,128,512,224,387.106,507.777,405.248,0.1503
mixed,64,16,0.25,4.0,16,4096,256,1024,448,467.744,682.977,475.968,0.0382
mixed,64,16,0.25,4.0,16,4096,512,2048,896,645.217,1019.01,627.459,-0.0475
mixed,64,16,0.25,4.0,16,4096,1024,4096,1792,913.763,2267.27,903.299,-0.0077
mixed,64,16,0.25,4.0,16,4096,2048,8192,3584,1949.89,4634.38,1748.74,-0.0749
mixed,64,16,0.25,4.0,16,4096,4096,16384,7168,4039.6,9286.17,5359.54,0.2516
mixed,64,16,0.25,4.0,16,8192,128,512,224,633.091,755.618,652.48,0.1582
mixed,64,16,0.25,4.0,16,8192,256,1024,448,713.633,932.387,725.058,0.0522
mixed,64,16,0.25,4.0,16,8192,512,2048,896,892.867,1275.2,873.603,-0.0504
mixed,64,16,0.25,4.0,16,8192,1024,4096,1792,1169.25,2518.25,1154.21,-0.0111
mixed,64,16,0.25,4.0,16,8192,2048,8192,3584,2241.22,4529.3,1811.08,-0.188
mixed,64,16,0.25,4.0,16,8192,4096,16384,7168,4027.69,9396.16,5574.77,0.2882
mixed,64,16,0.25,4.0,32,0,128,512,224,144.865,288.097,184.192,0.2746
mixed,64,16,0.25,4.0,32,0,256,1024,448,243.456,499.937,284.193,0.1588
mixed,64,16,0.25,4.0,32,0,512,2048,896,449.73,930.53,487.939,0.0795
mixed,64,16,0.25,4.0,32,0,1024,4096,1792,810.435,2218.82,879.681,0.0492
mixed,64,16,0.25,4.0,32,0,2048,8192,3584,1898.15,4454.61,1691.97,-0.0807
mixed,64,16,0.25,4.0,32,0,4096,16384,7168,3906.16,8850.18,5250.45,0.2719
mixed,64,16,0.25,4.0,32,512,128,512,224,167.393,290.37,188.223,0.1694
mixed,64,16,0.25,4.0,32,512,256,1024,448,248.032,497.6,287.968,0.16
mixed,64,16,0.25,4.0,32,512,512,2048,896,449.856,925.122,493.154,0.0911
mixed,64,16,0.25,4.0,32,512,1024,4096,1792,810.179,2224.36,887.012,0.0543
mixed,64,16,0.25,4.0,32,512,2048,8192,3584,1901.83,4458.03,1711.27,-0.0745
mixed,64,16,0.25,4.0,32,512,4096,16384,7168,3908.81,8944.93,5293.33,0.2749
mixed,64,16,0.25,4.0,32,1024,128,512,224,209.153,329.599,228.225,0.1583
mixed,64,16,0.25,4.0,32,1024,256,1024,448,291.874,517.634,302.528,0.0472
mixed,64,16,0.25,4.0,32,1024,512,2048,896,471.106,966.404,516.323,0.0913
mixed,64,16,0.25,4.0,32,1024,1024,4096,1792,844.641,2261.06,928.613,0.0593
mixed,64,16,0.25,4.0,32,1024,2048,8192,3584,1941.22,4513.58,1790.21,-0.0587
mixed,64,16,0.25,4.0,32,1024,4096,16384,7168,3965.74,8971.52,5322,0.2709
mixed,64,16,0.25,4.0,32,2048,128,512,224,273.73,397.248,294.305,0.1666
mixed,64,16,0.25,4.0,32,2048,256,1024,448,358.626,578.979,367.425,0.0399
mixed,64,16,0.25,4.0,32,2048,512,2048,896,535.331,974.755,518.306,-0.0387
mixed,64,16,0.25,4.0,32,2048,1024,4096,1792,846.307,2245.54,931.427,0.0608
mixed,64,16,0.25,4.0,32,2048,2048,8192,3584,1926.92,4508.46,1799.3,-0.0494
mixed,64,16,0.25,4.0,32,2048,4096,16384,7168,3965.42,8974.66,5192.08,0.2449
mixed,64,16,0.25,4.0,32,4096,128,512,224,402.688,526.623,420.96,0.1474
mixed,64,16,0.25,4.0,32,4096,256,1024,448,487.648,708.898,497.057,0.0425
mixed,64,16,0.25,4.0,32,4096,512,2048,896,669.025,1069.86,648.257,-0.0518
mixed,64,16,0.25,4.0,32,4096,1024,4096,1792,955.522,2307.37,936.549,-0.014
mixed,64,16,0.25,4.0,32,4096,2048,8192,3584,1984.03,4677.65,1813,-0.0635
mixed,64,16,0.25,4.0,32,4096,4096,16384,7168,4081.61,9358.43,5368.69,0.2439
mixed,64,16,0.25,4.0,32,8192,128,512,224,632.578,754.244,650.593,0.1481
mixed,64,16,0.25,4.0,32,8192,256,1024,448,715.554,932.964,723.266,0.0355
mixed,64,16,0.25,4.0,32,8192,512,2048,896,895.554,1297.22,873.091,-0.0559
mixed,64,16,0.25,4.0,32,8192,1024,4096,1792,1171.65,2540.23,1154.94,-0.0122
mixed,64,16,0.25,4.0,32,8192,2048,8192,3584,2244.68,4542,1811.97,-0.1884
mixed,64,16,0.25,4.0,32,8192,4096,16384,7168,4035.95,9435.94,5558.58,0.282
mixed,64,16,0.25,4.0,64,0,128,512,224,145.312,288.864,186.176,0.2847
mixed,64,16,0.25,4.0,64,0,256,1024,448,242.69,499.521,284.45,0.1626
mixed,64,16,0.25,4.0,64,0,512,2048,896,449.217,932.61,490.943,0.0863
mixed,64,16,0.25,4.0,64,0,1024,4096,1792,811.811,2224.52,880.611,0.0487
mixed,64,16,0.25,4.0,64,0,2048,8192,3584,1902.37,4453.36,1698.79,-0.0798
mixed,64,16,0.25,4.0,64,0,4096,16384,7168,3910.67,8862.3,5259.76,0.2725
mixed,64,16,0.25,4.0,64,512,128,512,224,169.089,291.425,188.128,0.1556
mixed,64,16,0.25,4.0,64,512,256,1024,448,249.28,501.411,287.521,0.1517
mixed,64,16,0.25,4.0,64,512,512,2048,896,449.729,932.707,494.242,0.0922
mixed,64,16,0.25,4.0,64,512,1024,4096,1792,813.346,2230.02,886.755,0.0518
mixed,64,16,0.25,4.0,64,512,2048,8192,3584,1905.77,4460.05,1713.35,-0.0753
mixed,64,16,0.25,4.0,64,512,4096,16384,7168,3921.58,8858.08,5254.42,0.27
mixed,64,16,0.25,4.0,64,1024,128,512,224,201.504,320.065,218.24,0.1412
mixed,64,16,0.25,4.0,64,1024,256,1024,448,282.658,502.371,290.529,0.0358
mixed,64,16,0.25,4.0,64,1024,512,2048,896,454.786,938.116,497.408,0.0882
mixed,64,16,0.25,4.0,64,1024,1024,4096,1792,813.41,2232.49,895.01,0.0575
mixed,64,16,0.25,4.0,64,1024,2048,8192,3584,1905.25,4463.95,1718.02,-0.0732
mixed,64,16,0.25,4.0,64,1024,4096,16384,7168,3918.35,8929.89,5271.51,0.27
mixed,64,16,0.25,4.0,64,2048,128,512,224,263.649,384.225,282.208,0.1539
mixed,64,16,0.25,4.0,64,2048,256,1024,448,344.225,560.356,353.186,0.0415
mixed,64,16,0.25,4.0,64,2048,512,2048,896,518.146,944.642,501.569,-0.0389
mixed,64,16,0.25,4.0,64,2048,1024,4096,1792,817.506,2213.89,893.796,0.0546
mixed,64,16,0.25,4.0,64,2048,2048,8192,3584,1898.53,4473.36,1732.87,-0.0643
mixed,64,16,0.25,4.0,64,2048,4096,16384,7168,3921.87,8945.22,5155.76,0.2456
mixed,64,16,0.25,4.0,64,4096,128,512,224,387.745,509.921,407.745,0.1637
mixed,64,16,0.25,4.0,64,4096,256,1024,448,468.896,689.153,478.209,0.0423
mixed,64,16,0.25,4.0,64,4096,512,2048,896,643.233,1026.79,627.522,-0.041
mixed,64,16,0.25,4.0,64,4096,1024,4096,1792,916.066,2265.77,909.188,-0.0051
mixed,64,16,0.25,4.0,64,4096,2048,8192,3584,1949.16,4655.18,1761.41,-0.0694
mixed,64,16,0.25,4.0,64,4096,4096,16384,7168,4040.66,9390.09,5375.95,0.2496
mixed,64,16,0.25,4.0,64,8192,128,512,224,633.857,757.251,653.058,0.1556
mixed,64,16,0.25,4.0,64,8192,256,1024,448,716.29,936.003,724.868,0.039
mixed,64,16,0.25,4.0,64,8192,512,2048,896,893.762,1290.98,876.452,-0.0436
mixed,64,16,0.25,4.0,64,8192,1024,4096,1792,1175.27,2542.99,1159.62,-0.0114
mixed,64,16,0.25,4.0,64,8192,2048,8192,3584,2243.46,4531.5,1806.57,-0.1909
mixed,64,16,0.25,4.0,64,8192,4096,16384,7168,4035.44,9442.47,5577.4,0.2852
mixed,64,16,0.25,4.0,128,0,128,512,224,152.671,296.065,192.417,0.2772
mixed,64,16,0.25,4.0,128,0,256,1024,448,251.135,507.105,292.963,0.1634
mixed,64,16,0.25,4.0,128,0,512,2048,896,456.321,938.115,493.057,0.0762
mixed,64,16,0.25,4.0,128,0,1024,4096,1792,816.9,2231.4,889.441,0.0513
mixed,64,16,0.25,4.0,128,0,2048,8192,3584,1911.46,4455.28,1714.05,-0.0776
mixed,64,16,0.25,4.0,128,0,4096,16384,7168,3922.16,8866.08,5290.32,0.2767
mixed,64,16,0.25,4.0,128,512,128,512,224,176.323,299.07,197.344,0.1713
mixed,64,16,0.25,4.0,128,512,256,1024,448,257.568,506.883,298.399,0.1638
mixed,64,16,0.25,4.0,128,512,512,2048,896,457.345,939.621,500.385,0.0892
mixed,64,16,0.25,4.0,128,512,1024,4096,1792,819.106,2232.52,897.473,0.0554
mixed,64,16,0.25,4.0,128,512,2048,8192,3584,1915.59,4463.89,1723.43,-0.0754
mixed,64,16,0.25,4.0,128,512,4096,16384,7168,3921.84,8902.4,5264.94,0.2697
mixed,64,16,0.25,4.0,128,1024,128,512,224,210.592,327.841,230.85,0.1728
mixed,64,16,0.25,4.0,128,1024,256,1024,448,291.232,510.785,304.16,0.0589
mixed,64,16,0.25,4.0,128,1024,512,2048,896,464.672,975.107,524.867,0.1179
mixed,64,16,0.25,4.0,128,1024,1024,4096,1792,851.392,2240.68,940.485,0.0641
mixed,64,16,0.25,4.0,128,1024,2048,8192,3584,1949.13,4521.04,1797.19,-0.0591
mixed,64,16,0.25,4.0,128,1024,4096,16384,7168,3977.97,9059.94,5317.27,0.2635
mixed,64,16,0.25,4.0,128,2048,128,512,224,284.354,407.329,312.737,0.2308
mixed,64,16,0.25,4.0,128,2048,256,1024,448,372.675,591.17,387.393,0.0674
mixed,64,16,0.25,4.0,128,2048,512,2048,896,554.082,983.684,535.266,-0.0438
mixed,64,16,0.25,4.0,128,2048,1024,4096,1792,855.651,2249.35,944.356,0.0636
mixed,64,16,0.25,4.0,128,2048,2048,8192,3584,1915.33,4533.2,1801.38,-0.0435
mixed,64,16,0.25,4.0,128,2048,4096,16384,7168,3990.61,8966.05,5158.71,0.2348
mixed,64,16,0.25,4.0,128,4096,128,512,224,411.394,544.512,442.435,0.2332
mixed,64,16,0.25,4.0,128,4096,256,1024,448,499.745,735.073,521.634,0.093
mixed,64,16,0.25,4.0,128,4096,512,2048,896,693.187,1093.89,680.258,-0.0323
mixed,64,16,0.25,4.0,128,4096,1024,4096,1792,992.836,2332.2,955.909,-0.0276
mixed,64,16,0.25,4.0,128,4096,2048,8192,3584,1990.47,4899.98,1903.21,-0.03
mixed,64,16,0.25,4.0,128,4096,4096,16384,7168,4222.51,9929.48,5597.17,0.2409
mixed,64,16,0.25,4.0,128,8192,128,512,224,673.954,802.147,696.288,0.1742
mixed,64,16,0.25,4.0,128,8192,256,1024,448,755.139,993.156,782.498,0.1149
mixed,64,16,0.25,4.0,128,8192,512,2048,896,956.962,1378.82,938.401,-0.044
mixed,64,16,0.25,4.0,128,8192,1024,4096,1792,1270.79,2596.93,1244.58,-0.0198
mixed,64,16,0.25,4.0,128,8192,2048,8192,3584,2299.27,4630.1,1959.91,-0.1456
mixed,64,16,0.25,4.0,128,8192,4096,16384,7168,4117.9,10016.2,5657.4,0.261
mixed,64,16,0.25,4.0,256,0,128,512,224,169.6,309.089,208.609,0.2797
mixed,64,16,0.25,4.0,256,0,256,1024,448,265.855,515.2,308,0.169
mixed,64,16,0.25,4.0,256,0,512,2048,896,470.85,938.854,506.754,0.0767
mixed,64,16,0.25,4.0,256,0,1024,4096,1792,825.442,2231.37,903.107,0.0552
mixed,64,16,0.25,4.0,256,0,2048,8192,3584,1911.69,4451.53,1723.91,-0.0739
mixed,64,16,0.25,4.0,256,0,4096,16384,7168,3915.37,8929.21,5331.54,0.2825
mixed,64,16,0.25,4.0,256,512,128,512,224,212.161,327.968,236.288,0.2083
mixed,64,16,0.25,4.0,256,512,256,1024,448,293.25,537.09,330.37,0.1522
mixed,64,16,0.25,4.0,256,512,512,2048,896,491.84,977.73,537.537,0.094
mixed,64,16,0.25,4.0,256,512,1024,4096,1792,862.5,2263.94,942.784,0.0573
mixed,64,16,0.25,4.0,256,512,2048,8192,3584,1943.08,4504.4,1808.01,-0.0527
mixed,64,16,0.25,4.0,256,512,4096,16384,7168,3977.26,8958.4,5272.69,0.2601
mixed,64,16,0.25,4.0,256,1024,128,512,224,243.33,351.81,265.408,0.2035
mixed,64,16,0.25,4.0,256,1024,256,1024,448,316.993,530.179,333.696,0.0783
mixed,64,16,0.25,4.0,256,1024,512,2048,896,495.298,943.875,528.993,0.0751
mixed,64,16,0.25,4.0,256,1024,1024,4096,1792,832.579,2225.99,915.618,0.0596
mixed,64,16,0.25,4.0,256,1024,2048,8192,3584,1908.68,4463.53,1756.04,-0.0597
mixed,64,16,0.25,4.0,256,1024,4096,16384,7168,3926.74,8864.83,5278.58,0.2738
mixed,64,16,0.25,4.0,256,2048,128,512,224,314.369,428.032,339.17,0.2182
mixed,64,16,0.25,4.0,256,2048,256,1024,448,400.193,613.827,412.704,0.0586
mixed,64,16,0.25,4.0,256,2048,512,2048,896,572.161,956.963,552.993,-0.0498
mixed,64,16,0.25,4.0,256,2048,1024,4096,1792,846.819,2200.17,943.362,0.0713
mixed,64,16,0.25,4.0,256,2048,2048,8192,3584,1867.37,4498.74,1831.01,-0.0138
mixed,64,16,0.25,4.0,256,2048,4096,16384,7168,3960.75,8929.51,5208.53,0.2511
mixed,64,16,0.25,4.0,256,4096,128,512,224,439.519,578.978,469.472,0.2148
mixed,64,16,0.25,4.0,256,4096,256,1024,448,536.417,764.226,553.987,0.0771
mixed,64,16,0.25,4.0,256,4096,512,2048,896,724.737,1093.8,697.22,-0.0746
mixed,64,16,0.25,4.0,256,4096,1024,4096,1792,999.492,2329.06,977.731,-0.0164
mixed,64,16,0.25,4.0,256,4096,2048,8192,3584,1990.86,5339.48,1903.91,-0.026
mixed,64,16,0.25,4.0,256,4096,4096,16384,7168,4353.97,11162.2,5617.11,0.1855
mixed,64,16,0.25,4.0,256,8192,128,512,224,686.946,827.17,718.787,0.2271
mixed,64,16,0.25,4.0,256,8192,256,1024,448,786.498,1048.32,803.458,0.0648
mixed,64,16,0.25,4.0,256,8192,512,2048,896,994.402,1419.91,976.291,-0.0426
mixed,64,16,0.25,4.0,256,8192,1024,4096,1792,1319.4,2561.86,1276.97,-0.0341
mixed,64,16,0.25,4.0,256,8192,2048,8192,3584,2247.21,4620.37,2030.6,-0.0913
mixed,64,16,0.25,4.0,256,8192,4096,16384,7168,4072.46,11312.4,5462.87,0.192
mixed,64,16,0.25,4.0,512,0,128,512,224,224.704,364.513,256.065,0.2243
mixed,64,16,0.25,4.0,512,0,256,1024,448,318.88,573.442,358.945,0.1574
mixed,64,16,0.25,4.0,512,0,512,2048,896,515.362,997.635,553.824,0.0798
mixed,64,16,0.25,4.0,512,0,1024,4096,1792,886.211,2293.03,980.101,0.0667
mixed,64,16,0.25,4.0,512,0,2048,8192,3584,1973.86,4475.28,1778.34,-0.0782
mixed,64,16,0.25,4.0,512,0,4096,16384,7168,3947.6,9022.53,5344.62,0.2753
mixed,64,16,0.25,4.0,512,512,128,512,224,275.682,376.897,288.448,0.1261
mixed,64,16,0.25,4.0,512,512,256,1024,448,343.043,581.058,366.915,0.1003
mixed,64,16,0.25,4.0,512,512,512,2048,896,532.481,977.058,566.177,0.0758
mixed,64,16,0.25,4.0,512,512,1024,4096,1792,868.676,2261.77,967.523,0.071
mixed,64,16,0.25,4.0,512,512,2048,8192,3584,1949,4486.96,1784.45,-0.0648
mixed,64,16,0.25,4.0,512,512,4096,16384,7168,3950.7,8846.24,5297.74,0.2752
mixed,64,16,0.25,4.0,512,1024,128,512,224,311.551,428.32,335.713,0.2069
mixed,64,16,0.25,4.0,512,1024,256,1024,448,391.459,610.177,405.28,0.0632
mixed,64,16,0.25,4.0,512,1024,512,2048,896,557.248,991.874,582.946,0.0591
mixed,64,16,0.25,4.0,512,1024,1024,4096,1792,892.866,2249.28,988.097,0.0702
mixed,64,16,0.25,4.0,512,1024,2048,8192,3584,1926.98,4492.21,1850.02,-0.03
mixed,64,16,0.25,4.0,512,1024,4096,16384,7168,3951.85,8932.92,5298,0.2703
mixed,64,16,0.25,4.0,512,2048,128,512,224,400.354,516.258,423.714,0.2015
mixed,64,16,0.25,4.0,512,2048,256,1024,448,481.698,701.953,497.729,0.0728
mixed,64,16,0.25,4.0,512,2048,512,2048,896,660.321,1057.99,637.698,-0.0569
mixed,64,16,0.25,4.0,512,2048,1024,4096,1792,945.314,2264.61,1037.25,0.0697
mixed,64,16,0.25,4.0,512,2048,2048,8192,3584,1891.94,4590.32,1948.74,0.021
mixed,64,16,0.25,4.0,512,2048,4096,16384,7168,4088.2,9047.33,5656.56,0.3163
mixed,64,16,0.25,4.0,512,4096,128,512,224,555.649,698.753,594.21,0.2695
mixed,64,16,0.25,4.0,512,4096,256,1024,448,657.087,881.637,672.931,0.0706
mixed,64,16,0.25,4.0,512,4096,512,2048,896,832.579,1216.45,823.426,-0.0238
mixed,64,16,0.25,4.0,512,4096,1024,4096,1792,1130.31,2557.16,1115.36,-0.0105
mixed,64,16,0.25,4.0,512,4096,2048,8192,3584,2199.21,6281.46,2011.24,-0.046
mixed,64,16,0.25,4.0,512,4096,4096,16384,7168,4905.94,13286.9,5266.32,0.043
mixed,64,16,0.25,4.0,512,8192,128,512,224,806.466,1000.42,848.323,0.2158
mixed,64,16,0.25,4.0,512,8192,256,1024,448,938.306,1233.19,968.74,0.1032
mixed,64,16,0.25,4.0,512,8192,512,2048,896,1184.1,1574.57,1177.09,-0.0179
mixed,64,16,0.25,4.0,512,8192,1024,4096,1792,1481.67,2749.55,1485.61,0.0031
mixed,64,16,0.25,4.0,512,8192,2048,8192,3584,2432.2,5086,2098.18,-0.1259
mixed,64,16,0.25,4.0,512,8192,4096,16384,7168,4478.38,13184.2,5837.75,0.1561
mixed,64,16,0.25,4.0,1024,0,128,512,224,327.712,445.569,351.459,0.2015
mixed,64,16,0.25,4.0,1024,0,256,1024,448,408.64,650.723,432.384,0.0981
mixed,64,16,0.25,4.0,1024,0,512,2048,896,597.089,1054.66,634.819,0.0825
mixed,64,16,0.25,4.0,1024,0,1024,4096,1792,948.866,2323.97,1051.75,0.0748
mixed,64,16,0.25,4.0,1024,0,2048,8192,3584,2009.61,4539.38,1903.37,-0.042
mixed,64,16,0.25,4.0,1024,0,4096,16384,7168,4005.93,8897.57,5350.9,0.275
mixed,64,16,0.25,4.0,1024,512,128,512,224,394.656,514.914,419.395,0.2057
mixed,64,16,0.25,4.0,1024,512,256,1024,448,494.977,688.258,490.849,-0.0214
mixed,64,16,0.25,4.0,1024,512,512,2048,896,645.378,1092.52,671.651,0.0588
mixed,64,16,0.25,4.0,1024,512,1024,4096,1792,988.836,2354.79,1136.36,0.108
mixed,64,16,0.25,4.0,1024,512,2048,8192,3584,1997.77,4557.2,1975.68,-0.0086
mixed,64,16,0.25,4.0,1024,512,4096,16384,7168,4024.88,8929.89,5255.06,0.2508
mixed,64,16,0.25,4.0,1024,1024,128,512,224,459.65,578.113,480.482,0.1759
mixed,64,16,0.25,4.0,1024,1024,256,1024,448,540.195,751.938,554.113,0.0657
mixed,64,16,0.25,4.0,1024,1024,512,2048,896,708.705,1127.91,741.54,0.0783
mixed,64,16,0.25,4.0,1024,1024,1024,4096,1792,1024.96,2325.58,1128.26,0.0794
mixed,64,16,0.25,4.0,1024,1024,2048,8192,3584,1992.36,4572.34,2045.19,0.0205
mixed,64,16,0.25,4.0,1024,1024,4096,16384,7168,4077.77,8986.08,5365.23,0.2623
mixed,64,16,0.25,4.0,1024,2048,128,512,224,583.875,705.921,604.834,0.1717
mixed,64,16,0.25,4.0,1024,2048,256,1024,448,694.945,921.443,712.706,0.0784
mixed,64,16,0.25,4.0,1024,2048,512,2048,896,872.386,1253.57,862.244,-0.0266
mixed,64,16,0.25,4.0,1024,2048,1024,4096,1792,1166.09,2462.82,1198.15,0.0247
mixed,64,16,0.25,4.0,1024,2048,2048,8192,3584,2002.18,5256.21,2093.83,0.0282
mixed,64,16,0.25,4.0,1024,2048,4096,16384,7168,4673.55,10283.8,6215.64,0.2749
mixed,64,16,0.25,4.0,1024,4096,128,512,224,813.923,955.747,832.449,0.1306
mixed,64,16,0.25,4.0,1024,4096,256,1024,448,909.538,1137.51,922.85,0.0584
mixed,64,16,0.25,4.0,1024,4096,512,2048,896,1090.98,1490.82,1082.24,-0.0219
mixed,64,16,0.25,4.0,1024,4096,1024,4096,1792,1396.67,2571.91,1370.98,-0.0219
mixed,64,16,0.25,4.0,1024,4096,2048,8192,3584,2261.51,7226.37,2189.77,-0.0145
mixed,64,16,0.25,4.0,1024,4096,4096,16384,7168,6022.04,15744.3,5619.41,-0.0414
mixed,64,16,0.25,4.0,1024,8192,128,512,224,1279.11,1414.08,1313.19,0.2525
mixed,64,16,0.25,4.0,1024,8192,256,1024,448,1370.5,1609.86,1379.52,0.0377
mixed,64,16,0.25,4.0,1024,8192,512,2048,896,1552.61,2006.95,1566.82,0.0313
mixed,64,16,0.25,4.0,1024,8192,1024,4096,1792,1902.41,2711.14,1886.76,-0.0194
mixed,64,16,0.25,4.0,1024,8192,2048,8192,3584,2503.02,5157.17,2579.82,0.0289
mixed,64,16,0.25,4.0,1024,8192,4096,16384,7168,4556.53,15280.7,6113.85,0.1452
mixed,64,16,0.25,4.0,2048,0,128,512,224,615.907,732.74,640.835,0.2134
mixed,64,16,0.25,4.0,2048,0,256,1024,448,699.235,906.722,713.442,0.0685
mixed,64,16,0.25,4.0,2048,0,512,2048,896,865.699,1294.5,876.771,0.0258
mixed,64,16,0.25,4.0,2048,0,1024,4096,1792,1194.82,2421.9,1329.99,0.1102
mixed,64,16,0.25,4.0,2048,0,2048,8192,3584,2056.81,4882.9,2148.29,0.0324
mixed,64,16,0.25,4.0,2048,0,4096,16384,7168,4475.15,9371.14,5917.3,0.2946
mixed,64,16,0.25,4.0,2048,512,128,512,224,720.321,839.969,746.146,0.2158
mixed,64,16,0.25,4.0,2048,512,256,1024,448,835.459,1051.33,820.259,-0.0704
mixed,64,16,0.25,4.0,2048,512,512,2048,896,999.106,1378.28,964.003,-0.0926
mixed,64,16,0.25,4.0,2048,512,1024,4096,1792,1281.54,2415.21,1351.34,0.0616
mixed,64,16,0.25,4.0,2048,512,2048,8192,3584,2098.41,5464.34,2199.4,0.03
mixed,64,16,0.25,4.0,2048,512,4096,16384,7168,4828.75,10603.1,5991.45,0.2014
mixed,64,16,0.25,4.0,2048,1024,128,512,224,822.817,943.074,847.33,0.2038
mixed,64,16,0.25,4.0,2048,1024,256,1024,448,906.593,1115.33,957.315,0.243
mixed,64,16,0.25,4.0,2048,1024,512,2048,896,1073.7,1464.13,1072,-0.0043
mixed,64,16,0.25,4.0,2048,1024,1024,4096,1792,1367.3,2543.59,1435.78,0.0582
mixed,64,16,0.25,4.0,2048,1024,2048,8192,3584,2102.28,5841.81,2268.97,0.0446
mixed,64,16,0.25,4.0,2048,1024,4096,16384,7168,5184.53,11627.7,5876.18,0.1073
mixed,64,16,0.25,4.0,2048,2048,128,512,224,1021.63,1141.96,1050.43,0.2394
mixed,64,16,0.25,4.0,2048,2048,256,1024,448,1104.67,1324.17,1125.63,0.0955
mixed,64,16,0.25,4.0,2048,2048,512,2048,896,1276.93,1656.2,1278.28,0.0035
mixed,64,16,0.25,4.0,2048,2048,1024,4096,1792,1570.69,2427.43,1602.47,0.0371
mixed,64,16,0.25,4.0,2048,2048,2048,8192,3584,2212.07,7067.54,2432.39,0.0454
mixed,64,16,0.25,4.0,2048,2048,4096,16384,7168,6220.09,14270,5423.7,-0.0989
mixed,64,16,0.25,4.0,2048,4096,128,512,224,1409.06,1543.68,1439.59,0.2268
mixed,64,16,0.25,4.0,2048,4096,256,1024,448,1502.41,1716.68,1523.33,0.0977
mixed,64,16,0.25,4.0,2048,4096,512,2048,896,1672.93,2061.57,1676.42,0.009
mixed,64,16,0.25,4.0,2048,4096,1024,4096,1792,1978.95,2898.6,1968.36,-0.0115
mixed,64,16,0.25,4.0,2048,4096,2048,8192,3584,2614.18,7771.26,2720.43,0.0206
mixed,64,16,0.25,4.0,2048,4096,4096,16384,7168,6501.75,16150.5,6807,0.0316
mixed,64,16,0.25,4.0,2048,8192,128,512,224,2142.79,2295.18,2171.94,0.1913
mixed,64,16,0.25,4.0,2048,8192,256,1024,448,2249.92,2512.52,2268.52,0.0708
mixed,64,16,0.25,4.0,2048,8192,512,2048,896,2459.37,2908.11,2476.13,0.0374
mixed,64,16,0.25,4.0,2048,8192,1024,4096,1792,2803.11,3759.89,2773.22,-0.0312
mixed,64,16,0.25,4.0,2048,8192,2048,8192,3584,3494.32,5665.88,3426.92,-0.031
mixed,64,16,0.25,4.0,2048,8192,4096,16384,7168,5101.74,15736,7181.62,0.1956
pure,64,32,0.5,4.0,0,0,128,512,320,117.569,176.449,132.448,0.2527
pure,64,32,0.5,4.0,0,0,256,1024,640,216.705,354.435,215.934,-0.0056
pure,64,32,0.5,4.0,0,0,512,2048,1280,426.849,637.152,427.618,0.0037
pure,64,32,0.5,4.0,0,0,1024,4096,2560,768.482,1171.72,766.44,-0.0051
pure,64,32,0.5,4.0,0,0,2048,8192,5120,1437.63,2234.82,1424,-0.0171
pure,64,32,0.5,4.0,0,0,4096,16384,10240,2753.36,4329.81,2741.83,-0.0073
mixed,64,32,0.5,4.0,16,0,128,512,320,192.993,289.216,214.657,0.2251
mixed,64,32,0.5,4.0,16,0,256,1024,640,346.016,499.103,349.857,0.0251
mixed,64,32,0.5,4.0,16,0,512,2048,1280,589.538,960.835,646.466,0.1533
mixed,64,32,0.5,4.0,16,0,1024,4096,2560,1197.92,2240.78,1229.35,0.0301
mixed,64,32,0.5,4.0,16,0,2048,8192,5120,2851.08,4477.77,2732.81,-0.0727
mixed,64,32,0.5,4.0,16,0,4096,16384,10240,5546.52,8841.64,9034.97,1.0587
mixed,64,32,0.5,4.0,16,512,128,512,320,207.938,290.657,216.033,0.0979
mixed,64,32,0.5,4.0,16,512,256,1024,640,346.08,497.889,353.505,0.0489
mixed,64,32,0.5,4.0,16,512,512,2048,1280,592.577,926.083,624.034,0.0943
mixed,64,32,0.5,4.0,16,512,1024,4096,2560,1162.6,2218.98,1187.94,0.024
mixed,64,32,0.5,4.0,16,512,2048,8192,5120,2813.9,4454.77,2698.63,-0.0702
mixed,64,32,0.5,4.0,16,512,4096,16384,10240,5529.11,8821.44,9061.02,1.0728
mixed,64,32,0.5,4.0,16,1024,128,512,320,239.011,317.505,244.865,0.0746
mixed,64,32,0.5,4.0,16,1024,256,1024,640,368.609,500.128,354.85,-0.1046
mixed,64,32,0.5,4.0,16,1024,512,2048,1280,592.674,932.803,626.241,0.0987
mixed,64,32,0.5,4.0,16,1024,1024,4096,2560,1162.05,2222.06,1187.68,0.0242
mixed,64,32,0.5,4.0,16,1024,2048,8192,5120,2818.99,4448.49,2742.41,-0.047
mixed,64,32,0.5,4.0,16,1024,4096,16384,10240,5548.08,8855.88,9143.14,1.0868
mixed,64,32,0.5,4.0,16,2048,128,512,320,301.76,381.794,309.473,0.0964
mixed,64,32,0.5,4.0,16,2048,256,1024,640,432.32,556.769,410.529,-0.1751
mixed,64,32,0.5,4.0,16,2048,512,2048,1280,629.697,940.611,629.89,0.0006
mixed,64,32,0.5,4.0,16,2048,1024,4096,2560,1168.32,2204.14,1190.88,0.0218
mixed,64,32,0.5,4.0,16,2048,2048,8192,5120,2821.13,4463.31,2747.85,-0.0446
mixed,64,32,0.5,4.0,16,2048,4096,16384,10240,5549.3,8847.58,9106.34,1.0785
mixed,64,32,0.5,4.0,16,4096,128,512,320,425.698,505.825,434.85,0.1142
mixed,64,32,0.5,4.0,16,4096,256,1024,640,556.739,682.785,539.49,-0.1368
mixed,64,32,0.5,4.0,16,4096,512,2048,1280,759.299,1021.83,753.603,-0.0217
mixed,64,32,0.5,4.0,16,4096,1024,4096,2560,1249.35,2271.88,1199.11,-0.0491
mixed,64,32,0.5,4.0,16,4096,2048,8192,5120,2853.99,4632.08,2764.78,-0.0502
mixed,64,32,0.5,4.0,16,4096,4096,16384,10240,5816.53,9297.89,9144.32,0.9559
mixed,64,32,0.5,4.0,16,8192,128,512,320,670.402,753.634,680.099,0.1165
mixed,64,32,0.5,4.0,16,8192,256,1024,640,803.267,930.691,787.363,-0.1248
mixed,64,32,0.5,4.0,16,8192,512,2048,1280,1009.6,1292.26,1004.07,-0.0196
mixed,64,32,0.5,4.0,16,8192,1024,4096,2560,1513.61,2519.59,1432.9,-0.0802
mixed,64,32,0.5,4.0,16,8192,2048,8192,5120,3071.31,4529.97,2882.6,-0.1294
mixed,64,32,0.5,4.0,16,8192,4096,16384,10240,5644.6,9476.74,9247.23,0.9401
mixed,64,32,0.5,4.0,32,0,128,512,320,193.248,288.64,213.953,0.2171
mixed,64,32,0.5,4.0,32,0,256,1024,640,344.899,499.298,349.12,0.0273
mixed,64,32,0.5,4.0,32,0,512,2048,1280,590.722,931.491,618.914,0.0827
mixed,64,32,0.5,4.0,32,0,1024,4096,2560,1160,2224.68,1187.01,0.0254
mixed,64,32,0.5,4.0,32,0,2048,8192,5120,2812.62,4448.78,2702.79,-0.0671
mixed,64,32,0.5,4.0,32,0,4096,16384,10240,5535.99,8911.79,9038.78,1.0376
mixed,64,32,0.5,4.0,32,512,128,512,320,208.321,289.57,216.545,0.1012
mixed,64,32,0.5,4.0,32,512,256,1024,640,347.361,498.787,353.121,0.038
mixed,64,32,0.5,4.0,32,512,512,2048,1280,592.512,927.97,624.321,0.0948
mixed,64,32,0.5,4.0,32,512,1024,4096,2560,1164.29,2225.19,1182.85,0.0175
mixed,64,32,0.5,4.0,32,512,2048,8192,5120,2821.03,4457.74,2734.73,-0.0527
mixed,64,32,0.5,4.0,32,512,4096,16384,10240,5546.39,8846.57,9001.98,1.0471
mixed,64,32,0.5,4.0,32,1024,128,512,320,239.935,317.922,246.209,0.0804
mixed,64,32,0.5,4.0,32,1024,256,1024,640,367.266,499.232,354.015,-0.1004
mixed,64,32,0.5,4.0,32,1024,512,2048,1280,593.888,933.825,625.025,0.0916
mixed,64,32,0.5,4.0,32,1024,1024,4096,2560,1164.58,2223.17,1188.68,0.0228
mixed,64,32,0.5,4.0,32,1024,2048,8192,5120,2823.43,4455.12,2747.82,-0.0463
mixed,64,32,0.5,4.0,32,1024,4096,16384,10240,5548.43,8945.09,9111.07,1.0489
mixed,64,32,0.5,4.0,32,2048,128,512,320,302.241,381.952,310.081,0.0984
mixed,64,32,0.5,4.0,32,2048,256,1024,640,432.033,557.602,413.922,-0.1442
mixed,64,32,0.5,4.0,32,2048,512,2048,1280,630.786,940.899,628.13,-0.0086
mixed,64,32,0.5,4.0,32,2048,1024,4096,2560,1170.08,2207.46,1193.51,0.0226
mixed,64,32,0.5,4.0,32,2048,2048,8192,5120,2825.89,4468.14,2752.87,-0.0445
mixed,64,32,0.5,4.0,32,2048,4096,16384,10240,5569.46,8880.61,9118.11,1.0717
mixed,64,32,0.5,4.0,32,4096,128,512,320,427.232,506.243,431.808,0.0579
mixed,64,32,0.5,4.0,32,4096,256,1024,640,558.21,682.017,539.233,-0.1533
mixed,64,32,0.5,4.0,32,4096,512,2048,1280,761.923,1024,753.891,-0.0306
mixed,64,32,0.5,4.0,32,4096,1024,4096,2560,1254.31,2269.58,1199.14,-0.0543
mixed,64,32,0.5,4.0,32,4096,2048,8192,5120,2859.56,4639.67,2775.66,-0.0471
mixed,64,32,0.5,4.0,32,4096,4096,16384,10240,5834.97,9262.11,9186.82,0.978
mixed,64,32,0.5,4.0,32,8192,128,512,320,672.097,757.187,681.857,0.1147
mixed,64,32,0.5,4.0,32,8192,256,1024,640,804.803,931.747,785.634,-0.151
mixed,64,32,0.5,4.0,32,8192,512,2048,1280,1014.69,1277.92,1004.87,-0.0373
mixed,64,32,0.5,4.0,32,8192,1024,4096,2560,1514.4,2543.08,1436.93,-0.0753
mixed,64,32,0.5,4.0,32,8192,2048,8192,5120,3073.99,4533.94,2885.19,-0.1293
mixed,64,32,0.5,4.0,32,8192,4096,16384,10240,5659.03,9429.1,9124.9,0.9193
mixed,64,32,0.5,4.0,64,0,128,512,320,193.569,289.12,214.624,0.2204
mixed,64,32,0.5,4.0,64,0,256,1024,640,345.283,500.258,349.025,0.0241
mixed,64,32,0.5,4.0,64,0,512,2048,1280,592.227,934.371,619.617,0.0801
mixed,64,32,0.5,4.0,64,0,1024,4096,2560,1168.16,2230.89,1187.49,0.0182
mixed,64,32,0.5,4.0,64,0,2048,8192,5120,2818.66,4456.14,2736.84,-0.05
mixed,64,32,0.5,4.0,64,0,4096,16384,10240,5548.85,8849.92,9111.58,1.0793
mixed,64,32,0.5,4.0,64,512,128,512,320,208.45,292.161,215.808,0.0879
mixed,64,32,0.5,4.0,64,512,256,1024,640,349.505,500.001,353.377,0.0257
mixed,64,32,0.5,4.0,64,512,512,2048,1280,595.169,931.618,625.059,0.0888
mixed,64,32,0.5,4.0,64,512,1024,4096,2560,1167.85,2225,1193.99,0.0247
mixed,64,32,0.5,4.0,64,512,2048,8192,5120,2825.55,4461.23,2729.29,-0.0588
mixed,64,32,0.5,4.0,64,512,4096,16384,10240,5551.44,8829.6,9134.59,1.093
mixed,64,32,0.5,4.0,64,1024,128,512,320,240.897,320.449,247.584,0.0841
mixed,64,32,0.5,4.0,64,1024,256,1024,640,369.09,502.72,355.33,-0.103
mixed,64,32,0.5,4.0,64,1024,512,2048,1280,595.972,938.242,625.729,0.0869
mixed,64,32,0.5,4.0,64,1024,1024,4096,2560,1169.63,2230.18,1190.31,0.0195
mixed,64,32,0.5,4.0,64,1024,2048,8192,5120,2823.02,4457.61,2749.16,-0.0452
mixed,64,32,0.5,4.0,64,1024,4096,16384,10240,5550.58,8907.07,9171.04,1.0786
mixed,64,32,0.5,4.0,64,2048,128,512,320,302.56,385.378,310.274,0.0931
mixed,64,32,0.5,4.0,64,2048,256,1024,640,432.225,559.234,412.191,-0.1577
mixed,64,32,0.5,4.0,64,2048,512,2048,1280,632.995,946.021,631.33,-0.0053
mixed,64,32,0.5,4.0,64,2048,1024,4096,2560,1173.28,2213.51,1193.57,0.0195
mixed,64,32,0.5,4.0,64,2048,2048,8192,5120,2827.46,4464.69,2764.11,-0.0387
mixed,64,32,0.5,4.0,64,2048,4096,16384,10240,5558.96,8925,9177.92,1.0751
mixed,64,32,0.5,4.0,64,4096,128,512,320,442.37,528.29,453.537,0.13
mixed,64,32,0.5,4.0,64,4096,256,1024,640,580.161,709.603,566.466,-0.1058
mixed,64,32,0.5,4.0,64,4096,512,2048,1280,793.313,1066.79,790.212,-0.0113
mixed,64,32,0.5,4.0,64,4096,1024,4096,2560,1299.91,2304.84,1246.15,-0.0535
mixed,64,32,0.5,4.0,64,4096,2048,8192,5120,2899.85,4685.33,2850.5,-0.0276
mixed,64,32,0.5,4.0,64,4096,4096,16384,10240,5871.19,9454.4,9228.45,0.9369
mixed,64,32,0.5,4.0,64,8192,128,512,320,703.618,789.922,712.642,0.1046
mixed,64,32,0.5,4.0,64,8192,256,1024,640,843.301,967.106,824.675,-0.1504
mixed,64,32,0.5,4.0,64,8192,512,2048,1280,1056.1,1343.33,1051.71,-0.0153
mixed,64,32,0.5,4.0,64,8192,1024,4096,2560,1578.05,2588.3,1490.09,-0.0871
mixed,64,32,0.5,4.0,64,8192,2048,8192,5120,3128.84,4582.64,2930.09,-0.1367
mixed,64,32,0.5,4.0,64,8192,4096,16384,10240,5713.27,9477.96,9280.35,0.9475
mixed,64,32,0.5,4.0,128,0,128,512,320,208.962,307.743,232.672,0.24
mixed,64,32,0.5,4.0,128,0,256,1024,640,366.208,525.472,371.521,0.0334
mixed,64,32,0.5,4.0,128,0,512,2048,1280,622.304,971.938,653.122,0.0881
mixed,64,32,0.5,4.0,128,0,1024,4096,2560,1212.93,2269.32,1231.52,0.0176
mixed,64,32,0.5,4.0,128,0,2048,8192,5120,2845.48,4459.28,2784.26,-0.0379
mixed,64,32,0.5,4.0,128,0,4096,16384,10240,5608.09,8851.68,8972.29,1.0372
mixed,64,32,0.5,4.0,128,512,128,512,320,216.608,299.138,231.425,0.1795
mixed,64,32,0.5,4.0,128,512,256,1024,640,355.041,506.34,360.257,0.0345
mixed,64,32,0.5,4.0,128,512,512,2048,1280,604.29,937.826,635.744,0.0943
mixed,64,32,0.5,4.0,128,512,1024,4096,2560,1176.45,2232.93,1196.45,0.0189
mixed,64,32,0.5,4.0,128,512,2048,8192,5120,2827.21,4459.22,2753.29,-0.0453
mixed,64,32,0.5,4.0,128,512,4096,16384,10240,5552.76,8856.61,9083.1,1.0686
mixed,64,32,0.5,4.0,128,1024,128,512,320,249.248,327.489,259.937,0.1366
mixed,64,32,0.5,4.0,128,1024,256,1024,640,377.697,510.079,362.304,-0.1163
mixed,64,32,0.5,4.0,128,1024,512,2048,1280,604.449,942.499,639.777,0.1045
mixed,64,32,0.5,4.0,128,1024,1024,4096,2560,1174.69,2237.83,1190.95,0.0153
mixed,64,32,0.5,4.0,128,1024,2048,8192,5120,2824.61,4470.55,2743.53,-0.0493
mixed,64,32,0.5,4.0,128,1024,4096,16384,10240,5548.98,8841.25,9129.09,1.0874
mixed,64,32,0.5,4.0,128,2048,128,512,320,329.152,410.402,345.665,0.2032
mixed,64,32,0.5,4.0,128,2048,256,1024,640,460.097,594.274,445.954,-0.1054
mixed,64,32,0.5,4.0,128,2048,512,2048,1280,646.689,951.81,644.9,-0.0059
mixed,64,32,0.5,4.0,128,2048,1024,4096,2560,1179.43,2211.08,1201.8,0.0217
mixed,64,32,0.5,4.0,128,2048,2048,8192,5120,2831.08,4479.06,2757.42,-0.0447
mixed,64,32,0.5,4.0,128,2048,4096,16384,10240,5573.14,8844.19,9095.3,1.0768
mixed,64,32,0.5,4.0,128,4096,128,512,320,439.33,522.4,461.409,0.2658
mixed,64,32,0.5,4.0,128,4096,256,1024,640,572.163,708.994,563.042,-0.0667
mixed,64,32,0.5,4.0,128,4096,512,2048,1280,784.866,1062.79,772.803,-0.0434
mixed,64,32,0.5,4.0,128,4096,1024,4096,2560,1265.57,2303.63,1218.91,-0.0449
mixed,64,32,0.5,4.0,128,4096,2048,8192,5120,2872.26,4836.91,2779.69,-0.0471
mixed,64,32,0.5,4.0,128,4096,4096,16384,10240,6179.48,9874.63,9091.33,0.788
mixed,64,32,0.5,4.0,128,8192,128,512,320,716.388,797.89,737.121,0.2544
mixed,64,32,0.5,4.0,128,8192,256,1024,640,855.33,995.202,848.737,-0.0471
mixed,64,32,0.5,4.0,128,8192,512,2048,1280,1072.07,1377.73,1069.89,-0.0071
mixed,64,32,0.5,4.0,128,8192,1024,4096,2560,1617.99,2607.5,1546.57,-0.0722
mixed,64,32,0.5,4.0,128,8192,2048,8192,5120,3107.11,4574.64,2927.75,-0.1222
mixed,64,32,0.5,4.0,128,8192,4096,16384,10240,5691.8,9986.05,9173.6,0.8108
mixed,64,32,0.5,4.0,256,0,128,512,320,217.186,309.57,242.241,0.2712
mixed,64,32,0.5,4.0,256,0,256,1024,640,365.665,517.122,369.185,0.0232
mixed,64,32,0.5,4.0,256,0,512,2048,1280,609.89,939.267,638.782,0.0877
mixed,64,32,0.5,4.0,256,0,1024,4096,2560,1176.1,2227.98,1200.48,0.0232
mixed,64,32,0.5,4.0,256,0,2048,8192,5120,2832.3,4457.36,2733.29,-0.0609
mixed,64,32,0.5,4.0,256,0,4096,16384,10240,5546.61,8840.55,9001.02,1.0487
mixed,64,32,0.5,4.0,256,512,128,512,320,241.28,315.583,256.161,0.2003
mixed,64,32,0.5,4.0,256,512,256,1024,640,371.648,516.994,380.097,0.0581
mixed,64,32,0.5,4.0,256,512,512,2048,1280,613.412,943.651,648.29,0.1056
mixed,64,32,0.5,4.0,256,512,1024,4096,2560,1177.44,2231.43,1206.95,0.028
mixed,64,32,0.5,4.0,256,512,2048,8192,5120,2827.37,4454.77,2770.7,-0.0348
mixed,64,32,0.5,4.0,256,512,4096,16384,10240,5559.03,8897.79,9033.22,1.0406
mixed,64,32,0.5,4.0,256,1024,128,512,320,281.057,352.287,296.064,0.2107
mixed,64,32,0.5,4.0,256,1024,256,1024,640,401.186,531.042,391.809,-0.0722
mixed,64,32,0.5,4.0,256,1024,512,2048,1280,617.217,944.419,650.147,0.1006
mixed,64,32,0.5,4.0,256,1024,1024,4096,2560,1175.23,2226.53,1207.94,0.0311
mixed,64,32,0.5,4.0,256,1024,2048,8192,5120,2832.17,4468.49,2750.28,-0.05
mixed,64,32,0.5,4.0,256,1024,4096,16384,10240,5550.9,8894.79,9178.81,1.0849
mixed,64,32,0.5,4.0,256,2048,128,512,320,373.919,447.361,388.13,0.1935
mixed,64,32,0.5,4.0,256,2048,256,1024,640,494.498,633.09,491.137,-0.0243
mixed,64,32,0.5,4.0,256,2048,512,2048,1280,704.801,991.33,689.763,-0.0525
mixed,64,32,0.5,4.0,256,2048,1024,4096,2560,1227.33,2231.56,1282.57,0.055
mixed,64,32,0.5,4.0,256,2048,2048,8192,5120,2886.47,4568.31,2732.62,-0.0915
mixed,64,32,0.5,4.0,256,2048,4096,16384,10240,5636.18,9008.13,9118.79,1.0328
mixed,64,32,0.5,4.0,256,4096,128,512,320,485.568,579.617,505.312,0.2099
mixed,64,32,0.5,4.0,256,4096,256,1024,640,634.145,768.034,620.289,-0.1035
mixed,64,32,0.5,4.0,256,4096,512,2048,1280,822.722,1095.59,823.427,0.0026
mixed,64,32,0.5,4.0,256,4096,1024,4096,2560,1307.2,2336.42,1247.91,-0.0576
mixed,64,32,0.5,4.0,256,4096,2048,8192,5120,2920.46,5395.19,2733.42,-0.0756
mixed,64,32,0.5,4.0,256,4096,4096,16384,10240,6864.15,11091.7,9134.44,0.537
mixed,64,32,0.5,4.0,256,8192,128,512,320,734.147,827.105,753.794,0.2114
mixed,64,32,0.5,4.0,256,8192,256,1024,640,885.25,1050.28,882.818,-0.0147
mixed,64,32,0.5,4.0,256,8192,512,2048,1280,1144.13,1416.13,1122.69,-0.0788
mixed,64,32,0.5,4.0,256,8192,1024,4096,2560,1577.73,2567.14,1537.19,-0.041
mixed,64,32,0.5,4.0,256,8192,2048,8192,5120,3102.35,4625.26,2984.97,-0.0771
mixed,64,32,0.5,4.0,256,8192,4096,16384,10240,5767.54,11191,8417.67,0.4886
mixed,64,32,0.5,4.0,512,0,128,512,320,257.183,349.919,279.295,0.2384
mixed,64,32,0.5,4.0,512,0,256,1024,640,402.817,551.011,408.643,0.0393
mixed,64,32,0.5,4.0,512,0,512,2048,1280,646.882,962.754,665.091,0.0576
mixed,64,32,0.5,4.0,512,0,1024,4096,2560,1201.77,2265.03,1233.96,0.0303
mixed,64,32,0.5,4.0,512,0,2048,8192,5120,2855.44,4482.89,2781.99,-0.0451
mixed,64,32,0.5,4.0,512,0,4096,16384,10240,5580.82,8918.6,9124.96,1.0618
mixed,64,32,0.5,4.0,512,512,128,512,320,315.103,391.491,328.802,0.1793
mixed,64,32,0.5,4.0,512,512,256,1024,640,439.906,604.418,450.528,0.0646
mixed,64,32,0.5,4.0,512,512,512,2048,1280,698.786,1008.74,715.171,0.0529
mixed,64,32,0.5,4.0,512,512,1024,4096,2560,1237.95,2300.36,1303.17,0.0614
mixed,64,32,0.5,4.0,512,512,2048,8192,5120,2894.95,4548.18,2881.36,-0.0082
mixed,64,32,0.5,4.0,512,512,4096,16384,10240,5602.23,8872.32,9171.68,1.0915
mixed,64,32,0.5,4.0,512,1024,128,512,320,350.464,427.617,367.297,0.2182
mixed,64,32,0.5,4.0,512,1024,256,1024,640,475.84,610.691,463.521,-0.0914
mixed,64,32,0.5,4.0,512,1024,512,2048,1280,715.873,991.97,726.849,0.0398
mixed,64,32,0.5,4.0,512,1024,1024,4096,2560,1243.14,2254.15,1263.94,0.0206
mixed,64,32,0.5,4.0,512,1024,2048,8192,5120,2852.1,4485.81,2821.19,-0.0189
mixed,64,32,0.5,4.0,512,1024,4096,16384,10240,5651.57,8947.78,9181.02,1.0708
mixed,64,32,0.5,4.0,512,2048,128,512,320,441.856,516.801,456.802,0.1994
mixed,64,32,0.5,4.0,512,2048,256,1024,640,564.802,697.217,564.548,-0.0019
mixed,64,32,0.5,4.0,512,2048,512,2048,1280,770.755,1056.26,756.451,-0.0501
mixed,64,32,0.5,4.0,512,2048,1024,4096,2560,1277.09,2257.54,1267.62,-0.0097
mixed,64,32,0.5,4.0,512,2048,2048,8192,5120,2926.7,4602.71,2843.66,-0.0495
mixed,64,32,0.5,4.0,512,2048,4096,16384,10240,5645.37,9010.59,9087.94,1.023
mixed,64,32,0.5,4.0,512,4096,128,512,320,614.083,697.794,631.042,0.2026
mixed,64,32,0.5,4.0,512,4096,256,1024,640,743.233,875.299,746.786,0.0269
mixed,64,32,0.5,4.0,512,4096,512,2048,1280,961.921,1214.34,943.397,-0.0734
mixed,64,32,0.5,4.0,512,4096,1024,4096,2560,1412.04,2555.91,1360.07,-0.0454
mixed,64,32,0.5,4.0,512,4096,2048,8192,5120,3225.48,6376.85,2717.61,-0.1612
mixed,64,32,0.5,4.0,512,4096,4096,16384,10240,8223.48,13271.9,8418.75,0.0387
mixed,64,32,0.5,4.0,512,8192,128,512,320,872.802,998.178,903.715,0.2466
mixed,64,32,0.5,4.0,512,8192,256,1024,640,1073.83,1234.08,1077.22,0.0212
mixed,64,32,0.5,4.0,512,8192,512,2048,1280,1300.48,1576.3,1304.52,0.0146
mixed,64,32,0.5,4.0,512,8192,1024,4096,2560,1787.72,2754.99,1705.89,-0.0846
mixed,64,32,0.5,4.0,512,8192,2048,8192,5120,3277.19,5084.08,2642.89,-0.351
mixed,64,32,0.5,4.0,512,8192,4096,16384,10240,6749.14,13230,8804.35,0.3171
mixed,64,32,0.5,4.0,1024,0,128,512,320,367.844,446.753,381.506,0.1731
mixed,64,32,0.5,4.0,1024,0,256,1024,640,492.257,650.979,504.546,0.0774
mixed,64,32,0.5,4.0,1024,0,512,2048,1280,752.227,1053.22,764.768,0.0417
mixed,64,32,0.5,4.0,1024,0,1024,4096,2560,1273.57,2323.11,1306.09,0.031
mixed,64,32,0.5,4.0,1024,0,2048,8192,5120,2916.39,4545.33,2879.18,-0.0228
mixed,64,32,0.5,4.0,1024,0,4096,16384,10240,5645.11,8945.67,9198.34,1.0766
mixed,64,32,0.5,4.0,1024,512,128,512,320,444.034,512.835,448.706,0.0679
mixed,64,32,0.5,4.0,1024,512,256,1024,640,557.57,686.018,552.161,-0.0421
mixed,64,32,0.5,4.0,1024,512,512,2048,1280,790.115,1091.37,809.152,0.0632
mixed,64,32,0.5,4.0,1024,512,1024,4096,2560,1303.27,2312.78,1321.83,0.0184
mixed,64,32,0.5,4.0,1024,512,2048,8192,5120,2936.07,4556.95,2984.72,0.03
mixed,64,32,0.5,4.0,1024,512,4096,16384,10240,5737.27,8943.55,9234.53,1.0908
mixed,64,32,0.5,4.0,1024,1024,128,512,320,520.481,604.225,534.881,0.172
mixed,64,32,0.5,4.0,1024,1024,256,1024,640,624.322,750.915,623.235,-0.0086
mixed,64,32,0.5,4.0,1024,1024,512,2048,1280,829.507,1128.84,850.818,0.0712
mixed,64,32,0.5,4.0,1024,1024,1024,4096,2560,1343.56,2331.56,1362.88,0.0196
mixed,64,32,0.5,4.0,1024,1024,2048,8192,5120,2949.23,4575.89,2873.22,-0.0467
mixed,64,32,0.5,4.0,1024,1024,4096,16384,10240,5782.58,8969.12,9052.61,1.0262
mixed,64,32,0.5,4.0,1024,2048,128,512,320,622.019,707.712,640.611,0.217
mixed,64,32,0.5,4.0,1024,2048,256,1024,640,751.811,888.575,748.834,-0.0218
mixed,64,32,0.5,4.0,1024,2048,512,2048,1280,970.979,1203.43,951.843,-0.0823
mixed,64,32,0.5,4.0,1024,2048,1024,4096,2560,1414.24,2402.22,1453.38,0.0396
mixed,64,32,0.5,4.0,1024,2048,2048,8192,5120,3178.28,5275.06,2794.95,-0.1828
mixed,64,32,0.5,4.0,1024,2048,4096,16384,10240,6435.87,10229.5,8887.29,0.6462
mixed,64,32,0.5,4.0,1024,4096,128,512,320,857.508,953.604,869.089,0.1205
mixed,64,32,0.5,4.0,1024,4096,256,1024,640,991.779,1135.2,998.755,0.0486
mixed,64,32,0.5,4.0,1024,4096,512,2048,1280,1224.84,1492.48,1214.76,-0.0377
mixed,64,32,0.5,4.0,1024,4096,1024,4096,2560,1643.53,2575.98,1601.79,-0.0448
mixed,64,32,0.5,4.0,1024,4096,2048,8192,5120,3186.16,7205.37,2930.73,-0.0636
mixed,64,32,0.5,4.0,1024,4096,4096,16384,10240,9721.76,15751.3,8695.39,-0.1702
mixed,64,32,0.5,4.0,1024,8192,128,512,320,1330.72,1413.41,1336.96,0.0755
mixed,64,32,0.5,4.0,1024,8192,256,1024,640,1459.17,1620.39,1472.52,0.0828
mixed,64,32,0.5,4.0,1024,8192,512,2048,1280,1719.91,2003.68,1795.56,0.2666
mixed,64,32,0.5,4.0,1024,8192,1024,4096,2560,2267.11,2822.15,2215.69,-0.0926
mixed,64,32,0.5,4.0,1024,8192,2048,8192,5120,3334.61,5168.15,3792.68,0.2498
mixed,64,32,0.5,4.0,1024,8192,4096,16384,10240,7163.74,15319.8,10074.5,0.3569
mixed,64,32,0.5,4.0,2048,0,128,512,320,659.074,734.179,671.714,0.1683
mixed,64,32,0.5,4.0,2048,0,256,1024,640,808.803,908.259,776.418,-0.3256
mixed,64,32,0.5,4.0,2048,0,512,2048,1280,1000.39,1295.11,1013.12,0.0432
mixed,64,32,0.5,4.0,2048,0,1024,4096,2560,1505.48,2416.13,1537.99,0.0357
mixed,64,32,0.5,4.0,2048,0,2048,8192,5120,3157.13,4875.31,2791.82,-0.2126
mixed,64,32,0.5,4.0,2048,0,4096,16384,10240,6036.4,9318.95,8956.77,0.8897
mixed,64,32,0.5,4.0,2048,512,128,512,320,761.059,837.09,779.619,0.2441
mixed,64,32,0.5,4.0,2048,512,256,1024,640,882.595,1012.32,881.859,-0.0057
mixed,64,32,0.5,4.0,2048,512,512,2048,1280,1097.09,1377.25,1098.34,0.0045
mixed,64,32,0.5,4.0,2048,512,1024,4096,2560,1579.91,2416.65,1621.51,0.0497
mixed,64,32,0.5,4.0,2048,512,2048,8192,5120,3300.91,5447.73,2919.44,-0.1777
mixed,64,32,0.5,4.0,2048,512,4096,16384,10240,6688.19,10558.5,8978.15,0.5917
mixed,64,32,0.5,4.0,2048,1024,128,512,320,864.738,941.891,880.964,0.2103
mixed,64,32,0.5,4.0,2048,1024,256,1024,640,986.786,1117.15,987.298,0.0039
mixed,64,32,0.5,4.0,2048,1024,512,2048,1280,1200.84,1464.2,1192.68,-0.031
mixed,64,32,0.5,4.0,2048,1024,1024,4096,2560,1653.58,2520.97,1703.24,0.0573
mixed,64,32,0.5,4.0,2048,1024,2048,8192,5120,3588.81,5820.5,3087.63,-0.2246
mixed,64,32,0.5,4.0,2048,1024,4096,16384,10240,7385.28,11719.2,9094.82,0.3945
mixed,64,32,0.5,4.0,2048,2048,128,512,320,1062.88,1145.73,1079.65,0.2024
mixed,64,32,0.5,4.0,2048,2048,256,1024,640,1192.77,1326.02,1193.19,0.0031
mixed,64,32,0.5,4.0,2048,2048,512,2048,1280,1409.92,1654.18,1400.52,-0.0385
mixed,64,32,0.5,4.0,2048,2048,1024,4096,2560,1835.08,2432.62,1864.62,0.0494
mixed,64,32,0.5,4.0,2048,2048,2048,8192,5120,3673.29,7157.24,3446.86,-0.065
mixed,64,32,0.5,4.0,2048,2048,4096,16384,10240,9495.43,14467.6,9287.23,-0.0419
mixed,64,32,0.5,4.0,2048,4096,128,512,320,1457.25,1539.17,1474.72,0.2133
mixed,64,32,0.5,4.0,2048,4096,256,1024,640,1586.88,1714.31,1589.06,0.0171
mixed,64,32,0.5,4.0,2048,4096,512,2048,1280,1806.05,2063.27,1810.21,0.0162
mixed,64,32,0.5,4.0,2048,4096,1024,4096,2560,2241.06,2898.83,2225.93,-0.023
mixed,64,32,0.5,4.0,2048,4096,2048,8192,5120,3199.76,7729.89,4171.18,0.2144
mixed,64,32,0.5,4.0,2048,4096,4096,16384,10240,10184.6,16148.7,10390.2,0.0345
mixed,64,32,0.5,4.0,2048,8192,128,512,320,2196.94,2297.38,2214.92,0.179
mixed,64,32,0.5,4.0,2048,8192,256,1024,640,2363.59,2517.16,2353.83,-0.0636
mixed,64,32,0.5,4.0,2048,8192,512,2048,1280,2603.75,2902.79,2601.83,-0.0064
mixed,64,32,0.5,4.0,2048,8192,1024,4096,2560,3060.55,3754.61,3177.58,0.1686
mixed,64,32,0.5,4.0,2048,8192,2048,8192,5120,4157.9,5628.63,4445.97,0.1959
mixed,64,32,0.5,4.0,2048,8192,4096,16384,10240,8102.08,15752.3,10225.9,0.2776
pure,64,48,0.75,4.0,0,0,128,512,416,150.142,176.288,154.69,0.1739
pure,64,48,0.75,4.0,0,0,256,1024,832,286.785,353.987,286.916,0.0019
pure,64,48,0.75,4.0,0,0,512,2048,1664,533.924,637.026,531.105,-0.0273
pure,64,48,0.75,4.0,0,0,1024,4096,3328,971.396,1174.21,969.381,-0.0099
pure,64,48,0.75,4.0,0,0,2048,8192,6656,1838.73,2230.54,1819.46,-0.0492
pure,64,48,0.75,4.0,0,0,4096,16384,13312,3543.12,4331.22,3587.37,0.0562
mixed,64,48,0.75,4.0,16,0,128,512,416,251.137,299.457,261.856,0.2218
mixed,64,48,0.75,4.0,16,0,256,1024,832,422.785,516.13,443.554,0.2225
mixed,64,48,0.75,4.0,16,0,512,2048,1664,757.445,930.243,757.924,0.0028
mixed,64,48,0.75,4.0,16,0,1024,4096,3328,1729.09,2219.11,1432.87,-0.6045
mixed,64,48,0.75,4.0,16,0,2048,8192,6656,3639.31,4454.48,3304.24,-0.411
mixed,64,48,0.75,4.0,16,0,4096,16384,13312,7173.92,8853.15,10178.1,1.789
mixed,64,48,0.75,4.0,16,512,128,512,416,246.081,290.498,257.216,0.2507
mixed,64,48,0.75,4.0,16,512,256,1024,832,408.225,497.762,431.809,0.2634
mixed,64,48,0.75,4.0,16,512,512,2048,1664,759.074,925.987,761.026,0.0117
mixed,64,48,0.75,4.0,16,512,1024,4096,3328,1737.32,2219.53,1433.92,-0.6292
mixed,64,48,0.75,4.0,16,512,2048,8192,6656,3637.32,4448.01,3309.49,-0.4044
mixed,64,48,0.75,4.0,16,512,4096,16384,13312,7185.15,8819.59,10185.1,1.8355
mixed,64,48,0.75,4.0,16,1024,128,512,416,278.115,318.336,273.506,-0.1146
mixed,64,48,0.75,4.0,16,1024,256,1024,832,420.802,500.642,434.784,0.1751
mixed,64,48,0.75,4.0,16,1024,512,2048,1664,761.091,934.691,761.379,0.0017
mixed,64,48,0.75,4.0,16,1024,1024,4096,3328,1738.6,2227.02,1445.09,-0.6009
mixed,64,48,0.75,4.0,16,1024,2048,8192,6656,3645.13,4454.45,3306.83,-0.418
mixed,64,48,0.75,4.0,16,1024,4096,16384,13312,7191.23,8908.48,10290.2,1.8046
mixed,64,48,0.75,4.0,16,2048,128,512,416,340.257,381.505,336.353,-0.0946
mixed,64,48,0.75,4.0,16,2048,256,1024,832,485.121,557.537,474.947,-0.1405
mixed,64,48,0.75,4.0,16,2048,512,2048,1664,762.914,939.267,766.53,0.0205
mixed,64,48,0.75,4.0,16,2048,1024,4096,3328,1732.52,2207.72,1448.77,-0.5971
mixed,64,48,0.75,4.0,16,2048,2048,8192,6656,3651.69,4461.87,3293.23,-0.4425
mixed,64,48,0.75,4.0,16,2048,4096,16384,13312,7207.55,8858.4,10369.7,1.9155
mixed,64,48,0.75,4.0,16,4096,128,512,416,465.12,506.978,472.8,0.1835
mixed,64,48,0.75,4.0,16,4096,256,1024,832,612.097,682.275,603.362,-0.1245
mixed,64,48,0.75,4.0,16,4096,512,2048,1664,875.235,1023.65,876.483,0.0084
mixed,64,48,0.75,4.0,16,4096,1024,4096,3328,1794.25,2269.13,1511.69,-0.595
mixed,64,48,0.75,4.0,16,4096,2048,8192,6656,3711.5,4634.64,3484.36,-0.246
mixed,64,48,0.75,4.0,16,4096,4096,16384,13312,7560.22,9263.72,10553.1,1.7569
mixed,64,48,0.75,4.0,16,8192,128,512,416,742.658,785.476,747.395,0.1106
mixed,64,48,0.75,4.0,16,8192,256,1024,832,890.85,970.338,886.563,-0.0539
mixed,64,48,0.75,4.0,16,8192,512,2048,1664,1180.9,1339.97,1175.24,-0.0356
mixed,64,48,0.75,4.0,16,8192,1024,4096,3328,2108.04,2581,1846.25,-0.5535
mixed,64,48,0.75,4.0,16,8192,2048,8192,6656,3832.59,4517.23,3587.34,-0.3582
mixed,64,48,0.75,4.0,16,8192,4096,16384,13312,7528.66,9439.27,11128,1.8839
mixed,64,48,0.75,4.0,32,0,128,512,416,240.929,288.896,250.977,0.2095
mixed,64,48,0.75,4.0,32,0,256,1024,832,407.744,499.969,428.93,0.2297
mixed,64,48,0.75,4.0,32,0,512,2048,1664,758.083,930.817,759.395,0.0076
mixed,64,48,0.75,4.0,32,0,1024,4096,3328,1732.87,2226.06,1435.39,-0.6032
mixed,64,48,0.75,4.0,32,0,2048,8192,6656,3627.34,4439.6,3322.32,-0.3755
mixed,64,48,0.75,4.0,32,0,4096,16384,13312,7181.88,8937.69,10207.5,1.7232
mixed,64,48,0.75,4.0,32,512,128,512,416,246.209,289.794,257.536,0.2599
mixed,64,48,0.75,4.0,32,512,256,1024,832,408.45,497.984,432.609,0.2698
mixed,64,48,0.75,4.0,32,512,512,2048,1664,759.362,927.106,761.697,0.0139
mixed,64,48,0.75,4.0,32,512,1024,4096,3328,1741.54,2225.35,1433.7,-0.6363
mixed,64,48,0.75,4.0,32,512,2048,8192,6656,3637.64,4453.55,3321.2,-0.3878
mixed,64,48,0.75,4.0,32,512,4096,16384,13312,7200.03,8863.17,10188.2,1.7967
mixed,64,48,0.75,4.0,32,1024,128,512,416,278.433,317.185,272.387,-0.156
mixed,64,48,0.75,4.0,32,1024,256,1024,832,421.985,499.49,434.817,0.1656
mixed,64,48,0.75,4.0,32,1024,512,2048,1664,761.635,935.139,762.499,0.005
mixed,64,48,0.75,4.0,32,1024,1024,4096,3328,1742.21,2225.51,1446.72,-0.6114
mixed,64,48,0.75,4.0,32,1024,2048,8192,6656,3642.86,4455.85,3286.35,-0.4385
mixed,64,48,0.75,4.0,32,1024,4096,16384,13312,7203.42,8847.33,10231.2,1.8418
mixed,64,48,0.75,4.0,32,2048,128,512,416,341.185,380.993,338.72,-0.0619
mixed,64,48,0.75,4.0,32,2048,256,1024,832,485.378,559.97,476.227,-0.1227
mixed,64,48,0.75,4.0,32,2048,512,2048,1664,763.46,941.571,767.555,0.023
mixed,64,48,0.75,4.0,32,2048,1024,4096,3328,1737.51,2208.36,1449.35,-0.612
mixed,64,48,0.75,4.0,32,2048,2048,8192,6656,3653.04,4473.71,3285.52,-0.4478
mixed,64,48,0.75,4.0,32,2048,4096,16384,13312,7195.99,8867.78,10250,1.8268
mixed,64,48,0.75,4.0,32,4096,128,512,416,467.714,506.594,473.251,0.1424
mixed,64,48,0.75,4.0,32,4096,256,1024,832,613.25,684.739,604.481,-0.1227
mixed,64,48,0.75,4.0,32,4096,512,2048,1664,875.971,1025.32,873.635,-0.0156
mixed,64,48,0.75,4.0,32,4096,1024,4096,3328,1797,2270.05,1513.32,-0.5997
mixed,64,48,0.75,4.0,32,4096,2048,8192,6656,3708.59,4631.47,3497.87,-0.2283
mixed,64,48,0.75,4.0,32,4096,4096,16384,13312,7541.54,9354.53,10637.7,1.7077
mixed,64,48,0.75,4.0,32,8192,128,512,416,711.169,753.985,719.393,0.1921
mixed,64,48,0.75,4.0,32,8192,256,1024,832,857.827,932.897,850.211,-0.1015
mixed,64,48,0.75,4.0,32,8192,512,2048,1664,1134.53,1284.39,1133.92,-0.0041
mixed,64,48,0.75,4.0,32,8192,1024,4096,3328,2071.62,2548.43,1810.66,-0.5473
mixed,64,48,0.75,4.0,32,8192,2048,8192,6656,3799.4,4532.53,3615.57,-0.2508
mixed,64,48,0.75,4.0,32,8192,4096,16384,13312,7562.91,9415.04,10917.8,1.8114
mixed,64,48,0.75,4.0,64,0,128,512,416,240.866,289.057,250.273,0.1952
mixed,64,48,0.75,4.0,64,0,256,1024,832,408.194,500.513,430.336,0.2398
mixed,64,48,0.75,4.0,64,0,512,2048,1664,755.907,934.691,761.507,0.0313
mixed,64,48,0.75,4.0,64,0,1024,4096,3328,1739.56,2217.19,1439.68,-0.6278
mixed,64,48,0.75,4.0,64,0,2048,8192,6656,3643.79,4451.18,3305.32,-0.4192
mixed,64,48,0.75,4.0,64,0,4096,16384,13312,7180.67,8827.58,10215.8,1.8429
mixed,64,48,0.75,4.0,64,512,128,512,416,247.808,291.36,258.08,0.2359
mixed,64,48,0.75,4.0,64,512,256,1024,832,409.056,500.353,431.777,0.2489
mixed,64,48,0.75,4.0,64,512,512,2048,1664,761.248,930.307,762.466,0.0072
mixed,64,48,0.75,4.0,64,512,1024,4096,3328,1748.1,2226.63,1437.12,-0.6499
mixed,64,48,0.75,4.0,64,512,2048,8192,6656,3640.81,4459.54,3292.56,-0.4254
mixed,64,48,0.75,4.0,64,512,4096,16384,13312,7186.11,8923.36,10246.3,1.7615
mixed,64,48,0.75,4.0,64,1024,128,512,416,279.2,321.344,273.601,-0.1329
mixed,64,48,0.75,4.0,64,1024,256,1024,832,423.747,502.721,435.746,0.1519
mixed,64,48,0.75,4.0,64,1024,512,2048,1664,761.41,937.188,764.13,0.0155
mixed,64,48,0.75,4.0,64,1024,1024,4096,3328,1778.89,2265.51,1463.78,-0.6475
mixed,64,48,0.75,4.0,64,1024,2048,8192,6656,3694.67,4484.88,3421.84,-0.3453
mixed,64,48,0.75,4.0,64,1024,4096,16384,13312,7214.23,8948.83,10360,1.8135
mixed,64,48,0.75,4.0,64,2048,128,512,416,357.185,399.361,352.864,-0.1025
mixed,64,48,0.75,4.0,64,2048,256,1024,832,503.617,580.258,498.338,-0.0689
mixed,64,48,0.75,4.0,64,2048,512,2048,1664,793.381,977.093,797.122,0.0204
mixed,64,48,0.75,4.0,64,2048,1024,4096,3328,1774.15,2253.07,1508.2,-0.5553
mixed,64,48,0.75,4.0,64,2048,2048,8192,6656,3701.36,4530.45,3429.39,-0.328
mixed,64,48,0.75,4.0,64,2048,4096,16384,13312,7285.79,8985.76,10349,1.8019
mixed,64,48,0.75,4.0,64,4096,128,512,416,482.53,533.027,493.825,0.2237
mixed,64,48,0.75,4.0,64,4096,256,1024,832,634.531,713.347,628.259,-0.0796
mixed,64,48,0.75,4.0,64,4096,512,2048,1664,912.228,1071.01,908.547,-0.0232
mixed,64,48,0.75,4.0,64,4096,1024,4096,3328,1829.9,2301.1,1562.38,-0.5677
mixed,64,48,0.75,4.0,64,4096,2048,8192,6656,3766.16,4681.94,3568.81,-0.2155
mixed,64,48,0.75,4.0,64,4096,4096,16384,13312,7689.18,9348.64,10653.1,1.7861
mixed,64,48,0.75,4.0,64,8192,128,512,416,711.747,758.146,719.235,0.1614
mixed,64,48,0.75,4.0,64,8192,256,1024,832,859.171,935.62,852.803,-0.0833
mixed,64,48,0.75,4.0,64,8192,512,2048,1664,1135.04,1282.02,1137.67,0.0178
mixed,64,48,0.75,4.0,64,8192,1024,4096,3328,2076.65,2538.25,1817.03,-0.5624
mixed,64,48,0.75,4.0,64,8192,2048,8192,6656,3801.26,4541.81,3604.68,-0.2654
mixed,64,48,0.75,4.0,64,8192,4096,16384,13312,7587.77,9419.43,11213.3,1.9794
mixed,64,48,0.75,4.0,128,0,128,512,416,248.419,296.865,261.602,0.2721
mixed,64,48,0.75,4.0,128,0,256,1024,832,413.281,507.713,436.609,0.247
mixed,64,48,0.75,4.0,128,0,512,2048,1664,764.866,940.195,766.339,0.0084
mixed,64,48,0.75,4.0,128,0,1024,4096,3328,1744.9,2231.11,1446.31,-0.6141
mixed,64,48,0.75,4.0,128,0,2048,8192,6656,3637.9,4461.36,3343.18,-0.3579
mixed,64,48,0.75,4.0,128,0,4096,16384,13312,7186.43,8819.68,10158,1.8194
mixed,64,48,0.75,4.0,128,512,128,512,416,266.88,310.4,278.272,0.2618
mixed,64,48,0.75,4.0,128,512,256,1024,832,430.017,522.466,457.985,0.3025
mixed,64,48,0.75,4.0,128,512,512,2048,1664,795.105,970.852,799.106,0.0228
mixed,64,48,0.75,4.0,128,512,1024,4096,3328,1782.53,2266.76,1492.65,-0.5987
mixed,64,48,0.75,4.0,128,512,2048,8192,6656,3697.97,4502.8,3429.55,-0.3335
mixed,64,48,0.75,4.0,128,512,4096,16384,13312,7259.07,8883.52,10313.2,1.8801
mixed,64,48,0.75,4.0,128,1024,128,512,416,288.577,328.769,290.784,0.0549
mixed,64,48,0.75,4.0,128,1024,256,1024,832,431.008,511.011,447.936,0.2116
mixed,64,48,0.75,4.0,128,1024,512,2048,1664,769.507,942.658,773.123,0.0209
mixed,64,48,0.75,4.0,128,1024,1024,4096,3328,1745.86,2233.74,1458.37,-0.5893
mixed,64,48,0.75,4.0,128,1024,2048,8192,6656,3653.29,4470.23,3226.8,-0.5221
mixed,64,48,0.75,4.0,128,1024,4096,16384,13312,7201.53,8860.03,10192.6,1.8035
mixed,64,48,0.75,4.0,128,2048,128,512,416,354.208,393.027,362.368,0.2102
mixed,64,48,0.75,4.0,128,2048,256,1024,832,500.226,574.659,495.522,-0.0632
mixed,64,48,0.75,4.0,128,2048,512,2048,1664,776.162,950.915,778.497,0.0134
mixed,64,48,0.75,4.0,128,2048,1024,4096,3328,1721.35,2211.02,1470.63,-0.512
mixed,64,48,0.75,4.0,128,2048,2048,8192,6656,3671.98,4484.72,3342.99,-0.4048
mixed,64,48,0.75,4.0,128,2048,4096,16384,13312,7191.26,8868.13,10484.6,1.964
mixed,64,48,0.75,4.0,128,4096,128,512,416,498.531,542.913,512.964,0.3252
mixed,64,48,0.75,4.0,128,4096,256,1024,832,653.027,732.864,660.706,0.0962
mixed,64,48,0.75,4.0,128,4096,512,2048,1664,947.426,1099.36,932.74,-0.0967
mixed,64,48,0.75,4.0,128,4096,1024,4096,3328,1851.72,2301.1,1639.27,-0.4728
mixed,64,48,0.75,4.0,128,4096,2048,8192,6656,3830.64,4886.32,4068.27,0.2251
mixed,64,48,0.75,4.0,128,4096,4096,16384,13312,8092.32,9856.39,11099.8,1.7048
mixed,64,48,0.75,4.0,128,8192,128,512,416,726.082,768.193,737.57,0.2728
mixed,64,48,0.75,4.0,128,8192,256,1024,832,883.392,960.803,888.353,0.0641
mixed,64,48,0.75,4.0,128,8192,512,2048,1664,1179.75,1330.76,1159.88,-0.1316
mixed,64,48,0.75,4.0,128,8192,1024,4096,3328,2065.89,2566.22,1901.51,-0.3286
mixed,64,48,0.75,4.0,128,8192,2048,8192,6656,3826.57,4577.68,3986.57,0.213
mixed,64,48,0.75,4.0,128,8192,4096,16384,13312,7908.41,10128.3,11157.1,1.4635
mixed,64,48,0.75,4.0,256,0,128,512,416,263.776,308.609,274.624,0.242
mixed,64,48,0.75,4.0,256,0,256,1024,832,428.768,517.123,452.033,0.2633
mixed,64,48,0.75,4.0,256,0,512,2048,1664,771.712,937.571,777.315,0.0338
mixed,64,48,0.75,4.0,256,0,1024,4096,3328,1753.57,2226.37,1450.31,-0.6414
mixed,64,48,0.75,4.0,256,0,2048,8192,6656,3649.93,4466.26,3386.06,-0.3232
mixed,64,48,0.75,4.0,256,0,4096,16384,13312,7210.36,8844.58,10303.4,1.8927
mixed,64,48,0.75,4.0,256,512,128,512,416,290.336,328.77,299.553,0.2398
mixed,64,48,0.75,4.0,256,512,256,1024,832,448.163,534.467,479.489,0.363
mixed,64,48,0.75,4.0,256,512,512,2048,1664,801.378,971.684,803.618,0.0132
mixed,64,48,0.75,4.0,256,512,1024,4096,3328,1788.26,2273.48,1504.13,-0.5856
mixed,64,48,0.75,4.0,256,512,2048,8192,6656,3692.17,4519.12,3410.99,-0.34
mixed,64,48,0.75,4.0,256,512,4096,16384,13312,7197.15,8877.22,10236.6,1.8091
mixed,64,48,0.75,4.0,256,1024,128,512,416,313.953,350.658,327.393,0.3662
mixed,64,48,0.75,4.0,256,1024,256,1024,832,459.969,530.338,470.37,0.1478
mixed,64,48,0.75,4.0,256,1024,512,2048,1664,782.019,946.435,789.634,0.0463
mixed,64,48,0.75,4.0,256,1024,1024,4096,3328,1743.27,2221.96,1473.25,-0.5641
mixed,64,48,0.75,4.0,256,1024,2048,8192,6656,3652.69,4466.74,3359.15,-0.3606
mixed,64,48,0.75,4.0,256,1024,4096,16384,13312,7185.15,8845.12,10299,1.8758
mixed,64,48,0.75,4.0,256,2048,128,512,416,414.017,446.561,419.52,0.1691
mixed,64,48,0.75,4.0,256,2048,256,1024,832,552.288,633.156,559.778,0.0926
mixed,64,48,0.75,4.0,256,2048,512,2048,1664,834.019,989.411,841.315,0.047
mixed,64,48,0.75,4.0,256,2048,1024,4096,3328,1707.94,2228.23,1547.08,-0.3092
mixed,64,48,0.75,4.0,256,2048,2048,8192,6656,3701.55,4538.87,3919.44,0.2602
mixed,64,48,0.75,4.0,256,2048,4096,16384,13312,7288.41,8930.66,10859.9,2.1747
mixed,64,48,0.75,4.0,256,4096,128,512,416,534.017,579.619,540.865,0.1502
mixed,64,48,0.75,4.0,256,4096,256,1024,832,692.9,764.707,697.186,0.0597
mixed,64,48,0.75,4.0,256,4096,512,2048,1664,952.707,1093.95,950.978,-0.0122
mixed,64,48,0.75,4.0,256,4096,1024,4096,3328,1810.47,2328.93,1742.15,-0.1318
mixed,64,48,0.75,4.0,256,4096,2048,8192,6656,3887.82,5412.05,4421.9,0.3504
mixed,64,48,0.75,4.0,256,4096,4096,16384,13312,8995.23,11241.2,11274.3,1.0147
mixed,64,48,0.75,4.0,256,8192,128,512,416,782.689,829.985,787.937,0.111
mixed,64,48,0.75,4.0,256,8192,256,1024,832,950.819,1049.95,960.77,0.1004
mixed,64,48,0.75,4.0,256,8192,512,2048,1664,1279.17,1412.9,1243.17,-0.2692
mixed,64,48,0.75,4.0,256,8192,1024,4096,3328,2057.29,2573.39,1980.36,-0.1491
mixed,64,48,0.75,4.0,256,8192,2048,8192,6656,3825.65,4625.46,4104.78,0.349
mixed,64,48,0.75,4.0,256,8192,4096,16384,13312,8839.07,11276.7,11520.8,1.1001
mixed,64,48,0.75,4.0,512,0,128,512,416,317.761,365.888,328.639,0.226
mixed,64,48,0.75,4.0,512,0,256,1024,832,477.762,573.762,503.395,0.267
mixed,64,48,0.75,4.0,512,0,512,2048,1664,835.394,996.484,840.259,0.0302
mixed,64,48,0.75,4.0,512,0,1024,4096,3328,1816.04,2258.34,1524.1,-0.66
mixed,64,48,0.75,4.0,512,0,2048,8192,6656,3696.08,4482.1,3416.11,-0.3562
mixed,64,48,0.75,4.0,512,0,4096,16384,13312,7200.61,8927.27,10364.7,1.8325
mixed,64,48,0.75,4.0,512,512,128,512,416,342.688,375.392,346.37,0.1126
mixed,64,48,0.75,4.0,512,512,256,1024,832,485.473,580.706,507.425,0.2305
mixed,64,48,0.75,4.0,512,512,512,2048,1664,819.456,976.642,828.708,0.0589
mixed,64,48,0.75,4.0,512,512,1024,4096,3328,1803.49,2301.61,1564.65,-0.4795
mixed,64,48,0.75,4.0,512,512,2048,8192,6656,3726.8,4550.51,3547.72,-0.2174
mixed,64,48,0.75,4.0,512,512,4096,16384,13312,7296.92,8941.99,10448.5,1.9158
mixed,64,48,0.75,4.0,512,1024,128,512,416,389.697,427.491,394.178,0.1186
mixed,64,48,0.75,4.0,512,1024,256,1024,832,521.089,610.113,536.384,0.1718
mixed,64,48,0.75,4.0,512,1024,512,2048,1664,849.763,992.708,849.412,-0.0025
mixed,64,48,0.75,4.0,512,1024,1024,4096,3328,1741.76,2251.14,1539.78,-0.3965
mixed,64,48,0.75,4.0,512,1024,2048,8192,6656,3683.34,4488.88,3486.95,-0.2438
mixed,64,48,0.75,4.0,512,1024,4096,16384,13312,7211.93,8870.11,10538.4,2.0061
mixed,64,48,0.75,4.0,512,2048,128,512,416,482.239,518.562,488.513,0.1727
mixed,64,48,0.75,4.0,512,2048,256,1024,832,619.172,698.915,625.887,0.0842
mixed,64,48,0.75,4.0,512,2048,512,2048,1664,895.555,1056.07,888.353,-0.0449
mixed,64,48,0.75,4.0,512,2048,1024,4096,3328,1721.77,2257.22,1663.37,-0.1091
mixed,64,48,0.75,4.0,512,2048,2048,8192,6656,3760.56,4601.87,4150.45,0.4634
mixed,64,48,0.75,4.0,512,2048,4096,16384,13312,7272.44,9077.29,11274.8,2.2176
mixed,64,48,0.75,4.0,512,4096,128,512,416,656.064,693.793,665.568,0.2519
mixed,64,48,0.75,4.0,512,4096,256,1024,832,794.178,877.25,809.955,0.1899
mixed,64,48,0.75,4.0,512,4096,512,2048,1664,1087.11,1215.68,1080.45,-0.0518
mixed,64,48,0.75,4.0,512,4096,1024,4096,3328,1978.5,2558.6,1866.31,-0.1934
mixed,64,48,0.75,4.0,512,4096,2048,8192,6656,4343.5,6249.81,5170.26,0.4337
mixed,64,48,0.75,4.0,512,4096,4096,16384,13312,10793.7,13338.1,11902.8,0.4359
mixed,64,48,0.75,4.0,512,8192,128,512,416,980.739,1042.6,995.811,0.2437
mixed,64,48,0.75,4.0,512,8192,256,1024,832,1189.06,1249.12,1161.15,-0.4646
mixed,64,48,0.75,4.0,512,8192,512,2048,1664,1507.97,1643.69,1503.33,-0.0342
mixed,64,48,0.75,4.0,512,8192,1024,4096,3328,2338.79,2832.52,2264.1,-0.1513
mixed,64,48,0.75,4.0,512,8192,2048,8192,6656,4177.07,5083.57,4766.61,0.6503
mixed,64,48,0.75,4.0,512,8192,4096,16384,13312,11022.2,13025.9,12073.3,0.5245
mixed,64,48,0.75,4.0,1024,0,128,512,416,405.952,445.122,411.587,0.1439
mixed,64,48,0.75,4.0,1024,0,256,1024,832,552.226,649.538,575.683,0.241
mixed,64,48,0.75,4.0,1024,0,512,2048,1664,901.123,1055.68,899.939,-0.0077
mixed,64,48,0.75,4.0,1024,0,1024,4096,3328,1869.41,2367.05,1647.43,-0.4461
mixed,64,48,0.75,4.0,1024,0,2048,8192,6656,3736.97,4551.67,3746.54,0.0117
mixed,64,48,0.75,4.0,1024,0,4096,16384,13312,7274.65,8905.51,10442.9,1.9427
mixed,64,48,0.75,4.0,1024,512,128,512,416,473.058,512.192,480.196,0.1824
mixed,64,48,0.75,4.0,1024,512,256,1024,832,605.761,688.866,618.081,0.1482
mixed,64,48,0.75,4.0,1024,512,512,2048,1664,940.258,1092.36,956.803,0.1088
mixed,64,48,0.75,4.0,1024,512,1024,4096,3328,1790.44,2311.98,1645.35,-0.2782
mixed,64,48,0.75,4.0,1024,512,2048,8192,6656,3740.36,4548.43,3870.96,0.1616
mixed,64,48,0.75,4.0,1024,512,4096,16384,13312,7295.42,8934.5,11150.7,2.3521
mixed,64,48,0.75,4.0,1024,1024,128,512,416,540.546,579.233,545.665,0.1323
mixed,64,48,0.75,4.0,1024,1024,256,1024,832,674.691,755.585,687.619,0.1598
mixed,64,48,0.75,4.0,1024,1024,512,2048,1664,976.419,1127.56,985.891,0.0627
mixed,64,48,0.75,4.0,1024,1024,1024,4096,3328,1765.61,2334.41,1701.92,-0.112
mixed,64,48,0.75,4.0,1024,1024,2048,8192,6656,3769.49,4573.01,4171.38,0.5002
mixed,64,48,0.75,4.0,1024,1024,4096,16384,13312,7313.21,8992.19,11438.2,2.4568
mixed,64,48,0.75,4.0,1024,2048,128,512,416,692.963,735.074,703.074,0.2401
mixed,64,48,0.75,4.0,1024,2048,256,1024,832,835.169,884.612,816.13,-0.3851
mixed,64,48,0.75,4.0,1024,2048,512,2048,1664,1083.84,1204.96,1075.59,-0.0681
mixed,64,48,0.75,4.0,1024,2048,1024,4096,3328,1811.56,2441.26,1793.16,-0.0292
mixed,64,48,0.75,4.0,1024,2048,2048,8192,6656,4279.54,5266.16,4926.19,0.6554
mixed,64,48,0.75,4.0,1024,2048,4096,16384,13312,8320.51,10182.3,11470.4,1.6919
mixed,64,48,0.75,4.0,1024,4096,128,512,416,913.636,954.18,902.85,-0.266
mixed,64,48,0.75,4.0,1024,4096,256,1024,832,1045.76,1136.96,1065.03,0.2112
mixed,64,48,0.75,4.0,1024,4096,512,2048,1664,1349.19,1477.73,1340.96,-0.064
mixed,64,48,0.75,4.0,1024,4096,1024,4096,3328,2057.35,2570.06,1997.77,-0.1162
mixed,64,48,0.75,4.0,1024,4096,2048,8192,6656,4738.29,7222.59,5067.92,0.1327
mixed,64,48,0.75,4.0,1024,4096,4096,16384,13312,12729.6,15728.5,12569,-0.0536
mixed,64,48,0.75,4.0,1024,8192,128,512,416,1373.22,1412.55,1382.69,0.2408
mixed,64,48,0.75,4.0,1024,8192,256,1024,832,1517.28,1613.13,1535.2,0.187
mixed,64,48,0.75,4.0,1024,8192,512,2048,1664,1855.91,2010.06,1859.75,0.0249
mixed,64,48,0.75,4.0,1024,8192,1024,4096,3328,2419.97,2711.82,2559.75,0.4789
mixed,64,48,0.75,4.0,1024,8192,2048,8192,6656,4304.44,5151.44,4551.95,0.2922
mixed,64,48,0.75,4.0,1024,8192,4096,16384,13312,12456.2,15473.8,13025.4,0.1886
mixed,64,48,0.75,4.0,2048,0,128,512,416,695.586,733.026,700.547,0.1325
mixed,64,48,0.75,4.0,2048,0,256,1024,832,826.115,906.566,837.218,0.138
mixed,64,48,0.75,4.0,2048,0,512,2048,1664,1147.4,1296.01,1153.8,0.0431
mixed,64,48,0.75,4.0,2048,0,1024,4096,3328,1870.03,2412.39,1858.02,-0.0221
mixed,64,48,0.75,4.0,2048,0,2048,8192,6656,4082.45,4883.6,5174.83,1.3635
mixed,64,48,0.75,4.0,2048,0,4096,16384,13312,7730.56,9393.25,11548.4,2.2962
mixed,64,48,0.75,4.0,2048,512,128,512,416,801.187,840.132,808.291,0.1824
mixed,64,48,0.75,4.0,2048,512,256,1024,832,932.899,1012.96,947.362,0.1806
mixed,64,48,0.75,4.0,2048,512,512,2048,1664,1233.67,1379.01,1235.36,0.0117
mixed,64,48,0.75,4.0,2048,512,1024,4096,3328,1931.3,2414.82,1947.85,0.0342
mixed,64,48,0.75,4.0,2048,512,2048,8192,6656,4297.75,5470.26,5718.55,1.2118
mixed,64,48,0.75,4.0,2048,512,4096,16384,13312,8592.35,10515.4,11551.1,1.5386
mixed,64,48,0.75,4.0,2048,1024,128,512,416,905.027,941.027,909.027,0.1111
mixed,64,48,0.75,4.0,2048,1024,256,1024,832,1039.14,1112.93,1052.71,0.1838
mixed,64,48,0.75,4.0,2048,1024,512,2048,1664,1327.88,1464.19,1315.84,-0.0883
mixed,64,48,0.75,4.0,2048,1024,1024,4096,3328,1964.74,2538.03,2015.68,0.0889
mixed,64,48,0.75,4.0,2048,1024,2048,8192,6656,4898.38,5825.85,5294.1,0.4267
mixed,64,48,0.75,4.0,2048,1024,4096,16384,13312,9615.97,11815.7,11701.2,0.948
mixed,64,48,0.75,4.0,2048,2048,128,512,416,1108.26,1143.65,1112.52,0.1203
mixed,64,48,0.75,4.0,2048,2048,256,1024,832,1241.19,1322.88,1254.98,0.1688
mixed,64,48,0.75,4.0,2048,2048,512,2048,1664,1529.73,1655.91,1531.37,0.0129
mixed,64,48,0.75,4.0,2048,2048,1024,4096,3328,2106.57,2428.23,2149.06,0.1321
mixed,64,48,0.75,4.0,2048,2048,2048,8192,6656,6211,7213.82,6190.33,-0.0206
mixed,64,48,0.75,4.0,2048,2048,4096,16384,13312,11544.4,14415.3,12838.4,0.4507
mixed,64,48,0.75,4.0,2048,4096,128,512,416,1500.71,1540.42,1509.25,0.2151
mixed,64,48,0.75,4.0,2048,4096,256,1024,832,1636.32,1720.01,1658.05,0.2597
mixed,64,48,0.75,4.0,2048,4096,512,2048,1664,1934.56,2064.87,1935.78,0.0093
mixed,64,48,0.75,4.0,2048,4096,1024,4096,3328,2496.78,2912.27,2495.3,-0.0035
mixed,64,48,0.75,4.0,2048,4096,2048,8192,6656,3937.23,7742.17,6656.79,0.7147
mixed,64,48,0.75,4.0,2048,4096,4096,16384,13312,13171.4,16153.7,13262.7,0.0306
mixed,64,48,0.75,4.0,2048,8192,128,512,416,2246.12,2301.96,2258.34,0.2189
mixed,64,48,0.75,4.0,2048,8192,256,1024,832,2427.11,2508.04,2441.29,0.1751
mixed,64,48,0.75,4.0,2048,8192,512,2048,1664,2750.86,2899.34,2741.16,-0.0653
mixed,64,48,0.75,4.0,2048,8192,1024,4096,3328,3350.86,3762.06,3369,0.0441
mixed,64,48,0.75,4.0,2048,8192,2048,8192,6656,4824.5,5635.16,5333.94,0.6284
mixed,64,48,0.75,4.0,2048,8192,4096,16384,13312,12929.8,15754,13375.5,0.1578
pure,64,58,0.9062,4.0,0,0,128,512,476,164.995,176.191,168.482,0.3115
pure,64,58,0.9062,4.0,0,0,256,1024,952,329.54,354.176,331.584,0.083
pure,64,58,0.9062,4.0,0,0,512,2048,1904,595.906,638.656,598.369,0.0576
pure,64,58,0.9062,4.0,0,0,1024,4096,3808,1092.64,1172.58,1099.14,0.0813
pure,64,58,0.9062,4.0,0,0,2048,8192,7616,2065.26,2230.18,2076.49,0.0681
pure,64,58,0.9062,4.0,0,0,4096,16384,15232,4016.17,4330.06,4021.33,0.0164
mixed,64,58,0.9062,4.0,16,0,128,512,476,246.433,287.969,278.274,0.7666
mixed,64,58,0.9062,4.0,16,0,256,1024,952,454.335,498.273,471.907,0.3999
mixed,64,58,0.9062,4.0,16,0,512,2048,1904,825.218,930.37,831.074,0.0557
mixed,64,58,0.9062,4.0,16,0,1024,4096,3808,2015.81,2214.02,2041.06,0.1274
mixed,64,58,0.9062,4.0,16,0,2048,8192,7616,4134.7,4448.08,4115.44,-0.0615
mixed,64,58,0.9062,4.0,16,0,4096,16384,15232,8237.73,8832.8,10581.3,3.9383
mixed,64,58,0.9062,4.0,16,512,128,512,476,251.777,291.807,281.472,0.7418
mixed,64,58,0.9062,4.0,16,512,256,1024,952,469.375,515.234,495.681,0.5736
mixed,64,58,0.9062,4.0,16,512,512,2048,1904,858.627,958.628,850.981,-0.0765
mixed,64,58,0.9062,4.0,16,512,1024,4096,3808,2045.35,2219.59,2050.89,0.0318
mixed,64,58,0.9062,4.0,16,512,2048,8192,7616,4135.86,4455.44,4126.51,-0.0292
mixed,64,58,0.9062,4.0,16,512,4096,16384,15232,8217.79,8863.01,10441.4,3.4463
mixed,64,58,0.9062,4.0,16,1024,128,512,476,282.497,318.114,293.409,0.3064
mixed,64,58,0.9062,4.0,16,1024,256,1024,952,459.747,499.841,476.896,0.4277
mixed,64,58,0.9062,4.0,16,1024,512,2048,1904,828.867,932.867,837.794,0.0858
mixed,64,58,0.9062,4.0,16,1024,1024,4096,3808,2014.31,2226.44,2058.89,0.2101
mixed,64,58,0.9062,4.0,16,1024,2048,8192,7616,4137.87,4462.57,4140.11,0.0069
mixed,64,58,0.9062,4.0,16,1024,4096,16384,15232,8201.47,8860.52,10629,3.6834
mixed,64,58,0.9062,4.0,16,2048,128,512,476,346.977,380.8,357.664,0.316
mixed,64,58,0.9062,4.0,16,2048,256,1024,952,521.601,554.464,512.257,-0.2843
mixed,64,58,0.9062,4.0,16,2048,512,2048,1904,833.442,941.827,854.627,0.1955
mixed,64,58,0.9062,4.0,16,2048,1024,4096,3808,2003.69,2205.35,2069.96,0.3286
mixed,64,58,0.9062,4.0,16,2048,2048,8192,7616,4144.46,4464.62,4239.03,0.2954
mixed,64,58,0.9062,4.0,16,2048,4096,16384,15232,8229.12,8823.24,10855.2,4.4202
mixed,64,58,0.9062,4.0,16,4096,128,512,476,470.531,505.57,495.107,0.7014
mixed,64,58,0.9062,4.0,16,4096,256,1024,952,648.641,683.33,664.484,0.4567
mixed,64,58,0.9062,4.0,16,4096,512,2048,1904,928.101,1020.74,937.698,0.1036
mixed,64,58,0.9062,4.0,16,4096,1024,4096,3808,2074.63,2279.78,2201.13,0.6166
mixed,64,58,0.9062,4.0,16,4096,2048,8192,7616,4283.53,4649.52,4632.82,0.9544
mixed,64,58,0.9062,4.0,16,4096,4096,16384,15232,8611.49,9358.79,10744,2.8537
mixed,64,58,0.9062,4.0,16,8192,128,512,476,716.834,756.098,741.185,0.6202
mixed,64,58,0.9062,4.0,16,8192,256,1024,952,897.123,931.811,913.057,0.4594
mixed,64,58,0.9062,4.0,16,8192,512,2048,1904,1184.23,1289.92,1206.11,0.2071
mixed,64,58,0.9062,4.0,16,8192,1024,4096,3808,2357.1,2547.91,2232.71,-0.6518
mixed,64,58,0.9062,4.0,16,8192,2048,8192,7616,4221.13,4533.81,4527.85,0.981
mixed,64,58,0.9062,4.0,16,8192,4096,16384,15232,8742.11,9472.52,10993.8,3.0828
mixed,64,58,0.9062,4.0,32,0,128,512,476,246.08,288.897,278.882,0.7661
mixed,64,58,0.9062,4.0,32,0,256,1024,952,453.889,500,473.057,0.4157
mixed,64,58,0.9062,4.0,32,0,512,2048,1904,826.113,930.659,828.865,0.0263
mixed,64,58,0.9062,4.0,32,0,1024,4096,3808,2016.65,2221.7,2043.97,0.1333
mixed,64,58,0.9062,4.0,32,0,2048,8192,7616,4130.89,4445.04,4112.4,-0.0589
mixed,64,58,0.9062,4.0,32,0,4096,16384,15232,8242.43,8845.76,10572.9,3.8626
mixed,64,58,0.9062,4.0,32,512,128,512,476,251.649,289.345,281.122,0.7819
mixed,64,58,0.9062,4.0,32,512,256,1024,952,454.594,499.072,476.195,0.4857
mixed,64,58,0.9062,4.0,32,512,512,2048,1904,827.491,927.428,830.692,0.032
mixed,64,58,0.9062,4.0,32,512,1024,4096,3808,2015.4,2221.51,2059.78,0.2153
mixed,64,58,0.9062,4.0,32,512,2048,8192,7616,4133.3,4456.17,4121.39,-0.0369
mixed,64,58,0.9062,4.0,32,512,4096,16384,15232,8252.25,8947.94,10421.9,3.1187
mixed,64,58,0.9062,4.0,32,1024,128,512,476,283.712,317.825,295.489,0.3452
mixed,64,58,0.9062,4.0,32,1024,256,1024,952,456.96,499.329,477.089,0.4751
mixed,64,58,0.9062,4.0,32,1024,512,2048,1904,829.698,933.827,838.403,0.0836
mixed,64,58,0.9062,4.0,32,1024,1024,4096,3808,2011.37,2223.01,2068.71,0.2709
mixed,64,58,0.9062,4.0,32,1024,2048,8192,7616,4139.06,4456.62,4128.65,-0.0328
mixed,64,58,0.9062,4.0,32,1024,4096,16384,15232,8214.46,8897.29,10468.3,3.3007
mixed,64,58,0.9062,4.0,32,2048,128,512,476,347.073,382.082,359.777,0.3629
mixed,64,58,0.9062,4.0,32,2048,256,1024,952,517.218,558.081,512.225,-0.1222
mixed,64,58,0.9062,4.0,32,2048,512,2048,1904,833.378,940.514,856.003,0.2112
mixed,64,58,0.9062,4.0,32,2048,1024,4096,3808,2004.71,2208.26,2058.98,0.2666
mixed,64,58,0.9062,4.0,32,2048,2048,8192,7616,4151.57,4470.45,4251.63,0.3138
mixed,64,58,0.9062,4.0,32,2048,4096,16384,15232,8213.38,8865.95,10691.2,3.797
mixed,64,58,0.9062,4.0,32,4096,128,512,476,471.584,506.754,494.722,0.6579
mixed,64,58,0.9062,4.0,32,4096,256,1024,952,648.482,685.667,666.34,0.4802
mixed,64,58,0.9062,4.0,32,4096,512,2048,1904,930.947,1024.23,941.795,0.1163
mixed,64,58,0.9062,4.0,32,4096,1024,4096,3808,2073.64,2275.37,2187.3,0.5635
mixed,64,58,0.9062,4.0,32,4096,2048,8192,7616,4288.72,4644.75,4635.57,0.9742
mixed,64,58,0.9062,4.0,32,4096,4096,16384,15232,8659.52,9307.59,11027.2,3.6535
mixed,64,58,0.9062,4.0,32,8192,128,512,476,716.451,755.521,741.603,0.6438
mixed,64,58,0.9062,4.0,32,8192,256,1024,952,897.891,933.953,915.811,0.4969
mixed,64,58,0.9062,4.0,32,8192,512,2048,1904,1184.9,1293.41,1209.28,0.2247
mixed,64,58,0.9062,4.0,32,8192,1024,4096,3808,2365.42,2540.84,2243.46,-0.6952
mixed,64,58,0.9062,4.0,32,8192,2048,8192,7616,4230.22,4531.67,4621.01,1.2964
mixed,64,58,0.9062,4.0,32,8192,4096,16384,15232,8788.71,9509.8,10899.4,2.9271
mixed,64,58,0.9062,4.0,64,0,128,512,476,245.922,289.537,278.496,0.7469
mixed,64,58,0.9062,4.0,64,0,256,1024,952,454.913,500.034,471.747,0.3731
mixed,64,58,0.9062,4.0,64,0,512,2048,1904,825.057,933.061,833.058,0.0741
mixed,64,58,0.9062,4.0,64,0,1024,4096,3808,2018.28,2219.01,2047.43,0.1452
mixed,64,58,0.9062,4.0,64,0,2048,8192,7616,4135.89,4452.66,4118.41,-0.0551
mixed,64,58,0.9062,4.0,64,0,4096,16384,15232,8213.73,8950.63,10677.1,3.3428
mixed,64,58,0.9062,4.0,64,512,128,512,476,253.408,291.392,281.057,0.7279
mixed,64,58,0.9062,4.0,64,512,256,1024,952,453.856,500.993,475.36,0.4562
mixed,64,58,0.9062,4.0,64,512,512,2048,1904,829.249,932.515,833.603,0.0422
mixed,64,58,0.9062,4.0,64,512,1024,4096,3808,2014.92,2230.37,2064.33,0.2293
mixed,64,58,0.9062,4.0,64,512,2048,8192,7616,4144.97,4466,4132.11,-0.0401
mixed,64,58,0.9062,4.0,64,512,4096,16384,15232,8225.73,8920.48,10710.9,3.577
mixed,64,58,0.9062,4.0,64,1024,128,512,476,285.247,319.682,294.849,0.2788
mixed,64,58,0.9062,4.0,64,1024,256,1024,952,459.33,502.21,478.371,0.4441
mixed,64,58,0.9062,4.0,64,1024,512,2048,1904,831.394,938.916,842.242,0.1009
mixed,64,58,0.9062,4.0,64,1024,1024,4096,3808,2012.36,2234.86,2070.41,0.2609
mixed,64,58,0.9062,4.0,64,1024,2048,8192,7616,4147.63,4463.66,4135.37,-0.0388
mixed,64,58,0.9062,4.0,64,1024,4096,16384,15232,8217.92,8884.58,10819.8,3.9028
mixed,64,58,0.9062,4.0,64,2048,128,512,476,347.81,384.672,360.034,0.3316
mixed,64,58,0.9062,4.0,64,2048,256,1024,952,521.603,561.57,510.018,-0.2899
mixed,64,58,0.9062,4.0,64,2048,512,2048,1904,834.819,945.219,856.802,0.1991
mixed,64,58,0.9062,4.0,64,2048,1024,4096,3808,2006.44,2211.56,2065.16,0.2863
mixed,64,58,0.9062,4.0,64,2048,2048,8192,7616,4153.74,4479.66,4187.31,0.103
mixed,64,58,0.9062,4.0,64,2048,4096,16384,15232,8308,8925.92,10870.5,4.1469
mixed,64,58,0.9062,4.0,64,4096,128,512,476,471.842,509.216,499.935,0.7517
mixed,64,58,0.9062,4.0,64,4096,256,1024,952,648.866,688.194,666.817,0.4564
mixed,64,58,0.9062,4.0,64,4096,512,2048,1904,926.981,1029.35,939.682,0.1241
mixed,64,58,0.9062,4.0,64,4096,1024,4096,3808,2079.37,2280.68,2189.35,0.5463
mixed,64,58,0.9062,4.0,64,4096,2048,8192,7616,4301.17,4644.37,4644.62,1.0007
mixed,64,58,0.9062,4.0,64,4096,4096,16384,15232,8637.41,9417.99,10960.6,2.9762
mixed,64,58,0.9062,4.0,64,8192,128,512,476,719.489,756.353,742.434,0.6224
mixed,64,58,0.9062,4.0,64,8192,256,1024,952,898.562,936.099,919.33,0.5533
mixed,64,58,0.9062,4.0,64,8192,512,2048,1904,1189.44,1281.19,1213.41,0.2613
mixed,64,58,0.9062,4.0,64,8192,1024,4096,3808,2369.9,2542.6,2243.11,-0.7341
mixed,64,58,0.9062,4.0,64,8192,2048,8192,7616,4231.95,4544.14,4534.8,0.9701
mixed,64,58,0.9062,4.0,64,8192,4096,16384,15232,8756.04,9487.81,10860.6,2.8759
mixed,64,58,0.9062,4.0,128,0,128,512,476,254.081,296.514,285.791,0.7473
mixed,64,58,0.9062,4.0,128,0,256,1024,952,462.017,508.064,479.266,0.3746
mixed,64,58,0.9062,4.0,128,0,512,2048,1904,830.626,938.5,837.571,0.0644
mixed,64,58,0.9062,4.0,128,0,1024,4096,3808,2028.65,2230.86,2061.89,0.1644
mixed,64,58,0.9062,4.0,128,0,2048,8192,7616,4141.97,4458.29,4120.62,-0.0675
mixed,64,58,0.9062,4.0,128,0,4096,16384,15232,8227.2,8797.57,10798.3,4.5077
mixed,64,58,0.9062,4.0,128,512,128,512,476,260.353,299.201,289.919,0.7611
mixed,64,58,0.9062,4.0,128,512,256,1024,952,460.896,507.683,483.81,0.4898
mixed,64,58,0.9062,4.0,128,512,512,2048,1904,834.947,938.914,843.522,0.0825
mixed,64,58,0.9062,4.0,128,512,1024,4096,3808,2025.77,2230.95,2068.45,0.208
mixed,64,58,0.9062,4.0,128,512,2048,8192,7616,4146.54,4462.86,4128.56,-0.0568
mixed,64,58,0.9062,4.0,128,512,4096,16384,15232,8215.74,8916.75,10568.7,3.3566
mixed,64,58,0.9062,4.0,128,1024,128,512,476,304.577,340.833,328.802,0.6682
mixed,64,58,0.9062,4.0,128,1024,256,1024,952,483.743,526.019,512.129,0.6714
mixed,64,58,0.9062,4.0,128,1024,512,2048,1904,854.787,973.762,896.004,0.3464
mixed,64,58,0.9062,4.0,128,1024,1024,4096,3808,2060.58,2231.94,2075.56,0.0874
mixed,64,58,0.9062,4.0,128,1024,2048,8192,7616,4149.42,4458.67,4158.93,0.0307
mixed,64,58,0.9062,4.0,128,1024,4096,16384,15232,8215.81,8840.38,10661.9,3.9164
mixed,64,58,0.9062,4.0,128,2048,128,512,476,359.777,392.543,386.626,0.8194
mixed,64,58,0.9062,4.0,128,2048,256,1024,952,536.674,576.064,554.529,0.4533
mixed,64,58,0.9062,4.0,128,2048,512,2048,1904,844.383,950.497,873.442,0.2738
mixed,64,58,0.9062,4.0,128,2048,1024,4096,3808,2006.76,2211.88,2093.54,0.4231
mixed,64,58,0.9062,4.0,128,2048,2048,8192,7616,4168.88,4488.4,4431.47,0.8218
mixed,64,58,0.9062,4.0,128,2048,4096,16384,15232,8236.74,8889.09,10535.5,3.5238
mixed,64,58,0.9062,4.0,128,4096,128,512,476,485.343,522.627,514.242,0.7751
mixed,64,58,0.9062,4.0,128,4096,256,1024,952,674.178,707.138,688.384,0.431
mixed,64,58,0.9062,4.0,128,4096,512,2048,1904,976.291,1064.52,990.659,0.1629
mixed,64,58,0.9062,4.0,128,4096,1024,4096,3808,2111.08,2303.11,2175.08,0.3333
mixed,64,58,0.9062,4.0,128,4096,2048,8192,7616,4470.35,4847.98,5008.91,1.4261
mixed,64,58,0.9062,4.0,128,4096,4096,16384,15232,9179.29,9847.27,11166.1,2.9744
mixed,64,58,0.9062,4.0,128,8192,128,512,476,731.586,769.89,761.952,0.7928
mixed,64,58,0.9062,4.0,128,8192,256,1024,952,925.156,960.067,939.428,0.4088
mixed,64,58,0.9062,4.0,128,8192,512,2048,1904,1238.82,1330.82,1257.89,0.2073
mixed,64,58,0.9062,4.0,128,8192,1024,4096,3808,2384.11,2564.49,2190.44,-1.0736
mixed,64,58,0.9062,4.0,128,8192,2048,8192,7616,4253.2,4570.13,4567.63,0.9921
mixed,64,58,0.9062,4.0,128,8192,4096,16384,15232,9245.32,10061.4,11109.7,2.2844
mixed,64,58,0.9062,4.0,256,0,128,512,476,268.576,308.066,300.417,0.8063
mixed,64,58,0.9062,4.0,256,0,256,1024,952,474.179,516.161,491.683,0.4169
mixed,64,58,0.9062,4.0,256,0,512,2048,1904,836.323,937.891,850.339,0.138
mixed,64,58,0.9062,4.0,256,0,1024,4096,3808,2027.97,2236.43,2057.16,0.14
mixed,64,58,0.9062,4.0,256,0,2048,8192,7616,4140.36,4455.73,4122.54,-0.0565
mixed,64,58,0.9062,4.0,256,0,4096,16384,15232,8252.7,8830.47,10631.5,4.1172
mixed,64,58,0.9062,4.0,256,512,128,512,476,282.212,317.314,306.945,0.7046
mixed,64,58,0.9062,4.0,256,512,256,1024,952,479.49,519.139,502.944,0.5915
mixed,64,58,0.9062,4.0,256,512,512,2048,1904,840.641,944.068,868.835,0.2726
mixed,64,58,0.9062,4.0,256,512,1024,4096,3808,2024.33,2230.63,2072.42,0.2331
mixed,64,58,0.9062,4.0,256,512,2048,8192,7616,4144.46,4462.03,4240.08,0.3011
mixed,64,58,0.9062,4.0,256,512,4096,16384,15232,8260.03,8893.89,10673.1,3.8069
mixed,64,58,0.9062,4.0,256,1024,128,512,476,320.672,352.865,344.482,0.7396
mixed,64,58,0.9062,4.0,256,1024,256,1024,952,498.498,531.968,512.353,0.414
mixed,64,58,0.9062,4.0,256,1024,512,2048,1904,843.81,976.804,916.739,0.5484
mixed,64,58,0.9062,4.0,256,1024,1024,4096,3808,2054.53,2221.83,2096.01,0.2479
mixed,64,58,0.9062,4.0,256,1024,2048,8192,7616,4201.58,4467.73,4228.01,0.0993
mixed,64,58,0.9062,4.0,256,1024,4096,16384,15232,8223.3,8862.11,10634.6,3.7746
mixed,64,58,0.9062,4.0,256,2048,128,512,476,402.978,427.393,419.521,0.6776
mixed,64,58,0.9062,4.0,256,2048,256,1024,952,574.819,613.442,583.361,0.2212
mixed,64,58,0.9062,4.0,256,2048,512,2048,1904,860.227,955.363,918.53,0.6128
mixed,64,58,0.9062,4.0,256,2048,1024,4096,3808,2000.45,2199.37,2071.05,0.3549
mixed,64,58,0.9062,4.0,256,2048,2048,8192,7616,4219.82,4499.54,4956.82,2.6348
mixed,64,58,0.9062,4.0,256,2048,4096,16384,15232,8276.74,8972.16,11004.8,3.9229
mixed,64,58,0.9062,4.0,256,4096,128,512,476,562.432,604.995,590.403,0.6572
mixed,64,58,0.9062,4.0,256,4096,256,1024,952,758.465,793.826,751.682,-0.1918
mixed,64,58,0.9062,4.0,256,4096,512,2048,1904,1012.42,1094.95,1049.76,0.4525
mixed,64,58,0.9062,4.0,256,4096,1024,4096,3808,2122.37,2328.71,2139.59,0.0835
mixed,64,58,0.9062,4.0,256,4096,2048,8192,7616,4736.85,5423.03,4660.56,-0.1112
mixed,64,58,0.9062,4.0,256,4096,4096,16384,15232,10346.3,11139.1,12579.3,2.8165
mixed,64,58,0.9062,4.0,256,8192,128,512,476,787.619,827.62,816.738,0.728
mixed,64,58,0.9062,4.0,256,8192,256,1024,952,1002.53,1047.04,1003.97,0.0324
mixed,64,58,0.9062,4.0,256,8192,512,2048,1904,1324.87,1476.77,1382.05,0.3765
mixed,64,58,0.9062,4.0,256,8192,1024,4096,3808,2407.37,2572.39,2377.48,-0.1811
mixed,64,58,0.9062,4.0,256,8192,2048,8192,7616,4291.25,4636.94,4326.38,0.1016
mixed,64,58,0.9062,4.0,256,8192,4096,16384,15232,10361.7,11179.5,11516.8,1.4124
mixed,64,58,0.9062,4.0,512,0,128,512,476,321.44,364.864,345.57,0.5557
mixed,64,58,0.9062,4.0,512,0,256,1024,952,508.896,551.234,529.185,0.4792
mixed,64,58,0.9062,4.0,512,0,512,2048,1904,898.275,995.906,891.553,-0.0689
mixed,64,58,0.9062,4.0,512,0,1024,4096,3808,2052.3,2261.61,2091.05,0.1851
mixed,64,58,0.9062,4.0,512,0,2048,8192,7616,4160.34,4480.3,4232.78,0.2264
mixed,64,58,0.9062,4.0,512,0,4096,16384,15232,8263.81,8825.54,10772.8,4.4666
mixed,64,58,0.9062,4.0,512,512,128,512,476,345.76,375.905,366.56,0.69
mixed,64,58,0.9062,4.0,512,512,256,1024,952,538.754,580.802,546.498,0.1842
mixed,64,58,0.9062,4.0,512,512,512,2048,1904,878.755,975.139,920.837,0.4366
mixed,64,58,0.9062,4.0,512,512,1024,4096,3808,2082.05,2296.04,2098.47,0.0767
mixed,64,58,0.9062,4.0,512,512,2048,8192,7616,4171.6,4484.02,4275.31,0.332
mixed,64,58,0.9062,4.0,512,512,4096,16384,15232,8240.76,8884.13,10530.1,3.5584
mixed,64,58,0.9062,4.0,512,1024,128,512,476,391.715,427.842,415.425,0.6563
mixed,64,58,0.9062,4.0,512,1024,256,1024,952,564.321,610.051,572.29,0.1743
mixed,64,58,0.9062,4.0,512,1024,512,2048,1904,902.498,990.945,940.036,0.4244
mixed,64,58,0.9062,4.0,512,1024,1024,4096,3808,2046.69,2255.81,2114.28,0.3232
mixed,64,58,0.9062,4.0,512,1024,2048,8192,7616,4173.17,4489.81,4673.36,1.5797
mixed,64,58,0.9062,4.0,512,1024,4096,16384,15232,8244.29,8863.36,10780.8,4.0973
mixed,64,58,0.9062,4.0,512,2048,128,512,476,483.168,518.529,505.889,0.6425
mixed,64,58,0.9062,4.0,512,2048,256,1024,952,660.098,699.364,669.41,0.2372
mixed,64,58,0.9062,4.0,512,2048,512,2048,1904,957.251,1059.27,1011.62,0.5329
mixed,64,58,0.9062,4.0,512,2048,1024,4096,3808,2077.48,2294.09,2086.82,0.0431
mixed,64,58,0.9062,4.0,512,2048,2048,8192,7616,4342.8,4595.57,5399.92,4.1822
mixed,64,58,0.9062,4.0,512,2048,4096,16384,15232,8330.95,9067.17,10929.9,3.5301
mixed,64,58,0.9062,4.0,512,4096,128,512,476,661.505,692.961,682.272,0.6602
mixed,64,58,0.9062,4.0,512,4096,256,1024,952,841.41,878.371,858.883,0.4727
mixed,64,58,0.9062,4.0,512,4096,512,2048,1904,1137.06,1214.76,1156,0.2438
mixed,64,58,0.9062,4.0,512,4096,1024,4096,3808,2333.13,2560.17,2157.93,-0.7717
mixed,64,58,0.9062,4.0,512,4096,2048,8192,7616,5364.56,6281.2,4903.06,-0.5035
mixed,64,58,0.9062,4.0,512,4096,4096,16384,15232,12243.1,13310.3,13429,1.1112
mixed,64,58,0.9062,4.0,512,8192,128,512,476,941.794,998.05,981.666,0.7088
mixed,64,58,0.9062,4.0,512,8192,256,1024,952,1191.14,1233.51,1212.13,0.4955
mixed,64,58,0.9062,4.0,512,8192,512,2048,1904,1495.46,1575.2,1520.65,0.3158
mixed,64,58,0.9062,4.0,512,8192,1024,4096,3808,2560.17,2749.16,2476.26,-0.444
mixed,64,58,0.9062,4.0,512,8192,2048,8192,7616,4731.69,5081.71,4478.41,-0.7236
mixed,64,58,0.9062,4.0,512,8192,4096,16384,15232,12275.8,13144.3,11669,-0.6985
mixed,64,58,0.9062,4.0,1024,0,128,512,476,411.266,445.73,432.162,0.6063
mixed,64,58,0.9062,4.0,1024,0,256,1024,952,605.666,648.64,621.763,0.3746
mixed,64,58,0.9062,4.0,1024,0,512,2048,1904,957.762,1052.29,993.859,0.3819
mixed,64,58,0.9062,4.0,1024,0,1024,4096,3808,2113.03,2319.01,2167.2,0.263
mixed,64,58,0.9062,4.0,1024,0,2048,8192,7616,4230.41,4539.02,4561.74,1.0736
mixed,64,58,0.9062,4.0,1024,0,4096,16384,15232,8293.47,8997.09,10658.4,3.3612
mixed,64,58,0.9062,4.0,1024,512,128,512,476,476.162,512.099,501.346,0.7008
mixed,64,58,0.9062,4.0,1024,512,256,1024,952,649.025,688.353,661.376,0.3141
mixed,64,58,0.9062,4.0,1024,512,512,2048,1904,998.758,1091.75,1031.75,0.3548
mixed,64,58,0.9062,4.0,1024,512,1024,4096,3808,2107.81,2321.07,2172.62,0.3039
mixed,64,58,0.9062,4.0,1024,512,2048,8192,7616,4253.87,4552.56,5243.15,3.3121
mixed,64,58,0.9062,4.0,1024,512,4096,16384,15232,8298.94,8923.43,10717.8,3.8734
mixed,64,58,0.9062,4.0,1024,1024,128,512,476,541.089,578.499,568.517,0.7332
mixed,64,58,0.9062,4.0,1024,1024,256,1024,952,716.994,751.843,726.656,0.2773
mixed,64,58,0.9062,4.0,1024,1024,512,2048,1904,1033.12,1128.07,1075.11,0.4422
mixed,64,58,0.9062,4.0,1024,1024,1024,4096,3808,2124.17,2322.79,2154.98,0.1551
mixed,64,58,0.9062,4.0,1024,1024,2048,8192,7616,4308.81,4580.08,5196.66,3.273
mixed,64,58,0.9062,4.0,1024,1024,4096,16384,15232,8359.97,8958.53,10763.5,4.0155
mixed,64,58,0.9062,4.0,1024,2048,128,512,476,669.444,705.86,690.116,0.5677
mixed,64,58,0.9062,4.0,1024,2048,256,1024,952,846.306,887.074,856.258,0.2441
mixed,64,58,0.9062,4.0,1024,2048,512,2048,1904,1129.03,1203.91,1158.12,0.3885
mixed,64,58,0.9062,4.0,1024,2048,1024,4096,3808,2153.86,2423.21,2159.85,0.0222
mixed,64,58,0.9062,4.0,1024,2048,2048,8192,7616,5086.1,5263.64,5367.73,1.5863
mixed,64,58,0.9062,4.0,1024,2048,4096,16384,15232,9538.24,10231.7,11359.8,2.6269
mixed,64,58,0.9062,4.0,1024,4096,128,512,476,916.387,951.267,934.628,0.523
mixed,64,58,0.9062,4.0,1024,4096,256,1024,952,1097.67,1133.64,1108.16,0.2918
mixed,64,58,0.9062,4.0,1024,4096,512,2048,1904,1401.7,1489.22,1421.57,0.227
mixed,64,58,0.9062,4.0,1024,4096,1024,4096,3808,2392.65,2575.59,2389.96,-0.0147
mixed,64,58,0.9062,4.0,1024,4096,2048,8192,7616,6682.2,7206.07,6028.37,-1.2481
mixed,64,58,0.9062,4.0,1024,4096,4096,16384,15232,14644.7,15781.8,14716.3,0.063
mixed,64,58,0.9062,4.0,1024,8192,128,512,476,1365.99,1400.77,1405.92,1.1482
mixed,64,58,0.9062,4.0,1024,8192,256,1024,952,1557.32,1611.27,1578.18,0.3867
mixed,64,58,0.9062,4.0,1024,8192,512,2048,1904,1921.54,2004.17,1934.09,0.1518
mixed,64,58,0.9062,4.0,1024,8192,1024,4096,3808,2569.39,2712.23,2699.72,0.9124
mixed,64,58,0.9062,4.0,1024,8192,2048,8192,7616,4776.24,5228.98,5060.82,0.6286
mixed,64,58,0.9062,4.0,1024,8192,4096,16384,15232,14257,15162,14659.3,0.4446
mixed,64,58,0.9062,4.0,2048,0,128,512,476,699.743,733.282,721.539,0.6499
mixed,64,58,0.9062,4.0,2048,0,256,1024,952,864.674,906.915,882.051,0.4114
mixed,64,58,0.9062,4.0,2048,0,512,2048,1904,1198.57,1293.35,1239.78,0.4348
mixed,64,58,0.9062,4.0,2048,0,1024,4096,3808,2178.89,2467.75,2291.75,0.3907
mixed,64,58,0.9062,4.0,2048,0,2048,8192,7616,4714.32,4844.5,5224.59,3.9199
mixed,64,58,0.9062,4.0,2048,0,4096,16384,15232,8745.15,9387.08,10855.2,3.2871
mixed,64,58,0.9062,4.0,2048,512,128,512,476,803.842,840.802,825.667,0.5905
mixed,64,58,0.9062,4.0,2048,512,256,1024,952,976.74,1009.28,988.451,0.3599
mixed,64,58,0.9062,4.0,2048,512,512,2048,1904,1290.63,1376.71,1322.09,0.3654
mixed,64,58,0.9062,4.0,2048,512,1024,4096,3808,2195.72,2417.48,2243.27,0.2144
mixed,64,58,0.9062,4.0,2048,512,2048,8192,7616,5080.24,5449.33,5280.24,0.5419
mixed,64,58,0.9062,4.0,2048,512,4096,16384,15232,9945.57,10604.1,10870.6,1.4046
mixed,64,58,0.9062,4.0,2048,1024,128,512,476,903.842,940.867,927.939,0.6508
mixed,64,58,0.9062,4.0,2048,1024,256,1024,952,1077.22,1116.07,1091.3,0.3624
mixed,64,58,0.9062,4.0,2048,1024,512,2048,1904,1375.59,1464.64,1402.98,0.3076
mixed,64,58,0.9062,4.0,2048,1024,1024,4096,3808,2235.46,2530.95,2262.6,0.0918
mixed,64,58,0.9062,4.0,2048,1024,2048,8192,7616,5501.84,5862.23,5646.71,0.402
mixed,64,58,0.9062,4.0,2048,1024,4096,16384,15232,11005.7,11679,11876,1.2926
mixed,64,58,0.9062,4.0,2048,2048,128,512,476,1111.11,1145.28,1135.97,0.7275
mixed,64,58,0.9062,4.0,2048,2048,256,1024,952,1286.98,1327.56,1299.14,0.2996
mixed,64,58,0.9062,4.0,2048,2048,512,2048,1904,1583.05,1657.32,1605.57,0.3033
mixed,64,58,0.9062,4.0,2048,2048,1024,4096,3808,2268.87,2428.55,2408.36,0.8735
mixed,64,58,0.9062,4.0,2048,2048,2048,8192,7616,6941.4,7089.21,5821.68,-7.5754
mixed,64,58,0.9062,4.0,2048,2048,4096,16384,15232,13116.7,14642.9,14720.6,1.0509
mixed,64,58,0.9062,4.0,2048,4096,128,512,476,1503.97,1543.46,1529.83,0.6548
mixed,64,58,0.9062,4.0,2048,4096,256,1024,952,1681.89,1717.73,1698.66,0.4679
mixed,64,58,0.9062,4.0,2048,4096,512,2048,1904,1987.53,2058.98,2018.15,0.4286
mixed,64,58,0.9062,4.0,2048,4096,1024,4096,3808,2704.84,2912.49,2654.92,-0.2404
mixed,64,58,0.9062,4.0,2048,4096,2048,8192,7616,7102.49,7745.34,7282.04,0.2793
mixed,64,58,0.9062,4.0,2048,4096,4096,16384,15232,15029.3,16162.4,15139.5,0.0972
mixed,64,58,0.9062,4.0,2048,8192,128,512,476,2253.41,2301.45,2283.49,0.6262
mixed,64,58,0.9062,4.0,2048,8192,256,1024,952,2468.42,2506.18,2490.31,0.5797
mixed,64,58,0.9062,4.0,2048,8192,512,2048,1904,2813.35,2904.55,2841.42,0.3077
mixed,64,58,0.9062,4.0,2048,8192,1024,4096,3808,3625.65,3772.43,3555.91,-0.4751
mixed,64,58,0.9062,4.0,2048,8192,2048,8192,7616,5319.31,5613.49,4879.28,-1.4958
mixed,64,58,0.9062,4.0,2048,8192,4096,16384,15232,14654.6,15733.6,15240.6,0.5431
pure,128,1,0.0078,4.0,0,0,128,512,131,116.32,372.417,126.594,0.0401
pure,128,1,0.0078,4.0,0,0,256,1024,262,197.635,675.268,225.983,0.0594
pure,128,1,0.0078,4.0,0,0,512,2048,524,381.825,1209.51,456.64,0.0904
pure,128,1,0.0078,4.0,0,0,1024,4096,1048,682.943,2284.9,846.02,0.1018
pure,128,1,0.0078,4.0,0,0,2048,8192,2096,1231.59,4389.04,1557.48,0.1032
pure,128,1,0.0078,4.0,0,0,4096,16384,4192,2338.92,8601.77,3009.71,0.1071
mixed,128,1,0.0078,4.0,16,0,128,512,131,259.105,621.026,266.337,0.02
mixed,128,1,0.0078,4.0,16,0,256,1024,262,375.426,1067.88,396.579,0.0305
mixed,128,1,0.0078,4.0,16,0,512,2048,524,631.106,2366.38,693.06,0.0357
mixed,128,1,0.0078,4.0,16,0,1024,4096,1048,1076.32,6513.15,1201.73,0.0231
mixed,128,1,0.0078,4.0,16,0,2048,8192,2096,2449.19,12897.2,2758.18,0.0296
mixed,128,1,0.0078,4.0,16,0,4096,16384,4192,6657.63,31206.2,7438.84,0.0318
mixed,128,1,0.0078,4.0,16,512,128,512,131,271.745,628.162,271.072,-0.0019
mixed,128,1,0.0078,4.0,16,512,256,1024,262,379.778,1071.17,401.313,0.0311
mixed,128,1,0.0078,4.0,16,512,512,2048,524,637.09,2339.82,699.555,0.0367
mixed,128,1,0.0078,4.0,16,512,1024,4096,1048,1081.25,6516.02,1202.15,0.0222
mixed,128,1,0.0078,4.0,16,512,2048,8192,2096,2367.18,12889.2,2618.83,0.0239
mixed,128,1,0.0078,4.0,16,512,4096,16384,4192,6659.51,30281.8,7412.83,0.0319
mixed,128,1,0.0078,4.0,16,1024,128,512,131,304.418,635.811,301.6,-0.0085
mixed,128,1,0.0078,4.0,16,1024,256,1024,262,408.865,1077,404.482,-0.0066
mixed,128,1,0.0078,4.0,16,1024,512,2048,524,644.13,2341.77,699.106,0.0324
mixed,128,1,0.0078,4.0,16,1024,1024,4096,1048,1086.98,6513.98,1243.65,0.0289
mixed,128,1,0.0078,4.0,16,1024,2048,8192,2096,2371.4,12896.2,2712.01,0.0324
mixed,128,1,0.0078,4.0,16,1024,4096,16384,4192,6668.31,30454.9,7454.59,0.0331
mixed,128,1,0.0078,4.0,16,2048,128,512,131,380.065,724.13,380.417,0.001
mixed,128,1,0.0078,4.0,16,2048,256,1024,262,486.049,1110.25,483.781,-0.0036
mixed,128,1,0.0078,4.0,16,2048,512,2048,524,732.675,2412.46,731.394,-0.0008
mixed,128,1,0.0078,4.0,16,2048,1024,4096,1048,1119.01,6559.13,1256.16,0.0252
mixed,128,1,0.0078,4.0,16,2048,2048,8192,2096,2465.03,13065.1,2817.99,0.0333
mixed,128,1,0.0078,4.0,16,2048,4096,16384,4192,6710.84,31093.4,7459.23,0.0307
mixed,128,1,0.0078,4.0,16,4096,128,512,131,493.28,834.213,491.808,-0.0043
mixed,128,1,0.0078,4.0,16,4096,256,1024,262,598.722,1205.86,589.091,-0.0159
mixed,128,1,0.0078,4.0,16,4096,512,2048,524,838.403,2500.3,842.69,0.0026
mixed,128,1,0.0078,4.0,16,4096,1024,4096,1048,1220.67,6563.7,1244.84,0.0045
mixed,128,1,0.0078,4.0,16,4096,2048,8192,2096,2546.95,13514,2820.84,0.025
mixed,128,1,0.0078,4.0,16,4096,4096,16384,4192,6720.41,30931.6,7440.22,0.0297
mixed,128,1,0.0078,4.0,16,8192,128,512,131,737.858,1085.63,738.625,0.0022
mixed,128,1,0.0078,4.0,16,8192,256,1024,262,844.451,1512.55,839.01,-0.0081
mixed,128,1,0.0078,4.0,16,8192,512,2048,524,1093.47,2830.44,1093.7,0.0001
mixed,128,1,0.0078,4.0,16,8192,1024,4096,1048,1520.26,6894.78,1522.4,0.0004
mixed,128,1,0.0078,4.0,16,8192,2048,8192,2096,2862.25,13033.6,2863.95,0.0002
mixed,128,1,0.0078,4.0,16,8192,4096,16384,4192,7041.62,31546.6,7543.97,0.0205
mixed,128,1,0.0078,4.0,32,0,128,512,131,268.77,636.035,276.737,0.0217
mixed,128,1,0.0078,4.0,32,0,256,1024,262,387.841,1097.99,411.202,0.0329
mixed,128,1,0.0078,4.0,32,0,512,2048,524,641.666,2431.53,713.889,0.0404
mixed,128,1,0.0078,4.0,32,0,1024,4096,1048,1105.03,6516.34,1236.42,0.0243
mixed,128,1,0.0078,4.0,32,0,2048,8192,2096,2506.47,12894.7,2785.61,0.0269
mixed,128,1,0.0078,4.0,32,0,4096,16384,4192,6663.99,29956.7,7492.06,0.0356
mixed,128,1,0.0078,4.0,32,512,128,512,131,282.498,646.916,280.705,-0.0049
mixed,128,1,0.0078,4.0,32,512,256,1024,262,394.721,1099.65,408.035,0.0189
mixed,128,1,0.0078,4.0,32,512,512,2048,524,652.003,2401,721.539,0.0398
mixed,128,1,0.0078,4.0,32,512,1024,4096,1048,1113.64,6528.66,1226.5,0.0208
mixed,128,1,0.0078,4.0,32,512,2048,8192,2096,2389.06,12906.9,2751.4,0.0344
mixed,128,1,0.0078,4.0,32,512,4096,16384,4192,6669.56,31172.8,7450.84,0.0319
mixed,128,1,0.0078,4.0,32,1024,128,512,131,304.707,636.546,303.265,-0.0043
mixed,128,1,0.0078,4.0,32,1024,256,1024,262,409.025,1078.4,405.281,-0.0056
mixed,128,1,0.0078,4.0,32,1024,512,2048,524,645.219,2317.96,703.556,0.0349
mixed,128,1,0.0078,4.0,32,1024,1024,4096,1048,1086.28,6523.42,1242.15,0.0287
mixed,128,1,0.0078,4.0,32,1024,2048,8192,2096,2423.3,12913,2756.36,0.0318
mixed,128,1,0.0078,4.0,32,1024,4096,16384,4192,6671.19,31258.8,7463.26,0.0322
mixed,128,1,0.0078,4.0,32,2048,128,512,131,367.745,695.299,366.017,-0.0053
mixed,128,1,0.0078,4.0,32,2048,256,1024,262,473.538,1082.02,466.657,-0.0113
mixed,128,1,0.0078,4.0,32,2048,512,2048,524,712.258,2448.75,712.611,0.0002
mixed,128,1,0.0078,4.0,32,2048,1024,4096,1048,1095.3,6553.56,1228.9,0.0245
mixed,128,1,0.0078,4.0,32,2048,2048,8192,2096,2448.17,12994.9,2802.25,0.0336
mixed,128,1,0.0078,4.0,32,2048,4096,16384,4192,6711.54,31450.2,7447.96,0.0298
mixed,128,1,0.0078,4.0,32,4096,128,512,131,492.963,836.29,490.656,-0.0067
mixed,128,1,0.0078,4.0,32,4096,256,1024,262,600.322,1214.91,592.641,-0.0125
mixed,128,1,0.0078,4.0,32,4096,512,2048,524,844.707,2514.12,845.026,0.0002
mixed,128,1,0.0078,4.0,32,4096,1024,4096,1048,1223.3,6575.58,1247.37,0.0045
mixed,128,1,0.0078,4.0,32,4096,2048,8192,2096,2494.28,13477,2835.95,0.0311
mixed,128,1,0.0078,4.0,32,4096,4096,16384,4192,6720.31,31658.8,7467.29,0.03
mixed,128,1,0.0078,4.0,32,8192,128,512,131,738.307,1087.17,740.482,0.0062
mixed,128,1,0.0078,4.0,32,8192,256,1024,262,844.707,1516.9,838.593,-0.0091
mixed,128,1,0.0078,4.0,32,8192,512,2048,524,1090.28,2797.71,1092.07,0.001
mixed,128,1,0.0078,4.0,32,8192,1024,4096,1048,1521.92,6882.87,1523.62,0.0003
mixed,128,1,0.0078,4.0,32,8192,2048,8192,2096,2978.12,13148.7,2934.67,-0.0043
mixed,128,1,0.0078,4.0,32,8192,4096,16384,4192,7050.75,30933.6,7510.52,0.0193
mixed,128,1,0.0078,4.0,64,0,128,512,131,269.471,637.187,276.386,0.0188
mixed,128,1,0.0078,4.0,64,0,256,1024,262,388.672,1098.27,411.36,0.032
mixed,128,1,0.0078,4.0,64,0,512,2048,524,643.329,2361.26,720.578,0.045
mixed,128,1,0.0078,4.0,64,0,1024,4096,1048,1110.02,6524.22,1230.95,0.0223
mixed,128,1,0.0078,4.0,64,0,2048,8192,2096,2495.27,12880.9,2821.96,0.0315
mixed,128,1,0.0078,4.0,64,0,4096,16384,4192,6665.18,30302.2,7409.85,0.0315
mixed,128,1,0.0078,4.0,64,512,128,512,131,283.808,647.427,282.176,-0.0045
mixed,128,1,0.0078,4.0,64,512,256,1024,262,393.763,1105.19,414.465,0.0291
mixed,128,1,0.0078,4.0,64,512,512,2048,524,652.451,2424.2,725.059,0.041
mixed,128,1,0.0078,4.0,64,512,1024,4096,1048,1113.86,6526.04,1238.12,0.023
mixed,128,1,0.0078,4.0,64,512,2048,8192,2096,2417.74,12905.9,2820.91,0.0384
mixed,128,1,0.0078,4.0,64,512,4096,16384,4192,6680.76,28968,7429.88,0.0336
mixed,128,1,0.0078,4.0,64,1024,128,512,131,305.343,639.04,304.127,-0.0036
mixed,128,1,0.0078,4.0,64,1024,256,1024,262,409.313,1079.08,406.593,-0.0041
mixed,128,1,0.0078,4.0,64,1024,512,2048,524,667.521,2388.45,725.315,0.0336
mixed,128,1,0.0078,4.0,64,1024,1024,4096,1048,1115.17,6529.81,1247.91,0.0245
mixed,128,1,0.0078,4.0,64,1024,2048,8192,2096,2428.23,12892.7,2726.83,0.0285
mixed,128,1,0.0078,4.0,64,1024,4096,16384,4192,6687.06,30359,7477.28,0.0334
mixed,128,1,0.0078,4.0,64,2048,128,512,131,383.329,713.987,380.194,-0.0095
mixed,128,1,0.0078,4.0,64,2048,256,1024,262,490.595,1114.82,487.554,-0.0049
mixed,128,1,0.0078,4.0,64,2048,512,2048,524,737.316,2482,737.507,0.0001
mixed,128,1,0.0078,4.0,64,2048,1024,4096,1048,1101.99,6554.97,1231.05,0.0237
mixed,128,1,0.0078,4.0,64,2048,2048,8192,2096,2470.79,13083.2,2807.02,0.0317
mixed,128,1,0.0078,4.0,64,2048,4096,16384,4192,6695.13,31295.8,7496.03,0.0326
mixed,128,1,0.0078,4.0,64,4096,128,512,131,515.361,868.579,515.011,-0.001
mixed,128,1,0.0078,4.0,64,4096,256,1024,262,623.842,1247.11,616.514,-0.0118
mixed,128,1,0.0078,4.0,64,4096,512,2048,524,867.972,2575.76,871.076,0.0018
mixed,128,1,0.0078,4.0,64,4096,1024,4096,1048,1259.81,6584.54,1282.53,0.0043
mixed,128,1,0.0078,4.0,64,4096,2048,8192,2096,2629.16,13596.4,2897.74,0.0245
mixed,128,1,0.0078,4.0,64,4096,4096,16384,4192,6739.19,31648.5,7424.99,0.0275
mixed,128,1,0.0078,4.0,64,8192,128,512,131,741.698,1091.94,739.267,-0.0069
mixed,128,1,0.0078,4.0,64,8192,256,1024,262,847.169,1518.69,840.482,-0.01
mixed,128,1,0.0078,4.0,64,8192,512,2048,524,1098.85,2803.66,1100.77,0.0011
mixed,128,1,0.0078,4.0,64,8192,1024,4096,1048,1523.88,6911.74,1527.01,0.0006
mixed,128,1,0.0078,4.0,64,8192,2048,8192,2096,2833.93,13061.4,2868.81,0.0034
mixed,128,1,0.0078,4.0,64,8192,4096,16384,4192,7052.82,31839.4,7514.81,0.0186
mixed,128,1,0.0078,4.0,128,0,128,512,131,273.089,634.241,279.553,0.0179
mixed,128,1,0.0078,4.0,128,0,256,1024,262,388.578,1085.28,409.697,0.0303
mixed,128,1,0.0078,4.0,128,0,512,2048,524,643.395,2360.49,703.204,0.0348
mixed,128,1,0.0078,4.0,128,0,1024,4096,1048,1120.9,6531.93,1253.64,0.0245
mixed,128,1,0.0078,4.0,128,0,2048,8192,2096,2494.41,12895.7,2831.28,0.0324
mixed,128,1,0.0078,4.0,128,0,4096,16384,4192,6679.42,31486.8,7451.87,0.0311
mixed,128,1,0.0078,4.0,128,512,128,512,131,301.152,667.329,298.368,-0.0076
mixed,128,1,0.0078,4.0,128,512,256,1024,262,410.178,1115.46,429.218,0.027
mixed,128,1,0.0078,4.0,128,512,512,2048,524,672.964,2399.11,733.793,0.0352
mixed,128,1,0.0078,4.0,128,512,1024,4096,1048,1131.75,6547.13,1244.48,0.0208
mixed,128,1,0.0078,4.0,128,512,2048,8192,2096,2429.7,12917.1,2779.4,0.0333
mixed,128,1,0.0078,4.0,128,512,4096,16384,4192,6688.18,31338.2,7494.97,0.0327
mixed,128,1,0.0078,4.0,128,1024,128,512,131,329.507,678.402,337.12,0.0218
mixed,128,1,0.0078,4.0,128,1024,256,1024,262,438.273,1129.63,435.521,-0.004
mixed,128,1,0.0078,4.0,128,1024,512,2048,524,683.778,2391.14,747.555,0.0374
mixed,128,1,0.0078,4.0,128,1024,1024,4096,1048,1135.78,6535.77,1275.27,0.0258
mixed,128,1,0.0078,4.0,128,1024,2048,8192,2096,2427.53,12913.3,2682.98,0.0244
mixed,128,1,0.0078,4.0,128,1024,4096,16384,4192,6690.39,31465.6,7481.34,0.0319
mixed,128,1,0.0078,4.0,128,2048,128,512,131,397.505,729.377,395.906,-0.0048
mixed,128,1,0.0078,4.0,128,2048,256,1024,262,492.482,1117,497.475,0.008
mixed,128,1,0.0078,4.0,128,2048,512,2048,524,735.011,2417.86,751.49,0.0098
mixed,128,1,0.0078,4.0,128,2048,1024,4096,1048,1157.89,6587.06,1295.11,0.0253
mixed,128,1,0.0078,4.0,128,2048,2048,8192,2096,2569.1,13227.2,2892.75,0.0304
mixed,128,1,0.0078,4.0,128,2048,4096,16384,4192,6793.53,31676.3,7534.17,0.0298
mixed,128,1,0.0078,4.0,128,4096,128,512,131,524.642,860.994,523.586,-0.0031
mixed,128,1,0.0078,4.0,128,4096,256,1024,262,641.762,1278.47,668.067,0.0413
mixed,128,1,0.0078,4.0,128,4096,512,2048,524,895.33,2590.41,903.043,0.0046
mixed,128,1,0.0078,4.0,128,4096,1024,4096,1048,1298.37,6793.24,1291.81,-0.0012
mixed,128,1,0.0078,4.0,128,4096,2048,8192,2096,2710.89,14724.2,2893.45,0.0152
mixed,128,1,0.0078,4.0,128,4096,4096,16384,4192,6961.6,31757.1,7497.5,0.0216
mixed,128,1,0.0078,4.0,128,8192,128,512,131,773.602,1143.23,802.242,0.0775
mixed,128,1,0.0078,4.0,128,8192,256,1024,262,922.947,1566.69,930.148,0.0112
mixed,128,1,0.0078,4.0,128,8192,512,2048,524,1166.47,2868.39,1177.19,0.0063
mixed,128,1,0.0078,4.0,128,8192,1024,4096,1048,1576.04,6890.01,1614.47,0.0072
mixed,128,1,0.0078,4.0,128,8192,2048,8192,2096,2948.65,13497.4,2928.88,-0.0019
mixed,128,1,0.0078,4.0,128,8192,4096,16384,4192,7009.18,31985.5,7492.35,0.0193
mixed,128,1,0.0078,4.0,256,0,128,512,131,302.337,663.588,307.329,0.0138
mixed,128,1,0.0078,4.0,256,0,256,1024,262,416.61,1111.11,435.68,0.0275
mixed,128,1,0.0078,4.0,256,0,512,2048,524,669.475,2351.78,732.035,0.0372
mixed,128,1,0.0078,4.0,256,0,1024,4096,1048,1119.46,6534.65,1281.35,0.0299
mixed,128,1,0.0078,4.0,256,0,2048,8192,2096,2454.5,12908.9,2844.74,0.0373
mixed,128,1,0.0078,4.0,256,0,4096,16384,4192,6677.52,31566,7496.99,0.0329
mixed,128,1,0.0078,4.0,256,512,128,512,131,344.256,697.059,340.512,-0.0106
mixed,128,1,0.0078,4.0,256,512,256,1024,262,445.282,1155.01,465.953,0.0291
mixed,128,1,0.0078,4.0,256,512,512,2048,524,700.323,2408.23,769.345,0.0404
mixed,128,1,0.0078,4.0,256,512,1024,4096,1048,1152.52,6546.33,1301.25,0.0276
mixed,128,1,0.0078,4.0,256,512,2048,8192,2096,2432.58,12942.1,2841.93,0.039
mixed,128,1,0.0078,4.0,256,512,4096,16384,4192,6690.94,30369,7453.56,0.0322
mixed,128,1,0.0078,4.0,256,1024,128,512,131,368.323,704.453,382.881,0.0433
mixed,128,1,0.0078,4.0,256,1024,256,1024,262,490.882,1168.52,497.251,0.0094
mixed,128,1,0.0078,4.0,256,1024,512,2048,524,727.587,2431.91,784.451,0.0334
mixed,128,1,0.0078,4.0,256,1024,1024,4096,1048,1179.97,6553.11,1317.79,0.0257
mixed,128,1,0.0078,4.0,256,1024,2048,8192,2096,2465.51,12931,2784.52,0.0305
mixed,128,1,0.0078,4.0,256,1024,4096,16384,4192,6698.58,30991.7,7453.4,0.0311
mixed,128,1,0.0078,4.0,256,2048,128,512,131,446.561,811.586,451.073,0.0124
mixed,128,1,0.0078,4.0,256,2048,256,1024,262,583.808,1207.04,583.491,-0.0005
mixed,128,1,0.0078,4.0,256,2048,512,2048,524,817.092,2599.34,825.251,0.0046
mixed,128,1,0.0078,4.0,256,2048,1024,4096,1048,1216.45,6864.47,1311.17,0.0168
mixed,128,1,0.0078,4.0,256,2048,2048,8192,2096,2660.07,14027,2870.28,0.0185
mixed,128,1,0.0078,4.0,256,2048,4096,16384,4192,7113.05,31286.1,7821.6,0.0293
mixed,128,1,0.0078,4.0,256,4096,128,512,131,589.056,954.085,585.954,-0.0085
mixed,128,1,0.0078,4.0,256,4096,256,1024,262,709.09,1376.9,708.769,-0.0005
mixed,128,1,0.0078,4.0,256,4096,512,2048,524,980.195,2571.4,972.355,-0.0049
mixed,128,1,0.0078,4.0,256,4096,1024,4096,1048,1430.53,6796.54,1461.61,0.0058
mixed,128,1,0.0078,4.0,256,4096,2048,8192,2096,2655.56,15664,2797.42,0.0109
mixed,128,1,0.0078,4.0,256,4096,4096,16384,4192,6952.12,32020.1,7488.6,0.0214
mixed,128,1,0.0078,4.0,256,8192,128,512,131,871.652,1285.77,875.233,0.0086
mixed,128,1,0.0078,4.0,256,8192,256,1024,262,1002.66,1753.96,1005.19,0.0034
mixed,128,1,0.0078,4.0,256,8192,512,2048,524,1261.6,2731.43,1287.59,0.0177
mixed,128,1,0.0078,4.0,256,8192,1024,4096,1048,1765.35,6917.88,1775.56,0.002
mixed,128,1,0.0078,4.0,256,8192,2048,8192,2096,2780.62,13478.8,2789.86,0.0009
mixed,128,1,0.0078,4.0,256,8192,4096,16384,4192,7053.66,32252.1,7711.16,0.0261
mixed,128,1,0.0078,4.0,512,0,128,512,131,357.666,736.45,375.584,0.0473
mixed,128,1,0.0078,4.0,512,0,256,1024,262,486.85,1175.49,491.01,0.006
mixed,128,1,0.0078,4.0,512,0,512,2048,524,720.259,2387.69,782.212,0.0372
mixed,128,1,0.0078,4.0,512,0,1024,4096,1048,1173.86,6551.83,1303.75,0.0242
mixed,128,1,0.0078,4.0,512,0,2048,8192,2096,2435.72,12954.1,2776.43,0.0324
mixed,128,1,0.0078,4.0,512,0,4096,16384,4192,6707.86,30291.5,7463.32,0.032
mixed,128,1,0.0078,4.0,512,512,128,512,131,405.855,741.443,405.443,-0.0012
mixed,128,1,0.0078,4.0,512,512,256,1024,262,509.025,1220.84,525.73,0.0235
mixed,128,1,0.0078,4.0,512,512,512,2048,524,774.497,2453.67,833.347,0.035
mixed,128,1,0.0078,4.0,512,512,1024,4096,1048,1229.86,6573.17,1365.16,0.0253
mixed,128,1,0.0078,4.0,512,512,2048,8192,2096,2483.34,12944.3,2868.39,0.0368
mixed,128,1,0.0078,4.0,512,512,4096,16384,4192,6712.54,30959.6,7518.05,0.0332
mixed,128,1,0.0078,4.0,512,1024,128,512,131,474.56,803.235,472.449,-0.0064
mixed,128,1,0.0078,4.0,512,1024,256,1024,262,576.32,1252.77,556.641,-0.0291
mixed,128,1,0.0078,4.0,512,1024,512,2048,524,787.364,2474.22,833.828,0.0275
mixed,128,1,0.0078,4.0,512,1024,1024,4096,1048,1226.25,6573.97,1378.12,0.0284
mixed,128,1,0.0078,4.0,512,1024,2048,8192,2096,2489.61,12967.3,2799.95,0.0296
mixed,128,1,0.0078,4.0,512,1024,4096,16384,4192,6721.79,30765.6,7563.07,0.035
mixed,128,1,0.0078,4.0,512,2048,128,512,131,547.81,917.826,568.194,0.0551
mixed,128,1,0.0078,4.0,512,2048,256,1024,262,677.985,1378.12,673.473,-0.0064
mixed,128,1,0.0078,4.0,512,2048,512,2048,524,902.245,2506.22,927.076,0.0155
mixed,128,1,0.0078,4.0,512,2048,1024,4096,1048,1383.68,7798.01,1492.29,0.0169
mixed,128,1,0.0078,4.0,512,2048,2048,8192,2096,2594.83,15291.5,2722.57,0.0101
mixed,128,1,0.0078,4.0,512,2048,4096,16384,4192,7921.72,31823.7,8547.49,0.0262
mixed,128,1,0.0078,4.0,512,4096,128,512,131,721.858,1071.78,723.523,0.0048
mixed,128,1,0.0078,4.0,512,4096,256,1024,262,829.091,1514.25,830.179,0.0016
mixed,128,1,0.0078,4.0,512,4096,512,2048,524,1077.35,2435.02,1079.46,0.0016
mixed,128,1,0.0078,4.0,512,4096,1024,4096,1048,1517.16,6856.09,1520.81,0.0007
mixed,128,1,0.0078,4.0,512,4096,2048,8192,2096,2481,16310.9,2758.28,0.02
mixed,128,1,0.0078,4.0,512,4096,4096,16384,4192,7010.42,32555.8,7569.5,0.0219
mixed,128,1,0.0078,4.0,512,8192,128,512,131,1032.45,1419.84,1034.02,0.004
mixed,128,1,0.0078,4.0,512,8192,256,1024,262,1173.77,1880.04,1173.03,-0.001
mixed,128,1,0.0078,4.0,512,8192,512,2048,524,1422.82,3004.52,1421.73,-0.0007
mixed,128,1,0.0078,4.0,512,8192,1024,4096,1048,1881.74,7140.18,1894.89,0.0025
mixed,128,1,0.0078,4.0,512,8192,2048,8192,2096,3077.51,13545.8,3005.9,-0.0068
mixed,128,1,0.0078,4.0,512,8192,4096,16384,4192,7247.93,32643.3,7992.83,0.0293
mixed,128,1,0.0078,4.0,1024,0,128,512,131,515.17,846.21,513.443,-0.0052
mixed,128,1,0.0078,4.0,1024,0,256,1024,262,606.272,1298.95,611.491,0.0075
mixed,128,1,0.0078,4.0,1024,0,512,2048,524,845.765,2529.93,904.195,0.0347
mixed,128,1,0.0078,4.0,1024,0,1024,4096,1048,1304.04,6595.86,1438.4,0.0254
mixed,128,1,0.0078,4.0,1024,0,2048,8192,2096,2538.41,13006.6,2991.53,0.0433
mixed,128,1,0.0078,4.0,1024,0,4096,16384,4192,6757.02,30876.4,7554.3,0.0331
mixed,128,1,0.0078,4.0,1024,512,128,512,131,606.307,931.876,608.16,0.0057
mixed,128,1,0.0078,4.0,1024,512,256,1024,262,702.275,1386.76,703.489,0.0018
mixed,128,1,0.0078,4.0,1024,512,512,2048,524,920.804,2584.39,976.547,0.0335
mixed,128,1,0.0078,4.0,1024,512,1024,4096,1048,1392.58,6602.14,1501.35,0.0209
mixed,128,1,0.0078,4.0,1024,512,2048,8192,2096,2653.2,13036.9,2826.83,0.0167
mixed,128,1,0.0078,4.0,1024,512,4096,16384,4192,6756.28,31330.7,7577.25,0.0334
mixed,128,1,0.0078,4.0,1024,1024,128,512,131,678.723,999.682,674.435,-0.0134
mixed,128,1,0.0078,4.0,1024,1024,256,1024,262,773.569,1400.64,745.123,-0.0454
mixed,128,1,0.0078,4.0,1024,1024,512,2048,524,968.291,2421.64,977.155,0.0061
mixed,128,1,0.0078,4.0,1024,1024,1024,4096,1048,1400.1,6656.41,1584.58,0.0351
mixed,128,1,0.0078,4.0,1024,1024,2048,8192,2096,2537.29,13137.3,2759.82,0.021
mixed,128,1,0.0078,4.0,1024,1024,4096,16384,4192,6806.74,31247.8,7609.95,0.0329
mixed,128,1,0.0078,4.0,1024,2048,128,512,131,777.283,1090.98,775.874,-0.0045
mixed,128,1,0.0078,4.0,1024,2048,256,1024,262,871.586,1519.43,911.203,0.0612
mixed,128,1,0.0078,4.0,1024,2048,512,2048,524,1137.09,2589.09,1103.59,-0.0231
mixed,128,1,0.0078,4.0,1024,2048,1024,4096,1048,1574.34,8415.65,1656.07,0.0119
mixed,128,1,0.0078,4.0,1024,2048,2048,8192,2096,2663.02,16285.2,2908.36,0.018
mixed,128,1,0.0078,4.0,1024,2048,4096,16384,4192,8441.63,32493.9,9166.56,0.0301
mixed,128,1,0.0078,4.0,1024,4096,128,512,131,1019.62,1336.58,1061.67,0.1327
mixed,128,1,0.0078,4.0,1024,4096,256,1024,262,1172.84,1764.61,1118.88,-0.0912
mixed,128,1,0.0078,4.0,1024,4096,512,2048,524,1394.79,2901.9,1345.73,-0.0325
mixed,128,1,0.0078,4.0,1024,4096,1024,4096,1048,1772.58,7096.31,1780.07,0.0014
mixed,128,1,0.0078,4.0,1024,4096,2048,8192,2096,2908.43,16744,3111.21,0.0147
mixed,128,1,0.0078,4.0,1024,4096,4096,16384,4192,7287.87,33284.9,7961.57,0.0259
mixed,128,1,0.0078,4.0,1024,8192,128,512,131,1478.18,1892.36,1493.67,0.0374
mixed,128,1,0.0078,4.0,1024,8192,256,1024,262,1585.93,2271.14,1653.19,0.0982
mixed,128,1,0.0078,4.0,1024,8192,512,2048,524,1820.9,3267.85,1817.06,-0.0027
mixed,128,1,0.0078,4.0,1024,8192,1024,4096,1048,2270.18,8306.91,2285.35,0.0025
mixed,128,1,0.0078,4.0,1024,8192,2048,8192,2096,3361.45,15300.3,3359.21,-0.0002
mixed,128,1,0.0078,4.0,1024,8192,4096,16384,4192,8505.35,33268.6,9022.4,0.0209
mixed,128,1,0.0078,4.0,2048,0,128,512,131,896.931,1170.95,895.299,-0.006
mixed,128,1,0.0078,4.0,2048,0,256,1024,262,980.933,1614.4,979.297,-0.0026
mixed,128,1,0.0078,4.0,2048,0,512,2048,524,1177.86,2634.06,1233.51,0.0382
mixed,128,1,0.0078,4.0,2048,0,1024,4096,1048,1676.49,6847.89,1728.87,0.0101
mixed,128,1,0.0078,4.0,2048,0,2048,8192,2096,2696.04,13591.6,2969.35,0.0251
mixed,128,1,0.0078,4.0,2048,0,4096,16384,4192,7005.24,31461.1,7954.33,0.0388
mixed,128,1,0.0078,4.0,2048,512,128,512,131,1000.93,1273.16,997.379,-0.013
mixed,128,1,0.0078,4.0,2048,512,256,1024,262,1089.73,1687.78,1089.35,-0.0006
mixed,128,1,0.0078,4.0,2048,512,512,2048,524,1281.89,2708.68,1282.47,0.0004
mixed,128,1,0.0078,4.0,2048,512,1024,4096,1048,1690.69,7779.74,1795.21,0.0172
mixed,128,1,0.0078,4.0,2048,512,2048,8192,2096,2757.64,14881,3041.96,0.0235
mixed,128,1,0.0078,4.0,2048,512,4096,16384,4192,7630.65,31792.5,8685.85,0.0437
mixed,128,1,0.0078,4.0,2048,1024,128,512,131,1104.96,1380.64,1102.08,-0.0105
mixed,128,1,0.0078,4.0,2048,1024,256,1024,262,1191.88,1791.49,1191.68,-0.0003
mixed,128,1,0.0078,4.0,2048,1024,512,2048,524,1383.04,2916.91,1387.59,0.003
mixed,128,1,0.0078,4.0,2048,1024,1024,4096,1048,1790.34,8281.05,1869.25,0.0122
mixed,128,1,0.0078,4.0,2048,1024,2048,8192,2096,2902.89,15977.3,3177.03,0.021
mixed,128,1,0.0078,4.0,2048,1024,4096,16384,4192,8326.78,31856.4,9056.83,0.031
mixed,128,1,0.0078,4.0,2048,2048,128,512,131,1311.52,1577.86,1310.21,-0.0049
mixed,128,1,0.0078,4.0,2048,2048,256,1024,262,1398.37,2004.74,1399.2,0.0014
mixed,128,1,0.0078,4.0,2048,2048,512,2048,524,1581.96,2980.65,1656.74,0.0535
mixed,128,1,0.0078,4.0,2048,2048,1024,4096,1048,2003.88,8730.01,2028.42,0.0036
mixed,128,1,0.0078,4.0,2048,2048,2048,8192,2096,3072.91,17108.2,3301.16,0.0163
mixed,128,1,0.0078,4.0,2048,2048,4096,16384,4192,8905.51,33902.7,9447.07,0.0217
mixed,128,1,0.0078,4.0,2048,4096,128,512,131,1711.69,1978.53,1707.37,-0.0162
mixed,128,1,0.0078,4.0,2048,4096,256,1024,262,1803.37,2388.23,1802.73,-0.0011
mixed,128,1,0.0078,4.0,2048,4096,512,2048,524,1980.96,3390.38,1981.83,0.0006
mixed,128,1,0.0078,4.0,2048,4096,1024,4096,1048,2392.14,8251.26,2496.1,0.0177
mixed,128,1,0.0078,4.0,2048,4096,2048,8192,2096,3431.88,17149.2,3593.42,0.0118
mixed,128,1,0.0078,4.0,2048,4096,4096,16384,4192,8437.6,33987.7,9065.92,0.0246
mixed,128,1,0.0078,4.0,2048,8192,128,512,131,2494.12,2775.5,2496.62,0.0089
mixed,128,1,0.0078,4.0,2048,8192,256,1024,262,2583.72,3322.89,2592.14,0.0114
mixed,128,1,0.0078,4.0,2048,8192,512,2048,524,2775.24,4088.05,2779.47,0.0032
mixed,128,1,0.0078,4.0,2048,8192,1024,4096,1048,3171.05,8809.51,3260.17,0.0158
mixed,128,1,0.0078,4.0,2048,8192,2048,8192,2096,4308.59,16762.9,4161.07,-0.0118
mixed,128,1,0.0078,4.0,2048,8192,4096,16384,4192,9026.5,34039.8,9470.11,0.0177
pure,128,2,0.0156,4.0,0,0,128,512,134,117.794,372.929,127.873,0.0395
pure,128,2,0.0156,4.0,0,0,256,1024,268,201.151,674.819,231.743,0.0646
pure,128,2,0.0156,4.0,0,0,512,2048,536,389.025,1213.96,467.235,0.0948
pure,128,2,0.0156,4.0,0,0,1024,4096,1072,700.93,2287.49,861.891,0.1015
pure,128,2,0.0156,4.0,0,0,2048,8192,2144,1261.99,4393.36,1590.37,0.1049
pure,128,2,0.0156,4.0,0,0,4096,16384,4288,2384.3,8593.86,3053.16,0.1077
mixed,128,2,0.0156,4.0,16,0,128,512,134,270.465,636.291,278.467,0.0219
mixed,128,2,0.0156,4.0,16,0,256,1024,268,388.323,1096.84,412.097,0.0336
mixed,128,2,0.0156,4.0,16,0,512,2048,536,646.689,2400.36,725.605,0.045
mixed,128,2,0.0156,4.0,16,0,1024,4096,1072,1086.66,6509.46,1231.52,0.0267
mixed,128,2,0.0156,4.0,16,0,2048,8192,2144,2494.6,12876.6,2851.08,0.0343
mixed,128,2,0.0156,4.0,16,0,4096,16384,4288,6812.06,30682.5,7527.29,0.03
mixed,128,2,0.0156,4.0,16,512,128,512,134,274.657,630.914,281.57,0.0194
mixed,128,2,0.0156,4.0,16,512,256,1024,268,394.913,1098.82,403.554,0.0123
mixed,128,2,0.0156,4.0,16,512,512,2048,536,640.064,2339.27,708.45,0.0402
mixed,128,2,0.0156,4.0,16,512,1024,4096,1072,1089.92,6521.85,1237.38,0.0271
mixed,128,2,0.0156,4.0,16,512,2048,8192,2144,2473.1,12928.6,2781.74,0.0295
mixed,128,2,0.0156,4.0,16,512,4096,16384,4288,6824.64,31232.8,7551.42,0.0298
mixed,128,2,0.0156,4.0,16,1024,128,512,134,305.282,638.499,303.489,-0.0054
mixed,128,2,0.0156,4.0,16,1024,256,1024,268,407.936,1077.38,405.73,-0.0033
mixed,128,2,0.0156,4.0,16,1024,512,2048,536,648.802,2345.64,717.283,0.0404
mixed,128,2,0.0156,4.0,16,1024,1024,4096,1072,1096.1,6526.04,1245.03,0.0274
mixed,128,2,0.0156,4.0,16,1024,2048,8192,2144,2443.66,12886.7,2795.14,0.0337
mixed,128,2,0.0156,4.0,16,1024,4096,16384,4288,6823.54,30708.4,7591.87,0.0322
mixed,128,2,0.0156,4.0,16,2048,128,512,134,368.032,702.915,367.169,-0.0026
mixed,128,2,0.0156,4.0,16,2048,256,1024,268,475.713,1081.96,468.514,-0.0119
mixed,128,2,0.0156,4.0,16,2048,512,2048,536,714.978,2411.91,722.179,0.0042
mixed,128,2,0.0156,4.0,16,2048,1024,4096,1072,1101.96,6560.19,1257.67,0.0285
mixed,128,2,0.0156,4.0,16,2048,2048,8192,2144,2504.78,13039.1,2858.6,0.0336
mixed,128,2,0.0156,4.0,16,2048,4096,16384,4288,6883.45,31047.4,7591.29,0.0293
mixed,128,2,0.0156,4.0,16,4096,128,512,134,494.403,835.523,493.218,-0.0035
mixed,128,2,0.0156,4.0,16,4096,256,1024,268,600.067,1210.47,600.067,0.0
mixed,128,2,0.0156,4.0,16,4096,512,2048,536,841.795,2519.34,848.707,0.0041
mixed,128,2,0.0156,4.0,16,4096,1024,4096,1072,1231.08,6567.06,1256.2,0.0047
mixed,128,2,0.0156,4.0,16,4096,2048,8192,2144,2490.47,13693.1,2889.29,0.0356
mixed,128,2,0.0156,4.0,16,4096,4096,16384,4288,6888.95,31675.8,7553.02,0.0268
mixed,128,2,0.0156,4.0,16,8192,128,512,134,741.699,1087.49,741.156,-0.0016
mixed,128,2,0.0156,4.0,16,8192,256,1024,268,847.042,1516.93,847.97,0.0014
mixed,128,2,0.0156,4.0,16,8192,512,2048,536,1095.49,2800.56,1101.41,0.0035
mixed,128,2,0.0156,4.0,16,8192,1024,4096,1072,1532.55,6891.61,1488.1,-0.0083
mixed,128,2,0.0156,4.0,16,8192,2048,8192,2144,2853.8,13064.2,2934.86,0.0079
mixed,128,2,0.0156,4.0,16,8192,4096,16384,4288,7209.18,31815.5,7622.75,0.0168
mixed,128,2,0.0156,4.0,32,0,128,512,134,260.929,622.722,268.864,0.0219
mixed,128,2,0.0156,4.0,32,0,256,1024,268,375.426,1071.17,400.418,0.0359
mixed,128,2,0.0156,4.0,32,0,512,2048,536,631.65,2398.7,700.61,0.039
mixed,128,2,0.0156,4.0,32,0,1024,4096,1072,1087.59,6508.31,1234.37,0.0271
mixed,128,2,0.0156,4.0,32,0,2048,8192,2144,2478.15,12910.6,2863.11,0.0369
mixed,128,2,0.0156,4.0,32,0,4096,16384,4288,6814.62,30798.3,7548.06,0.0306
mixed,128,2,0.0156,4.0,32,512,128,512,134,274.113,633.026,272.096,-0.0056
mixed,128,2,0.0156,4.0,32,512,256,1024,268,381.729,1072.87,403.874,0.032
mixed,128,2,0.0156,4.0,32,512,512,2048,536,640.482,2357.19,709.922,0.0404
mixed,128,2,0.0156,4.0,32,512,1024,4096,1072,1091.56,6524.76,1241.09,0.0275
mixed,128,2,0.0156,4.0,32,512,2048,8192,2144,2482.89,12895.1,2771.21,0.0277
mixed,128,2,0.0156,4.0,32,512,4096,16384,4288,6820.47,30913.2,7562.11,0.0308
mixed,128,2,0.0156,4.0,32,1024,128,512,134,307.424,635.553,302.946,-0.0136
mixed,128,2,0.0156,4.0,32,1024,256,1024,268,409.666,1078.5,405.954,-0.0055
mixed,128,2,0.0156,4.0,32,1024,512,2048,536,651.618,2315.75,716.193,0.0388
mixed,128,2,0.0156,4.0,32,1024,1024,4096,1072,1097.38,6526.94,1244.84,0.0272
mixed,128,2,0.0156,4.0,32,1024,2048,8192,2144,2446.47,12918.6,2861.77,0.0397
mixed,128,2,0.0156,4.0,32,1024,4096,16384,4288,6824.06,30701.7,7570.24,0.0313
mixed,128,2,0.0156,4.0,32,2048,128,512,134,383.393,716.036,383.554,0.0005
mixed,128,2,0.0156,4.0,32,2048,256,1024,268,492.161,1111.39,485.952,-0.01
mixed,128,2,0.0156,4.0,32,2048,512,2048,536,735.395,2488.55,719.331,-0.0092
mixed,128,2,0.0156,4.0,32,2048,1024,4096,1072,1106.21,6550.42,1259.97,0.0282
mixed,128,2,0.0156,4.0,32,2048,2048,8192,2144,2475.95,13025,2860.94,0.0365
mixed,128,2,0.0156,4.0,32,2048,4096,16384,4288,6888.99,30965.1,7649.59,0.0316
mixed,128,2,0.0156,4.0,32,4096,128,512,134,494.499,836.611,492.674,-0.0053
mixed,128,2,0.0156,4.0,32,4096,256,1024,268,600.45,1213.6,602.594,0.0035
mixed,128,2,0.0156,4.0,32,4096,512,2048,536,845.571,2505.99,848.323,0.0017
mixed,128,2,0.0156,4.0,32,4096,1024,4096,1072,1232.1,6574.26,1257.89,0.0048
mixed,128,2,0.0156,4.0,32,4096,2048,8192,2144,2526.44,13499.8,2875.91,0.0318
mixed,128,2,0.0156,4.0,32,4096,4096,16384,4288,6888.99,31729.3,7537.69,0.0261
mixed,128,2,0.0156,4.0,32,8192,128,512,134,741.603,1089.89,740.994,-0.0017
mixed,128,2,0.0156,4.0,32,8192,256,1024,268,848.707,1516.61,847.491,-0.0018
mixed,128,2,0.0156,4.0,32,8192,512,2048,536,1097.6,2830.86,1102.63,0.0029
mixed,128,2,0.0156,4.0,32,8192,1024,4096,1072,1513.35,6875.19,1487.84,-0.0048
mixed,128,2,0.0156,4.0,32,8192,2048,8192,2144,2854.99,13050.5,2917.74,0.0062
mixed,128,2,0.0156,4.0,32,8192,4096,16384,4288,7191.29,31686.8,7648.83,0.0187
mixed,128,2,0.0156,4.0,64,0,128,512,134,261.442,621.282,268.451,0.0195
mixed,128,2,0.0156,4.0,64,0,256,1024,268,377.154,1072,401.699,0.0353
mixed,128,2,0.0156,4.0,64,0,512,2048,536,634.593,2343.78,706.915,0.0423
mixed,128,2,0.0156,4.0,64,0,1024,4096,1072,1091.33,6514.1,1268.61,0.0327
mixed,128,2,0.0156,4.0,64,0,2048,8192,2144,2534.54,12901.4,2852.94,0.0307
mixed,128,2,0.0156,4.0,64,0,4096,16384,4288,6821.14,31247.1,7585.6,0.0313
mixed,128,2,0.0156,4.0,64,512,128,512,134,288.48,636.739,274.241,-0.0409
mixed,128,2,0.0156,4.0,64,512,256,1024,268,381.89,1075.36,405.057,0.0334
mixed,128,2,0.0156,4.0,64,512,512,2048,536,645.411,2352.68,718.308,0.0427
mixed,128,2,0.0156,4.0,64,512,1024,4096,1072,1093.51,6526.2,1243.24,0.0276
mixed,128,2,0.0156,4.0,64,512,2048,8192,2144,2474.25,12916.5,2788.46,0.0301
mixed,128,2,0.0156,4.0,64,512,4096,16384,4288,6819.06,30996.2,7553.27,0.0304
mixed,128,2,0.0156,4.0,64,1024,128,512,134,308.451,639.939,305.632,-0.0085
mixed,128,2,0.0156,4.0,64,1024,256,1024,268,412.962,1080.58,408.643,-0.0065
mixed,128,2,0.0156,4.0,64,1024,512,2048,536,652.162,2323.05,721.923,0.0418
mixed,128,2,0.0156,4.0,64,1024,1024,4096,1072,1100.45,6524.67,1248.55,0.0273
mixed,128,2,0.0156,4.0,64,1024,2048,8192,2144,2453.35,12898.6,2836.68,0.0367
mixed,128,2,0.0156,4.0,64,1024,4096,16384,4288,6824.37,30157,7564.54,0.0317
mixed,128,2,0.0156,4.0,64,2048,128,512,134,371.139,708.641,368.899,-0.0066
mixed,128,2,0.0156,4.0,64,2048,256,1024,268,480.737,1084.23,470.528,-0.0169
mixed,128,2,0.0156,4.0,64,2048,512,2048,536,719.363,2419.4,727.905,0.005
mixed,128,2,0.0156,4.0,64,2048,1024,4096,1072,1103.17,6548.41,1257.73,0.0284
mixed,128,2,0.0156,4.0,64,2048,2048,8192,2144,2492.65,13019.1,2862.63,0.0351
mixed,128,2,0.0156,4.0,64,2048,4096,16384,4288,6890.52,31245.8,7637.41,0.0307
mixed,128,2,0.0156,4.0,64,4096,128,512,134,495.969,868.708,512.578,0.0446
mixed,128,2,0.0156,4.0,64,4096,256,1024,268,624.833,1243.39,625.06,0.0004
mixed,128,2,0.0156,4.0,64,4096,512,2048,536,872.706,2497.16,878.02,0.0033
mixed,128,2,0.0156,4.0,64,4096,1024,4096,1072,1272.52,6576.98,1260.96,-0.0022
mixed,128,2,0.0156,4.0,64,4096,2048,8192,2144,2530.54,13484.8,2926.7,0.0362
mixed,128,2,0.0156,4.0,64,4096,4096,16384,4288,6884.28,31179.9,7614.84,0.0301
mixed,128,2,0.0156,4.0,64,8192,128,512,134,743.01,1094.56,740.866,-0.0061
mixed,128,2,0.0156,4.0,64,8192,256,1024,268,849.956,1516.64,850.625,0.001
mixed,128,2,0.0156,4.0,64,8192,512,2048,536,1104.16,2819.34,1107.49,0.0019
mixed,128,2,0.0156,4.0,64,8192,1024,4096,1072,1529.93,6894.56,1493.99,-0.0067
mixed,128,2,0.0156,4.0,64,8192,2048,8192,2144,2837.55,13064.8,2916.49,0.0077
mixed,128,2,0.0156,4.0,64,8192,4096,16384,4288,7202.24,31843.4,7639.74,0.0178
mixed,128,2,0.0156,4.0,128,0,128,512,134,276.288,635.714,282.626,0.0176
mixed,128,2,0.0156,4.0,128,0,256,1024,268,389.409,1088.29,412.575,0.0331
mixed,128,2,0.0156,4.0,128,0,512,2048,536,648.706,2381.74,716.355,0.039
mixed,128,2,0.0156,4.0,128,0,1024,4096,1072,1104.84,6523.77,1246.98,0.0262
mixed,128,2,0.0156,4.0,128,0,2048,8192,2144,2506.06,12907.1,2852.59,0.0333
mixed,128,2,0.0156,4.0,128,0,4096,16384,4288,6824.44,31155.3,7585.02,0.0313
mixed,128,2,0.0156,4.0,128,512,128,512,134,291.17,651.68,289.505,-0.0046
mixed,128,2,0.0156,4.0,128,512,256,1024,268,396.449,1092.74,419.135,0.0326
mixed,128,2,0.0156,4.0,128,512,512,2048,536,662.787,2337.83,729.54,0.0399
mixed,128,2,0.0156,4.0,128,512,1024,4096,1072,1112.64,6539.13,1262.15,0.0276
mixed,128,2,0.0156,4.0,128,512,2048,8192,2144,2483.34,12925.2,2750.7,0.0256
mixed,128,2,0.0156,4.0,128,512,4096,16384,4288,6826.84,31218.4,7605.34,0.0319
mixed,128,2,0.0156,4.0,128,1024,128,512,134,326.912,660.002,327.906,0.003
mixed,128,2,0.0156,4.0,128,1024,256,1024,268,429.443,1104.45,427.106,-0.0035
mixed,128,2,0.0156,4.0,128,1024,512,2048,536,670.499,2354.09,736.77,0.0394
mixed,128,2,0.0156,4.0,128,1024,1024,4096,1072,1121.22,6541.65,1279.53,0.0292
mixed,128,2,0.0156,4.0,128,1024,2048,8192,2144,2456.23,12914.1,2751.05,0.0282
mixed,128,2,0.0156,4.0,128,1024,4096,16384,4288,6833.5,31201.6,7596.67,0.0313
mixed,128,2,0.0156,4.0,128,2048,128,512,134,396.897,729.985,397.024,0.0004
mixed,128,2,0.0156,4.0,128,2048,256,1024,268,496.929,1116.9,508.48,0.0186
mixed,128,2,0.0156,4.0,128,2048,512,2048,536,739.108,2433.03,745.636,0.0039
mixed,128,2,0.0156,4.0,128,2048,1024,4096,1072,1137.16,6589.66,1263.91,0.0232
mixed,128,2,0.0156,4.0,128,2048,2048,8192,2144,2467.37,13125.3,2871.02,0.0379
mixed,128,2,0.0156,4.0,128,2048,4096,16384,4288,6988.54,30647.5,7776.98,0.0333
mixed,128,2,0.0156,4.0,128,4096,128,512,134,528.323,865.665,528.674,0.001
mixed,128,2,0.0156,4.0,128,4096,256,1024,268,639.459,1271.68,653.57,0.0223
mixed,128,2,0.0156,4.0,128,4096,512,2048,536,873.795,2542.79,887.523,0.0082
mixed,128,2,0.0156,4.0,128,4096,1024,4096,1072,1290.69,6795.96,1266.89,-0.0043
mixed,128,2,0.0156,4.0,128,4096,2048,8192,2144,2589.58,14691,2850.03,0.0215
mixed,128,2,0.0156,4.0,128,4096,4096,16384,4288,7111.51,31615.1,7601.31,0.02
mixed,128,2,0.0156,4.0,128,8192,128,512,134,775.075,1127.81,776.865,0.0051
mixed,128,2,0.0156,4.0,128,8192,256,1024,268,888.673,1511.94,900.994,0.0198
mixed,128,2,0.0156,4.0,128,8192,512,2048,536,1130.82,2813,1151.2,0.0121
mixed,128,2,0.0156,4.0,128,8192,1024,4096,1072,1526.53,6876.41,1604.29,0.0145
mixed,128,2,0.0156,4.0,128,8192,2048,8192,2144,2965.71,13491.3,2932.43,-0.0032
mixed,128,2,0.0156,4.0,128,8192,4096,16384,4288,7175.03,32040.5,7757.63,0.0234
mixed,128,2,0.0156,4.0,256,0,128,512,134,304.61,663.491,310.495,0.0164
mixed,128,2,0.0156,4.0,256,0,256,1024,268,417.921,1111.43,441.857,0.0345
mixed,128,2,0.0156,4.0,256,0,512,2048,536,676.034,2359.59,743.235,0.0399
mixed,128,2,0.0156,4.0,256,0,1024,4096,1072,1130.69,6532.63,1271.91,0.0261
mixed,128,2,0.0156,4.0,256,0,2048,8192,2144,2491.34,12886.8,2835.59,0.0331
mixed,128,2,0.0156,4.0,256,0,4096,16384,4288,6843.13,31559.2,7590.87,0.0303
mixed,128,2,0.0156,4.0,256,512,128,512,134,331.842,679.586,331.267,-0.0017
mixed,128,2,0.0156,4.0,256,512,256,1024,268,430.272,1123.91,457.41,0.0391
mixed,128,2,0.0156,4.0,256,512,512,2048,536,692.483,2349.48,759.297,0.0403
mixed,128,2,0.0156,4.0,256,512,1024,4096,1072,1142.92,6542.33,1330.4,0.0347
mixed,128,2,0.0156,4.0,256,512,2048,8192,2144,2523.37,12909,2845.96,0.0311
mixed,128,2,0.0156,4.0,256,512,4096,16384,4288,6836.57,30582,7566.43,0.0307
mixed,128,2,0.0156,4.0,256,1024,128,512,134,385.666,709.921,386.914,0.0038
mixed,128,2,0.0156,4.0,256,1024,256,1024,268,474.882,1142.28,483.492,0.0129
mixed,128,2,0.0156,4.0,256,1024,512,2048,536,716.13,2437.16,776.865,0.0353
mixed,128,2,0.0156,4.0,256,1024,1024,4096,1072,1159.68,6553.24,1287.88,0.0238
mixed,128,2,0.0156,4.0,256,1024,2048,8192,2144,2513.93,12931.7,2815.24,0.0289
mixed,128,2,0.0156,4.0,256,1024,4096,16384,4288,6850.4,31065.5,7630.62,0.0322
mixed,128,2,0.0156,4.0,256,2048,128,512,134,449.219,787.811,446.464,-0.0081
mixed,128,2,0.0156,4.0,256,2048,256,1024,268,563.683,1176.77,565.25,0.0026
mixed,128,2,0.0156,4.0,256,2048,512,2048,536,798.341,2562.98,812.354,0.0079
mixed,128,2,0.0156,4.0,256,2048,1024,4096,1072,1187.69,6828.06,1351.3,0.029
mixed,128,2,0.0156,4.0,256,2048,2048,8192,2144,2681.96,13729.3,2904.39,0.0201
mixed,128,2,0.0156,4.0,256,2048,4096,16384,4288,7155.19,31253.1,8224.06,0.0444
mixed,128,2,0.0156,4.0,256,4096,128,512,134,616.321,979.555,612.354,-0.0109
mixed,128,2,0.0156,4.0,256,4096,256,1024,268,734.113,1420.29,736.324,0.0032
mixed,128,2,0.0156,4.0,256,4096,512,2048,536,991.139,2581.23,1005.73,0.0092
mixed,128,2,0.0156,4.0,256,4096,1024,4096,1072,1435.68,6796.89,1477.41,0.0078
mixed,128,2,0.0156,4.0,256,4096,2048,8192,2144,2725.67,15793.9,2827.15,0.0078
mixed,128,2,0.0156,4.0,256,4096,4096,16384,4288,7113.59,32044.6,7703.42,0.0237
mixed,128,2,0.0156,4.0,256,8192,128,512,134,839.491,1239.27,838.082,-0.0035
mixed,128,2,0.0156,4.0,256,8192,256,1024,268,967.715,1701.48,972.74,0.0068
mixed,128,2,0.0156,4.0,256,8192,512,2048,536,1251.37,2652.75,1261.38,0.0071
mixed,128,2,0.0156,4.0,256,8192,1024,4096,1072,1719.17,6901.69,1733.03,0.0027
mixed,128,2,0.0156,4.0,256,8192,2048,8192,2144,2842.44,13483.5,2905.2,0.0059
mixed,128,2,0.0156,4.0,256,8192,4096,16384,4288,7252.64,32269.7,7711.99,0.0184
mixed,128,2,0.0156,4.0,512,0,128,512,134,374.69,735.584,376.898,0.0061
mixed,128,2,0.0156,4.0,512,0,256,1024,268,489.76,1196.93,521.281,0.0446
mixed,128,2,0.0156,4.0,512,0,512,2048,536,727.043,2383.66,810.786,0.0506
mixed,128,2,0.0156,4.0,512,0,1024,4096,1072,1214.4,6554.65,1365.38,0.0283
mixed,128,2,0.0156,4.0,512,0,2048,8192,2144,2558.99,12925.5,2921.71,0.035
mixed,128,2,0.0156,4.0,512,0,4096,16384,4288,6866.81,29992.2,7593.95,0.0314
mixed,128,2,0.0156,4.0,512,512,128,512,134,406.947,741.186,406.625,-0.001
mixed,128,2,0.0156,4.0,512,512,256,1024,268,509.473,1191.46,521.155,0.0171
mixed,128,2,0.0156,4.0,512,512,512,2048,536,753.186,2431.85,846.948,0.0559
mixed,128,2,0.0156,4.0,512,512,1024,4096,1072,1236.07,6566.3,1397.83,0.0303
mixed,128,2,0.0156,4.0,512,512,2048,8192,2144,2559.72,12925.1,2904.52,0.0333
mixed,128,2,0.0156,4.0,512,512,4096,16384,4288,6858.49,30482.3,7588.73,0.0309
mixed,128,2,0.0156,4.0,512,1024,128,512,134,456.387,811.299,454.081,-0.0065
mixed,128,2,0.0156,4.0,512,1024,256,1024,268,558.624,1218.82,563.778,0.0078
mixed,128,2,0.0156,4.0,512,1024,512,2048,536,800.451,2534.06,862.465,0.0358
mixed,128,2,0.0156,4.0,512,1024,1024,4096,1072,1268.58,6574.26,1453.51,0.0349
mixed,128,2,0.0156,4.0,512,1024,2048,8192,2144,2682.31,12961.6,2902.19,0.0214
mixed,128,2,0.0156,4.0,512,1024,4096,16384,4288,6880.09,31488.2,7667.07,0.032
mixed,128,2,0.0156,4.0,512,2048,128,512,134,549.058,919.14,569.154,0.0543
mixed,128,2,0.0156,4.0,512,2048,256,1024,268,677.059,1349.99,653.347,-0.0352
mixed,128,2,0.0156,4.0,512,2048,512,2048,536,892.867,2456.68,902.852,0.0064
mixed,128,2,0.0156,4.0,512,2048,1024,4096,1072,1347.21,7973.6,1459.2,0.0169
mixed,128,2,0.0156,4.0,512,2048,2048,8192,2144,2659.14,15546.5,2800.01,0.0109
mixed,128,2,0.0156,4.0,512,2048,4096,16384,4288,8262.37,31808.5,9017.38,0.0321
mixed,128,2,0.0156,4.0,512,4096,128,512,134,725.73,1070.76,727.169,0.0042
mixed,128,2,0.0156,4.0,512,4096,256,1024,268,832.866,1517.83,835.811,0.0043
mixed,128,2,0.0156,4.0,512,4096,512,2048,536,1081.61,2433.86,1086.76,0.0038
mixed,128,2,0.0156,4.0,512,4096,1024,4096,1072,1579.43,6864.47,1575.17,-0.0008
mixed,128,2,0.0156,4.0,512,4096,2048,8192,2144,2608.26,16308.9,2942.19,0.0244
mixed,128,2,0.0156,4.0,512,4096,4096,16384,4288,7199.29,32527.5,7587.96,0.0153
mixed,128,2,0.0156,4.0,512,8192,128,512,134,1081.92,1433.64,1033.86,-0.1367
mixed,128,2,0.0156,4.0,512,8192,256,1024,268,1227.94,1953,1225.03,-0.004
mixed,128,2,0.0156,4.0,512,8192,512,2048,536,1484.13,3087.11,1434.05,-0.0312
mixed,128,2,0.0156,4.0,512,8192,1024,4096,1072,1899.85,7068.82,1925.51,0.005
mixed,128,2,0.0156,4.0,512,8192,2048,8192,2144,3239.66,13570.9,3161.19,-0.0076
mixed,128,2,0.0156,4.0,512,8192,4096,16384,4288,7407.29,32666.6,8471.74,0.0421
mixed,128,2,0.0156,4.0,1024,0,128,512,134,518.176,843.746,516.77,-0.0043
mixed,128,2,0.0156,4.0,1024,0,256,1024,268,607.425,1297.57,616.579,0.0133
mixed,128,2,0.0156,4.0,1024,0,512,2048,536,852.515,2562.92,914.241,0.0361
mixed,128,2,0.0156,4.0,1024,0,1024,4096,1072,1312.8,6602.94,1454.4,0.0268
mixed,128,2,0.0156,4.0,1024,0,2048,8192,2144,2621.1,12953.7,2992.49,0.0359
mixed,128,2,0.0156,4.0,1024,0,4096,16384,4288,6905.08,30596.9,7619.77,0.0302
mixed,128,2,0.0156,4.0,1024,512,128,512,134,586.176,896.9,585.442,-0.0024
mixed,128,2,0.0156,4.0,1024,512,256,1024,268,677.57,1344.2,680.163,0.0039
mixed,128,2,0.0156,4.0,1024,512,512,2048,536,904.578,2529.7,950.212,0.0281
mixed,128,2,0.0156,4.0,1024,512,1024,4096,1072,1358.09,6610.17,1496,0.0263
mixed,128,2,0.0156,4.0,1024,512,2048,8192,2144,2769.03,12982.1,2877.13,0.0106
mixed,128,2,0.0156,4.0,1024,512,4096,16384,4288,6937.91,31644.1,7708.35,0.0312
mixed,128,2,0.0156,4.0,1024,1024,128,512,134,652.929,967.363,679.394,0.0842
mixed,128,2,0.0156,4.0,1024,1024,256,1024,268,775.427,1396.68,746.659,-0.0463
mixed,128,2,0.0156,4.0,1024,1024,512,2048,536,974.755,2479.24,1021.67,0.0312
mixed,128,2,0.0156,4.0,1024,1024,1024,4096,1072,1456.87,6660.15,1600.55,0.0276
mixed,128,2,0.0156,4.0,1024,1024,2048,8192,2144,2700.17,13191.3,2884.62,0.0176
mixed,128,2,0.0156,4.0,1024,1024,4096,16384,4288,7105.76,31728,7827.29,0.0293
mixed,128,2,0.0156,4.0,1024,2048,128,512,134,782.401,1092.39,781.22,-0.0038
mixed,128,2,0.0156,4.0,1024,2048,256,1024,268,875.811,1569.25,906.881,0.0448
mixed,128,2,0.0156,4.0,1024,2048,512,2048,536,1143.59,2589.38,1109.03,-0.0239
mixed,128,2,0.0156,4.0,1024,2048,1024,4096,1072,1537.06,8397.06,1612.04,0.0109
mixed,128,2,0.0156,4.0,1024,2048,2048,8192,2144,2618.09,16160.3,3039.69,0.0311
mixed,128,2,0.0156,4.0,1024,2048,4096,16384,4288,8740.83,32805.5,9363.56,0.0259
mixed,128,2,0.0156,4.0,1024,4096,128,512,134,1028.13,1339.27,1025.99,-0.0069
mixed,128,2,0.0156,4.0,1024,4096,256,1024,268,1119.04,1828.2,1169.7,0.0714
mixed,128,2,0.0156,4.0,1024,4096,512,2048,536,1400.49,2838.15,1350.88,-0.0345
mixed,128,2,0.0156,4.0,1024,4096,1024,4096,1072,1847.72,7100.89,1859.56,0.0023
mixed,128,2,0.0156,4.0,1024,4096,2048,8192,2144,3071.76,16744.7,3232.87,0.0118
mixed,128,2,0.0156,4.0,1024,4096,4096,16384,4288,7481.79,33379.9,8183.68,0.0271
mixed,128,2,0.0156,4.0,1024,8192,128,512,134,1483.78,1896.48,1556.77,0.1769
mixed,128,2,0.0156,4.0,1024,8192,256,1024,268,1663.4,2258.63,1593.25,-0.1178
mixed,128,2,0.0156,4.0,1024,8192,512,2048,536,1907.75,3272.46,1893.06,-0.0108
mixed,128,2,0.0156,4.0,1024,8192,1024,4096,1072,2281.74,8343.55,2296.46,0.0024
mixed,128,2,0.0156,4.0,1024,8192,2048,8192,2144,3502.64,14993.1,3551.37,0.0042
mixed,128,2,0.0156,4.0,1024,8192,4096,16384,4288,8810.24,33346.4,9295.88,0.0198
mixed,128,2,0.0156,4.0,2048,0,128,512,134,897.763,1170.72,896.995,-0.0028
mixed,128,2,0.0156,4.0,2048,0,256,1024,268,980.579,1612.49,1025.57,0.0712
mixed,128,2,0.0156,4.0,2048,0,512,2048,536,1229.25,2724.3,1210.37,-0.0126
mixed,128,2,0.0156,4.0,2048,0,1024,4096,1072,1649.38,6863.45,1746.24,0.0186
mixed,128,2,0.0156,4.0,2048,0,2048,8192,2144,2857.93,13864.7,3091.91,0.0213
mixed,128,2,0.0156,4.0,2048,0,4096,16384,4288,7328.54,31573.3,8710.01,0.057
mixed,128,2,0.0156,4.0,2048,512,128,512,134,1048.42,1275.46,1004.13,-0.1951
mixed,128,2,0.0156,4.0,2048,512,256,1024,268,1091.11,1687.85,1102.18,0.0186
mixed,128,2,0.0156,4.0,2048,512,512,2048,536,1303.88,2783.08,1304.04,0.0001
mixed,128,2,0.0156,4.0,2048,512,1024,4096,1072,1725.64,7765.5,1817.06,0.0151
mixed,128,2,0.0156,4.0,2048,512,2048,8192,2144,2898.92,15053.4,3185.36,0.0236
mixed,128,2,0.0156,4.0,2048,512,4096,16384,4288,8183.84,31738.2,8935.87,0.0319
mixed,128,2,0.0156,4.0,2048,1024,128,512,134,1106.85,1371.53,1116.99,0.0383
mixed,128,2,0.0156,4.0,2048,1024,256,1024,268,1202.44,1838.54,1249.35,0.0737
mixed,128,2,0.0156,4.0,2048,1024,512,2048,536,1389.54,2829.77,1394.85,0.0037
mixed,128,2,0.0156,4.0,2048,1024,1024,4096,1072,1799.97,8298.59,1913.7,0.0175
mixed,128,2,0.0156,4.0,2048,1024,2048,8192,2144,3093.9,16069,3294.28,0.0154
mixed,128,2,0.0156,4.0,2048,1024,4096,16384,4288,8596.1,31968.6,9200.45,0.0259
mixed,128,2,0.0156,4.0,2048,2048,128,512,134,1311.91,1580.61,1313.22,0.0049
mixed,128,2,0.0156,4.0,2048,2048,256,1024,268,1396.07,2005.38,1401.7,0.0092
mixed,128,2,0.0156,4.0,2048,2048,512,2048,536,1581.22,2992.75,1594.5,0.0094
mixed,128,2,0.0156,4.0,2048,2048,1024,4096,1072,2094.12,8726.15,2044.29,-0.0075
mixed,128,2,0.0156,4.0,2048,2048,2048,8192,2144,3155.98,17124.3,3428.52,0.0195
mixed,128,2,0.0156,4.0,2048,2048,4096,16384,4288,9122.88,33860.3,9622.21,0.0202
mixed,128,2,0.0156,4.0,2048,4096,128,512,134,1714.86,1979.27,1713.73,-0.0042
mixed,128,2,0.0156,4.0,2048,4096,256,1024,268,1802.88,2388.74,1806.34,0.0059
mixed,128,2,0.0156,4.0,2048,4096,512,2048,536,1989.29,3415.92,2079.81,0.0635
mixed,128,2,0.0156,4.0,2048,4096,1024,4096,1072,2440.94,8214.4,2424.74,-0.0028
mixed,128,2,0.0156,4.0,2048,4096,2048,8192,2144,3505.45,17161.3,3699.92,0.0142
mixed,128,2,0.0156,4.0,2048,4096,4096,16384,4288,8777.44,33985.1,9227.69,0.0179
mixed,128,2,0.0156,4.0,2048,8192,128,512,134,2496.87,2781.03,2496.46,-0.0015
mixed,128,2,0.0156,4.0,2048,8192,256,1024,268,2596.33,3160.27,2723.53,0.2256
mixed,128,2,0.0156,4.0,2048,8192,512,2048,536,2827.43,4252.72,2792.97,-0.0242
mixed,128,2,0.0156,4.0,2048,8192,1024,4096,1072,3176.81,8808.96,3215.56,0.0069
mixed,128,2,0.0156,4.0,2048,8192,2048,8192,2144,4203.69,16573.6,4226.41,0.0018
mixed,128,2,0.0156,4.0,2048,8192,4096,16384,4288,9298.82,34043.2,9652.96,0.0143
pure,128,3,0.0234,4.0,0,0,128,512,137,119.262,372.353,127.52,0.0326
pure,128,3,0.0234,4.0,0,0,256,1024,274,199.553,676.898,231.298,0.0665
pure,128,3,0.0234,4.0,0,0,512,2048,548,394.401,1211.88,463.682,0.0848
pure,128,3,0.0234,4.0,0,0,1024,4096,1096,707.008,2285.38,857.761,0.0955
pure,128,3,0.0234,4.0,0,0,2048,8192,2192,1286.02,4390.58,1588.33,0.0974
pure,128,3,0.0234,4.0,0,0,4096,16384,4384,2433.42,8615.26,3044.87,0.0989
mixed,128,3,0.0234,4.0,16,0,128,512,137,260.897,619.713,271.073,0.0284
mixed,128,3,0.0234,4.0,16,0,256,1024,274,377.826,1067.81,401.155,0.0338
mixed,128,3,0.0234,4.0,16,0,512,2048,548,635.969,2377.9,713.7,0.0446
mixed,128,3,0.0234,4.0,16,0,1024,4096,1096,1095.97,6514.14,1262.88,0.0308
mixed,128,3,0.0234,4.0,16,0,2048,8192,2192,2593.93,12888.3,2882.31,0.028
mixed,128,3,0.0234,4.0,16,0,4096,16384,4384,6954.59,30801.6,7711.71,0.0317
mixed,128,3,0.0234,4.0,16,512,128,512,137,272.738,633.09,273.408,0.0019
mixed,128,3,0.0234,4.0,16,512,256,1024,274,381.857,1072.99,405.664,0.0344
mixed,128,3,0.0234,4.0,16,512,512,2048,548,643.937,2352.1,718.594,0.0437
mixed,128,3,0.0234,4.0,16,512,1024,4096,1096,1100.1,6515.8,1292.33,0.0355
mixed,128,3,0.0234,4.0,16,512,2048,8192,2192,2625.1,12899.3,2914.83,0.0282
mixed,128,3,0.0234,4.0,16,512,4096,16384,4384,6968.6,31381.2,7779.39,0.0332
mixed,128,3,0.0234,4.0,16,1024,128,512,137,319.073,650.179,315.776,-0.01
mixed,128,3,0.0234,4.0,16,1024,256,1024,274,420.898,1102.72,421.634,0.0011
mixed,128,3,0.0234,4.0,16,1024,512,2048,548,668.451,2392.04,738.051,0.0404
mixed,128,3,0.0234,4.0,16,1024,1024,4096,1096,1131.49,6523.54,1272.87,0.0262
mixed,128,3,0.0234,4.0,16,1024,2048,8192,2192,2619.59,12890.1,2969.19,0.034
mixed,128,3,0.0234,4.0,16,1024,4096,16384,4384,6967.13,29975.1,7730.3,0.0332
mixed,128,3,0.0234,4.0,16,2048,128,512,137,383.809,724.324,383.807,-0.0
mixed,128,3,0.0234,4.0,16,2048,256,1024,274,491.939,1111.27,493.408,0.0024
mixed,128,3,0.0234,4.0,16,2048,512,2048,548,735.456,2481.83,740.867,0.0031
mixed,128,3,0.0234,4.0,16,2048,1024,4096,1096,1137.25,6562.14,1273.83,0.0252
mixed,128,3,0.0234,4.0,16,2048,2048,8192,2192,2680.68,13134.3,2950.12,0.0258
mixed,128,3,0.0234,4.0,16,2048,4096,16384,4384,7032.09,30860,7856.96,0.0346
mixed,128,3,0.0234,4.0,16,4096,128,512,137,510.754,863.332,513.151,0.0068
mixed,128,3,0.0234,4.0,16,4096,256,1024,274,622.241,1251.01,641.792,0.0311
mixed,128,3,0.0234,4.0,16,4096,512,2048,548,877.25,2548.46,876.836,-0.0002
mixed,128,3,0.0234,4.0,16,4096,1024,4096,1096,1277.44,6575.51,1248.77,-0.0054
mixed,128,3,0.0234,4.0,16,4096,2048,8192,2192,2686.12,13464.5,2980.91,0.0273
mixed,128,3,0.0234,4.0,16,4096,4096,16384,4384,7022.4,30350,7832.7,0.0347
mixed,128,3,0.0234,4.0,16,8192,128,512,137,740.483,1089.86,743.362,0.0082
mixed,128,3,0.0234,4.0,16,8192,256,1024,274,850.434,1515.91,860.707,0.0154
mixed,128,3,0.0234,4.0,16,8192,512,2048,548,1099.65,2797.51,1110.63,0.0065
mixed,128,3,0.0234,4.0,16,8192,1024,4096,1096,1529.92,6868.76,1543.24,0.0025
mixed,128,3,0.0234,4.0,16,8192,2048,8192,2192,2997.29,13039.4,3034.95,0.0038
mixed,128,3,0.0234,4.0,16,8192,4096,16384,4384,7321.5,30799.4,7952.35,0.0269
mixed,128,3,0.0234,4.0,32,0,128,512,137,270.016,636.354,280.799,0.0294
mixed,128,3,0.0234,4.0,32,0,256,1024,274,391.297,1096.04,414.722,0.0332
mixed,128,3,0.0234,4.0,32,0,512,2048,548,650.817,2451.5,730.308,0.0441
mixed,128,3,0.0234,4.0,32,0,1024,4096,1096,1125.22,6513.56,1295.14,0.0315
mixed,128,3,0.0234,4.0,32,0,2048,8192,2192,2630.7,12872.9,2959.62,0.0321
mixed,128,3,0.0234,4.0,32,0,4096,16384,4384,6961.95,30719.4,7743.52,0.0329
mixed,128,3,0.0234,4.0,32,512,128,512,137,273.92,631.362,273.537,-0.0011
mixed,128,3,0.0234,4.0,32,512,256,1024,274,383.457,1072.1,406.786,0.0339
mixed,128,3,0.0234,4.0,32,512,512,2048,548,645.186,2352.94,718.851,0.0431
mixed,128,3,0.0234,4.0,32,512,1024,4096,1096,1100.45,6525.14,1264.33,0.0302
mixed,128,3,0.0234,4.0,32,512,2048,8192,2192,2588.49,12883.2,2868.11,0.0272
mixed,128,3,0.0234,4.0,32,512,4096,16384,4384,6968.28,30975,7753.15,0.0327
mixed,128,3,0.0234,4.0,32,1024,128,512,137,307.137,638.657,304.513,-0.0079
mixed,128,3,0.0234,4.0,32,1024,256,1024,274,410.306,1078.63,409.537,-0.0012
mixed,128,3,0.0234,4.0,32,1024,512,2048,548,652.129,2338.89,721.252,0.041
mixed,128,3,0.0234,4.0,32,1024,1024,4096,1096,1107.68,6524.41,1257.38,0.0276
mixed,128,3,0.0234,4.0,32,1024,2048,8192,2192,2599.62,12925.8,2877.19,0.0269
mixed,128,3,0.0234,4.0,32,1024,4096,16384,4384,6973.43,31199.2,7742.59,0.0317
mixed,128,3,0.0234,4.0,32,2048,128,512,137,382.976,723.714,384.482,0.0044
mixed,128,3,0.0234,4.0,32,2048,256,1024,274,494.563,1110.15,495.233,0.0011
mixed,128,3,0.0234,4.0,32,2048,512,2048,548,738.562,2478.22,743.779,0.003
mixed,128,3,0.0234,4.0,32,2048,1024,4096,1096,1139.43,6552.47,1278.79,0.0257
mixed,128,3,0.0234,4.0,32,2048,2048,8192,2192,2605.35,13060.9,2957.83,0.0337
mixed,128,3,0.0234,4.0,32,2048,4096,16384,4384,7018.81,31499.9,7914.24,0.0366
mixed,128,3,0.0234,4.0,32,4096,128,512,137,512.355,863.364,514.307,0.0056
mixed,128,3,0.0234,4.0,32,4096,256,1024,274,622.754,1252.07,641.73,0.0302
mixed,128,3,0.0234,4.0,32,4096,512,2048,548,866.244,2555.82,881.156,0.0088
mixed,128,3,0.0234,4.0,32,4096,1024,4096,1096,1280.26,6573.66,1268.74,-0.0022
mixed,128,3,0.0234,4.0,32,4096,2048,8192,2192,2681.26,13593.2,2971.14,0.0266
mixed,128,3,0.0234,4.0,32,4096,4096,16384,4384,7015.74,31193.2,7842.27,0.0342
mixed,128,3,0.0234,4.0,32,8192,128,512,137,741.667,1093.32,742.819,0.0033
mixed,128,3,0.0234,4.0,32,8192,256,1024,274,850.147,1517.29,863.043,0.0193
mixed,128,3,0.0234,4.0,32,8192,512,2048,548,1099.2,2813.52,1109.67,0.0061
mixed,128,3,0.0234,4.0,32,8192,1024,4096,1096,1531.81,6877.53,1538.28,0.0012
mixed,128,3,0.0234,4.0,32,8192,2048,8192,2192,2924.23,13020.7,2996.78,0.0072
mixed,128,3,0.0234,4.0,32,8192,4096,16384,4384,7324.6,31356.5,7989.73,0.0277
mixed,128,3,0.0234,4.0,64,0,128,512,137,270.336,635.075,281.154,0.0297
mixed,128,3,0.0234,4.0,64,0,256,1024,274,392.833,1098.15,415.554,0.0322
mixed,128,3,0.0234,4.0,64,0,512,2048,548,654.273,2378.34,738.467,0.0488
mixed,128,3,0.0234,4.0,64,0,1024,4096,1096,1126.21,6520.63,1296.33,0.0315
mixed,128,3,0.0234,4.0,64,0,2048,8192,2192,2653.48,12908.2,2944.04,0.0283
mixed,128,3,0.0234,4.0,64,0,4096,16384,4384,6969.76,29663.5,7742.72,0.0341
mixed,128,3,0.0234,4.0,64,512,128,512,137,275.617,636.067,275.041,-0.0016
mixed,128,3,0.0234,4.0,64,512,256,1024,274,384.546,1077.32,417.217,0.0472
mixed,128,3,0.0234,4.0,64,512,512,2048,548,660.547,2414.34,741.441,0.0461
mixed,128,3,0.0234,4.0,64,512,1024,4096,1096,1132.26,6531.45,1296.64,0.0304
mixed,128,3,0.0234,4.0,64,512,2048,8192,2192,2616.74,12941.4,2951.37,0.0324
mixed,128,3,0.0234,4.0,64,512,4096,16384,4384,6970.52,30400.6,7715.84,0.0318
mixed,128,3,0.0234,4.0,64,1024,128,512,137,308.224,640.194,306.496,-0.0052
mixed,128,3,0.0234,4.0,64,1024,256,1024,274,412.832,1080.26,410.499,-0.0035
mixed,128,3,0.0234,4.0,64,1024,512,2048,548,653.507,2377.26,747.106,0.0543
mixed,128,3,0.0234,4.0,64,1024,1024,4096,1096,1137.22,6528.34,1269.96,0.0246
mixed,128,3,0.0234,4.0,64,1024,2048,8192,2192,2632.59,12904.3,2904.78,0.0265
mixed,128,3,0.0234,4.0,64,1024,4096,16384,4384,6971.42,31210.2,7786.56,0.0336
mixed,128,3,0.0234,4.0,64,2048,128,512,137,372.801,709.187,371.842,-0.0029
mixed,128,3,0.0234,4.0,64,2048,256,1024,274,478.881,1084.52,480.545,0.0027
mixed,128,3,0.0234,4.0,64,2048,512,2048,548,720.994,2417.74,728.32,0.0043
mixed,128,3,0.0234,4.0,64,2048,1024,4096,1096,1114.12,6550.46,1243.68,0.0238
mixed,128,3,0.0234,4.0,64,2048,2048,8192,2192,2609.13,13178.1,2919.43,0.0294
mixed,128,3,0.0234,4.0,64,2048,4096,16384,4384,7029.95,30261.8,7830.59,0.0345
mixed,128,3,0.0234,4.0,64,4096,128,512,137,496.578,836.771,497.407,0.0024
mixed,128,3,0.0234,4.0,64,4096,256,1024,274,605.827,1215.24,618.914,0.0215
mixed,128,3,0.0234,4.0,64,4096,512,2048,548,849.634,2544.78,866.401,0.0099
mixed,128,3,0.0234,4.0,64,4096,1024,4096,1096,1243.91,6578.14,1232.04,-0.0022
mixed,128,3,0.0234,4.0,64,4096,2048,8192,2192,2664.74,13454.1,2960.3,0.0274
mixed,128,3,0.0234,4.0,64,4096,4096,16384,4384,7027.61,31537.5,7864.35,0.0341
mixed,128,3,0.0234,4.0,64,8192,128,512,137,768.899,1122.28,778.37,0.0268
mixed,128,3,0.0234,4.0,64,8192,256,1024,274,883.235,1565.57,900.642,0.0255
mixed,128,3,0.0234,4.0,64,8192,512,2048,548,1137.77,2870.28,1155.01,0.01
mixed,128,3,0.0234,4.0,64,8192,1024,4096,1096,1586.53,6922.52,1586.18,-0.0001
mixed,128,3,0.0234,4.0,64,8192,2048,8192,2192,3033.74,13048,3043.56,0.001
mixed,128,3,0.0234,4.0,64,8192,4096,16384,4384,7340.83,31361.5,7991.58,0.0271
mixed,128,3,0.0234,4.0,128,0,128,512,137,287.521,650.689,295.105,0.0209
mixed,128,3,0.0234,4.0,128,0,256,1024,274,405.794,1109.54,432,0.0372
mixed,128,3,0.0234,4.0,128,0,512,2048,548,669.38,2405.45,745.283,0.0437
mixed,128,3,0.0234,4.0,128,0,1024,4096,1096,1138.37,6531,1313.48,0.0325
mixed,128,3,0.0234,4.0,128,0,2048,8192,2192,2638.82,12889.4,2910.92,0.0265
mixed,128,3,0.0234,4.0,128,0,4096,16384,4384,6964.47,31127.1,7781.44,0.0338
mixed,128,3,0.0234,4.0,128,512,128,512,137,303.652,662.465,293.473,-0.0284
mixed,128,3,0.0234,4.0,128,512,256,1024,274,399.426,1090.72,425.378,0.0375
mixed,128,3,0.0234,4.0,128,512,512,2048,548,666.979,2332.78,737.603,0.0424
mixed,128,3,0.0234,4.0,128,512,1024,4096,1096,1122.85,6545.37,1278.76,0.0288
mixed,128,3,0.0234,4.0,128,512,2048,8192,2192,2617.58,12914.1,2808.27,0.0185
mixed,128,3,0.0234,4.0,128,512,4096,16384,4384,6973.27,31162,7798.14,0.0341
mixed,128,3,0.0234,4.0,128,1024,128,512,137,325.92,660.355,329.41,0.0104
mixed,128,3,0.0234,4.0,128,1024,256,1024,274,429.538,1100.87,435.17,0.0084
mixed,128,3,0.0234,4.0,128,1024,512,2048,548,673.699,2327.08,745.123,0.0432
mixed,128,3,0.0234,4.0,128,1024,1024,4096,1096,1132.2,6543.86,1260.77,0.0238
mixed,128,3,0.0234,4.0,128,1024,2048,8192,2192,2603.47,12921.1,2943.37,0.0329
mixed,128,3,0.0234,4.0,128,1024,4096,16384,4384,6987.23,31480.3,7746.2,0.031
mixed,128,3,0.0234,4.0,128,2048,128,512,137,397.634,731.587,400.674,0.0091
mixed,128,3,0.0234,4.0,128,2048,256,1024,274,497.218,1117.06,520.417,0.0374
mixed,128,3,0.0234,4.0,128,2048,512,2048,548,743.745,2441.7,758.083,0.0084
mixed,128,3,0.0234,4.0,128,2048,1024,4096,1096,1149.92,6599.93,1258.09,0.0198
mixed,128,3,0.0234,4.0,128,2048,2048,8192,2192,2602.6,13350.8,2910.7,0.0287
mixed,128,3,0.0234,4.0,128,2048,4096,16384,4384,7065.08,30336.8,7956.57,0.0383
mixed,128,3,0.0234,4.0,128,4096,128,512,137,526.208,865.251,529.923,0.011
mixed,128,3,0.0234,4.0,128,4096,256,1024,274,642.882,1273.09,661.09,0.0289
mixed,128,3,0.0234,4.0,128,4096,512,2048,548,880.739,2552.36,904.739,0.0144
mixed,128,3,0.0234,4.0,128,4096,1024,4096,1096,1307.91,6792.76,1347.97,0.0073
mixed,128,3,0.0234,4.0,128,4096,2048,8192,2192,2724.65,14763.5,2963.47,0.0198
mixed,128,3,0.0234,4.0,128,4096,4096,16384,4384,7250.49,31870.4,8062.02,0.033
mixed,128,3,0.0234,4.0,128,8192,128,512,137,775.747,1126.66,777.508,0.005
mixed,128,3,0.0234,4.0,128,8192,256,1024,274,891.811,1520.13,908.163,0.026
mixed,128,3,0.0234,4.0,128,8192,512,2048,548,1134.79,2816.75,1172.71,0.0225
mixed,128,3,0.0234,4.0,128,8192,1024,4096,1096,1542.66,6868.89,1654.89,0.0211
mixed,128,3,0.0234,4.0,128,8192,2048,8192,2192,3041.77,13491.4,2917.8,-0.0119
mixed,128,3,0.0234,4.0,128,8192,4096,16384,4384,7294.46,32040.5,7984.28,0.0279
mixed,128,3,0.0234,4.0,256,0,128,512,137,304.193,664.674,312.834,0.024
mixed,128,3,0.0234,4.0,256,0,256,1024,274,419.49,1112.48,448.897,0.0424
mixed,128,3,0.0234,4.0,256,0,512,2048,548,681.026,2357.74,749.537,0.0409
mixed,128,3,0.0234,4.0,256,0,1024,4096,1096,1141.38,6540.19,1296.84,0.0288
mixed,128,3,0.0234,4.0,256,0,2048,8192,2192,2617.96,12894.5,2915.15,0.0289
mixed,128,3,0.0234,4.0,256,0,4096,16384,4384,6979.64,29426.9,7791.23,0.0362
mixed,128,3,0.0234,4.0,256,512,128,512,137,345.6,686.402,347.583,0.0058
mixed,128,3,0.0234,4.0,256,512,256,1024,274,448.323,1138.76,476.738,0.0412
mixed,128,3,0.0234,4.0,256,512,512,2048,548,711.584,2397.22,790.947,0.0471
mixed,128,3,0.0234,4.0,256,512,1024,4096,1096,1179.91,6545.98,1335.78,0.029
mixed,128,3,0.0234,4.0,256,512,2048,8192,2192,2601.07,12945.7,2993.03,0.0379
mixed,128,3,0.0234,4.0,256,512,4096,16384,4384,6991.8,31616.9,7790.33,0.0324
mixed,128,3,0.0234,4.0,256,1024,128,512,137,387.329,720.289,388.002,0.002
mixed,128,3,0.0234,4.0,256,1024,256,1024,274,495.106,1169.57,497.313,0.0033
mixed,128,3,0.0234,4.0,256,1024,512,2048,548,727.362,2445.32,813.762,0.0503
mixed,128,3,0.0234,4.0,256,1024,1024,4096,1096,1202.28,6552.73,1340.71,0.0259
mixed,128,3,0.0234,4.0,256,1024,2048,8192,2192,2611.56,12945.3,2913.8,0.0292
mixed,128,3,0.0234,4.0,256,1024,4096,16384,4384,6992.41,30521.5,7803.29,0.0345
mixed,128,3,0.0234,4.0,256,2048,128,512,137,449.602,787.779,449.538,-0.0002
mixed,128,3,0.0234,4.0,256,2048,256,1024,274,563.52,1176.93,571.618,0.0132
mixed,128,3,0.0234,4.0,256,2048,512,2048,548,801.891,2556.97,819.172,0.0098
mixed,128,3,0.0234,4.0,256,2048,1024,4096,1096,1199.72,6739.96,1443.88,0.0441
mixed,128,3,0.0234,4.0,256,2048,2048,8192,2192,2857.77,14308.5,2985.1,0.0111
mixed,128,3,0.0234,4.0,256,2048,4096,16384,4384,7526.29,31742.7,8937.12,0.0583
mixed,128,3,0.0234,4.0,256,4096,128,512,137,590.818,952.13,589.988,-0.0023
mixed,128,3,0.0234,4.0,256,4096,256,1024,274,711.842,1379.49,717.059,0.0078
mixed,128,3,0.0234,4.0,256,4096,512,2048,548,964.803,2517.96,976.357,0.0074
mixed,128,3,0.0234,4.0,256,4096,1024,4096,1096,1400.07,6786.05,1454.4,0.0101
mixed,128,3,0.0234,4.0,256,4096,2048,8192,2192,2827.24,15759.2,2787.24,-0.0031
mixed,128,3,0.0234,4.0,256,4096,4096,16384,4384,7255.8,32092,7910.91,0.0264
mixed,128,3,0.0234,4.0,256,8192,128,512,137,840.323,1277.64,880.322,0.0915
mixed,128,3,0.0234,4.0,256,8192,256,1024,274,1013.32,1752.65,1009.12,-0.0057
mixed,128,3,0.0234,4.0,256,8192,512,2048,548,1304.2,2718.35,1303.81,-0.0003
mixed,128,3,0.0234,4.0,256,8192,1024,4096,1096,1724.33,6921.98,1741.8,0.0034
mixed,128,3,0.0234,4.0,256,8192,2048,8192,2192,3025.39,13509.8,3030.09,0.0004
mixed,128,3,0.0234,4.0,256,8192,4096,16384,4384,7379.45,32252.2,7910.85,0.0214
mixed,128,3,0.0234,4.0,512,0,128,512,137,359.714,716.227,363.744,0.0113
mixed,128,3,0.0234,4.0,512,0,256,1024,274,474.403,1166.34,505.889,0.0455
mixed,128,3,0.0234,4.0,512,0,512,2048,548,731.426,2406.89,806.627,0.0449
mixed,128,3,0.0234,4.0,512,0,1024,4096,1096,1226.37,6559.7,1361.32,0.0253
mixed,128,3,0.0234,4.0,512,0,2048,8192,2192,2644.65,12900,2944.3,0.0292
mixed,128,3,0.0234,4.0,512,0,4096,16384,4384,6999.48,30261.8,7785.79,0.0338
mixed,128,3,0.0234,4.0,512,512,128,512,137,407.298,742.051,424.93,0.0527
mixed,128,3,0.0234,4.0,512,512,256,1024,274,524.545,1186.85,526.37,0.0028
mixed,128,3,0.0234,4.0,512,512,512,2048,548,756.292,2441.96,829.922,0.0437
mixed,128,3,0.0234,4.0,512,512,1024,4096,1096,1226.63,6562.97,1424.52,0.0371
mixed,128,3,0.0234,4.0,512,512,2048,8192,2192,2673.51,12936.1,2970.22,0.0289
mixed,128,3,0.0234,4.0,512,512,4096,16384,4384,7018.27,30787.5,7809.4,0.0333
mixed,128,3,0.0234,4.0,512,1024,128,512,137,458.017,788.707,456.674,-0.0041
mixed,128,3,0.0234,4.0,512,1024,256,1024,274,562.369,1217.77,567.585,0.008
mixed,128,3,0.0234,4.0,512,1024,512,2048,548,798.501,2458.95,852.643,0.0326
mixed,128,3,0.0234,4.0,512,1024,1024,4096,1096,1244.68,6572.73,1474.85,0.0432
mixed,128,3,0.0234,4.0,512,1024,2048,8192,2192,2799.21,12998.1,2976.43,0.0174
mixed,128,3,0.0234,4.0,512,1024,4096,16384,4384,7018.72,31630.2,7857.95,0.0341
mixed,128,3,0.0234,4.0,512,2048,128,512,137,568.095,890.465,549.699,-0.0571
mixed,128,3,0.0234,4.0,512,2048,256,1024,274,654.179,1334.4,662.018,0.0115
mixed,128,3,0.0234,4.0,512,2048,512,2048,548,896.163,2458.25,904.901,0.0056
mixed,128,3,0.0234,4.0,512,2048,1024,4096,1096,1354.4,7872.76,1474.24,0.0184
mixed,128,3,0.0234,4.0,512,2048,2048,8192,2192,2786.41,15631.9,2758.44,-0.0022
mixed,128,3,0.0234,4.0,512,2048,4096,16384,4384,8596.19,31740.6,9153.57,0.0241
mixed,128,3,0.0234,4.0,512,4096,128,512,137,724.419,1073.47,729.121,0.0135
mixed,128,3,0.0234,4.0,512,4096,256,1024,274,831.587,1515.53,840.003,0.0123
mixed,128,3,0.0234,4.0,512,4096,512,2048,548,1088.42,2430.92,1128.36,0.0297
mixed,128,3,0.0234,4.0,512,4096,1024,4096,1096,1589.86,6855.96,1587.68,-0.0004
mixed,128,3,0.0234,4.0,512,4096,2048,8192,2192,2734.51,16319.5,2991.28,0.0189
mixed,128,3,0.0234,4.0,512,4096,4096,16384,4384,7318.2,32508.2,7815.42,0.0197
mixed,128,3,0.0234,4.0,512,8192,128,512,137,1036.68,1417.35,1039.11,0.0064
mixed,128,3,0.0234,4.0,512,8192,256,1024,274,1177.77,1882.92,1183.11,0.0076
mixed,128,3,0.0234,4.0,512,8192,512,2048,548,1431.24,3004.01,1447.49,0.0103
mixed,128,3,0.0234,4.0,512,8192,1024,4096,1096,1905.77,6998.36,1962.31,0.0111
mixed,128,3,0.0234,4.0,512,8192,2048,8192,2192,3290.44,13609.6,3244.97,-0.0044
mixed,128,3,0.0234,4.0,512,8192,4096,16384,4384,7616.48,32606.1,8872.67,0.0503
mixed,128,3,0.0234,4.0,1024,0,128,512,137,514.53,845.028,518.275,0.0113
mixed,128,3,0.0234,4.0,1024,0,256,1024,274,608.609,1294.85,644.098,0.0517
mixed,128,3,0.0234,4.0,1024,0,512,2048,548,871.842,2518.31,916.771,0.0273
mixed,128,3,0.0234,4.0,1024,0,1024,4096,1096,1326.15,6604.73,1471.65,0.0276
mixed,128,3,0.0234,4.0,1024,0,2048,8192,2192,2734.47,12983.7,3028.53,0.0287
mixed,128,3,0.0234,4.0,1024,0,4096,16384,4384,7051.42,31509,7837.6,0.0321
mixed,128,3,0.0234,4.0,1024,512,128,512,137,611.396,931.3,612.16,0.0024
mixed,128,3,0.0234,4.0,1024,512,256,1024,274,689.473,1372.2,686.083,-0.005
mixed,128,3,0.0234,4.0,1024,512,512,2048,548,910.403,2540.62,958.435,0.0295
mixed,128,3,0.0234,4.0,1024,512,1024,4096,1096,1367.78,6608.76,1512.13,0.0275
mixed,128,3,0.0234,4.0,1024,512,2048,8192,2192,2833.83,13047.2,2901.35,0.0066
mixed,128,3,0.0234,4.0,1024,512,4096,16384,4384,7053.76,31072.3,7949.37,0.0373
mixed,128,3,0.0234,4.0,1024,1024,128,512,137,653.634,965.701,652.897,-0.0024
mixed,128,3,0.0234,4.0,1024,1024,256,1024,274,744.545,1400.36,752.771,0.0125
mixed,128,3,0.0234,4.0,1024,1024,512,2048,548,977.956,2440.17,994.63,0.0114
mixed,128,3,0.0234,4.0,1024,1024,1024,4096,1096,1475.84,6650.04,1600.42,0.0241
mixed,128,3,0.0234,4.0,1024,1024,2048,8192,2192,2857.96,13088,2905.07,0.0046
mixed,128,3,0.0234,4.0,1024,1024,4096,16384,4384,7091.9,31610.1,8010.55,0.0375
mixed,128,3,0.0234,4.0,1024,2048,128,512,137,780.035,1092.32,781.857,0.0058
mixed,128,3,0.0234,4.0,1024,2048,256,1024,274,874.851,1524.3,879.297,0.0068
mixed,128,3,0.0234,4.0,1024,2048,512,2048,548,1103.17,2512.27,1120.07,0.012
mixed,128,3,0.0234,4.0,1024,2048,1024,4096,1096,1545.29,8408.13,1627.72,0.012
mixed,128,3,0.0234,4.0,1024,2048,2048,8192,2192,2717.45,16442.1,3167.47,0.0328
mixed,128,3,0.0234,4.0,1024,2048,4096,16384,4384,9053.44,32468,9561.76,0.0217
mixed,128,3,0.0234,4.0,1024,4096,128,512,137,1052.04,1334.43,1028.42,-0.0836
mixed,128,3,0.0234,4.0,1024,4096,256,1024,274,1121.28,1816.33,1131.71,0.015
mixed,128,3,0.0234,4.0,1024,4096,512,2048,548,1353.7,2829.87,1363.97,0.007
mixed,128,3,0.0234,4.0,1024,4096,1024,4096,1096,1857.61,7088,1815.14,-0.0081
mixed,128,3,0.0234,4.0,1024,4096,2048,8192,2192,3161.74,16735.4,3356.81,0.0144
mixed,128,3,0.0234,4.0,1024,4096,4096,16384,4384,7642.3,33397.4,8782.62,0.0443
mixed,128,3,0.0234,4.0,1024,8192,128,512,137,1552.61,1888.61,1557.38,0.0142
mixed,128,3,0.0234,4.0,1024,8192,256,1024,274,1659.75,2263.18,1595.11,-0.1071
mixed,128,3,0.0234,4.0,1024,8192,512,2048,548,1824.23,3271.34,1848.55,0.0168
mixed,128,3,0.0234,4.0,1024,8192,1024,4096,1096,2293.86,8350.43,2315.01,0.0035
mixed,128,3,0.0234,4.0,1024,8192,2048,8192,2192,3677.9,14929.1,3617.26,-0.0054
mixed,128,3,0.0234,4.0,1024,8192,4096,16384,4384,8931.2,33293.6,9475.78,0.0224
mixed,128,3,0.0234,4.0,2048,0,128,512,137,898.947,1171.3,899.843,0.0033
mixed,128,3,0.0234,4.0,2048,0,256,1024,274,984.29,1609.06,984.324,0.0001
mixed,128,3,0.0234,4.0,2048,0,512,2048,548,1185.47,2646.83,1207.27,0.0149
mixed,128,3,0.0234,4.0,2048,0,1024,4096,1096,1636.96,6856.09,1766.5,0.0248
mixed,128,3,0.0234,4.0,2048,0,2048,8192,2192,3005.04,13534.6,3252.85,0.0235
mixed,128,3,0.0234,4.0,2048,0,4096,16384,4384,7502.75,31565.9,8590.72,0.0452
mixed,128,3,0.0234,4.0,2048,512,128,512,137,1004.77,1277.22,999.65,-0.0188
mixed,128,3,0.0234,4.0,2048,512,256,1024,274,1087.07,1712.87,1094.95,0.0126
mixed,128,3,0.0234,4.0,2048,512,512,2048,548,1286.57,2701.55,1300.93,0.0102
mixed,128,3,0.0234,4.0,2048,512,1024,4096,1096,1711.81,7796.23,1837.26,0.0206
mixed,128,3,0.0234,4.0,2048,512,2048,8192,2192,3042.83,14841.8,3301.32,0.0219
mixed,128,3,0.0234,4.0,2048,512,4096,16384,4384,8383.74,31796,9162.79,0.0333
mixed,128,3,0.0234,4.0,2048,1024,128,512,137,1106.05,1376.77,1106.63,0.0021
mixed,128,3,0.0234,4.0,2048,1024,256,1024,274,1185.15,1785.86,1199.08,0.0232
mixed,128,3,0.0234,4.0,2048,1024,512,2048,548,1390.34,2816.84,1404.64,0.01
mixed,128,3,0.0234,4.0,2048,1024,1024,4096,1096,1812.39,8280.45,1905.03,0.0143
mixed,128,3,0.0234,4.0,2048,1024,2048,8192,2192,3130.22,15970.7,3435.28,0.0238
mixed,128,3,0.0234,4.0,2048,1024,4096,16384,4384,8827.04,31965.6,9378.37,0.0238
mixed,128,3,0.0234,4.0,2048,2048,128,512,137,1312.48,1579.2,1312.96,0.0018
mixed,128,3,0.0234,4.0,2048,2048,256,1024,274,1398.09,2007.91,1402.08,0.0066
mixed,128,3,0.0234,4.0,2048,2048,512,2048,548,1589.83,2978.95,1609,0.0138
mixed,128,3,0.0234,4.0,2048,2048,1024,4096,1096,2087.01,8731.55,2063.49,-0.0035
mixed,128,3,0.0234,4.0,2048,2048,2048,8192,2192,3395.47,17105.2,3648.65,0.0185
mixed,128,3,0.0234,4.0,2048,2048,4096,16384,4384,9325.76,33868.9,9799.56,0.0193
mixed,128,3,0.0234,4.0,2048,4096,128,512,137,1710.57,1978.73,1713.67,0.0116
mixed,128,3,0.0234,4.0,2048,4096,256,1024,274,1800.93,2388.23,1809.38,0.0144
mixed,128,3,0.0234,4.0,2048,4096,512,2048,548,1987.97,3355.31,2008.55,0.015
mixed,128,3,0.0234,4.0,2048,4096,1024,4096,1096,2414.5,8231.1,2434.22,0.0034
mixed,128,3,0.0234,4.0,2048,4096,2048,8192,2192,3691.37,17155.7,3834.03,0.0106
mixed,128,3,0.0234,4.0,2048,4096,4096,16384,4384,8800.32,33972.9,9469.25,0.0266
mixed,128,3,0.0234,4.0,2048,8192,128,512,137,2494.99,2908.39,2494.47,-0.0012
mixed,128,3,0.0234,4.0,2048,8192,256,1024,274,2594.19,3167.82,2732.68,0.2414
mixed,128,3,0.0234,4.0,2048,8192,512,2048,548,2922.31,4100.81,2802.22,-0.1019
mixed,128,3,0.0234,4.0,2048,8192,1024,4096,1096,3187.92,8799.78,3225.83,0.0068
mixed,128,3,0.0234,4.0,2048,8192,2048,8192,2192,4356.3,16607.1,4342.83,-0.0011
mixed,128,3,0.0234,4.0,2048,8192,4096,16384,4384,9435.36,34044.2,9643.11,0.0084
pure,128,4,0.0312,4.0,0,0,128,512,140,120.607,374.499,128.511,0.0311
pure,128,4,0.0312,4.0,0,0,256,1024,280,202.146,677.283,238.657,0.0768
pure,128,4,0.0312,4.0,0,0,512,2048,560,400.542,1211.68,472.928,0.0892
pure,128,4,0.0312,4.0,0,0,1024,4096,1120,724.324,2285.58,875.618,0.0969
pure,128,4,0.0312,4.0,0,0,2048,8192,2240,1317.57,4392.05,1609.13,0.0948
pure,128,4,0.0312,4.0,0,0,4096,16384,4480,2477.67,8608.61,3099.72,0.1015
mixed,128,4,0.0312,4.0,16,0,128,512,140,272.609,634.754,272.416,-0.0005
mixed,128,4,0.0312,4.0,16,0,256,1024,280,393.378,1096.74,418.848,0.0362
mixed,128,4,0.0312,4.0,16,0,512,2048,560,640.931,2369.77,718.978,0.0451
mixed,128,4,0.0312,4.0,16,0,1024,4096,1120,1105.57,6513.34,1273.28,0.031
mixed,128,4,0.0312,4.0,16,0,2048,8192,2240,2754.19,12862.4,2949.74,0.0193
mixed,128,4,0.0312,4.0,16,0,4096,16384,4480,7105.11,29569.7,8168.8,0.0473
mixed,128,4,0.0312,4.0,16,512,128,512,140,275.136,633.795,273.346,-0.005
mixed,128,4,0.0312,4.0,16,512,256,1024,280,384.961,1073.12,411.553,0.0386
mixed,128,4,0.0312,4.0,16,512,512,2048,560,648.001,2333.83,725.507,0.046
mixed,128,4,0.0312,4.0,16,512,1024,4096,1120,1111.43,6516.5,1275.01,0.0303
mixed,128,4,0.0312,4.0,16,512,2048,8192,2240,2731.91,12889.7,2957.29,0.0222
mixed,128,4,0.0312,4.0,16,512,4096,16384,4480,7115.84,30199,8174.94,0.0459
mixed,128,4,0.0312,4.0,16,1024,128,512,140,305.441,637.218,305.697,0.0008
mixed,128,4,0.0312,4.0,16,1024,256,1024,280,413.089,1078.24,415.907,0.0042
mixed,128,4,0.0312,4.0,16,1024,512,2048,560,654.754,2331.97,728.323,0.0439
mixed,128,4,0.0312,4.0,16,1024,1024,4096,1120,1116.45,6519.35,1231.59,0.0213
mixed,128,4,0.0312,4.0,16,1024,2048,8192,2240,2707.95,12892.3,3019.28,0.0306
mixed,128,4,0.0312,4.0,16,1024,4096,16384,4480,7116.35,29912.3,8235.87,0.0491
mixed,128,4,0.0312,4.0,16,2048,128,512,140,384.769,723.459,385.409,0.0019
mixed,128,4,0.0312,4.0,16,2048,256,1024,280,494.978,1100.04,503.04,0.0133
mixed,128,4,0.0312,4.0,16,2048,512,2048,560,745.41,2468.2,756.768,0.0066
mixed,128,4,0.0312,4.0,16,2048,1024,4096,1120,1127.46,6559.67,1285.12,0.029
mixed,128,4,0.0312,4.0,16,2048,2048,8192,2240,2740.26,13138.7,3013.48,0.0263
mixed,128,4,0.0312,4.0,16,2048,4096,16384,4480,7189.91,30817.4,8235.07,0.0442
mixed,128,4,0.0312,4.0,16,4096,128,512,140,495.362,830.563,505.186,0.0293
mixed,128,4,0.0312,4.0,16,4096,256,1024,280,603.299,1214.82,624.195,0.0342
mixed,128,4,0.0312,4.0,16,4096,512,2048,560,853.664,2517.32,863.877,0.0061
mixed,128,4,0.0312,4.0,16,4096,1024,4096,1120,1248.71,6566.3,1355.2,0.02
mixed,128,4,0.0312,4.0,16,4096,2048,8192,2240,2783.11,13897.9,3133.07,0.0315
mixed,128,4,0.0312,4.0,16,4096,4096,16384,4480,7190.17,31491.9,8158.17,0.0398
mixed,128,4,0.0312,4.0,16,8192,128,512,140,771.296,1125.67,780.291,0.0254
mixed,128,4,0.0312,4.0,16,8192,256,1024,280,885.508,1556.13,873.155,-0.0184
mixed,128,4,0.0312,4.0,16,8192,512,2048,560,1139.91,2896.78,1155.49,0.0089
mixed,128,4,0.0312,4.0,16,8192,1024,4096,1120,1590.37,6911.32,1629.16,0.0073
mixed,128,4,0.0312,4.0,16,8192,2048,8192,2240,3077.07,13065.1,3103.18,0.0026
mixed,128,4,0.0312,4.0,16,8192,4096,16384,4480,7458.43,31429,8179.93,0.0301
mixed,128,4,0.0312,4.0,32,0,128,512,140,272.289,634.561,282.69,0.0287
mixed,128,4,0.0312,4.0,32,0,256,1024,280,394.304,1097.54,420.128,0.0367
mixed,128,4,0.0312,4.0,32,0,512,2048,560,653.603,2388.43,718.243,0.0373
mixed,128,4,0.0312,4.0,32,0,1024,4096,1120,1106.76,6507.1,1239.88,0.0247
mixed,128,4,0.0312,4.0,32,0,2048,8192,2240,2726.38,12894.4,2949.42,0.0219
mixed,128,4,0.0312,4.0,32,0,4096,16384,4480,7108.54,31021.1,8183.64,0.045
mixed,128,4,0.0312,4.0,32,512,128,512,140,274.306,632.194,275.136,0.0023
mixed,128,4,0.0312,4.0,32,512,256,1024,280,385.825,1073.7,411.329,0.0371
mixed,128,4,0.0312,4.0,32,512,512,2048,560,647.042,2348.46,721.475,0.0437
mixed,128,4,0.0312,4.0,32,512,1024,4096,1120,1111.65,6522.71,1235.94,0.023
mixed,128,4,0.0312,4.0,32,512,2048,8192,2240,2747.11,12921.2,2917.93,0.0168
mixed,128,4,0.0312,4.0,32,512,4096,16384,4480,7115.29,28840.9,8166.43,0.0484
mixed,128,4,0.0312,4.0,32,1024,128,512,140,305.665,638.945,307.2,0.0046
mixed,128,4,0.0312,4.0,32,1024,256,1024,280,413.633,1079.56,415.746,0.0032
mixed,128,4,0.0312,4.0,32,1024,512,2048,560,653.571,2318.6,727.811,0.0446
mixed,128,4,0.0312,4.0,32,1024,1024,4096,1120,1117.38,6524.22,1229.35,0.0207
mixed,128,4,0.0312,4.0,32,1024,2048,8192,2240,2743.75,12943.1,3046.15,0.0296
mixed,128,4,0.0312,4.0,32,1024,4096,16384,4480,7124.28,30920.3,8221.63,0.0461
mixed,128,4,0.0312,4.0,32,2048,128,512,140,385.92,721.315,382.946,-0.0089
mixed,128,4,0.0312,4.0,32,2048,256,1024,280,490.338,1114.12,498.723,0.0134
mixed,128,4,0.0312,4.0,32,2048,512,2048,560,741.987,2479.14,758.081,0.0093
mixed,128,4,0.0312,4.0,32,2048,1024,4096,1120,1149.8,6551.16,1282.34,0.0245
mixed,128,4,0.0312,4.0,32,2048,2048,8192,2240,2743.27,13129,3012.59,0.0259
mixed,128,4,0.0312,4.0,32,2048,4096,16384,4480,7216.09,30624,8276.96,0.0453
mixed,128,4,0.0312,4.0,32,4096,128,512,140,494.627,839.138,505.121,0.0305
mixed,128,4,0.0312,4.0,32,4096,256,1024,280,605.985,1215.36,626.243,0.0332
mixed,128,4,0.0312,4.0,32,4096,512,2048,560,855.841,2530.34,865.796,0.0059
mixed,128,4,0.0312,4.0,32,4096,1024,4096,1120,1252.13,6569.85,1314.05,0.0116
mixed,128,4,0.0312,4.0,32,4096,2048,8192,2240,2816.36,13559.7,3019.21,0.0189
mixed,128,4,0.0312,4.0,32,4096,4096,16384,4480,7172.77,31461.2,8180.89,0.0415
mixed,128,4,0.0312,4.0,32,8192,128,512,140,771.843,1127.75,785.155,0.0374
mixed,128,4,0.0312,4.0,32,8192,256,1024,280,883.428,1544.61,906.788,0.0353
mixed,128,4,0.0312,4.0,32,8192,512,2048,560,1137.61,2892.39,1156.96,0.011
mixed,128,4,0.0312,4.0,32,8192,1024,4096,1120,1594.89,6880.44,1636.39,0.0079
mixed,128,4,0.0312,4.0,32,8192,2048,8192,2240,3099.24,13038.4,3202.12,0.0104
mixed,128,4,0.0312,4.0,32,8192,4096,16384,4480,7499.84,31820.8,8168.09,0.0275
mixed,128,4,0.0312,4.0,64,0,128,512,140,271.871,637.155,283.523,0.0319
mixed,128,4,0.0312,4.0,64,0,256,1024,280,394.114,1090.05,420.258,0.0376
mixed,128,4,0.0312,4.0,64,0,512,2048,560,656.706,2413.8,739.971,0.0474
mixed,128,4,0.0312,4.0,64,0,1024,4096,1120,1139.04,6514.97,1277.12,0.0257
mixed,128,4,0.0312,4.0,64,0,2048,8192,2240,2805.03,12883.7,3009.19,0.0203
mixed,128,4,0.0312,4.0,64,0,4096,16384,4480,7115.52,30651.7,8167.17,0.0447
mixed,128,4,0.0312,4.0,64,512,128,512,140,276.386,634.373,275.136,-0.0035
mixed,128,4,0.0312,4.0,64,512,256,1024,280,385.411,1075.08,412.929,0.0399
mixed,128,4,0.0312,4.0,64,512,512,2048,560,650.5,2391.94,744.834,0.0542
mixed,128,4,0.0312,4.0,64,512,1024,4096,1120,1140.36,6533.31,1279.56,0.0258
mixed,128,4,0.0312,4.0,64,512,2048,8192,2240,2760.65,12948.5,2946.38,0.0182
mixed,128,4,0.0312,4.0,64,512,4096,16384,4480,7125.02,31181.3,8235.01,0.0461
mixed,128,4,0.0312,4.0,64,1024,128,512,140,320.833,657.378,320.929,0.0003
mixed,128,4,0.0312,4.0,64,1024,256,1024,280,430.562,1107.78,433.603,0.0045
mixed,128,4,0.0312,4.0,64,1024,512,2048,560,673.538,2387.46,751.682,0.0456
mixed,128,4,0.0312,4.0,64,1024,1024,4096,1120,1146.88,6526.97,1270.63,0.023
mixed,128,4,0.0312,4.0,64,1024,2048,8192,2240,2746.06,12919.2,3079.79,0.0328
mixed,128,4,0.0312,4.0,64,1024,4096,16384,4480,7125.98,31089.4,8207.97,0.0452
mixed,128,4,0.0312,4.0,64,2048,128,512,140,383.299,729.217,386.019,0.0079
mixed,128,4,0.0312,4.0,64,2048,256,1024,280,498.915,1118.02,507.393,0.0137
mixed,128,4,0.0312,4.0,64,2048,512,2048,560,747.171,2476.42,763.331,0.0093
mixed,128,4,0.0312,4.0,64,2048,1024,4096,1120,1150.76,6558.74,1287.49,0.0253
mixed,128,4,0.0312,4.0,64,2048,2048,8192,2240,2747.05,13058.2,3006.06,0.0251
mixed,128,4,0.0312,4.0,64,2048,4096,16384,4480,7196.6,31514.3,8238.33,0.0428
mixed,128,4,0.0312,4.0,64,4096,128,512,140,516.514,872.132,526.722,0.0287
mixed,128,4,0.0312,4.0,64,4096,256,1024,280,626.818,1255.36,653.122,0.0418
mixed,128,4,0.0312,4.0,64,4096,512,2048,560,880.835,2541.67,898.915,0.0109
mixed,128,4,0.0312,4.0,64,4096,1024,4096,1120,1286.98,6591.51,1359.08,0.0136
mixed,128,4,0.0312,4.0,64,4096,2048,8192,2240,2911.59,13530.4,3100.88,0.0178
mixed,128,4,0.0312,4.0,64,4096,4096,16384,4480,7194.46,31122.3,8183.58,0.0413
mixed,128,4,0.0312,4.0,64,8192,128,512,140,775.044,1131.43,782.211,0.0201
mixed,128,4,0.0312,4.0,64,8192,256,1024,280,880.833,1558.98,908.1,0.0402
mixed,128,4,0.0312,4.0,64,8192,512,2048,560,1147.43,2860.39,1162.82,0.009
mixed,128,4,0.0312,4.0,64,8192,1024,4096,1120,1593.28,6924.51,1637.73,0.0083
mixed,128,4,0.0312,4.0,64,8192,2048,8192,2240,3106.38,13050.3,3158.7,0.0053
mixed,128,4,0.0312,4.0,64,8192,4096,16384,4480,7469.47,31369.9,8138.24,0.028
mixed,128,4,0.0312,4.0,128,0,128,512,140,285.602,652.001,299.747,0.0386
mixed,128,4,0.0312,4.0,128,0,256,1024,280,401.473,1115.05,438.402,0.0518
mixed,128,4,0.0312,4.0,128,0,512,2048,560,675.3,2381.93,752.324,0.0451
mixed,128,4,0.0312,4.0,128,0,1024,4096,1120,1153.67,6525.5,1294.6,0.0262
mixed,128,4,0.0312,4.0,128,0,2048,8192,2240,2765.77,12900,3060.68,0.0291
mixed,128,4,0.0312,4.0,128,0,4096,16384,4480,7121.27,29813.3,8218.3,0.0483
mixed,128,4,0.0312,4.0,128,512,128,512,140,303.524,669.666,304.545,0.0028
mixed,128,4,0.0312,4.0,128,512,256,1024,280,414.529,1119.17,448.417,0.0481
mixed,128,4,0.0312,4.0,128,512,512,2048,560,684.386,2403.43,764.995,0.0469
mixed,128,4,0.0312,4.0,128,512,1024,4096,1120,1159.94,6539.93,1293.41,0.0248
mixed,128,4,0.0312,4.0,128,512,2048,8192,2240,2738.57,12944.6,2975.08,0.0232
mixed,128,4,0.0312,4.0,128,512,4096,16384,4480,7133.47,31418,8227.84,0.0451
mixed,128,4,0.0312,4.0,128,1024,128,512,140,339.777,679.139,344.385,0.0136
mixed,128,4,0.0312,4.0,128,1024,256,1024,280,444.739,1128.42,458.626,0.0203
mixed,128,4,0.0312,4.0,128,1024,512,2048,560,695.426,2391.91,775.523,0.0472
mixed,128,4,0.0312,4.0,128,1024,1024,4096,1120,1168.26,6551.54,1307.17,0.0258
mixed,128,4,0.0312,4.0,128,1024,2048,8192,2240,2740.01,12925.6,3000.62,0.0256
mixed,128,4,0.0312,4.0,128,1024,4096,16384,4480,7137.31,31328.1,8260.03,0.0464
mixed,128,4,0.0312,4.0,128,2048,128,512,140,414.051,750.02,419.617,0.0166
mixed,128,4,0.0312,4.0,128,2048,256,1024,280,516.449,1148,547.202,0.0487
mixed,128,4,0.0312,4.0,128,2048,512,2048,560,767.14,2474.38,792.002,0.0146
mixed,128,4,0.0312,4.0,128,2048,1024,4096,1120,1183.88,6619.07,1388.71,0.0377
mixed,128,4,0.0312,4.0,128,2048,2048,8192,2240,2792.39,13351.7,3046.83,0.0241
mixed,128,4,0.0312,4.0,128,2048,4096,16384,4480,7293.31,31042.6,8419.33,0.0474
mixed,128,4,0.0312,4.0,128,4096,128,512,140,547.202,890.818,552.258,0.0147
mixed,128,4,0.0312,4.0,128,4096,256,1024,280,668.643,1299.85,680.481,0.0188
mixed,128,4,0.0312,4.0,128,4096,512,2048,560,909.348,2609.29,953.443,0.0259
mixed,128,4,0.0312,4.0,128,4096,1024,4096,1120,1343.59,6802.43,1434.44,0.0166
mixed,128,4,0.0312,4.0,128,4096,2048,8192,2240,3014.8,14524.3,3076.75,0.0054
mixed,128,4,0.0312,4.0,128,4096,4096,16384,4480,7427.81,31401.3,8122.65,0.029
mixed,128,4,0.0312,4.0,128,8192,128,512,140,806.5,1165.64,802.434,-0.0113
mixed,128,4,0.0312,4.0,128,8192,256,1024,280,924.964,1566.47,951.651,0.0416
mixed,128,4,0.0312,4.0,128,8192,512,2048,560,1177.83,2873.07,1231.2,0.0315
mixed,128,4,0.0312,4.0,128,8192,1024,4096,1120,1601.44,6871.99,1740.81,0.0264
mixed,128,4,0.0312,4.0,128,8192,2048,8192,2240,3278.38,13506.9,3030,-0.0243
mixed,128,4,0.0312,4.0,128,8192,4096,16384,4480,7466.1,31462,8053.53,0.0245
mixed,128,4,0.0312,4.0,256,0,128,512,140,316.256,681.665,327.202,0.03
mixed,128,4,0.0312,4.0,256,0,256,1024,280,436.131,1140.64,467.201,0.0441
mixed,128,4,0.0312,4.0,256,0,512,2048,560,700.706,2409.93,781.026,0.047
mixed,128,4,0.0312,4.0,256,0,1024,4096,1120,1180.77,6537.59,1333.03,0.0284
mixed,128,4,0.0312,4.0,256,0,2048,8192,2240,2741.61,12909.7,3061.07,0.0314
mixed,128,4,0.0312,4.0,256,0,4096,16384,4480,7131.68,30542.9,8198.59,0.0456
mixed,128,4,0.0312,4.0,256,512,128,512,140,332.384,679.107,335.043,0.0077
mixed,128,4,0.0312,4.0,256,512,256,1024,280,435.394,1126.57,485.727,0.0728
mixed,128,4,0.0312,4.0,256,512,512,2048,560,717.731,2415.27,807.523,0.0529
mixed,128,4,0.0312,4.0,256,512,1024,4096,1120,1191.27,6546.17,1359.43,0.0314
mixed,128,4,0.0312,4.0,256,512,2048,8192,2240,2726.92,12924.3,3110.09,0.0376
mixed,128,4,0.0312,4.0,256,512,4096,16384,4480,7139.51,30602.5,8235.27,0.0467
mixed,128,4,0.0312,4.0,256,1024,128,512,140,383.778,720.643,391.331,0.0224
mixed,128,4,0.0312,4.0,256,1024,256,1024,280,499.394,1172.26,512.929,0.0201
mixed,128,4,0.0312,4.0,256,1024,512,2048,560,742.592,2448.55,824.419,0.048
mixed,128,4,0.0312,4.0,256,1024,1024,4096,1120,1210.85,6551.67,1412.29,0.0377
mixed,128,4,0.0312,4.0,256,1024,2048,8192,2240,2822.44,12947.2,3061.71,0.0236
mixed,128,4,0.0312,4.0,256,1024,4096,16384,4480,7146.52,30958,8259.81,0.0468
mixed,128,4,0.0312,4.0,256,2048,128,512,140,447.651,788.482,451.105,0.0101
mixed,128,4,0.0312,4.0,256,2048,256,1024,280,565.281,1180.04,573.826,0.0139
mixed,128,4,0.0312,4.0,256,2048,512,2048,560,808.867,2551.91,830.019,0.0121
mixed,128,4,0.0312,4.0,256,2048,1024,4096,1120,1213.8,6859.45,1422.6,0.037
mixed,128,4,0.0312,4.0,256,2048,2048,8192,2240,2910.67,13894.5,2861.99,-0.0044
mixed,128,4,0.0312,4.0,256,2048,4096,16384,4480,7702.01,30658.1,8740.38,0.0452
mixed,128,4,0.0312,4.0,256,4096,128,512,140,591.522,955.65,594.18,0.0073
mixed,128,4,0.0312,4.0,256,4096,256,1024,280,739.012,1391.69,745.763,0.0103
mixed,128,4,0.0312,4.0,256,4096,512,2048,560,1004.48,2569.58,999.875,-0.0029
mixed,128,4,0.0312,4.0,256,4096,1024,4096,1120,1445.35,6813.59,1504.61,0.011
mixed,128,4,0.0312,4.0,256,4096,2048,8192,2240,2995.47,15745.8,2897.84,-0.0077
mixed,128,4,0.0312,4.0,256,4096,4096,16384,4480,7427.42,32032.2,7959.04,0.0216
mixed,128,4,0.0312,4.0,256,8192,128,512,140,875.299,1286.63,881.475,0.015
mixed,128,4,0.0312,4.0,256,8192,256,1024,280,1007.52,1758.86,1013.92,0.0085
mixed,128,4,0.0312,4.0,256,8192,512,2048,560,1306.98,2728.84,1310.98,0.0028
mixed,128,4,0.0312,4.0,256,8192,1024,4096,1120,1793.35,6903.48,1807.14,0.0027
mixed,128,4,0.0312,4.0,256,8192,2048,8192,2240,3226.03,13516.3,3145.87,-0.0078
mixed,128,4,0.0312,4.0,256,8192,4096,16384,4480,7527.71,32226.3,8288.87,0.0308
mixed,128,4,0.0312,4.0,512,0,128,512,140,372.416,724.483,378.496,0.0173
mixed,128,4,0.0312,4.0,512,0,256,1024,280,493.986,1174.69,515.361,0.0314
mixed,128,4,0.0312,4.0,512,0,512,2048,560,759.489,2391.88,836.996,0.0475
mixed,128,4,0.0312,4.0,512,0,1024,4096,1120,1237.73,6564.02,1416.07,0.0335
mixed,128,4,0.0312,4.0,512,0,2048,8192,2240,2766.22,12951,3033.13,0.0262
mixed,128,4,0.0312,4.0,512,0,4096,16384,4480,7149.88,30944.3,8212.64,0.0447
mixed,128,4,0.0312,4.0,512,512,128,512,140,407.458,741.635,411.266,0.0114
mixed,128,4,0.0312,4.0,512,512,256,1024,280,515.234,1221.8,551.971,0.052
mixed,128,4,0.0312,4.0,512,512,512,2048,560,784.385,2403.08,867.234,0.0512
mixed,128,4,0.0312,4.0,512,512,1024,4096,1120,1256.29,6572.47,1447.81,0.036
mixed,128,4,0.0312,4.0,512,512,2048,8192,2240,2757.13,12933.5,3079.76,0.0317
mixed,128,4,0.0312,4.0,512,512,4096,16384,4480,7166.2,30832.1,8255.9,0.046
mixed,128,4,0.0312,4.0,512,1024,128,512,140,456.481,786.372,459.362,0.0087
mixed,128,4,0.0312,4.0,512,1024,256,1024,280,564.578,1217.8,572.962,0.0128
mixed,128,4,0.0312,4.0,512,1024,512,2048,560,805.442,2519.82,858.468,0.0309
mixed,128,4,0.0312,4.0,512,1024,1024,4096,1120,1257.38,6575.51,1447.62,0.0358
mixed,128,4,0.0312,4.0,512,1024,2048,8192,2240,2841.55,12960.6,2965.77,0.0123
mixed,128,4,0.0312,4.0,512,1024,4096,16384,4480,7168.22,31625.5,8348.87,0.0483
mixed,128,4,0.0312,4.0,512,2048,128,512,140,550.433,888.803,552.13,0.005
mixed,128,4,0.0312,4.0,512,2048,256,1024,280,656.544,1337.12,665.123,0.0126
mixed,128,4,0.0312,4.0,512,2048,512,2048,560,905.603,2452.58,909.796,0.0027
mixed,128,4,0.0312,4.0,512,2048,1024,4096,1120,1359.91,7958.91,1519.02,0.0241
mixed,128,4,0.0312,4.0,512,2048,2048,8192,2240,2939.47,15724.2,2928.94,-0.0008
mixed,128,4,0.0312,4.0,512,2048,4096,16384,4480,8740.77,31557.9,9375.43,0.0278
mixed,128,4,0.0312,4.0,512,4096,128,512,140,747.971,1108.83,757.54,0.0265
mixed,128,4,0.0312,4.0,512,4096,256,1024,280,867.491,1569.48,877.794,0.0147
mixed,128,4,0.0312,4.0,512,4096,512,2048,560,1135.43,2452.11,1142.66,0.0055
mixed,128,4,0.0312,4.0,512,4096,1024,4096,1120,1543.62,6851.8,1549.13,0.001
mixed,128,4,0.0312,4.0,512,4096,2048,8192,2240,2827.21,16333.3,3170.22,0.0254
mixed,128,4,0.0312,4.0,512,4096,4096,16384,4480,7482.3,32578,8233.47,0.0299
mixed,128,4,0.0312,4.0,512,8192,128,512,140,1036.39,1418.5,1041.25,0.0127
mixed,128,4,0.0312,4.0,512,8192,256,1024,280,1178.88,1881.7,1237.25,0.083
mixed,128,4,0.0312,4.0,512,8192,512,2048,560,1492.74,3001.39,1453.89,-0.0258
mixed,128,4,0.0312,4.0,512,8192,1024,4096,1120,1908.55,7019.23,1992.26,0.0164
mixed,128,4,0.0312,4.0,512,8192,2048,8192,2240,3526.8,13681.8,3437.04,-0.0088
mixed,128,4,0.0312,4.0,512,8192,4096,16384,4480,8082.17,32617.2,8983.87,0.0368
mixed,128,4,0.0312,4.0,1024,0,128,512,140,516.708,875.043,541.603,0.0695
mixed,128,4,0.0312,4.0,1024,0,256,1024,280,636.322,1339.14,651.746,0.0219
mixed,128,4,0.0312,4.0,1024,0,512,2048,560,892.451,2587.59,962.498,0.0413
mixed,128,4,0.0312,4.0,1024,0,1024,4096,1120,1377.29,6606.59,1490.57,0.0217
mixed,128,4,0.0312,4.0,1024,0,2048,8192,2240,2818.86,12995.7,3077.9,0.0255
mixed,128,4,0.0312,4.0,1024,0,4096,16384,4480,7203.58,31249,8294.88,0.0454
mixed,128,4,0.0312,4.0,1024,512,128,512,140,585.859,898.372,588.578,0.0087
mixed,128,4,0.0312,4.0,1024,512,256,1024,280,680.962,1343.65,717.698,0.0554
mixed,128,4,0.0312,4.0,1024,512,512,2048,560,946.693,2588.26,980.26,0.0204
mixed,128,4,0.0312,4.0,1024,512,1024,4096,1120,1379.53,6607.26,1528.23,0.0284
mixed,128,4,0.0312,4.0,1024,512,2048,8192,2240,2888.01,13051.3,2934.64,0.0046
mixed,128,4,0.0312,4.0,1024,512,4096,16384,4480,7209.37,30287.4,8376.42,0.0506
mixed,128,4,0.0312,4.0,1024,1024,128,512,140,652.739,964.579,655.458,0.0087
mixed,128,4,0.0312,4.0,1024,1024,256,1024,280,747.873,1441.89,789.154,0.0595
mixed,128,4,0.0312,4.0,1024,1024,512,2048,560,1015.24,2473.77,1040.45,0.0173
mixed,128,4,0.0312,4.0,1024,1024,1024,4096,1120,1444.23,6663.42,1631.14,0.0358
mixed,128,4,0.0312,4.0,1024,1024,2048,8192,2240,3001.07,13385,3001.67,0.0001
mixed,128,4,0.0312,4.0,1024,1024,4096,16384,4480,7253.69,31132.5,8851.36,0.0669
mixed,128,4,0.0312,4.0,1024,2048,128,512,140,778.179,1090.37,818.403,0.1288
mixed,128,4,0.0312,4.0,1024,2048,256,1024,280,913.699,1574.02,924.706,0.0167
mixed,128,4,0.0312,4.0,1024,2048,512,2048,560,1150.91,2512.3,1125.92,-0.0184
mixed,128,4,0.0312,4.0,1024,2048,1024,4096,1120,1556.1,8399.52,1642.02,0.0126
mixed,128,4,0.0312,4.0,1024,2048,2048,8192,2240,2803.21,16169.8,3356.75,0.0414
mixed,128,4,0.0312,4.0,1024,2048,4096,16384,4480,9201.16,32651.4,9770.11,0.0243
mixed,128,4,0.0312,4.0,1024,4096,128,512,140,1063.91,1386.43,1071.17,0.0225
mixed,128,4,0.0312,4.0,1024,4096,256,1024,280,1170.95,1763.01,1136.42,-0.0583
mixed,128,4,0.0312,4.0,1024,4096,512,2048,560,1403.11,2830.22,1425.13,0.0154
mixed,128,4,0.0312,4.0,1024,4096,1024,4096,1120,1866.09,7099.64,1903.37,0.0071
mixed,128,4,0.0312,4.0,1024,4096,2048,8192,2240,3418.67,16743.3,3487.15,0.0051
mixed,128,4,0.0312,4.0,1024,4096,4096,16384,4480,7913.54,33362.2,9069.44,0.0454
mixed,128,4,0.0312,4.0,1024,8192,128,512,140,1494.53,1812.04,1494.98,0.0014
mixed,128,4,0.0312,4.0,1024,8192,256,1024,280,1587.49,2269.67,1601.44,0.0205
mixed,128,4,0.0312,4.0,1024,8192,512,2048,560,1825.73,3275.82,1930.15,0.072
mixed,128,4,0.0312,4.0,1024,8192,1024,4096,1120,2389.06,8311.87,2415.85,0.0045
mixed,128,4,0.0312,4.0,1024,8192,2048,8192,2240,3949.14,14757.7,3826.51,-0.0113
mixed,128,4,0.0312,4.0,1024,8192,4096,16384,4480,9104.96,33260.8,9728.99,0.0258
mixed,128,4,0.0312,4.0,2048,0,128,512,140,914.177,1214.37,900.611,-0.0452
mixed,128,4,0.0312,4.0,2048,0,256,1024,280,983.683,1614.28,992.228,0.0136
mixed,128,4,0.0312,4.0,2048,0,512,2048,560,1189.96,2639.11,1265.41,0.0521
mixed,128,4,0.0312,4.0,2048,0,1024,4096,1120,1647.56,6968.92,1851.14,0.0383
mixed,128,4,0.0312,4.0,2048,0,2048,8192,2240,3192.97,13607.7,3381.64,0.0181
mixed,128,4,0.0312,4.0,2048,0,4096,16384,4480,7507.32,31568.3,9093.38,0.0659
mixed,128,4,0.0312,4.0,2048,512,128,512,140,1005.57,1326.82,1005.03,-0.0017
mixed,128,4,0.0312,4.0,2048,512,256,1024,280,1091.81,1687.33,1147.88,0.0941
mixed,128,4,0.0312,4.0,2048,512,512,2048,560,1291.81,2711.88,1313.8,0.0155
mixed,128,4,0.0312,4.0,2048,512,1024,4096,1120,1723.49,7813.66,1854.44,0.0215
mixed,128,4,0.0312,4.0,2048,512,2048,8192,2240,3157.74,15147,3427.38,0.0225
mixed,128,4,0.0312,4.0,2048,512,4096,16384,4480,8373.63,31451.8,9421.47,0.0454
mixed,128,4,0.0312,4.0,2048,1024,128,512,140,1109.51,1379.43,1112.9,0.0126
mixed,128,4,0.0312,4.0,2048,1024,256,1024,280,1198.47,1783.85,1204.87,0.0109
mixed,128,4,0.0312,4.0,2048,1024,512,2048,560,1398.69,2905.86,1413.38,0.0097
mixed,128,4,0.0312,4.0,2048,1024,1024,4096,1120,1824.17,8274.43,1931.3,0.0166
mixed,128,4,0.0312,4.0,2048,1024,2048,8192,2240,3202.38,15964.4,3576.88,0.0293
mixed,128,4,0.0312,4.0,2048,1024,4096,16384,4480,8986.98,31885.7,9532.87,0.0238
mixed,128,4,0.0312,4.0,2048,2048,128,512,140,1310.92,1577.29,1319.52,0.0323
mixed,128,4,0.0312,4.0,2048,2048,256,1024,280,1400.96,2001.67,1470.12,0.1151
mixed,128,4,0.0312,4.0,2048,2048,512,2048,560,1665.29,2986.6,1683.59,0.0139
mixed,128,4,0.0312,4.0,2048,2048,1024,4096,1120,2034.57,8719.17,2086.57,0.0078
mixed,128,4,0.0312,4.0,2048,2048,2048,8192,2240,3629.58,17120.4,3780.53,0.0112
mixed,128,4,0.0312,4.0,2048,2048,4096,16384,4480,9528.32,33897.5,9970.88,0.0182
mixed,128,4,0.0312,4.0,2048,4096,128,512,140,1709.03,2066.25,1761.16,0.1459
mixed,128,4,0.0312,4.0,2048,4096,256,1024,280,1881.7,2485.83,1811.27,-0.1166
mixed,128,4,0.0312,4.0,2048,4096,512,2048,560,1992.2,3358.83,2007.4,0.0111
mixed,128,4,0.0312,4.0,2048,4096,1024,4096,1120,2526.44,8194.3,2455.91,-0.0124
mixed,128,4,0.0312,4.0,2048,4096,2048,8192,2240,3934.64,17151.4,4027.47,0.007
mixed,128,4,0.0312,4.0,2048,4096,4096,16384,4480,9003.46,33999.7,9658.44,0.0262
mixed,128,4,0.0312,4.0,2048,8192,128,512,140,2616.11,2818.89,2504.36,-0.5511
mixed,128,4,0.0312,4.0,2048,8192,256,1024,280,2590.15,3168.94,2740.97,0.2606
mixed,128,4,0.0312,4.0,2048,8192,512,2048,560,2917.45,4091.28,2807.28,-0.0939
mixed,128,4,0.0312,4.0,2048,8192,1024,4096,1120,3194.44,8761.66,3242,0.0085
mixed,128,4,0.0312,4.0,2048,8192,2048,8192,2240,4585.97,16715.1,4508.37,-0.0064
mixed,128,4,0.0312,4.0,2048,8192,4096,16384,4480,9646.69,34070,10119.4,0.0194
pure,128,8,0.0625,4.0,0,0,128,512,152,122.08,372.865,132.354,0.041
pure,128,8,0.0625,4.0,0,0,256,1024,304,216.576,675.075,248.416,0.0694
pure,128,8,0.0625,4.0,0,0,512,2048,608,435.362,1207.27,487.203,0.0672
pure,128,8,0.0625,4.0,0,0,1024,4096,1216,768.705,2285.8,889.253,0.0795
pure,128,8,0.0625,4.0,0,0,2048,8192,2432,1421.35,4384.69,1644.97,0.0755
pure,128,8,0.0625,4.0,0,0,4096,16384,4864,2682.92,8586.85,3179.28,0.0841
mixed,128,8,0.0625,4.0,16,0,128,512,152,262.943,621.282,282.083,0.0534
mixed,128,8,0.0625,4.0,16,0,256,1024,304,385.889,1068.42,441.698,0.0818
mixed,128,8,0.0625,4.0,16,0,512,2048,608,664.162,2431.14,789.155,0.0707
mixed,128,8,0.0625,4.0,16,0,1024,4096,1216,1233.57,6518.77,1449.25,0.0408
mixed,128,8,0.0625,4.0,16,0,2048,8192,2432,3291.24,12909.9,3415.6,0.0129
mixed,128,8,0.0625,4.0,16,0,4096,16384,4864,7703.04,30605.3,9020.51,0.0575
mixed,128,8,0.0625,4.0,16,512,128,512,152,287.265,645.795,300.033,0.0356
mixed,128,8,0.0625,4.0,16,512,256,1024,304,403.328,1094.69,465.6,0.0901
mixed,128,8,0.0625,4.0,16,512,512,2048,608,683.78,2334.79,787.684,0.0629
mixed,128,8,0.0625,4.0,16,512,1024,4096,1216,1205.19,6518.84,1410.24,0.0386
mixed,128,8,0.0625,4.0,16,512,2048,8192,2432,3259.53,12904,3323.95,0.0067
mixed,128,8,0.0625,4.0,16,512,4096,16384,4864,7704.57,31030.5,9198.88,0.0641
mixed,128,8,0.0625,4.0,16,1024,128,512,152,307.648,636.419,323.712,0.0489
mixed,128,8,0.0625,4.0,16,1024,256,1024,304,420.801,1077.7,455.459,0.0528
mixed,128,8,0.0625,4.0,16,1024,512,2048,608,675.171,2349.42,796.068,0.0722
mixed,128,8,0.0625,4.0,16,1024,1024,4096,1216,1208.32,6522.65,1430.92,0.0419
mixed,128,8,0.0625,4.0,16,1024,2048,8192,2432,3247.98,12894.8,3312.52,0.0067
mixed,128,8,0.0625,4.0,16,1024,4096,16384,4864,7715.07,30734.5,9247.27,0.0666
mixed,128,8,0.0625,4.0,16,2048,128,512,152,369.889,701.379,391.105,0.064
mixed,128,8,0.0625,4.0,16,2048,256,1024,304,484.065,1080.99,523.905,0.0667
mixed,128,8,0.0625,4.0,16,2048,512,2048,608,733.123,2407.4,796.643,0.0379
mixed,128,8,0.0625,4.0,16,2048,1024,4096,1216,1219.33,6551.93,1429.86,0.0395
mixed,128,8,0.0625,4.0,16,2048,2048,8192,2432,3263.56,12984.9,3392.27,0.0132
mixed,128,8,0.0625,4.0,16,2048,4096,16384,4864,7779.39,30443.4,9613.95,0.0809
mixed,128,8,0.0625,4.0,16,4096,128,512,152,497.186,836.804,516.704,0.0575
mixed,128,8,0.0625,4.0,16,4096,256,1024,304,613.826,1213.57,655.553,0.0696
mixed,128,8,0.0625,4.0,16,4096,512,2048,608,878.467,2524.65,928.291,0.0303
mixed,128,8,0.0625,4.0,16,4096,1024,4096,1216,1330.05,6571.8,1434.43,0.0199
mixed,128,8,0.0625,4.0,16,4096,2048,8192,2432,3338.03,13565.6,3405.03,0.0066
mixed,128,8,0.0625,4.0,16,4096,4096,16384,4864,7761.28,31557.9,9280,0.0638
mixed,128,8,0.0625,4.0,16,8192,128,512,152,744.516,1087.97,761.826,0.0504
mixed,128,8,0.0625,4.0,16,8192,256,1024,304,860.993,1513.8,902.051,0.0629
mixed,128,8,0.0625,4.0,16,8192,512,2048,608,1128.84,2795.05,1182.15,0.032
mixed,128,8,0.0625,4.0,16,8192,1024,4096,1216,1626.57,6891.26,1678.69,0.0099
mixed,128,8,0.0625,4.0,16,8192,2048,8192,2432,3578.6,13061.4,3560.84,-0.0019
mixed,128,8,0.0625,4.0,16,8192,4096,16384,4864,8077.25,31374,9366.6,0.0553
mixed,128,8,0.0625,4.0,32,0,128,512,152,273.025,634.402,291.392,0.0508
mixed,128,8,0.0625,4.0,32,0,256,1024,304,399.297,1097.92,458.851,0.0852
mixed,128,8,0.0625,4.0,32,0,512,2048,608,677.474,2391.85,789.665,0.0654
mixed,128,8,0.0625,4.0,32,0,1024,4096,1216,1235.43,6512.95,1446.34,0.04
mixed,128,8,0.0625,4.0,32,0,2048,8192,2432,3262.44,12885.6,3350.44,0.0091
mixed,128,8,0.0625,4.0,32,0,4096,16384,4864,7708.57,30917.2,9088.45,0.0595
mixed,128,8,0.0625,4.0,32,512,128,512,152,279.616,644.641,300.512,0.0572
mixed,128,8,0.0625,4.0,32,512,256,1024,304,404.417,1100.77,464.226,0.0859
mixed,128,8,0.0625,4.0,32,512,512,2048,608,684.994,2409.06,814.05,0.0749
mixed,128,8,0.0625,4.0,32,512,1024,4096,1216,1225.22,6528.15,1415.11,0.0358
mixed,128,8,0.0625,4.0,32,512,2048,8192,2432,3299.82,12888.6,3237.1,-0.0065
mixed,128,8,0.0625,4.0,32,512,4096,16384,4864,7710.56,30869.3,8957.54,0.0538
mixed,128,8,0.0625,4.0,32,1024,128,512,152,319.264,653.217,334.465,0.0455
mixed,128,8,0.0625,4.0,32,1024,256,1024,304,436.579,1096.58,470.722,0.0517
mixed,128,8,0.0625,4.0,32,1024,512,2048,608,690.243,2421.51,819.589,0.0747
mixed,128,8,0.0625,4.0,32,1024,1024,4096,1216,1243.62,6532.89,1466.85,0.0422
mixed,128,8,0.0625,4.0,32,1024,2048,8192,2432,3291.63,12941.5,3360.91,0.0072
mixed,128,8,0.0625,4.0,32,1024,4096,16384,4864,7712.16,30113,9236.07,0.068
mixed,128,8,0.0625,4.0,32,2048,128,512,152,372.994,704.578,389.313,0.0492
mixed,128,8,0.0625,4.0,32,2048,256,1024,304,487.521,1084.48,523.362,0.06
mixed,128,8,0.0625,4.0,32,2048,512,2048,608,734.595,2416.71,795.618,0.0363
mixed,128,8,0.0625,4.0,32,2048,1024,4096,1216,1220.74,6547.16,1433.7,0.04
mixed,128,8,0.0625,4.0,32,2048,2048,8192,2432,3266.67,13102.7,3405.39,0.0141
mixed,128,8,0.0625,4.0,32,2048,4096,16384,4864,7797.35,31443.9,9576.52,0.0752
mixed,128,8,0.0625,4.0,32,4096,128,512,152,510.69,849.381,531.746,0.0622
mixed,128,8,0.0625,4.0,32,4096,256,1024,304,635.523,1252.74,678.755,0.07
mixed,128,8,0.0625,4.0,32,4096,512,2048,608,904.707,2574.63,953.571,0.0293
mixed,128,8,0.0625,4.0,32,4096,1024,4096,1216,1384.71,6566.36,1469.83,0.0164
mixed,128,8,0.0625,4.0,32,4096,2048,8192,2432,3355.82,13463.9,3460.75,0.0104
mixed,128,8,0.0625,4.0,32,4096,4096,16384,4864,7772.86,31703.6,9322.15,0.0647
mixed,128,8,0.0625,4.0,32,8192,128,512,152,744.515,1089.45,763.204,0.0542
mixed,128,8,0.0625,4.0,32,8192,256,1024,304,859.875,1515.05,905.889,0.0702
mixed,128,8,0.0625,4.0,32,8192,512,2048,608,1131.37,2794.92,1184.48,0.0319
mixed,128,8,0.0625,4.0,32,8192,1024,4096,1216,1630.89,6876.37,1668.29,0.0071
mixed,128,8,0.0625,4.0,32,8192,2048,8192,2432,3587.6,13040.5,3520.08,-0.0071
mixed,128,8,0.0625,4.0,32,8192,4096,16384,4864,8071.2,31586.1,9281.31,0.0515
mixed,128,8,0.0625,4.0,64,0,128,512,152,274.881,637.218,291.361,0.0455
mixed,128,8,0.0625,4.0,64,0,256,1024,304,399.904,1098.28,459.202,0.0849
mixed,128,8,0.0625,4.0,64,0,512,2048,608,676.322,2408.87,796.033,0.0691
mixed,128,8,0.0625,4.0,64,0,1024,4096,1216,1205.19,6515.03,1412.23,0.039
mixed,128,8,0.0625,4.0,64,0,2048,8192,2432,3248.3,12871.3,3348.04,0.0104
mixed,128,8,0.0625,4.0,64,0,4096,16384,4864,7694.72,30172.6,9140.61,0.0643
mixed,128,8,0.0625,4.0,64,512,128,512,152,278.337,633.765,289.696,0.032
mixed,128,8,0.0625,4.0,64,512,256,1024,304,393.122,1074.85,450.881,0.0847
mixed,128,8,0.0625,4.0,64,512,512,2048,608,672.993,2333.1,790.018,0.0705
mixed,128,8,0.0625,4.0,64,512,1024,4096,1216,1210.34,6539.86,1413.99,0.0382
mixed,128,8,0.0625,4.0,64,512,2048,8192,2432,3306.73,12894.8,3403.21,0.0101
mixed,128,8,0.0625,4.0,64,512,4096,16384,4864,7721.85,30396.5,9185.22,0.0645
mixed,128,8,0.0625,4.0,64,1024,128,512,152,309.439,641.667,322.881,0.0405
mixed,128,8,0.0625,4.0,64,1024,256,1024,304,422.978,1081.6,456.513,0.0509
mixed,128,8,0.0625,4.0,64,1024,512,2048,608,677.986,2317.13,823.459,0.0887
mixed,128,8,0.0625,4.0,64,1024,1024,4096,1216,1246.63,6529.97,1471.11,0.0425
mixed,128,8,0.0625,4.0,64,1024,2048,8192,2432,3278.7,12913.5,3414.51,0.0141
mixed,128,8,0.0625,4.0,64,1024,4096,16384,4864,7721.5,30732.1,9131.2,0.0613
mixed,128,8,0.0625,4.0,64,2048,128,512,152,372.451,708.611,390.976,0.0551
mixed,128,8,0.0625,4.0,64,2048,256,1024,304,487.586,1085.79,522.145,0.0578
mixed,128,8,0.0625,4.0,64,2048,512,2048,608,736.674,2429.22,806.658,0.0413
mixed,128,8,0.0625,4.0,64,2048,1024,4096,1216,1223.2,6549.75,1436.55,0.0401
mixed,128,8,0.0625,4.0,64,2048,2048,8192,2432,3278.83,13192.6,3396.68,0.0119
mixed,128,8,0.0625,4.0,64,2048,4096,16384,4864,7794.65,30650.4,9545.13,0.0766
mixed,128,8,0.0625,4.0,64,4096,128,512,152,498.369,844.323,517.411,0.055
mixed,128,8,0.0625,4.0,64,4096,256,1024,304,615.714,1215.56,659.14,0.0724
mixed,128,8,0.0625,4.0,64,4096,512,2048,608,879.522,2514.79,936.835,0.035
mixed,128,8,0.0625,4.0,64,4096,1024,4096,1216,1341.7,6582.94,1435.91,0.018
mixed,128,8,0.0625,4.0,64,4096,2048,8192,2432,3291.47,13527,3469.74,0.0174
mixed,128,8,0.0625,4.0,64,4096,4096,16384,4864,7775.36,31598.3,8997.86,0.0513
mixed,128,8,0.0625,4.0,64,8192,128,512,152,745.41,1092.23,765.412,0.0577
mixed,128,8,0.0625,4.0,64,8192,256,1024,304,861.379,1520.68,903.108,0.0633
mixed,128,8,0.0625,4.0,64,8192,512,2048,608,1135.14,2786.06,1189.89,0.0332
mixed,128,8,0.0625,4.0,64,8192,1024,4096,1216,1634.92,6894.81,1682.31,0.009
mixed,128,8,0.0625,4.0,64,8192,2048,8192,2432,3660.88,13043.4,3572.78,-0.0094
mixed,128,8,0.0625,4.0,64,8192,4096,16384,4864,8073.89,31482.7,9350.5,0.0545
mixed,128,8,0.0625,4.0,128,0,128,512,152,278.72,636.002,296.864,0.0508
mixed,128,8,0.0625,4.0,128,0,256,1024,304,402.465,1086.95,456.001,0.0782
mixed,128,8,0.0625,4.0,128,0,512,2048,608,682.083,2354.31,779.011,0.058
mixed,128,8,0.0625,4.0,128,0,1024,4096,1216,1225.64,6522.81,1417.51,0.0362
mixed,128,8,0.0625,4.0,128,0,2048,8192,2432,3242.22,12883.5,3455.02,0.0221
mixed,128,8,0.0625,4.0,128,0,4096,16384,4864,7717.47,31548.2,8974.75,0.0528
mixed,128,8,0.0625,4.0,128,512,128,512,152,292.672,651.235,306.433,0.0384
mixed,128,8,0.0625,4.0,128,512,256,1024,304,409.12,1092.13,465.377,0.0824
mixed,128,8,0.0625,4.0,128,512,512,2048,608,692.291,2327.53,798.051,0.0647
mixed,128,8,0.0625,4.0,128,512,1024,4096,1216,1231.08,6545.08,1428.23,0.0371
mixed,128,8,0.0625,4.0,128,512,2048,8192,2432,3308.33,12897.5,3369.01,0.0063
mixed,128,8,0.0625,4.0,128,512,4096,16384,4864,7730.88,31489.5,9280.58,0.0652
mixed,128,8,0.0625,4.0,128,1024,128,512,152,328.386,660.387,341.826,0.0405
mixed,128,8,0.0625,4.0,128,1024,256,1024,304,438.786,1103.05,474.242,0.0534
mixed,128,8,0.0625,4.0,128,1024,512,2048,608,699.971,2356.97,804.034,0.0628
mixed,128,8,0.0625,4.0,128,1024,1024,4096,1216,1237.86,6536.44,1481.57,0.046
mixed,128,8,0.0625,4.0,128,1024,2048,8192,2432,3262.99,12911.1,3432.27,0.0175
mixed,128,8,0.0625,4.0,128,1024,4096,16384,4864,7732.67,30797.2,9253.09,0.0659
mixed,128,8,0.0625,4.0,128,2048,128,512,152,399.679,729.283,409.921,0.0311
mixed,128,8,0.0625,4.0,128,2048,256,1024,304,506.688,1117.64,546.212,0.0647
mixed,128,8,0.0625,4.0,128,2048,512,2048,608,772.515,2436.81,818.881,0.0279
mixed,128,8,0.0625,4.0,128,2048,1024,4096,1216,1249.48,6644.7,1444.33,0.0361
mixed,128,8,0.0625,4.0,128,2048,2048,8192,2432,3290.16,13273.4,3428.24,0.0138
mixed,128,8,0.0625,4.0,128,2048,4096,16384,4864,7884.31,31413,9695.75,0.077
mixed,128,8,0.0625,4.0,128,4096,128,512,152,551.17,891.075,565.795,0.043
mixed,128,8,0.0625,4.0,128,4096,256,1024,304,674.69,1294.02,704.354,0.0479
mixed,128,8,0.0625,4.0,128,4096,512,2048,608,928.675,2604.62,986.02,0.0342
mixed,128,8,0.0625,4.0,128,4096,1024,4096,1216,1436.74,6809.44,1453.51,0.0031
mixed,128,8,0.0625,4.0,128,4096,2048,8192,2432,3327.24,14829.8,3503.12,0.0153
mixed,128,8,0.0625,4.0,128,4096,4096,16384,4864,8037.6,31435.8,9350.4,0.0561
mixed,128,8,0.0625,4.0,128,8192,128,512,152,776.131,1125.54,788.355,0.035
mixed,128,8,0.0625,4.0,128,8192,256,1024,304,899.939,1512.49,932.164,0.0526
mixed,128,8,0.0625,4.0,128,8192,512,2048,608,1164.96,2814.7,1215.01,0.0303
mixed,128,8,0.0625,4.0,128,8192,1024,4096,1216,1635.33,6874.14,1717.89,0.0158
mixed,128,8,0.0625,4.0,128,8192,2048,8192,2432,3576.59,13523.3,3606.7,0.003
mixed,128,8,0.0625,4.0,128,8192,4096,16384,4864,8095.55,32088.2,9506.4,0.0588
mixed,128,8,0.0625,4.0,256,0,128,512,152,306.786,664.643,324.48,0.0494
mixed,128,8,0.0625,4.0,256,0,256,1024,304,429.664,1110.82,478.785,0.0721
mixed,128,8,0.0625,4.0,256,0,512,2048,608,707.01,2354.22,803.268,0.0584
mixed,128,8,0.0625,4.0,256,0,1024,4096,1216,1250.57,6534.75,1431.17,0.0342
mixed,128,8,0.0625,4.0,256,0,2048,8192,2432,3253.32,12931.8,3358.8,0.0109
mixed,128,8,0.0625,4.0,256,0,4096,16384,4864,7736.1,30501.2,9383.62,0.0724
mixed,128,8,0.0625,4.0,256,512,128,512,152,345.054,690.562,346.945,0.0055
mixed,128,8,0.0625,4.0,256,512,256,1024,304,449.41,1153.47,512.129,0.0891
mixed,128,8,0.0625,4.0,256,512,512,2048,608,739.587,2428.33,848.514,0.0645
mixed,128,8,0.0625,4.0,256,512,1024,4096,1216,1291.33,6541.27,1486.98,0.0373
mixed,128,8,0.0625,4.0,256,512,2048,8192,2432,3275.28,12918,3328.14,0.0055
mixed,128,8,0.0625,4.0,256,512,4096,16384,4864,7731.45,30292.4,9106.47,0.0609
mixed,128,8,0.0625,4.0,256,1024,128,512,152,374.209,702.05,382.209,0.0244
mixed,128,8,0.0625,4.0,256,1024,256,1024,304,487.138,1141.73,511.811,0.0377
mixed,128,8,0.0625,4.0,256,1024,512,2048,608,748.738,2415.59,832.962,0.0505
mixed,128,8,0.0625,4.0,256,1024,1024,4096,1216,1275.68,6546.9,1464.04,0.0357
mixed,128,8,0.0625,4.0,256,1024,2048,8192,2432,3293.84,12916.1,3392.3,0.0102
mixed,128,8,0.0625,4.0,256,1024,4096,16384,4864,7741.79,30891.4,9185.99,0.0624
mixed,128,8,0.0625,4.0,256,2048,128,512,152,470.69,791.138,459.554,-0.0348
mixed,128,8,0.0625,4.0,256,2048,256,1024,304,573.538,1175.01,590.563,0.0283
mixed,128,8,0.0625,4.0,256,2048,512,2048,608,830.115,2551.11,856.259,0.0152
mixed,128,8,0.0625,4.0,256,2048,1024,4096,1216,1299.56,6709.81,1475.53,0.0325
mixed,128,8,0.0625,4.0,256,2048,2048,8192,2432,3276.78,14378.8,3410.92,0.0121
mixed,128,8,0.0625,4.0,256,2048,4096,16384,4864,8346.97,31148.9,9913.13,0.0687
mixed,128,8,0.0625,4.0,256,4096,128,512,152,594.048,955.139,602.467,0.0233
mixed,128,8,0.0625,4.0,256,4096,256,1024,304,722.626,1377.57,741.185,0.0283
mixed,128,8,0.0625,4.0,256,4096,512,2048,608,992.131,2529.55,1004.48,0.008
mixed,128,8,0.0625,4.0,256,4096,1024,4096,1216,1459.11,6789.43,1497.6,0.0072
mixed,128,8,0.0625,4.0,256,4096,2048,8192,2432,3404.59,15750.1,3628.84,0.0182
mixed,128,8,0.0625,4.0,256,4096,4096,16384,4864,8056.19,31985.6,9464.52,0.0589
mixed,128,8,0.0625,4.0,256,8192,128,512,152,868.098,1279.81,889.668,0.0524
mixed,128,8,0.0625,4.0,256,8192,256,1024,304,1021.8,1760.23,1046.4,0.0333
mixed,128,8,0.0625,4.0,256,8192,512,2048,608,1326.24,2724.97,1346.5,0.0145
mixed,128,8,0.0625,4.0,256,8192,1024,4096,1216,1844.87,6905.24,1790.7,-0.0107
mixed,128,8,0.0625,4.0,256,8192,2048,8192,2432,3752.01,13560.5,3841.9,0.0092
mixed,128,8,0.0625,4.0,256,8192,4096,16384,4864,8327.78,32079.9,9704.07,0.0579
mixed,128,8,0.0625,4.0,512,0,128,512,152,361.824,716.45,392.192,0.0856
mixed,128,8,0.0625,4.0,512,0,256,1024,304,503.522,1197.51,529.409,0.0373
mixed,128,8,0.0625,4.0,512,0,512,2048,608,758.657,2375.05,845.026,0.0534
mixed,128,8,0.0625,4.0,512,0,1024,4096,1216,1303.94,6555.13,1468.01,0.0312
mixed,128,8,0.0625,4.0,512,0,2048,8192,2432,3313.77,12909.4,3379.41,0.0068
mixed,128,8,0.0625,4.0,512,0,4096,16384,4864,7743.96,31490.4,9088.06,0.0566
mixed,128,8,0.0625,4.0,512,512,128,512,152,409.953,741.569,419.202,0.0279
mixed,128,8,0.0625,4.0,512,512,256,1024,304,523.042,1188.52,550.275,0.0409
mixed,128,8,0.0625,4.0,512,512,512,2048,608,784.771,2384.81,868.42,0.0523
mixed,128,8,0.0625,4.0,512,512,1024,4096,1216,1325.54,6569.34,1479.53,0.0294
mixed,128,8,0.0625,4.0,512,512,2048,8192,2432,3324.84,12957.6,3394.96,0.0073
mixed,128,8,0.0625,4.0,512,512,4096,16384,4864,7751.71,31033.2,9143.26,0.0598
mixed,128,8,0.0625,4.0,512,1024,128,512,152,457.828,787.233,466.176,0.0253
mixed,128,8,0.0625,4.0,512,1024,256,1024,304,573.09,1217.8,612.418,0.061
mixed,128,8,0.0625,4.0,512,1024,512,2048,608,852.099,2529.77,884.801,0.0195
mixed,128,8,0.0625,4.0,512,1024,1024,4096,1216,1352.68,6583.42,1508.13,0.0297
mixed,128,8,0.0625,4.0,512,1024,2048,8192,2432,3303.21,12962.7,3271.69,-0.0033
mixed,128,8,0.0625,4.0,512,1024,4096,16384,4864,7778.11,30773,9618.92,0.0801
mixed,128,8,0.0625,4.0,512,2048,128,512,152,551.298,890.788,559.522,0.0242
mixed,128,8,0.0625,4.0,512,2048,256,1024,304,665.794,1335.65,715.364,0.074
mixed,128,8,0.0625,4.0,512,2048,512,2048,608,956.803,2510.6,971.363,0.0094
mixed,128,8,0.0625,4.0,512,2048,1024,4096,1216,1502.37,7969.63,1579.78,0.012
mixed,128,8,0.0625,4.0,512,2048,2048,8192,2432,3588.2,15796.2,3520.49,-0.0055
mixed,128,8,0.0625,4.0,512,2048,4096,16384,4864,9186.34,31843,9895.94,0.0313
mixed,128,8,0.0625,4.0,512,4096,128,512,152,722.177,1072.99,738.339,0.0461
mixed,128,8,0.0625,4.0,512,4096,256,1024,304,843.812,1521.77,898.178,0.0802
mixed,128,8,0.0625,4.0,512,4096,512,2048,608,1154.15,2492.84,1165.28,0.0083
mixed,128,8,0.0625,4.0,512,4096,1024,4096,1216,1663.02,6853.27,1610.47,-0.0101
mixed,128,8,0.0625,4.0,512,4096,2048,8192,2432,3555.18,16340,3811.34,0.02
mixed,128,8,0.0625,4.0,512,4096,4096,16384,4864,8195.97,32543.6,9892.65,0.0697
mixed,128,8,0.0625,4.0,512,8192,128,512,152,1039.55,1416.81,1056.39,0.0446
mixed,128,8,0.0625,4.0,512,8192,256,1024,304,1191.36,1947.82,1262.43,0.094
mixed,128,8,0.0625,4.0,512,8192,512,2048,608,1498.34,3004.14,1477.51,-0.0138
mixed,128,8,0.0625,4.0,512,8192,1024,4096,1216,2009.57,7028.44,2071.3,0.0123
mixed,128,8,0.0625,4.0,512,8192,2048,8192,2432,4105.07,13667.2,4181.23,0.008
mixed,128,8,0.0625,4.0,512,8192,4096,16384,4864,8571.9,32634.9,10170.5,0.0664
mixed,128,8,0.0625,4.0,1024,0,128,512,152,518.432,845.637,527.33,0.0272
mixed,128,8,0.0625,4.0,1024,0,256,1024,304,620.002,1298.82,647.266,0.0402
mixed,128,8,0.0625,4.0,1024,0,512,2048,608,887.364,2528.91,962.243,0.0456
mixed,128,8,0.0625,4.0,1024,0,1024,4096,1216,1440.97,6603,1561.19,0.0233
mixed,128,8,0.0625,4.0,1024,0,2048,8192,2432,3384.24,12953.5,3396.05,0.0012
mixed,128,8,0.0625,4.0,1024,0,4096,16384,4864,7790.46,31425.3,9340.19,0.0656
mixed,128,8,0.0625,4.0,1024,512,128,512,152,586.722,897.923,597.541,0.0348
mixed,128,8,0.0625,4.0,1024,512,256,1024,304,691.297,1345.41,710.883,0.0299
mixed,128,8,0.0625,4.0,1024,512,512,2048,608,935.842,2538.38,1001.25,0.0408
mixed,128,8,0.0625,4.0,1024,512,1024,4096,1216,1485.51,6604.82,1598.15,0.022
mixed,128,8,0.0625,4.0,1024,512,2048,8192,2432,3409.9,13030.5,3390.61,-0.002
mixed,128,8,0.0625,4.0,1024,512,4096,16384,4864,7806.4,30116.7,9546.53,0.078
mixed,128,8,0.0625,4.0,1024,1024,128,512,152,658.21,1002.18,663.074,0.0141
mixed,128,8,0.0625,4.0,1024,1024,256,1024,304,755.65,1398.47,775.843,0.0314
mixed,128,8,0.0625,4.0,1024,1024,512,2048,608,1004.61,2422.63,1040.87,0.0256
mixed,128,8,0.0625,4.0,1024,1024,1024,4096,1216,1545.29,6644.89,1641,0.0188
mixed,128,8,0.0625,4.0,1024,1024,2048,8192,2432,3393.03,13121.6,3657.64,0.0272
mixed,128,8,0.0625,4.0,1024,1024,4096,16384,4864,7930.59,31162.3,9967.84,0.0877
mixed,128,8,0.0625,4.0,1024,2048,128,512,152,783.171,1093.54,791.33,0.0263
mixed,128,8,0.0625,4.0,1024,2048,256,1024,304,883.779,1521.48,908.355,0.0385
mixed,128,8,0.0625,4.0,1024,2048,512,2048,608,1129.7,2506.47,1198.63,0.0501
mixed,128,8,0.0625,4.0,1024,2048,1024,4096,1216,1684.97,8361.76,1715.65,0.0046
mixed,128,8,0.0625,4.0,1024,2048,2048,8192,2432,3458.83,16194.3,3766.61,0.0242
mixed,128,8,0.0625,4.0,1024,2048,4096,16384,4864,9875.75,32529.7,10380,0.0223
mixed,128,8,0.0625,4.0,1024,4096,128,512,152,1026.34,1393.12,1081.15,0.1495
mixed,128,8,0.0625,4.0,1024,4096,256,1024,304,1183.17,1829.67,1153.99,-0.0451
mixed,128,8,0.0625,4.0,1024,4096,512,2048,608,1373.19,2837.8,1402.95,0.0203
mixed,128,8,0.0625,4.0,1024,4096,1024,4096,1216,1887.78,7090.98,1901.74,0.0027
mixed,128,8,0.0625,4.0,1024,4096,2048,8192,2432,3620.59,16739.7,4512.05,0.068
mixed,128,8,0.0625,4.0,1024,4096,4096,16384,4864,9638.15,33348.4,10197.8,0.0236
mixed,128,8,0.0625,4.0,1024,8192,128,512,152,1493.48,1809.99,1501.41,0.0251
mixed,128,8,0.0625,4.0,1024,8192,256,1024,304,1599.02,2271.69,1632.55,0.0499
mixed,128,8,0.0625,4.0,1024,8192,512,2048,608,1932.46,3321.58,1968.16,0.0257
mixed,128,8,0.0625,4.0,1024,8192,1024,4096,1216,2499.75,8347.14,2433.22,-0.0114
mixed,128,8,0.0625,4.0,1024,8192,2048,8192,2432,4863.67,14688.4,4548.62,-0.0321
mixed,128,8,0.0625,4.0,1024,8192,4096,16384,4864,10112.2,33297.3,10521,0.0176
mixed,128,8,0.0625,4.0,2048,0,128,512,152,895.14,1171.94,908.066,0.0467
mixed,128,8,0.0625,4.0,2048,0,256,1024,304,984.675,1607.24,1010.27,0.0411
mixed,128,8,0.0625,4.0,2048,0,512,2048,608,1207.68,2648.55,1255.75,0.0334
mixed,128,8,0.0625,4.0,2048,0,1024,4096,1216,1753.51,6913.15,1857.41,0.0201
mixed,128,8,0.0625,4.0,2048,0,2048,8192,2432,3677.97,13777.6,4080.3,0.0398
mixed,128,8,0.0625,4.0,2048,0,4096,16384,4864,8107.04,31296.5,10094,0.0857
mixed,128,8,0.0625,4.0,2048,512,128,512,152,1003.08,1274.82,1009.79,0.0247
mixed,128,8,0.0625,4.0,2048,512,256,1024,304,1095.71,1686.37,1116.35,0.0349
mixed,128,8,0.0625,4.0,2048,512,512,2048,608,1309.54,2704.2,1345.38,0.0257
mixed,128,8,0.0625,4.0,2048,512,1024,4096,1216,1825.96,7884.13,1934.95,0.018
mixed,128,8,0.0625,4.0,2048,512,2048,8192,2432,3935.05,14848.7,3949.55,0.0013
mixed,128,8,0.0625,4.0,2048,512,4096,16384,4864,8958.59,31864.1,10134.4,0.0513
mixed,128,8,0.0625,4.0,2048,1024,128,512,152,1106.6,1373.95,1119.91,0.0498
mixed,128,8,0.0625,4.0,2048,1024,256,1024,304,1197.28,1787.11,1223.49,0.0444
mixed,128,8,0.0625,4.0,2048,1024,512,2048,608,1413.06,2822.6,1449.73,0.026
mixed,128,8,0.0625,4.0,2048,1024,1024,4096,1216,1911.56,8272.41,2002.44,0.0143
mixed,128,8,0.0625,4.0,2048,1024,2048,8192,2432,3766.57,16013.7,4351.31,0.0477
mixed,128,8,0.0625,4.0,2048,1024,4096,16384,4864,9750.59,31986.6,10210.4,0.0207
mixed,128,8,0.0625,4.0,2048,2048,128,512,152,1308.16,1579.17,1324.61,0.0607
mixed,128,8,0.0625,4.0,2048,2048,256,1024,304,1404.1,2006.47,1428.61,0.0407
mixed,128,8,0.0625,4.0,2048,2048,512,2048,608,1607.2,2984.14,1721.03,0.0827
mixed,128,8,0.0625,4.0,2048,2048,1024,4096,1216,2129.03,8727.04,2159.3,0.0046
mixed,128,8,0.0625,4.0,2048,2048,2048,8192,2432,4288.3,17101.3,4597.68,0.0241
mixed,128,8,0.0625,4.0,2048,2048,4096,16384,4864,10305.8,33889.6,10729,0.0179
mixed,128,8,0.0625,4.0,2048,4096,128,512,152,1712.9,1972.36,1723.43,0.0406
mixed,128,8,0.0625,4.0,2048,4096,256,1024,304,1806.89,2465.74,1831.24,0.037
mixed,128,8,0.0625,4.0,2048,4096,512,2048,608,2003.82,3357.8,2049.38,0.0337
mixed,128,8,0.0625,4.0,2048,4096,1024,4096,1216,2522.51,8064.19,2515.66,-0.0012
mixed,128,8,0.0625,4.0,2048,4096,2048,8192,2432,4646.83,17141,4809.07,0.013
mixed,128,8,0.0625,4.0,2048,4096,4096,16384,4864,10063.9,33974.7,10577,0.0215
mixed,128,8,0.0625,4.0,2048,8192,128,512,152,2493.84,2775.43,2506.47,0.0449
mixed,128,8,0.0625,4.0,2048,8192,256,1024,304,2600.39,3193.1,2615.69,0.0258
mixed,128,8,0.0625,4.0,2048,8192,512,2048,608,2796.11,4096.46,2848.91,0.0406
mixed,128,8,0.0625,4.0,2048,8192,1024,4096,1216,3282.64,8757.69,3306.22,0.0043
mixed,128,8,0.0625,4.0,2048,8192,2048,8192,2432,5271.35,16562.8,5060.56,-0.0187
mixed,128,8,0.0625,4.0,2048,8192,4096,16384,4864,10449.2,34034.1,10864.6,0.0176
pure,128,16,0.125,4.0,0,0,128,512,176,131.328,373.215,144.094,0.0528
pure,128,16,0.125,4.0,0,0,256,1024,352,253.312,677.986,272.226,0.0445
pure,128,16,0.125,4.0,0,0,512,2048,704,495.971,1211.33,529.922,0.0475
pure,128,16,0.125,4.0,0,0,1024,4096,1408,875.875,2280.07,937.316,0.0438
pure,128,16,0.125,4.0,0,0,2048,8192,2816,1616.68,4384.02,1766.05,0.054
pure,128,16,0.125,4.0,0,0,4096,16384,5632,3066.47,8596.67,3363.79,0.0538
mixed,128,16,0.125,4.0,16,0,128,512,176,268.034,620.642,303.872,0.1016
mixed,128,16,0.125,4.0,16,0,256,1024,352,410.178,1067.94,476.224,0.1004
mixed,128,16,0.125,4.0,16,0,512,2048,704,760.321,2366.63,817.891,0.0358
mixed,128,16,0.125,4.0,16,0,1024,4096,1408,1403.14,6516.22,1463.65,0.0118
mixed,128,16,0.125,4.0,16,0,2048,8192,2816,4187.73,12884.5,4777.46,0.0678
mixed,128,16,0.125,4.0,16,0,4096,16384,5632,8902.62,31315.7,11330.5,0.1083
mixed,128,16,0.125,4.0,16,512,128,512,176,279.489,631.651,307.618,0.0799
mixed,128,16,0.125,4.0,16,512,256,1024,352,418.561,1071.43,480.928,0.0955
mixed,128,16,0.125,4.0,16,512,512,2048,704,766.114,2337.26,822.499,0.0359
mixed,128,16,0.125,4.0,16,512,1024,4096,1408,1409.7,6514.46,1520.36,0.0217
mixed,128,16,0.125,4.0,16,512,2048,8192,2816,4247.09,12893.9,4830.32,0.0675
mixed,128,16,0.125,4.0,16,512,4096,16384,5632,8898.4,31535.4,11348.6,0.1082
mixed,128,16,0.125,4.0,16,1024,128,512,176,312.065,637.027,338.913,0.0826
mixed,128,16,0.125,4.0,16,1024,256,1024,352,447.33,1076.17,484.865,0.0597
mixed,128,16,0.125,4.0,16,1024,512,2048,704,768.067,2345.42,822.211,0.0343
mixed,128,16,0.125,4.0,16,1024,1024,4096,1408,1412.26,6523.99,1473.77,0.012
mixed,128,16,0.125,4.0,16,1024,2048,8192,2816,4151.5,12891.1,4883.6,0.0838
mixed,128,16,0.125,4.0,16,1024,4096,16384,5632,8904.61,31406.7,11340.5,0.1083
mixed,128,16,0.125,4.0,16,2048,128,512,176,375.488,702.018,402.882,0.0839
mixed,128,16,0.125,4.0,16,2048,256,1024,352,516.418,1082.02,548.097,0.056
mixed,128,16,0.125,4.0,16,2048,512,2048,704,811.971,2404.68,823.331,0.0071
mixed,128,16,0.125,4.0,16,2048,1024,4096,1408,1423.62,6552.6,1484.52,0.0119
mixed,128,16,0.125,4.0,16,2048,2048,8192,2816,4215.44,13082.2,4789.94,0.0648
mixed,128,16,0.125,4.0,16,2048,4096,16384,5632,9011.58,30875.3,11398,0.1091
mixed,128,16,0.125,4.0,16,4096,128,512,176,500.354,836.513,530.305,0.0891
mixed,128,16,0.125,4.0,16,4096,256,1024,352,640.001,1206.37,677.314,0.0659
mixed,128,16,0.125,4.0,16,4096,512,2048,704,951.397,2480.46,948.163,-0.0021
mixed,128,16,0.125,4.0,16,4096,1024,4096,1408,1534.63,6561.62,1487.52,-0.0094
mixed,128,16,0.125,4.0,16,4096,2048,8192,2816,4242.41,13523.5,4935.22,0.0746
mixed,128,16,0.125,4.0,16,4096,4096,16384,5632,8999.71,31363.5,11431.2,0.1087
mixed,128,16,0.125,4.0,16,8192,128,512,176,747.458,1118.37,800.705,0.1436
mixed,128,16,0.125,4.0,16,8192,256,1024,352,913.859,1512.74,924.868,0.0184
mixed,128,16,0.125,4.0,16,8192,512,2048,704,1225.83,2811.72,1207.4,-0.0116
mixed,128,16,0.125,4.0,16,8192,1024,4096,1408,1790.44,6874.74,1743.88,-0.0092
mixed,128,16,0.125,4.0,16,8192,2048,8192,2816,4692.66,13011.5,4701.23,0.001
mixed,128,16,0.125,4.0,16,8192,4096,16384,5632,9469.96,30566.3,11492.9,0.0959
mixed,128,16,0.125,4.0,32,0,128,512,176,268.513,620.45,304.066,0.101
mixed,128,16,0.125,4.0,32,0,256,1024,352,410.529,1069.54,477.059,0.101
mixed,128,16,0.125,4.0,32,0,512,2048,704,761.347,2380.84,818.883,0.0355
mixed,128,16,0.125,4.0,32,0,1024,4096,1408,1407.37,6517.37,1463.72,0.011
mixed,128,16,0.125,4.0,32,0,2048,8192,2816,4338.86,12871.2,4721.62,0.0449
mixed,128,16,0.125,4.0,32,0,4096,16384,5632,8904.1,30129,11335.1,0.1145
mixed,128,16,0.125,4.0,32,512,128,512,176,280.898,632.45,307.362,0.0753
mixed,128,16,0.125,4.0,32,512,256,1024,352,419.01,1072.93,481.731,0.0959
mixed,128,16,0.125,4.0,32,512,512,2048,704,765.506,2364.91,823.331,0.0362
mixed,128,16,0.125,4.0,32,512,1024,4096,1408,1411.59,6528.41,1478.82,0.0131
mixed,128,16,0.125,4.0,32,512,2048,8192,2816,4266.83,12914.8,4868.94,0.0696
mixed,128,16,0.125,4.0,32,512,4096,16384,5632,8905.44,31193.9,11337,0.1091
mixed,128,16,0.125,4.0,32,1024,128,512,176,311.488,639.266,340.034,0.0871
mixed,128,16,0.125,4.0,32,1024,256,1024,352,449.666,1079.14,484.353,0.0551
mixed,128,16,0.125,4.0,32,1024,512,2048,704,769.921,2310.89,821.123,0.0332
mixed,128,16,0.125,4.0,32,1024,1024,4096,1408,1410.79,6524.53,1475.04,0.0126
mixed,128,16,0.125,4.0,32,1024,2048,8192,2816,4143.69,12906.6,4865.42,0.0824
mixed,128,16,0.125,4.0,32,1024,4096,16384,5632,8905.99,31455.8,11359.7,0.1088
mixed,128,16,0.125,4.0,32,2048,128,512,176,374.72,702.851,403.968,0.0891
mixed,128,16,0.125,4.0,32,2048,256,1024,352,515.138,1082.4,549.569,0.0607
mixed,128,16,0.125,4.0,32,2048,512,2048,704,813.25,2402.15,823.234,0.0063
mixed,128,16,0.125,4.0,32,2048,1024,4096,1408,1423.46,6544.31,1482.88,0.0116
mixed,128,16,0.125,4.0,32,2048,2048,8192,2816,4156.81,13075.7,4661.39,0.0566
mixed,128,16,0.125,4.0,32,2048,4096,16384,5632,9020.8,31246.9,11415,0.1077
mixed,128,16,0.125,4.0,32,4096,128,512,176,501.186,838.947,529.827,0.0848
mixed,128,16,0.125,4.0,32,4096,256,1024,352,642.499,1212.67,678.626,0.0634
mixed,128,16,0.125,4.0,32,4096,512,2048,704,952.803,2547.37,950.147,-0.0017
mixed,128,16,0.125,4.0,32,4096,1024,4096,1408,1536,6574.71,1484.77,-0.0102
mixed,128,16,0.125,4.0,32,4096,2048,8192,2816,4264.4,13475,4751.06,0.0528
mixed,128,16,0.125,4.0,32,4096,4096,16384,5632,8984.64,31784,11430.5,0.1073
mixed,128,16,0.125,4.0,32,8192,128,512,176,748.195,1089.86,776.77,0.0836
mixed,128,16,0.125,4.0,32,8192,256,1024,352,890.819,1520.07,927.779,0.0587
mixed,128,16,0.125,4.0,32,8192,512,2048,704,1223.4,2813.32,1207.52,-0.01
mixed,128,16,0.125,4.0,32,8192,1024,4096,1408,1795.59,6883.42,1743.17,-0.0103
mixed,128,16,0.125,4.0,32,8192,2048,8192,2816,4660.98,13025.8,4816.4,0.0186
mixed,128,16,0.125,4.0,32,8192,4096,16384,5632,9353.63,31395.1,11518.4,0.0982
mixed,128,16,0.125,4.0,64,0,128,512,176,268.386,622.818,303.777,0.0999
mixed,128,16,0.125,4.0,64,0,256,1024,352,412.131,1073.28,479.841,0.1024
mixed,128,16,0.125,4.0,64,0,512,2048,704,763.33,2371.88,820.93,0.0358
mixed,128,16,0.125,4.0,64,0,1024,4096,1408,1406.92,6526.1,1470.79,0.0125
mixed,128,16,0.125,4.0,64,0,2048,8192,2816,4167.25,12874.6,4795.28,0.0721
mixed,128,16,0.125,4.0,64,0,4096,16384,5632,8897.83,31141.7,11318.3,0.1088
mixed,128,16,0.125,4.0,64,512,128,512,176,281.376,631.906,309.057,0.079
mixed,128,16,0.125,4.0,64,512,256,1024,352,419.969,1074.34,482.05,0.0949
mixed,128,16,0.125,4.0,64,512,512,2048,704,767.395,2337.93,824.418,0.0363
mixed,128,16,0.125,4.0,64,512,1024,4096,1408,1414.66,6530.58,1479.72,0.0127
mixed,128,16,0.125,4.0,64,512,2048,8192,2816,4205.81,12892.5,4835.15,0.0724
mixed,128,16,0.125,4.0,64,512,4096,16384,5632,8910.11,29924.2,11340.3,0.1156
mixed,128,16,0.125,4.0,64,1024,128,512,176,313.76,640.034,340.482,0.0819
mixed,128,16,0.125,4.0,64,1024,256,1024,352,450.016,1081.8,485.441,0.0561
mixed,128,16,0.125,4.0,64,1024,512,2048,704,771.749,2319.5,823.971,0.0337
mixed,128,16,0.125,4.0,64,1024,1024,4096,1408,1416.07,6536.31,1474.85,0.0115
mixed,128,16,0.125,4.0,64,1024,2048,8192,2816,4179.15,12933.8,4870.29,0.0789
mixed,128,16,0.125,4.0,64,1024,4096,16384,5632,8907.55,30820.5,11343.8,0.1112
mixed,128,16,0.125,4.0,64,2048,128,512,176,376.993,706.882,404.417,0.0831
mixed,128,16,0.125,4.0,64,2048,256,1024,352,517.923,1086.09,550.914,0.0581
mixed,128,16,0.125,4.0,64,2048,512,2048,704,815.075,2399.69,824.964,0.0062
mixed,128,16,0.125,4.0,64,2048,1024,4096,1408,1422.69,6553.37,1482.41,0.0116
mixed,128,16,0.125,4.0,64,2048,2048,8192,2816,4179.18,13043.3,4807.99,0.0709
mixed,128,16,0.125,4.0,64,2048,4096,16384,5632,9004.32,31271.4,11420.3,0.1085
mixed,128,16,0.125,4.0,64,4096,128,512,176,503.104,843.139,530.849,0.0816
mixed,128,16,0.125,4.0,64,4096,256,1024,352,644.896,1215.33,679.875,0.0613
mixed,128,16,0.125,4.0,64,4096,512,2048,704,959.331,2532.49,955.523,-0.0024
mixed,128,16,0.125,4.0,64,4096,1024,4096,1408,1543.75,6588.31,1490.25,-0.0106
mixed,128,16,0.125,4.0,64,4096,2048,8192,2816,4245.81,13495.6,4772.69,0.057
mixed,128,16,0.125,4.0,64,4096,4096,16384,5632,8973.63,31018.6,11423,0.1111
mixed,128,16,0.125,4.0,64,8192,128,512,176,749.123,1094.6,779.011,0.0865
mixed,128,16,0.125,4.0,64,8192,256,1024,352,893.443,1517.8,928.162,0.0556
mixed,128,16,0.125,4.0,64,8192,512,2048,704,1231.97,2805.51,1210.34,-0.0137
mixed,128,16,0.125,4.0,64,8192,1024,4096,1408,1803.88,6903.13,1748.87,-0.0108
mixed,128,16,0.125,4.0,64,8192,2048,8192,2816,4629.81,13038.6,4740.91,0.0132
mixed,128,16,0.125,4.0,64,8192,4096,16384,5632,9479.81,31554.6,11523.5,0.0926
mixed,128,16,0.125,4.0,128,0,128,512,176,293.664,653.09,328.929,0.0981
mixed,128,16,0.125,4.0,128,0,256,1024,352,434.818,1086.15,490.401,0.0853
mixed,128,16,0.125,4.0,128,0,512,2048,704,780.13,2370.6,835.107,0.0346
mixed,128,16,0.125,4.0,128,0,1024,4096,1408,1425.38,6529.85,1487.4,0.0121
mixed,128,16,0.125,4.0,128,0,2048,8192,2816,4232.78,12908.4,4714,0.0555
mixed,128,16,0.125,4.0,128,0,4096,16384,5632,8906.15,30660.5,11370.3,0.1133
mixed,128,16,0.125,4.0,128,512,128,512,176,296.129,651.554,322.465,0.0741
mixed,128,16,0.125,4.0,128,512,256,1024,352,435.744,1090.47,498.081,0.0952
mixed,128,16,0.125,4.0,128,512,512,2048,704,787.587,2329.64,863.458,0.0492
mixed,128,16,0.125,4.0,128,512,1024,4096,1408,1470.28,6542.87,1538.89,0.0135
mixed,128,16,0.125,4.0,128,512,2048,8192,2816,4293.04,12931.2,4859.31,0.0656
mixed,128,16,0.125,4.0,128,512,4096,16384,5632,8925.99,31568.9,11362.6,0.1076
mixed,128,16,0.125,4.0,128,1024,128,512,176,332.578,658.882,356.578,0.0736
mixed,128,16,0.125,4.0,128,1024,256,1024,352,466.273,1104.39,502.56,0.0569
mixed,128,16,0.125,4.0,128,1024,512,2048,704,796.675,2324.62,841.122,0.0291
mixed,128,16,0.125,4.0,128,1024,1024,4096,1408,1439.21,6540.86,1493.28,0.0106
mixed,128,16,0.125,4.0,128,1024,2048,8192,2816,4153.33,12936.7,4880.59,0.0828
mixed,128,16,0.125,4.0,128,1024,4096,16384,5632,8921.89,31101.8,11378.7,0.1108
mixed,128,16,0.125,4.0,128,2048,128,512,176,403.233,731.649,427.97,0.0753
mixed,128,16,0.125,4.0,128,2048,256,1024,352,536.546,1113.22,573.954,0.0649
mixed,128,16,0.125,4.0,128,2048,512,2048,704,860.419,2430.76,844.707,-0.01
mixed,128,16,0.125,4.0,128,2048,1024,4096,1408,1450.47,6596.06,1505.83,0.0108
mixed,128,16,0.125,4.0,128,2048,2048,8192,2816,4230.93,13284.4,4744.05,0.0567
mixed,128,16,0.125,4.0,128,2048,4096,16384,5632,9147.2,30807.3,11449.4,0.1063
mixed,128,16,0.125,4.0,128,4096,128,512,176,554.083,889.251,582.818,0.0857
mixed,128,16,0.125,4.0,128,4096,256,1024,352,697.473,1307.37,735.938,0.0631
mixed,128,16,0.125,4.0,128,4096,512,2048,704,1024.67,2615.4,1016.2,-0.0053
mixed,128,16,0.125,4.0,128,4096,1024,4096,1408,1616.71,6802.78,1565.19,-0.0099
mixed,128,16,0.125,4.0,128,4096,2048,8192,2816,4342.06,14791.1,4852.82,0.0489
mixed,128,16,0.125,4.0,128,4096,4096,16384,5632,9294.21,31513.4,11477.5,0.0983
mixed,128,16,0.125,4.0,128,8192,128,512,176,781.187,1126.24,806.723,0.074
mixed,128,16,0.125,4.0,128,8192,256,1024,352,924.098,1516.48,967.524,0.0733
mixed,128,16,0.125,4.0,128,8192,512,2048,704,1262.05,2816.68,1298.05,0.0232
mixed,128,16,0.125,4.0,128,8192,1024,4096,1408,1849.99,6862.68,1839.59,-0.0021
mixed,128,16,0.125,4.0,128,8192,2048,8192,2816,4814.13,13494.5,4856.94,0.0049
mixed,128,16,0.125,4.0,128,8192,4096,16384,5632,9604.74,31920.9,11551.3,0.0872
mixed,128,16,0.125,4.0,256,0,128,512,176,310.721,664.097,355.298,0.1261
mixed,128,16,0.125,4.0,256,0,256,1024,352,467.33,1142.63,512.643,0.0671
mixed,128,16,0.125,4.0,256,0,512,2048,704,805.891,2370.5,860.355,0.0348
mixed,128,16,0.125,4.0,256,0,1024,4096,1408,1449.64,6530.74,1508.77,0.0116
mixed,128,16,0.125,4.0,256,0,2048,8192,2816,4207.73,12900.8,4641.17,0.0499
mixed,128,16,0.125,4.0,256,0,4096,16384,5632,8907.23,31020.7,11393.5,0.1124
mixed,128,16,0.125,4.0,256,512,128,512,176,351.519,696.386,372.161,0.0599
mixed,128,16,0.125,4.0,256,512,256,1024,352,468.768,1124.32,530.561,0.0943
mixed,128,16,0.125,4.0,256,512,512,2048,704,820.931,2365.74,865.858,0.0291
mixed,128,16,0.125,4.0,256,512,1024,4096,1408,1458.92,6544.73,1517.19,0.0115
mixed,128,16,0.125,4.0,256,512,2048,8192,2816,4212.91,12929.1,4819.06,0.0695
mixed,128,16,0.125,4.0,256,512,4096,16384,5632,8921.64,31564.5,11363.9,0.1079
mixed,128,16,0.125,4.0,256,1024,128,512,176,377.536,703.552,399.392,0.067
mixed,128,16,0.125,4.0,256,1024,256,1024,352,514.562,1141.19,548.226,0.0537
mixed,128,16,0.125,4.0,256,1024,512,2048,704,835.074,2382.44,873.859,0.0251
mixed,128,16,0.125,4.0,256,1024,1024,4096,1408,1470.02,6548.31,1525.16,0.0109
mixed,128,16,0.125,4.0,256,1024,2048,8192,2816,4222.16,12966.3,4925.01,0.0804
mixed,128,16,0.125,4.0,256,1024,4096,16384,5632,8940.45,30638,11402.4,0.1135
mixed,128,16,0.125,4.0,256,2048,128,512,176,457.153,787.939,474.243,0.0517
mixed,128,16,0.125,4.0,256,2048,256,1024,352,599.682,1178.5,624.193,0.0423
mixed,128,16,0.125,4.0,256,2048,512,2048,704,937.828,2609.03,924.452,-0.008
mixed,128,16,0.125,4.0,256,2048,1024,4096,1408,1529.41,6967.71,1593.51,0.0118
mixed,128,16,0.125,4.0,256,2048,2048,8192,2816,4230.32,14447.2,4866.71,0.0623
mixed,128,16,0.125,4.0,256,2048,4096,16384,5632,9443.55,31708.3,11503.7,0.0925
mixed,128,16,0.125,4.0,256,4096,128,512,176,598.146,955.267,620.962,0.0639
mixed,128,16,0.125,4.0,256,4096,256,1024,352,752.037,1376.07,778.946,0.0431
mixed,128,16,0.125,4.0,256,4096,512,2048,704,1090.12,2534.66,1056.84,-0.023
mixed,128,16,0.125,4.0,256,4096,1024,4096,1408,1626.66,6797.18,1574.92,-0.01
mixed,128,16,0.125,4.0,256,4096,2048,8192,2816,4457.87,15750.8,5081.27,0.0552
mixed,128,16,0.125,4.0,256,4096,4096,16384,5632,9474.76,31874.2,11485.4,0.0898
mixed,128,16,0.125,4.0,256,8192,128,512,176,849.061,1235.27,871.299,0.0576
mixed,128,16,0.125,4.0,256,8192,256,1024,352,1041.44,1704.65,1052.36,0.0165
mixed,128,16,0.125,4.0,256,8192,512,2048,704,1432.61,2720.14,1405.41,-0.0211
mixed,128,16,0.125,4.0,256,8192,1024,4096,1408,2117.58,6909.27,1954.98,-0.0339
mixed,128,16,0.125,4.0,256,8192,2048,8192,2816,4844.05,13531.8,5183.89,0.0391
mixed,128,16,0.125,4.0,256,8192,4096,16384,5632,10486.4,32272.9,11613,0.0517
mixed,128,16,0.125,4.0,512,0,128,512,176,366.048,716.705,392.672,0.0759
mixed,128,16,0.125,4.0,512,0,256,1024,352,508.866,1167.04,570.179,0.0932
mixed,128,16,0.125,4.0,512,0,512,2048,704,857.506,2381.06,901.889,0.0291
mixed,128,16,0.125,4.0,512,0,1024,4096,1408,1506.21,6554.27,1561.12,0.0109
mixed,128,16,0.125,4.0,512,0,2048,8192,2816,4229.93,12923.3,4556.62,0.0376
mixed,128,16,0.125,4.0,512,0,4096,16384,5632,8938.72,31108.1,11409.9,0.1115
mixed,128,16,0.125,4.0,512,512,128,512,176,413.988,742.019,434.242,0.0617
mixed,128,16,0.125,4.0,512,512,256,1024,352,564.481,1223.14,609.987,0.0691
mixed,128,16,0.125,4.0,512,512,512,2048,704,908.58,2453.55,926.82,0.0118
mixed,128,16,0.125,4.0,512,512,1024,4096,1408,1522.92,6566.17,1566.95,0.0087
mixed,128,16,0.125,4.0,512,512,2048,8192,2816,4300.11,12931.8,4972.11,0.0779
mixed,128,16,0.125,4.0,512,512,4096,16384,5632,8947.49,30849,11420.4,0.1129
mixed,128,16,0.125,4.0,512,1024,128,512,176,461.218,790.146,482.691,0.0653
mixed,128,16,0.125,4.0,512,1024,256,1024,352,597.762,1218.56,631.969,0.0551
mixed,128,16,0.125,4.0,512,1024,512,2048,704,917.475,2472.39,948.132,0.0197
mixed,128,16,0.125,4.0,512,1024,1024,4096,1408,1551.3,6570.68,1589.06,0.0075
mixed,128,16,0.125,4.0,512,1024,2048,8192,2816,4267.85,12995.5,4877.65,0.0699
mixed,128,16,0.125,4.0,512,1024,4096,16384,5632,8959.42,31582.8,11443.6,0.1098
mixed,128,16,0.125,4.0,512,2048,128,512,176,553.794,886.499,578.019,0.0728
mixed,128,16,0.125,4.0,512,2048,256,1024,352,687.458,1335.78,725.891,0.0593
mixed,128,16,0.125,4.0,512,2048,512,2048,704,1022.08,2458.82,1010.05,-0.0084
mixed,128,16,0.125,4.0,512,2048,1024,4096,1408,1624.9,7939.33,1636.9,0.0019
mixed,128,16,0.125,4.0,512,2048,2048,8192,2816,4453.94,15350.8,4924.98,0.0432
mixed,128,16,0.125,4.0,512,2048,4096,16384,5632,10678.5,31761.4,11619.9,0.0447
mixed,128,16,0.125,4.0,512,4096,128,512,176,730.306,1074.09,758.5,0.082
mixed,128,16,0.125,4.0,512,4096,256,1024,352,865.348,1517.92,906.69,0.0634
mixed,128,16,0.125,4.0,512,4096,512,2048,704,1249.51,2497.61,1209.51,-0.0321
mixed,128,16,0.125,4.0,512,4096,1024,4096,1408,1866.66,6855.7,1732.65,-0.0269
mixed,128,16,0.125,4.0,512,4096,2048,8192,2816,4573.33,16334.9,5444.79,0.0741
mixed,128,16,0.125,4.0,512,4096,4096,16384,5632,10264.8,32499,11626.5,0.0612
mixed,128,16,0.125,4.0,512,8192,128,512,176,1046.69,1411.23,1081.32,0.095
mixed,128,16,0.125,4.0,512,8192,256,1024,352,1215.78,1882.02,1254.91,0.0587
mixed,128,16,0.125,4.0,512,8192,512,2048,704,1561.35,3007.43,1554.6,-0.0047
mixed,128,16,0.125,4.0,512,8192,1024,4096,1408,2198.79,7064.63,2111.88,-0.0179
mixed,128,16,0.125,4.0,512,8192,2048,8192,2816,5121.17,13564,5528.06,0.0482
mixed,128,16,0.125,4.0,512,8192,4096,16384,5632,11094.6,32632.9,11786.9,0.0321
mixed,128,16,0.125,4.0,1024,0,128,512,176,521.505,846.275,544.257,0.0701
mixed,128,16,0.125,4.0,1024,0,256,1024,352,639.491,1295.24,687.778,0.0736
mixed,128,16,0.125,4.0,1024,0,512,2048,704,987.715,2518.22,1033.96,0.0302
mixed,128,16,0.125,4.0,1024,0,1024,4096,1408,1643.37,6603.55,1683.85,0.0082
mixed,128,16,0.125,4.0,1024,0,2048,8192,2816,4354.57,12980.9,4831.22,0.0553
mixed,128,16,0.125,4.0,1024,0,4096,16384,5632,8968.07,31008.8,11479,0.1139
mixed,128,16,0.125,4.0,1024,512,128,512,176,590.274,900.515,611.714,0.0691
mixed,128,16,0.125,4.0,1024,512,256,1024,352,708.355,1344,742.883,0.0543
mixed,128,16,0.125,4.0,1024,512,512,2048,704,1031.2,2589.03,1113.35,0.0527
mixed,128,16,0.125,4.0,1024,512,1024,4096,1408,1690.88,6607.03,1715.01,0.0049
mixed,128,16,0.125,4.0,1024,512,2048,8192,2816,4382.93,13007.9,4966.8,0.0677
mixed,128,16,0.125,4.0,1024,512,4096,16384,5632,8991.36,30776.7,11480.3,0.1142
mixed,128,16,0.125,4.0,1024,1024,128,512,176,656.61,967.555,680.033,0.0753
mixed,128,16,0.125,4.0,1024,1024,256,1024,352,776.292,1401.22,815.01,0.062
mixed,128,16,0.125,4.0,1024,1024,512,2048,704,1095.3,2438.6,1114.37,0.0142
mixed,128,16,0.125,4.0,1024,1024,1024,4096,1408,1763.49,6641.47,1768.78,0.0011
mixed,128,16,0.125,4.0,1024,1024,2048,8192,2816,4362.22,13172.3,4907.7,0.0619
mixed,128,16,0.125,4.0,1024,1024,4096,16384,5632,9059.87,31710.7,11515.8,0.1084
mixed,128,16,0.125,4.0,1024,2048,128,512,176,784.964,1093.25,806.5,0.0699
mixed,128,16,0.125,4.0,1024,2048,256,1024,352,899.331,1518.57,941.891,0.0687
mixed,128,16,0.125,4.0,1024,2048,512,2048,704,1225.54,2516.65,1231.97,0.005
mixed,128,16,0.125,4.0,1024,2048,1024,4096,1408,1914.89,8432.83,1918.88,0.0006
mixed,128,16,0.125,4.0,1024,2048,2048,8192,2816,4468.65,16217.9,4913.27,0.0378
mixed,128,16,0.125,4.0,1024,2048,4096,16384,5632,11388.3,32499.8,11792.9,0.0192
mixed,128,16,0.125,4.0,1024,4096,128,512,176,1031.33,1338.18,1053.92,0.0736
mixed,128,16,0.125,4.0,1024,4096,256,1024,352,1145.73,1763.72,1192.84,0.0762
mixed,128,16,0.125,4.0,1024,4096,512,2048,704,1468.16,2837.96,1471.75,0.0026
mixed,128,16,0.125,4.0,1024,4096,1024,4096,1408,2082.28,7090.11,2038.54,-0.0087
mixed,128,16,0.125,4.0,1024,4096,2048,8192,2816,4681.07,16737.5,5487.57,0.0669
mixed,128,16,0.125,4.0,1024,4096,4096,16384,5632,11059.9,33373.9,11802.3,0.0333
mixed,128,16,0.125,4.0,1024,8192,128,512,176,1567.01,1815.24,1520.45,-0.1876
mixed,128,16,0.125,4.0,1024,8192,256,1024,352,1608.04,2264.84,1678.05,0.1066
mixed,128,16,0.125,4.0,1024,8192,512,2048,704,1956.2,3273.58,1969.57,0.0102
mixed,128,16,0.125,4.0,1024,8192,1024,4096,1408,2680.46,8334.33,2507.05,-0.0307
mixed,128,16,0.125,4.0,1024,8192,2048,8192,2816,5693.4,15015.4,5667.86,-0.0027
mixed,128,16,0.125,4.0,1024,8192,4096,16384,5632,11664.6,33272.1,11950.6,0.0132
mixed,128,16,0.125,4.0,2048,0,128,512,176,900.291,1168.45,923.299,0.0858
mixed,128,16,0.125,4.0,2048,0,256,1024,352,991.619,1613.8,1040.96,0.0793
mixed,128,16,0.125,4.0,2048,0,512,2048,704,1300.42,2640.91,1327.14,0.0199
mixed,128,16,0.125,4.0,2048,0,1024,4096,1408,1961.19,6892.73,2003.69,0.0086
mixed,128,16,0.125,4.0,2048,0,2048,8192,2816,4552.4,13854.8,5534.13,0.1055
mixed,128,16,0.125,4.0,2048,0,4096,16384,5632,9304.42,31559,11597.4,0.103
mixed,128,16,0.125,4.0,2048,512,128,512,176,1008.29,1276.45,1029,0.0772
mixed,128,16,0.125,4.0,2048,512,256,1024,352,1102.5,1686.41,1153.51,0.0874
mixed,128,16,0.125,4.0,2048,512,512,2048,704,1400.96,2703.63,1409.67,0.0067
mixed,128,16,0.125,4.0,2048,512,1024,4096,1408,2038.25,7866.27,2079.37,0.0071
mixed,128,16,0.125,4.0,2048,512,2048,8192,2816,4801.65,14942.8,5488.34,0.0677
mixed,128,16,0.125,4.0,2048,512,4096,16384,5632,10504.6,31632.3,11615.9,0.0526
mixed,128,16,0.125,4.0,2048,1024,128,512,176,1104.9,1434.76,1132.39,0.0833
mixed,128,16,0.125,4.0,2048,1024,256,1024,352,1208.84,1780.55,1253.89,0.0788
mixed,128,16,0.125,4.0,2048,1024,512,2048,704,1504.13,2822.41,1570.4,0.0503
mixed,128,16,0.125,4.0,2048,1024,1024,4096,1408,2163.62,8280.42,2150.7,-0.0021
mixed,128,16,0.125,4.0,2048,1024,2048,8192,2816,5600.66,15986,5554.32,-0.0045
mixed,128,16,0.125,4.0,2048,1024,4096,16384,5632,11158.1,31884.5,11732.6,0.0277
mixed,128,16,0.125,4.0,2048,2048,128,512,176,1315.14,1575.52,1339.56,0.0938
mixed,128,16,0.125,4.0,2048,2048,256,1024,352,1408.68,2006.28,1461.03,0.0876
mixed,128,16,0.125,4.0,2048,2048,512,2048,704,1705.7,2985.23,1726.89,0.0166
mixed,128,16,0.125,4.0,2048,2048,1024,4096,1408,2322.22,8718.53,2293.74,-0.0045
mixed,128,16,0.125,4.0,2048,2048,2048,8192,2816,5845.01,17115.7,5803.54,-0.0037
mixed,128,16,0.125,4.0,2048,2048,4096,16384,5632,11881.8,33868.7,12106.5,0.0102
mixed,128,16,0.125,4.0,2048,4096,128,512,176,1769.12,1973.35,1804.68,0.1741
mixed,128,16,0.125,4.0,2048,4096,256,1024,352,1802.05,2386.76,1859.85,0.0988
mixed,128,16,0.125,4.0,2048,4096,512,2048,704,2091.24,3352.62,2126.06,0.0276
mixed,128,16,0.125,4.0,2048,4096,1024,4096,1408,2722.92,8222.78,2644.94,-0.0142
mixed,128,16,0.125,4.0,2048,4096,2048,8192,2816,5735.51,17148.8,5975.32,0.021
mixed,128,16,0.125,4.0,2048,4096,4096,16384,5632,11905.1,33980.9,12132.1,0.0103
mixed,128,16,0.125,4.0,2048,8192,128,512,176,2499.27,2774.31,2527.05,0.101
mixed,128,16,0.125,4.0,2048,8192,256,1024,352,2600.11,3173.45,2662.06,0.1081
mixed,128,16,0.125,4.0,2048,8192,512,2048,704,2887.92,4098,2914.51,0.022
mixed,128,16,0.125,4.0,2048,8192,1024,4096,1408,3479.44,8786.31,3438.06,-0.0078
mixed,128,16,0.125,4.0,2048,8192,2048,8192,2816,6226.93,16681.8,5866.32,-0.0345
mixed,128,16,0.125,4.0,2048,8192,4096,16384,5632,11968.5,34026,12381.6,0.0187
pure,128,32,0.25,4.0,0,0,128,512,224,157.379,371.938,168.897,0.0537
pure,128,32,0.25,4.0,0,0,256,1024,448,322.945,675.523,337.378,0.0409
pure,128,32,0.25,4.0,0,0,512,2048,896,609.091,1210.18,634.725,0.0426
pure,128,32,0.25,4.0,0,0,1024,4096,1792,1077.48,2281.55,1149.19,0.0596
pure,128,32,0.25,4.0,0,0,2048,8192,3584,2020.2,4393.49,2165.9,0.0614
pure,128,32,0.25,4.0,0,0,4096,16384,7168,3873.71,8611.46,4168.46,0.0622
mixed,128,32,0.25,4.0,16,0,128,512,224,284.001,620.419,337.504,0.159
mixed,128,32,0.25,4.0,16,0,256,1024,448,520.609,1067.11,560.067,0.0722
mixed,128,32,0.25,4.0,16,0,512,2048,896,959.235,2374.86,961.572,0.0017
mixed,128,32,0.25,4.0,16,0,1024,4096,1792,1918.89,6512.5,1793.83,-0.0272
mixed,128,32,0.25,4.0,16,0,2048,8192,3584,5718.16,12872.3,7004.79,0.1798
mixed,128,32,0.25,4.0,16,0,4096,16384,7168,11304.5,30042.6,14354,0.1627
mixed,128,32,0.25,4.0,16,512,128,512,224,295.2,631.842,343.106,0.1423
mixed,128,32,0.25,4.0,16,512,256,1024,448,530.85,1070.95,561.954,0.0576
mixed,128,32,0.25,4.0,16,512,512,2048,896,960.322,2323.05,969.06,0.0064
mixed,128,32,0.25,4.0,16,512,1024,4096,1792,1924.9,6518.3,1793.93,-0.0285
mixed,128,32,0.25,4.0,16,512,2048,8192,3584,5726.46,12878.5,6968.66,0.1737
mixed,128,32,0.25,4.0,16,512,4096,16384,7168,11304.8,30462.8,14347.4,0.1588
mixed,128,32,0.25,4.0,16,1024,128,512,224,328.514,637.666,370.016,0.1342
mixed,128,32,0.25,4.0,16,1024,256,1024,448,550.082,1077.19,566.626,0.0314
mixed,128,32,0.25,4.0,16,1024,512,2048,896,964.739,2329.99,1000.8,0.0264
mixed,128,32,0.25,4.0,16,1024,1024,4096,1792,1975.65,6520.69,1859.88,-0.0255
mixed,128,32,0.25,4.0,16,1024,2048,8192,3584,5733.62,12918.2,6976.47,0.173
mixed,128,32,0.25,4.0,16,1024,4096,16384,7168,11343.6,30335.6,14383.1,0.16
mixed,128,32,0.25,4.0,16,2048,128,512,224,404.994,724.642,455.394,0.1577
mixed,128,32,0.25,4.0,16,2048,256,1024,448,631.106,1112.29,647.907,0.0349
mixed,128,32,0.25,4.0,16,2048,512,2048,896,999.685,2464.93,1002.85,0.0022
mixed,128,32,0.25,4.0,16,2048,1024,4096,1792,1999.62,6556.38,1817.25,-0.04
mixed,128,32,0.25,4.0,16,2048,2048,8192,3584,5720.12,13024.2,7036.28,0.1802
mixed,128,32,0.25,4.0,16,2048,4096,16384,7168,11460.8,30202.8,14404,0.157
mixed,128,32,0.25,4.0,16,4096,128,512,224,517.922,835.396,564.802,0.1477
mixed,128,32,0.25,4.0,16,4096,256,1024,448,743.684,1210.12,752.355,0.0186
mixed,128,32,0.25,4.0,16,4096,512,2048,896,1108.52,2512.87,1105.22,-0.0023
mixed,128,32,0.25,4.0,16,4096,1024,4096,1792,2057.92,6567.8,1895.62,-0.036
mixed,128,32,0.25,4.0,16,4096,2048,8192,3584,5780.15,13574,7037.11,0.1613
mixed,128,32,0.25,4.0,16,4096,4096,16384,7168,11799.7,31264.6,14396.7,0.1334
mixed,128,32,0.25,4.0,16,8192,128,512,224,764.195,1086.79,812.611,0.1501
mixed,128,32,0.25,4.0,16,8192,256,1024,448,993.379,1510.53,1007.49,0.0273
mixed,128,32,0.25,4.0,16,8192,512,2048,896,1411.04,2832.65,1356.77,-0.0382
mixed,128,32,0.25,4.0,16,8192,1024,4096,1792,2347.27,6876.31,2110.51,-0.0523
mixed,128,32,0.25,4.0,16,8192,2048,8192,3584,6088.82,13032.6,7113.82,0.1476
mixed,128,32,0.25,4.0,16,8192,4096,16384,7168,11525.2,30492.2,14492.3,0.1564
mixed,128,32,0.25,4.0,32,0,128,512,224,284.224,622.402,337.792,0.1584
mixed,128,32,0.25,4.0,32,0,256,1024,448,522.083,1070.02,558.435,0.0663
mixed,128,32,0.25,4.0,32,0,512,2048,896,955.939,2369.51,962.468,0.0046
mixed,128,32,0.25,4.0,32,0,1024,4096,1792,1919.75,6509.05,1796.58,-0.0268
mixed,128,32,0.25,4.0,32,0,2048,8192,3584,5721.14,12866.2,7014.07,0.181
mixed,128,32,0.25,4.0,32,0,4096,16384,7168,11357.4,30690.6,14340,0.1543
mixed,128,32,0.25,4.0,32,512,128,512,224,307.681,646.849,356.993,0.1454
mixed,128,32,0.25,4.0,32,512,256,1024,448,544.259,1100.55,574.818,0.0549
mixed,128,32,0.25,4.0,32,512,512,2048,896,962.148,2333.42,995.747,0.0245
mixed,128,32,0.25,4.0,32,512,1024,4096,1792,1925.44,6525.98,1799.11,-0.0275
mixed,128,32,0.25,4.0,32,512,2048,8192,3584,5724.53,12886.3,6972.7,0.1743
mixed,128,32,0.25,4.0,32,512,4096,16384,7168,11345.6,30688.8,14366.5,0.1562
mixed,128,32,0.25,4.0,32,1024,128,512,224,327.297,638.179,370.881,0.1402
mixed,128,32,0.25,4.0,32,1024,256,1024,448,548.321,1077.7,566.114,0.0336
mixed,128,32,0.25,4.0,32,1024,512,2048,896,965.731,2329.13,969.156,0.0025
mixed,128,32,0.25,4.0,32,1024,1024,4096,1792,1930.73,6523.54,1861.77,-0.015
mixed,128,32,0.25,4.0,32,1024,2048,8192,3584,5727.67,12909.6,6927.93,0.1671
mixed,128,32,0.25,4.0,32,1024,4096,16384,7168,11395.1,30051.4,14384.8,0.1603
mixed,128,32,0.25,4.0,32,2048,128,512,224,393.185,699.715,437.761,0.1454
mixed,128,32,0.25,4.0,32,2048,256,1024,448,616.675,1082.75,626.403,0.0209
mixed,128,32,0.25,4.0,32,2048,512,2048,896,976.677,2438.7,974.947,-0.0012
mixed,128,32,0.25,4.0,32,2048,1024,4096,1792,1958.09,6550.65,1818.44,-0.0304
mixed,128,32,0.25,4.0,32,2048,2048,8192,3584,5687.09,13126.5,6986.65,0.1747
mixed,128,32,0.25,4.0,32,2048,4096,16384,7168,11460.5,31347.1,14389.4,0.1473
mixed,128,32,0.25,4.0,32,4096,128,512,224,514.85,839.266,564.29,0.1524
mixed,128,32,0.25,4.0,32,4096,256,1024,448,747.395,1211.33,757.827,0.0225
mixed,128,32,0.25,4.0,32,4096,512,2048,896,1117.22,2536.84,1098.69,-0.0131
mixed,128,32,0.25,4.0,32,4096,1024,4096,1792,2077.32,6571.38,1841.51,-0.0525
mixed,128,32,0.25,4.0,32,4096,2048,8192,3584,5771,13456.3,6998.1,0.1597
mixed,128,32,0.25,4.0,32,4096,4096,16384,7168,11732.3,31656.1,14414.3,0.1346
mixed,128,32,0.25,4.0,32,8192,128,512,224,762.659,1088.87,813.508,0.1559
mixed,128,32,0.25,4.0,32,8192,256,1024,448,994.085,1517.25,1007.75,0.0261
mixed,128,32,0.25,4.0,32,8192,512,2048,896,1415.49,2823.18,1355.4,-0.0427
mixed,128,32,0.25,4.0,32,8192,1024,4096,1792,2327.78,6874.4,2116.13,-0.0466
mixed,128,32,0.25,4.0,32,8192,2048,8192,3584,6084.6,13069.9,7090.07,0.1439
mixed,128,32,0.25,4.0,32,8192,4096,16384,7168,11477.8,31760.8,14484.5,0.1482
mixed,128,32,0.25,4.0,64,0,128,512,224,294.816,638.403,351.586,0.1652
mixed,128,32,0.25,4.0,64,0,256,1024,448,536.77,1097.8,577.122,0.0719
mixed,128,32,0.25,4.0,64,0,512,2048,896,986.98,2419.79,996.099,0.0064
mixed,128,32,0.25,4.0,64,0,1024,4096,1792,1966.89,6513.02,1856.78,-0.0242
mixed,128,32,0.25,4.0,64,0,2048,8192,3584,5721.81,12897.5,7030.07,0.1823
mixed,128,32,0.25,4.0,64,0,4096,16384,7168,11319.1,29553.2,14356.2,0.1666
mixed,128,32,0.25,4.0,64,512,128,512,224,298.113,635.234,342.177,0.1307
mixed,128,32,0.25,4.0,64,512,256,1024,448,531.554,1075.4,564.258,0.0601
mixed,128,32,0.25,4.0,64,512,512,2048,896,964.547,2336.71,969.092,0.0033
mixed,128,32,0.25,4.0,64,512,1024,4096,1792,1928.55,6527.83,1854.38,-0.0161
mixed,128,32,0.25,4.0,64,512,2048,8192,3584,5734.64,12922.1,6995.8,0.1755
mixed,128,32,0.25,4.0,64,512,4096,16384,7168,11344.4,31261.3,14373.5,0.1521
mixed,128,32,0.25,4.0,64,1024,128,512,224,342.017,656.641,383.072,0.1305
mixed,128,32,0.25,4.0,64,1024,256,1024,448,568.514,1104.2,573.731,0.0097
mixed,128,32,0.25,4.0,64,1024,512,2048,896,970.852,2309.93,1002.57,0.0237
mixed,128,32,0.25,4.0,64,1024,1024,4096,1792,1980.62,6532.25,1819.56,-0.0354
mixed,128,32,0.25,4.0,64,1024,2048,8192,3584,5730.87,12883.3,6943.58,0.1696
mixed,128,32,0.25,4.0,64,1024,4096,16384,7168,11338.8,30129.7,14382.4,0.162
mixed,128,32,0.25,4.0,64,2048,128,512,224,409.282,728.77,451.457,0.132
mixed,128,32,0.25,4.0,64,2048,256,1024,448,638.722,1111.36,650.914,0.0258
mixed,128,32,0.25,4.0,64,2048,512,2048,896,1009.41,2464.26,998.982,-0.0072
mixed,128,32,0.25,4.0,64,2048,1024,4096,1792,2011.01,6559.99,1866.79,-0.0317
mixed,128,32,0.25,4.0,64,2048,2048,8192,3584,5717.01,12998.8,7033.24,0.1808
mixed,128,32,0.25,4.0,64,2048,4096,16384,7168,11431.8,31676,14406,0.1469
mixed,128,32,0.25,4.0,64,4096,128,512,224,519.395,843.075,566.977,0.147
mixed,128,32,0.25,4.0,64,4096,256,1024,448,746.85,1219.2,760.45,0.0288
mixed,128,32,0.25,4.0,64,4096,512,2048,896,1119.56,2523.24,1093.51,-0.0186
mixed,128,32,0.25,4.0,64,4096,1024,4096,1792,2046.09,6588.89,1898.69,-0.0324
mixed,128,32,0.25,4.0,64,4096,2048,8192,3584,5787.54,13570.8,7058.84,0.1633
mixed,128,32,0.25,4.0,64,4096,4096,16384,7168,11739.8,31504.1,14446.4,0.1369
mixed,128,32,0.25,4.0,64,8192,128,512,224,766.691,1092.55,813.794,0.1446
mixed,128,32,0.25,4.0,64,8192,256,1024,448,996.422,1522.66,1011.94,0.0295
mixed,128,32,0.25,4.0,64,8192,512,2048,896,1410.21,2801.07,1360.42,-0.0358
mixed,128,32,0.25,4.0,64,8192,1024,4096,1792,2320.26,6888.44,2116.58,-0.0446
mixed,128,32,0.25,4.0,64,8192,2048,8192,3584,6117.33,13061.2,7088.54,0.1399
mixed,128,32,0.25,4.0,64,8192,4096,16384,7168,11479.1,31785.9,14484.9,0.148
mixed,128,32,0.25,4.0,128,0,128,512,224,309.056,650.819,366.049,0.1668
mixed,128,32,0.25,4.0,128,0,256,1024,448,549.986,1115.52,591.267,0.073
mixed,128,32,0.25,4.0,128,0,512,2048,896,1004.1,2385.61,977.477,-0.0193
mixed,128,32,0.25,4.0,128,0,1024,4096,1792,1939.49,6531.42,1831.75,-0.0235
mixed,128,32,0.25,4.0,128,0,2048,8192,3584,5724.92,12886.7,7011.45,0.1796
mixed,128,32,0.25,4.0,128,0,4096,16384,7168,11308.9,31200.7,14378.5,0.1543
mixed,128,32,0.25,4.0,128,512,128,512,224,324.384,669.377,373.986,0.1438
mixed,128,32,0.25,4.0,128,512,256,1024,448,565.827,1119.97,599.393,0.0606
mixed,128,32,0.25,4.0,128,512,512,2048,896,1009.41,2389.29,982.627,-0.0194
mixed,128,32,0.25,4.0,128,512,1024,4096,1792,1947.97,6544.35,1828.49,-0.026
mixed,128,32,0.25,4.0,128,512,2048,8192,3584,5743.48,12894.8,6987.99,0.174
mixed,128,32,0.25,4.0,128,512,4096,16384,7168,11383.2,30264.5,14362.1,0.1578
mixed,128,32,0.25,4.0,128,1024,128,512,224,348.418,661.315,393.188,0.1431
mixed,128,32,0.25,4.0,128,1024,256,1024,448,569.697,1103.14,587.395,0.0332
mixed,128,32,0.25,4.0,128,1024,512,2048,896,993.06,2338.79,992.131,-0.0007
mixed,128,32,0.25,4.0,128,1024,1024,4096,1792,1947.3,6543.16,1891.97,-0.012
mixed,128,32,0.25,4.0,128,1024,2048,8192,3584,5737.68,12909,6986.33,0.1741
mixed,128,32,0.25,4.0,128,1024,4096,16384,7168,11401,30769.7,14388.5,0.1542
mixed,128,32,0.25,4.0,128,2048,128,512,224,423.265,732.963,456.961,0.1088
mixed,128,32,0.25,4.0,128,2048,256,1024,448,640.611,1116.36,651.427,0.0227
mixed,128,32,0.25,4.0,128,2048,512,2048,896,1020.55,2425.64,1001.12,-0.0138
mixed,128,32,0.25,4.0,128,2048,1024,4096,1792,1981.29,6613.05,1875.3,-0.0229
mixed,128,32,0.25,4.0,128,2048,2048,8192,3584,5715.83,13282,7034.4,0.1743
mixed,128,32,0.25,4.0,128,2048,4096,16384,7168,11602.5,31035.6,14405.3,0.1442
mixed,128,32,0.25,4.0,128,4096,128,512,224,554.657,868.484,593.953,0.1252
mixed,128,32,0.25,4.0,128,4096,256,1024,448,777.347,1274.53,790.691,0.0268
mixed,128,32,0.25,4.0,128,4096,512,2048,896,1185,2544.01,1133.7,-0.0377
mixed,128,32,0.25,4.0,128,4096,1024,4096,1792,2097.19,6802.04,1913.58,-0.039
mixed,128,32,0.25,4.0,128,4096,2048,8192,3584,5965.82,15022,7096.73,0.1249
mixed,128,32,0.25,4.0,128,4096,4096,16384,7168,12488.6,31859.8,14458.5,0.1017
mixed,128,32,0.25,4.0,128,8192,128,512,224,802.115,1127.91,841.572,0.1211
mixed,128,32,0.25,4.0,128,8192,256,1024,448,1032.74,1517.29,1051.65,0.039
mixed,128,32,0.25,4.0,128,8192,512,2048,896,1450.31,2798.99,1396.81,-0.0397
mixed,128,32,0.25,4.0,128,8192,1024,4096,1792,2338.92,6871.86,2187.88,-0.0333
mixed,128,32,0.25,4.0,128,8192,2048,8192,3584,6077.78,13483.2,7091.8,0.1369
mixed,128,32,0.25,4.0,128,8192,4096,16384,7168,11972.8,31760.7,14517.1,0.1286
mixed,128,32,0.25,4.0,256,0,128,512,224,336.705,683.873,380.258,0.1255
mixed,128,32,0.25,4.0,256,0,256,1024,448,567.585,1114.15,599.172,0.0578
mixed,128,32,0.25,4.0,256,0,512,2048,896,1003.55,2400.36,1035.08,0.0226
mixed,128,32,0.25,4.0,256,0,1024,4096,1792,2017.86,6542.9,1904.71,-0.025
mixed,128,32,0.25,4.0,256,0,2048,8192,3584,5721.94,12899.5,7069.18,0.1877
mixed,128,32,0.25,4.0,256,0,4096,16384,7168,11338,31441.5,14376.7,0.1512
mixed,128,32,0.25,4.0,256,512,128,512,224,355.073,678.626,394.435,0.1217
mixed,128,32,0.25,4.0,256,512,256,1024,448,580.802,1124.48,611.106,0.0557
mixed,128,32,0.25,4.0,256,512,512,2048,896,1016.87,2345.55,1014.95,-0.0014
mixed,128,32,0.25,4.0,256,512,1024,4096,1792,1965.26,6544.41,1866.28,-0.0216
mixed,128,32,0.25,4.0,256,512,2048,8192,3584,5733.33,12928.7,7063.93,0.1849
mixed,128,32,0.25,4.0,256,512,4096,16384,7168,11347.5,31368,14378.1,0.1514
mixed,128,32,0.25,4.0,256,1024,128,512,224,396.675,702.946,434.113,0.1222
mixed,128,32,0.25,4.0,256,1024,256,1024,448,615.714,1144.77,623.523,0.0148
mixed,128,32,0.25,4.0,256,1024,512,2048,896,1032.52,2400.84,1030.12,-0.0018
mixed,128,32,0.25,4.0,256,1024,1024,4096,1792,1973.64,6547.7,1941.25,-0.0071
mixed,128,32,0.25,4.0,256,1024,2048,8192,3584,5747.35,12930.3,7014.71,0.1764
mixed,128,32,0.25,4.0,256,1024,4096,16384,7168,11412.5,30983.7,14383.5,0.1518
mixed,128,32,0.25,4.0,256,2048,128,512,224,491.105,813.73,530.723,0.1228
mixed,128,32,0.25,4.0,256,2048,256,1024,448,716.451,1203.94,728.45,0.0246
mixed,128,32,0.25,4.0,256,2048,512,2048,896,1113.99,2586.47,1081.89,-0.0218
mixed,128,32,0.25,4.0,256,2048,1024,4096,1792,2087.62,7007.55,1976.04,-0.0227
mixed,128,32,0.25,4.0,256,2048,2048,8192,3584,5801.81,13866.7,7102.33,0.1613
mixed,128,32,0.25,4.0,256,2048,4096,16384,7168,11603.4,31692.7,14438.4,0.1411
mixed,128,32,0.25,4.0,256,4096,128,512,224,644.323,989.86,689.443,0.1306
mixed,128,32,0.25,4.0,256,4096,256,1024,448,885.668,1420.16,882.852,-0.0053
mixed,128,32,0.25,4.0,256,4096,512,2048,896,1318.47,2580.04,1237.92,-0.0638
mixed,128,32,0.25,4.0,256,4096,1024,4096,1792,2066.66,6793.21,1938.79,-0.0271
mixed,128,32,0.25,4.0,256,4096,2048,8192,3584,5974.26,15772.7,7195.35,0.1246
mixed,128,32,0.25,4.0,256,4096,4096,16384,7168,13760.9,31909.3,14478,0.0395
mixed,128,32,0.25,4.0,256,8192,128,512,224,901.603,1283.36,960.706,0.1548
mixed,128,32,0.25,4.0,256,8192,256,1024,448,1175.49,1754.83,1179.68,0.0072
mixed,128,32,0.25,4.0,256,8192,512,2048,896,1603.88,2722.19,1556.04,-0.0428
mixed,128,32,0.25,4.0,256,8192,1024,4096,1792,2359.59,6909.43,2228.46,-0.0288
mixed,128,32,0.25,4.0,256,8192,2048,8192,3584,6059.26,13512.4,7169.44,0.149
mixed,128,32,0.25,4.0,256,8192,4096,16384,7168,11925.7,32265.6,14552.2,0.1291
mixed,128,32,0.25,4.0,512,0,128,512,224,381.504,716.802,433.122,0.1539
mixed,128,32,0.25,4.0,512,0,256,1024,448,618.786,1165.35,649.793,0.0567
mixed,128,32,0.25,4.0,512,0,512,2048,896,1060.36,2385.39,1053.22,-0.0054
mixed,128,32,0.25,4.0,512,0,1024,4096,1792,2007.78,6569.66,1913.54,-0.0207
mixed,128,32,0.25,4.0,512,0,2048,8192,3584,5757.24,12927.3,7125.27,0.1908
mixed,128,32,0.25,4.0,512,0,4096,16384,7168,11346.1,31282.4,14391,0.1527
mixed,128,32,0.25,4.0,512,512,128,512,224,429.6,741.827,471.969,0.1357
mixed,128,32,0.25,4.0,512,512,256,1024,448,644.161,1190.28,671.779,0.0506
mixed,128,32,0.25,4.0,512,512,512,2048,896,1089.7,2382.54,1073.38,-0.0126
mixed,128,32,0.25,4.0,512,512,1024,4096,1792,2028.84,6570.17,1926.21,-0.0226
mixed,128,32,0.25,4.0,512,512,2048,8192,3584,5762.93,12942.2,7098.55,0.186
mixed,128,32,0.25,4.0,512,512,4096,16384,7168,11410.6,30534.7,14411.8,0.1569
mixed,128,32,0.25,4.0,512,1024,128,512,224,495.14,814.336,541.89,0.1465
mixed,128,32,0.25,4.0,512,1024,256,1024,448,719.522,1216.36,703.939,-0.0314
mixed,128,32,0.25,4.0,512,1024,512,2048,896,1115.11,2541.26,1130.98,0.0111
mixed,128,32,0.25,4.0,512,1024,1024,4096,1792,2054.47,6578.01,1945.67,-0.0241
mixed,128,32,0.25,4.0,512,1024,2048,8192,3584,5767.77,12953.8,7119.16,0.1881
mixed,128,32,0.25,4.0,512,1024,4096,16384,7168,11480.7,31535.9,14397,0.1454
mixed,128,32,0.25,4.0,512,2048,128,512,224,570.338,889.573,618.019,0.1494
mixed,128,32,0.25,4.0,512,2048,256,1024,448,793.827,1334.6,796.93,0.0057
mixed,128,32,0.25,4.0,512,2048,512,2048,896,1228.9,2462.63,1139.43,-0.0725
mixed,128,32,0.25,4.0,512,2048,1024,4096,1792,2047.46,7979.2,1980.04,-0.0114
mixed,128,32,0.25,4.0,512,2048,2048,8192,3584,6679.1,15801.3,7219.87,0.0593
mixed,128,32,0.25,4.0,512,2048,4096,16384,7168,12785.4,31982.6,14467,0.0876
mixed,128,32,0.25,4.0,512,4096,128,512,224,746.338,1072.32,793.986,0.1462
mixed,128,32,0.25,4.0,512,4096,256,1024,448,974.468,1517.67,984.867,0.0191
mixed,128,32,0.25,4.0,512,4096,512,2048,896,1399.97,2432.36,1341.8,-0.0563
mixed,128,32,0.25,4.0,512,4096,1024,4096,1792,2189.16,6852.38,2103.24,-0.0184
mixed,128,32,0.25,4.0,512,4096,2048,8192,3584,6020.44,16336.9,7207.99,0.1151
mixed,128,32,0.25,4.0,512,4096,4096,16384,7168,14277.5,32587.1,14549.5,0.0149
mixed,128,32,0.25,4.0,512,8192,128,512,224,1060.13,1420.55,1133.35,0.2031
mixed,128,32,0.25,4.0,512,8192,256,1024,448,1322.5,1881.93,1346.79,0.0434
mixed,128,32,0.25,4.0,512,8192,512,2048,896,1774.34,2995.53,1685.67,-0.0726
mixed,128,32,0.25,4.0,512,8192,1024,4096,1792,2542.79,7075.48,2430.19,-0.0248
mixed,128,32,0.25,4.0,512,8192,2048,8192,3584,6212.31,13602.3,7254.07,0.141
mixed,128,32,0.25,4.0,512,8192,4096,16384,7168,11951.1,32556.6,14597.3,0.1284
mixed,128,32,0.25,4.0,1024,0,128,512,224,530.499,876.099,578.467,0.1388
mixed,128,32,0.25,4.0,1024,0,256,1024,448,744.195,1298.72,781.058,0.0665
mixed,128,32,0.25,4.0,1024,0,512,2048,896,1194.12,2572.84,1187.88,-0.0045
mixed,128,32,0.25,4.0,1024,0,1024,4096,1792,2080.04,6598.23,2022.15,-0.0128
mixed,128,32,0.25,4.0,1024,0,2048,8192,3584,5794.68,12976.8,7206.78,0.1966
mixed,128,32,0.25,4.0,1024,0,4096,16384,7168,11420.7,31543.3,14447.4,0.1504
mixed,128,32,0.25,4.0,1024,512,128,512,224,597.475,898.179,649.155,0.1719
mixed,128,32,0.25,4.0,1024,512,256,1024,448,810.05,1343.72,824.131,0.0264
mixed,128,32,0.25,4.0,1024,512,512,2048,896,1245.89,2588.62,1215.53,-0.0226
mixed,128,32,0.25,4.0,1024,512,1024,4096,1792,2067.69,6608.47,2117.86,0.0111
mixed,128,32,0.25,4.0,1024,512,2048,8192,3584,5803.67,13007.5,7216.76,0.1962
mixed,128,32,0.25,4.0,1024,512,4096,16384,7168,11551.1,31525.2,14445.3,0.1449
mixed,128,32,0.25,4.0,1024,1024,128,512,224,661.761,966.724,714.37,0.1725
mixed,128,32,0.25,4.0,1024,1024,256,1024,448,874.371,1398.12,891.267,0.0323
mixed,128,32,0.25,4.0,1024,1024,512,2048,896,1285.7,2479.85,1305.09,0.0162
mixed,128,32,0.25,4.0,1024,1024,1024,4096,1792,2137.45,6636.6,2073.83,-0.0141
mixed,128,32,0.25,4.0,1024,1024,2048,8192,3584,5839.51,13154.8,7228.67,0.1899
mixed,128,32,0.25,4.0,1024,1024,4096,16384,7168,11632,31483.3,14498.2,0.1444
mixed,128,32,0.25,4.0,1024,2048,128,512,224,790.434,1091.46,844.131,0.1784
mixed,128,32,0.25,4.0,1024,2048,256,1024,448,1000,1521.51,1029.03,0.0557
mixed,128,32,0.25,4.0,1024,2048,512,2048,896,1419.62,2514.63,1359.59,-0.0548
mixed,128,32,0.25,4.0,1024,2048,1024,4096,1792,2216.71,8391.14,2171.85,-0.0073
mixed,128,32,0.25,4.0,1024,2048,2048,8192,3584,6790.04,16279.6,7327.8,0.0567
mixed,128,32,0.25,4.0,1024,2048,4096,16384,7168,14135.9,32489.3,14617,0.0262
mixed,128,32,0.25,4.0,1024,4096,128,512,224,1042.43,1339.85,1142.08,0.3351
mixed,128,32,0.25,4.0,1024,4096,256,1024,448,1295.4,1787.49,1329.06,0.0684
mixed,128,32,0.25,4.0,1024,4096,512,2048,896,1739.4,2906.76,1625.48,-0.0976
mixed,128,32,0.25,4.0,1024,4096,1024,4096,1792,2515.5,7106.9,2435.66,-0.0174
mixed,128,32,0.25,4.0,1024,4096,2048,8192,3584,6245.53,16741.1,7340.76,0.1044
mixed,128,32,0.25,4.0,1024,4096,4096,16384,7168,14690.2,33361.4,14709.9,0.0011
mixed,128,32,0.25,4.0,1024,8192,128,512,224,1504.26,1811.11,1559.33,0.1795
mixed,128,32,0.25,4.0,1024,8192,256,1024,448,1715.49,2267.24,1759.59,0.0799
mixed,128,32,0.25,4.0,1024,8192,512,2048,896,2154.47,3268.81,2121.61,-0.0295
mixed,128,32,0.25,4.0,1024,8192,1024,4096,1792,3083.56,8341.12,2928.33,-0.0295
mixed,128,32,0.25,4.0,1024,8192,2048,8192,3584,6816.86,14518.6,7444.35,0.0815
mixed,128,32,0.25,4.0,1024,8192,4096,16384,7168,12389.6,33287.9,14781.3,0.1144
mixed,128,32,0.25,4.0,2048,0,128,512,224,905.221,1215.59,993.7,0.2851
mixed,128,32,0.25,4.0,2048,0,256,1024,448,1118.69,1615.11,1128,0.0188
mixed,128,32,0.25,4.0,2048,0,512,2048,896,1503.08,2641.45,1532.65,0.026
mixed,128,32,0.25,4.0,2048,0,1024,4096,1792,2334.31,6956.41,2372.39,0.0082
mixed,128,32,0.25,4.0,2048,0,2048,8192,3584,6268.5,13972.7,7328.57,0.1376
mixed,128,32,0.25,4.0,2048,0,4096,16384,7168,11970.9,31699.2,14517.6,0.1291
mixed,128,32,0.25,4.0,2048,512,128,512,224,1011.27,1275.05,1062.15,0.1929
mixed,128,32,0.25,4.0,2048,512,256,1024,448,1190.79,1686.73,1232.26,0.0836
mixed,128,32,0.25,4.0,2048,512,512,2048,896,1586.57,2704.68,1610.63,0.0215
mixed,128,32,0.25,4.0,2048,512,1024,4096,1792,2409.93,7802.62,2389.7,-0.0038
mixed,128,32,0.25,4.0,2048,512,2048,8192,3584,6910.93,15125.4,7379.32,0.057
mixed,128,32,0.25,4.0,2048,512,4096,16384,7168,12546.5,31535.7,14542.1,0.1051
mixed,128,32,0.25,4.0,2048,1024,128,512,224,1111.59,1377.83,1168.93,0.2154
mixed,128,32,0.25,4.0,2048,1024,256,1024,448,1296.16,1788.1,1337.64,0.0843
mixed,128,32,0.25,4.0,2048,1024,512,2048,896,1689.09,2819.4,1729.38,0.0356
mixed,128,32,0.25,4.0,2048,1024,1024,4096,1792,2484.52,8296.86,2564.14,0.0137
mixed,128,32,0.25,4.0,2048,1024,2048,8192,3584,7288.41,15980,7408.28,0.0138
mixed,128,32,0.25,4.0,2048,1024,4096,16384,7168,13882.6,31983.5,14580.9,0.0386
mixed,128,32,0.25,4.0,2048,2048,128,512,224,1322.98,1577.96,1375.3,0.2052
mixed,128,32,0.25,4.0,2048,2048,256,1024,448,1498.02,2005.32,1539.24,0.0813
mixed,128,32,0.25,4.0,2048,2048,512,2048,896,1893.25,2987.82,1880.1,-0.012
mixed,128,32,0.25,4.0,2048,2048,1024,4096,1792,2647.95,8726.66,2584.17,-0.0105
mixed,128,32,0.25,4.0,2048,2048,2048,8192,3584,7675.96,17122.5,7691.32,0.0016
mixed,128,32,0.25,4.0,2048,2048,4096,16384,7168,14993.2,33854.5,14988.8,-0.0002
mixed,128,32,0.25,4.0,2048,4096,128,512,224,1712.93,2068.14,1772.84,0.1686
mixed,128,32,0.25,4.0,2048,4096,256,1024,448,1901.48,2419.08,2031.21,0.2506
mixed,128,32,0.25,4.0,2048,4096,512,2048,896,2290.57,3360.04,2367.69,0.0721
mixed,128,32,0.25,4.0,2048,4096,1024,4096,1792,3061.64,8159.07,2946.41,-0.0226
mixed,128,32,0.25,4.0,2048,4096,2048,8192,3584,7283.58,17156.5,7683.13,0.0405
mixed,128,32,0.25,4.0,2048,4096,4096,16384,7168,15079.2,33973.5,15251.8,0.0091
mixed,128,32,0.25,4.0,2048,8192,128,512,224,2508.81,2776.62,2564.46,0.2078
mixed,128,32,0.25,4.0,2048,8192,256,1024,448,2692.39,3167.28,2733.87,0.0873
mixed,128,32,0.25,4.0,2048,8192,512,2048,896,3069.96,4104.52,3059.31,-0.0103
mixed,128,32,0.25,4.0,2048,8192,1024,4096,1792,3814.38,8801.53,3752.4,-0.0124
mixed,128,32,0.25,4.0,2048,8192,2048,8192,3584,7783.83,16608.3,7736.76,-0.0053
mixed,128,32,0.25,4.0,2048,8192,4096,16384,7168,14171.1,34038.9,15371.9,0.0604
pure,128,64,0.5,4.0,0,0,128,512,320,231.615,372.194,234.657,0.0216
pure,128,64,0.5,4.0,0,0,256,1024,640,458.241,675.361,465.186,0.032
pure,128,64,0.5,4.0,0,0,512,2048,1280,808.771,1208.26,825.6,0.0421
pure,128,64,0.5,4.0,0,0,1024,4096,2560,1478.31,2282.15,1479.53,0.0015
pure,128,64,0.5,4.0,0,0,2048,8192,5120,2818.86,4397.1,2855.72,0.0234
pure,128,64,0.5,4.0,0,0,4096,16384,10240,5451.96,8591.01,5600.79,0.0474
mixed,128,64,0.5,4.0,16,0,128,512,320,393.089,621.058,426.211,0.1453
mixed,128,64,0.5,4.0,16,0,256,1024,640,735.682,1067.88,710.69,-0.0752
mixed,128,64,0.5,4.0,16,0,512,2048,1280,1297,2392.45,1245.25,-0.0472
mixed,128,64,0.5,4.0,16,0,1024,4096,2560,3613.07,6512.92,3024.46,-0.203
mixed,128,64,0.5,4.0,16,0,2048,8192,5120,8098.01,12871.4,10061.5,0.4113
mixed,128,64,0.5,4.0,16,0,4096,16384,10240,16374.5,30502.2,20217.9,0.272
mixed,128,64,0.5,4.0,16,512,128,512,320,410.946,648.514,445.092,0.1437
mixed,128,64,0.5,4.0,16,512,256,1024,640,742.724,1071.97,714.116,-0.0869
mixed,128,64,0.5,4.0,16,512,512,2048,1280,1295.72,2354.25,1249.29,-0.0439
mixed,128,64,0.5,4.0,16,512,1024,4096,2560,3655.5,6521.4,3112.36,-0.1895
mixed,128,64,0.5,4.0,16,512,2048,8192,5120,8109.44,12911.3,10084.9,0.4114
mixed,128,64,0.5,4.0,16,512,4096,16384,10240,16410.8,31453.3,20209.9,0.2526
mixed,128,64,0.5,4.0,16,1024,128,512,320,428.354,638.275,452.961,0.1172
mixed,128,64,0.5,4.0,16,1024,256,1024,640,746.114,1076.29,721.09,-0.0758
mixed,128,64,0.5,4.0,16,1024,512,2048,1280,1304.9,2349.61,1249.22,-0.0533
mixed,128,64,0.5,4.0,16,1024,1024,4096,2560,3584.01,6525.56,3029.35,-0.1886
mixed,128,64,0.5,4.0,16,1024,2048,8192,5120,8102.75,12917.8,10080.7,0.4108
mixed,128,64,0.5,4.0,16,1024,4096,16384,10240,16281.8,31427,20216.4,0.2598
mixed,128,64,0.5,4.0,16,2048,128,512,320,494.88,703.139,517.378,0.108
mixed,128,64,0.5,4.0,16,2048,256,1024,640,792.708,1085.79,766.018,-0.0911
mixed,128,64,0.5,4.0,16,2048,512,2048,1280,1306.24,2429.67,1254.85,-0.0457
mixed,128,64,0.5,4.0,16,2048,1024,4096,2560,3630.45,6552.92,3108.87,-0.1785
mixed,128,64,0.5,4.0,16,2048,2048,8192,5120,8159.58,13004.5,10104.5,0.4014
mixed,128,64,0.5,4.0,16,2048,4096,16384,10240,16460.4,30639.1,20243.3,0.2668
mixed,128,64,0.5,4.0,16,4096,128,512,320,621.026,837.443,640.13,0.0883
mixed,128,64,0.5,4.0,16,4096,256,1024,640,937.444,1213.86,899.425,-0.1375
mixed,128,64,0.5,4.0,16,4096,512,2048,1280,1431.49,2496.39,1378.28,-0.05
mixed,128,64,0.5,4.0,16,4096,1024,4096,2560,3632.94,6570.23,3199.98,-0.1474
mixed,128,64,0.5,4.0,16,4096,2048,8192,5120,8159.36,13476.5,10136.9,0.3719
mixed,128,64,0.5,4.0,16,4096,4096,16384,10240,17586.5,31461.6,20318.1,0.1969
mixed,128,64,0.5,4.0,16,8192,128,512,320,868.675,1088.19,891.81,0.1054
mixed,128,64,0.5,4.0,16,8192,256,1024,640,1200.87,1517.96,1157.64,-0.1363
mixed,128,64,0.5,4.0,16,8192,512,2048,1280,1696.49,2816.71,1636.42,-0.0536
mixed,128,64,0.5,4.0,16,8192,1024,4096,2560,3817.84,6903.07,3511.59,-0.0993
mixed,128,64,0.5,4.0,16,8192,2048,8192,5120,8482.46,13073.5,10181,0.37
mixed,128,64,0.5,4.0,16,8192,4096,16384,10240,16840.1,31666.1,20366.9,0.2379
mixed,128,64,0.5,4.0,32,0,128,512,320,393.57,620.515,427.297,0.1486
mixed,128,64,0.5,4.0,32,0,256,1024,640,737.953,1069.51,711.555,-0.0796
mixed,128,64,0.5,4.0,32,0,512,2048,1280,1297.44,2376.84,1244.42,-0.0491
mixed,128,64,0.5,4.0,32,0,1024,4096,2560,3613.32,6514.93,2984.72,-0.2166
mixed,128,64,0.5,4.0,32,0,2048,8192,5120,8105.79,12902.2,10060.4,0.4075
mixed,128,64,0.5,4.0,32,0,4096,16384,10240,16378.2,30004.5,20216.7,0.2817
mixed,128,64,0.5,4.0,32,512,128,512,320,410.657,650.371,446.05,0.1476
mixed,128,64,0.5,4.0,32,512,256,1024,640,759.842,1101.92,737.826,-0.0644
mixed,128,64,0.5,4.0,32,512,512,2048,1280,1334.12,2389.06,1290.18,-0.0416
mixed,128,64,0.5,4.0,32,512,1024,4096,2560,3615.72,6527.77,3132.62,-0.1659
mixed,128,64,0.5,4.0,32,512,2048,8192,5120,8108.12,12904.7,10093.2,0.4139
mixed,128,64,0.5,4.0,32,512,4096,16384,10240,16372.9,30582.3,20207.5,0.2699
mixed,128,64,0.5,4.0,32,1024,128,512,320,431.267,635.779,454.721,0.1147
mixed,128,64,0.5,4.0,32,1024,256,1024,640,749.347,1078.31,721.603,-0.0843
mixed,128,64,0.5,4.0,32,1024,512,2048,1280,1305.64,2312.91,1249,-0.0562
mixed,128,64,0.5,4.0,32,1024,1024,4096,2560,3592.52,6528.37,3035.98,-0.1896
mixed,128,64,0.5,4.0,32,1024,2048,8192,5120,8106.78,12916.4,10102.2,0.4149
mixed,128,64,0.5,4.0,32,1024,4096,16384,10240,16409.2,30649.8,20208,0.2668
mixed,128,64,0.5,4.0,32,2048,128,512,320,495.233,702.339,518.561,0.1126
mixed,128,64,0.5,4.0,32,2048,256,1024,640,795.171,1082.53,769.763,-0.0884
mixed,128,64,0.5,4.0,32,2048,512,2048,1280,1306.18,2432.3,1254.56,-0.0458
mixed,128,64,0.5,4.0,32,2048,1024,4096,2560,3647.18,6558.01,3157.32,-0.1683
mixed,128,64,0.5,4.0,32,2048,2048,8192,5120,8164.19,13109.5,10093.6,0.3902
mixed,128,64,0.5,4.0,32,2048,4096,16384,10240,16433.5,31420.4,20227,0.2531
mixed,128,64,0.5,4.0,32,4096,128,512,320,619.426,832.547,645.283,0.1213
mixed,128,64,0.5,4.0,32,4096,256,1024,640,938.98,1207.81,901.732,-0.1386
mixed,128,64,0.5,4.0,32,4096,512,2048,1280,1433.57,2524.59,1371.2,-0.0572
mixed,128,64,0.5,4.0,32,4096,1024,4096,2560,3677.1,6570.23,3197.07,-0.1659
mixed,128,64,0.5,4.0,32,4096,2048,8192,5120,8170.34,13463.2,10130.2,0.3703
mixed,128,64,0.5,4.0,32,4096,4096,16384,10240,17643.1,31570.8,20286,0.1898
mixed,128,64,0.5,4.0,32,8192,128,512,320,867.939,1091.3,895.555,0.1236
mixed,128,64,0.5,4.0,32,8192,256,1024,640,1203.27,1517.96,1159.46,-0.1392
mixed,128,64,0.5,4.0,32,8192,512,2048,1280,1701.57,2823.91,1639.14,-0.0556
mixed,128,64,0.5,4.0,32,8192,1024,4096,2560,3863.76,6879.61,3552.62,-0.1032
mixed,128,64,0.5,4.0,32,8192,2048,8192,5120,8484.45,13058,10183,0.3714
mixed,128,64,0.5,4.0,32,8192,4096,16384,10240,18180.8,31781.8,20363.6,0.1605
mixed,128,64,0.5,4.0,64,0,128,512,320,406.88,636.161,443.362,0.1591
mixed,128,64,0.5,4.0,64,0,256,1024,640,756.003,1100.39,735.619,-0.0592
mixed,128,64,0.5,4.0,64,0,512,2048,1280,1299.36,2373.42,1248.1,-0.0477
mixed,128,64,0.5,4.0,64,0,1024,4096,2560,3611.28,6515.51,2950.54,-0.2275
mixed,128,64,0.5,4.0,64,0,2048,8192,5120,8109.82,12882.1,10096,0.4162
mixed,128,64,0.5,4.0,64,0,4096,16384,10240,16479.4,29141.2,20211.9,0.2948
mixed,128,64,0.5,4.0,64,512,128,512,320,400.386,635.714,431.616,0.1327
mixed,128,64,0.5,4.0,64,512,256,1024,640,744.833,1074.85,719.202,-0.0777
mixed,128,64,0.5,4.0,64,512,512,2048,1280,1302.4,2378.28,1255.27,-0.0438
mixed,128,64,0.5,4.0,64,512,1024,4096,2560,3602.86,6529.11,3095.37,-0.1734
mixed,128,64,0.5,4.0,64,512,2048,8192,5120,8117.5,12943.8,10075.9,0.4058
mixed,128,64,0.5,4.0,64,512,4096,16384,10240,16390.5,30796.4,20223.4,0.2661
mixed,128,64,0.5,4.0,64,1024,128,512,320,432.897,640.513,452.898,0.0963
mixed,128,64,0.5,4.0,64,1024,256,1024,640,749.538,1081.32,723.778,-0.0776
mixed,128,64,0.5,4.0,64,1024,512,2048,1280,1308.58,2332.81,1250.31,-0.0569
mixed,128,64,0.5,4.0,64,1024,1024,4096,2560,3586,6524.31,3060.14,-0.179
mixed,128,64,0.5,4.0,64,1024,2048,8192,5120,8124.8,12901.7,10105.8,0.4147
mixed,128,64,0.5,4.0,64,1024,4096,16384,10240,16285.9,31294.1,20233.3,0.263
mixed,128,64,0.5,4.0,64,2048,128,512,320,512.672,730.242,537.346,0.1134
mixed,128,64,0.5,4.0,64,2048,256,1024,640,817.731,1112.04,795.939,-0.074
mixed,128,64,0.5,4.0,64,2048,512,2048,1280,1344.26,2453.58,1279.91,-0.058
mixed,128,64,0.5,4.0,64,2048,1024,4096,2560,3636.95,6551.29,3134.99,-0.1722
mixed,128,64,0.5,4.0,64,2048,2048,8192,5120,8202.68,13045.3,10126.6,0.3973
mixed,128,64,0.5,4.0,64,2048,4096,16384,10240,16869,29628.7,20278.5,0.2672
mixed,128,64,0.5,4.0,64,4096,128,512,320,622.274,844.227,647.586,0.114
mixed,128,64,0.5,4.0,64,4096,256,1024,640,940.035,1215.94,905.797,-0.1241
mixed,128,64,0.5,4.0,64,4096,512,2048,1280,1438.34,2543.18,1382.56,-0.0505
mixed,128,64,0.5,4.0,64,4096,1024,4096,2560,3649.61,6596.73,3173.93,-0.1614
mixed,128,64,0.5,4.0,64,4096,2048,8192,5120,8179.07,13487.3,10151.8,0.3716
mixed,128,64,0.5,4.0,64,4096,4096,16384,10240,17099.9,31327.1,20309.9,0.2256
mixed,128,64,0.5,4.0,64,8192,128,512,320,871.555,1093.35,897.284,0.116
mixed,128,64,0.5,4.0,64,8192,256,1024,640,1205.57,1521.83,1160.93,-0.1411
mixed,128,64,0.5,4.0,64,8192,512,2048,1280,1740.33,2874.76,1695.2,-0.0398
mixed,128,64,0.5,4.0,64,8192,1024,4096,2560,3979.89,6916.15,3613.26,-0.1249
mixed,128,64,0.5,4.0,64,8192,2048,8192,5120,8497.92,13050.1,10201.7,0.3743
mixed,128,64,0.5,4.0,64,8192,4096,16384,10240,17307.7,30486,20359,0.2315
mixed,128,64,0.5,4.0,128,0,128,512,320,408.801,635.938,443.427,0.1524
mixed,128,64,0.5,4.0,128,0,256,1024,640,752.196,1088.42,731.139,-0.0626
mixed,128,64,0.5,4.0,128,0,512,2048,1280,1317.99,2371.27,1264.48,-0.0508
mixed,128,64,0.5,4.0,128,0,1024,4096,2560,3596.94,6532.73,3053.51,-0.1851
mixed,128,64,0.5,4.0,128,0,2048,8192,5120,8115.07,12885.1,10108.5,0.4179
mixed,128,64,0.5,4.0,128,0,4096,16384,10240,16442.4,31587.1,20212.8,0.249
mixed,128,64,0.5,4.0,128,512,128,512,320,417.6,652.544,450.401,0.1396
mixed,128,64,0.5,4.0,128,512,256,1024,640,763.746,1091.52,739.97,-0.0725
mixed,128,64,0.5,4.0,128,512,512,2048,1280,1319.88,2338.25,1277.99,-0.0411
mixed,128,64,0.5,4.0,128,512,1024,4096,2560,3609.17,6539.61,3117.26,-0.1679
mixed,128,64,0.5,4.0,128,512,2048,8192,5120,8125.06,12885.8,10095,0.4138
mixed,128,64,0.5,4.0,128,512,4096,16384,10240,16340.9,29813.1,20226.9,0.2884
mixed,128,64,0.5,4.0,128,1024,128,512,320,446.752,660.929,472.289,0.1192
mixed,128,64,0.5,4.0,128,1024,256,1024,640,769.666,1105.09,748.48,-0.0632
mixed,128,64,0.5,4.0,128,1024,512,2048,1280,1329.54,2346.34,1270.4,-0.0582
mixed,128,64,0.5,4.0,128,1024,1024,4096,2560,3611.09,6539.99,3075.91,-0.1827
mixed,128,64,0.5,4.0,128,1024,2048,8192,5120,8134.69,12976.9,10103.1,0.4065
mixed,128,64,0.5,4.0,128,1024,4096,16384,10240,16346.4,31323.9,20245.5,0.2603
mixed,128,64,0.5,4.0,128,2048,128,512,320,515.81,732.291,544.002,0.1302
mixed,128,64,0.5,4.0,128,2048,256,1024,640,830.244,1116.36,796.963,-0.1163
mixed,128,64,0.5,4.0,128,2048,512,2048,1280,1338.66,2439.05,1276.65,-0.0564
mixed,128,64,0.5,4.0,128,2048,1024,4096,2560,3640.21,6606.62,3279.21,-0.1217
mixed,128,64,0.5,4.0,128,2048,2048,8192,5120,8256.25,13307,10137.4,0.3724
mixed,128,64,0.5,4.0,128,2048,4096,16384,10240,17143.7,31513.2,20263.3,0.2171
mixed,128,64,0.5,4.0,128,4096,128,512,320,657.667,864.578,684.035,0.1274
mixed,128,64,0.5,4.0,128,4096,256,1024,640,961.987,1273.79,939.14,-0.0733
mixed,128,64,0.5,4.0,128,4096,512,2048,1280,1480.45,2554.98,1404.9,-0.0703
mixed,128,64,0.5,4.0,128,4096,1024,4096,2560,3642.35,6794.46,3473.45,-0.0536
mixed,128,64,0.5,4.0,128,4096,2048,8192,5120,8448.7,14724.1,10156.9,0.2722
mixed,128,64,0.5,4.0,128,4096,4096,16384,10240,19355.2,31394.2,20335.1,0.0814
mixed,128,64,0.5,4.0,128,8192,128,512,320,905.761,1127.33,932.996,0.1229
mixed,128,64,0.5,4.0,128,8192,256,1024,640,1239.75,1519.72,1215.59,-0.0863
mixed,128,64,0.5,4.0,128,8192,512,2048,1280,1704.42,2814.98,1676.07,-0.0255
mixed,128,64,0.5,4.0,128,8192,1024,4096,2560,3992.08,6860.28,3611.09,-0.1328
mixed,128,64,0.5,4.0,128,8192,2048,8192,5120,8561.73,13468.1,10197.5,0.3334
mixed,128,64,0.5,4.0,128,8192,4096,16384,10240,18315.9,32052.1,20401.6,0.1518
mixed,128,64,0.5,4.0,256,0,128,512,320,438.275,665.635,471.65,0.1468
mixed,128,64,0.5,4.0,256,0,256,1024,640,780.803,1111.68,758.147,-0.0685
mixed,128,64,0.5,4.0,256,0,512,2048,1280,1343.24,2347.91,1292.87,-0.0501
mixed,128,64,0.5,4.0,256,0,1024,4096,2560,3652.94,6530.04,3029.19,-0.2168
mixed,128,64,0.5,4.0,256,0,2048,8192,5120,8123.36,12893.5,10101,0.4146
mixed,128,64,0.5,4.0,256,0,4096,16384,10240,17019.3,30010.8,20236.4,0.2476
mixed,128,64,0.5,4.0,256,512,128,512,320,451.906,680.033,482.306,0.1333
mixed,128,64,0.5,4.0,256,512,256,1024,640,794.563,1123.97,767.875,-0.081
mixed,128,64,0.5,4.0,256,512,512,2048,1280,1347.37,2356.87,1306.92,-0.0401
mixed,128,64,0.5,4.0,256,512,1024,4096,2560,3612.53,6542.61,3124.78,-0.1665
mixed,128,64,0.5,4.0,256,512,2048,8192,5120,8138.4,12912.8,10129.3,0.417
mixed,128,64,0.5,4.0,256,512,4096,16384,10240,16364.2,31040,20225.8,0.2631
mixed,128,64,0.5,4.0,256,1024,128,512,320,495.33,704.77,518.816,0.1121
mixed,128,64,0.5,4.0,256,1024,256,1024,640,810.659,1142.28,784.069,-0.0802
mixed,128,64,0.5,4.0,256,1024,512,2048,1280,1360,2421.99,1341.76,-0.0172
mixed,128,64,0.5,4.0,256,1024,1024,4096,2560,3622.96,6546.01,3247.4,-0.1285
mixed,128,64,0.5,4.0,256,1024,2048,8192,5120,8141.56,12952.1,10132.1,0.4138
mixed,128,64,0.5,4.0,256,1024,4096,16384,10240,16293.6,30598.7,20249.7,0.2766
mixed,128,64,0.5,4.0,256,2048,128,512,320,581.698,787.652,596.034,0.0696
mixed,128,64,0.5,4.0,256,2048,256,1024,640,889.155,1177.35,850.627,-0.1337
mixed,128,64,0.5,4.0,256,2048,512,2048,1280,1384.64,2551.91,1322.95,-0.0529
mixed,128,64,0.5,4.0,256,2048,1024,4096,2560,3615.28,6730.97,3308.07,-0.0986
mixed,128,64,0.5,4.0,256,2048,2048,8192,5120,8488.7,14074.3,10177.9,0.3024
mixed,128,64,0.5,4.0,256,2048,4096,16384,10240,17643.5,31702.8,20279.8,0.1875
mixed,128,64,0.5,4.0,256,4096,128,512,320,732.162,955.909,769.732,0.1679
mixed,128,64,0.5,4.0,256,4096,256,1024,640,1103.56,1396.23,1012.48,-0.3112
mixed,128,64,0.5,4.0,256,4096,512,2048,1280,1528.45,2523.47,1472.1,-0.0566
mixed,128,64,0.5,4.0,256,4096,1024,4096,2560,3655.57,6789.18,3448.88,-0.066
mixed,128,64,0.5,4.0,256,4096,2048,8192,5120,8533.15,15803.4,10199.1,0.2291
mixed,128,64,0.5,4.0,256,4096,4096,16384,10240,19773.6,31892.6,20419.2,0.0533
mixed,128,64,0.5,4.0,256,8192,128,512,320,992.835,1243.33,1029.96,0.1482
mixed,128,64,0.5,4.0,256,8192,256,1024,640,1364.64,1702.6,1314.4,-0.1487
mixed,128,64,0.5,4.0,256,8192,512,2048,1280,1947.05,2658.44,1780.71,-0.2338
mixed,128,64,0.5,4.0,256,8192,1024,4096,2560,4154.93,6903.29,3956.01,-0.0724
mixed,128,64,0.5,4.0,256,8192,2048,8192,5120,8805.76,13513.7,10220.6,0.3005
mixed,128,64,0.5,4.0,256,8192,4096,16384,10240,19341.7,32226,20483.1,0.0886
mixed,128,64,0.5,4.0,512,0,128,512,320,490.691,716.193,545.282,0.2421
mixed,128,64,0.5,4.0,512,0,256,1024,640,858.819,1198.09,827.299,-0.0929
mixed,128,64,0.5,4.0,512,0,512,2048,1280,1411.94,2448.78,1384.77,-0.0262
mixed,128,64,0.5,4.0,512,0,1024,4096,2560,3624.24,6559.19,3327.79,-0.101
mixed,128,64,0.5,4.0,512,0,2048,8192,5120,8139.27,12926.9,10135.8,0.417
mixed,128,64,0.5,4.0,512,0,4096,16384,10240,16374.2,30329.3,20256,0.2782
mixed,128,64,0.5,4.0,512,512,128,512,320,529.859,742.339,587.361,0.2706
mixed,128,64,0.5,4.0,512,512,256,1024,640,877.349,1189.83,830.915,-0.1486
mixed,128,64,0.5,4.0,512,512,512,2048,1280,1414.02,2382.82,1354.4,-0.0615
mixed,128,64,0.5,4.0,512,512,1024,4096,2560,3684.62,6571.13,3241.77,-0.1534
mixed,128,64,0.5,4.0,512,512,2048,8192,5120,8150.08,12955,10137.7,0.4137
mixed,128,64,0.5,4.0,512,512,4096,16384,10240,17315.1,30753.7,20263.3,0.2194
mixed,128,64,0.5,4.0,512,1024,128,512,320,577.376,788.451,605.695,0.1342
mixed,128,64,0.5,4.0,512,1024,256,1024,640,899.81,1216.84,857.091,-0.1347
mixed,128,64,0.5,4.0,512,1024,512,2048,1280,1443.46,2474.89,1377.96,-0.0635
mixed,128,64,0.5,4.0,512,1024,1024,4096,2560,3600.4,6579.45,3329.64,-0.0909
mixed,128,64,0.5,4.0,512,1024,2048,8192,5120,8166.94,12970.6,10146.1,0.412
mixed,128,64,0.5,4.0,512,1024,4096,16384,10240,16650.5,31645.6,20267,0.2412
mixed,128,64,0.5,4.0,512,2048,128,512,320,672.292,889.092,701.347,0.134
mixed,128,64,0.5,4.0,512,2048,256,1024,640,1004.03,1335.56,955.46,-0.1465
mixed,128,64,0.5,4.0,512,2048,512,2048,1280,1538.98,2462.79,1429.7,-0.1183
mixed,128,64,0.5,4.0,512,2048,1024,4096,2560,3739.44,7984.67,3535.37,-0.0481
mixed,128,64,0.5,4.0,512,2048,2048,8192,5120,9548.07,15573.7,10261.3,0.1184
mixed,128,64,0.5,4.0,512,2048,4096,16384,10240,19514.6,31622.3,20356.2,0.0695
mixed,128,64,0.5,4.0,512,4096,128,512,320,849.539,1074.72,893.955,0.1972
mixed,128,64,0.5,4.0,512,4096,256,1024,640,1185.44,1517.44,1150.5,-0.1053
mixed,128,64,0.5,4.0,512,4096,512,2048,1280,1760.52,2432.87,1618.92,-0.2106
mixed,128,64,0.5,4.0,512,4096,1024,4096,2560,3859.86,6852.31,3672.46,-0.0626
mixed,128,64,0.5,4.0,512,4096,2048,8192,5120,8784.61,16337.4,10202.1,0.1877
mixed,128,64,0.5,4.0,512,4096,4096,16384,10240,20384.5,32570.1,20578.2,0.0159
mixed,128,64,0.5,4.0,512,8192,128,512,320,1199.59,1419.4,1244.07,0.2024
mixed,128,64,0.5,4.0,512,8192,256,1024,640,1536.64,1879.37,1519.94,-0.0487
mixed,128,64,0.5,4.0,512,8192,512,2048,1280,2108.01,3001.71,2010.6,-0.109
mixed,128,64,0.5,4.0,512,8192,1024,4096,2560,4500.24,7072.7,3273.16,-0.477
mixed,128,64,0.5,4.0,512,8192,2048,8192,5120,9479.14,13616.4,10084.5,0.1463
mixed,128,64,0.5,4.0,512,8192,4096,16384,10240,19884.2,32580.5,20613.1,0.0574
mixed,128,64,0.5,4.0,1024,0,128,512,320,626.339,844.706,664.228,0.1735
mixed,128,64,0.5,4.0,1024,0,256,1024,640,971.683,1297.7,943.425,-0.0867
mixed,128,64,0.5,4.0,1024,0,512,2048,1280,1573.03,2528.94,1473.67,-0.1039
mixed,128,64,0.5,4.0,1024,0,1024,4096,2560,3720.75,6597.62,3300.05,-0.1462
mixed,128,64,0.5,4.0,1024,0,2048,8192,5120,8189.98,12965.8,10182,0.4171
mixed,128,64,0.5,4.0,1024,0,4096,16384,10240,16383.7,31472.6,20300.3,0.2596
mixed,128,64,0.5,4.0,1024,512,128,512,320,694.818,899.267,735.874,0.2008
mixed,128,64,0.5,4.0,1024,512,256,1024,640,1010.63,1342.92,990.466,-0.0607
mixed,128,64,0.5,4.0,1024,512,512,2048,1280,1582.5,2548.26,1514.66,-0.0702
mixed,128,64,0.5,4.0,1024,512,1024,4096,2560,3745.3,6605.91,3388.75,-0.1246
mixed,128,64,0.5,4.0,1024,512,2048,8192,5120,8199.87,12995.2,10190.8,0.4152
mixed,128,64,0.5,4.0,1024,512,4096,16384,10240,16521.7,30835.7,20301.4,0.2641
mixed,128,64,0.5,4.0,1024,1024,128,512,320,760.995,968.387,804.709,0.2108
mixed,128,64,0.5,4.0,1024,1024,256,1024,640,1111.75,1429.29,1080.45,-0.0986
mixed,128,64,0.5,4.0,1024,1024,512,2048,1280,1647.49,2444.9,1557.93,-0.1123
mixed,128,64,0.5,4.0,1024,1024,1024,4096,2560,3726.54,6639.19,3596.33,-0.0447
mixed,128,64,0.5,4.0,1024,1024,2048,8192,5120,8255.74,13162,10234.9,0.4034
mixed,128,64,0.5,4.0,1024,1024,4096,16384,10240,16702.2,31705.4,20319.4,0.2411
mixed,128,64,0.5,4.0,1024,2048,128,512,320,888.93,1091.08,939.203,0.2487
mixed,128,64,0.5,4.0,1024,2048,256,1024,640,1200.81,1519.69,1192.07,-0.0274
mixed,128,64,0.5,4.0,1024,2048,512,2048,1280,1743.97,2515.14,1664.16,-0.1035
mixed,128,64,0.5,4.0,1024,2048,1024,4096,2560,3816.24,8394.98,3056.94,-0.1658
mixed,128,64,0.5,4.0,1024,2048,2048,8192,5120,10455,16161,10431.3,-0.0042
mixed,128,64,0.5,4.0,1024,2048,4096,16384,10240,20445.7,32351.7,20651.1,0.0173
mixed,128,64,0.5,4.0,1024,4096,128,512,320,1140.77,1336.2,1183.94,0.2209
mixed,128,64,0.5,4.0,1024,4096,256,1024,640,1443.08,1764.33,1447.43,0.0135
mixed,128,64,0.5,4.0,1024,4096,512,2048,1280,1974.98,2836.17,1934.66,-0.0468
mixed,128,64,0.5,4.0,1024,4096,1024,4096,2560,4100.91,7092.51,3047.43,-0.3521
mixed,128,64,0.5,4.0,1024,4096,2048,8192,5120,10144.4,16741,10322.4,0.027
mixed,128,64,0.5,4.0,1024,4096,4096,16384,10240,20871.5,33376,20865,-0.0005
mixed,128,64,0.5,4.0,1024,8192,128,512,320,1606.02,1815.08,1649.03,0.2057
mixed,128,64,0.5,4.0,1024,8192,256,1024,640,1930.89,2265.61,1953.38,0.0672
mixed,128,64,0.5,4.0,1024,8192,512,2048,1280,2504.97,3271.31,2457.35,-0.0621
mixed,128,64,0.5,4.0,1024,8192,1024,4096,2560,5055.99,8299.1,3621.2,-0.4424
mixed,128,64,0.5,4.0,1024,8192,2048,8192,5120,10652.4,14641.9,9787.01,-0.2169
mixed,128,64,0.5,4.0,1024,8192,4096,16384,10240,20896.2,33315.2,20949.7,0.0043
mixed,128,64,0.5,4.0,2048,0,128,512,320,990.501,1171.01,1035.94,0.2517
mixed,128,64,0.5,4.0,2048,0,256,1024,640,1279.46,1614.38,1293.7,0.0425
mixed,128,64,0.5,4.0,2048,0,512,2048,1280,1918.32,2644.94,1815.11,-0.142
mixed,128,64,0.5,4.0,2048,0,1024,4096,2560,3949.3,6890.58,3205.26,-0.253
mixed,128,64,0.5,4.0,2048,0,2048,8192,5120,8517.51,14113.3,10295,0.3176
mixed,128,64,0.5,4.0,2048,0,4096,16384,10240,18151.5,31356.3,20360.3,0.1673
mixed,128,64,0.5,4.0,2048,512,128,512,320,1095.81,1273.8,1136.87,0.2307
mixed,128,64,0.5,4.0,2048,512,256,1024,640,1380.74,1688.16,1400.87,0.0655
mixed,128,64,0.5,4.0,2048,512,512,2048,1280,1920.93,2697.8,1900.71,-0.026
mixed,128,64,0.5,4.0,2048,512,1024,4096,2560,4367.57,7845.24,3296.01,-0.3081
mixed,128,64,0.5,4.0,2048,512,2048,8192,5120,9341.19,15205,10322,0.1673
mixed,128,64,0.5,4.0,2048,512,4096,16384,10240,19012.4,31791.7,20375.5,0.1067
mixed,128,64,0.5,4.0,2048,1024,128,512,320,1194.34,1374.44,1270.09,0.4206
mixed,128,64,0.5,4.0,2048,1024,256,1024,640,1484.49,1786.79,1570.98,0.2861
mixed,128,64,0.5,4.0,2048,1024,512,2048,1280,2003.69,2824.14,1971.33,-0.0394
mixed,128,64,0.5,4.0,2048,1024,1024,4096,2560,4042.67,8269.95,3442.57,-0.142
mixed,128,64,0.5,4.0,2048,1024,2048,8192,5120,10221,15944.3,10368.7,0.0258
mixed,128,64,0.5,4.0,2048,1024,4096,16384,10240,19910.7,31901.7,20404.6,0.0412
mixed,128,64,0.5,4.0,2048,2048,128,512,320,1405.8,1575.91,1441.67,0.2109
mixed,128,64,0.5,4.0,2048,2048,256,1024,640,1677.7,2000.04,1712.58,0.1082
mixed,128,64,0.5,4.0,2048,2048,512,2048,1280,2219.94,2987.21,2199.85,-0.0262
mixed,128,64,0.5,4.0,2048,2048,1024,4096,2560,4688.11,8723.62,3565.42,-0.2782
mixed,128,64,0.5,4.0,2048,2048,2048,8192,5120,10819.7,17122.9,10805.1,-0.0023
mixed,128,64,0.5,4.0,2048,2048,4096,16384,10240,21308.8,33891.7,21256.7,-0.0041
mixed,128,64,0.5,4.0,2048,4096,128,512,320,1803.97,1975.66,1845.61,0.2425
mixed,128,64,0.5,4.0,2048,4096,256,1024,640,2071.94,2388.97,2102.66,0.0969
mixed,128,64,0.5,4.0,2048,4096,512,2048,1280,2614.22,3357.64,2607.3,-0.0093
mixed,128,64,0.5,4.0,2048,4096,1024,4096,2560,5083.89,8242.91,3909.65,-0.3717
mixed,128,64,0.5,4.0,2048,4096,2048,8192,5120,10698.4,17149,10862.5,0.0254
mixed,128,64,0.5,4.0,2048,4096,4096,16384,10240,21353.2,33978.8,21424.3,0.0056
mixed,128,64,0.5,4.0,2048,8192,128,512,320,2598.51,2780.97,2641.57,0.236
mixed,128,64,0.5,4.0,2048,8192,256,1024,640,2854.8,3158.31,2963.59,0.3585
mixed,128,64,0.5,4.0,2048,8192,512,2048,1280,3376.27,4091.47,3393.45,0.024
mixed,128,64,0.5,4.0,2048,8192,1024,4096,2560,5650.29,8821.03,4767.09,-0.2785
mixed,128,64,0.5,4.0,2048,8192,2048,8192,5120,10956.7,16637.7,10919,-0.0066
mixed,128,64,0.5,4.0,2048,8192,4096,16384,10240,21445.2,34034.7,21507.1,0.0049
pure,128,96,0.75,4.0,0,0,128,512,416,299.65,372.228,311.202,0.1592
pure,128,96,0.75,4.0,0,0,256,1024,832,569.345,678.083,601.346,0.2943
pure,128,96,0.75,4.0,0,0,512,2048,1664,1004.01,1208.07,1079.2,0.3685
pure,128,96,0.75,4.0,0,0,1024,4096,3328,1873.06,2279.82,2010.86,0.3388
pure,128,96,0.75,4.0,0,0,2048,8192,6656,3606.86,4386.48,3820.27,0.2737
pure,128,96,0.75,4.0,0,0,4096,16384,13312,7030.46,8598.4,7467.84,0.2789
mixed,128,96,0.75,4.0,16,0,128,512,416,504.963,618.689,530.466,0.2242
mixed,128,96,0.75,4.0,16,0,256,1024,832,867.555,1067.11,932.741,0.3267
mixed,128,96,0.75,4.0,16,0,512,2048,1664,1719.56,2391.43,1684.36,-0.0524
mixed,128,96,0.75,4.0,16,0,1024,4096,3328,5295.38,6521.4,4073.68,-0.9965
mixed,128,96,0.75,4.0,16,0,2048,8192,6656,10493.3,12895,10422.2,-0.0296
mixed,128,96,0.75,4.0,16,0,4096,16384,13312,22092,30233.3,26500.8,0.5415
mixed,128,96,0.75,4.0,16,512,128,512,416,513.25,628.417,536.675,0.2034
mixed,128,96,0.75,4.0,16,512,256,1024,832,872.771,1074.15,933.443,0.3013
mixed,128,96,0.75,4.0,16,512,512,2048,1664,1723.37,2342.7,1681.77,-0.0672
mixed,128,96,0.75,4.0,16,512,1024,4096,3328,5300.76,6514.58,4057.55,-1.0242
mixed,128,96,0.75,4.0,16,512,2048,8192,6656,10492.8,12912.5,10870.2,0.156
mixed,128,96,0.75,4.0,16,512,4096,16384,13312,22231.4,30770.1,26498.5,0.4997
mixed,128,96,0.75,4.0,16,1024,128,512,416,538.466,637.091,541.633,0.0321
mixed,128,96,0.75,4.0,16,1024,256,1024,832,876.163,1076.42,939.397,0.3158
mixed,128,96,0.75,4.0,16,1024,512,2048,1664,1731.56,2363.08,1686.98,-0.0706
mixed,128,96,0.75,4.0,16,1024,1024,4096,3328,5296.98,6517.33,4059.09,-1.0144
mixed,128,96,0.75,4.0,16,1024,2048,8192,6656,10493.7,12875.1,10169.2,-0.1363
mixed,128,96,0.75,4.0,16,1024,4096,16384,13312,23621.5,30423.1,26516.7,0.4257
mixed,128,96,0.75,4.0,16,2048,128,512,416,602.85,701.793,605.92,0.031
mixed,128,96,0.75,4.0,16,2048,256,1024,832,902.947,1080.77,952.162,0.2768
mixed,128,96,0.75,4.0,16,2048,512,2048,1664,1736.1,2403.24,1706.44,-0.0445
mixed,128,96,0.75,4.0,16,2048,1024,4096,3328,5255.03,6552.63,4023.63,-0.949
mixed,128,96,0.75,4.0,16,2048,2048,8192,6656,10551.7,13003,10383.6,-0.0686
mixed,128,96,0.75,4.0,16,2048,4096,16384,13312,23190.6,29193.2,26553.5,0.5603
mixed,128,96,0.75,4.0,16,4096,128,512,416,726.627,834.723,743.075,0.1522
mixed,128,96,0.75,4.0,16,4096,256,1024,832,1040.04,1214.28,1085.57,0.2614
mixed,128,96,0.75,4.0,16,4096,512,2048,1664,1844.26,2515.11,1745.35,-0.1474
mixed,128,96,0.75,4.0,16,4096,1024,4096,3328,5370.74,6562.04,4247.89,-0.9425
mixed,128,96,0.75,4.0,16,4096,2048,8192,6656,10890.2,13617.5,11636.8,0.2738
mixed,128,96,0.75,4.0,16,4096,4096,16384,13312,23250.3,30646.9,26616.1,0.4551
mixed,128,96,0.75,4.0,16,8192,128,512,416,976.197,1086.21,989.444,0.1204
mixed,128,96,0.75,4.0,16,8192,256,1024,832,1334.47,1515.01,1332.93,-0.0085
mixed,128,96,0.75,4.0,16,8192,512,2048,1664,2129.41,2802.83,2027.69,-0.1511
mixed,128,96,0.75,4.0,16,8192,1024,4096,3328,5702.97,6869.24,4456.94,-1.0684
mixed,128,96,0.75,4.0,16,8192,2048,8192,6656,10672.2,13105.6,11990,0.5415
mixed,128,96,0.75,4.0,16,8192,4096,16384,13312,24541.6,31575.7,26655,0.3005
mixed,128,96,0.75,4.0,32,0,128,512,416,506.147,620.705,528.739,0.1972
mixed,128,96,0.75,4.0,32,0,256,1024,832,868.93,1068.52,933.827,0.3252
mixed,128,96,0.75,4.0,32,0,512,2048,1664,1721.29,2374.79,1682.95,-0.0587
mixed,128,96,0.75,4.0,32,0,1024,4096,3328,5299.03,6520.69,4018.8,-1.0479
mixed,128,96,0.75,4.0,32,0,2048,8192,6656,10481.2,12873.4,10825.7,0.144
mixed,128,96,0.75,4.0,32,0,4096,16384,13312,22782.6,30682,26516.6,0.4727
mixed,128,96,0.75,4.0,32,512,128,512,416,514.306,631.17,535.875,0.1846
mixed,128,96,0.75,4.0,32,512,256,1024,832,873.538,1073.64,935.075,0.3075
mixed,128,96,0.75,4.0,32,512,512,2048,1664,1719.11,2355.4,1688.01,-0.0489
mixed,128,96,0.75,4.0,32,512,1024,4096,3328,5313.14,6520.79,4076.91,-1.0237
mixed,128,96,0.75,4.0,32,512,2048,8192,6656,10506.1,12917.5,10388.5,-0.0487
mixed,128,96,0.75,4.0,32,512,4096,16384,13312,23863.3,30239.2,26518.2,0.4164
mixed,128,96,0.75,4.0,32,1024,128,512,416,541.282,638.306,541.252,-0.0003
mixed,128,96,0.75,4.0,32,1024,256,1024,832,877.571,1078.85,941.027,0.3153
mixed,128,96,0.75,4.0,32,1024,512,2048,1664,1733.57,2311.34,1692.74,-0.0707
mixed,128,96,0.75,4.0,32,1024,1024,4096,3328,5314.1,6520.41,4046.45,-1.0509
mixed,128,96,0.75,4.0,32,1024,2048,8192,6656,10499.8,12916.9,10426.8,-0.0302
mixed,128,96,0.75,4.0,32,1024,4096,16384,13312,23812.3,30708.5,26529.2,0.394
mixed,128,96,0.75,4.0,32,2048,128,512,416,603.875,698.691,606.914,0.0321
mixed,128,96,0.75,4.0,32,2048,256,1024,832,905.379,1084.9,954.434,0.2733
mixed,128,96,0.75,4.0,32,2048,512,2048,1664,1738.63,2435.69,1713.16,-0.0365
mixed,128,96,0.75,4.0,32,2048,1024,4096,3328,5251.67,6552.12,4056.24,-0.9192
mixed,128,96,0.75,4.0,32,2048,2048,8192,6656,10549.2,13022.2,10848.1,0.1209
mixed,128,96,0.75,4.0,32,2048,4096,16384,13312,21817.6,31649.9,26538.3,0.4801
mixed,128,96,0.75,4.0,32,4096,128,512,416,728.066,839.107,741.86,0.1242
mixed,128,96,0.75,4.0,32,4096,256,1024,832,1042.53,1208.45,1085.92,0.2615
mixed,128,96,0.75,4.0,32,4096,512,2048,1664,1846.28,2498.92,1746.5,-0.1529
mixed,128,96,0.75,4.0,32,4096,1024,4096,3328,5371.48,6569.72,4264.24,-0.924
mixed,128,96,0.75,4.0,32,4096,2048,8192,6656,10811.8,13473.6,11670.8,0.3227
mixed,128,96,0.75,4.0,32,4096,4096,16384,13312,23913.2,30967.9,26619.5,0.3836
mixed,128,96,0.75,4.0,32,8192,128,512,416,978.436,1089.41,992.323,0.1251
mixed,128,96,0.75,4.0,32,8192,256,1024,832,1332.87,1516.55,1332.32,-0.003
mixed,128,96,0.75,4.0,32,8192,512,2048,1664,2120.26,2819.47,2030.54,-0.1283
mixed,128,96,0.75,4.0,32,8192,1024,4096,3328,5691.93,6887,4477.61,-1.0161
mixed,128,96,0.75,4.0,32,8192,2048,8192,6656,10839,13150.9,11980.8,0.4939
mixed,128,96,0.75,4.0,32,8192,4096,16384,13312,24810.5,30993.7,26640.2,0.2959
mixed,128,96,0.75,4.0,64,0,128,512,416,506.049,620.516,528.735,0.1982
mixed,128,96,0.75,4.0,64,0,256,1024,832,872.61,1072.99,934.593,0.3093
mixed,128,96,0.75,4.0,64,0,512,2048,1664,1730.12,2359.75,1683.62,-0.0738
mixed,128,96,0.75,4.0,64,0,1024,4096,3328,5317.14,6515.93,4065.58,-1.044
mixed,128,96,0.75,4.0,64,0,2048,8192,6656,10513.4,12874.1,10689.5,0.0746
mixed,128,96,0.75,4.0,64,0,4096,16384,13312,23309.7,30548.8,26511.5,0.4423
mixed,128,96,0.75,4.0,64,512,128,512,416,514.724,635.746,535.618,0.1726
mixed,128,96,0.75,4.0,64,512,256,1024,832,876.866,1077.38,938.339,0.3066
mixed,128,96,0.75,4.0,64,512,512,2048,1664,1738.28,2339.21,1683.59,-0.091
mixed,128,96,0.75,4.0,64,512,1024,4096,3328,5304.53,6527.1,4059.15,-1.0187
mixed,128,96,0.75,4.0,64,512,2048,8192,6656,10501,12892.9,10568.7,0.0283
mixed,128,96,0.75,4.0,64,512,4096,16384,13312,21785.2,31142.3,26507.9,0.5047
mixed,128,96,0.75,4.0,64,1024,128,512,416,539.073,639.617,543.426,0.0433
mixed,128,96,0.75,4.0,64,1024,256,1024,832,881.668,1083.65,940.453,0.291
mixed,128,96,0.75,4.0,64,1024,512,2048,1664,1740.58,2307.62,1690.98,-0.0875
mixed,128,96,0.75,4.0,64,1024,1024,4096,3328,5324.37,6521.27,4096.85,-1.0256
mixed,128,96,0.75,4.0,64,1024,2048,8192,6656,10501.5,12885.3,9984.9,-0.2167
mixed,128,96,0.75,4.0,64,1024,4096,16384,13312,21593.8,30237.4,26521.4,0.5701
mixed,128,96,0.75,4.0,64,2048,128,512,416,606.914,710.082,610.08,0.0307
mixed,128,96,0.75,4.0,64,2048,256,1024,832,904.803,1085.25,957.091,0.2898
mixed,128,96,0.75,4.0,64,2048,512,2048,1664,1744.68,2439.91,1715.97,-0.0413
mixed,128,96,0.75,4.0,64,2048,1024,4096,3328,5261.33,6566.74,4062.35,-0.9185
mixed,128,96,0.75,4.0,64,2048,2048,8192,6656,10571.1,13085.1,10386.4,-0.0734
mixed,128,96,0.75,4.0,64,2048,4096,16384,13312,23296.9,30761.7,26542.8,0.4348
mixed,128,96,0.75,4.0,64,4096,128,512,416,731.202,846.787,745.218,0.1213
mixed,128,96,0.75,4.0,64,4096,256,1024,832,1040.64,1217.76,1090.08,0.2791
mixed,128,96,0.75,4.0,64,4096,512,2048,1664,1849.41,2526.09,1749.41,-0.1478
mixed,128,96,0.75,4.0,64,4096,1024,4096,3328,5382.96,6579.9,4255.76,-0.9417
mixed,128,96,0.75,4.0,64,4096,2048,8192,6656,10871.1,13552.5,11992.1,0.4181
mixed,128,96,0.75,4.0,64,4096,4096,16384,13312,25058,30977.7,26598.9,0.2603
mixed,128,96,0.75,4.0,64,8192,128,512,416,981.699,1094.4,992.227,0.0934
mixed,128,96,0.75,4.0,64,8192,256,1024,832,1339.2,1518.09,1347.43,0.046
mixed,128,96,0.75,4.0,64,8192,512,2048,1664,2134.41,2786.82,2035.53,-0.1516
mixed,128,96,0.75,4.0,64,8192,1024,4096,3328,5716.44,6923.48,4454.22,-1.0457
mixed,128,96,0.75,4.0,64,8192,2048,8192,6656,10801.8,13046.7,12147.7,0.5995
mixed,128,96,0.75,4.0,64,8192,4096,16384,13312,23217.2,31323.4,26638,0.422
mixed,128,96,0.75,4.0,128,0,128,512,416,522.786,635.298,548.416,0.2278
mixed,128,96,0.75,4.0,128,0,256,1024,832,890.755,1085.67,952.324,0.3159
mixed,128,96,0.75,4.0,128,0,512,2048,1664,1743.65,2352.68,1700.71,-0.0705
mixed,128,96,0.75,4.0,128,0,1024,4096,3328,5319.35,6528.24,4075.28,-1.0291
mixed,128,96,0.75,4.0,128,0,2048,8192,6656,10491.6,12916.7,10787.3,0.1219
mixed,128,96,0.75,4.0,128,0,4096,16384,13312,23859.5,30942.5,26535.2,0.3778
mixed,128,96,0.75,4.0,128,512,128,512,416,530.977,651.267,554.817,0.1982
mixed,128,96,0.75,4.0,128,512,256,1024,832,896.995,1090.31,954.147,0.2956
mixed,128,96,0.75,4.0,128,512,512,2048,1664,1748.01,2336.07,1706.34,-0.0708
mixed,128,96,0.75,4.0,128,512,1024,4096,3328,5335.28,6548.44,4067.57,-1.045
mixed,128,96,0.75,4.0,128,512,2048,8192,6656,10527.7,12882.8,10930.2,0.1709
mixed,128,96,0.75,4.0,128,512,4096,16384,13312,23843.8,31007.8,26531.5,0.3752
mixed,128,96,0.75,4.0,128,1024,128,512,416,551.905,660.225,566.242,0.1324
mixed,128,96,0.75,4.0,128,1024,256,1024,832,905.028,1103.46,958.883,0.2714
mixed,128,96,0.75,4.0,128,1024,512,2048,1664,1741.51,2327.59,1709.73,-0.0542
mixed,128,96,0.75,4.0,128,1024,1024,4096,3328,5328.73,6538.71,4070.19,-1.0401
mixed,128,96,0.75,4.0,128,1024,2048,8192,6656,10506.6,12932.9,10771.4,0.1092
mixed,128,96,0.75,4.0,128,1024,4096,16384,13312,22538.4,31266.1,26540.8,0.4586
mixed,128,96,0.75,4.0,128,2048,128,512,416,617.826,730.914,632.288,0.1279
mixed,128,96,0.75,4.0,128,2048,256,1024,832,951.395,1115.01,978.372,0.1649
mixed,128,96,0.75,4.0,128,2048,512,2048,1664,1754.92,2430.19,1744.9,-0.0148
mixed,128,96,0.75,4.0,128,2048,1024,4096,3328,5227.76,6615.93,4018.06,-0.8714
mixed,128,96,0.75,4.0,128,2048,2048,8192,6656,10777.6,13381.6,11019.3,0.0928
mixed,128,96,0.75,4.0,128,2048,4096,16384,13312,24072,31550.8,26581.2,0.3355
mixed,128,96,0.75,4.0,128,4096,128,512,416,759.809,865.092,773.506,0.1301
mixed,128,96,0.75,4.0,128,4096,256,1024,832,1102.88,1274.76,1117.28,0.0838
mixed,128,96,0.75,4.0,128,4096,512,2048,1664,1879.72,2601.32,1787.72,-0.1275
mixed,128,96,0.75,4.0,128,4096,1024,4096,3328,5517.75,6797.56,4454.9,-0.8305
mixed,128,96,0.75,4.0,128,4096,2048,8192,6656,11653.2,14944.5,12401.1,0.2272
mixed,128,96,0.75,4.0,128,4096,4096,16384,13312,25903,31798,26683.8,0.1324
mixed,128,96,0.75,4.0,128,8192,128,512,416,1012.1,1163.01,1068.32,0.3726
mixed,128,96,0.75,4.0,128,8192,256,1024,832,1415.97,1566.6,1449.25,0.2209
mixed,128,96,0.75,4.0,128,8192,512,2048,1664,2163.78,2874.41,2164.04,0.0004
mixed,128,96,0.75,4.0,128,8192,1024,4096,3328,5678.61,6859.99,5047.57,-0.5342
mixed,128,96,0.75,4.0,128,8192,2048,8192,6656,11242.3,13489,12341.8,0.4894
mixed,128,96,0.75,4.0,128,8192,4096,16384,13312,25716,31868.3,26684.4,0.1574
mixed,128,96,0.75,4.0,256,0,128,512,416,551.587,664.579,571.78,0.1787
mixed,128,96,0.75,4.0,256,0,256,1024,832,916.129,1113.86,969.635,0.2706
mixed,128,96,0.75,4.0,256,0,512,2048,1664,1750.47,2356.9,1718.57,-0.0526
mixed,128,96,0.75,4.0,256,0,1024,4096,3328,5331.86,6541.11,4046.99,-1.0625
mixed,128,96,0.75,4.0,256,0,2048,8192,6656,10520.4,12901.2,10963.4,0.1861
mixed,128,96,0.75,4.0,256,0,4096,16384,13312,22605.9,31160.3,26518.4,0.4574
mixed,128,96,0.75,4.0,256,512,128,512,416,562.626,679.203,583.202,0.1765
mixed,128,96,0.75,4.0,256,512,256,1024,832,930.884,1124.87,974.979,0.2273
mixed,128,96,0.75,4.0,256,512,512,2048,1664,1752.2,2350.15,1727.17,-0.0419
mixed,128,96,0.75,4.0,256,512,1024,4096,3328,5350.32,6548.5,4075.28,-1.0642
mixed,128,96,0.75,4.0,256,512,2048,8192,6656,10530.3,12920.7,10556.8,0.0111
mixed,128,96,0.75,4.0,256,512,4096,16384,13312,24841,31066.3,26541.1,0.2731
mixed,128,96,0.75,4.0,256,1024,128,512,416,598.242,703.651,606.497,0.0783
mixed,128,96,0.75,4.0,256,1024,256,1024,832,943.843,1143.43,985.382,0.2081
mixed,128,96,0.75,4.0,256,1024,512,2048,1664,1749.35,2433.58,1739.56,-0.0143
mixed,128,96,0.75,4.0,256,1024,1024,4096,3328,5347.19,6544.41,4086.99,-1.0526
mixed,128,96,0.75,4.0,256,1024,2048,8192,6656,10538.7,12934.8,10395.9,-0.0596
mixed,128,96,0.75,4.0,256,1024,4096,16384,13312,21754.2,30722.5,26542.8,0.5339
mixed,128,96,0.75,4.0,256,2048,128,512,416,684.228,788.58,686.242,0.0193
mixed,128,96,0.75,4.0,256,2048,256,1024,832,1016.77,1177.61,1025.38,0.0535
mixed,128,96,0.75,4.0,256,2048,512,2048,1664,1799.65,2557.48,1787.08,-0.0166
mixed,128,96,0.75,4.0,256,2048,1024,4096,3328,5276.72,6776.28,4078.83,-0.7988
mixed,128,96,0.75,4.0,256,2048,2048,8192,6656,10930.2,13666.5,11789.4,0.314
mixed,128,96,0.75,4.0,256,2048,4096,16384,13312,25349.4,31207,26598.5,0.2132
mixed,128,96,0.75,4.0,256,4096,128,512,416,845.089,951.907,838.243,-0.0641
mixed,128,96,0.75,4.0,256,4096,256,1024,832,1200.29,1377.61,1186.4,-0.0783
mixed,128,96,0.75,4.0,256,4096,512,2048,1664,1869.8,2527.95,1865.89,-0.0059
mixed,128,96,0.75,4.0,256,4096,1024,4096,3328,5557.68,6785.11,4856.4,-0.5713
mixed,128,96,0.75,4.0,256,4096,2048,8192,6656,12807.4,15668.5,12610.7,-0.0688
mixed,128,96,0.75,4.0,256,4096,4096,16384,13312,25777.9,31875.9,26772.4,0.1631
mixed,128,96,0.75,4.0,256,8192,128,512,416,1120.23,1240.45,1130.63,0.0865
mixed,128,96,0.75,4.0,256,8192,256,1024,832,1500.2,1705.7,1481.51,-0.0909
mixed,128,96,0.75,4.0,256,8192,512,2048,1664,2257.29,2661.06,2202.35,-0.1361
mixed,128,96,0.75,4.0,256,8192,1024,4096,3328,5679.86,6916.02,5088.75,-0.4782
mixed,128,96,0.75,4.0,256,8192,2048,8192,6656,11383.8,13545,12569.4,0.5486
mixed,128,96,0.75,4.0,256,8192,4096,16384,13312,26060,32129.5,26724.1,0.1094
mixed,128,96,0.75,4.0,512,0,128,512,416,604.002,717.057,621.858,0.1579
mixed,128,96,0.75,4.0,512,0,256,1024,832,970.757,1167.62,1008.87,0.1936
mixed,128,96,0.75,4.0,512,0,512,2048,1664,1795.11,2394.51,1762.86,-0.0538
mixed,128,96,0.75,4.0,512,0,1024,4096,3328,5345.4,6562.97,4093.33,-1.0283
mixed,128,96,0.75,4.0,512,0,2048,8192,6656,10564.2,12928.7,10408.5,-0.0658
mixed,128,96,0.75,4.0,512,0,4096,16384,13312,23146.3,31200.9,26548.7,0.4224
mixed,128,96,0.75,4.0,512,512,128,512,416,630.465,743.361,642.177,0.1037
mixed,128,96,0.75,4.0,512,512,256,1024,832,1009.28,1190.76,1025.96,0.0919
mixed,128,96,0.75,4.0,512,512,512,2048,1664,1782.69,2383.43,1774.34,-0.0139
mixed,128,96,0.75,4.0,512,512,1024,4096,3328,5360.02,6565.59,4082.54,-1.0596
mixed,128,96,0.75,4.0,512,512,2048,8192,6656,10542.6,12943.9,10486.6,-0.0233
mixed,128,96,0.75,4.0,512,512,4096,16384,13312,22544.5,30077.6,26570.9,0.5345
mixed,128,96,0.75,4.0,512,1024,128,512,416,682.595,814.53,713.443,0.2338
mixed,128,96,0.75,4.0,512,1024,256,1024,832,1055.62,1220.36,1077.41,0.1323
mixed,128,96,0.75,4.0,512,1024,512,2048,1664,1801.45,2475.4,1805.61,0.0062
mixed,128,96,0.75,4.0,512,1024,1024,4096,3328,5370.84,6570.97,4113.33,-1.0478
mixed,128,96,0.75,4.0,512,1024,2048,8192,6656,10574.1,12977.7,10625.6,0.0214
mixed,128,96,0.75,4.0,512,1024,4096,16384,13312,23353.3,31140.7,26574.7,0.4137
mixed,128,96,0.75,4.0,512,2048,128,512,416,779.428,889.508,791.011,0.1052
mixed,128,96,0.75,4.0,512,2048,256,1024,832,1135.52,1334.18,1124.42,-0.0559
mixed,128,96,0.75,4.0,512,2048,512,2048,1664,1853.25,2462.31,1900.87,0.0782
mixed,128,96,0.75,4.0,512,2048,1024,4096,3328,5627.99,7958.4,4226.77,-0.6013
mixed,128,96,0.75,4.0,512,2048,2048,8192,6656,12800.9,15696.9,12654.8,-0.0505
mixed,128,96,0.75,4.0,512,2048,4096,16384,13312,25306.2,31906.6,26683.4,0.2086
mixed,128,96,0.75,4.0,512,4096,128,512,416,958.403,1072.61,986.948,0.2499
mixed,128,96,0.75,4.0,512,4096,256,1024,832,1323.91,1518.76,1320.16,-0.0192
mixed,128,96,0.75,4.0,512,4096,512,2048,1664,2073.48,2433.16,2038.31,-0.0978
mixed,128,96,0.75,4.0,512,4096,1024,4096,3328,5595.06,6850.91,5098.51,-0.3954
mixed,128,96,0.75,4.0,512,4096,2048,8192,6656,13270.1,16320,12970.9,-0.0981
mixed,128,96,0.75,4.0,512,4096,4096,16384,13312,26449.4,32531.8,26997.6,0.0901
mixed,128,96,0.75,4.0,512,8192,128,512,416,1304.9,1417.73,1339.11,0.3032
mixed,128,96,0.75,4.0,512,8192,256,1024,832,1672.23,1880.84,1711.69,0.1891
mixed,128,96,0.75,4.0,512,8192,512,2048,1664,2500.9,3078.57,2392.42,-0.1878
mixed,128,96,0.75,4.0,512,8192,1024,4096,3328,5807.7,7108.47,5364.73,-0.3406
mixed,128,96,0.75,4.0,512,8192,2048,8192,6656,11490.2,13520.7,12752.9,0.6219
mixed,128,96,0.75,4.0,512,8192,4096,16384,13312,26525.5,32610.7,26924.2,0.0655
mixed,128,96,0.75,4.0,1024,0,128,512,416,730.69,856.675,750.532,0.1575
mixed,128,96,0.75,4.0,1024,0,256,1024,832,1105.44,1298.91,1126.76,0.1102
mixed,128,96,0.75,4.0,1024,0,512,2048,1664,1883.27,2525.49,1872.55,-0.0167
mixed,128,96,0.75,4.0,1024,0,1024,4096,3328,5402.23,6600.5,4142.89,-1.051
mixed,128,96,0.75,4.0,1024,0,2048,8192,6656,10570,12968,11093.3,0.2182
mixed,128,96,0.75,4.0,1024,0,4096,16384,13312,22081.1,31283.5,26644.9,0.4959
mixed,128,96,0.75,4.0,1024,512,128,512,416,796.675,897.412,820.034,0.2319
mixed,128,96,0.75,4.0,1024,512,256,1024,832,1149.86,1343.69,1166.37,0.0852
mixed,128,96,0.75,4.0,1024,512,512,2048,1664,1907.68,2543.75,1926.41,0.0294
mixed,128,96,0.75,4.0,1024,512,1024,4096,3328,5411.54,6601.72,4128.75,-1.0778
mixed,128,96,0.75,4.0,1024,512,2048,8192,6656,10581.5,13002.2,11274.3,0.2862
mixed,128,96,0.75,4.0,1024,512,4096,16384,13312,22757.5,31306.1,26623,0.4522
mixed,128,96,0.75,4.0,1024,1024,128,512,416,860.387,966.274,890.914,0.2883
mixed,128,96,0.75,4.0,1024,1024,256,1024,832,1205.41,1399.37,1217.25,0.0611
mixed,128,96,0.75,4.0,1024,1024,512,2048,1664,1970.31,2429.26,1971.53,0.0027
mixed,128,96,0.75,4.0,1024,1024,1024,4096,3328,5421.55,6638.97,4228.37,-0.9801
mixed,128,96,0.75,4.0,1024,1024,2048,8192,6656,10683.9,13066.1,12341.9,0.696
mixed,128,96,0.75,4.0,1024,1024,4096,16384,13312,23185.6,31686.1,26654.5,0.4081
mixed,128,96,0.75,4.0,1024,2048,128,512,416,989.187,1093.19,1027.91,0.3723
mixed,128,96,0.75,4.0,1024,2048,256,1024,832,1331.56,1519.59,1356.67,0.1336
mixed,128,96,0.75,4.0,1024,2048,512,2048,1664,2083.47,2516.04,2076.55,-0.016
mixed,128,96,0.75,4.0,1024,2048,1024,4096,3328,6137.08,8416.89,6218.36,0.0357
mixed,128,96,0.75,4.0,1024,2048,2048,8192,6656,13411.1,16156.3,13569.3,0.0576
mixed,128,96,0.75,4.0,1024,2048,4096,16384,13312,26032.9,32427.7,26968,0.1462
mixed,128,96,0.75,4.0,1024,4096,128,512,416,1235.88,1338.73,1267.91,0.3114
mixed,128,96,0.75,4.0,1024,4096,256,1024,832,1584.52,1762.24,1637.89,0.3003
mixed,128,96,0.75,4.0,1024,4096,512,2048,1664,2309.67,2838.51,2276.04,-0.0636
mixed,128,96,0.75,4.0,1024,4096,1024,4096,3328,5805.94,7089.82,5330.9,-0.37
mixed,128,96,0.75,4.0,1024,4096,2048,8192,6656,13665.4,16747.4,13632.9,-0.0105
mixed,128,96,0.75,4.0,1024,4096,4096,16384,13312,27097.3,33344.8,27342.1,0.0392
mixed,128,96,0.75,4.0,1024,8192,128,512,416,1704.52,1815.53,1731.75,0.2453
mixed,128,96,0.75,4.0,1024,8192,256,1024,832,2062.63,2263.59,2140.2,0.386
mixed,128,96,0.75,4.0,1024,8192,512,2048,1664,2826.47,3277.29,2826.76,0.0006
mixed,128,96,0.75,4.0,1024,8192,1024,4096,3328,6544.38,8323.45,6025.65,-0.2916
mixed,128,96,0.75,4.0,1024,8192,2048,8192,6656,12797.5,14846.2,13324.5,0.2573
mixed,128,96,0.75,4.0,1024,8192,4096,16384,13312,27121,33310.3,27262.5,0.0229
mixed,128,96,0.75,4.0,2048,0,128,512,416,1079.97,1173.35,1154.08,0.7937
mixed,128,96,0.75,4.0,2048,0,256,1024,832,1406.12,1613.99,1454.47,0.2326
mixed,128,96,0.75,4.0,2048,0,512,2048,1664,2195.31,2647.53,2201.19,0.013
mixed,128,96,0.75,4.0,2048,0,1024,4096,3328,5633.27,6849.94,4579.35,-0.8662
mixed,128,96,0.75,4.0,2048,0,2048,8192,6656,11004.6,14143.7,13393.1,0.7609
mixed,128,96,0.75,4.0,2048,0,4096,16384,13312,24019.8,31539.5,26733.9,0.3609
mixed,128,96,0.75,4.0,2048,512,128,512,416,1180.39,1274.34,1216.23,0.3815
mixed,128,96,0.75,4.0,2048,512,256,1024,832,1503.91,1747.49,1560.84,0.2337
mixed,128,96,0.75,4.0,2048,512,512,2048,1664,2274.7,2705.61,2258.02,-0.0387
mixed,128,96,0.75,4.0,2048,512,1024,4096,3328,6366.59,7776.22,5094.9,-0.9021
mixed,128,96,0.75,4.0,2048,512,2048,8192,6656,12160.7,15023.6,13426.5,0.4421
mixed,128,96,0.75,4.0,2048,512,4096,16384,13312,24719.6,31738.8,26764.9,0.2914
mixed,128,96,0.75,4.0,2048,1024,128,512,416,1286.66,1378.47,1320.23,0.3656
mixed,128,96,0.75,4.0,2048,1024,256,1024,832,1609.48,1819.53,1671.46,0.2951
mixed,128,96,0.75,4.0,2048,1024,512,2048,1664,2344.36,2818.28,2327.95,-0.0346
mixed,128,96,0.75,4.0,2048,1024,1024,4096,3328,6782.46,8288.83,6038.29,-0.494
mixed,128,96,0.75,4.0,2048,1024,2048,8192,6656,12942.5,16039.7,13485.7,0.1754
mixed,128,96,0.75,4.0,2048,1024,4096,16384,13312,25780.9,31923.3,26862.6,0.1761
mixed,128,96,0.75,4.0,2048,2048,128,512,416,1487.01,1645.19,1516.84,0.1885
mixed,128,96,0.75,4.0,2048,2048,256,1024,832,1813.77,2006.18,1880.07,0.3446
mixed,128,96,0.75,4.0,2048,2048,512,2048,1664,2522.35,2990.89,2524.94,0.0055
mixed,128,96,0.75,4.0,2048,2048,1024,4096,3328,7101.08,8728.54,7031.01,-0.0431
mixed,128,96,0.75,4.0,2048,2048,2048,8192,6656,13939.8,17119.1,14051.9,0.0353
mixed,128,96,0.75,4.0,2048,2048,4096,16384,13312,27547.8,33884,27885.6,0.0533
mixed,128,96,0.75,4.0,2048,4096,128,512,416,1892.77,2062.09,1914.44,0.128
mixed,128,96,0.75,4.0,2048,4096,256,1024,832,2196.2,2387.91,2253.45,0.2986
mixed,128,96,0.75,4.0,2048,4096,512,2048,1664,2944.39,3353.07,2958.03,0.0334
mixed,128,96,0.75,4.0,2048,4096,1024,4096,3328,6639.83,8252.19,6503.13,-0.0848
mixed,128,96,0.75,4.0,2048,4096,2048,8192,6656,14012.2,17153.6,14042.9,0.0098
mixed,128,96,0.75,4.0,2048,4096,4096,16384,13312,27656.5,33990.5,27863.9,0.0327
mixed,128,96,0.75,4.0,2048,8192,128,512,416,2687.3,2773.61,2707.43,0.2332
mixed,128,96,0.75,4.0,2048,8192,256,1024,832,3119.72,3208.2,3028.07,-1.0358
mixed,128,96,0.75,4.0,2048,8192,512,2048,1664,3700.72,4101.23,3723.92,0.0579
mixed,128,96,0.75,4.0,2048,8192,1024,4096,3328,7258.84,8782.91,7189.94,-0.0452
mixed,128,96,0.75,4.0,2048,8192,2048,8192,6656,13504,16565.8,14152.6,0.2118
mixed,128,96,0.75,4.0,2048,8192,4096,16384,13312,27770.5,34034.6,27830.1,0.0095
pure,128,115,0.8984,4.0,0,0,128,512,473,336.832,374.017,342.53,0.1532
pure,128,115,0.8984,4.0,0,0,256,1024,946,627.875,676.897,637.123,0.1886
pure,128,115,0.8984,4.0,0,0,512,2048,1892,1122.98,1209.96,1135.04,0.1387
pure,128,115,0.8984,4.0,0,0,1024,4096,3784,2122.41,2278.99,2120.78,-0.0104
pure,128,115,0.8984,4.0,0,0,2048,8192,7568,4077.39,4389.94,4053.71,-0.0758
pure,128,115,0.8984,4.0,0,0,4096,16384,15136,7960.96,8601.48,7947.97,-0.0203
mixed,128,115,0.8984,4.0,16,0,128,512,473,537.09,621.251,581.249,0.5247
mixed,128,115,0.8984,4.0,16,0,256,1024,946,974.339,1067.36,1005.7,0.3371
mixed,128,115,0.8984,4.0,16,0,512,2048,1892,2022.09,2376.36,2091.49,0.1959
mixed,128,115,0.8984,4.0,16,0,1024,4096,3784,6024.37,6504.09,5670.61,-0.7374
mixed,128,115,0.8984,4.0,16,0,2048,8192,7568,11907.7,12880.4,12924.1,1.0449
mixed,128,115,0.8984,4.0,16,0,4096,16384,15136,26323.3,30950.8,29544.1,0.696
mixed,128,115,0.8984,4.0,16,512,128,512,473,547.298,629.954,584.194,0.4464
mixed,128,115,0.8984,4.0,16,512,256,1024,946,977.955,1072.9,1012.55,0.3644
mixed,128,115,0.8984,4.0,16,512,512,2048,1892,2035.49,2340.36,2110.6,0.2464
mixed,128,115,0.8984,4.0,16,512,1024,4096,3784,6026.42,6515.19,5664.12,-0.7413
mixed,128,115,0.8984,4.0,16,512,2048,8192,7568,11924.7,12887.3,13019.5,1.1374
mixed,128,115,0.8984,4.0,16,512,4096,16384,15136,25478.1,30472.1,29598.3,0.825
mixed,128,115,0.8984,4.0,16,1024,128,512,473,565.378,637.347,591.427,0.3619
mixed,128,115,0.8984,4.0,16,1024,256,1024,946,982.627,1075.78,1011.39,0.3088
mixed,128,115,0.8984,4.0,16,1024,512,2048,1892,2030.95,2340.59,2100.9,0.2259
mixed,128,115,0.8984,4.0,16,1024,1024,4096,3784,6036.53,6521.69,5679.64,-0.7356
mixed,128,115,0.8984,4.0,16,1024,2048,8192,7568,11913.7,12878.6,12956.7,1.0809
mixed,128,115,0.8984,4.0,16,1024,4096,16384,15136,25884.8,31120.8,29558.8,0.7017
mixed,128,115,0.8984,4.0,16,2048,128,512,473,630.72,701.315,653.091,0.3169
mixed,128,115,0.8984,4.0,16,2048,256,1024,946,996.675,1082.18,1051.52,0.6415
mixed,128,115,0.8984,4.0,16,2048,512,2048,1892,2099.88,2483.21,2147.59,0.1245
mixed,128,115,0.8984,4.0,16,2048,1024,4096,3784,6031.57,6546.97,5679.7,-0.6827
mixed,128,115,0.8984,4.0,16,2048,2048,8192,7568,12007.1,13015.3,13236,1.2189
mixed,128,115,0.8984,4.0,16,2048,4096,16384,15136,26772.7,30731.2,29605.9,0.7157
mixed,128,115,0.8984,4.0,16,4096,128,512,473,760.771,836.61,786.818,0.3435
mixed,128,115,0.8984,4.0,16,4096,256,1024,946,1131.53,1207.97,1167.97,0.4768
mixed,128,115,0.8984,4.0,16,4096,512,2048,1892,2176.65,2536.07,2227.11,0.1404
mixed,128,115,0.8984,4.0,16,4096,1024,4096,3784,6079.32,6563.35,5659.8,-0.8667
mixed,128,115,0.8984,4.0,16,4096,2048,8192,7568,12440.6,13489.3,13293.8,0.8136
mixed,128,115,0.8984,4.0,16,4096,4096,16384,15136,28100.6,30565.5,29643.4,0.6259
mixed,128,115,0.8984,4.0,16,8192,128,512,473,1010.56,1087.65,1036.84,0.3408
mixed,128,115,0.8984,4.0,16,8192,256,1024,946,1430.47,1513.86,1425,-0.0656
mixed,128,115,0.8984,4.0,16,8192,512,2048,1892,2564.94,2882.44,2567.95,0.0095
mixed,128,115,0.8984,4.0,16,8192,1024,4096,3784,6409.46,6895.19,5874.74,-1.1009
mixed,128,115,0.8984,4.0,16,8192,2048,8192,7568,12054.1,13041.7,13058.2,1.0167
mixed,128,115,0.8984,4.0,16,8192,4096,16384,15136,27728,31239.2,29713.2,0.5654
mixed,128,115,0.8984,4.0,32,0,128,512,473,537.921,619.394,580.962,0.5283
mixed,128,115,0.8984,4.0,32,0,256,1024,946,973.891,1068.29,1008.16,0.3631
mixed,128,115,0.8984,4.0,32,0,512,2048,1892,2031.56,2389.99,2094.34,0.1752
mixed,128,115,0.8984,4.0,32,0,1024,4096,3784,6005.3,6513.43,5659.06,-0.6814
mixed,128,115,0.8984,4.0,32,0,2048,8192,7568,11935.4,12873.4,13026.6,1.1633
mixed,128,115,0.8984,4.0,32,0,4096,16384,15136,26425.9,30541.9,29552.9,0.7597
mixed,128,115,0.8984,4.0,32,512,128,512,473,547.107,633.826,583.362,0.4181
mixed,128,115,0.8984,4.0,32,512,256,1024,946,979.202,1071.65,1011.59,0.3503
mixed,128,115,0.8984,4.0,32,512,512,2048,1892,2049.77,2321.03,2106.09,0.2076
mixed,128,115,0.8984,4.0,32,512,1024,4096,3784,6033.52,6524.38,5663.51,-0.7538
mixed,128,115,0.8984,4.0,32,512,2048,8192,7568,11910.6,12872,13042.7,1.1775
mixed,128,115,0.8984,4.0,32,512,4096,16384,15136,26210.3,31139,29558.5,0.6793
mixed,128,115,0.8984,4.0,32,1024,128,512,473,565.762,638.209,588.546,0.3145
mixed,128,115,0.8984,4.0,32,1024,256,1024,946,983.907,1077.41,1012.9,0.3101
mixed,128,115,0.8984,4.0,32,1024,512,2048,1892,2024.2,2341.45,2106.54,0.2595
mixed,128,115,0.8984,4.0,32,1024,1024,4096,3784,6032.92,6535.71,5687.61,-0.6868
mixed,128,115,0.8984,4.0,32,1024,2048,8192,7568,11937.5,12900.3,12939,1.0402
mixed,128,115,0.8984,4.0,32,1024,4096,16384,15136,25884.9,31447.1,29559.9,0.6607
mixed,128,115,0.8984,4.0,32,2048,128,512,473,630.083,702.466,656.706,0.3678
mixed,128,115,0.8984,4.0,32,2048,256,1024,946,998.435,1084.87,1025,0.3073
mixed,128,115,0.8984,4.0,32,2048,512,2048,1892,2056.97,2428.84,2154.76,0.263
mixed,128,115,0.8984,4.0,32,2048,1024,4096,3784,6036.31,6550.97,5664.02,-0.7234
mixed,128,115,0.8984,4.0,32,2048,2048,8192,7568,12091.7,13025.6,13228.8,1.2175
mixed,128,115,0.8984,4.0,32,2048,4096,16384,15136,28549.3,31117.3,29577.1,0.4002
mixed,128,115,0.8984,4.0,32,4096,128,512,473,757.314,839.875,788.803,0.3814
mixed,128,115,0.8984,4.0,32,4096,256,1024,946,1136.36,1209.38,1166.47,0.4124
mixed,128,115,0.8984,4.0,32,4096,512,2048,1892,2175.3,2529.7,2241.32,0.1863
mixed,128,115,0.8984,4.0,32,4096,1024,4096,3784,6091.09,6570.39,5666.1,-0.8867
mixed,128,115,0.8984,4.0,32,4096,2048,8192,7568,12410.6,13481.9,13302.4,0.8324
mixed,128,115,0.8984,4.0,32,4096,4096,16384,15136,28217.9,31273.8,29654.2,0.47
mixed,128,115,0.8984,4.0,32,8192,128,512,473,1012.48,1089.35,1043.14,0.3988
mixed,128,115,0.8984,4.0,32,8192,256,1024,946,1430.21,1516.29,1428.39,-0.0212
mixed,128,115,0.8984,4.0,32,8192,512,2048,1892,2507.02,2814.31,2495.53,-0.0374
mixed,128,115,0.8984,4.0,32,8192,1024,4096,3784,6413.46,6878.81,5903.57,-1.0957
mixed,128,115,0.8984,4.0,32,8192,2048,8192,7568,12122.9,13077.5,13116.7,1.041
mixed,128,115,0.8984,4.0,32,8192,4096,16384,15136,27748.2,31665.9,29730.9,0.5061
mixed,128,115,0.8984,4.0,64,0,128,512,473,538.306,621.825,581.697,0.5195
mixed,128,115,0.8984,4.0,64,0,256,1024,946,977.187,1072.96,1012.87,0.3725
mixed,128,115,0.8984,4.0,64,0,512,2048,1892,2008.58,2351.01,2098.31,0.262
mixed,128,115,0.8984,4.0,64,0,1024,4096,3784,6026.55,6519.29,5660.6,-0.7427
mixed,128,115,0.8984,4.0,64,0,2048,8192,7568,11915.6,12925.2,13019.3,1.0932
mixed,128,115,0.8984,4.0,64,0,4096,16384,15136,25759.5,30944.1,29558.8,0.7328
mixed,128,115,0.8984,4.0,64,512,128,512,473,548.932,633.473,585.058,0.4273
mixed,128,115,0.8984,4.0,64,512,256,1024,946,979.971,1076.29,1014.92,0.3628
mixed,128,115,0.8984,4.0,64,512,512,2048,1892,2050.98,2338.86,2114.34,0.2201
mixed,128,115,0.8984,4.0,64,512,1024,4096,3784,6030.74,6532.44,5658.93,-0.7411
mixed,128,115,0.8984,4.0,64,512,2048,8192,7568,11909.6,12934.7,13029.5,1.0924
mixed,128,115,0.8984,4.0,64,512,4096,16384,15136,26483.9,29503.5,29548.1,1.0148
mixed,128,115,0.8984,4.0,64,1024,128,512,473,567.139,641.442,592.769,0.3449
mixed,128,115,0.8984,4.0,64,1024,256,1024,946,984.323,1080.77,1015.2,0.3202
mixed,128,115,0.8984,4.0,64,1024,512,2048,1892,2008.13,2389.38,2152.46,0.3786
mixed,128,115,0.8984,4.0,64,1024,1024,4096,3784,6046.55,6532.22,5671.55,-0.7721
mixed,128,115,0.8984,4.0,64,1024,2048,8192,7568,11949.2,12915.4,12741.4,0.8199
mixed,128,115,0.8984,4.0,64,1024,4096,16384,15136,26281.8,31167,29573.7,0.6738
mixed,128,115,0.8984,4.0,64,2048,128,512,473,636.129,710.436,658.113,0.2959
mixed,128,115,0.8984,4.0,64,2048,256,1024,946,999.396,1083.33,1064.32,0.7736
mixed,128,115,0.8984,4.0,64,2048,512,2048,1892,2089.67,2495.08,2207.46,0.2905
mixed,128,115,0.8984,4.0,64,2048,1024,4096,3784,6044.09,6559.41,5693.81,-0.6797
mixed,128,115,0.8984,4.0,64,2048,2048,8192,7568,12017.7,13010,13131.5,1.1224
mixed,128,115,0.8984,4.0,64,2048,4096,16384,15136,28000.8,31315.5,29609.8,0.4854
mixed,128,115,0.8984,4.0,64,4096,128,512,473,768.194,842.401,790.658,0.3027
mixed,128,115,0.8984,4.0,64,4096,256,1024,946,1136.64,1217.51,1166.82,0.3732
mixed,128,115,0.8984,4.0,64,4096,512,2048,1892,2186.98,2499.05,2251.75,0.2075
mixed,128,115,0.8984,4.0,64,4096,1024,4096,3784,6083.93,6581.18,5666.29,-0.8399
mixed,128,115,0.8984,4.0,64,4096,2048,8192,7568,12404.7,13484.3,13344.3,0.8703
mixed,128,115,0.8984,4.0,64,4096,4096,16384,15136,28635,31325.1,29659.5,0.3808
mixed,128,115,0.8984,4.0,64,8192,128,512,473,1014.18,1094.18,1042.05,0.3484
mixed,128,115,0.8984,4.0,64,8192,256,1024,946,1434.89,1520.23,1430.85,-0.0473
mixed,128,115,0.8984,4.0,64,8192,512,2048,1892,2506.34,2799.02,2491.43,-0.051
mixed,128,115,0.8984,4.0,64,8192,1024,4096,3784,6396.54,6890.23,5872.18,-1.0621
mixed,128,115,0.8984,4.0,64,8192,2048,8192,7568,12081.9,13071,12945.5,0.8731
mixed,128,115,0.8984,4.0,64,8192,4096,16384,15136,28187.8,31386.3,29735.4,0.4838
mixed,128,115,0.8984,4.0,128,0,128,512,473,555.459,635.235,597.569,0.5279
mixed,128,115,0.8984,4.0,128,0,256,1024,946,994.276,1086.85,1026.21,0.345
mixed,128,115,0.8984,4.0,128,0,512,2048,1892,2037.74,2340.1,2105.45,0.2239
mixed,128,115,0.8984,4.0,128,0,1024,4096,3784,6024.24,6527.77,5689.59,-0.6646
mixed,128,115,0.8984,4.0,128,0,2048,8192,7568,11945.2,12890.2,13093.6,1.2153
mixed,128,115,0.8984,4.0,128,0,4096,16384,15136,26877.7,31116.6,29558.6,0.6325
mixed,128,115,0.8984,4.0,128,512,128,512,473,566.402,652.516,601.251,0.4047
mixed,128,115,0.8984,4.0,128,512,256,1024,946,999.971,1091.72,1028.35,0.3094
mixed,128,115,0.8984,4.0,128,512,512,2048,1892,2063.75,2321.16,2119.69,0.2173
mixed,128,115,0.8984,4.0,128,512,1024,4096,3784,6038.39,6535.29,5670.87,-0.7396
mixed,128,115,0.8984,4.0,128,512,2048,8192,7568,11958.5,12918.2,13009.7,1.0953
mixed,128,115,0.8984,4.0,128,512,4096,16384,15136,26983,31018.5,29560.4,0.6387
mixed,128,115,0.8984,4.0,128,1024,128,512,473,585.955,661.027,612.195,0.3495
mixed,128,115,0.8984,4.0,128,1024,256,1024,946,1010.47,1102.02,1034.95,0.2674
mixed,128,115,0.8984,4.0,128,1024,512,2048,1892,2021.09,2344.01,2123.94,0.3185
mixed,128,115,0.8984,4.0,128,1024,1024,4096,3784,6055.13,6541.94,5685.91,-0.7584
mixed,128,115,0.8984,4.0,128,1024,2048,8192,7568,11959.4,12925.6,13051.2,1.1299
mixed,128,115,0.8984,4.0,128,1024,4096,16384,15136,28585.5,31445.8,29568.4,0.3436
mixed,128,115,0.8984,4.0,128,2048,128,512,473,656.003,732.865,682.21,0.341
mixed,128,115,0.8984,4.0,128,2048,256,1024,946,1037.95,1116.87,1062.56,0.3118
mixed,128,115,0.8984,4.0,128,2048,512,2048,1892,2079.56,2434.03,2177.67,0.2768
mixed,128,115,0.8984,4.0,128,2048,1024,4096,3784,6086.65,6613.37,5708.12,-0.7186
mixed,128,115,0.8984,4.0,128,2048,2048,8192,7568,12052.2,13264.9,13249.7,0.9875
mixed,128,115,0.8984,4.0,128,2048,4096,16384,15136,28416.8,31474.5,29627.7,0.396
mixed,128,115,0.8984,4.0,128,4096,128,512,473,790.212,865.187,821.794,0.4212
mixed,128,115,0.8984,4.0,128,4096,256,1024,946,1197.41,1274.5,1196.71,-0.0092
mixed,128,115,0.8984,4.0,128,4096,512,2048,1892,2231.56,2536.36,2253.7,0.0727
mixed,128,115,0.8984,4.0,128,4096,1024,4096,3784,6285.37,6790.65,5643.03,-1.2712
mixed,128,115,0.8984,4.0,128,4096,2048,8192,7568,13340.1,15004.4,14215.8,0.5262
mixed,128,115,0.8984,4.0,128,4096,4096,16384,15136,29321.3,31783.5,29732.2,0.1669
mixed,128,115,0.8984,4.0,128,8192,128,512,473,1046.91,1127.97,1084.23,0.4603
mixed,128,115,0.8984,4.0,128,8192,256,1024,946,1456.74,1517.64,1482.21,0.4183
mixed,128,115,0.8984,4.0,128,8192,512,2048,1892,2469.39,2818.76,2509.22,0.114
mixed,128,115,0.8984,4.0,128,8192,1024,4096,3784,6396.06,6869.46,5988.57,-0.8608
mixed,128,115,0.8984,4.0,128,8192,2048,8192,7568,12529.6,13534.2,12921.7,0.3904
mixed,128,115,0.8984,4.0,128,8192,4096,16384,15136,29508.2,31656.9,29821.5,0.1458
mixed,128,115,0.8984,4.0,256,0,128,512,473,580.996,664.609,626.112,0.5396
mixed,128,115,0.8984,4.0,256,0,256,1024,946,1019.65,1112.16,1051.04,0.3393
mixed,128,115,0.8984,4.0,256,0,512,2048,1892,2064.07,2340.26,2134.66,0.2556
mixed,128,115,0.8984,4.0,256,0,1024,4096,3784,6043.64,6538.71,5675.67,-0.7433
mixed,128,115,0.8984,4.0,256,0,2048,8192,7568,11946.9,12896.9,13075.7,1.1882
mixed,128,115,0.8984,4.0,256,0,4096,16384,15136,25783.2,30831.7,29560.6,0.7482
mixed,128,115,0.8984,4.0,256,512,128,512,473,596.322,696.162,656.676,0.6045
mixed,128,115,0.8984,4.0,256,512,256,1024,946,1061.09,1142.5,1058.79,-0.0283
mixed,128,115,0.8984,4.0,256,512,512,2048,1892,2082.12,2344.74,2159.69,0.2954
mixed,128,115,0.8984,4.0,256,512,1024,4096,3784,6053.98,6537.46,5675.32,-0.7832
mixed,128,115,0.8984,4.0,256,512,2048,8192,7568,11937.3,12936.8,13146.1,1.2093
mixed,128,115,0.8984,4.0,256,512,4096,16384,15136,26357.2,30835.6,29573.5,0.7182
mixed,128,115,0.8984,4.0,256,1024,128,512,473,628.386,706.178,658.659,0.3892
mixed,128,115,0.8984,4.0,256,1024,256,1024,946,1049.12,1142.95,1070.56,0.2285
mixed,128,115,0.8984,4.0,256,1024,512,2048,1892,2069.83,2419.3,2201.77,0.3775
mixed,128,115,0.8984,4.0,256,1024,1024,4096,3784,6053.33,6551.96,5685.11,-0.7385
mixed,128,115,0.8984,4.0,256,1024,2048,8192,7568,11962,12929.7,13102.8,1.1789
mixed,128,115,0.8984,4.0,256,1024,4096,16384,15136,26879.6,30297.9,29602.7,0.7966
mixed,128,115,0.8984,4.0,256,2048,128,512,473,707.81,792.771,735.97,0.3314
mixed,128,115,0.8984,4.0,256,2048,256,1024,946,1102.76,1176.77,1107.72,0.067
mixed,128,115,0.8984,4.0,256,2048,512,2048,1892,2200.97,2554.86,2225.86,0.0704
mixed,128,115,0.8984,4.0,256,2048,1024,4096,3784,6266.81,6988.92,5786.42,-0.6652
mixed,128,115,0.8984,4.0,256,2048,2048,8192,7568,12572.4,13742.5,14102.9,1.3081
mixed,128,115,0.8984,4.0,256,2048,4096,16384,15136,28962.3,31346.1,29672.8,0.298
mixed,128,115,0.8984,4.0,256,4096,128,512,473,898.016,988.099,899.427,0.0157
mixed,128,115,0.8984,4.0,256,4096,256,1024,946,1289.32,1377,1265.03,-0.277
mixed,128,115,0.8984,4.0,256,4096,512,2048,1892,2183.62,2524.74,2253.07,0.2036
mixed,128,115,0.8984,4.0,256,4096,1024,4096,3784,6298.62,6790.55,5901.88,-0.8065
mixed,128,115,0.8984,4.0,256,4096,2048,8192,7568,14484.1,15700.7,14869.9,0.3171
mixed,128,115,0.8984,4.0,256,4096,4096,16384,15136,29398.1,32088.1,29963.7,0.2103
mixed,128,115,0.8984,4.0,256,8192,128,512,473,1148.2,1241.73,1190.47,0.4519
mixed,128,115,0.8984,4.0,256,8192,256,1024,946,1601.7,1703.91,1581.06,-0.2019
mixed,128,115,0.8984,4.0,256,8192,512,2048,1892,2402.47,2701.06,2570.51,0.5628
mixed,128,115,0.8984,4.0,256,8192,1024,4096,3784,6388.79,6903.39,6031.03,-0.6952
mixed,128,115,0.8984,4.0,256,8192,2048,8192,7568,12512.9,13529.2,14422.3,1.8789
mixed,128,115,0.8984,4.0,256,8192,4096,16384,15136,29803.7,32220.7,29947.2,0.0594
mixed,128,115,0.8984,4.0,512,0,128,512,473,632.771,715.554,676.45,0.5276
mixed,128,115,0.8984,4.0,512,0,256,1024,946,1073.32,1167.24,1098.5,0.2681
mixed,128,115,0.8984,4.0,512,0,512,2048,1892,2114.34,2388.26,2194.82,0.2938
mixed,128,115,0.8984,4.0,512,0,1024,4096,3784,6067.25,6559.86,5699.51,-0.7465
mixed,128,115,0.8984,4.0,512,0,2048,8192,7568,11982,12922.8,13165.5,1.2579
mixed,128,115,0.8984,4.0,512,0,4096,16384,15136,25583.3,30364.8,29604.3,0.8409
mixed,128,115,0.8984,4.0,512,512,128,512,473,657.728,741.251,696.674,0.4663
mixed,128,115,0.8984,4.0,512,512,256,1024,946,1101.67,1189.35,1116.2,0.1657
mixed,128,115,0.8984,4.0,512,512,512,2048,1892,2129.67,2385.61,2217.51,0.3432
mixed,128,115,0.8984,4.0,512,512,1024,4096,3784,6078.04,6565.91,5686.61,-0.8023
mixed,128,115,0.8984,4.0,512,512,2048,8192,7568,11977.5,12932.7,13100.6,1.1757
mixed,128,115,0.8984,4.0,512,512,4096,16384,15136,25764.1,31500.2,29589.3,0.6669
mixed,128,115,0.8984,4.0,512,1024,128,512,473,707.905,786.85,743.235,0.4475
mixed,128,115,0.8984,4.0,512,1024,256,1024,946,1130.08,1217.73,1137,0.0789
mixed,128,115,0.8984,4.0,512,1024,512,2048,1892,2165.96,2473.99,2252.1,0.2796
mixed,128,115,0.8984,4.0,512,1024,1024,4096,3784,6085.24,6573.21,5723.57,-0.7412
mixed,128,115,0.8984,4.0,512,1024,2048,8192,7568,12018.1,12950.2,13553.8,1.6475
mixed,128,115,0.8984,4.0,512,1024,4096,16384,15136,27327.1,30219.9,29656.8,0.8053
mixed,128,115,0.8984,4.0,512,2048,128,512,473,803.843,892.164,840.323,0.413
mixed,128,115,0.8984,4.0,512,2048,256,1024,946,1235.59,1337.7,1222.95,-0.1238
mixed,128,115,0.8984,4.0,512,2048,512,2048,1892,2147.18,2462.12,2229,0.2598
mixed,128,115,0.8984,4.0,512,2048,1024,4096,3784,6888.28,7917.25,5905.72,-0.9549
mixed,128,115,0.8984,4.0,512,2048,2048,8192,7568,14539.2,15659.6,14817,0.248
mixed,128,115,0.8984,4.0,512,2048,4096,16384,15136,28256.3,32027.5,29730.7,0.391
mixed,128,115,0.8984,4.0,512,4096,128,512,473,988.164,1071.68,1039.72,0.6173
mixed,128,115,0.8984,4.0,512,4096,256,1024,946,1419.62,1516.39,1431.97,0.1276
mixed,128,115,0.8984,4.0,512,4096,512,2048,1892,2226.05,2437.64,2327.78,0.4808
mixed,128,115,0.8984,4.0,512,4096,1024,4096,3784,6346.1,6854.23,6049.84,-0.583
mixed,128,115,0.8984,4.0,512,4096,2048,8192,7568,15110.6,16325.7,14964,-0.1207
mixed,128,115,0.8984,4.0,512,4096,4096,16384,15136,30027.3,32619.9,30298.4,0.1046
mixed,128,115,0.8984,4.0,512,8192,128,512,473,1333.09,1417.6,1401.25,0.8065
mixed,128,115,0.8984,4.0,512,8192,256,1024,946,1781.51,1878.41,1805.26,0.2451
mixed,128,115,0.8984,4.0,512,8192,512,2048,1892,2625.07,2986.28,2600.46,-0.0681
mixed,128,115,0.8984,4.0,512,8192,1024,4096,3784,6513.43,7086.46,6434.68,-0.1374
mixed,128,115,0.8984,4.0,512,8192,2048,8192,7568,12571.6,13562.6,14433.6,1.8789
mixed,128,115,0.8984,4.0,512,8192,4096,16384,15136,30124,32590.9,30349.7,0.0915
mixed,128,115,0.8984,4.0,1024,0,128,512,473,757.121,847.171,806.688,0.5504
mixed,128,115,0.8984,4.0,1024,0,256,1024,946,1206.85,1297.57,1223.81,0.187
mixed,128,115,0.8984,4.0,1024,0,512,2048,1892,2184.78,2518.95,2283.72,0.2961
mixed,128,115,0.8984,4.0,1024,0,1024,4096,3784,6102.07,6606.27,5734.55,-0.7289
mixed,128,115,0.8984,4.0,1024,0,2048,8192,7568,11997.5,12957.7,13898.1,1.9795
mixed,128,115,0.8984,4.0,1024,0,4096,16384,15136,29044.5,30486,29638.6,0.4121
mixed,128,115,0.8984,4.0,1024,512,128,512,473,821.443,899.203,866.725,0.5823
mixed,128,115,0.8984,4.0,1024,512,256,1024,946,1254.76,1343.4,1266.6,0.1336
mixed,128,115,0.8984,4.0,1024,512,512,2048,1892,2137.54,2537.35,2279.11,0.3541
mixed,128,115,0.8984,4.0,1024,512,1024,4096,3784,6117.43,6608.09,5785.2,-0.6771
mixed,128,115,0.8984,4.0,1024,512,2048,8192,7568,12083.1,12974.9,14530.6,2.7444
mixed,128,115,0.8984,4.0,1024,512,4096,16384,15136,26620.7,30959.4,29643.8,0.6968
mixed,128,115,0.8984,4.0,1024,1024,128,512,473,884.77,969.89,935.332,0.594
mixed,128,115,0.8984,4.0,1024,1024,256,1024,946,1303.59,1399.43,1313.54,0.1038
mixed,128,115,0.8984,4.0,1024,1024,512,2048,1892,2140.36,2428.07,2317.45,0.6155
mixed,128,115,0.8984,4.0,1024,1024,1024,4096,3784,6159.8,6632.79,5802.71,-0.755
mixed,128,115,0.8984,4.0,1024,1024,2048,8192,7568,12201.7,13081.5,14746.3,2.8921
mixed,128,115,0.8984,4.0,1024,1024,4096,16384,15136,28684.6,30896.8,29652.1,0.4374
mixed,128,115,0.8984,4.0,1024,2048,128,512,473,1013.99,1093.76,1067.11,0.6659
mixed,128,115,0.8984,4.0,1024,2048,256,1024,946,1431.49,1517.35,1459.49,0.3261
mixed,128,115,0.8984,4.0,1024,2048,512,2048,1892,2271.46,2511.21,2335.4,0.2667
mixed,128,115,0.8984,4.0,1024,2048,1024,4096,3784,7247.42,8426.62,6709.98,-0.4558
mixed,128,115,0.8984,4.0,1024,2048,2048,8192,7568,15201.9,16150.6,15102.2,-0.1051
mixed,128,115,0.8984,4.0,1024,2048,4096,16384,15136,29710.8,32874.4,30383.5,0.2127
mixed,128,115,0.8984,4.0,1024,4096,128,512,473,1251.27,1340.42,1317.92,0.7477
mixed,128,115,0.8984,4.0,1024,4096,256,1024,946,1686.02,1762.57,1726.41,0.5276
mixed,128,115,0.8984,4.0,1024,4096,512,2048,1892,2510.38,2838.54,2528.49,0.0552
mixed,128,115,0.8984,4.0,1024,4096,1024,4096,3784,6563.86,7092.73,6406.97,-0.2967
mixed,128,115,0.8984,4.0,1024,4096,2048,8192,7568,15485.7,16747.2,15539.4,0.0426
mixed,128,115,0.8984,4.0,1024,4096,4096,16384,15136,30807.6,33279.7,30896.5,0.0359
mixed,128,115,0.8984,4.0,1024,8192,128,512,473,1728.96,1820.68,1783.94,0.5994
mixed,128,115,0.8984,4.0,1024,8192,256,1024,946,2176.23,2260.97,2212.58,0.429
mixed,128,115,0.8984,4.0,1024,8192,512,2048,1892,3016.94,3276.59,3055.69,0.1492
mixed,128,115,0.8984,4.0,1024,8192,1024,4096,3784,7425.05,8322.65,7499.65,0.0831
mixed,128,115,0.8984,4.0,1024,8192,2048,8192,7568,12986.1,14843.2,14824,0.9897
mixed,128,115,0.8984,4.0,1024,8192,4096,16384,15136,30741.1,33303.3,30944.5,0.0794
mixed,128,115,0.8984,4.0,2048,0,128,512,473,1096.23,1171.01,1147.94,0.6914
mixed,128,115,0.8984,4.0,2048,0,256,1024,946,1516.81,1615.81,1553.09,0.3665
mixed,128,115,0.8984,4.0,2048,0,512,2048,1892,2374.63,2636.33,2517,0.544
mixed,128,115,0.8984,4.0,2048,0,1024,4096,3784,6366.87,6853.43,6114.55,-0.5186
mixed,128,115,0.8984,4.0,2048,0,2048,8192,7568,12622.5,13582.4,14972.9,2.4485
mixed,128,115,0.8984,4.0,2048,0,4096,16384,15136,28374.5,31482.9,29754.9,0.4441
mixed,128,115,0.8984,4.0,2048,512,128,512,473,1197.64,1276.36,1252.58,0.698
mixed,128,115,0.8984,4.0,2048,512,256,1024,946,1595.65,1688.07,1638.5,0.4636
mixed,128,115,0.8984,4.0,2048,512,512,2048,1892,2454.51,2708.4,2498.41,0.1729
mixed,128,115,0.8984,4.0,2048,512,1024,4096,3784,7165.82,7790.85,7178.72,0.0206
mixed,128,115,0.8984,4.0,2048,512,2048,8192,7568,13639.8,14854.1,14986.3,1.1089
mixed,128,115,0.8984,4.0,2048,512,4096,16384,15136,28461.5,31783.7,29741.5,0.3853
mixed,128,115,0.8984,4.0,2048,1024,128,512,473,1297.25,1379.81,1355.46,0.705
mixed,128,115,0.8984,4.0,2048,1024,256,1024,946,1700.16,1785.73,1745.51,0.5299
mixed,128,115,0.8984,4.0,2048,1024,512,2048,1892,2534.18,2827.34,2583.75,0.1691
mixed,128,115,0.8984,4.0,2048,1024,1024,4096,3784,7673.5,8274.2,7639.16,-0.0572
mixed,128,115,0.8984,4.0,2048,1024,2048,8192,7568,14750.7,16001.6,15051.2,0.2402
mixed,128,115,0.8984,4.0,2048,1024,4096,16384,15136,29542,31881.8,29793.3,0.1074
mixed,128,115,0.8984,4.0,2048,2048,128,512,473,1500.39,1579.27,1555.78,0.7022
mixed,128,115,0.8984,4.0,2048,2048,256,1024,946,1909.22,1998.82,1947.02,0.4218
mixed,128,115,0.8984,4.0,2048,2048,512,2048,1892,2692.94,2991.85,2752.36,0.1988
mixed,128,115,0.8984,4.0,2048,2048,1024,4096,3784,8090.17,8732.09,8060.15,-0.0468
mixed,128,115,0.8984,4.0,2048,2048,2048,8192,7568,15824.3,17127,15843.6,0.0149
mixed,128,115,0.8984,4.0,2048,2048,4096,16384,15136,31269.2,33862.4,31362,0.0358
mixed,128,115,0.8984,4.0,2048,4096,128,512,473,1890.02,1969.51,1953.8,0.8023
mixed,128,115,0.8984,4.0,2048,4096,256,1024,946,2287.78,2381.55,2339.85,0.5553
mixed,128,115,0.8984,4.0,2048,4096,512,2048,1892,3108.33,3358.35,3185.23,0.3076
mixed,128,115,0.8984,4.0,2048,4096,1024,4096,3784,7469.37,8189.12,7777.15,0.4276
mixed,128,115,0.8984,4.0,2048,4096,2048,8192,7568,15886.3,17152.3,15901.3,0.0118
mixed,128,115,0.8984,4.0,2048,4096,4096,16384,15136,31402.6,33964.8,31450.4,0.0187
mixed,128,115,0.8984,4.0,2048,8192,128,512,473,2687.63,2758.99,2741.77,0.7587
mixed,128,115,0.8984,4.0,2048,8192,256,1024,946,3064.49,3162.7,3103.43,0.3965
mixed,128,115,0.8984,4.0,2048,8192,512,2048,1892,3849,4100.53,3929.87,0.3215
mixed,128,115,0.8984,4.0,2048,8192,1024,4096,3784,8146.98,8847.36,8184.7,0.0539
mixed,128,115,0.8984,4.0,2048,8192,2048,8192,7568,14900.9,16619.5,15894.4,0.5781
mixed,128,115,0.8984,4.0,2048,8192,4096,16384,15136,31488.4,34031.8,31526.2,0.0148
pure,256,1,0.0039,4.0,0,0,128,512,129,210.914,692.67,217.087,0.0128
pure,256,1,0.0039,4.0,0,0,256,1024,259,399.3,1228.97,411.521,0.0147
pure,256,1,0.0039,4.0,0,0,512,2048,518,701.76,2286.44,744.866,0.0272
pure,256,1,0.0039,4.0,0,0,1024,4096,1036,1239.01,4397.36,1358.12,0.0377
pure,256,1,0.0039,4.0,0,0,2048,8192,2072,2303.46,8578.79,2540.59,0.0378
pure,256,1,0.0039,4.0,0,0,4096,16384,4144,4439.89,16971.5,4930.39,0.0391
pure,256,2,0.0078,4.0,0,0,128,512,131,214.302,692.164,217.666,0.007
pure,256,2,0.0078,4.0,0,0,256,1024,262,400.61,1227.24,417.25,0.0201
pure,256,2,0.0078,4.0,0,0,512,2048,524,704.196,2280.49,750.112,0.0291
pure,256,2,0.0078,4.0,0,0,1024,4096,1048,1244.9,4395.22,1376.04,0.0416
pure,256,2,0.0078,4.0,0,0,2048,8192,2096,2325.13,8577.44,2571.05,0.0393
pure,256,2,0.0078,4.0,0,0,4096,16384,4192,4495.35,16957.1,4967.99,0.0379
pure,256,3,0.0117,4.0,0,0,128,512,132,215.488,693.923,218.751,0.0068
pure,256,3,0.0117,4.0,0,0,256,1024,265,401.793,1229.22,423.808,0.0266
pure,256,3,0.0117,4.0,0,0,512,2048,530,712.548,2278.92,756.323,0.0279
pure,256,3,0.0117,4.0,0,0,1024,4096,1060,1257.73,4391.92,1377.51,0.0382
pure,256,3,0.0117,4.0,0,0,2048,8192,2120,2347.17,8574.98,2604.68,0.0413
pure,256,3,0.0117,4.0,0,0,4096,16384,4240,4536.63,16964.3,5002.61,0.0375
pure,256,4,0.0156,4.0,0,0,128,512,134,218.178,692.515,222.208,0.0085
pure,256,4,0.0156,4.0,0,0,256,1024,268,404.612,1230.53,422.083,0.0212
pure,256,4,0.0156,4.0,0,0,512,2048,536,716.132,2279.05,761.666,0.0291
pure,256,4,0.0156,4.0,0,0,1024,4096,1072,1268.04,4402.61,1386.47,0.0378
pure,256,4,0.0156,4.0,0,0,2048,8192,2144,2377.99,8578.37,2623.66,0.0396
pure,256,4,0.0156,4.0,0,0,4096,16384,4288,4590.93,16956.4,5065.52,0.0384
pure,256,16,0.0625,4.0,0,0,128,512,152,238.721,692.673,245.22,0.0143
pure,256,16,0.0625,4.0,0,0,256,1024,304,448.286,1229.12,468.739,0.0262
pure,256,16,0.0625,4.0,0,0,512,2048,608,786.595,2281.35,820.708,0.0228
pure,256,16,0.0625,4.0,0,0,1024,4096,1216,1422.53,4403.03,1489.92,0.0226
pure,256,16,0.0625,4.0,0,0,2048,8192,2432,2681.1,8578.63,2801.93,0.0205
pure,256,16,0.0625,4.0,0,0,4096,16384,4864,5183.7,16950.9,5435.6,0.0214
pure,256,32,0.125,4.0,0,0,128,512,176,269.311,693.953,277.186,0.0185
pure,256,32,0.125,4.0,0,0,256,1024,352,514.402,1231.27,526.115,0.0163
pure,256,32,0.125,4.0,0,0,512,2048,704,887.843,2285,912.642,0.0177
pure,256,32,0.125,4.0,0,0,1024,4096,1408,1622.89,4393.39,1684.52,0.0222
pure,256,32,0.125,4.0,0,0,2048,8192,2816,3081.19,8574.24,3189.71,0.0198
pure,256,32,0.125,4.0,0,0,4096,16384,5632,5964.79,16952.1,6175.74,0.0192
pure,256,64,0.25,4.0,0,0,128,512,224,334.725,691.971,342.434,0.0216
pure,256,64,0.25,4.0,0,0,256,1024,448,623.523,1228.42,629.54,0.0099
pure,256,64,0.25,4.0,0,0,512,2048,896,1094.82,2283.69,1099.85,0.0042
pure,256,64,0.25,4.0,0,0,1024,4096,1792,2019.37,4393.43,2033.45,0.0059
pure,256,64,0.25,4.0,0,0,2048,8192,3584,3872.53,8590.63,3947.09,0.0158
pure,256,64,0.25,4.0,0,0,4096,16384,7168,7534.43,16958.8,7697.79,0.0173
pure,256,128,0.5,4.0,0,0,128,512,320,469.797,692.708,479.745,0.0446
pure,256,128,0.5,4.0,0,0,256,1024,640,826.436,1230.21,825.793,-0.0016
pure,256,128,0.5,4.0,0,0,512,2048,1280,1487.62,2282.51,1496.13,0.0107
pure,256,128,0.5,4.0,0,0,1024,4096,2560,2814.76,4392.24,2830.38,0.0099
pure,256,128,0.5,4.0,0,0,2048,8192,5120,5444.5,8570.5,5482.58,0.0122
pure,256,128,0.5,4.0,0,0,4096,16384,10240,10688.4,16954.1,10737.4,0.0078
pure,256,192,0.75,4.0,0,0,128,512,416,586.784,693.666,601.379,0.1366
pure,256,192,0.75,4.0,0,0,256,1024,832,1018.53,1226.34,1049.92,0.1511
pure,256,192,0.75,4.0,0,0,512,2048,1664,1886.92,2283.62,1946.79,0.1509
pure,256,192,0.75,4.0,0,0,1024,4096,3328,3606.45,4395.06,3710.99,0.1326
pure,256,192,0.75,4.0,0,0,2048,8192,6656,7011.65,8573.6,7279.65,0.1716
pure,256,192,0.75,4.0,0,0,4096,16384,13312,13840.9,16969.1,14368.1,0.1685
pure,256,230,0.8984,4.0,0,0,128,512,473,643.071,691.299,656.261,0.2735
pure,256,230,0.8984,4.0,0,0,256,1024,946,1137.09,1229.41,1147.94,0.1175
pure,256,230,0.8984,4.0,0,0,512,2048,1892,2114.7,2287.24,2134.51,0.1148
pure,256,230,0.8984,4.0,0,0,1024,4096,3784,4073.55,4404.46,4091.95,0.0556
pure,256,230,0.8984,4.0,0,0,2048,8192,7568,7933.25,8579.75,7991.71,0.0904
pure,256,230,0.8984,4.0,0,0,4096,16384,15136,15686.9,16961.8,15773.7,0.0681
mixed,4,1,0.25,1.5,16,0,128,192,144,29.891,30.208,29.729,-0.511
mixed,4,1,0.25,2.0,16,0,128,256,160,29.762,37.09,36.736,0.9517
mixed,4,1,0.25,8.0,16,0,128,1024,352,38.241,85.409,84.159,0.9735
mixed,4,1,0.25,16.0,16,0,128,2048,608,53.599,152.608,150.944,0.9832
mixed,8,1,0.125,1.5,16,0,128,192,136,30.016,30.784,30.178,0.2109
mixed,8,1,0.125,2.0,16,0,128,256,144,30.176,37.568,36.863,0.9046
mixed,8,1,0.125,8.0,16,0,128,1024,240,32.287,88.545,84.447,0.9272
mixed,8,1,0.125,16.0,16,0,128,2048,368,40.096,157.792,151.104,0.9432
mixed,4,2,0.5,1.5,16,0,128,192,160,29.695,30.144,29.953,0.5746
mixed,4,2,0.5,2.0,16,0,128,256,192,30.144,37.087,36.96,0.9817
pure,4,1,0.25,2.0,0,0,128,256,160,44.833,46.238,45.632,0.5687
pure,4,1,0.25,8.0,0,0,128,1024,352,47.646,60.385,50.274,0.2063
pure,4,1,0.25,16.0,0,0,128,2048,608,51.072,81.537,58.305,0.2374
